,year,state,state_po,special,district,dem,rep,totalvotes,dem_cand,rep_cand,dem_inc,rep_inc,dem_funds,rep_funds,2party_votes,dem_pct_2p,rep_pct_2p,dem_tot_funds,rep_tot_funds,tot_funds,dem_funds_2p_pct,rep_funds_2p_pct,dem_poll_avg,dem_effn,rep_poll_avg,rep_effn,seat_number,prev_lean,prev2_lean,dem_2p_prev,dem_2p_prev2,generic_ballot_avg,ics,cvap_white_pct,cvap_aapi_pct,cvap_hisp_pct,cvap_black_pct,cvap_natam_pct,college,urban,rural,urban_pct,rural_pct,dem_2p_12,demo_cluster,district_id
0,2014,Alabama,AL,False,AL-01,48278.0,103758.0,152234,Burton R Leflore,Bradley Byrne,False,True,33474.0,914507.3,152036.0,31.754321344944614,68.24567865505539,33474.0,914507.3,947981.3,3.53108231143378,96.46891768856622,0.0,0.0,0.0,0.0,1,-14.281876827705917,-14.995432148880894,37.681985424303846,38.69341536326269,2.6459423408960583,88.8,69.08663742344024,0.8216169654688066,1.6996897838187048,26.50456787991782,0.9585854607748227,6.9,456228.0,226592.0,66.8152661023403,33.184733897659704,,4,AL01
1,2014,Alabama,AL,False,AL-02,54692.0,113103.0,167952,Erick Wright,Martha Roby,False,True,6674.0,454019.64,167795.0,32.59453499806311,67.40546500193688,6674.0,454019.64,460693.64,1.4486850740982662,98.55131492590174,0.0,0.0,0.0,0.0,2,-15.28896238784015,-18.500155129467075,36.67489986416961,35.18869238267651,2.6459423408960583,88.8,66.8119284820952,0.7369585799277651,1.7213232916314387,29.271262316734393,0.44591546112996416,6.3,373585.0,309235.0,54.71207638909229,45.287923610907704,,4,AL02
2,2014,Alabama,AL,False,AL-03,52816.0,103558.0,156620,Jesse T Smith,Mike Rogers,False,True,2100.0,504511.67,156374.0,33.7754358141379,66.2245641858621,2100.0,504511.67,506611.67,0.4145186785768279,99.58548132142316,0.0,0.0,0.0,0.0,3,-14.821900687773612,-16.778726112561955,37.14196156423615,36.91012139958163,2.6459423408960583,88.8,71.98575401240988,0.5828945083092052,1.51163212370953,24.98258378392822,0.3095792051334416,6.7,343078.0,339741.0,50.24435465328293,49.75564534671707,,4,AL03
3,2014,Alabama,AL,False,AL-04,,132831.0,134752,[],Robert B Aderholt,[],True,[],419784.54,,,,0.0,419784.54,419784.54,0.0,100.0,0.0,0.0,0.0,0.0,4,-27.69835666841436,-27.856598167987315,24.2655055835954,25.832249344156267,2.6459423408960583,88.8,89.17736559319731,0.4215255642162007,1.648497687614315,6.889708357861619,0.7432316697413159,4.7,236405.0,446414.0,34.6219129813318,65.3780870186682,,2,AL04
4,2014,Alabama,AL,False,AL-05,,115338.0,154974,[],Mo Brooks,[],True,[],321615.19,,,,0.0,321615.19,321615.19,0.0,100.0,0.0,0.0,0.0,0.0,5,-16.661365812996344,-16.946410263233787,35.30249643901342,36.7424372489098,2.6459423408960583,88.8,77.74780124018316,1.0837671284206398,2.202891198619542,16.9102260346229,0.7142486553793472,7.9,447466.0,235353.0,65.53215420191881,34.46784579808119,,4,AL05
5,2014,Alabama,AL,False,AL-06,42291.0,135945.0,178449,Mark Lester,Gary Palmer,False,False,143501.09,1618984.26,178236.0,23.727529791961217,76.27247020803878,143501.09,1618984.26,1762485.35,8.141973492148459,91.85802650785152,0.0,0.0,0.0,0.0,6,-27.0454321224302,-28.44519626199496,24.91843012957957,25.24365125014862,2.6459423408960583,88.8,82.65965742877614,1.0632612748843118,1.4539682288347273,13.741642552618766,0.3224223039438839,11.3,472327.0,210492.0,69.17308979392783,30.826910206072178,,1,AL06
6,2014,Alabama,AL,False,AL-07,133687.0,,135899,Terri A Sewell,[],True,[],434075.98,[],,,,434075.98,0.0,434075.98,100.0,0.0,0.0,0.0,0.0,0.0,7,20.790182189035107,18.069965634829657,72.75404444104487,71.75881314697324,2.6459423408960583,88.8,35.83211867754635,0.359239719536141,1.120532126267118,61.888869212221934,0.17144647503322868,5.8,492715.0,190105.0,72.1588412758853,27.8411587241147,,3,AL07
7,2014,Alaska,AK,False,AK-00,114602.0,142572.0,279741,Forrest Dunbar,Don Young,False,True,233131.98,461857.82,257174.0,44.5620474853601,55.437952514639896,233131.98,461857.82,694989.8,33.54466209432138,66.45533790567862,0.0,0.0,0.0,0.0,0,-9.279152733570136,-14.75363242874068,42.684709518439625,38.9352150834029,2.6459423408960583,88.8,68.78786010450546,4.803705473434345,4.887710590810303,3.344598239745981,13.465866177535954,5.4,468893.0,241338.0,66.01978792815295,33.98021207184705,,4,AK00
8,2014,Arizona,AZ,False,AZ-01,97391.0,87723.0,185114,Ann Kirkpatrick,Andy Tobin,True,False,2279416.19,906905.29,185114.0,52.61136380824789,47.38863619175211,2279416.19,906905.29,3186321.48,71.53754585993627,28.462454140063738,0.0,0.0,0.0,0.0,1,-3.247768926759925,-5.287238306796866,48.71609332524984,48.40160920534672,2.6459423408960583,88.8,57.31616361729402,1.2904478887464554,15.900633181835838,2.367245464786544,22.269743231169638,3.6,440755.0,269469.0,62.058589965982556,37.94141003401744,,4,AZ01
9,2014,Arizona,AZ,False,AZ-02,109543.0,109704.0,219351,Ron Barber,Martha Mcsally,True,False,2216333.98,3504797.56,219247.0,49.9632834200696,50.0367165799304,2216333.98,3504797.56,5721131.54,38.739434052586034,61.26056594741396,48.0,0.6462196647285005,46.0,0.6462196647285005,2,-2.758962331095489,-4.1599200474658105,49.20489992091427,49.52892746467777,2.6459423408960583,88.8,70.83204186790046,2.4302092080076494,20.477288054085633,3.683916887859474,1.304051350544106,8.5,633371.0,76853.0,89.17904773705197,10.820952262948028,,1,AZ02
10,2014,Arizona,AZ,False,AZ-03,58192.0,46185.0,104428,Raul M Grijalva,Gabby Saucedo,True,False,304356.29,0,104377.0,55.751746074326725,44.24825392567328,304356.29,0.0,304356.29,100.0,0.0,0.0,0.0,0.0,0.0,3,10.48567440272921,5.132191630180699,62.44953665473897,58.82103914232428,2.6459423408960583,88.8,38.641743303607726,1.7333615180734645,49.97688696448026,5.037247992417996,4.668600883173478,4.1,630678.0,79546.0,88.79987158980829,11.200128410191715,,5,AZ03
11,2014,Arizona,AZ,False,AZ-04,45179.0,122560.0,175179,Mike Weisser,Paul A Gosar,False,True,27759.33,258598.59,167739.0,26.934105962238952,73.06589403776104,27759.33,258598.59,286357.92,9.693927794977698,90.3060722050223,0.0,0.0,0.0,0.0,4,-20.383025015545112,-18.80284336683977,31.58083723646465,34.88600414530381,2.6459423408960583,88.8,82.38059217635617,1.0416744296967575,12.089087291236595,1.7015940916509542,1.7843169402979513,3.4,526419.0,183805.0,74.12013674559013,25.879863254409873,,1,AZ04
12,2014,Arizona,AZ,False,AZ-05,54596.0,124867.0,179463,James Woods,Matt Salmon,False,True,53266.79,501388.41,179463.0,30.42186968901668,69.57813031098333,53266.79,501388.41,554655.2,9.603586155867646,90.39641384413235,0.0,0.0,0.0,0.0,5,-16.81644954837595,-17.009956193997027,35.14741270363381,36.67889131814656,2.6459423408960583,88.8,78.67068141805535,3.816705199352493,12.592114125019203,2.8942839025274028,1.083707172593611,7.8,708174.0,2050.0,99.71135866994075,0.2886413300592489,,1,AZ05
13,2014,Arizona,AZ,False,AZ-06,70198.0,129578.0,199776,W John Williamson,David Schweikert,False,True,2285.22,531076.51,199776.0,35.13835495755246,64.86164504244755,2285.22,531076.51,533361.73,0.4284559373991831,99.57154406260082,0.0,0.0,0.0,0.0,6,-12.488914328921354,-12.042217694119678,39.47494792308841,41.646629818023904,2.6459423408960583,88.8,83.03021763015632,2.786785666000834,9.052340538162873,2.482114872314374,1.4376653077079808,11.9,688035.0,22189.0,96.87577440356844,3.1242255964315486,,1,AZ06
14,2014,Arizona,AZ,False,AZ-07,54235.0,,72454,Ruben Gallego,[],False,[],592533.31,[],,,,592533.31,0.0,592533.31,100.0,0.0,0.0,0.0,0.0,0.0,7,21.04327023005064,11.813132987551723,73.0071324820604,65.5019804996953,2.6459423408960583,88.8,34.901536870799454,2.5274460961712317,46.1387468932208,12.525262020021618,3.7607579573635164,3.6,709714.0,510.0,99.9281916691072,0.07180833089278875,,5,AZ07
15,2014,Arizona,AZ,False,AZ-08,,128710.0,169776,[],Trent Franks,[],True,[],217666.28,,,,0.0,217666.28,217666.28,0.0,100.0,0.0,0.0,0.0,0.0,8,-14.55056795802949,-14.89547195186497,37.41329429398027,38.79337556027861,2.6459423408960583,88.8,77.68783946891973,2.4204133977066986,13.904835546167774,4.063442969221485,0.9516445383222691,6.7,693291.0,16934.0,97.61568517019255,2.3843148298074555,,1,AZ08
16,2014,Arizona,AZ,False,AZ-09,88609.0,67841.0,162062,Kyrsten Sinema,Wendy Rogers,True,False,2287356.11,1180247.96,156450.0,56.63726430169383,43.36273569830617,2287356.11,1180247.96,3467604.07,65.96358937829947,34.03641062170053,0.0,0.0,0.0,0.0,9,0.3534831196822949,-1.71946428481035,52.317345371692056,51.96938322733323,2.6459423408960583,88.8,69.28304054187875,3.6580776772098003,17.562139787288825,5.398387831494722,2.7111762492325364,11.5,710222.0,2.0,99.99971839870238,0.0002816012976187794,,1,AZ09
17,2014,Arkansas,AR,False,AR-01,63555.0,124139.0,196256,Jackie Mcpherson,"Eric A \""Rick\"" Crawford",False,True,240766.83,405876.21,187694.0,33.860965188018795,66.1390348119812,240766.83,405876.21,646643.04,37.23334438115965,62.76665561884034,30.0,0.3806892440428094,52.0,0.3806892440428094,1,-14.626906832057202,-13.3609451758198,37.33695541995256,40.32790233632378,2.6459423408960583,88.8,80.00300040981207,0.30479772847023007,1.5506996077513027,16.81491862303144,0.3768807446870792,4.5,332015.0,396750.0,45.55858198459037,54.441418015409624,,2,AR01
18,2014,Arkansas,AR,False,AR-02,103477.0,123073.0,237330,Patrick Henry Hays,French Hill,False,False,1151010.74,1692042.7,226550.0,45.6751269035533,54.3248730964467,1151010.74,1692042.7,2843053.44,40.48501951479322,59.51498048520678,46.0,0.3806892440428094,41.5,0.3806892440428094,2,-8.022139896959999,-8.529261947857371,43.94172235504976,45.15958556428621,2.6459423408960583,88.8,74.51938191578485,0.8517466530736115,2.356432440880205,20.78956024285774,0.39161810057043583,9.3,514971.0,214221.0,70.62214067076984,29.377859329230162,,4,AR02
19,2014,Arkansas,AR,False,AR-03,,151630.0,190935,[],Steve Womack,[],True,[],431015.71,,,,0.0,431015.71,431015.71,0.0,100.0,0.0,0.0,64.0,0.3806892440428094,3,-19.413765496904134,-19.03304046684314,32.55009675510563,34.65580704530044,2.6459423408960583,88.8,87.12807118990054,1.756850630828518,5.238535065217307,2.7536411864465977,1.2011161260027088,8.1,492974.0,235985.0,67.62712306179085,32.372876938209146,,2,AR03
20,2014,Arkansas,AR,False,AR-04,87742.0,110789.0,206131,James Lee Witt,Bruce Westerman,False,False,834964.36,707291.37,198531.0,44.195616805435925,55.80438319456408,834964.36,707291.37,1542255.73,54.13916406716803,45.86083593283197,39.89526085801526,0.9013725093949716,45.6837913135878,0.9013725093949716,4,-15.240663607237202,-15.262505460514404,36.72319864477256,38.42634205162918,2.6459423408960583,88.8,76.8255766806081,0.35307164929080176,2.1419433196881417,18.977925153253832,0.5628410140765797,3.8,297629.0,431373.0,40.82691131162878,59.17308868837122,,4,AR04
21,2014,California,CA,False,CA-01,84320.0,132052.0,216372,Heidi Hall,Doug Lamalfa,False,True,220972.39,332253.99,216372.0,38.96992217107574,61.030077828924256,220972.39,332253.99,553226.38,39.94248972726138,60.05751027273863,0.0,0.0,0.0,0.0,1,-10.3780989849283,-9.635959041400833,41.58576326708146,44.05288847074275,2.6459423408960583,88.8,83.38154254648481,2.182393995357082,8.757945249167463,1.4946710277462563,1.751106957701978,5.6,440196.0,262709.0,62.62524807762073,37.37475192237927,,2,CA01
22,2014,California,CA,False,CA-02,163124.0,54400.0,217524,Jared Huffman,Dale K Mensing,True,False,510972.28,3575.0,217524.0,74.99126533164157,25.00873466835844,510972.28,3575.0,514547.28,99.30521447902709,0.694785520972922,0.0,0.0,0.0,0.0,2,19.95041989218616,20.02040180988054,71.91428214419592,73.70924932202412,2.6459423408960583,88.8,81.31577922330854,3.2725041872784635,9.179682935379581,1.8503875667043197,2.060920032719199,6.9,543569.0,159336.0,77.33178736813652,22.66821263186348,,1,CA02
23,2014,California,CA,False,CA-03,79224.0,71036.0,150260,John Garamendi,Dan Logue,True,False,691334.84,683111.57,150260.0,52.724610674830295,47.275389325169705,691334.84,683111.57,1374446.41,50.299148440425554,49.700851559574446,0.0,0.0,0.0,0.0,3,3.79103829263682,2.443902821420167,55.75490054464658,56.13275033356375,2.6459423408960583,88.8,59.77552215086214,10.312624818517838,18.695779892516068,7.153620027600081,1.1534551879066839,8.2,610254.0,92652.0,86.81872113767702,13.181278862322984,,6,CA03
24,2014,California,CA,False,CA-04,,211134.0,211134,[],"['Arthur \\""Art\\"" Moore', 'Tom Mcclintock']",[],"[False, True]",[],"[161313.57, 1411424.99]",,,,0.0,1572738.56,1572738.56,0.0,100.0,0.0,0.0,0.0,0.0,4,-11.377167042208598,-9.245654144695358,40.58669520980117,44.443193367448224,2.6459423408960583,88.8,83.11452323626948,3.80078438498463,8.674230379018459,1.247936825209346,1.255886673026545,6.1,461298.0,241608.0,65.62726737287774,34.37273262712226,,2,CA04
25,2014,California,CA,False,CA-05,129613.0,,171148,Mike Thompson,[],True,[],665177.79,[],,,,665177.79,0.0,665177.79,100.0,0.0,0.0,0.0,0.0,0.0,5,19.78941363295472,18.798381664108888,71.75327588496448,72.48722917625247,2.6459423408960583,88.8,63.102291062952595,10.635047557501528,16.04562084472593,6.729013245750909,1.0188409916828056,6.2,648164.0,54741.0,92.21217660992596,7.78782339007405,,1,CA05
26,2014,California,CA,False,CA-06,97008.0,36448.0,133456,Doris O Matsui,Joseph Mccray Sr,True,False,265087.72,1202.43,133456.0,72.68912600407626,27.31087399592375,265087.72,1202.43,266290.15,99.54845119130393,0.4515488086960784,0.0,0.0,0.0,0.0,6,19.008351763253657,16.039142627712963,70.97221401526342,69.72799013985654,2.6459423408960583,88.8,47.37050993621753,15.473450573438276,19.216707254204533,14.082401689361895,0.9738852088083225,7.5,702192.0,713.0,99.89856381730105,0.10143618269894225,,6,CA06
27,2014,California,CA,False,CA-07,92521.0,91066.0,183587,Ami Bera,Doug Ose,True,False,2732047.4,1246204.48,183587.0,50.39626988839079,49.60373011160921,2732047.4,1246204.48,3978251.88,68.67457070113922,31.325429298860787,0.0,0.0,0.0,0.0,7,0.0536265934755775,-0.9271276958320698,52.01748884548534,52.76171981631151,2.6459423408960583,88.8,62.399500789547076,13.321174107671347,12.656830936601477,7.929781475038474,0.8168351100650698,6.4,684833.0,18071.0,97.42909415795044,2.5709058420495543,,1,CA07
28,2014,California,CA,False,CA-08,37056.0,77480.0,114536,Bob Conaway,Paul Cook,False,True,2742.0,348156.4,114536.0,32.35314660892645,67.64685339107355,2742.0,348156.4,350898.4,0.7814227708077323,99.21857722919228,0.0,0.0,0.0,0.0,8,-9.142492900235348,-10.17544203839674,42.821369351774415,43.51340547374684,2.6459423408960583,88.8,58.75892993674471,3.0873836173754974,27.333736800277403,8.278323271786677,1.5330308049165533,4.5,600818.0,102087.0,85.47641573185565,14.523584268144344,,6,CA08
29,2014,California,CA,False,CA-09,63475.0,57729.0,121204,Jerry Mcnerney,"Antonio C \""Tony\"" Amador",True,False,752090.63,58495.51,121204.0,52.37038381571565,47.629616184284345,752090.63,58495.51,810586.14,92.78355413281557,7.216445867184455,0.0,0.0,0.0,0.0,9,7.074878185667757,4.2977495755500215,59.03874043767752,57.9865970876936,2.6459423408960583,88.8,46.90319163864006,13.84205213628401,26.645271386604264,9.619049343430456,0.9761407924099565,4.8,652587.0,50317.0,92.84155446547466,7.15844553452534,,6,CA09
30,2014,California,CA,False,CA-10,55123.0,70582.0,125705,Michael Eggman,Jeff Denhem,False,True,948431.37,990179.52,125705.0,43.85107990931149,56.14892009068851,948431.37,990179.52,1938610.89,48.92324575768786,51.07675424231213,0.0,0.0,0.0,0.0,10,-0.116259161802553,-2.2636067338816237,51.84760309020721,51.42524077826196,2.6459423408960583,88.8,57.31485961839466,6.743405733394216,29.08224347047772,3.6845201990944885,0.8698457267607618,3.7,649244.0,53661.0,92.36582468470135,7.634175315298654,,6,CA10
31,2014,California,CA,False,CA-11,117502.0,57160.0,174662,Mark Desaulnier,Tue Phan,False,False,231123.68,111761.02,174662.0,67.27393479978473,32.726065200215274,231123.68,111761.02,342884.7,67.40565560376417,32.59434439623582,0.0,0.0,0.0,0.0,11,17.339191248032776,17.115940562839484,69.30305350004254,70.80478807498307,2.6459423408960583,88.8,58.517773590498166,12.757817627506192,15.425020642347512,10.207058624266931,0.47276268710435504,10.5,698633.0,4273.0,99.39209510233232,0.6079048976676824,,6,CA11
32,2014,California,CA,False,CA-12,160067.0,32197.0,192264,Nancy Pelosi,John Dennis,True,False,1578257.81,621269.2,192264.0,83.25375525319353,16.746244746806475,1578257.81,621269.2,2199527.01,71.75441823740097,28.24558176259904,0.0,0.0,0.0,0.0,12,35.10959378811121,33.0778473696691,87.07345604012097,86.76669488181268,2.6459423408960583,88.8,50.04069847225643,30.00238739306077,10.828801359498158,6.180152304398255,0.37032789997762994,29.5,702905.0,0.0,100.0,0.0,,6,CA12
33,2014,California,CA,False,CA-13,168491.0,21940.0,190431,Barbara Lee,Dakin Sundeen,True,False,839023.69,2750.0,190431.0,88.47876658737286,11.521233412627144,839023.69,2750.0,841773.69,99.67330886761262,0.326691132387376,0.0,0.0,0.0,0.0,13,38.74078339517007,36.035112150863824,90.70464564717985,89.7239596630074,2.6459423408960583,88.8,41.80175495346466,20.305827051506203,13.016177837468215,20.975297166933498,0.7628274159272469,16.5,702865.0,41.0,99.99416707212629,0.005832927873712843,,6,CA13
34,2014,California,CA,False,CA-14,114389.0,34757.0,149146,Jackie Speier,Robin Chew,True,False,636978.86,11573.0,149146.0,76.69598916497928,23.30401083502072,636978.86,11573.0,648551.86,98.21556290039784,1.7844370996021814,0.0,0.0,0.0,0.0,14,23.943189564367188,21.265687011558583,75.90705181637695,74.95453452370216,2.6459423408960583,88.8,43.99735646357325,32.07568284319522,17.181297613215992,4.055041299978042,0.36612557220317227,15.5,697036.0,5869.0,99.16503652698444,0.8349634730155567,,6,CA14
35,2014,California,CA,False,CA-15,99756.0,43150.0,142906,Eric Swalwell,Hugh Bussell,True,False,1225716.96,15287.0,142906.0,69.80532657831023,30.19467342168978,1225716.96,15287.0,1241003.96,98.7681747606994,1.2318252393006064,0.0,0.0,0.0,0.0,15,17.545649848417312,15.196640016201089,69.50951210042707,68.88548752834467,2.6459423408960583,88.8,45.677472156784674,26.81796564805291,16.841080770209143,7.4078989570545355,0.5700255482929095,11.7,697900.0,5004.0,99.28809624073843,0.7119037592615777,,6,CA15
36,2014,California,CA,False,CA-16,46277.0,44943.0,91220,Jim Costa,Johnny Tacherra,True,False,744555.0,304032.93,91220.0,50.731199298399474,49.268800701600526,744555.0,304032.93,1048587.93,71.00549021196535,28.99450978803465,0.0,0.0,0.0,0.0,16,7.837456464761871,5.7565164466471614,59.80131871677163,59.44536395879074,2.6459423408960583,88.8,36.62605554587366,8.866849390305086,44.482643894865255,7.91151106111736,1.272464181413943,2.5,635716.0,67188.0,90.44136894938711,9.558631050612885,,5,CA16
37,2014,California,CA,False,CA-17,134408.0,,134408,"['Michael M Honda', 'Ro Khanna']",[],"[True, False]",[],"[2388248.83, 3405325.0]",[],,,,5793573.83,0.0,5793573.83,100.0,0.0,74.0,0.6795162407551091,0.0,0.0,17,21.82956730373094,17.56780495119301,73.7934295557407,71.2566524633366,2.6459423408960583,88.8,35.97170619148931,43.764496499252836,14.323440734353376,3.223469757334299,0.48547531727395055,18.9,701108.0,1796.0,99.74448857881019,0.25551142118980685,,6,CA17
38,2014,California,CA,False,CA-18,133060.0,63326.0,196386,Anna G Eshoo,Richard B Fox,True,False,721861.09,39255.0,196386.0,67.75432057274958,32.245679427250415,721861.09,39255.0,761116.09,94.84244249783237,5.15755750216764,0.0,0.0,0.0,0.0,18,18.2630657666932,18.102129246173305,70.22692801870296,71.79097675831689,2.6459423408960583,88.8,66.1609882860235,17.442409635492226,11.513625360303788,2.19179068600147,0.4009140756209085,20.6,672328.0,30578.0,95.64977393847826,4.35022606152174,,1,CA18
39,2014,California,CA,False,CA-19,127788.0,,127788,"['Robert Murray', 'Zoe Lofgren']",[],"[False, True]",[],"[0, 678103.84]",[],,,,678103.84,0.0,678103.84,100.0,0.0,0.0,0.0,0.0,0.0,19,20.90131098600709,16.238596311786765,72.86517323801685,69.92744382393035,2.6459423408960583,88.8,35.24257422353658,28.306144848563676,30.39359981014839,3.620415437309036,0.778117776454293,10.2,690969.0,11935.0,98.30204409136952,1.6979559086304816,,6,CA19
40,2014,California,CA,False,CA-20,106034.0,,141044,Sam Farr,[],True,[],359873.9,[],,,,359873.9,0.0,359873.9,100.0,0.0,0.0,0.0,0.0,0.0,20,21.056195401318263,19.71276522217416,73.02005765332802,73.40161273431774,2.6459423408960583,88.8,55.29270557220583,6.495855602753631,32.68493440643476,3.0292825839102133,0.8372981320145667,5.9,633498.0,69408.0,90.12556444247168,9.874435557528319,,6,CA20
41,2014,California,CA,False,CA-21,33470.0,45907.0,79377,Amanda Renteria,David G Valadao,False,True,1215389.38,1366015.78,79377.0,42.16586668682364,57.83413331317636,1215389.38,1366015.78,2581405.16,47.08247271032804,52.91752728967195,42.0,0.6795162407551091,47.0,0.6795162407551091,21,3.686514041097368,-0.0427662729842097,55.65037629310713,53.64608123915937,2.6459423408960583,88.8,31.697779982929763,3.9376729543031477,55.165223965670506,7.056092569130038,1.3880644180023094,2.3,599099.0,103805.0,85.23198046959472,14.76801953040529,,5,CA21
42,2014,California,CA,False,CA-22,37289.0,96053.0,133342,"Suzanna \""Sam\"" Aguilera-Marrero",Devin Nunes,False,True,19297.08,638227.29,133342.0,27.96493227940184,72.03506772059815,19297.08,638227.29,657524.37,2.934808332655412,97.0651916673446,0.0,0.0,0.0,0.0,22,-9.607795995990465,-9.854120148004448,42.3560662560193,43.834727364139134,2.6459423408960583,88.8,53.176760316761,7.09323211441353,34.07891912653495,3.4789484980964973,1.0530834491250665,5.3,644488.0,58417.0,91.689204088746,8.31079591125401,,6,CA22
43,2014,California,CA,False,CA-23,33726.0,100317.0,134043,Raul Garcia,Kevin Mccarthy,False,True,2545.0,1538176.55,134043.0,25.16058279805734,74.83941720194267,2545.0,1538176.55,1540721.55,0.1651823458950126,99.834817654105,0.0,0.0,0.0,0.0,23,-14.962487975757703,-16.253229639970186,37.00137427625206,37.4356178721734,2.6459423408960583,88.8,58.60420261685281,4.141889103431759,27.947808348354897,6.651185367178362,1.3020114997829624,4.8,611979.0,90925.0,87.06437863492027,12.935621365079728,,6,CA23
44,2014,California,CA,False,CA-24,103228.0,95566.0,198794,Lois Capps,Chris Mitchum,True,False,1226405.3,251923.49,198794.0,51.92712053683712,48.07287946316287,1226405.3,251923.49,1478328.79,82.958899826337,17.04110017366299,40.5,0.4298846293473761,41.5,0.4298846293473761,24,3.6789265208288384,4.152034615931086,55.6427887728386,57.84088212807467,2.6459423408960583,88.8,69.04628609981523,4.528536361790744,21.63866450934191,2.3554213037870073,0.9652592788547312,8.3,635616.0,67288.0,90.42714225555694,9.572857744443052,,1,CA24
45,2014,California,CA,False,CA-25,,114072.0,114072,[],"['Steve Knight', 'Tony Strickland']",[],"[False, False]",[],"[382588.03, 1305235.5]",,,,0.0,1687823.53,1687823.53,0.0,100.0,0.0,0.0,0.0,0.0,25,-2.8902361598561868,-2.9199535381410016,49.073626092153575,50.76889397400258,2.6459423408960583,88.8,53.95599797388068,7.436078137732068,27.490254806527624,8.301583456295285,0.6047525711894642,5.9,662686.0,40218.0,94.27830827538327,5.721691724616733,,6,CA25
46,2014,California,CA,False,CA-26,87176.0,82653.0,169829,Julia Brownley,Jeff Gorell,True,False,2396083.74,1037626.0,169829.0,51.33163358437016,48.66836641562984,2396083.74,1037626.0,3433709.74,69.78119647352604,30.218803526473963,0.0,0.0,0.0,0.0,26,3.2853618440153696,4.0397923132854885,55.24922409602513,57.72863982542907,2.6459423408960583,88.8,57.883587683589475,6.748426375912343,31.06383264888905,2.2546312070727903,0.7227014328497391,7.5,680202.0,22703.0,96.7701182947909,3.2298817052090962,,6,CA26
47,2014,California,CA,False,CA-27,75728.0,51852.0,127580,Judy Chu,Jack Orswell,True,False,788305.14,157789.57,127580.0,59.357266029158176,40.642733970841824,788305.14,157789.57,946094.71,83.32201117581558,16.67798882418442,0.0,0.0,0.0,0.0,27,12.18393406737897,9.426338331807044,64.14779631938873,63.11518584395063,2.6459423408960583,88.8,34.82358157326211,33.886224702135095,24.081622409563465,5.434871265055327,0.3302290271105692,14.8,701455.0,1450.0,99.79371323294043,0.20628676705955998,,6,CA27
48,2014,California,CA,False,CA-28,91996.0,,120264,Adam B Schiff,[],True,[],467175.94,[],,,,467175.94,0.0,467175.94,100.0,0.0,0.0,0.0,0.0,0.0,28,20.631975051145176,18.42152854421033,72.59583730315494,72.11037605635391,2.6459423408960583,88.8,62.65232496826889,12.336681165370676,19.253750940470557,3.1395564522011696,0.4245403938617753,18.9,701940.0,964.0,99.86285467147718,0.13714532852281391,,6,CA28
49,2014,California,CA,False,CA-29,50096.0,17045.0,67141,Tony Cardenas,William O'Callaghan Leader,True,False,545353.08,0,67141.0,74.6131275971463,25.38687240285369,545353.08,0.0,545353.08,100.0,0.0,0.0,0.0,0.0,0.0,29,26.998995780558914,22.280037535393163,78.96285803256868,75.96888504753674,2.6459423408960583,88.8,28.900576429503094,9.799582053547637,53.84160109956382,6.086871151877253,0.6544087740704899,6.6,702807.0,98.0,99.9860578598815,0.01394214011850819,,5,CA29
50,2014,California,CA,False,CA-30,86568.0,45315.0,131883,Brad Sherman,Mark S Reed,True,False,733147.08,9116.06,131883.0,65.63999909010259,34.36000090989741,733147.08,9116.06,742263.14,98.77185602938602,1.2281439706139792,0.0,0.0,0.0,0.0,30,15.0554664071432,13.667950791200424,67.01932865915296,67.35679830334401,2.6459423408960583,88.8,61.01305909306271,11.072027041162704,19.76092855545961,5.221996377829692,0.45615553591096764,13.2,702053.0,851.0,99.87893083550527,0.12106916449472474,,6,CA30
51,2014,California,CA,False,CA-31,51622.0,48162.0,99784,Pete Aguilar,Paul Chabot,False,False,1497569.09,224502.77,99784.0,51.73374488896015,48.26625511103985,1497569.09,224502.77,1722071.86,86.96321708665515,13.036782913344858,42.0,0.5124070617562123,38.0,0.5124070617562123,31,6.512347095821717,4.285561946105318,58.47620934783148,57.9744094582489,2.6459423408960583,88.8,36.970385532238495,7.285564341512394,41.00284373569878,12.57687079786253,0.9740193210097198,6.9,698961.0,3944.0,99.438899993598,0.5611000064020031,,5,CA31
52,2014,California,CA,False,CA-32,50353.0,34053.0,84406,Grace F Napolitano,Arturo Enrique Alas,True,False,76686.13,60319.64,84406.0,59.65571167926451,40.34428832073549,76686.13,60319.64,137005.77000000002,55.97291997264057,44.02708002735943,0.0,0.0,0.0,0.0,32,14.7902640711729,10.59624764156625,66.75412632318266,64.28509515370983,2.6459423408960583,88.8,24.17269773194325,17.526534335924456,53.2008144877239,3.7458440904965458,0.7686375200447686,6.7,702602.0,303.0,99.95689317902135,0.04310682097865288,,5,CA32
53,2014,California,CA,False,CA-33,108331.0,74700.0,183031,Ted Lieu,Elan Carr,False,False,1686439.43,1526113.05,183031.0,59.18724150553732,40.812758494462685,1686439.43,1526113.05,3212552.48,52.49531145402487,47.504688545975135,0.0,0.0,0.0,0.0,33,10.274047127982,11.854405438673282,62.23790937999176,65.54325295081686,2.6459423408960583,88.8,71.94644366150166,11.876589226546212,10.214542007084635,2.8647567016956197,0.2737332445687318,20.6,689308.0,13596.0,98.06573870685044,1.9342612931495622,,1,CA33
54,2014,California,CA,False,CA-34,61621.0,,61621,"['Adrienne Nicole Edwards', 'Xavier Becerra']",[],"[False, True]",[],"[0, 636641.21]",[],,,,636641.21,0.0,636641.21,100.0,0.0,0.0,0.0,0.0,0.0,34,33.47054601873242,25.951831401653195,85.43440827074218,79.64067891379678,2.6459423408960583,88.8,17.76670410716302,22.195082814812174,51.34280637320449,7.331800055863598,0.6216310981951303,8.7,702904.0,0.0,100.0,0.0,,5,CA34
55,2014,California,CA,False,CA-35,62255.0,,62255,"['Christina Gagnier', 'Norma J Torres']",[],"[False, False]",[],"[61533.28, 134873.75]",[],,,,196407.03,0.0,196407.03,100.0,0.0,0.0,0.0,0.0,0.0,35,16.83158770254029,12.740053486721637,68.79544995455005,66.42890099886522,2.6459423408960583,88.8,22.89044882983196,7.359382365306462,58.31093218503561,9.533843782248098,0.9200820455327228,5.0,701034.0,1871.0,99.73381893712522,0.26618106287478394,,5,CA35
56,2014,California,CA,False,CA-36,72682.0,61457.0,134139,Raul Ruiz,Brian Nestande,True,False,2251391.28,1016724.39,134139.0,54.18409262034159,45.81590737965841,2251391.28,1016724.39,3268115.67,68.8895837031374,31.110416296862592,0.0,0.0,0.0,0.0,36,-0.3476571532390125,-1.8817531915828736,51.61620509877075,51.80709432056071,2.6459423408960583,88.8,57.95118786850138,3.1839407820782255,32.317487681445975,4.617736051931202,1.055463484206925,2.9,645223.0,57682.0,91.7937701396348,8.206229860365198,,6,CA36
57,2014,California,CA,False,CA-37,96787.0,18051.0,114838,Karen Bass,R Adam King,True,False,574135.22,14585.0,114838.0,84.281335446455,15.718664553544995,574135.22,14585.0,588720.22,97.52259231048664,2.477407689513365,0.0,0.0,0.0,0.0,37,35.007065160404764,32.66874767197025,86.97092741241453,86.35759518411383,2.6459423408960583,88.8,32.777419811816536,9.788236476883776,24.56507135708704,30.28986103304407,0.5198122735103666,16.0,702904.0,0.0,100.0,0.0,,3,CA37
58,2014,California,CA,False,CA-38,58192.0,40288.0,98480,Linda T Sanchez,Benjamin Campos,True,False,332989.91,6140.0,98480.0,59.090170593013816,40.90982940698619,332989.91,6140.0,339129.91,98.18948437783033,1.8105156221696876,0.0,0.0,0.0,0.0,38,14.344308172272548,10.075008074036248,66.30817042428231,63.76385558617983,2.6459423408960583,88.8,24.386114029862732,15.338504543213512,54.38180840645085,4.451969990027909,0.92247423876355,6.4,702905.0,0.0,100.0,0.0,,5,CA38
59,2014,California,CA,False,CA-39,41906.0,91319.0,133225,Peter O Anderson,Edward R Royce,False,True,1279.0,2005523.8,133225.0,31.455057234002627,68.54494276599738,1279.0,2005523.8,2006802.8,0.0637332178328633,99.93626678216714,0.0,0.0,0.0,0.0,39,-3.8320026437103607,-4.846633127431986,48.1318596082994,48.8422143847116,2.6459423408960583,88.8,40.920439772365285,27.963599108057615,26.503000404645675,2.6075970073438888,0.34760785529181837,12.2,698748.0,4157.0,99.40859717885063,0.5914028211493729,,6,CA39
60,2014,California,CA,False,CA-40,49379.0,,49379,"['David Sanchez', 'Lucille Roybal-Allard']",[],"[False, True]",[],"[0, 160846.65]",[],,,,160846.65,0.0,160846.65,100.0,0.0,0.0,0.0,0.0,0.0,40,31.17857787367059,25.820097358247068,83.14244012568035,79.50894487039065,2.6459423408960583,88.8,9.932506628813242,3.821946058869218,77.31908026890217,8.435667032702145,0.5513967378203927,3.3,702904.0,0.0,100.0,0.0,,5,CA40
61,2014,California,CA,False,CA-41,46948.0,35936.0,82884,Mark Takano,Steve Adams,True,False,981913.21,225908.99,82884.0,56.64301915930699,43.35698084069301,981913.21,225908.99,1207822.2,81.29617173786009,18.703828262139908,0.0,0.0,0.0,0.0,41,10.918676870369673,6.908980125826524,62.88253912237944,60.597827637970106,2.6459423408960583,88.8,34.739569318401,6.3511605256953985,45.12012458952372,11.575014466386785,1.1325454411235918,4.7,693856.0,9048.0,98.71276874224645,1.287231257753548,,5,CA41
62,2014,California,CA,False,CA-42,38850.0,74540.0,113390,Tim Sheridan,Ken Calvert,False,True,62537.52,543163.2,113390.0,34.26228062439369,65.73771937560632,62537.52,543163.2,605700.72,10.324821803084532,89.67517819691547,0.0,0.0,0.0,0.0,42,-9.700739036547423,-8.524335395157188,42.263123215462336,45.1645121169864,2.6459423408960583,88.8,54.42591172460804,8.7685327198364,28.12137866394001,6.172460804362645,0.7717706203135651,5.2,668969.0,33937.0,95.17190065243433,4.8280993475656775,,6,CA42
63,2014,California,CA,False,CA-43,69681.0,28521.0,98202,Maxine Waters,John Wood Jr,True,False,333104.02,8673.0,98202.0,70.95680332376124,29.04319667623877,333104.02,8673.0,341777.02,97.46238058954344,2.53761941045656,0.0,0.0,0.0,0.0,43,27.61396786087799,23.389838213158683,79.57783011288775,77.07868572530226,2.6459423408960583,88.8,21.002490404334413,14.178396044339342,31.894567246955834,30.22519922026914,0.47561650188773136,6.5,702904.0,0.0,100.0,0.0,,5,CA43
64,2014,California,CA,False,CA-44,59670.0,,68862,Janice Hahn,[],True,[],218627.33,[],,,,218627.33,0.0,218627.33,100.0,0.0,0.0,0.0,0.0,0.0,44,34.1849623791982,29.653829348908214,86.14882463120796,83.3426768610518,2.6459423408960583,88.8,11.305813066063413,7.819505269809314,55.33532290404379,23.813574853722784,0.8069523733973788,3.4,702904.0,0.0,100.0,0.0,,5,CA44
65,2014,California,CA,False,CA-45,56819.0,106083.0,162902,Drew E Leavens,Mimi Walters,False,False,26936.89,817863.95,162902.0,34.87925255675191,65.12074744324808,26936.89,817863.95,844800.84,3.1885491496433644,96.81145085035664,0.0,0.0,0.0,0.0,45,-7.9742124468194575,-6.037934095211021,43.989649805190304,47.65091341693256,2.6459423408960583,88.8,62.534438632447255,19.78893273377994,13.395327969981544,1.8994014662547287,0.33444475033903315,14.1,699759.0,3147.0,99.55228721905917,0.447712780940837,,6,CA45
66,2014,California,CA,False,CA-46,49738.0,33577.0,83315,Loretta Sanchez,Adam Nick,True,False,718983.13,6712.46,83315.0,59.69873372141872,40.30126627858129,718983.13,6712.46,725695.59,99.07503089553018,0.9249691044698232,0.0,0.0,0.0,0.0,46,10.962632663333842,6.255355713853,62.9264949153436,59.94420322599658,2.6459423408960583,88.8,32.82174497189601,16.106182877604734,46.90914155879204,2.824617759631819,0.5710753802091041,5.9,702906.0,0.0,100.0,0.0,,5,CA46
67,2014,California,CA,False,CA-47,69091.0,54309.0,123400,Alan S Lowenthal,Andy Whallon,True,False,361717.37,3227.0,123400.0,55.989465153970826,44.01053484602917,361717.37,3227.0,364944.37,99.11575564242844,0.8842443575715389,0.0,0.0,0.0,0.0,47,9.61314659266965,5.871653955436969,61.57700884467941,59.56050146758055,2.6459423408960583,88.8,42.94406883835279,22.448415137413296,23.286065501799982,8.390552287294758,0.7520414434981122,8.5,702461.0,444.0,99.936833569259,0.06316643074099629,,6,CA47
68,2014,California,CA,False,CA-48,62713.0,112082.0,174795,Suzanne Joyce Savary,Dana Rohracher,False,True,77268.06,766060.59,174795.0,35.87802854772734,64.12197145227266,77268.06,766060.59,843328.6499999999,9.162271434748485,90.83772856525152,0.0,0.0,0.0,0.0,48,-7.941332220787878,-6.149865071107136,44.02253003122188,47.538982441036445,2.6459423408960583,88.8,65.21483283344747,17.624125199757536,13.644325311543035,1.2536507411693394,0.38022813688212925,12.6,702713.0,193.0,99.9725425590335,0.027457440966501923,,6,CA48
69,2014,California,CA,False,CA-49,64981.0,98161.0,163142,Dave Peiser,Darrell E Issa,False,True,77270.32,1859631.76,163142.0,39.83094482107612,60.16905517892389,77270.32,1859631.76,1936902.08,3.989376685474983,96.010623314525,0.0,0.0,0.0,0.0,49,-5.329938914410079,-2.992913260570866,46.63392333759968,50.69593425157272,2.6459423408960583,88.8,71.34697202111957,6.61144210931072,16.730477422982624,2.845849475525198,0.507936376679167,7.6,692897.0,10009.0,98.57605426614654,1.4239457338534598,,1,CA49
70,2014,California,CA,False,CA-50,45302.0,111997.0,157299,James H Kimber,Duncan Hunter,False,True,33498.17,410667.03,157299.0,28.7999287980216,71.2000712019784,33498.17,410667.03,444165.2,7.541826779765726,92.45817322023429,0.0,0.0,0.0,0.0,50,-13.626663415768896,-13.298043171030628,38.33719883624087,40.39080434111296,2.6459423408960583,88.8,69.33945240174859,5.208611400003844,19.58002233787423,2.7533672316625486,1.195054915720439,6.1,628138.0,74767.0,89.36314295672958,10.636857043270426,,1,CA50
71,2014,California,CA,False,CA-51,56373.0,25577.0,81950,Juan Vargas,Stephen Meade,True,False,166694.08,0,81950.0,68.78950579621721,31.2104942037828,166694.08,0.0,166694.08,100.0,0.0,0.0,0.0,0.0,0.0,51,18.651464101842592,13.417588356531963,70.61532635385235,67.10643586867555,2.6459423408960583,88.8,21.593633627505994,9.2478192113452,57.85594041728307,9.702596541345713,0.9891343161760956,3.6,659736.0,43170.0,93.8583537485809,6.141646251419108,,5,CA51
72,2014,California,CA,False,CA-52,98826.0,92746.0,191572,Scott H Peters,Carl Demaio,True,False,2506834.2,2669990.48,191572.0,51.58687073267492,48.41312926732508,2506834.2,2669990.48,5176824.68,48.42416645255215,51.57583354744786,44.327222783011024,1.683033965821596,45.327222783011024,1.683033965821596,52,1.3167899452226877,2.3704872380049338,53.28065219723245,56.05933475014852,2.6459423408960583,88.8,67.29192042224929,15.782147207238559,10.874659242503334,3.25889836243064,0.5069311524853547,18.6,699624.0,3280.0,99.53336444237051,0.4666355576294913,,1,CA52
73,2014,California,CA,False,CA-53,87104.0,60940.0,148044,Susan A Davis,Larry A Wilske,True,False,265462.49,72277.91,148044.0,58.83656210315852,41.16343789684148,265462.49,72277.91,337740.4,78.59956641254642,21.40043358745356,0.0,0.0,0.0,0.0,53,10.818515709295966,8.774583016259285,62.78237796130573,62.46343052840287,2.6459423408960583,88.8,50.35190551936025,12.835984097396514,25.63215225930673,8.349263009015042,0.7131212325904327,10.9,700808.0,2096.0,99.70180849731969,0.29819150268030914,,6,CA53
74,2014,Colorado,CO,False,CO-01,183281.0,80682.0,278494,Diana Degette,Martin Walsh,True,False,396973.16,10871.65,263963.0,69.4343525418335,30.565647458166485,396973.16,10871.65,407844.81,97.33436598102108,2.6656340189789343,0.0,0.0,0.0,0.0,1,18.559016101569327,18.27665983491231,70.52287835357909,71.96550734705589,2.6459423408960583,88.8,68.56961701886043,2.634592272241201,18.005318393882902,8.498452744840117,1.0585685760520862,18.4,718457.0,0.0,100.0,0.0,,1,CO01
75,2014,Colorado,CO,False,CO-02,196300.0,149645.0,345945,Jared Polis,George Leing,True,False,723019.04,244582.34,345945.0,56.74312390697944,43.256876093020566,723019.04,244582.34,967601.38,74.72282025889628,25.27717974110372,0.0,0.0,0.0,0.0,2,7.483289416737797,8.529683175969758,59.44715166874756,62.21853068811334,2.6459423408960583,88.8,88.8454167997445,2.0493984882359206,6.536782710529117,0.8320025550942192,0.44873842222931976,15.0,582221.0,136236.0,81.03769606253401,18.962303937465986,,1,CO02
76,2014,Colorado,CO,False,CO-03,100364.0,163011.0,281141,Abel J Tapia,Scott R Tipton,False,True,203307.35,830038.78,263375.0,38.10688182249644,61.89311817750356,203307.35,830038.78,1033346.13,19.67466119024416,80.32533880975585,0.0,0.0,0.0,0.0,3,-5.051497684032547,-4.421666420234516,46.912364567977214,49.267181091909066,2.6459423408960583,88.8,78.0469003876877,0.6648504039358237,17.887479878781466,1.0003929777891976,1.9754691172358545,6.2,465187.0,253270.0,64.74806425436735,35.25193574563266,,1,CO03
77,2014,Colorado,CO,False,CO-04,83727.0,185292.0,286507,Vic Meyers,Ken Buck,False,False,50024.49,1004309.64,269019.0,31.123080525910808,68.87691947408919,50024.49,1004309.64,1054334.13,4.744652437648015,95.25534756235196,0.0,0.0,0.0,0.0,4,-11.827677539344071,-11.024171324012578,40.13618471266569,42.66467618813101,2.6459423408960583,88.8,80.47100853174138,1.293471533441449,15.0547237956456,1.355951457603748,0.8931299504077844,7.9,523724.0,194732.0,72.89576536350172,27.10423463649827,,1,CO04
78,2014,Colorado,CO,False,CO-05,105673.0,157182.0,262855,Irv Halter,Doug Lamborn,False,True,724999.26,162646.76,262855.0,40.202012516406384,59.797987483593616,724999.26,162646.76,887646.02,81.67661924513557,18.323380754864424,0.0,0.0,0.0,0.0,5,-12.646259632107466,-13.373425878071965,39.317602619902296,40.31542163407162,2.6459423408960583,88.8,78.05211010541215,2.211420270421276,10.963049875218832,5.530599322084404,0.7201922002458375,7.3,620999.0,97458.0,86.43509632448428,13.564903675515724,,1,CO05
79,2014,Colorado,CO,False,CO-06,118847.0,143467.0,276440,Andrew Romanoff,Mike Coffman,False,True,5034788.81,3089051.52,262314.0,45.30715097173616,54.69284902826384,5034788.81,3089051.52,8123840.33,61.97547718173825,38.024522818261744,0.0,0.0,0.0,0.0,6,0.6150388494168624,0.7294288345771491,52.578901101426624,54.41827634672073,2.6459423408960583,88.8,73.23052921871194,4.036549237670365,11.681137997326164,8.62096851794602,0.6004868591036305,10.6,707768.0,10688.0,98.51236540581469,1.4876345941853084,,1,CO06
80,2014,Colorado,CO,False,CO-07,148225.0,120918.0,269143,Ed Perlmutter,Don Ytterberg,True,False,796301.43,190507.29,269143.0,55.07295378293323,44.92704621706676,796301.43,190507.29,986808.72,80.69460817087226,19.305391829127736,0.0,0.0,0.0,0.0,7,5.653375128918157,4.802965167450765,57.61723738092792,58.49181267959435,2.6459423408960583,88.8,74.95162408947915,2.7075182870521157,18.98328205167505,1.4079784808622982,1.049517773596907,9.8,714405.0,4051.0,99.43615197033638,0.5638480296636119,,1,CO07
81,2014,Connecticut,CT,False,CT-01,135825.0,78609.0,217881,John B Larson,Matthew M Corey,True,False,732252.18,18167.28,214434.0,63.34116791180503,36.65883208819497,732252.18,18167.28,750419.4600000001,97.5790499889222,2.420950011077804,0.0,0.0,0.0,0.0,1,12.047961588062606,12.93636392465838,64.01182384007237,66.62521143680196,2.6459423408960583,88.8,71.10395423055967,2.6953763524558263,12.200124542694793,13.186541605043981,0.1951817544952129,14.1,671499.0,43321.0,93.93959318429815,6.060406815701855,,1,CT01
82,2014,Connecticut,CT,False,CT-02,141948.0,80837.0,227936,Joe Courtney,Lori Hopkins-Cavanagh,True,False,582648.75,35338.44,222785.0,63.71524115178311,36.28475884821689,582648.75,35338.44,617987.19,94.28168729516872,5.71831270483131,0.0,0.0,0.0,0.0,2,4.79953938301049,5.736784772125823,56.76340163502025,59.425632284269405,2.6459423408960583,88.8,87.18802516185316,1.9966022315074154,5.443592451444052,3.6172459708893894,0.26851554249506404,10.1,484414.0,230405.0,67.76736488537658,32.23263511462342,,2,CT02
83,2014,Connecticut,CT,False,CT-03,140485.0,69454.0,209939,Rosa L Delauro,James E Brown,True,False,643818.5,12846.0,209939.0,66.91705685937343,33.08294314062656,643818.5,12846.0,656664.5,98.04374989054531,1.956250109454676,0.0,0.0,0.0,0.0,3,11.335587133843696,9.707833597150056,63.29944938585346,63.39668110929364,2.6459423408960583,88.8,74.68182889465001,2.4900595287874525,9.35392639109577,12.392707533470688,0.22085712330745894,14.0,691245.0,23574.0,96.70210221048964,3.297897789510352,,1,CT03
84,2014,Connecticut,CT,False,CT-04,106873.0,91922.0,198800,James A Himes,Dan Debicella,True,False,1586419.27,1258503.0,198795.0,53.76040644885435,46.23959355114565,1586419.27,1258503.0,2844922.27,55.76318505180108,44.23681494819892,0.0,0.0,0.0,0.0,4,3.6110619716896792,6.306363841302073,55.57492422369944,59.99521135344565,2.6459423408960583,88.8,72.47911278563598,3.2838426088529857,12.031461200336324,11.65958896090765,0.17923092478474195,16.8,684527.0,30292.0,95.76228387885605,4.237716121143953,,1,CT04
85,2014,Connecticut,CT,False,CT-05,113564.0,97767.0,213301,Elizabeth H Esty,Mark Greenberg,True,False,1867712.88,294199.86,211331.0,53.73750183361646,46.26249816638354,1867712.88,294199.86,2161912.74,86.39168665059073,13.608313349409284,0.0,0.0,0.0,0.0,5,2.1934832580439263,3.3724250550764268,54.15734551005369,57.06127256722001,2.6459423408960583,88.8,78.73758973725442,2.091532489739411,11.979347440294454,6.195767911663833,0.13295134333801997,12.4,613257.0,101563.0,85.79180772781959,14.208192272180408,,1,CT05
86,2014,Delaware,DE,False,DE-00,137251.0,85146.0,231617,John C Carney Jr,Rose Izzo,True,False,321901.92,8722.95,222397.0,61.7144116152646,38.285588384735405,321901.92,8722.95,330624.87,97.361677601567,2.638322398433004,0.0,0.0,0.0,0.0,0,7.4830926672684015,8.949291137744972,59.44695491927816,62.63813864988855,2.6459423408960583,88.8,71.08711384235752,2.115117686138661,4.805171309258292,20.679898448251315,0.3605027760641579,9.9,747949.0,149985.0,83.29665654714043,16.703343452859563,,1,DE00
87,2014,Florida,FL,False,FL-01,54976.0,165086.0,235343,Jim Bryan,Jeff Miller,False,True,7010.0,259427.83,220062.0,24.98205051303724,75.01794948696276,7010.0,259427.83,266437.83,2.631007766427163,97.36899223357284,0.0,0.0,0.0,0.0,1,-21.426905369801784,-21.312708062685,30.536956882207978,32.376139449458584,2.6459423408960583,88.8,78.08605801705096,2.199463278383263,4.210343757416434,12.78876170655567,0.6679810869525531,6.5,571751.0,124594.0,82.10743237906497,17.892567620935022,,1,FL01
88,2014,Florida,FL,False,FL-02,126096.0,123262.0,249780,Gwen Graham,Steve Southerland Ii,False,True,2987123.46,1490392.46,249358.0,50.56825928985636,49.43174071014365,2987123.46,1490392.46,4477515.92,66.7138545874785,33.286145412521506,0.0,0.0,0.0,0.0,2,-4.9308489880428965,-6.199376290805255,47.03301326396687,47.48947122133833,2.6459423408960583,88.8,68.84824617638978,1.2182434288854291,4.197820313215496,24.018866196538145,0.5068229691363678,9.5,457362.0,238983.0,65.68037395256661,34.31962604743338,,4,FL02
89,2014,Florida,FL,False,FL-03,73910.0,148691.0,228809,Marihelen Wheeler,Ted S Yoho,False,True,73487.49,524174.84,222601.0,33.20290564732414,66.79709435267587,73487.49,524174.84,597662.3300000001,12.295820952945116,87.70417904705488,0.0,0.0,0.0,0.0,3,-14.17395060750126,-13.663926231018706,37.7899116445085,40.02492128112488,2.6459423408960583,88.8,77.07500004661979,2.168192998454088,6.144301290622151,13.039927049359164,0.32820329210279475,10.3,392662.0,303683.0,56.38900257774523,43.61099742225477,,4,FL03
90,2014,Florida,FL,False,FL-04,,177887.0,227253,[],Ander Crenshaw,[],True,[],518382.87,,,,0.0,518382.87,518382.87,0.0,100.0,0.0,0.0,0.0,0.0,4,-16.183031317287593,-16.80097645665164,35.78083093472217,36.88787105549194,2.6459423408960583,88.8,76.20544913958953,3.2524884606903055,5.842274555727071,13.049875672017459,0.32070536169177305,10.7,623725.0,72620.0,89.57126137187744,10.428738628122554,,1,FL04
91,2014,Florida,FL,False,FL-05,112340.0,59237.0,171577,Corrine Brown,Glo Smith,True,False,270973.59,0,171577.0,65.47497624973045,34.525023750269554,270973.59,0.0,270973.59,100.0,0.0,0.0,0.0,0.0,0.0,5,19.78512140623667,17.319350601865423,71.74898365824643,71.008198114009,2.6459423408960583,88.8,37.4466628636623,1.9260488513198153,9.614064201628377,49.861743504641396,0.2611626821552663,5.3,641689.0,54656.0,92.15101709641054,7.848982903589456,,3,FL05
92,2014,Florida,FL,False,FL-06,99563.0,166254.0,265817,David Cox,Ron Desantis,False,True,22886.0,633840.75,265817.0,37.45546748326856,62.54453251673143,22886.0,633840.75,656726.75,3.484858809238393,96.5151411907616,0.0,0.0,0.0,0.0,6,-10.20588060318839,-7.747089638567523,41.75798164882137,45.94175787357606,2.6459423408960583,88.8,83.68985057588493,1.3281944750115857,5.019512273676413,8.618860254187402,0.2703626366351214,6.4,568651.0,127694.0,81.66225075214155,18.33774924785846,,1,FL06
93,2014,Florida,FL,False,FL-07,73011.0,144474.0,227164,Wes Neuman,John L Mica,False,True,15638.38,379340.89,217485.0,33.57059107524657,66.42940892475343,15638.38,379340.89,394979.27,3.959291331922305,96.04070866807768,0.0,0.0,0.0,0.0,7,-4.347975471506508,-4.10562310994753,47.61588678050325,49.58322440219605,2.6459423408960583,88.8,71.00678306864285,2.618381869915775,16.991937178523628,8.297947662652609,0.2283109345035373,9.1,673146.0,23199.0,96.66846175387201,3.331538246127997,,1,FL07
94,2014,Florida,FL,False,FL-08,93724.0,180728.0,274513,Gabriel Rothblatt,Bill Posey,False,True,102016.62,650610.13,274452.0,34.14950519580837,65.85049480419163,102016.62,650610.13,752626.75,13.554742772562896,86.44525722743711,0.0,0.0,0.0,0.0,8,-9.332212975259536,-9.281626888735111,42.631649276750224,44.40722062340847,2.6459423408960583,88.8,81.50560308691466,1.5192950470981463,6.785208289859529,8.688720241037075,0.27493748924595374,7.2,655347.0,40997.0,94.11253633261721,5.887463667382788,,1,FL08
95,2014,Florida,FL,False,FL-09,93850.0,74963.0,173878,Alan Grayson,Carol Platt,True,False,2638097.17,352087.59,168813.0,55.594059699193785,44.405940300806215,2638097.17,352087.59,2990184.76,88.22522291231262,11.774777087687385,0.0,0.0,0.0,0.0,9,10.509233911301123,6.9583168051134905,62.473096163310885,60.64716431725707,2.6459423408960583,88.8,43.87091800298643,3.8194669869505944,40.90254333571382,10.806539310523924,0.3177140816724015,9.3,654182.0,42163.0,93.945099052912,6.054900947088009,,5,FL09
96,2014,Florida,FL,False,FL-10,89426.0,143128.0,232574,Michael Mckenna,Daniel Webster,False,True,12069.84,599948.57,232554.0,38.45386447878772,61.54613552121228,12069.84,599948.57,612018.4099999999,1.972136753206493,98.02786324679352,0.0,0.0,0.0,0.0,10,-5.814289391410284,-6.114064017980375,46.14957286059948,47.574783494163206,2.6459423408960583,88.8,71.71698388874869,3.0888594994905345,12.552013858977693,11.089648838855231,0.30662798397792884,11.0,639488.0,56857.0,91.83493814129491,8.165061858705096,,1,FL10
97,2014,Florida,FL,False,FL-11,90786.0,181508.0,272294,Dave Koller,Richard B Nugent,False,True,23520.75,118541.0,272294.0,33.34116800223288,66.65883199776712,23520.75,118541.0,142061.75,16.55670861438776,83.44329138561224,0.0,0.0,0.0,0.0,11,-11.357801645949152,-10.124826129621267,40.60606060606061,43.56402138252231,2.6459423408960583,88.8,83.64679646894109,0.9352459030684923,6.871197948177891,7.477433967001372,0.3520248840968095,3.4,514274.0,182071.0,73.85333419497519,26.14666580502481,,1,FL11
98,2014,Florida,FL,False,FL-12,,1.0,1,[],Gus M Bilirakis,[],True,[],414330.22,,,,0.0,414330.22,414330.22,0.0,100.0,0.0,0.0,0.0,0.0,12,-6.656176079204535,-6.455166832529919,45.30768617280523,47.23368067961366,2.6459423408960583,88.8,83.29015110058855,2.054692531335038,9.357143123043304,4.2117567351253955,0.26021017835006643,6.4,646116.0,50228.0,92.78689842951185,7.213101570488149,,1,FL12
99,2014,Florida,FL,False,FL-13,,168172.0,223576,[],David W Jolly,[],True,[],1052675.45,,,,0.0,1052675.45,1052675.45,0.0,100.0,0.0,0.0,45.27223234578444,2.577361995272357,13,-1.2202140309823903,-1.7629915679929553,50.74364822102737,51.92585594415063,2.6459423408960583,88.8,84.50849784906184,2.851179911917439,6.182212581344902,5.132489026198353,0.27188004411431743,8.1,695997.0,348.0,99.95002477220343,0.049975227796566365,,1,FL13
100,2014,Florida,FL,False,FL-14,1.0,,1,Kathy Castor,[],True,[],275555.39,[],,,,275555.39,0.0,275555.39,100.0,0.0,0.0,0.0,0.0,0.0,14,13.739410630167171,12.004983507702704,65.70327288217693,65.69383101984629,2.6459423408960583,88.8,49.5272127762594,2.2823037923017515,21.31884226153557,25.943673694783133,0.5264084577492687,8.6,693937.0,2408.0,99.65419440076398,0.3458055992360109,,6,FL14
101,2014,Florida,FL,False,FL-15,84832.0,128750.0,213582,Alan M Cohn,Dennis A Ross,False,True,366352.47,343560.21,213582.0,39.718702886947405,60.2812971130526,366352.47,343560.21,709912.6799999999,51.60528615998238,48.39471384001763,0.0,0.0,0.0,0.0,15,-5.87973691466442,-7.248232355575119,46.08412533734534,46.44061515656846,2.6459423408960583,88.8,70.83435715479197,2.3659612946345208,12.494618794413375,12.770215149936606,0.25397324631669993,8.7,654033.0,42312.0,93.92370161342438,6.07629838657562,,1,FL15
102,2014,Florida,FL,False,FL-16,105483.0,169126.0,274829,Henry Lawrence,Vern Buchanan,False,True,33929.0,1003486.38,274609.0,38.412069524305466,61.58793047569453,33929.0,1003486.38,1037415.38,3.27053180954383,96.72946819045616,0.0,0.0,0.0,0.0,16,-6.6665652587251,-5.047939634064477,45.29729699328466,48.64090787807911,2.6459423408960583,88.8,86.0802464085123,1.2160420087239376,6.043845151014308,5.658013640471216,0.2778277795051102,5.6,667194.0,29151.0,95.813713030179,4.186286969820994,,1,FL16
103,2014,Florida,FL,False,FL-17,82263.0,141493.0,223756,Will Bronson,Thomas J Rooney,False,True,16977.07,186751.58,223756.0,36.764600725790594,63.2353992742094,16977.07,186751.58,203728.65,8.33317748878226,91.66682251121772,0.0,0.0,0.0,0.0,17,-10.38520442358115,-10.135707506462168,41.57865782842861,43.55314000568141,2.6459423408960583,88.8,79.29773059571151,1.1615359962375715,10.381002770618924,8.266722799671546,0.266821411707145,3.1,543534.0,152810.0,78.05538641820709,21.944613581792908,,1,FL17
104,2014,Florida,FL,False,FL-18,151478.0,101896.0,253374,Patrick Murphy,Carl J Domino,True,False,3573412.42,296625.0,253374.0,59.78435040690836,40.215649593091634,3573412.42,296625.0,3870037.42,92.3353454292956,7.664654570704384,0.0,0.0,0.0,0.0,18,-4.05750860160596,-2.1746347330038844,47.9063536504038,51.5142127791397,2.6459423408960583,88.8,77.8312298053731,1.5154503117367757,9.081514236737915,10.597343790294444,0.2235630527449523,7.8,671041.0,25303.0,96.36630745723377,3.633692542766219,,1,FL18
105,2014,Florida,FL,False,FL-19,80824.0,159354.0,246861,April Freeman,Curt Clawson,False,True,206760.66,708227.98,240178.0,33.651708316332055,66.34829168366795,206760.66,708227.98,914988.64,22.59707399208803,77.40292600791196,0.0,0.0,0.0,0.0,19,-12.950924480118816,-10.9870192781799,39.01293777189095,42.70182823396368,2.6459423408960583,88.8,82.70684923232575,1.1093242126006546,9.685682035252235,5.750667255588147,0.2648259095250499,6.5,670565.0,25780.0,96.29781214771414,3.702187852285864,,1,FL19
106,2014,Florida,FL,False,FL-20,128498.0,28968.0,157466,Alcee L Hastings,Jay Bonner,True,False,339639.0,27809.34,157466.0,81.60364777158243,18.39635222841756,339639.0,27809.34,367448.34,92.4317687759863,7.568231224013694,0.0,0.0,0.0,0.0,20,30.987276291527508,27.16066235564112,82.95113854353727,80.8495098677847,2.6459423408960583,88.8,32.63815980015929,1.7800575628122512,15.379271957135618,49.521667511403955,0.30433169212946204,4.2,685616.0,10729.0,98.45924074991564,1.540759250084369,,3,FL20
107,2014,Florida,FL,False,FL-21,153395.0,,153970,Theodore E Deutch,[],True,[],680604.44,[],,,,680604.44,0.0,680604.44,100.0,0.0,0.0,0.0,0.0,0.0,21,8.96692778304702,10.214946261563568,60.93079003505678,63.90379377370715,2.6459423408960583,88.8,70.8116544210793,2.86516341525209,15.196959716240183,9.875449708639474,0.20896883709146186,8.7,692468.0,3877.0,99.44323575239285,0.5567642476071487,,1,FL21
108,2014,Florida,FL,False,FL-22,125404.0,90685.0,216096,Lois Frankel,Paul Spain,True,False,896753.22,20522.0,216089.0,58.03349545789004,41.96650454210996,896753.22,20522.0,917275.22,97.76272163985854,2.237278360141463,0.0,0.0,0.0,0.0,22,2.793104914517123,3.4400639156347665,54.75696716652688,57.12891142777835,2.6459423408960583,88.8,74.8617276798821,1.7591667602603285,13.659354538701471,8.760563768809863,0.17871463391085549,9.9,696345.0,0.0,100.0,0.0,,1,FL22
109,2014,Florida,FL,False,FL-23,103269.0,61519.0,164788,Debbie Wasserman Schultz,"Joseph \""Joe\"" Kaufman",True,False,2203224.42,818234.22,164788.0,62.66779134402991,37.33220865597009,2203224.42,818234.22,3021458.64,72.91923148747786,27.080768512522152,0.0,0.0,0.0,0.0,23,9.89210450847058,8.536557381033532,61.85596676048034,62.22540489317712,2.6459423408960583,88.8,53.31341340111284,2.9196498058668947,32.074109046538055,10.772716591535755,0.3520481527712204,11.7,696079.0,266.0,99.96180054427045,0.038199455729559344,,6,FL23
110,2014,Florida,FL,False,FL-24,129192.0,15239.0,149918,Frederica S Wilson,Dufirston Julio Neree,True,False,78820.0,0.0,144431.0,89.44894101681771,10.55105898318228,78820.0,0.0,78820.0,100.0,0.0,0.0,0.0,0.0,0.0,24,35.82448449578551,32.79136792598608,87.78834674779527,86.48021543812966,2.6459423408960583,88.8,15.087653992314815,1.765330908251326,27.316569796891528,56.86189048021807,0.15714342930783856,6.4,696345.0,0.0,100.0,0.0,,3,FL24
111,2014,Florida,FL,False,FL-25,,1.0,1,[],Mario Diaz-Balart,[],True,[],331568.8,,,,0.0,331568.8,331568.8,0.0,100.0,0.0,0.0,0.0,0.0,25,-3.0141017803232373,-7.893670232122474,48.94976047168653,45.79517728002111,2.6459423408960583,88.8,27.189961861480093,1.7199871870589294,63.55794352295818,7.956285848707194,0.21371585301154164,7.0,661720.0,34624.0,95.02774490768931,4.972255092310697,,5,FL25
112,2014,Florida,FL,False,FL-26,78306.0,83031.0,161337,Joe Garcia,Carlos Curbelo,False,False,2701240.56,1819345.82,161337.0,48.535673776009226,51.46432622399077,2701240.56,1819345.82,4520586.38,59.75420737342486,40.245792626575145,0.0,0.0,0.0,0.0,26,1.4191622413291114,-3.889188777873798,53.38302449333887,49.79965873426978,2.6459423408960583,88.8,24.88511269052654,1.720813297859357,62.29987640322283,11.161654377256419,0.2223410605357931,7.8,680391.0,15954.0,97.708894298085,2.291105701914999,,5,FL26
113,2014,Florida,FL,False,FL-27,,1.0,1,[],Ileana Ros-Lehtinen,[],True,[],592857.23,,,,0.0,592857.23,592857.23,0.0,100.0,0.0,0.0,0.0,0.0,27,1.356335117224873,-4.8843597431533325,53.32019736923464,48.80448776899025,2.6459423408960583,88.8,22.819390320867935,1.629384009697164,67.91320637528425,8.201266241247007,0.10017731384550654,10.1,696186.0,159.0,99.97716649074812,0.022833509251879457,,5,FL27
114,2014,Georgia,GA,False,GA-01,61175.0,95337.0,156512,Brian Corwin Reese,"E L \""Buddy\"" Carter",False,False,32141.87,861994.31,156512.0,39.08645982416684,60.91354017583316,32141.87,861994.31,894136.18,3.59473989745052,96.40526010254948,37.0,0.9507464032720528,60.0,0.9507464032720528,1,-8.473152913952433,-8.999055806960861,43.49070933805733,44.68979170518272,2.6459423408960583,88.8,64.78888546039214,1.3316798922546378,3.548882277712119,29.149079448620096,0.3064299839507538,5.1,491194.0,200780.0,70.98445895366011,29.015541046339894,,4,GA01
115,2014,Georgia,GA,False,GA-02,96363.0,66537.0,162900,Sanford D Bishop Jr,"Gregory P \""Greg\"" Duke",True,False,381057.0,15754.0,162900.0,59.15469613259668,40.84530386740332,381057.0,15754.0,396811.0,96.02984796288408,3.9701520371159065,0.0,0.0,0.0,0.0,2,6.984997034470098,4.489216368012045,58.94885928647986,58.17806388015563,2.6459423408960583,88.8,45.267914681949236,0.767610199854558,2.45990000374444,50.480569312540524,0.1661348904948376,4.6,454994.0,236982.0,65.75285848064095,34.247141519359054,,3,GA02
116,2014,Georgia,GA,False,GA-03,,156277.0,156277,[],Lynn A Westmoreland,[],True,[],401099.0,,,,0.0,401099.0,401099.0,0.0,100.0,0.0,0.0,0.0,0.0,3,-18.58260365022093,-19.47815994874192,33.38125860178883,34.21068756340166,2.6459423408960583,88.8,71.68779616051431,1.2047073336114136,2.9443569128336717,23.007854122475287,0.2089556369588553,5.8,418846.0,273128.0,60.52915282944157,39.47084717055843,,4,GA03
117,2014,Georgia,GA,False,GA-04,161211.0,,161320,"Henry C \""Hank\"" Johnson Jr",[],True,[],118910.13,[],,,,118910.13,0.0,118910.13,100.0,0.0,0.0,0.0,0.0,0.0,4,22.24194518558575,19.89221222808233,74.20580743759551,73.58105974022591,2.6459423408960583,88.8,32.32028215983791,3.043423493820281,3.676874037921633,59.95063910825878,0.23612952537111404,6.5,665005.0,26971.0,96.10232146779657,3.897678532203429,,3,GA04
118,2014,Georgia,GA,False,GA-05,170326.0,,170326,John Lewis,[],True,[],140263.41,[],,,,140263.41,0.0,140263.41,100.0,0.0,0.0,0.0,0.0,0.0,5,32.05342764990732,31.19559566702772,84.01728990191708,84.8844431791713,2.6459423408960583,88.8,32.85863173495243,2.5954008701056557,3.361476311134484,59.99368934359611,0.19199694028780417,12.6,691748.0,228.0,99.96705088037736,0.03294911962264587,,3,GA05
119,2014,Georgia,GA,False,GA-06,71486.0,139018.0,210504,Robert G Montigel,Tom Price,False,True,3165.0,1155443.97,210504.0,33.959449701668376,66.04055029833162,3165.0,1155443.97,1158608.97,0.2731724060448108,99.7268275939552,0.0,0.0,0.0,0.0,6,-13.85655468203521,-13.237494156687715,38.10730756997455,40.451353355455865,2.6459423408960583,88.8,73.84130976867682,6.403201928493757,4.5917453829256685,13.90057077476014,0.22162830204334744,16.8,690381.0,1594.0,99.7696448571119,0.23035514288811013,,1,GA06
120,2014,Georgia,GA,False,GA-07,60112.0,113557.0,173669,Thomas D Wright,Rob Woodall,False,True,7269.0,170412.7,173669.0,34.612970651066114,65.3870293489339,7269.0,170412.7,177681.7,4.091023442481696,95.9089765575183,37.0,0.9507464032720528,61.0,0.9507464032720528,7,-13.080594772525773,-14.255504237464194,38.88326747948399,39.43334327467939,2.6459423408960583,88.8,60.80665606812945,9.147191270914018,8.81312724547753,19.72401782608594,0.33313023361136984,10.5,688847.0,3128.0,99.54796054770765,0.4520394522923516,,6,GA07
121,2014,Georgia,GA,False,GA-08,,129938.0,130057,[],Austin Scott,[],True,[],369043.0,,,,0.0,369043.0,369043.0,0.0,100.0,0.0,0.0,0.0,0.0,8,-14.1479774330709,-15.6433926208351,37.81588481893886,38.04545489130848,2.6459423408960583,88.8,65.73456039001185,0.7988075970402574,2.4942801674404684,29.865008013672465,0.1112463131199767,5.1,392337.0,299639.0,56.698064672763216,43.301935327236784,,4,GA08
122,2014,Georgia,GA,False,GA-09,34988.0,146059.0,181047,David D Vogel,Doug Collins,False,True,13686.07,408511.18,181047.0,19.32536855070783,80.67463144929218,13686.07,408511.18,422197.25,3.2416293568942005,96.7583706431058,0.0,0.0,0.0,0.0,9,-31.196047248534967,-29.15200279922173,20.767815003474794,24.53684471292185,2.6459423408960583,88.8,87.15711423971995,0.8275826077182165,4.009450058009064,7.004042569420191,0.29646847237443746,4.7,295304.0,396671.0,42.67553018533906,57.32446981466094,,2,GA09
123,2014,Georgia,GA,False,GA-10,65777.0,130703.0,196480,"I K \""Kenneth\"" Dious",Jody B Hice,False,False,31795.0,793001.87,196480.0,33.477707654723126,66.52229234527687,31795.0,793001.87,824796.87,3.8548885375862314,96.14511146241377,32.2,0.9507464032720528,60.6,0.9507464032720528,10,-15.205837670881394,-14.587570423161315,36.75802458112837,39.101277088982265,2.6459423408960583,88.8,70.29823953276258,1.47986917042508,2.655127740866039,24.53228814264994,0.12044996388437577,8.4,387704.0,304272.0,56.028532781483754,43.971467218516246,,4,GA10
124,2014,Georgia,GA,False,GA-11,,161532.0,161532,[],Barry D Loudermilk,[],False,[],801114.24,,,,0.0,801114.24,801114.24,0.0,100.0,0.0,0.0,0.0,0.0,11,-19.997883662618943,-18.6628298214779,31.96597858939081,35.02601769066568,2.6459423408960583,88.8,76.34942226031723,2.1169640768276805,4.673469937039728,15.632615118332598,0.37950074844255627,11.1,618339.0,73636.0,89.35857509303082,10.641424906969183,,1,GA11
125,2014,Georgia,GA,False,GA-12,75478.0,91336.0,166814,John Barrow,"R W \""Rick\"" Allen",True,False,1322472.07,1116670.0,166814.0,45.24680182718477,54.75319817281523,1322472.07,1116670.0,2439142.0700000003,54.21873888633309,45.7812611136669,45.12450512389098,2.001483678633347,47.65415069299016,2.001483678633347,12,-7.909349566372022,-9.56706233816476,44.05451268563774,44.12178517397882,2.6459423408960583,88.8,60.495343522131876,1.2801427260995974,2.9244857662588037,34.29021750960059,0.2643075918468882,5.9,414901.0,277074.0,59.95895805484302,40.04104194515698,,4,GA12
126,2014,Georgia,GA,False,GA-13,159445.0,,159445,David Scott,[],True,[],110841.0,[],,,,110841.0,0.0,110841.0,100.0,0.0,0.0,0.0,0.0,0.0,13,17.825764665282946,13.805402411019855,69.78962691729271,67.49424992316344,2.6459423408960583,88.8,35.45975912827375,2.082032328639096,4.493086089339196,57.0668450901676,0.16546655621402323,6.6,649296.0,42680.0,93.83215602853278,6.167843971467218,,3,GA13
127,2014,Georgia,GA,False,GA-14,,118782.0,118782,[],Tom Graves,[],True,[],431922.12,,,,0.0,431922.12,431922.12,0.0,100.0,0.0,0.0,0.0,0.0,14,-26.271011028561425,-25.532475715757613,25.692851223448336,28.15637179638597,2.6459423408960583,88.8,85.81505105453708,0.6991826745949906,3.9960646533004835,8.524183240609814,0.25398628803362333,4.8,413255.0,278719.0,59.72117449499548,40.27882550500452,,2,GA14
128,2014,Hawaii,HI,False,HI-01,93390.0,86454.0,182268,Mark Takai,Charles Djou,False,False,1282614.58,927178.89,179844.0,51.92833789284046,48.07166210715954,1282614.58,927178.89,2209793.47,58.04228301932669,41.95771698067331,47.56994984842676,1.3779099830852195,44.45809024874991,1.3779099830852195,1,18.641285996220702,17.59524883496121,70.60514824823046,71.28409634710479,2.6459423408960583,88.8,19.841395299820846,57.57374936160898,6.825919891047934,2.3511028964712177,0.15929375714389943,9.8,678646.0,1850.0,99.72813947473608,0.2718605252639251,,6,HI01
129,2014,Hawaii,HI,False,HI-02,142010.0,33630.0,187435,Tulsi Gabbard,Kawika Crowley,True,False,1205276.06,0,175640.0,80.85288089273513,19.14711910726486,1205276.06,0.0,1205276.06,100.0,0.0,69.0,0.3421845506975311,19.0,0.3421845506975311,2,20.83931866250316,20.95722203177728,72.80318091451292,74.64606954392086,2.6459423408960583,88.8,34.205823864209336,36.98524873845856,9.092375892961586,1.7643428488449484,0.3307638628378733,6.1,571843.0,107962.0,84.11868109237207,15.881318907627923,,6,HI02
130,2014,Idaho,ID,False,ID-01,77277.0,143580.0,220864,Shirley G Ringo,Raul R Labrador,False,True,175880.27,321323.9,220857.0,34.98960866080767,65.01039133919232,175880.27,321323.9,497204.17,35.37385255638543,64.62614744361456,0.0,0.0,0.0,0.0,1,-18.81773314384441,-17.709418713702874,33.14612910816535,35.97942879844071,2.6459423408960583,88.8,89.90247140967759,1.004385911413999,6.1446322682498,0.3242821271931735,1.250951849070281,6.6,547542.0,236590.0,69.8277840975754,30.172215902424593,,2,ID01
131,2014,Idaho,ID,False,ID-02,82801.0,131492.0,214293,Richard Stallings,Michael K Simpson,False,True,79870.21,924472.77,214293.0,38.63915293546686,61.36084706453314,79870.21,924472.77,1004342.98,7.95248352310881,92.0475164768912,0.0,0.0,0.0,0.0,2,-17.947613240189703,-15.701934817583384,34.01624901182006,37.9869126945602,2.6459423408960583,88.8,88.83769598785616,1.1710913421771576,6.91343650923775,0.6162184268652812,1.299861650212683,6.4,558828.0,224622.0,71.32912119471568,28.670878805284318,,1,ID02
132,2014,Illinois,IL,False,IL-01,162268.0,59749.0,222017,Bobby L Rush,Jimmy Lee Tillman,True,False,23071.0,0,222017.0,73.08809685744785,26.911903142552145,23071.0,0.0,23071.0,100.0,0.0,0.0,0.0,0.0,0.0,1,27.624060241059155,27.61098118297606,79.58792249306892,81.29982869511964,2.6459423408960583,88.8,38.31887618024104,1.4636907960389958,5.70584171336455,53.50982574652644,0.21417056881860752,11.2,705405.0,7408.0,98.96073724805805,1.039262751941954,,3,IL01
133,2014,Illinois,IL,False,IL-02,160337.0,43799.0,204266,Robin L Kelly,Eric M Wallace,True,False,816800.98,21942.0,204136.0,78.5442058235686,21.4557941764314,816800.98,21942.0,838742.98,97.38394233713883,2.6160576628611545,0.0,0.0,0.0,0.0,2,29.360594310205897,27.944589346180408,81.32445656221566,81.63343685832399,2.6459423408960583,88.8,33.71607762235284,0.5931125713093358,8.679364879389288,56.087425541045434,0.21279611337052506,6.9,675150.0,37663.0,94.71628603855429,5.2837139614457085,,3,IL02
134,2014,Illinois,IL,False,IL-03,116764.0,64091.0,180855,Daniel Lipinski,Sharon M Brannigan,True,False,267276.35,17175.0,180855.0,64.56221835171823,35.43778164828177,267276.35,17175.0,284451.35,93.9620606476292,6.037939352370801,0.0,0.0,0.0,0.0,3,4.808913874942256,5.3374908746857415,56.77277612695202,59.02633838682932,2.6459423408960583,88.8,70.20824497503234,3.05067912456549,20.749264184038175,4.989695379651199,0.29581826358089286,12.1,710177.0,2636.0,99.63019754129063,0.36980245870936695,,1,IL03
135,2014,Illinois,IL,False,IL-04,79666.0,22278.0,101944,Luis V Gutierrez,Hector Concepcion,True,False,48890.79,0.0,101944.0,78.14682570823197,21.853174291768028,48890.79,0.0,48890.79,100.0,0.0,0.0,0.0,0.0,0.0,4,30.62332533083953,27.873307836840183,82.5871875828493,81.56215534898377,2.6459423408960583,88.8,34.1624469782903,3.59379529890593,55.454164192085656,6.033849453528072,0.416292547547139,7.6,712813.0,0.0,100.0,0.0,,5,IL04
136,2014,Illinois,IL,False,IL-05,116364.0,56350.0,184019,Mike Quigley,Vince Kolber,True,False,448708.79,84128.25,172714.0,67.37380872424934,32.626191275750664,448708.79,84128.25,532837.04,84.21126091384336,15.788739086156625,0.0,0.0,0.0,0.0,5,15.518606367087171,17.14669734750005,67.48246861909693,70.83554485964363,2.6459423408960583,88.8,75.52929703434287,5.8005908167272855,14.263272031828972,2.9713489935814614,0.24000743738462094,31.5,712813.0,0.0,100.0,0.0,,0,IL05
137,2014,Illinois,IL,False,IL-06,78465.0,160287.0,238752,Michael Mason,Peter J Roskam,False,True,0,1529133.62,238752.0,32.864646160032166,67.13535383996783,0.0,1529133.62,1529133.62,0.0,100.0,0.0,0.0,0.0,0.0,6,-6.136624156197151,-1.6678992065003726,45.82723809581261,52.02094830564321,2.6459423408960583,88.8,84.89388363369001,6.297212790095543,5.444368460373869,2.4780908936385524,0.13439956992137625,18.0,708501.0,4312.0,99.39507276101867,0.6049272389813317,,1,IL06
138,2014,Illinois,IL,False,IL-07,155110.0,27168.0,182278,Danny K Davis,Robert L Bumpers,True,False,76640.68,0,182278.0,85.09529400147028,14.90470599852972,76640.68,0.0,76640.68,100.0,0.0,0.0,0.0,0.0,0.0,7,36.12775556471459,36.32271611154759,88.09161781672435,90.01156362369117,2.6459423408960583,88.8,32.39014412338655,4.77276467683916,8.483608805711643,53.46358513781456,0.18946073245088127,16.1,712812.0,0.0,100.0,0.0,,3,IL07
139,2014,Illinois,IL,False,IL-08,84178.0,66878.0,151056,Tammy Duckworth,Larry Kaifesh,True,False,1600388.58,285263.51,151056.0,55.72635314055714,44.273646859442856,1600388.58,285263.51,1885652.09,84.87189065719966,15.128109342800348,0.0,0.0,0.0,0.0,8,6.39915513780872,8.669983117682634,58.36301738981848,62.358830629826215,2.6459423408960583,88.8,69.01833759275091,10.671784063530088,14.310500112009727,4.893453602827217,0.2475643598758292,14.7,712753.0,59.0,99.99172292273418,0.00827707726581483,,1,IL08
140,2014,Illinois,IL,False,IL-09,141000.0,72384.0,213450,Janice D Schakowsky,Susanne Atanus,True,False,953187.21,0,213384.0,66.07805646159038,33.92194353840963,953187.21,0.0,953187.21,100.0,0.0,0.0,0.0,0.0,0.0,9,14.183923272722794,15.68658753578582,66.14778552473256,69.3754350479294,2.6459423408960583,88.8,72.57965264564189,9.982591797902918,7.203554511963079,8.652483705113154,0.17306991619772477,20.5,712813.0,0.0,100.0,0.0,,1,IL09
141,2014,Illinois,IL,False,IL-10,91136.0,95992.0,187128,Bradley S Schneider,Robert Dold,False,False,3703629.33,2876311.8,187128.0,48.7024924116113,51.29750758838869,3703629.33,2876311.8,6579941.13,56.28666361639622,43.71333638360378,45.0,0.4212546381680493,47.0,0.4212546381680493,10,6.341688364396113,9.976264966903052,58.305550616405874,63.66511247904664,2.6459423408960583,88.8,72.45087717353962,7.216871876142875,11.654716123812795,7.305087939002361,0.27085434375450224,11.8,710953.0,1860.0,99.73906199802754,0.2609380019724668,,1,IL10
142,2014,Illinois,IL,False,IL-11,93436.0,81335.0,174772,Bill Foster,Darlene Senger,True,False,2036346.75,497670.0,174771.0,53.4619587917904,46.5380412082096,2036346.75,497670.0,2534016.75,80.36042974064792,19.639570259352077,52.0,0.4212546381680493,40.0,0.4212546381680493,11,6.759281064624311,8.416078416646421,58.72314331663407,62.10492592879,2.6459423408960583,88.8,65.58158291076633,5.69618843072426,15.116387876411402,12.034916362923422,0.22591368047695856,11.3,710960.0,1853.0,99.74004402276614,0.25995597723386077,,1,IL11
143,2014,Illinois,IL,False,IL-12,87860.0,110038.0,209738,William L Enyart,Mike Bost,True,False,914945.89,823948.43,197898.0,44.39660835379842,55.60339164620159,914945.89,823948.43,1738894.32,52.61653221111218,47.38346778888783,42.0,0.4212546381680493,44.0,0.4212546381680493,12,-1.1394883119073569,1.973710269058266,50.8243739401024,55.66255778120185,2.6459423408960583,88.8,80.09044166605015,0.7540504549826145,2.112524968558112,15.75016645705408,0.20030332174299031,7.1,537373.0,175440.0,75.38765426556473,24.61234573443526,,1,IL12
144,2014,Illinois,IL,False,IL-13,86935.0,123337.0,210272,Ann E Callis,Rodney Davis,False,True,1543317.15,1417696.73,210272.0,41.344068634910975,58.65593136508903,1543317.15,1417696.73,2961013.88,52.12123997203282,47.878760027967175,36.0,0.4212546381680493,53.0,0.4212546381680493,13,-2.1229738138896934,1.9588110081746493,49.84088843812007,55.64765852031823,2.6459423408960583,88.8,84.6484734651788,1.6801090118955548,2.1469082605973555,9.945678193938056,0.17106765366626156,11.5,562227.0,150586.0,78.87440324460974,21.125596755390262,,1,IL13
145,2014,Illinois,IL,False,IL-14,76861.0,145369.0,222230,Dennis Anderson,Randy Hultgren,False,True,41839.98,369594.46,222230.0,34.58623948161814,65.41376051838186,41839.98,369594.46,411434.44,10.169294529646084,89.83070547035392,0.0,0.0,0.0,0.0,14,-7.056978100969431,-2.4485990540104083,44.90688415104033,51.24024845813317,2.6459423408960583,88.8,86.37603450758353,3.1879361358239255,6.749826103356458,2.83730371986721,0.13506141644139533,11.8,640537.0,72276.0,89.86045428464408,10.139545715355922,,1,IL14
146,2014,Illinois,IL,False,IL-15,55652.0,166274.0,221926,Eric Thorsland,John Shimkus,False,True,15113.0,326302.73,221926.0,25.07682741093878,74.92317258906121,15113.0,326302.73,341415.73,4.426568160758147,95.57343183924183,0.0,0.0,0.0,0.0,15,-17.209571925587703,-10.115166095661678,34.75429032642206,43.573681416481904,2.6459423408960583,88.8,92.89070457505024,0.4190281126421242,1.4869511882900521,4.292321378906401,0.1983706713475023,7.9,346148.0,366665.0,48.56084274557283,51.43915725442718,,2,IL15
147,2014,Illinois,IL,False,IL-16,63810.0,153388.0,217198,Randall Wayne Olsen,Adam Kinzinger,False,True,7097.0,781163.17,217198.0,29.378723560990437,70.62127643900958,7097.0,781163.17,788260.17,0.9003372579385813,99.09966274206144,0.0,0.0,0.0,0.0,16,-5.899940647823996,-2.728961763192565,46.063921604185765,50.95988574895102,2.6459423408960583,88.8,89.84750532400365,1.0378004259202922,4.703947368421053,3.516124125342257,0.10077578338910861,8.3,505709.0,207104.0,70.94553550510443,29.054464494895576,,1,IL16
148,2014,Illinois,IL,False,IL-17,110560.0,88785.0,199361,Cheri Bustos,Bobby Schilling,True,False,1834954.07,797991.12,199345.0,55.461636860718855,44.538363139281145,1834954.07,797991.12,2632945.19,69.69207247341143,30.30792752658858,55.0,0.4212546381680493,39.0,0.4212546381680493,17,6.664249198820251,7.238189650051837,58.62811145083001,60.92703716219542,2.6459423408960583,88.8,83.2775862331996,0.7212161894155518,4.865062777464187,9.892599429434469,0.2541991487284322,7.0,522663.0,190150.0,73.3239994220083,26.676000577991704,,1,IL17
149,2014,Illinois,IL,False,IL-18,62377.0,184363.0,246740,Darrel Miller,Aaron Schock,False,True,13970.79,635391.71,246740.0,25.28045716138445,74.71954283861555,13970.79,635391.71,649362.5,2.1514623958112766,97.8485376041887,0.0,0.0,0.0,0.0,18,-13.82231549326032,-8.907070532244234,38.14154675874944,44.78177697989935,2.6459423408960583,88.8,92.2979728007271,1.096172816244195,1.751585885343353,3.8100041009498686,0.1479667047205258,10.9,453746.0,259067.0,63.655685291934915,36.34431470806509,,2,IL18
150,2014,Indiana,IN,False,IN-01,86579.0,51000.0,142293,Peter J Visclosky,Mark Leyva,True,False,313166.83,7385.0,137579.0,62.93038908554358,37.06961091445642,313166.83,7385.0,320551.83,97.69616039939626,2.3038396006037463,0.0,0.0,0.0,0.0,1,10.108925040223852,10.201081476419702,62.07278729223361,63.88992898856328,2.6459423408960583,88.8,68.60694231944692,0.882311626088178,10.774908029263589,18.878013963606545,0.3346633814099522,7.0,650577.0,69845.0,90.30498790986394,9.69501209013606,,1,IN01
151,2014,Indiana,IN,False,IN-02,55590.0,85583.0,145200,Joe Bock,Jackie Walorski,False,True,599129.92,1124090.83,141173.0,39.377218023276406,60.6227819767236,599129.92,1124090.83,1723220.75,34.7680307354702,65.23196926452981,0.0,0.0,0.0,0.0,2,-9.065995639430705,-3.568926106258658,42.89786661257906,50.11992140588493,2.6459423408960583,88.8,87.79425111112407,0.7715194658053633,3.9537943405063265,6.2547491201374354,0.37390515169005517,6.7,502998.0,217425.0,69.81981419249524,30.180185807504756,,1,IN02
152,2014,Indiana,IN,False,IN-03,39771.0,97892.0,148793,Justin Kuhnle,Marlin A Stutzman,False,False,796.0,0,137663.0,28.890115717367777,71.10988428263224,796.0,0.0,796.0,100.0,0.0,0.0,0.0,0.0,0.0,3,-15.62516320678042,-10.258541155150198,36.33869904522934,43.43030635699338,2.6459423408960583,88.8,89.09767066420665,0.94980012300123,2.904750922509225,5.662476937269373,0.23812269372693726,7.7,467064.0,253359.0,64.83191125213938,35.16808874786063,,2,IN03
153,2014,Indiana,IN,False,IN-04,47056.0,94998.0,142054,John Dale,Todd Rokita,False,True,49952.72,1031090.32,142054.0,33.12543117406057,66.87456882593943,49952.72,1031090.32,1081043.04,4.62078919633024,95.37921080366976,0.0,0.0,0.0,0.0,4,-14.245276420030017,-8.557665527443653,37.71858583197975,45.13118198469993,2.6459423408960583,88.8,92.11527200683969,1.0253925433139954,2.520920365107843,3.25708523610594,0.2018607104973182,8.9,456941.0,263481.0,63.4268525947292,36.5731474052708,,2,IN04
154,2014,Indiana,IN,False,IN-05,49756.0,105277.0,161440,Shawn A Denney,Susan W Brooks,False,True,2598.07,953853.97,155033.0,32.0938122851264,67.90618771487361,2598.07,953853.97,956452.04,0.2716362024801578,99.72836379751983,0.0,0.0,0.0,0.0,5,-10.510957275280523,-6.745486356426461,41.45290497672924,46.94336115571712,2.6459423408960583,88.8,86.97807058823528,1.8496,2.0636235294117644,7.7475764705882355,0.14324705882352942,14.0,629408.0,91015.0,87.36644998840958,12.633550011590414,,1,IN05
155,2014,Indiana,IN,False,IN-06,45509.0,102187.0,155071,Susan Hall Heitzman,Luke Messer,False,True,1430.0,604638.57,147696.0,30.812615101289136,69.18738489871087,1430.0,604638.57,606068.57,0.2359468995397666,99.76405310046025,0.0,0.0,0.0,0.0,6,-13.814400399319744,-9.44938305142034,38.14946185269002,44.23946446072324,2.6459423408960583,88.8,94.81046873363456,0.38238844859806215,1.229853861829327,2.1300561730652268,0.1499418424103886,6.8,394430.0,325992.0,54.74985494612879,45.25014505387121,,2,IN06
156,2014,Indiana,IN,False,IN-07,61443.0,46887.0,112261,Andre Carson,"Catherine \""Cat\"" Ping",True,False,582458.38,12036.0,108330.0,56.71836056494046,43.28163943505954,582458.38,12036.0,594494.38,97.9754224085348,2.0245775914652047,0.0,0.0,0.0,0.0,7,12.056853963786736,13.199834738863771,64.0207162157965,66.88868225100735,2.6459423408960583,88.8,64.84267310725083,1.0334197992349157,3.4597615765660192,28.8555119032959,0.24767912543646742,8.9,715494.0,4929.0,99.31581862322552,0.6841813767744783,,1,IN07
157,2014,Indiana,IN,False,IN-08,61384.0,103344.0,171315,Tom Spangler,Larry Bucshon,False,True,14895.6,583787.4,164728.0,37.26385313972124,62.736146860278765,14895.6,583787.4,598683.0,2.488061294541519,97.51193870545848,0.0,0.0,0.0,0.0,8,-11.540486701444536,-4.935181103801341,40.423375550565225,48.75366640834224,2.6459423408960583,88.8,93.3062108635503,0.5226081258191351,1.0976408912188729,4.013943497888452,0.19131352846949176,6.6,415850.0,304572.0,57.72311228696514,42.27688771303486,,2,IN08
158,2014,Indiana,IN,False,IN-09,55016.0,101594.0,163387,Bill Bailey,Todd C Young,False,True,74777.08,1367872.08,156610.0,35.129302087989274,64.87069791201073,74777.08,1367872.08,1442649.16,5.183317058182046,94.81668294181796,0.0,0.0,0.0,0.0,9,-10.38457980756457,-6.942547266829408,41.57928244444519,46.746300245314174,2.6459423408960583,88.8,93.77512674998816,0.8986401029308315,1.519177428114259,2.5129483632758536,0.17549998359813238,9.0,464338.0,256084.0,64.45361191079672,35.546388089203276,,2,IN09
159,2014,Iowa,IA,False,IA-01,141145.0,147762.0,289306,Pat Murphy,Rod Blum,False,False,869729.13,632471.86,288907.0,48.85482179386446,51.14517820613553,869729.13,632471.86,1502200.99,57.8969882052867,42.1030117947133,42.1,0.4899139343182624,43.6,0.4899139343182624,1,4.953465887103825,5.4617939305169045,56.91732813911359,59.150641442660486,2.6459423408960583,88.8,93.608503685162,0.7467667918231122,1.7360241969128078,2.650709219858156,0.3499165623696287,8.2,479306.0,282242.0,62.93838339802612,37.061616601973874,,2,IA01
160,2014,Iowa,IA,False,IA-02,143431.0,129455.0,273329,David Loebsack,Mariannette Miller-Meeks,True,False,778473.87,685601.39,272886.0,52.560776294863054,47.43922370513695,778473.87,685601.39,1464075.26,53.17171126844941,46.828288731550586,51.3,0.4899139343182624,37.9,0.4899139343182624,2,4.653209411911163,4.163883803926026,56.617071663920925,57.85273131606961,2.6459423408960583,88.8,91.67109622392589,1.0625709092239939,3.135429428874672,3.0003642403149544,0.2429430617448331,11.2,481847.0,279777.0,63.2657321723055,36.7342678276945,,2,IA02
161,2014,Iowa,IA,False,IA-03,119109.0,148814.0,282066,Staci Appel,David Young,False,False,1703415.78,1013116.07,267923.0,44.45642964583108,55.54357035416893,1703415.78,1013116.07,2716531.85,62.70553315986337,37.29446684013662,43.6,0.4899139343182624,45.7,0.4899139343182624,3,0.2111871372545124,-0.5702393451494956,52.175049389264274,53.118608166994086,2.6459423408960583,88.8,91.01647036976195,1.6415016177531445,2.9907005978187113,3.183188223614196,0.20516538222542838,13.0,592219.0,169393.0,77.75862250069589,22.241377499304107,,1,IA03
162,2014,Iowa,IA,False,IA-04,105504.0,169834.0,275633,Jim Mowrer,Steve King,False,True,1930682.31,1568488.76,275338.0,38.31799461026084,61.68200538973916,1930682.31,1568488.76,3499171.0700000003,55.17541930294937,44.82458069705063,38.6,0.4899139343182624,50.7,0.4899139343182624,4,-6.102448144793229,-4.554887583764561,45.86141410721653,49.13395992837902,2.6459423408960583,88.8,94.51520582588923,0.6848465957793473,2.6526072696103085,1.131493379993341,0.38944340939197947,8.9,396884.0,364687.0,52.11385412522272,47.88614587477727,,2,IA04
163,2014,Kansas,KS,False,KS-01,65397.0,138764.0,204161,James E Sherow,Tim Huelskamp,False,True,171351.4,620664.96,204161.0,32.032072726916496,67.96792727308349,171351.4,620664.96,792016.36,21.63483087647331,78.36516912352668,45.0,0.2301954261853453,38.0,0.2301954261853453,1,-23.67488265381997,-22.11175868379,28.28897959818979,31.577088828353585,2.6459423408960583,88.8,86.50924274682022,1.0464376340453614,7.714727902646732,2.963924612495974,0.5265576758400176,6.5,421914.0,291364.0,59.151410810371274,40.848589189628726,,2,KS01
164,2014,Kansas,KS,False,KS-02,87153.0,128742.0,225686,Margie Wakefield,Lynn Jenkins,False,True,658809.58,973425.97,215895.0,40.36823455846592,59.63176544153408,658809.58,973425.97,1632235.5499999998,40.36240847713432,59.63759152286568,37.0,0.6431559714529029,49.0,0.6431559714529029,2,-8.69750821724918,-7.537534534996006,43.26635403476058,46.151312977147576,2.6459423408960583,88.8,87.38424362495685,0.7335614690740991,3.7719317994206554,4.4869197172317525,1.3924535098383537,9.4,447949.0,265323.0,62.801988582195854,37.19801141780415,,2,KS02
165,2014,Kansas,KS,False,KS-03,89584.0,134493.0,224077,Kelly Kultala,Kevin Yoder,False,True,348880.39,1245804.74,224077.0,39.97911432230885,60.02088567769115,348880.39,1245804.74,1594685.13,21.877697574065923,78.12230242593408,0.0,0.0,0.0,0.0,3,-6.817512665834343,-4.262971548686195,45.14634958617542,49.425875963457386,2.6459423408960583,88.8,81.85748959220743,2.3945959847620273,5.308175140244,8.621590342854388,0.3855705399193095,13.6,677591.0,35696.0,94.99556279590124,5.004437204098771,,1,KS03
166,2014,Kansas,KS,False,KS-04,69396.0,138757.0,208153,Perry L Schuckman,Mike Pompeo,False,True,7395.44,1235018.27,208153.0,33.33893818489284,66.66106181510716,7395.44,1235018.27,1242413.71,0.5952477778114666,99.40475222218852,0.0,0.0,0.0,0.0,4,-15.014370708402057,-13.426094693099373,36.94949154360771,40.26275281904421,2.6459423408960583,88.8,82.1695980821934,2.192062455721172,6.359084676003008,6.430923043644785,0.936478610225259,8.8,569507.0,143774.0,79.84328756829356,20.15671243170644,,1,KS04
167,2014,Kentucky,KY,False,KY-01,63596.0,173022.0,236618,Charles Kendall Hatchett,Ed Whitfield,False,True,0,354271.0,236618.0,26.877076131148097,73.12292386885191,0.0,354271.0,354271.0,0.0,100.0,0.0,0.0,0.0,0.0,1,-19.374849879726145,-16.249417247002413,32.58901237228362,37.43943026514117,2.6459423408960583,88.8,90.38296697708881,0.35140416382153394,1.4232322645319695,6.872811669160699,0.2620548880591594,4.5,266732.0,456446.0,36.88331226890199,63.11668773109802,,2,KY01
168,2014,Kentucky,KY,False,KY-02,69898.0,156936.0,226834,Ron Leach,Brett Guthrie,False,True,47620.68,524954.75,226834.0,30.814604512551032,69.18539548744897,47620.68,524954.75,572575.43,8.316926906905522,91.68307309309446,0.0,0.0,0.0,0.0,2,-16.253201740131182,-16.008479181025294,35.71066051187858,37.68036833111829,2.6459423408960583,88.8,90.97076796398166,0.6914104078536335,1.5907734047078712,5.557939169759787,0.2068571407705748,5.9,359894.0,363243.0,49.768439451998724,50.231560548001276,,2,KY02
169,2014,Kentucky,KY,False,KY-03,157056.0,87981.0,247355,John A Yarmuth,Michael Macfarlane,True,False,295336.61,169946.55,245037.0,64.09481017152513,35.90518982847488,295336.61,169946.55,465283.16,63.47459684549942,36.52540315450059,0.0,0.0,0.0,0.0,3,4.600111613249204,3.085656905276956,56.563973865258966,56.77450441742054,2.6459423408960583,88.8,75.51591400566261,1.2497491955680071,1.8906938551056351,19.82060980775376,0.16125796071845253,10.5,718327.0,4844.0,99.33017225524807,0.6698277447519327,,1,KY03
170,2014,Kentucky,KY,False,KY-04,71694.0,150464.0,222158,Peter Newberry,Thomas Massie,False,True,0,339035.07,222158.0,32.27162650005852,67.72837349994148,0.0,339035.07,339035.07,0.0,100.0,0.0,0.0,0.0,0.0,4,-16.499855625915913,-16.11279217314013,35.46400662609385,37.57605533900345,2.6459423408960583,88.8,93.61241202673428,0.5487834132335411,1.473079350317202,3.3118912914309337,0.1920926473356141,8.7,493370.0,230080.0,68.19683461192895,31.803165388071047,,2,KY04
171,2014,Kentucky,KY,False,KY-05,47617.0,171350.0,218967,Kennth S Stepp,Harold Rogers,False,True,3254.0,371443.0,218967.0,21.746199198966053,78.25380080103395,3254.0,371443.0,374697.0,0.8684350288366333,99.13156497116336,0.0,0.0,0.0,0.0,5,-28.307693006391904,-21.527364854443853,23.656169245617857,32.16148265769973,2.6459423408960583,88.8,96.73794546244123,0.20470054436650048,0.6063532850292905,1.5392183538544428,0.22001704636575448,3.9,170014.0,553214.0,23.507662867035016,76.49233713296498,,2,KY05
172,2014,Kentucky,KY,False,KY-06,98290.0,147404.0,245694,Elizabeth Jensen,Andy Barr,False,True,679353.25,1530443.67,245694.0,40.00504692829292,59.99495307170708,679353.25,1530443.67,2209796.92,30.742791061542437,69.25720893845757,0.0,0.0,0.0,0.0,6,-8.919185697405638,-8.18796513890463,43.04467655460412,45.50088237323895,2.6459423408960583,88.8,88.01814393262076,0.8254540544682902,1.3887114961445968,8.370768270743092,0.22460962445854665,10.6,525006.0,198197.0,72.59455505577273,27.405444944227277,,1,KY06
173,2014,Louisiana,LA,False,LA-01,46047.0,189250.0,244004,"['Lee A Dugas', 'M V \\""Vinny\\"" Mendoza']",Steve Scalise,"[False, False]",True,"[0, 0]",747408.5,235297.0,19.56973527074293,80.43026472925706,0.0,747408.5,747408.5,0.0,100.0,0.0,0.0,0.0,0.0,1,-24.47558238296781,-27.83601976495357,27.48827986904195,25.852827747190016,2.6459423408960583,88.8,78.29256161293486,1.6259650007705995,5.266522354391716,12.528897482241183,1.220874840626007,9.1,649869.0,105576.0,86.02466096142008,13.975339038579909,,1,LA01
174,2014,Louisiana,LA,False,LA-02,190006.0,,221570,"['Cedric L Richmond', 'Gary Landrieu']",[],"[True, False]",[],"[385512.44, 6450.0]",[],,,,391962.44,0.0,391962.44,100.0,0.0,0.0,0.0,0.0,0.0,2,24.912092977631303,20.558214018413665,76.87595522964106,74.24706153055725,2.6459423408960583,88.8,32.16086719408461,1.9686098972314099,3.3801729571998216,61.46425763681821,0.2310699690490187,7.4,714568.0,40970.0,94.57737400369008,5.422625996309914,,3,LA02
175,2014,Louisiana,LA,False,LA-03,,207926.0,236268,[],"['Bryan Barrilleaux', 'Charles W Boustany Jr']",[],"[False, True]",[],"[0, 998173.99]",,,,0.0,998173.99,998173.99,0.0,100.0,0.0,0.0,0.0,0.0,3,-19.16572996957234,-19.0428635353419,32.79813228243742,34.64598397680168,2.6459423408960583,88.8,72.52827010268634,0.8352896901489222,1.6997903263382377,23.57000770595509,0.3711403021451229,5.6,554589.0,201007.0,73.3975563661004,26.602443633899597,,4,LA03
176,2014,Louisiana,LA,False,LA-04,,152683.0,207919,[],John Fleming,[],True,[],1210996.24,,,,0.0,1210996.24,1210996.24,0.0,100.0,0.0,0.0,0.0,0.0,4,-11.776128678697424,-13.26472536598486,40.187733573312336,40.42412214615872,2.6459423408960583,88.8,62.51923476260709,0.668579937632336,2.235403322134131,32.743910988529244,0.8764129896544931,5.2,443164.0,312441.0,58.650220684087586,41.349779315912414,,4,LA04
177,2014,Louisiana,LA,False,LA-05,75006.0,247211.0,326073,"\""Jamie\"" Mayo","['Clyde C Holloway', 'Harris Brown', 'Ralph Lee Abraham', 'Vance M Mcallister', '\\""Ed\\"" Tarpley', '\\""Zach\\"" Dasher']",False,"[False, False, False, True, False, False]",0,"[213912.01, 260287.0, 571823.27, 243678.38, 0, 710047.88]",322217.0,23.278101403712405,76.7218985962876,0.0,1999748.54,1999748.54,0.0,100.0,18.3,0.5099463370039075,24.5,0.5099463370039075,5,-13.797421115338588,-16.507877899413515,38.166441136671175,37.18096961273007,2.6459423408960583,88.8,63.375372319036046,0.4088837012337683,1.216331149536136,33.874004035457936,0.45621314619816444,5.2,365312.0,390269.0,48.348489440576195,51.651510559423805,,4,LA05
178,2014,Louisiana,LA,False,LA-06,95127.0,234200.0,332888,"['Edwin Edwards', 'Peter Williams', 'Richard Lieberman']","['Craig Mcculloch', 'Dan Claitor', 'Garret Graves', 'Lenar Whitney', 'Norman \\""Norm\\"" Clark', 'Paul Dietzel Ii', 'Robert Lamar \\""Bob\\"" Bell', '\\""Trey\\"" Thomas']","[False, False, False]","[False, False, False, False, False, False, False, False]","[402336.42, 0, 0]","[76745.0, 362629.81, 1525522.48, 212177.11, 0, 493002.15, 0, 0]",329327.0,28.88527208519192,71.11472791480807,402336.42,2670076.55,3072412.97,13.095128289345816,86.90487171065419,40.20169433261364,1.0437786197687513,57.53220377825757,1.0437786197687513,6,-19.38738944234209,-22.280562045990884,32.57647280966767,31.408285466152694,2.6459423408960583,88.8,72.77619941413181,1.2323007951068177,2.3923833604960985,22.19730585391435,0.4225384442886681,10.1,590303.0,165304.0,78.12301897679615,21.87698102320386,,1,LA06
179,2014,Maine,ME,False,ME-01,186674.0,94751.0,321987,Chellie Pingree,Isaac J Misiuk,True,False,322328.76,15540.7,281425.0,66.33170471706494,33.66829528293506,322328.76,15540.7,337869.46,95.40038333147956,4.59961666852044,57.089596755164486,1.8506972432181887,26.183986339154576,1.8506972432181887,1,8.977257017252953,8.121582548981586,60.94111926926272,61.81043006112517,2.6459423408960583,88.8,95.74811100465293,0.9202577180591971,1.1373176744177151,0.8225329271347894,0.33448269926964586,12.0,328292.0,335888.0,49.42816706314554,50.57183293685446,,2,ME01
180,2014,Maine,ME,False,ME-02,118568.0,133320.0,295009,Emily Ann Cain,Bruce Poliquin,False,False,1460834.62,1108617.14,251888.0,47.07171441275487,52.92828558724513,1460834.62,1108617.14,2569451.76,56.85394225887316,43.146057741126846,41.19155097083216,2.2707893179389145,40.82042962410935,2.2707893179389145,2,2.451593675877227,2.0317944257477336,54.41545592788699,55.72064193789132,2.6459423408960583,88.8,96.2202601268032,0.38508892715912535,0.8831347159202052,0.42325262063754465,0.743520802089606,7.3,185250.0,478931.0,27.891493433265936,72.10850656673406,,2,ME02
181,2014,Maryland,MD,False,MD-01,73843.0,176342.0,250418,Bill Tilghman,Andy Harris,False,True,364889.03,833410.27,250185.0,29.51535863461039,70.4846413653896,364889.03,833410.27,1198299.3,30.45057524443184,69.54942475556815,0.0,0.0,0.0,0.0,1,-13.52314385395485,-14.51219440006932,38.44071839805491,39.17665311207426,2.6459423408960583,88.8,84.23700858850634,1.4312964953147815,1.8679046626697289,11.470374835658212,0.16656937996548596,10.5,429300.0,293350.0,59.40635162250052,40.59364837749948,,2,MD01
182,2014,Maryland,MD,False,MD-02,120412.0,70411.0,196354,C A Dutch Ruppersberger,David Banach,True,False,379083.38,674.0,190823.0,63.10140811118157,36.89859188881843,379083.38,674.0,379757.38,99.82251826152792,0.1774817384720739,0.0,0.0,0.0,0.0,2,12.35060004712497,8.079201095194854,64.31446229913473,61.76804860733844,2.6459423408960583,88.8,60.64948968397479,3.4430254287940807,3.207916896794353,31.085584801737117,0.2927980752498619,10.9,719969.0,3478.0,99.51924605396111,0.4807539460388944,,3,MD02
183,2014,Maryland,MD,False,MD-03,128594.0,87029.0,215946,John P Sarbanes,Charles A Long,True,False,775892.37,300.0,215623.0,59.63835026875611,40.36164973124388,775892.37,300.0,776192.37,99.96134978755332,0.0386502124466902,0.0,0.0,0.0,0.0,3,10.10251952391748,7.586070981671909,62.06638177592724,61.27491849381549,2.6459423408960583,88.8,68.78442713622857,5.267281053795998,4.011197903885288,20.22607231444741,0.2033065152470448,16.9,709540.0,10554.0,98.53435801437035,1.4656419856296539,,1,MD03
184,2014,Maryland,MD,False,MD-04,134628.0,54217.0,191837,Donna F Edwards,Nancy Hoyt,True,False,174353.16,6691.97,188845.0,71.29021154915407,28.70978845084593,174353.16,6691.97,181045.13,96.3037006297822,3.6962993702178015,0.0,0.0,0.0,0.0,4,26.98168626097097,24.324907680725403,78.94554851298074,78.01375519286898,2.6459423408960583,88.8,32.268502140213464,2.6592850507796415,5.519454323148441,58.07353893450677,0.2768105957634325,10.0,709748.0,10317.0,98.56721268218841,1.4327873178115864,,3,MD04
185,2014,Maryland,MD,False,MD-05,144725.0,80752.0,226040,Steny H Hoyer,Chris Chaffee,True,False,1171425.0,11510.0,225477.0,64.18614758933283,35.81385241066716,1171425.0,11510.0,1182935.0,99.02699641146808,0.9730035885319144,0.0,0.0,0.0,0.0,5,15.16038051859259,12.24903603510944,67.12424277060235,65.93788354725302,2.6459423408960583,88.8,53.21981295410042,3.0763531341906902,3.6987684002812493,37.979805998472784,0.3814254500366683,10.3,555761.0,164711.0,77.13845923228106,22.861540767718942,,3,MD05
186,2014,Maryland,MD,False,MD-06,94704.0,91930.0,190536,John K Delaney,Dan Bongino,True,False,980857.15,1409687.79,186634.0,50.74316576829517,49.25683423170483,980857.15,1409687.79,2390544.94,41.03069277584884,58.96930722415116,0.0,0.0,0.0,0.0,6,4.3297889418582685,3.5755897822890645,56.29365119386803,57.264437294432646,2.6459423408960583,88.8,71.9311469264612,8.004038799887946,6.439507685610465,11.830015699726111,0.30371613927813507,12.4,615500.0,112948.0,84.49470655420839,15.505293445791601,,1,MD06
187,2014,Maryland,MD,False,MD-07,144639.0,55860.0,206809,Elijah E Cummings,Corrogan R Vaughn,True,False,284444.3,0,200499.0,72.13951191776518,27.860488082234824,284444.3,0.0,284444.3,100.0,0.0,0.0,0.0,0.0,0.0,7,25.376064430588485,23.58961465444071,77.33992668259825,77.27846216658429,2.6459423408960583,88.8,37.44389055556809,3.9122474605072215,2.1973849427439305,54.89120218949015,0.3122203926345311,12.3,659035.0,57827.0,91.93331491974746,8.066685080252544,,3,MD07
188,2014,Maryland,MD,False,MD-08,136722.0,87859.0,225097,Chris Van Hollen,Dave Wallace,True,False,321933.0,2135.0,224581.0,60.87870300693291,39.12129699306709,321933.0,2135.0,324068.0,99.34118765197428,0.658812348025723,0.0,0.0,0.0,0.0,8,11.270504886741463,10.163149678126686,63.234367138751225,63.85199719027027,2.6459423408960583,88.8,72.6073643874257,7.562367903250973,7.241384201684759,10.858935363528227,0.22148685972971713,19.2,635478.0,86036.0,88.07562985610812,11.92437014389187,,1,MD08
189,2014,Massachusetts,MA,False,MA-01,167612.0,,227075,Richard E Neal,[],True,[],320564.93,[],,,,320564.93,0.0,320564.93,100.0,0.0,0.0,0.0,0.0,0.0,1,13.15137380342071,11.84988747003645,65.11523605543047,65.53873498218003,2.6459423408960583,88.8,80.01645814823985,1.202318705486535,12.596309296669045,5.305203979085044,0.26489608063036163,8.8,587868.0,139647.0,80.80493185707512,19.19506814292489,,1,MA01
190,2014,Massachusetts,MA,False,MA-02,169640.0,,235813,James P Mcgovern,[],True,[],494759.87,[],,,,494759.87,0.0,494759.87,100.0,0.0,0.0,0.0,0.0,0.0,2,8.00686599553189,8.068223420434293,59.97072824754165,61.75707093257788,2.6459423408960583,88.8,86.11733458439,3.1336752806104076,6.484930985631935,3.3361100388061518,0.20705233935896888,11.4,591294.0,136220.0,81.27596169970613,18.724038300293877,,1,MA02
191,2014,Massachusetts,MA,False,MA-03,139104.0,81638.0,230789,Niki Tsongas,Roseann L Ehrhard Wofford,True,False,914462.18,11347.0,220742.0,63.016553261273344,36.98344673872666,914462.18,11347.0,925809.18,98.7743694656387,1.2256305343613032,0.0,0.0,0.0,0.0,3,5.916869731004326,6.213080246177945,57.88073198301409,59.90192775832153,2.6459423408960583,88.8,78.83672663346938,5.211923145430467,12.406390607696299,2.6865024355866707,0.2317485885988213,13.6,658319.0,69195.0,90.48884282639234,9.511157173607655,,1,MA03
192,2014,Massachusetts,MA,False,MA-04,184158.0,,255297,Joseph P Kennedy Iii,[],True,[],2154572.55,[],,,,2154572.55,0.0,2154572.55,100.0,0.0,0.0,0.0,0.0,0.0,4,6.1309450079562495,7.7291426754336925,58.09480725996601,61.41799018757728,2.6459423408960583,88.8,89.67926837726031,3.814440139531658,2.969640055557742,2.314156165241172,0.06897857353059705,16.0,678157.0,49357.0,93.21566320373216,6.784336796267838,,1,MA04
193,2014,Massachusetts,MA,False,MA-05,182100.0,,256486,Katherine M Clark,[],True,[],1547684.21,[],,,,1547684.21,0.0,1547684.21,100.0,0.0,0.0,0.0,0.0,0.0,5,14.339050216592554,13.650538839089052,66.30291246860232,67.33938635123263,2.6459423408960583,88.8,83.1596447117983,6.3082062488740585,5.078678791581487,3.998754611462274,0.14882001394208552,21.2,719782.0,7733.0,98.93706658969231,1.0629334103076913,,1,MA05
194,2014,Massachusetts,MA,False,MA-06,149638.0,111989.0,278919,Seth W Moulton,Richard R Tisei,False,False,2978844.68,1438202.16,261627.0,57.1951671654684,42.8048328345316,2978844.68,1438202.16,4417046.84,67.43973491573841,32.560265084261594,42.50750644642331,3.2723683723824166,42.57595029430488,3.2723683723824166,6,3.538809430770776,4.19760068943615,55.50267168278054,57.88644820157973,2.6459423408960583,88.8,89.72257366558483,2.620789555714469,4.589361351009407,2.268918349010763,0.090947430185012,16.7,696485.0,31030.0,95.73479584613376,4.265204153866244,,1,MA06
195,2014,Massachusetts,MA,False,MA-07,142133.0,,176077,Michael E Capuano,[],True,[],303532.86,[],,,,303532.86,0.0,303532.86,100.0,0.0,0.0,0.0,0.0,0.0,7,32.090204456194954,29.39995587646297,84.05406670820472,83.08880338860655,2.6459423408960583,88.8,54.192921269397885,7.528119509677056,13.089634270281367,23.715377633594084,0.29945843907288633,19.1,726979.0,535.0,99.92646189626592,0.07353810373408622,,6,MA07
196,2014,Massachusetts,MA,False,MA-08,200644.0,,261781,Stephen F Lynch,[],True,[],429108.33,[],,,,429108.33,0.0,429108.33,100.0,0.0,0.0,0.0,0.0,0.0,8,6.622201577485363,5.104880973841574,58.58606382949512,58.79372848598516,2.6459423408960583,88.8,82.20290798333384,4.971689851675665,4.005835711556427,7.189699018423077,0.14845231152315363,23.2,721899.0,5615.0,99.22819354679085,0.7718064532091479,,1,MA08
197,2014,Massachusetts,MA,False,MA-09,140413.0,114971.0,264552,William R Keating,John C Chapman,True,False,550640.37,502427.45,255384.0,54.981126460545696,45.01887353945431,550640.37,502427.45,1053067.82,52.289165003636704,47.71083499636329,46.28646001185501,1.6089636741669668,41.859380035565046,1.6089636741669668,9,4.319197605682355,5.03060586406221,56.28305985769212,58.71945337620579,2.6459423408960583,88.8,91.3855809462504,0.8454028537710545,3.143439545113185,2.1312090977362943,0.27572148911061045,10.6,641206.0,86308.0,88.13658568769812,11.863414312301893,,1,MA09
198,2014,Michigan,MI,False,MI-01,113263.0,130414.0,250131,Jerry Cannon,Dan Benishek,False,True,596538.58,999032.19,243677.0,46.48079219622697,53.51920780377303,596538.58,999032.19,1595570.77,37.38715895378304,62.61284104621696,0.0,0.0,0.0,0.0,1,-6.141005027427731,-3.032627252311343,45.82285722458203,50.65622025983224,2.6459423408960583,88.8,93.18078064368865,0.332044624514951,1.0539117781328464,1.8125142661492808,2.1711295937000683,5.9,258236.0,447738.0,36.578684200834594,63.42131579916541,,2,MI01
199,2014,Michigan,MI,False,MI-02,70851.0,135568.0,213072,Dean Vanderstelt,Bill Huizenga,False,True,23118.0,552465.19,206419.0,34.3238752246644,65.67612477533561,23118.0,552465.19,575583.19,4.016448082856624,95.98355191714336,0.0,0.0,0.0,0.0,2,-8.492385818947206,-4.863361686413974,43.47147643306256,48.82548582572961,2.6459423408960583,88.8,86.1879720851484,1.392078707694325,4.939671447056079,5.784290471810357,0.5119779704846147,8.2,524235.0,181740.0,74.2568787846595,25.743121215340487,,1,MI02
200,2014,Michigan,MI,False,MI-03,84720.0,125754.0,217165,Bob Goodrich,Justin Amash,False,True,57894.0,1671033.3,210474.0,40.25200262265173,59.74799737734827,57894.0,1671033.3,1728927.3,3.348550283172693,96.65144971682732,0.0,0.0,0.0,0.0,3,-5.693030870949279,-3.1487573763602583,46.27083138106048,50.54009013578332,2.6459423408960583,88.8,85.67080873293196,0.9322564220165658,3.4977592419124766,8.288472825220868,0.47438772694234665,10.2,483857.0,222117.0,68.53750987996725,31.462490120032747,,1,MI03
201,2014,Michigan,MI,False,MI-04,85777.0,123962.0,219423,Jeff Holmes,John Moolenaar,False,False,92863.28,691386.76,209739.0,40.897019629158144,59.10298037084185,92863.28,691386.76,784250.04,11.841029679768964,88.15897032023103,0.0,0.0,0.0,0.0,4,-6.017304280995269,-3.1542947689154275,45.94655797101449,50.53455274322816,2.6459423408960583,88.8,93.72876946247118,0.4908445310868203,2.1330392052679215,1.988479169796663,0.6575741030498686,5.4,258915.0,447059.0,36.674863380237795,63.325136619762205,,2,MI04
202,2014,Michigan,MI,False,MI-05,148182.0,69222.0,222138,Daniel T Kildee,Allen Hardwick,True,False,301712.48,0,217404.0,68.15973947121489,31.84026052878512,301712.48,0.0,301712.48,100.0,0.0,0.0,0.0,0.0,0.0,5,9.340326271774655,10.378315734635263,61.30418852378442,64.06716324677885,2.6459423408960583,88.8,77.6724571956376,0.543406254376966,3.6656736079828294,16.342124489432823,0.44895842402722524,5.7,547065.0,158910.0,77.49070434505471,22.509295654945287,,1,MI05
203,2014,Michigan,MI,False,MI-06,84391.0,116801.0,208976,Paul Clements,Fred Upton,False,True,757568.28,994178.94,201192.0,41.945504791443,58.054495208557,757568.28,994178.94,1751747.22,43.24643826179442,56.75356173820558,43.0,0.5514245063140111,47.0,0.5514245063140111,6,-2.640181610041658,0.3389168167677638,49.3236806419681,54.02776432891135,2.6459423408960583,88.8,86.37276908644114,0.9905465097288532,3.0861524788350447,7.725920946184611,0.47134517583339974,8.3,414175.0,291799.0,58.667174711816585,41.332825288183415,,2,MI06
204,2014,Michigan,MI,False,MI-07,92083.0,119564.0,223685,Pam Byrnes,Tim Walberg,False,True,970789.14,1012431.61,211647.0,43.50782198660978,56.492178013390216,970789.14,1012431.61,1983220.75,48.950130236384425,51.049869763615575,0.0,0.0,0.0,0.0,7,-3.525943402247364,-1.9570781196460767,48.4379188497624,51.73176939249751,2.6459423408960583,88.8,91.04670512846852,0.5735651998513325,2.8241222360638223,4.118612760378243,0.39669569667347127,6.5,379469.0,326505.0,53.75112964500109,46.248870354998914,,2,MI07
205,2014,Michigan,MI,False,MI-08,102269.0,132739.0,243125,Eric Shertzing,Mike Bishop,False,False,425367.91,560479.31,235008.0,43.51724196623093,56.482758033769066,425367.91,560479.31,985847.22,43.14744732961767,56.85255267038234,0.0,0.0,0.0,0.0,8,-3.5639218623493463,-0.8190772340704982,48.399940389660415,52.86977027807309,2.6459423408960583,88.8,87.573214832626,1.9312165789388578,3.45324808485787,5.2960076396432045,0.3036073345140285,12.0,559334.0,146641.0,79.228584581607,20.771415418393,,1,MI08
206,2014,Michigan,MI,False,MI-09,136342.0,81470.0,225757,Sander M Levin,George Brikho,True,False,350494.36,36205.8,217812.0,62.59618386498448,37.40381613501552,350494.36,36205.8,386700.16,90.63724204303408,9.362757956965936,0.0,0.0,0.0,0.0,9,5.762924133577698,5.490597734942732,57.72678638558746,59.17944524708631,2.6459423408960583,88.8,83.46932500384352,2.607590285095038,1.610901332293397,10.556165934836491,0.35210343366468805,12.3,705975.0,0.0,100.0,0.0,,1,MI09
207,2014,Michigan,MI,False,MI-10,67143.0,157069.0,228692,Chuck Stadler,Candice S Miller,False,True,0,335564.75,224212.0,29.946211621144275,70.05378837885573,0.0,335564.75,335564.75,0.0,100.0,0.0,0.0,0.0,0.0,10,-7.799342878761564,-4.721715553279751,44.1645193732482,48.96713195886383,2.6459423408960583,88.8,93.02511465137856,0.9653957858178087,1.9905028788030528,2.7569239606736797,0.2365777106760416,7.2,449903.0,256071.0,63.72798431670288,36.27201568329712,,2,MI10
208,2014,Michigan,MI,False,MI-11,101681.0,140435.0,251238,Bobby Mckenzie,Dave Trott,False,False,670644.84,1132867.88,242116.0,41.99681144575327,58.00318855424672,670644.84,1132867.88,1803512.72,37.18547879163282,62.81452120836719,35.0,0.3346093726337945,47.0,0.3346093726337945,11,-4.680247317446337,-2.7384602783585805,47.283614934563424,50.950387233785,2.6459423408960583,88.8,86.48751189274061,4.81994050224819,2.2674519280345704,4.9253943331212575,0.26947150509077394,16.5,690517.0,15457.0,97.81054259788604,2.189457402113959,,1,MI11
209,2014,Michigan,MI,False,MI-12,134346.0,64716.0,206660,Debbie Dingell,Terry Bowman,False,False,963299.25,45108.77,199062.0,67.48952587636012,32.510474123639874,963299.25,45108.77,1008408.02,95.52673430740862,4.473265692591378,0.0,0.0,0.0,0.0,12,14.922383892279171,14.37264112342858,66.88624614428893,68.06148863557216,2.6459423408960583,88.8,80.42788900719742,2.991266502586302,4.082032424297082,10.163091227518954,0.35511955950434543,13.8,686369.0,19605.0,97.22298554904289,2.7770144509571173,,1,MI12
210,2014,Michigan,MI,False,MI-13,132710.0,27234.0,166947,John Conyers Jr,Jeff Gorman,True,False,181248.5,0,159944.0,82.97279047666683,17.027209523333166,181248.5,0.0,181248.5,100.0,0.0,0.0,0.0,0.0,0.0,13,33.67055121866463,31.987326703140653,85.63441347067439,85.67617421528423,2.6459423408960583,88.8,36.98398142704355,0.7121372344033117,3.4095902752834806,56.962952409809,0.4280047114630216,4.5,705944.0,30.0,99.99575055172004,0.004249448279964985,,3,MI13
211,2014,Michigan,MI,False,MI-14,165272.0,41801.0,212468,Brenda Lawrence,Christina L Barr,False,False,529995.86,0,207073.0,79.81339913943391,20.18660086056608,529995.86,0.0,529995.86,100.0,0.0,0.0,0.0,0.0,0.0,14,29.35100634444805,29.074631966648965,81.31486859645781,82.76347947879255,2.6459423408960583,88.8,33.3003617566937,2.3526150581722316,2.7682164637186353,59.316132274520285,0.2881689208323196,7.1,705963.0,11.0,99.99844186896402,0.001558131035987161,,3,MI14
212,2014,Minnesota,MN,False,MN-01,122851.0,103536.0,226695,Timothy J Walz,Jim Hagedorn,True,False,873447.87,174636.37,226387.0,54.26592516354738,45.73407483645262,873447.87,174636.37,1048084.24,83.33756359126248,16.662436408737527,0.0,0.0,0.0,0.0,1,-1.2710563061072406,-1.56742653562722,50.69280594590252,52.12142097651636,2.6459423408960583,88.8,93.22300446530426,1.5441152504807536,2.523956194387406,1.748639222971872,0.2778592614321567,8.6,414574.0,248417.0,62.530863918213065,37.46913608178693,,2,MN01
213,2014,Minnesota,MN,False,MN-02,95565.0,137778.0,245848,Mike Obermueller,John Kline,False,True,826352.7,1527630.55,233343.0,40.95473187539373,59.04526812460627,826352.7,1527630.55,2353983.25,35.10444265055837,64.89555734944163,0.0,0.0,0.0,0.0,2,-1.933270283890387,-2.221892558790998,50.030591968119374,51.46695495335258,2.6459423408960583,88.8,89.37448054361764,3.1954659549853197,2.775097835302569,3.0108631642254826,0.4771689783780849,11.5,576633.0,86358.0,86.9744838165224,13.025516183477603,,1,MN02
214,2014,Minnesota,MN,False,MN-03,101846.0,167515.0,269585,Sharon Sund,Erik Paulsen,False,True,146491.31,1794376.5,269361.0,37.81022493976485,62.18977506023515,146491.31,1794376.5,1940867.81,7.547722170733513,92.45227782926648,0.0,0.0,0.0,0.0,3,-1.5471692070231242,-1.8279947446216556,50.41669304498664,51.860852767521926,2.6459423408960583,88.8,87.58435579652948,4.358813295258719,1.8086130729272134,4.70202205958319,0.3448617866692013,17.4,633614.0,29376.0,95.56916393912427,4.43083606087573,,1,MN03
215,2014,Minnesota,MN,False,MN-04,147857.0,79492.0,241637,Betty Mccollum,Sharna Wahlgren,True,False,382148.39,30807.0,227349.0,65.03525416870099,34.96474583129901,382148.39,30807.0,412955.39,92.53987216391582,7.460127836084183,0.0,0.0,0.0,0.0,4,11.80765100302009,10.115266123715235,63.77151325502985,63.80411363585882,2.6459423408960583,88.8,79.7819398827589,7.029268698291274,3.443853157610277,7.69820812372677,0.5751881262212614,14.7,644502.0,18488.0,97.21142098674189,2.7885790132581185,,1,MN04
216,2014,Minnesota,MN,False,MN-05,167079.0,56577.0,236010,Keith Ellison,Doug Daggett,True,False,1729660.98,36704.0,223656.0,74.70356261401437,25.29643738598562,1729660.98,36704.0,1766364.98,97.92206025280234,2.07793974719766,0.0,0.0,0.0,0.0,5,23.42773427591672,21.291978577712584,75.39159652792648,74.98082608985617,2.6459423408960583,88.8,76.30965712591812,3.9800237146339055,3.221649484536082,12.716972431738085,1.0675702381344487,19.0,662991.0,0.0,100.0,0.0,,1,MN05
217,2014,Minnesota,MN,False,MN-06,90926.0,133328.0,236846,Joe Perske,Tom Emmer,False,False,178413.2,1753069.84,224254.0,40.54598803142865,59.45401196857135,178413.2,1753069.84,1931483.04,9.23710932507075,90.76289067492924,0.0,0.0,0.0,0.0,6,-9.587219589004349,-9.547610250768528,42.37664266300541,44.14123726137505,2.6459423408960583,88.8,93.88830822830208,1.759401578030536,1.4899067527410594,1.5024080336100012,0.4578337944461523,8.0,461095.0,201895.0,69.54780615092234,30.452193849077663,,2,MN06
218,2014,Minnesota,MN,False,MN-07,130546.0,109955.0,240835,Collin C Peterson,Torrey Westrom,True,False,378856.22,727352.41,240501.0,54.2808553810587,45.71914461894129,378856.22,727352.41,1106208.63,34.24817070899185,65.75182929100816,0.0,0.0,0.0,0.0,7,-6.929663693104118,-5.348484846239416,45.03419855890564,48.340362665904166,2.6459423408960583,88.8,93.72715109201935,0.5607476635514019,1.984245948311419,0.6229188253875637,2.2514411033872217,7.1,237826.0,425165.0,35.87167849940648,64.12832150059351,,2,MN07
219,2014,Minnesota,MN,False,MN-08,129090.0,125358.0,266083,Richard M Nolan,Stewart Mills,True,False,1106855.47,1278502.35,254448.0,50.733352197698544,49.26664780230145,1106855.47,1278502.35,2385357.8200000003,46.40207270873935,53.59792729126064,0.0,0.0,0.0,0.0,8,0.8325576972181992,0.66754964467561,52.79641994922796,54.35639715681919,2.6459423408960583,88.8,94.27521752891809,0.4817578627893023,0.9823510793434422,0.8384645108924658,2.219464881774174,6.9,255076.0,407915.0,38.473523773324224,61.526476226675776,,2,MN08
220,2014,Mississippi,MS,False,MS-01,43713.0,102622.0,151111,Ron E Dickey,Alan Nunnelee,False,True,5845.0,307415.63,146335.0,29.87186934089589,70.12813065910412,5845.0,307415.63,313260.63,1.8658584706287544,98.13414152937123,0.0,0.0,0.0,0.0,1,-14.533468663700477,-16.762784251560753,37.430393588309286,36.92606326058283,2.6459423408960583,88.8,71.67273402607613,0.5331703350300303,1.4076634445652507,25.77699163551849,0.12765796320637857,6.2,310734.0,431103.0,41.887099187557375,58.112900812442625,,4,MS01
221,2014,Mississippi,MS,False,MS-02,100688.0,,148646,Bennie G Thompson,[],True,[],275954.36,[],,,,275954.36,0.0,275954.36,100.0,0.0,0.0,0.0,0.0,0.0,2,14.800174212979712,10.88414350166886,66.76403646498947,64.57299101381244,2.6459423408960583,88.8,35.24906001884627,0.3336349980873832,1.107078547904052,62.85418396574084,0.28978476064301245,4.1,417886.0,323976.0,56.32934427157612,43.67065572842389,,3,MS02
222,2014,Mississippi,MS,False,MS-03,47744.0,117771.0,170946,"Douglas Macarthur \""Doug\"" Magee",Gregg Harper,False,True,0,740731.0,165515.0,28.84572395251186,71.15427604748814,0.0,740731.0,740731.0,0.0,100.0,0.0,0.0,0.0,0.0,3,-12.524802847831182,-14.994068573343512,39.43905940417858,38.69477893880007,2.6459423408960583,88.8,63.48495062854423,0.44053975132216006,1.0784571735517527,33.776997480054945,0.8354753467177626,8.0,323213.0,418609.0,43.570155643806736,56.42984435619326,,4,MS03
223,2014,Mississippi,MS,False,MS-04,37869.0,108776.0,155576,Matt Moore,Steven M Palazzo,False,True,0,442552.62,146645.0,25.82358757543728,74.17641242456273,0.0,442552.62,442552.62,0.0,100.0,0.0,0.0,0.0,0.0,4,-20.35734244454375,-22.30603271393102,31.60651980746601,31.38281479821256,2.6459423408960583,88.8,73.4738015407157,1.0853326381835016,2.15592330579701,22.07556158817766,0.285670624825838,5.0,412391.0,329385.0,55.59508530877246,44.404914691227546,,4,MS04
224,2014,Missouri,MO,False,MO-01,119315.0,35273.0,163494,Wm Lacy Clay,Daniel J Elder,True,False,90229.92,0,154588.0,77.18257562035863,22.81742437964137,90229.92,0.0,90229.92,100.0,0.0,0.0,0.0,0.0,0.0,1,28.9048747602276,27.47516281383919,80.86873701223736,81.16401032598277,2.6459423408960583,88.8,47.65315260014587,1.5549962808634175,1.6519465888656997,47.19060755526348,0.20401089020964375,11.4,746257.0,2359.0,99.68488517477584,0.31511482522414697,,3,MO01
225,2014,Missouri,MO,False,MO-02,75384.0,148191.0,231117,Arthur Lieber,Ann Wagner,False,True,2805.5,1069327.33,223575.0,33.71754444817176,66.28245555182825,2805.5,1069327.33,1072132.83,0.2616746658154288,99.73832533418458,0.0,0.0,0.0,0.0,2,-9.928924851263744,-6.8394995699547465,42.03493740074602,46.84934794218884,2.6459423408960583,88.8,91.18539786710417,2.470307094196954,1.6556692941470201,3.5695687841067163,0.1350001783357706,17.0,738540.0,10076.0,98.65404960620666,1.3459503937933466,,1,MO02
226,2014,Missouri,MO,False,MO-03,52021.0,130940.0,191620,Courtney Denton,Blaine Luetkemeyer,False,True,0,490697.11,182961.0,28.432835413011517,71.56716458698848,0.0,490697.11,490697.11,0.0,100.0,0.0,0.0,0.0,0.0,3,-15.19428126649047,-10.29334475068132,36.76958098551929,43.39550276146226,2.6459423408960583,88.8,93.8731848301142,0.5568870717608909,1.294233751586071,3.05635838150289,0.31016495136049627,7.3,458841.0,289774.0,61.29198586723482,38.70801413276517,,2,MO03
227,2014,Missouri,MO,False,MO-04,46464.0,120014.0,176286,Nate Irvin,Vicky Hartzler,False,True,11657.0,599132.97,166478.0,27.909994113336296,72.0900058866637,11657.0,599132.97,610789.97,1.9085120209161264,98.09148797908388,0.0,0.0,0.0,0.0,4,-14.676717529079228,-11.10699449925609,37.287144722930535,42.58185301288749,2.6459423408960583,88.8,90.3788397702724,0.8469009607109612,2.2688234364297384,4.432969773609428,0.4489172243005427,8.9,383834.0,364782.0,51.2724814858352,48.72751851416481,,2,MO04
228,2014,Missouri,MO,False,MO-05,79256.0,69071.0,153635,Emanuel Cleaver,Jacob Turk,True,False,250729.61,139241.6,148327.0,53.4332926574393,46.56670734256069,250729.61,139241.6,389971.21,64.29438983457267,35.705610165427345,0.0,0.0,0.0,0.0,5,7.97845058804522,9.089247884869827,59.94231284005498,62.77809539701341,2.6459423408960583,88.8,71.18046285752683,1.372808618601112,4.7591546303005865,20.780461404627122,0.4678337083630724,12.0,684458.0,64158.0,91.42978509676523,8.57021490323477,,1,MO05
229,2014,Missouri,MO,False,MO-06,55157.0,124616.0,186970,"W A \""Bill\"" Hedge",Sam Graves,False,True,0,178878.15,179773.0,30.68147052115724,69.31852947884276,0.0,178878.15,178878.15,0.0,100.0,0.0,0.0,0.0,0.0,6,-13.261948506425348,-9.89101226917451,38.70191374558441,43.79783524296907,2.6459423408960583,88.8,91.34941040872417,0.9004344356769217,2.420781984218459,3.827998936075893,0.3920560333362887,8.4,459555.0,289061.0,61.38727999401562,38.61272000598437,,2,MO06
230,2014,Missouri,MO,False,MO-07,47282.0,104054.0,163957,Jim Evans,Billy Long,False,True,58679.0,584248.8,151336.0,31.243061796267902,68.75693820373209,58679.0,584248.8,642927.8,9.126841303175876,90.87315869682412,0.0,0.0,0.0,0.0,7,-20.968537433439387,-17.789951783336456,30.99532481857037,35.898895728807126,2.6459423408960583,88.8,92.80585315236938,0.773290933507921,2.262696565367084,1.5749935147325862,0.8551729492878558,7.8,460215.0,288401.0,61.475442683565404,38.524557316434596,,2,MO07
231,2014,Missouri,MO,False,MO-08,38721.0,106124.0,159224,Barbara Stocker,Jason T Smith,False,True,34449.36,890308.03,144845.0,26.732714280782904,73.26728571921709,34449.36,890308.03,924757.39,3.725232193062009,96.274767806938,0.0,0.0,0.0,0.0,8,-19.278875934875067,-14.695437110443692,32.684986317134694,38.99341040169989,2.6459423408960583,88.8,92.73978895836329,0.23232815606841142,1.1388463197466658,4.234158726596226,0.5081411292726463,4.6,286671.0,461945.0,38.29346420594804,61.70653579405195,,2,MO08
232,2014,Montana,MT,False,MT-00,148690.0,203871.0,367963,John Lewis,Ryan Zinke,False,False,1360414.93,4102388.3,352561.0,42.17426204259688,57.82573795740311,1360414.93,4102388.3,5462803.23,24.90323873517956,75.09676126482044,0.0,0.0,0.0,0.0,0,-8.99809411589122,-4.920149017686171,42.96576813611854,48.76869849445741,2.6459423408960583,88.8,89.81962975069088,0.5216926199486058,2.3898638147125584,0.36704525341109195,5.487332998285572,6.9,553014.0,436401.0,55.89302769818529,44.10697230181471,,2,MT00
233,2014,Nebraska,NE,False,NE-01,55838.0,123219.0,179057,Dennis P Crawford,Jeff Fortenberry,False,True,44397.0,439321.13,179057.0,31.184483153409246,68.81551684659075,44397.0,439321.13,483718.13,9.17827909406662,90.82172090593338,0.0,0.0,0.0,0.0,1,-10.446231656429326,-8.833436494676867,41.51763059558044,44.85541101746672,2.6459423408960583,88.8,90.39166540303806,1.3361757543862778,4.0172240012130835,2.4903889894836366,0.9851843262480934,10.9,452474.0,156306.0,74.32471500377805,25.675284996221954,,1,NE01
234,2014,Nebraska,NE,False,NE-02,83872.0,78157.0,171509,Brad Ashford,Lee Terry,False,True,883686.14,995837.9,162029.0,51.76357318751581,48.23642681248418,883686.14,995837.9,1879524.04,47.01648508842696,52.98351491157304,46.0,0.5913384138170115,41.0,0.5913384138170115,2,-5.560766962282884,-3.0943384480674467,46.40309528972688,50.594509064076135,2.6459423408960583,88.8,82.6328608875177,1.5813403233663506,4.787863323203971,9.095548493354055,0.5040710756454568,13.7,589723.0,19058.0,96.86948180051611,3.1305181994838867,,1,NE02
235,2014,Nebraska,NE,False,NE-03,45524.0,139440.0,184964,Mark Sullivan,Adrian Smith,False,True,35290.05,272214.4,184964.0,24.612356999199843,75.38764300080015,35290.05,272214.4,307504.45,11.476272944993154,88.52372705500684,0.0,0.0,0.0,0.0,3,-23.5916191782583,-22.01843191659945,28.372243073751463,31.67041559554413,2.6459423408960583,88.8,91.87535117883712,0.5088440878340413,5.50198907693345,0.6432472523767784,0.6953902861124222,5.8,293489.0,315291.0,48.20936955878971,51.7906304412103,,2,NE03
236,2014,Nevada,NV,False,NV-01,45643.0,30413.0,80299,Dina Titus,Annette Teijeiro,True,False,553946.18,55950.68,76056.0,60.012359314189546,39.98764068581045,553946.18,55950.68,609896.8600000001,90.8262062539558,9.173793746044206,0.0,0.0,0.0,0.0,1,14.988827158808746,12.433665599555084,66.95268941081851,66.12251311169867,2.6459423408960583,88.8,51.193895386889864,8.373052845559757,25.579622542716123,12.070625014437626,0.7161062301242022,3.5,675138.0,0.0,100.0,0.0,,6,NV01
237,2014,Nevada,NV,False,NV-02,52016.0,122402.0,186210,Kristen Spees,Mark E Amodei,False,True,9206.0,363498.56,174418.0,29.822610051714847,70.17738994828515,9206.0,363498.56,372704.56,2.470052955617178,97.52994704438282,0.0,0.0,0.0,0.0,2,-6.0870935958919645,-3.072783660643431,45.8767686561178,50.61606385150015,2.6459423408960583,88.8,78.59454355629687,3.7753782033417496,11.869990391534566,1.9855415472541,2.3114390652751724,7.2,578726.0,96412.0,85.71966027686192,14.280339723138082,,1,NV02
238,2014,Nevada,NV,False,NV-03,52644.0,88528.0,145719,Erin Bilbray,Joseph J Heck,False,True,782865.85,1344275.73,141172.0,37.29068087156093,62.70931912843907,782865.85,1344275.73,2127141.58,36.803655072174365,63.19634492782564,0.0,0.0,0.0,0.0,3,-1.557926950527012,0.8722246021572317,50.40593530148275,54.56107211430081,2.6459423408960583,88.8,66.37558737529419,11.882810209434455,12.315665190139228,6.754914934586401,0.5176430501517469,6.9,663863.0,11275.0,98.32997105776893,1.6700289422310697,,1,NV03
239,2014,Nevada,NV,False,NV-04,59844.0,63466.0,130781,Steven A Horsford,Cresent Hardy,True,False,728004.41,316385.28,123310.0,48.53134376773984,51.46865623226016,728004.41,316385.28,1044389.69,69.70620420429466,30.293795795705336,0.0,0.0,0.0,0.0,4,3.49418691402542,3.9593750590289782,55.45804916603518,57.64822257117256,2.6459423408960583,88.8,58.10090611999112,5.583088104400495,17.191225822331912,15.6890841441089,1.1570996248491814,3.9,626070.0,49067.0,92.73228989079254,7.2677101092074645,,6,NV04
240,2014,New Hampshire,NH,False,NH-01,116769.0,125508.0,242736,Carol Shea-Porter,Frank C Guinta,False,False,1131736.2,700774.85,242277.0,48.19648584058743,51.80351415941258,1131736.2,700774.85,1832511.05,61.758765383706695,38.24123461629331,44.64235593590266,3.38136743745001,49.33194545305456,3.38136743745001,1,-1.1513925653970034,-0.4625763861363055,50.81246968661276,53.22627112600728,2.6459423408960583,88.8,94.77563781940007,1.1668755626952882,2.053065475665084,0.9018816334296412,0.15770179062145095,11.8,457815.0,200418.0,69.55211908245256,30.447880917547433,,2,NH01
241,2014,New Hampshire,NH,False,NH-02,130700.0,106871.0,238184,Ann M Kuster,Marilinda Garcia,True,False,2513874.37,827459.48,237571.0,55.01513231833852,44.98486768166149,2513874.37,827459.48,3341333.85,75.2356538691876,24.7643461308124,51.84461671108188,3.38136743745001,41.60298953538122,3.38136743745001,2,2.9241208676286448,2.8209804451521947,54.887983119638406,56.50982795729578,2.6459423408960583,88.8,94.66818835905325,1.1956532526174763,2.023718553069022,0.8117898079690369,0.2377809755371409,11.1,336057.0,322180.0,51.054103613136306,48.945896386863694,,2,NH02
242,2014,New Jersey,NJ,False,NJ-01,93315.0,64073.0,162492,Donald W Norcross,Garry W Cobb,True,False,1169643.71,82077.14,157388.0,59.28978066942842,40.710219330571576,1169643.71,82077.14,1251720.85,93.44285588915452,6.557144110845482,0.0,0.0,0.0,0.0,1,13.822699355860976,11.72725883209472,65.78656160787074,65.4161063442383,2.6459423408960583,88.8,70.68686414479231,3.5017705581473777,8.452213666085848,16.562681505630188,0.19560451913889043,11.1,719490.0,13168.0,98.202708494277,1.7972915057229977,,1,NJ01
243,2014,New Jersey,NJ,False,NJ-02,66026.0,108875.0,177148,William J Hughes Jr,Frank A Lobiondo,False,True,652570.04,773266.85,174901.0,37.7504988536372,62.2495011463628,652570.04,773266.85,1425836.89,45.76750991482624,54.23249008517376,38.0,0.8250700056548633,56.0,0.8250700056548633,2,2.158744230147285,0.1783515413908745,54.122606482157046,53.867199053534456,2.6459423408960583,88.8,73.96787977568856,2.903904395052816,9.40333384091033,12.934565805477696,0.3173296186216841,9.0,590135.0,142523.0,80.54713113075951,19.45286886924049,,1,NJ02
244,2014,New Jersey,NJ,False,NJ-03,82537.0,100471.0,186103,Aimee Belgard,Tom Macarthur,False,False,1092678.31,343335.0,183008.0,45.100214198286416,54.899785801713584,1092678.31,343335.0,1436013.31,76.09109904420036,23.90890095579964,41.0,0.8530358471531801,46.0,0.8530358471531801,3,0.3481726016417212,-1.9451329947064335,52.31203485365148,51.74371451743715,2.6459423408960583,88.8,80.99083491171534,2.595308839238427,5.10911033114604,9.978366441952945,0.0895862694230752,12.5,701409.0,31249.0,95.73484490717361,4.265155092826394,,1,NJ03
245,2014,New Jersey,NJ,False,NJ-04,54415.0,118826.0,174849,Ruben M Scolavino,Christopher H Smith,False,True,5249.25,307135.22,173241.0,31.41000109673807,68.58999890326193,5249.25,307135.22,312384.47,1.680381230219287,98.31961876978072,0.0,0.0,0.0,0.0,4,-6.7983762175055205,-7.912463977509269,45.16548603450424,45.77638353463431,2.6459423408960583,88.8,83.79549191771896,3.2800331978529984,5.655075858645404,6.417152741149825,0.08609723558065217,15.7,696575.0,36082.0,95.07518525039684,4.924814749603157,,1,NJ04
246,2014,New Jersey,NJ,False,NJ-05,81808.0,104678.0,188921,Roy Cho,Scott Garrett,False,True,1085481.39,1023387.87,186486.0,43.868172409725126,56.13182759027488,1085481.39,1023387.87,2108869.26,51.47219937190417,48.52780062809584,42.18936409716328,1.5172352328771643,52.05317951418359,1.5172352328771643,5,-3.4843631017936545,-4.711215275922235,48.47949915021611,48.97763223622135,2.6459423408960583,88.8,78.10372294937996,7.0173550590256495,9.4377621947587,4.7003364932826255,0.1504707254687557,17.0,637290.0,95368.0,86.98328551657117,13.016714483428832,,1,NJ05
247,2014,New Jersey,NJ,False,NJ-06,72190.0,46891.0,120457,Frank Pallone Jr,Anthony E Wilkinson,True,False,592581.15,86230.53,119081.0,60.62260142256112,39.37739857743889,592581.15,86230.53,678811.68,87.29684056114061,12.703159438859393,0.0,0.0,0.0,0.0,6,10.195791095627923,5.386258966612608,62.159653347637686,59.07510647875619,2.6459423408960583,88.8,61.589071892256676,13.085773861881789,13.715502309770402,10.70956230320986,0.15377575900664203,13.3,732657.0,0.0,100.0,0.0,,6,NJ06
248,2014,New Jersey,NJ,False,NJ-07,68232.0,104287.0,175997,Janice Kovach,Leonard Lance,False,True,55272.0,506401.61,172519.0,39.55042632985352,60.44957367014647,55272.0,506401.61,561673.61,9.840590516616937,90.15940948338306,0.0,0.0,0.0,0.0,7,-5.070455619374911,-5.909917596040202,46.89340663263485,47.77892991610338,2.6459423408960583,88.8,80.6600347324874,6.6330436348899,7.416776143832439,4.4795902584574785,0.06519683374415822,18.0,628663.0,103995.0,85.80579206123457,14.194207938765427,,1,NJ07
249,2014,New Jersey,NJ,False,NJ-08,61510.0,15141.0,79518,Albio Sires,Jude Anthony Tiscornia,True,False,288783.47,0,76651.0,80.24683304849252,19.75316695150748,288783.47,0.0,288783.47,100.0,0.0,0.0,0.0,0.0,0.0,8,27.07191606274587,20.09395182896957,79.03577831475563,73.78279934111315,2.6459423408960583,88.8,35.87641047137874,6.48418482537488,45.35154229514305,11.964278272550995,0.3892815206493255,13.8,732658.0,0.0,100.0,0.0,,5,NJ08
250,2014,New Jersey,NJ,False,NJ-09,82498.0,36246.0,120459,Bill Pascrell,Dierdre G Paul,True,False,760135.2,11465.0,118744.0,69.47551034157516,30.524489658424848,760135.2,11465.0,771600.2,98.51412687555032,1.4858731244496828,0.0,0.0,0.0,0.0,9,16.984044995244588,10.815735309362609,68.94790724725435,64.50458282150619,2.6459423408960583,88.8,50.45912049113377,9.755487049772087,26.919040216408014,12.439288945098763,0.2790732397087626,11.2,732658.0,0.0,100.0,0.0,,6,NJ09
251,2014,New Jersey,NJ,False,NJ-10,95734.0,14154.0,112123,Donald M Payne Jr,Yolanda Dentley,True,False,162869.69,0,109888.0,87.11961269656378,12.880387303436224,162869.69,0.0,162869.69,100.0,0.0,0.0,0.0,0.0,0.0,10,36.45127165381682,31.669840328683847,88.41513390582658,85.35868784082743,2.6459423408960583,88.8,24.37131365026787,5.23567288029609,13.925318145713273,55.62205303273563,0.26089638505348905,10.0,732658.0,0.0,100.0,0.0,,3,NJ10
252,2014,New Jersey,NJ,False,NJ-11,65477.0,109455.0,174932,Mark Dunec,Rodney P Frelinghuysen,False,True,123817.22,705855.19,174932.0,37.42997278942675,62.57002721057325,123817.22,705855.19,829672.4099999999,14.923627507391746,85.07637249260826,0.0,0.0,0.0,0.0,11,-4.884085249809729,-6.2739632437398,47.07977700220003,47.41488426840378,2.6459423408960583,88.8,81.25195635752938,7.1360425253553315,6.929113786439794,3.7498336510364245,0.0974664349964481,19.6,704894.0,27764.0,96.21051022441576,3.7894897755842427,,1,NJ11
253,2014,New Jersey,NJ,False,NJ-12,90430.0,54168.0,148366,Bonnie Watson,Alieta Eck,False,False,944223.95,194185.11,144598.0,62.5389009529869,37.4610990470131,944223.95,194185.11,1138409.06,82.94241351171256,17.05758648828743,0.0,0.0,0.0,0.0,12,15.258248798427928,12.684238983927742,67.22211105043769,66.37308649607132,2.6459423408960583,88.8,59.928540761901615,11.18434089070163,9.488267639822322,18.291459568354828,0.13870770653412373,13.6,715039.0,17619.0,97.59519448364722,2.404805516352787,,6,NJ12
254,2014,New Mexico,NM,False,NM-01,105474.0,74558.0,180032,Michelle Lujan Grisham,Michael H Frese,True,False,885311.73,243333.0,180032.0,58.58625133309634,41.41374866690366,885311.73,243333.0,1128644.73,78.4402484207763,21.559751579223693,0.0,0.0,0.0,0.0,1,6.286406741952824,6.8023710223538245,58.250268993962585,60.491218534497406,2.6459423408960583,88.8,49.13938493076285,1.8751812089855158,40.94751371062916,2.795824944973722,4.233246080781434,7.0,632950.0,53443.0,92.21393574817925,7.78606425182075,,5,NM01
255,2014,New Mexico,NM,False,NM-02,52499.0,95209.0,147777,"Roxanne \""Rocky\"" Lara",Steven Pearce,False,True,1046250.63,1561979.8,147708.0,35.54242153437864,64.45757846562135,1046250.63,1561979.8,2608230.43,40.113427784829575,59.88657221517042,0.0,0.0,0.0,0.0,2,-5.497010504976892,-4.581612075300718,46.46685174703287,49.10723543684286,2.6459423408960583,88.8,47.59537840037571,0.6759843849944642,43.4268434440565,1.9199996599889924,5.931704538934448,4.3,494502.0,191891.0,72.04356687786735,27.95643312213266,,5,NM02
256,2014,New Mexico,NM,False,NM-03,113249.0,70775.0,184076,Ben Ray Lujan,Jefferson L Byrd,True,False,462952.23,102250.11,184024.0,61.54034256401339,38.45965743598661,462952.23,102250.11,565202.34,81.90911417670351,18.09088582329649,0.0,0.0,0.0,0.0,3,7.833034850956281,8.31490189760629,59.79689710296604,62.00374940974987,2.6459423408960583,88.8,44.988445363073964,0.9171941609611162,34.68482600377704,1.5331680620403008,17.419307213907395,3.9,466909.0,219484.0,68.02356667390256,31.976433326097442,,5,NM03
257,2014,New York,NY,False,NY-01,78722.0,94035.0,176719,Timothy H Bishop,Lee M Zeldin,True,False,1763107.47,1461186.96,172757.0,45.56805223522057,54.43194776477943,1763107.47,1461186.96,3224294.43,54.68196246581613,45.31803753418387,45.0,0.9358100843538408,50.0,0.9358100843538408,1,-1.6909228332525077,-1.809337966136596,50.27293941875725,51.879509546006986,2.6459423408960583,88.8,83.76163358687788,2.705690644955116,8.073694898207915,4.6010368263363866,0.21938032256392836,15.0,681358.0,36349.0,94.93539842860666,5.06460157139334,,1,NY01
258,2014,New York,NY,False,NY-02,41814.0,95177.0,146617,Patricia Maher,Peter T King,False,True,10887.59,768199.0,136991.0,30.52317305516421,69.47682694483579,10887.59,768199.0,779086.59,1.3974813762357274,98.60251862376428,0.0,0.0,0.0,0.0,2,0.2664128140120212,-1.9902370585958808,52.23027506602178,51.6986104535477,2.6459423408960583,88.8,73.42624939056576,2.5308142041493906,13.971254850290716,9.451972552290465,0.1438466280658068,14.1,716887.0,821.0,99.88560807459301,0.11439192540699003,,1,NY02
259,2014,New York,NY,False,NY-03,90032.0,74269.0,171163,Steve Israel,Grant M Lally,True,False,2406579.4,144345.42,164301.0,54.79698845411775,45.203011545882255,2406579.4,144345.42,2550924.82,94.34144750686929,5.658552493130708,0.0,0.0,0.0,0.0,3,-0.671413032692648,0.2812758375124033,51.29244921931711,53.97012334965599,2.6459423408960583,88.8,78.33015952299192,10.895014516280085,6.808798738800611,2.9258889270439856,0.1636983735522742,22.7,713674.0,4033.0,99.4380715250095,0.5619284749904905,,1,NY03
260,2014,New York,NY,False,NY-04,89793.0,80127.0,175305,Kathleen M Rice,Bruce A Blakeman,False,False,2809528.79,658653.12,169920.0,52.84427966101695,47.155720338983045,2809528.79,658653.12,3468181.91,81.00869166923253,18.99130833076746,52.0,0.6705372261902259,42.0,0.6705372261902259,4,4.875925730614775,2.053953879321817,56.839787982624536,55.7428013914654,2.6459423408960583,88.8,68.02384082314946,5.161319116477596,11.536588928380155,14.298002174724509,0.1728419105117094,17.4,717492.0,216.0,99.96990419502082,0.030095804979183738,,1,NY04
261,2014,New York,NY,False,NY-05,75712.0,,94400,Gregory W Meeks,[],True,[],216909.3,[],,,,216909.3,0.0,216909.3,100.0,0.0,0.0,0.0,0.0,0.0,5,38.90761092452863,32.70051748095871,90.8714731765384,86.38936499310229,2.6459423408960583,88.8,14.260913123148322,11.005599986299728,15.897239395132978,53.24139879780111,0.403087698868015,9.6,717708.0,0.0,100.0,0.0,,3,NY05
262,2014,New York,NY,False,NY-06,55368.0,,77306,Grace Meng,[],True,[],940169.53,[],,,,940169.53,0.0,940169.53,100.0,0.0,0.0,0.0,0.0,0.0,6,16.63155400698855,10.279711563194567,68.59541625899831,63.96855907533815,2.6459423408960583,88.8,46.13855416224646,30.25845732575325,17.418554887613453,4.356055454306413,0.30374742721395603,17.8,717707.0,0.0,100.0,0.0,,6,NY06
263,2014,New York,NY,False,NY-07,56593.0,5713.0,68522,Nydia M Velazquez,Jose Luis Fernandez,True,False,385985.0,21157.0,62306.0,90.83073861265368,9.169261387346324,385985.0,21157.0,407142.0,94.80353291971842,5.196467080281573,0.0,0.0,0.0,0.0,7,37.55993658427961,31.2927826197879,89.52379883628937,84.98163013193148,2.6459423408960583,88.8,34.56075060278855,15.36777249378151,38.2117908299898,12.607572739662057,0.4593582327097371,17.1,717708.0,0.0,100.0,0.0,,5,NY07
264,2014,New York,NY,False,NY-08,77255.0,,95113,Hakeem S Jeffries,[],True,[],639559.65,[],,,,639559.65,0.0,639559.65,100.0,0.0,0.0,0.0,0.0,0.0,8,37.83078217029674,32.64560627633493,89.7946444223065,86.33445378847851,2.6459423408960583,88.8,26.931854362450576,3.8471730087813896,14.930005648847121,55.19847994659271,0.33584963796025263,12.1,717671.0,37.0,99.99484470007302,0.0051552999269898064,,3,NY08
265,2014,New York,NY,False,NY-09,82659.0,,101606,Yvette D Clarke,[],True,[],246874.0,[],,,,246874.0,0.0,246874.0,100.0,0.0,0.0,0.0,0.0,0.0,9,34.072012527405406,30.81185481179979,86.03587477941517,84.50070232394337,2.6459423408960583,88.8,34.995519811176436,5.559805057149726,9.34523679437026,50.73955897458312,0.2283803571038311,15.7,717708.0,0.0,100.0,0.0,,3,NY09
266,2014,New York,NY,False,NY-10,89080.0,,113226,Jerrold Nadler,[],True,[],672644.91,[],,,,672644.91,0.0,672644.91,100.0,0.0,0.0,0.0,0.0,0.0,10,22.678721632241576,22.66783224597623,74.64258388425134,76.35667975811981,2.6459423408960583,88.8,69.92470867568497,13.767794474470723,10.469138888021078,5.018796796734252,0.25388692763493603,27.2,717707.0,0.0,100.0,0.0,,0,NY10
267,2014,New York,NY,False,NY-11,45244.0,58886.0,110999,Domenic M Recchia Jr,Michael G Grimm,False,True,2041063.58,972400.04,104130.0,43.44953423605109,56.55046576394891,2041063.58,972400.04,3013463.62,67.73148235318666,32.268517646813336,34.0,0.9051305805804588,53.0,0.9051305805804588,11,0.1963501550975621,-5.007821532418106,52.16021240710732,48.68102597972548,2.6459423408960583,88.8,69.48776179661871,10.385061821852132,12.4406762553621,7.110774665657331,0.21074943224829676,16.8,717708.0,0.0,100.0,0.0,,1,NY11
268,2014,New York,NY,False,NY-12,90603.0,22731.0,117420,Carolyn B Maloney,Nicholas S Di Iorio,True,False,713915.73,83243.42,113334.0,79.9433532743925,20.056646725607497,713915.73,83243.42,797159.15,89.55749049609479,10.44250950390521,0.0,0.0,0.0,0.0,12,26.185545324633352,27.256780381981784,78.14940757664311,80.94562789412537,2.6459423408960583,88.8,71.99876668641701,9.91572976316293,11.503435261252594,5.014794190795841,0.21322951705743265,44.1,717707.0,0.0,100.0,0.0,,0,NY12
269,2014,New York,NY,False,NY-13,68396.0,,91834,Charles B Rangel,[],True,[],932150.89,[],,,,932150.89,0.0,932150.89,100.0,0.0,0.0,0.0,0.0,0.0,13,43.4440857644656,40.143929130095145,95.40794801647536,93.83277664223873,2.6459423408960583,88.8,16.826320521166867,3.602286969499692,46.77016487969495,35.73633420578297,0.5256841200880422,16.1,717707.0,0.0,100.0,0.0,,5,NY13
270,2014,New York,NY,False,NY-14,50352.0,,67372,Joseph Crowley,[],True,[],741070.98,[],,,,741070.98,0.0,741070.98,100.0,0.0,0.0,0.0,0.0,0.0,14,29.57058258320224,22.922625826816716,81.534444835212,76.6114733389603,2.6459423408960583,88.8,33.89379142048533,13.91424535609593,38.11418763954495,13.67502544084813,0.45059412607522387,13.9,717669.0,39.0,99.9945660352121,0.005433964787908175,,5,NY14
271,2014,New York,NY,False,NY-15,54906.0,,61268,Jose E Serrano,[],True,[],25828.07,[],,,,25828.07,0.0,25828.07,100.0,0.0,0.0,0.0,0.0,0.0,15,45.02789124723465,41.09545313273078,96.9917534992444,94.78430064487436,2.6459423408960583,88.8,3.3608910170769453,1.7680128044021748,60.96165293191709,37.72959959787828,0.5896903398193097,4.7,717708.0,0.0,100.0,0.0,,5,NY15
272,2014,New York,NY,False,NY-16,99658.0,,138655,Eliot L Engel,[],True,[],780557.0,[],,,,780557.0,0.0,780557.0,100.0,0.0,0.0,0.0,0.0,0.0,16,22.30665984117977,19.71785794406132,74.27052209318953,73.4067054562049,2.6459423408960583,88.8,44.634221887899265,4.048117220933393,19.39522662671648,31.743121972393073,0.2374676300224825,13.3,717707.0,0.0,100.0,0.0,,3,NY16
273,2014,New York,NY,False,NY-17,98150.0,75781.0,181674,Nita M Lowey,Christopher E Day,True,False,1629343.26,195848.14,173931.0,56.430423558767565,43.56957644123244,1629343.26,195848.14,1825191.4,89.26972042493736,10.73027957506265,0.0,0.0,0.0,0.0,17,5.7333322124660455,4.791596105062688,57.69719446447581,58.48044361720627,2.6459423408960583,88.8,70.49562333821288,5.091950441934011,12.76145806214817,10.873155763067034,0.29085275552577555,16.7,706251.0,11457.0,98.40366834422913,1.5963316557708707,,1,NY17
274,2014,New York,NY,False,NY-18,88993.0,85660.0,186715,Sean Patrick Maloney,Nan Hayworth,True,False,2836901.85,1441554.3,174653.0,50.954177712378254,49.04582228762175,2836901.85,1441554.3,4278456.15,66.30667115753891,33.69332884246108,46.46580518266225,2.2609928698315813,42.75964169079774,2.2609928698315813,18,0.2097778715804992,-1.0490567531915929,52.17364012359026,52.63979075895199,2.6459423408960583,88.8,76.71881273896437,2.3195738645916366,10.992608299196743,8.986939416536286,0.3218168907385173,10.7,584759.0,132948.0,81.47600622538167,18.523993774618333,,1,NY18
275,2014,New York,NY,False,NY-19,72470.0,131594.0,210351,Sean S Eldridge,Christopher P Gibson,False,True,1869555.78,1544141.57,204064.0,35.513368355025875,64.48663164497412,1869555.78,1544141.57,3413697.35,54.76630141216239,45.23369858783761,34.14432648182735,1.8936456974578624,55.5554528195649,1.8936456974578624,19,1.2329937631848225,0.2119639302366565,53.19685601519458,53.90081144238024,2.6459423408960583,88.8,89.06846147046673,0.9964985451193399,4.685563579096621,4.0664500731499205,0.1515312776792624,8.5,262057.0,455651.0,36.513038728842375,63.486961271157625,,2,NY19
276,2014,New York,NY,False,NY-20,125111.0,79104.0,211965,Paul Tonko,James M Fischer,True,False,332456.9,118019.87,204215.0,61.26435374482776,38.73564625517225,332456.9,118019.87,450476.77,73.80111964485982,26.198880355140176,0.0,0.0,0.0,0.0,20,8.439778941420542,5.7208471523467495,60.4036411934303,59.40969466449033,2.6459423408960583,88.8,83.67533679413657,2.3426557587946983,4.418956504407541,8.077804654870944,0.14296197646291414,15.0,636501.0,81207.0,88.68523131970105,11.314768680298952,,1,NY20
277,2014,New York,NY,False,NY-21,59063.0,96226.0,181558,Aaron G Woolf,Elise M Stefanik,False,False,832228.17,1046694.31,155289.0,38.03424582552531,61.96575417447468,832228.17,1046694.31,1878922.48,44.29284224647736,55.70715775352265,32.50539432772919,1.519755441257789,48.48381701681241,1.519755441257789,21,1.1770162297778055,-1.1856827117183428,53.14087848178757,52.50316480042524,2.6459423408960583,88.8,92.36484510134586,0.5734446037346121,2.3235700898805804,3.1234314231753952,0.7500279861188851,7.7,303612.0,414095.0,42.30305681845098,57.696943181549024,,2,NY21
278,2014,New York,NY,False,NY-22,,129851.0,175372,[],Richard L Hanna,[],True,[],415681.66,,,,0.0,415681.66,415681.66,0.0,100.0,0.0,0.0,0.0,0.0,22,-2.208274631644024,-3.714941348947676,49.75558762036574,49.97390616319591,2.6459423408960583,88.8,91.5644224897695,1.2797914710948677,2.487035298621048,3.524211408937213,0.25956744834626005,9.1,412622.0,305086.0,57.4916261209294,42.5083738790706,,2,NY22
279,2014,New York,NY,False,NY-23,70242.0,113130.0,190554,Martha Robertson,Tom Reed,False,True,1925071.8,1366507.2,183372.0,38.30573915319678,61.69426084680322,1925071.8,1366507.2,3291579.0,58.48475154325629,41.515248456743706,0.0,0.0,0.0,0.0,23,-2.583744948011031,-3.2700089971012645,49.38011730399873,50.41883851504232,2.6459423408960583,88.8,91.93300876480149,1.1784957627118644,2.6506631646157417,2.858355583933132,0.5421769793359646,9.8,341322.0,376385.0,47.55729009191773,52.442709908082264,,2,NY23
280,2014,New York,NY,False,NY-24,80304.0,118474.0,203417,Daniel B Maffei,John M Katko,True,False,1222561.84,784773.0,198778.0,40.39883689341879,59.60116310658121,1222561.84,784773.0,2007334.84,60.9047287795792,39.0952712204208,42.77378867132751,1.332566167410375,48.904845314689965,1.332566167410375,24,6.165315204300661,3.526673853656036,58.12917745631042,57.21552136579962,2.6459423408960583,88.8,87.22981274653807,1.201489159253203,2.8702343670611277,7.080896821217748,0.5452244362534527,11.3,522564.0,195143.0,72.8102136387133,27.18978636128671,,1,NY24
281,2014,New York,NY,False,NY-25,96803.0,95932.0,196516,Louise Mcintosh Slaughter,Mark W Assini,True,False,492818.59,193015.52,192735.0,50.225957921498434,49.774042078501566,492818.59,193015.52,685834.11,71.85682117793762,28.14317882206237,0.0,0.0,0.0,0.0,25,7.896810472364535,5.8714989246714,59.8606727243743,59.56034643681498,2.6459423408960583,88.8,76.92801165449883,2.139924238362602,6.074241967658026,13.65539732338461,0.34756436873621527,12.6,685570.0,32137.0,95.5222674433996,4.477732556600396,,1,NY25
282,2014,New York,NY,False,NY-26,113210.0,52909.0,173911,Brian Higgins,Kathleen A Weppner,True,False,523742.5,50053.0,166119.0,68.14994070515714,31.85005929484285,523742.5,50053.0,573795.5,91.27685734726047,8.72314265273952,0.0,0.0,0.0,0.0,26,13.11817945041868,10.743188037588652,65.08204170242844,64.43203554973223,2.6459423408960583,88.8,76.292988401438,1.3616023355428462,4.369755014661569,16.462190086828148,0.3771695532685267,14.6,714453.0,3254.0,99.5466116395688,0.4533883604312066,,1,NY26
283,2014,New York,NY,False,NY-27,58911.0,144675.0,215147,James D O'Donnell,Chris Collins,False,True,10935.0,356833.0,203586.0,28.93666558604226,71.06333441395773,10935.0,356833.0,367768.0,2.973341889452046,97.02665811054796,0.0,0.0,0.0,0.0,27,-8.278859493960773,-8.490619461758172,43.68500275804899,45.19822805038541,2.6459423408960583,88.8,93.61875527312546,0.8167734755057713,1.8794765469330603,2.432010339813668,0.6324160338916115,11.1,416568.0,301139.0,58.041512762171756,41.95848723782825,,2,NY27
284,2014,North Carolina,NC,False,NC-01,154333.0,55990.0,210323,G K Butterfield,Arthur Rich,True,False,167568.0,11423.0,210323.0,73.37904080866096,26.620959191339036,167568.0,11423.0,178991.0,93.61811487728431,6.381885122715667,0.0,0.0,0.0,0.0,1,20.013359539027206,17.240482337272667,71.97722179103697,70.92932984941625,2.6459423408960583,88.8,40.4919554984211,0.8522063752176563,2.189380460396519,54.46468413487191,0.7623905072412857,8.1,468224.0,265275.0,63.83430652257195,36.16569347742805,,3,NC01
285,2014,North Carolina,NC,False,NC-02,85479.0,122128.0,207607,Clay Aiken,Renee L Ellmers,False,True,1058518.82,539995.9,207607.0,41.17346717596227,58.82653282403773,1058518.82,539995.9,1598514.7200000002,66.21889725231932,33.78110274768067,0.0,0.0,0.0,0.0,2,-9.818875648741717,-9.931486105654592,42.144986603268045,43.75736140648899,2.6459423408960583,88.8,73.31126244586372,2.2465010460151307,5.136439658180945,16.807947045126447,0.9630585978248224,7.3,479110.0,254389.0,65.31842579199154,34.68157420800846,,4,NC02
286,2014,North Carolina,NC,False,NC-03,66182.0,139415.0,205597,Marshall Adame,Walter B Jones,False,True,24197.76,402721.21,205597.0,32.190158416708414,67.80984158329159,24197.76,402721.21,426918.97,5.667998308906254,94.33200169109377,0.0,0.0,0.0,0.0,3,-10.542807273635477,-10.35305478064457,41.421054978374286,43.33579273149901,2.6459423408960583,88.8,75.10062199479466,1.0020733159821782,3.961533371564692,18.516564471304424,0.4735983060567294,5.8,419673.0,313826.0,57.21521092734959,42.784789072650405,,4,NC03
287,2014,North Carolina,NC,False,NC-04,169946.0,57416.0,227362,David E Price,Paul Wright,True,False,369373.25,0,227362.0,74.74687942576156,25.25312057423844,369373.25,0.0,369373.25,100.0,0.0,0.0,0.0,0.0,0.0,4,20.30696933194635,19.036628396677813,72.27083158395611,72.7254759088214,2.6459423408960583,88.8,56.958192594721964,3.3537081235650334,4.433597222169689,33.24337409552196,0.4625934737630447,14.1,662136.0,71362.0,90.27100278392034,9.728997216079662,,3,NC04
288,2014,North Carolina,NC,False,NC-05,88973.0,139279.0,228252,"Joshua \""Josh\"" Brannon",Virginia Foxx,False,True,10831.0,793909.99,228252.0,38.980162276781805,61.0198377232182,10831.0,793909.99,804740.99,1.345898883565009,98.654101116435,0.0,0.0,0.0,0.0,5,-11.725752026603324,-11.197924963346814,40.23811022540644,42.49092254879677,2.6459423408960583,88.8,82.7346429912402,0.9857065262958359,2.610992231728522,12.657616442051465,0.26228396659388087,9.1,443013.0,290486.0,60.39721935544561,39.60278064455439,,2,NC05
289,2014,North Carolina,NC,False,NC-06,103758.0,147312.0,251070,Laura Fjeld,Mark Walker,False,False,787215.66,632441.11,251070.0,41.3263233361214,58.6736766638786,787215.66,632441.11,1419656.77,55.45112569709367,44.54887430290633,0.0,0.0,0.0,0.0,6,-10.203324067353016,-9.973258617602966,41.760538184656745,43.715588894540616,2.6459423408960583,88.8,79.59374687415156,1.239979422986239,2.1543347480030293,15.621382946799844,0.4926337148654635,8.3,412814.0,320685.0,56.28010399468847,43.719896005311526,,4,NC06
290,2014,North Carolina,NC,False,NC-07,84054.0,134431.0,226504,Jonathan Barfield Jr,David Rouzer,False,False,53141.16,885405.18,218485.0,38.47129093530448,61.52870906469552,53141.16,885405.18,938546.34,5.662070985221678,94.33792901477833,0.0,0.0,0.0,0.0,7,-11.741902742625989,-11.788196884775054,40.22195950938377,41.90065062736853,2.6459423408960583,88.8,76.01315811139388,0.48172006813237883,2.843849881902657,17.831509578600137,1.7856391435518486,7.0,352248.0,381250.0,48.023034827634156,51.976965172365844,,4,NC07
291,2014,North Carolina,NC,False,NC-08,65854.0,121568.0,187422,Antonio Blue,Richard Hudson,False,True,9740.0,498805.62,187422.0,35.136750221425444,64.86324977857456,9740.0,498805.62,508545.62,1.915265733681867,98.08473426631814,0.0,0.0,0.0,0.0,8,-10.573029536255907,-11.651192602706018,41.39083271575385,42.03765490943756,2.6459423408960583,88.8,69.47653944989055,0.8350623393927857,2.47206624155325,18.94222899019701,7.376606072142382,4.0,392766.0,340733.0,53.54690326776178,46.45309673223822,,4,NC08
292,2014,North Carolina,NC,False,NC-09,,163080.0,173668,[],Robert Pittenger,[],True,[],323989.99,,,,0.0,323989.99,323989.99,0.0,100.0,0.0,0.0,0.0,0.0,9,-8.720058538175543,-8.255778460792975,43.24380371383422,45.43306905135061,2.6459423408960583,88.8,79.05297040462254,2.599431924636334,4.007441937151979,13.059550486011705,0.3432434255394093,14.1,667199.0,66299.0,90.96125688140935,9.038743118590643,,1,NC09
293,2014,North Carolina,NC,False,NC-10,85292.0,133504.0,218796,Tate Macqueen,Patrick T Mchenry,False,True,75242.12,646043.71,218796.0,38.982431123055264,61.017568876944736,75242.12,646043.71,721285.83,10.431664795078534,89.56833520492147,0.0,0.0,0.0,0.0,10,-10.612826689389657,-11.26539450660627,41.351035562620105,42.42345300553731,2.6459423408960583,88.8,84.33691846916987,0.9680589325519976,2.216293159820948,11.306545371778705,0.2958911236275746,6.8,468720.0,264779.0,63.901927609989926,36.098072390010074,,2,NC10
294,2014,North Carolina,NC,False,NC-11,85342.0,144682.0,230024,Tom Hill,Mark Meadows,False,True,14929.23,227617.85,230024.0,37.10134594650993,62.89865405349006,14929.23,227617.85,242547.08,6.155188510205935,93.84481148979404,0.0,0.0,0.0,0.0,11,-13.669994650333471,-12.683252884424554,38.29386760167629,41.00559462771903,2.6459423408960583,88.8,91.87214707960908,0.8398085748506354,1.8323574438534744,3.0483174893774474,1.389393054612985,6.1,326178.0,407321.0,44.46877228189813,55.53122771810186,,2,NC11
295,2014,North Carolina,NC,False,NC-12,130096.0,42568.0,172664,Alma Adams,Vince Coakley,True,False,457916.51,330944.68,172664.0,75.34633739517213,24.65366260482788,457916.51,330944.68,788861.19,58.04779292032354,41.95220707967647,0.0,0.0,0.0,0.0,12,27.105124452324787,24.83008818752262,79.06898670433455,78.5189356996662,2.6459423408960583,88.8,36.53075520796533,2.7778506784133143,4.088447088606573,54.9863025313568,0.38639579930836365,9.9,704408.0,29091.0,96.03394142323303,3.966058576766976,,3,NC12
296,2014,North Carolina,NC,False,NC-13,114718.0,153991.0,268709,Brenda Cleary,George Holding,False,True,68321.97,884848.06,268709.0,42.692280496745546,57.30771950325445,68321.97,884848.06,953170.03,7.16786804553643,92.83213195446358,0.0,0.0,0.0,0.0,13,-7.98570486009163,-8.301178231043586,43.97815739191813,45.3876692811,2.6459423408960583,88.8,76.05710881043856,1.836947771661882,3.024286560116847,17.67448202181924,0.33227555524011065,12.1,505267.0,228231.0,68.88457773572661,31.115422264273384,,4,NC13
297,2014,North Dakota,ND,False,ND-00,95678.0,138100.0,248670,George Sinner,Kevin Cramer,False,True,790377.43,933837.04,233778.0,40.92686223682297,59.07313776317703,790377.43,933837.04,1724214.4700000002,45.83985598960899,54.160144010391,0.0,0.0,0.0,0.0,0,-12.08175739242958,-8.11760770422196,39.88210485958018,45.57123980792162,2.6459423408960583,88.8,91.1755259954141,0.48977137778308893,1.879542008678831,0.9815966957703769,4.399353195557514,10.1,402872.0,269719.0,59.898511874229655,40.10148812577034,,2,ND00
298,2014,Ohio,OH,False,OH-01,72604.0,124779.0,197383,Fred Kundrata,Steve Chabot,False,True,43582.83,555177.5,197383.0,36.78330960619709,63.21669039380291,43582.83,555177.5,598760.33,7.278843940780113,92.7211560592199,0.0,0.0,0.0,0.0,1,-5.073572621985704,-5.991555926581043,46.89028963002406,47.69729158556254,2.6459423408960583,88.8,75.14988192275463,1.5654757370305477,1.262283842462101,20.6724689571113,0.17997257560752647,10.4,666974.0,54058.0,92.50269058793506,7.497309412064928,,1,OH01
299,2014,Ohio,OH,False,OH-02,68453.0,132658.0,201111,Marek Tyszkiewicz,Brad R Wenstrup,False,True,83290.24,677411.11,201111.0,34.03742212012272,65.96257787987729,83290.24,677411.11,760701.35,10.949137923838313,89.05086207616168,0.0,0.0,0.0,0.0,2,-7.59894278177773,-8.703566559348367,44.36491947023203,44.985280952795215,2.6459423408960583,88.8,88.43501627709183,0.8451989911135876,1.0550781593688594,8.234778719535443,0.1748687567821216,12.3,529115.0,191916.0,73.38311390217619,26.616886097823812,,1,OH02
300,2014,Ohio,OH,False,OH-03,91769.0,51475.0,143261,Joyce Beatty,John Adams,True,False,243338.61,0.0,143244.0,64.06481248778309,35.93518751221691,243338.61,0.0,243338.61,100.0,0.0,0.0,0.0,0.0,0.0,3,18.71281728742403,14.56693268856938,70.67667953943379,68.25578020071296,2.6459423408960583,88.8,62.83481312346032,1.892656141683867,2.4903164152916437,30.079426935444076,0.23401180437788108,10.7,719745.0,1286.0,99.82164428436504,0.1783557156349727,,1,OH03
301,2014,Ohio,OH,False,OH-04,60165.0,125907.0,186072,Janet Garrett,Jim Jordan,False,True,39017.66,557698.95,186072.0,32.33425770669418,67.66574229330583,39017.66,557698.95,596716.61,6.538725308819543,93.46127469118044,0.0,0.0,0.0,0.0,4,-9.090178689775357,-9.175830789260154,42.873683562234405,44.51301672288343,2.6459423408960583,88.8,90.74018964902805,0.4680605613052791,2.312931918129815,5.123499652812221,0.2691164530267794,5.8,454359.0,266673.0,63.01509503045635,36.98490496954365,,2,OH04
302,2014,Ohio,OH,False,OH-05,58507.0,134449.0,202300,Robert L Fry,Robert E Latta,False,True,33226.02,590355.74,192956.0,30.321420427454964,69.67857957254505,33226.02,590355.74,623581.76,5.328253988699092,94.67174601130093,0.0,0.0,0.0,0.0,5,-6.966160182180879,-6.818904739834473,44.99770206982888,46.86994277230911,2.6459423408960583,88.8,92.02656355016092,0.9141693517393624,3.4271788249308313,2.800975551115345,0.1828702986942259,9.4,448961.0,272070.0,62.26653222954353,37.73346777045647,,2,OH05
303,2014,Ohio,OH,False,OH-06,73561.0,111026.0,190652,Jennifer Garrison,Bill Johnson,False,True,222034.96,954901.63,184587.0,39.85166886075401,60.14833113924599,222034.96,954901.63,1176936.59,18.865498947568614,81.13450105243138,0.0,0.0,0.0,0.0,6,-8.3626294781088,-7.985976422944809,43.60123277390096,45.70287108919877,2.6459423408960583,88.8,95.59043308150638,0.27223084316389157,0.6829933579969824,2.343941566123816,0.14783870904232374,5.7,307769.0,413263.0,42.68451330870197,57.31548669129802,,2,OH06
304,2014,Ohio,OH,False,OH-07,,143959.0,143959,[],Bob Gibbs,[],True,[],385080.5,,,,0.0,385080.5,385080.5,0.0,100.0,0.0,0.0,0.0,0.0,7,-6.804032052481972,-5.767667558359641,45.15983019952779,47.92117995378394,2.6459423408960583,88.8,93.44623390771179,0.40649359252743694,1.2605165725726315,3.660834553979552,0.1538382269592292,6.0,428997.0,292034.0,59.49771923814649,40.50228076185351,,2,OH07
305,2014,Ohio,OH,False,OH-08,51534.0,126539.0,188330,Tom Poetter,John A Boehner,False,True,187710.14,5387991.15,178073.0,28.939816816698773,71.06018318330123,187710.14,5387991.15,5575701.29,3.366574539002967,96.63342546099705,0.0,0.0,0.0,0.0,8,-14.90735374090275,-14.936650675588226,37.05650851110701,38.75219683655536,2.6459423408960583,88.8,90.6921829120552,1.097606731987956,1.4855024444149925,5.456673467597268,0.17285439350694684,6.7,545679.0,175353.0,75.68027493925374,24.319725060746265,,1,OH08
306,2014,Ohio,OH,False,OH-09,108870.0,51704.0,160715,Marcy Kaptur,Richard May,True,False,222753.46,0,160574.0,67.80051565010524,32.19948434989475,222753.46,0.0,222753.46,100.0,0.0,0.0,0.0,0.0,0.0,9,16.673077524011276,14.192466169502666,68.63693977602104,67.88131368164625,2.6459423408960583,88.8,75.39744259162565,0.8874644032898953,7.554649513588778,14.781013112920727,0.3388399453412285,7.7,694889.0,26143.0,96.37422472234242,3.6257752776575796,,1,OH09
307,2014,Ohio,OH,False,OH-10,63249.0,130752.0,200606,Robert Klepinger,Michael R Turner,False,True,0,542810.48,194001.0,32.60240926593162,67.39759073406837,0.0,542810.48,542810.48,0.0,100.0,0.0,0.0,0.0,0.0,10,-2.937767653775865,-3.687073809334308,49.0260945982339,50.00177370280928,2.6459423408960583,88.8,79.16636988090215,1.3677714402602217,1.519360476902762,16.41983222929029,0.18026310742914126,9.0,664625.0,56407.0,92.1769075436319,7.823092456368094,,1,OH10
308,2014,Ohio,OH,False,OH-11,137105.0,35461.0,172566,Marcia L Fudge,Mark Zetzer,True,False,186762.96,0,172566.0,79.45076086830547,20.54923913169454,186762.96,0.0,186762.96,100.0,0.0,0.0,0.0,0.0,0.0,11,31.37054022915696,28.968320116968627,83.33440248116672,82.65716762911221,2.6459423408960583,88.8,41.93477735484261,1.4383571989607877,3.036259138420639,52.24627666002054,0.27585191227116185,9.7,713536.0,7496.0,98.96037901230459,1.0396209876954143,,3,OH11
309,2014,Ohio,OH,False,OH-12,61360.0,150573.0,221081,David Arthur Tibbs,Patrick J Tiberi,False,True,0,1159329.93,211933.0,28.95254632360227,71.04745367639774,0.0,1159329.93,1159329.93,0.0,100.0,0.0,0.0,0.0,0.0,12,-7.292439626165375,-8.250296608623692,44.67142262584439,45.43855090351989,2.6459423408960583,88.8,90.86175820250867,1.857842207685807,1.3627735627083881,4.425239847778819,0.13237424906610795,11.4,550479.0,170552.0,76.3460933025071,23.653906697492896,,1,OH12
310,2014,Ohio,OH,False,OH-13,120230.0,55233.0,175549,Tim Ryan,Thomas Pekarek,True,False,435249.0,0,175463.0,68.52156864980081,31.478431350199187,435249.0,0.0,435249.0,100.0,0.0,0.0,0.0,0.0,0.0,13,12.030647757290716,9.813039064577213,63.99451000930048,63.50188657672079,2.6459423408960583,88.8,85.43223330581917,0.5763590294149911,2.059067359376489,10.665789090359787,0.1945773696808176,8.0,652137.0,68894.0,90.44507101636407,9.554928983635932,,1,OH13
311,2014,Ohio,OH,False,OH-14,70856.0,135736.0,214580,Michael Wager,David P Joyce,False,True,858402.9,1164380.0,206592.0,34.29755266418835,65.70244733581166,858402.9,1164380.0,2022782.9,42.43672912204271,57.563270877957294,0.0,0.0,0.0,0.0,14,-3.64392805156303,-3.8575002403649776,48.31993420044673,49.83134727177861,2.6459423408960583,88.8,92.31490985341885,1.278155313956883,1.4643425698615347,4.059396305266309,0.0993365931404502,12.6,548350.0,172682.0,76.05071619567508,23.94928380432491,,1,OH14
312,2014,Ohio,OH,False,OH-15,66125.0,128496.0,194621,Scott Wharton,Steve Stivers,False,True,78254.75,1198613.81,194621.0,33.976292383658496,66.02370761634151,78254.75,1198613.81,1276868.56,6.128645692396091,93.87135430760392,0.0,0.0,0.0,0.0,15,-4.77593237815487,-6.80914226547624,47.18792987385489,46.87970524666734,2.6459423408960583,88.8,92.53859610876995,1.2150409968236695,1.1534241491199781,3.6620586152784558,0.19331835551479795,11.7,456166.0,264865.0,63.265795784092504,36.7342042159075,,2,OH15
313,2014,Ohio,OH,False,OH-16,75199.0,132176.0,207375,Pete Crossland,James B Renacci,False,True,28454.0,867736.18,207375.0,36.26232670283303,63.73767329716696,28454.0,867736.18,896190.18,3.174995735838123,96.82500426416188,0.0,0.0,0.0,0.0,16,-6.105060544656972,-5.756191898168005,45.85880170735279,47.93265561397558,2.6459423408960583,88.8,94.19872319528565,1.3879340135683236,1.5270729888506938,1.925028646259617,0.1509612411560357,11.0,607913.0,113118.0,84.31163153872718,15.688368461272816,,1,OH16
314,2014,Oklahoma,OK,False,OK-01,,1.0,1,[],Jim Bridenstine,[],True,[],466719.73,,,,0.0,466719.73,466719.73,0.0,100.0,0.0,0.0,0.0,0.0,1,-17.739302411852705,-17.85897140617157,34.224559840157056,35.82987610597201,2.6459423408960583,88.8,74.49959573617836,1.5326710221833966,4.3788741949573895,8.503480386234584,5.301525050416809,8.7,675964.0,74306.0,90.09609873778773,9.903901262212269,,1,OK01
315,2014,Oklahoma,OK,False,OK-02,38964.0,110925.0,158407,Earl E Everett,Markwayne Mullin,False,True,0,709039.32,149889.0,25.995236474991497,74.00476352500851,0.0,709039.32,709039.32,0.0,100.0,0.0,0.0,0.0,0.0,2,-19.770668987362438,-19.39704850451781,32.19319326464733,34.29179900762577,2.6459423408960583,88.8,71.06850487791829,0.3918386274055182,2.3271326401398276,3.539388967165457,13.8739767072714,3.5,260107.0,490163.0,34.6684526903648,65.3315473096352,,2,OK02
316,2014,Oklahoma,OK,False,OK-03,36270.0,133335.0,169605,Frankie Robbins,Frank D Lucas,False,True,0,385824.98,169605.0,21.384982754046167,78.61501724595384,0.0,385824.98,385824.98,0.0,100.0,0.0,0.0,0.0,0.0,3,-25.88428814992476,-26.61654871627957,26.079574102085,27.072298795864008,2.6459423408960583,88.8,81.22225217938347,0.8521614091848657,4.975465084928552,3.8903567897905993,5.232317785566639,7.0,392695.0,357575.0,52.34049075666094,47.659509243339066,,2,OK03
317,2014,Oklahoma,OK,False,OK-04,40998.0,117721.0,166268,Bert Smith,Tom Cole,False,True,0,743749.58,158719.0,25.830555888078933,74.16944411192107,0.0,743749.58,743749.58,0.0,100.0,0.0,0.0,0.0,0.0,4,-19.074842919204983,-19.79393537447814,32.88901933280478,33.89491213766544,2.6459423408960583,88.8,77.39719254877726,1.707424737353227,5.289485300609164,6.357729319325506,4.809570053853625,7.6,498758.0,251512.0,66.47713489810336,33.52286510189665,,1,OK04
318,2014,Oklahoma,OK,False,OK-05,57790.0,95632.0,159133,Al Mcaffrey,Steve Russell,False,False,170376.64,645297.56,153422.0,37.667348880864544,62.33265111913545,170376.64,645297.56,815674.2000000001,20.887829969367672,79.11217003063233,0.0,0.0,0.0,0.0,5,-11.174008830577392,-12.928864238047822,40.78985342143237,40.75998327409576,2.6459423408960583,88.8,69.63406038742535,2.101017067329554,6.061478764361718,13.852616182132355,4.446638069542548,9.0,657505.0,92766.0,87.63566764542412,12.364332354575879,,1,OK05
319,2014,Oregon,OR,False,OR-01,160038.0,96245.0,279253,Suzanne Bonamici,Jason Yates,True,False,437353.13,17428.0,256283.0,62.445811856424335,37.55418814357566,437353.13,17428.0,454781.13,96.16782692808736,3.832173071912636,0.0,0.0,0.0,0.0,1,6.913005583439137,7.53552361372428,58.8768678354489,61.22437112586786,2.6459423408960583,88.8,83.54269153737528,5.398395894671749,6.469953021311158,1.4246818093717408,0.8022372562230611,9.9,673623.0,92593.0,87.91554861814423,12.08445138185577,,1,OR01
320,2014,Oregon,OR,False,OR-02,73785.0,202374.0,287425,Aelea Christofferson,Greg Walden,False,True,104918.39,1445288.64,276159.0,26.718303585977644,73.28169641402236,104918.39,1445288.64,1550207.0299999998,6.768024397360656,93.23197560263937,0.0,0.0,0.0,0.0,2,-10.37792670218628,-9.12807808756127,41.58593554982348,44.56076942458231,2.6459423408960583,88.8,88.0798843026018,0.9599530503311628,6.592341335270939,0.569229801861219,1.7730137215996422,4.8,515734.0,250481.0,67.3093061347011,32.690693865298904,,2,OR02
321,2014,Oregon,OR,False,OR-03,211748.0,57424.0,292757,Earl Blumenauer,James Buchal,True,False,374783.57,7958.55,269172.0,78.66642890047999,21.33357109952001,374783.57,7958.55,382742.12,97.92064954857857,2.0793504514214427,0.0,0.0,0.0,0.0,3,22.513962497221044,21.306862723098945,74.4778247492308,74.99571023524253,2.6459423408960583,88.8,81.18328032807831,5.584367621344694,4.9976633346577355,4.751919653718448,0.8496010165806972,10.7,719439.0,46776.0,93.89518607701494,6.1048139229850635,,1,OR03
322,2014,Oregon,OR,False,OR-04,181624.0,116534.0,310179,Peter A Defazio,Art Robinson,True,False,588241.08,602180.93,298158.0,60.91535360446475,39.08464639553525,588241.08,602180.93,1190422.01,49.4144996529424,50.5855003470576,0.0,0.0,0.0,0.0,4,1.530097928872756,2.253526884043083,53.49396018088252,55.942374396186665,2.6459423408960583,88.8,89.87937057966676,1.6049917467601644,4.039822927450092,0.6652763539243445,1.2977738829695609,6.9,549946.0,216268.0,71.77446509721827,28.225534902781728,,1,OR04
323,2014,Oregon,OR,False,OR-05,150944.0,110332.0,281088,Kurt Schrader,Tootie Smith,True,False,588981.58,45471.4,261276.0,57.77185811172859,42.22814188827141,588981.58,45471.4,634452.98,92.83297558157896,7.167024418421048,0.0,0.0,0.0,0.0,5,-0.2367444695141713,0.8162380528884583,51.72711778249559,54.50508556503204,2.6459423408960583,88.8,86.2278766117783,2.436794889842392,7.160655881562518,0.8630886544336358,1.0303680695589856,6.3,645640.0,120574.0,84.26366524234744,15.736334757652562,,1,OR05
324,2014,Pennsylvania,PA,False,PA-01,131248.0,27193.0,158441,Robert A Brady,Megan Rath,True,False,377505.0,41406.46,158441.0,82.83714442600085,17.162855573999156,377505.0,41406.46,418911.46,90.11570129878996,9.884298701210035,0.0,0.0,0.0,0.0,1,31.0048368687978,25.59805480833053,82.96869912080756,79.28690232047411,2.6459423408960583,88.8,48.38336739004331,4.835244349314722,12.34954917809133,34.08035766619573,0.3064093313364177,11.2,705688.0,0.0,100.0,0.0,,3,PA01
325,2014,Pennsylvania,PA,False,PA-02,181141.0,25397.0,206538,Chaka Fattah,Armond James,True,False,148144.48,0,206538.0,87.70347345282708,12.296526547172917,148144.48,0.0,148144.48,100.0,0.0,0.0,0.0,0.0,0.0,2,39.02568804524773,37.55300484001842,90.9895502972575,91.241852352162,2.6459423408960583,88.8,32.872821150901714,3.2833146446226804,4.812374037469313,57.782016369075336,0.3051040669366285,14.4,705688.0,0.0,100.0,0.0,,3,PA02
326,2014,Pennsylvania,PA,False,PA-03,73931.0,113859.0,187790,Dan Lavallee,Mike Kelly,False,True,342071.77,600680.5,187790.0,39.36897598381171,60.63102401618829,342071.77,600680.5,942752.27,36.28437510948661,63.71562489051339,30.0,0.4717260890848259,52.0,0.4717260890848259,3,-8.326899751392183,-6.712459045529784,43.63696250061758,46.9763884666138,2.6459423408960583,88.8,93.23269484250683,0.46298846016867323,1.4080576881418412,4.100807384317138,0.10996434878708773,8.8,418189.0,287499.0,59.259757853328956,40.74024214667105,,2,PA03
327,2014,Pennsylvania,PA,False,PA-04,50250.0,147090.0,197340,Linda Deliah Thompson,Scott Perry,False,True,6967.0,293234.31,197340.0,25.46366676801459,74.53633323198541,6967.0,293234.31,300201.31,2.320776015267888,97.6792239847321,0.0,0.0,0.0,0.0,4,-9.859610745249704,-8.107747806044664,42.10425150676006,45.58109970609892,2.6459423408960583,88.8,87.0878680432051,1.1854561181764964,4.056351576569019,6.761518069863428,0.10570115096808833,8.8,539344.0,166343.0,76.4282181760469,23.57178182395311,,1,PA04
328,2014,Pennsylvania,PA,False,PA-05,65839.0,115018.0,180857,Kerith Strano Taylor,Glenn Thompson,False,True,126612.72,799574.64,180857.0,36.403899213190535,63.59610078680947,126612.72,799574.64,926187.36,13.670313963256852,86.32968603674314,0.0,0.0,0.0,0.0,5,-9.8981325768709,-5.905888631261853,42.06572967513886,47.78295888088173,2.6459423408960583,88.8,94.41294082689836,0.8113971496386035,1.4781640550883712,2.509191538414724,0.20029856837537993,8.7,358049.0,347639.0,50.737578079831316,49.262421920168684,,2,PA05
329,2014,Pennsylvania,PA,False,PA-06,92901.0,119643.0,212544,Manan Trivedi,Ryan Costello,False,False,675855.61,907503.12,212544.0,43.70906729900632,56.29093270099368,675855.61,907503.12,1583358.73,42.68493280736198,57.315067192638026,0.0,0.0,0.0,0.0,6,-3.2073421738422923,-0.1130063490254613,48.75652007816747,53.57584116311812,2.6459423408960583,88.8,88.98404746309171,2.4412987792562277,3.6405233323077093,4.025604095447175,0.0866431717063797,14.3,628548.0,77140.0,89.06882361610229,10.9311763838977,,1,PA06
330,2014,Pennsylvania,PA,False,PA-07,89256.0,145869.0,235125,Mary Ellen Balchunis,Patrick Meehan,False,True,69620.53,840574.0,235125.0,37.961084529505584,62.038915470494416,69620.53,840574.0,910194.53,7.648972577323662,92.35102742267634,0.0,0.0,0.0,0.0,7,-2.891723561452821,-1.954596491718945,49.07213869055694,51.73425102042464,2.6459423408960583,88.8,89.30276047477231,2.911169265096258,1.9200848855869466,5.03688346480691,0.07506504696739091,14.0,618515.0,87173.0,87.64709049891736,12.352909501082632,,1,PA07
331,2014,Pennsylvania,PA,False,PA-08,84767.0,137731.0,222498,Kevin Strouse,Michael G Fitzpatrick,False,True,1007733.9,1770286.7,222498.0,38.097870542656565,61.90212945734344,1007733.9,1770286.7,2778020.6,36.2752493628017,63.72475063719829,0.0,0.0,0.0,0.0,8,-1.9996632825178509,0.1098987511736382,49.96419896949191,53.79874626331722,2.6459423408960583,88.8,89.62264328365225,3.1990220508721614,3.032394564859655,3.2610842070619213,0.1197987681602332,16.7,638517.0,67171.0,90.4814875695775,9.51851243042251,,1,PA08
332,2014,Pennsylvania,PA,False,PA-09,63223.0,110094.0,173317,Alanna Hartzok,Bill Shuster,False,True,21625.0,1886939.74,173317.0,36.4782450654004,63.521754934599606,21625.0,1886939.74,1908564.74,1.1330503779505012,98.86694962204948,0.0,0.0,0.0,0.0,9,-15.618137170876892,-12.265641739248402,36.34572508113287,41.42320577289518,2.6459423408960583,88.8,94.92561288240563,0.3818164017883367,1.0109250979922912,2.833889922295105,0.147215060898447,7.5,374784.0,330904.0,53.10902268424573,46.89097731575427,,2,PA09
333,2014,Pennsylvania,PA,False,PA-10,44737.0,112851.0,180322,Scott F Brion,Tom Marino,False,True,153134.67,498945.84,157588.0,28.388582887021855,71.61141711297815,153134.67,498945.84,652080.51,23.484012733335643,76.51598726666437,0.0,0.0,0.0,0.0,10,-12.946739614385798,-10.84482103441708,39.01712263762396,42.8440264777265,2.6459423408960583,88.8,92.70662855230904,0.5864446723547254,2.753653232082979,3.116612477360508,0.1983910503996916,7.1,280769.0,424918.0,39.786619280219135,60.213380719780865,,2,PA10
334,2014,Pennsylvania,PA,False,PA-11,62228.0,122464.0,184692,Andy Ostrowski,Lou Barletta,False,True,8775.0,662788.38,184692.0,33.69285080025123,66.30714919974878,8775.0,662788.38,671563.38,1.3066525455869855,98.693347454413,0.0,0.0,0.0,0.0,11,-6.704570366997814,-6.028679466981444,45.25929188501195,47.66016804516214,2.6459423408960583,88.8,90.79330249403964,0.8903111799133239,2.88689378698981,4.6691591241835315,0.18182282862285637,9.0,458741.0,246947.0,65.00620670891385,34.99379329108614,,2,PA11
335,2014,Pennsylvania,PA,False,PA-12,87928.0,127993.0,215921,Erin Mcclelland,Keith J Rothfus,False,True,275275.23,1408446.33,215921.0,40.72230121201736,59.27769878798264,275275.23,1408446.33,1683721.56,16.34921334617821,83.65078665382178,0.0,0.0,0.0,0.0,12,-10.505435193811737,-8.436853506788815,41.458427058198026,45.25199400535477,2.6459423408960583,88.8,94.40364116066495,0.9619416644020395,0.8928330396816684,3.02494209453124,0.07756723243354144,14.6,527003.0,178685.0,74.67932003945086,25.320679960549136,,1,PA12
336,2014,Pennsylvania,PA,False,PA-13,123601.0,60549.0,184150,Brendan F Boyle,Carson Dee Adcock,False,False,576647.06,195522.38,184150.0,67.11973934292696,32.88026065707304,576647.06,195522.38,772169.4400000001,74.6788243782349,25.32117562176509,0.0,0.0,0.0,0.0,13,14.823229529055482,12.28822460580588,66.78709178106524,65.97707211794946,2.6459423408960583,88.8,67.79183830720446,6.345217279633307,7.793418881940946,17.36399648322121,0.2088334370585504,13.5,705687.0,0.0,100.0,0.0,,1,PA13
337,2014,Pennsylvania,PA,False,PA-14,148351.0,,148351,Michael F Doyle,[],True,[],187779.0,[],,,,187779.0,0.0,187779.0,100.0,0.0,0.0,0.0,0.0,0.0,14,16.97291309028411,14.030355856268187,68.93677534229387,67.71920336841177,2.6459423408960583,88.8,76.29611228862781,1.397889048141569,1.4892111273540902,19.046819096501167,0.1574456982118029,18.5,704616.0,1072.0,99.84809150786184,0.1519084921381687,,1,PA14
338,2014,Pennsylvania,PA,False,PA-15,,128285.0,128285,[],Charles W Dent,[],True,[],848586.99,,,,0.0,848586.99,848586.99,0.0,100.0,0.0,0.0,0.0,0.0,15,-3.43568648346735,-0.9119802753898298,48.52817576854241,52.77686723675375,2.6459423408960583,88.8,83.35719325418914,1.773763271111376,10.222036886382718,3.994318298170202,0.21241224730668343,10.2,584963.0,120724.0,82.89269888775051,17.10730111224948,,1,PA15
339,2014,Pennsylvania,PA,False,PA-16,74513.0,101722.0,176235,Tom Houghton,Joseph R Pitts,False,True,127272.23,232458.32,176235.0,42.28047777115784,57.719522228842166,127272.23,232458.32,359730.55,35.37987807818936,64.62012192181065,0.0,0.0,0.0,0.0,16,-5.058621714092112,-3.08901518573898,46.90524053791765,50.5998323264046,2.6459423408960583,88.8,81.12095498232826,1.3179023764355828,11.000165303568195,5.9741496705736035,0.233392895095207,7.3,603149.0,102539.0,85.46964097448165,14.530359025518361,,1,PA16
340,2014,Pennsylvania,PA,False,PA-17,93680.0,71371.0,165051,Matt Cartwright,David J Moylan,True,False,945764.16,47710.0,165051.0,56.75821412775445,43.24178587224555,945764.16,47710.0,993474.16,95.1976607021163,4.802339297883701,0.0,0.0,0.0,0.0,17,4.18049754632699,3.90575903949631,56.14435979833675,57.59460655163989,2.6459423408960583,88.8,88.1248334271077,1.1476872279309425,5.037164263081524,5.069368355592408,0.1519514939737629,8.7,565672.0,140015.0,80.15905068394345,19.84094931605655,,1,PA17
341,2014,Pennsylvania,PA,False,PA-18,,166076.0,166076,[],Tim Murphy,[],True,[],698678.66,,,,0.0,698678.66,698678.66,0.0,100.0,0.0,0.0,0.0,0.0,18,-10.532239378914468,-9.489596951203254,41.43162287309529,44.19925056094033,2.6459423408960583,88.8,95.11171602356761,0.8811784525708081,0.9009559734405875,2.3481311141756276,0.128014498720754,14.4,573365.0,132323.0,81.24907891306073,18.75092108693927,,1,PA18
342,2014,Rhode Island,RI,False,RI-01,87060.0,58877.0,146353,David N Cicilline,Comick Brendan Lynch,True,False,1022250.35,17215.0,145937.0,59.6558789066515,40.3441210933485,1022250.35,17215.0,1039465.35,98.34386013925332,1.656139860746681,0.0,0.0,0.0,0.0,1,15.331642397613848,14.003508662477245,67.29550464962361,67.69235617462083,2.6459423408960583,88.8,80.05599024139838,1.9384901157114014,9.269083913918973,6.61563334330009,0.4167515605030654,12.9,510351.0,15932.0,96.97273140116629,3.0272685988337074,,1,RI01
343,2014,Rhode Island,RI,False,RI-02,105716.0,63844.0,169904,James R Langevin,Rhue R Reis,True,False,490312.73,14995.0,169560.0,62.34725171030904,37.65274828969096,490312.73,14995.0,505307.73,97.03250136308029,2.967498636919724,0.0,0.0,0.0,0.0,2,9.01760682197289,7.27306380188481,60.98146907398265,60.96191131402839,2.6459423408960583,88.8,86.3175790891017,2.0497611475024695,6.550697105729175,3.4891916402888965,0.48275740114335947,11.9,444692.0,81592.0,84.49658359364905,15.503416406350945,,1,RI02
344,2014,South Carolina,SC,False,SC-01,,119392.0,127815,[],Mark Sanford,[],False,[],1433379.84,,,,0.0,1433379.84,1433379.84,0.0,100.0,0.0,0.0,0.0,0.0,1,-11.134148574144326,-10.45002764540321,40.82971367786544,43.23881986674037,2.6459423408960583,88.8,75.29978795368554,1.4820088638832454,3.0780480934161454,18.70194469044904,0.3044668646280121,11.3,578094.0,82672.0,87.48846036267,12.511539637330008,,1,SC01
345,2014,South Carolina,SC,False,SC-02,68719.0,121649.0,194808,Phil Black,Joe Wilson,False,True,0,627868.21,190368.0,36.09797865187426,63.902021348125736,0.0,627868.21,627868.21,0.0,100.0,0.0,0.0,0.0,0.0,2,-11.963579908701476,-13.83960946546332,40.000282343308285,39.84923804668026,2.6459423408960583,88.8,71.94591196489235,1.1988668189932743,2.706819638042966,22.7992230537052,0.26133281751836585,8.6,484874.0,175892.0,73.38059161639673,26.61940838360327,,4,SC02
346,2014,South Carolina,SC,False,SC-03,47181.0,116741.0,164009,Barbara Jo Mullis,Jeff Duncan,False,True,3883.16,256180.07,163922.0,28.78259172045241,71.21740827954758,3883.16,256180.07,260063.23,1.4931599519086185,98.50684004809138,0.0,0.0,0.0,0.0,3,-17.498951423910697,-18.08943369869555,34.464910828099065,35.59941381344803,2.6459423408960583,88.8,78.48181227606602,0.43302206758571765,1.7131572549629153,18.499786776984667,0.22019759994579752,6.1,333030.0,327737.0,50.40051939639842,49.59948060360157,,4,SC03
347,2014,South Carolina,SC,False,SC-04,,126452.0,149049,[],Trey Gowdy,[],True,[],236939.46,,,,0.0,236939.46,236939.46,0.0,100.0,0.0,0.0,0.0,0.0,4,-15.162858053036176,-15.314439964803704,36.80100419897359,38.37440754733988,2.6459423408960583,88.8,75.08140923892589,1.5367527940959893,3.0886419793490534,19.26596684721245,0.23829588781070513,11.0,560975.0,99791.0,84.8976793600155,15.102320639984503,,1,SC04
348,2014,South Carolina,SC,False,SC-05,71985.0,103078.0,175145,Tom Adams,Mick Mulvaney,False,True,39242.84,458377.63,175063.0,41.11948270051353,58.88051729948647,39242.84,458377.63,497620.47,7.886098415525391,92.1139015844746,0.0,0.0,0.0,0.0,5,-7.782112282093784,-9.310660219248431,44.18174996991598,44.37818729289515,2.6459423408960583,88.8,69.2011279138611,0.7367565452118854,1.8391819614060791,26.829498359306797,0.37168976347927307,6.0,366411.0,294355.0,55.45245972099049,44.54754027900951,,4,SC05
349,2014,South Carolina,SC,False,SC-06,125747.0,44311.0,173432,James E Clyburn,Anthony Culler,True,False,395533.74,0,170058.0,73.94359571440332,26.05640428559668,395533.74,0.0,395533.74,100.0,0.0,0.0,0.0,0.0,0.0,6,19.6622435366332,17.084461830029113,71.62610578864296,70.7733093421727,2.6459423408960583,88.8,40.06040287162499,0.6504158918880178,1.8073080705722147,56.28874722771923,0.30281070448780995,7.1,368054.0,292712.0,55.70111052929478,44.29888947070521,,3,SC06
350,2014,South Carolina,SC,False,SC-07,68576.0,102833.0,171524,Gloria Bromell-Tinubu,Tom Rice,False,True,148576.67,665697.05,171409.0,40.00723415923318,59.99276584076683,148576.67,665697.05,814273.7200000001,18.24652648743226,81.75347351256774,0.0,0.0,0.0,0.0,7,-7.073335448453335,-7.886318202587795,44.890526803556426,45.80252930955579,2.6459423408960583,88.8,68.20391350337246,0.6146370756462814,1.528154185203574,28.446981664897198,0.5606698994640569,6.2,376371.0,284396.0,56.959714997873675,43.04028500212632,,4,SC07
351,2014,South Dakota,SD,False,SD-00,92485.0,183834.0,276319,Corinna Robinson,Kristi L Noem,False,True,130047.24,1523471.45,276319.0,33.47037301090406,66.52962698909593,130047.24,1523471.45,1653518.69,7.864878745337919,92.13512125466208,0.0,0.0,0.0,0.0,0,-11.182361390205005,-7.984554746258958,40.78150086180476,45.704292765884624,2.6459423408960583,88.8,88.25174711654749,0.5071305081856773,1.8483316153015756,0.9593922225919824,7.099340113471262,7.7,461247.0,352933.0,56.65172320617062,43.34827679382938,,2,SD00
352,2014,Tennessee,TN,False,TN-01,,115533.0,139470,[],David P Roe,[],True,[],520329.6,,,,0.0,520329.6,520329.6,0.0,100.0,0.0,0.0,0.0,0.0,1,-25.87381833685685,-24.63707528581724,26.09004391515291,29.051772226326342,2.6459423408960583,88.8,95.00305301339691,0.46213173025899723,1.2124824633456666,2.0776846527924167,0.28276719319032634,7.6,405169.0,299954.0,57.460755073937456,42.539244926062544,,2,TN01
353,2014,Tennessee,TN,False,TN-02,37612.0,120883.0,166751,Bob Scott,John J Duncan Jr,False,True,0,144881.0,158495.0,23.73071705732042,76.26928294267958,0.0,144881.0,144881.0,0.0,100.0,0.0,0.0,0.0,0.0,2,-20.50847355130765,-18.63955227194571,31.455388700702112,35.04929524019787,2.6459423408960583,88.8,90.36424875863746,0.98029719599182,1.5108346232782206,5.916506603847721,0.21619902737850913,9.7,522819.0,182304.0,74.14578733072102,25.854212669278976,,1,TN02
354,2014,Tennessee,TN,False,TN-03,53983.0,97344.0,156097,Mary M Headrick,"Charles J \""Chuck\"" Fleischmann",False,True,124879.36,884402.65,151327.0,35.67307882929021,64.32692117070978,124879.36,884402.65,1009282.01,12.37308886542028,87.62691113457973,0.0,0.0,0.0,0.0,3,-16.307240618244073,-15.864459726978724,35.65662163376569,37.82438778516486,2.6459423408960583,88.8,85.9061235815577,0.8379215165101573,1.5192119521563245,10.381829334190119,0.28095015553575864,6.2,442558.0,262564.0,62.7633232263353,37.2366767736647,,2,TN03
355,2014,Tennessee,TN,False,TN-04,51357.0,84815.0,145418,Lendra Sherrell,Scott Des Jarlais,False,True,680609.99,509950.2,136172.0,37.71480186822548,62.28519813177452,680609.99,509950.2,1190560.19,57.16720546484928,42.83279453515072,0.0,0.0,0.0,0.0,4,-18.332610055687866,-17.28789762715124,33.631252196321896,36.40094988499234,2.6459423408960583,88.8,87.03901333242507,1.0282202366760897,1.857570493825759,7.922442600182408,0.24655336186767485,6.8,396028.0,309095.0,56.164385504372994,43.835614495627006,,2,TN04
356,2014,Tennessee,TN,False,TN-05,96148.0,55078.0,154276,Jim Cooper,Bob Ries,True,False,440689.57,37429.12,151226.0,63.57901419068149,36.4209858093185,440689.57,37429.12,478118.69,92.17158400563676,7.828415994363241,0.0,0.0,0.0,0.0,5,4.855299015302848,4.511287908584002,56.81916126731261,58.200135420727584,2.6459423408960583,88.8,68.90967153284672,1.7659709869349198,2.9624532294669694,24.893041158069067,0.27698123044838374,15.4,625276.0,79847.0,88.67616004583597,11.323839954164026,,1,TN05
357,2014,Tennessee,TN,False,TN-06,37232.0,115231.0,162097,Amos Scott Powers,Diane Black,False,True,0,388662.2,152463.0,24.420351167168427,75.57964883283157,0.0,388662.2,388662.2,0.0,100.0,0.0,0.0,0.0,0.0,6,-22.033218046873724,-19.66788932337969,29.93064420513604,34.02095818876389,2.6459423408960583,88.8,92.9009233831511,0.5952878307644602,1.3433897241362662,4.039453137330265,0.2681209069319652,6.0,340074.0,365049.0,48.22903238158449,51.77096761841551,,2,TN06
358,2014,Tennessee,TN,False,TN-07,42280.0,110534.0,157907,Daniel Cramer,Marsha Blackburn,False,True,0,852793.3,152814.0,27.66762207651132,72.33237792348869,0.0,852793.3,852793.3,0.0,100.0,0.0,0.0,0.0,0.0,7,-18.591007383065342,-16.872743744911062,33.372854868944415,36.81610376723252,2.6459423408960583,88.8,84.8011808297302,1.1056998180566016,2.8300830792639546,9.838793216300155,0.28610077653214744,7.3,357571.0,347552.0,50.71044342618238,49.28955657381762,,2,TN07
359,2014,Tennessee,TN,False,TN-08,42433.0,122255.0,172595,Wes Bradley,Stephen Lee Fincher,False,True,100.0,877866.64,164688.0,25.765690274944134,74.23430972505585,100.0,877866.64,877966.64,0.0113899544064681,99.98861004559352,0.0,0.0,0.0,0.0,8,-18.76513967384387,-18.43092492080264,33.19872257816589,35.25792259134094,2.6459423408960583,88.8,77.57310386841304,1.0988425220834603,1.5235683825769115,18.96188699360341,0.2219768504416692,7.2,428896.0,276226.0,60.82578617600925,39.17421382399075,,4,TN08
360,2014,Tennessee,TN,False,TN-09,87376.0,27173.0,116550,Steve Cohen,Charlotte Bergmann,True,False,263032.04,43172.0,114549.0,76.27827392644197,23.72172607355804,263032.04,43172.0,306204.04,85.90090450798755,14.09909549201245,0.0,0.0,0.0,0.0,9,26.965113947461333,23.714639563305496,78.9289761994711,77.40348707544908,2.6459423408960583,88.8,30.1300605533733,1.1591874670742286,2.1619337017681266,65.50060192817324,0.19329806561718169,8.0,694854.0,10269.0,98.54365834045976,1.4563416595402505,,3,TN09
361,2014,Texas,TX,False,TX-01,33476.0,115084.0,148560,Shirley J Mckellar,Louie Gohmert,False,True,31307.68,587443.65,148560.0,22.533656435110395,77.46634356488961,31307.68,587443.65,618751.3300000001,5.0598161946577145,94.94018380534229,0.0,0.0,0.0,0.0,1,-24.20862074747845,-23.03369947650005,27.755241504531316,30.65514803564353,2.6459423408960583,88.8,72.25305508782807,0.7847690371838281,7.1972621225844495,18.752393515169565,0.42105604422101595,6.0,396754.0,301734.0,56.80183482035483,43.19816517964517,,4,TX01
362,2014,Texas,TX,False,TX-02,44462.0,101936.0,150026,Niko Letsos,Ted Poe,False,True,0,554324.55,146398.0,30.370633478599437,69.62936652140057,0.0,554324.55,554324.55,0.0,100.0,0.0,0.0,0.0,0.0,2,-15.8634737958687,-16.01097928354568,36.10038845614106,37.6778682285979,2.6459423408960583,88.8,61.6937315835248,6.449930985543743,19.192941919683616,11.113490919947559,0.4597357979499029,13.3,685317.0,13171.0,98.11435557948025,1.8856444205197511,,6,TX02
363,2014,Texas,TX,False,TX-03,,113404.0,138280,[],Sam Johnson,[],True,[],421270.29,,,,0.0,421270.29,421270.29,0.0,100.0,0.0,0.0,0.0,0.0,3,-17.241355710600686,-15.872297688726237,34.722506541409075,37.81654982341735,2.6459423408960583,88.8,70.81831294361626,9.06798613794895,9.276001376913054,8.754801773092332,0.3913220688329817,14.1,676690.0,21798.0,96.87925919987173,3.120740800128277,,1,TX03
364,2014,Texas,TX,False,TX-04,,115085.0,115085,[],John Ratcliffe,[],False,[],627730.28,,,,0.0,627730.28,627730.28,0.0,100.0,0.0,0.0,0.0,0.0,4,-26.852943413388275,-24.11528956885188,25.110918838621487,29.5735579432917,2.6459423408960583,88.8,80.0366036402261,0.7924865796524035,6.388460574088809,10.813276025800237,0.6667232634494686,4.8,341211.0,357277.0,48.84994445144369,51.1500555485563,,2,TX04
365,2014,Texas,TX,False,TX-05,,88998.0,104262,[],Jeb Hensarling,[],True,[],1537055.51,,,,0.0,1537055.51,1537055.51,0.0,100.0,0.0,0.0,0.0,0.0,5,-17.215093685417266,-16.019890361397138,34.748768566592496,37.66895715074645,2.6459423408960583,88.8,68.49450300942839,1.5669032460077235,12.920537174268517,15.547263681592039,0.5510037226455137,3.8,469096.0,229392.0,67.15877724456254,32.84122275543746,,4,TX05
366,2014,Texas,TX,False,TX-06,55027.0,92334.0,150996,David E Cozad,Joe Barton,False,True,8820.59,327209.0,147361.0,37.34163041781747,62.65836958218253,8820.59,327209.0,336029.59,2.624944428257047,97.37505557174296,0.0,0.0,0.0,0.0,6,-10.657144579535723,-11.16861388193422,41.30671767247404,42.52023363020936,2.6459423408960583,88.8,61.95036476814379,4.066919115356226,13.859725791376459,18.568360832955218,0.5348678199013485,7.4,619476.0,79022.0,88.68686810842694,11.313131891573061,,1,TX06
367,2014,Texas,TX,False,TX-07,49478.0,90606.0,143219,James Cargas,John Abney Culberson,False,True,55767.62,377678.75,140084.0,35.320236429570826,64.67976357042917,55767.62,377678.75,433446.37,12.86609459896965,87.13390540103035,0.0,0.0,0.0,0.0,7,-12.7909490262443,-12.913121163209851,39.17291322576546,40.77572634893373,2.6459423408960583,88.8,58.46307165766393,8.268084021307107,18.369543094957926,13.507133950774685,0.3448251661547315,16.4,698426.0,62.0,99.99112368430094,0.008876315699052811,,6,TX07
368,2014,Texas,TX,False,TX-08,,125066.0,140013,[],Kevin Brady,[],True,[],510761.28,,,,0.0,510761.28,510761.28,0.0,100.0,0.0,0.0,0.0,0.0,8,-29.94406263844085,-27.328784787936765,22.01979961356891,26.360062724206816,2.6459423408960583,88.8,76.3557588545106,1.8190200847198286,11.426707684378371,9.156506192922834,0.287701129060834,5.5,471795.0,226693.0,67.54518331023583,32.45481668976418,,1,TX08
369,2014,Texas,TX,False,TX-09,78109.0,,86003,Al Green,[],True,[],330082.0,[],,,,330082.0,0.0,330082.0,100.0,0.0,0.0,0.0,0.0,0.0,9,26.711350497822423,22.78385458639416,78.67521274983218,76.47270209853774,2.6459423408960583,88.8,17.232759622461234,10.366822037728053,21.832689899159448,49.64118323025475,0.2822502550065204,8.3,698277.0,211.0,99.96979189334677,0.030208106653228116,,3,TX09
370,2014,Texas,TX,False,TX-10,60243.0,109726.0,176460,Tawana Walter-Cadien,Michael T Mccaul,False,True,5225.0,792030.82,169969.0,35.443522054021614,64.55647794597839,5225.0,792030.82,797255.82,0.6553730771134415,99.34462692288656,0.0,0.0,0.0,0.0,10,-12.335130013101114,-10.56627603663228,39.62873223890865,43.1225714755113,2.6459423408960583,88.8,67.65895688583797,3.3864093218006355,16.673061364072367,11.01083484164783,0.39806991350476684,10.2,541082.0,157405.0,77.46486334033418,22.53513665966582,,1,TX10
371,2014,Texas,TX,False,TX-11,,107939.0,119574,[],K Michael Conaway,[],True,[],968737.0,,,,0.0,968737.0,968737.0,0.0,100.0,0.0,0.0,0.0,0.0,11,-32.14633999192402,-30.332370556618443,19.81752226008574,23.35647695552514,2.6459423408960583,88.8,68.01164161978677,0.6374603579339909,26.337073100766546,3.843885958341966,0.5207254298873288,5.2,500567.0,197921.0,71.6643664601253,28.3356335398747,,1,TX11
372,2014,Texas,TX,False,TX-12,41757.0,113186.0,158730,Mark Greene,Kay Granger,False,True,58806.5,780963.5,154943.0,26.94991061228968,73.05008938771032,58806.5,780963.5,839770.0,7.002691213070246,92.99730878692976,0.0,0.0,0.0,0.0,12,-19.808454128957344,-17.90870170838842,32.15540812305242,35.78014580375516,2.6459423408960583,88.8,73.82870261501732,2.3732846546590833,13.875614295906288,8.261358246611158,0.6379111747051579,10.3,604437.0,94051.0,86.53505858368361,13.464941416316387,,1,TX12
373,2014,Texas,TX,False,TX-13,16822.0,110842.0,131451,Mike Minter,Mac Thornberry,False,True,0,917936.27,127664.0,13.176776538413334,86.82322346158666,0.0,917936.27,917936.27,0.0,100.0,0.0,0.0,0.0,0.0,13,-33.20114851786745,-31.249134681561262,18.762713734142302,22.43971283058232,2.6459423408960583,88.8,74.94783376083532,1.1035324585350565,16.824746179286908,5.54261136358013,0.820638861167699,5.1,481085.0,217403.0,68.87519900127131,31.12480099872868,,1,TX13
374,2014,Texas,TX,False,TX-14,52545.0,90116.0,145698,Donald G Brown,Randy K Weber Sr,False,True,16773.24,534308.3,142661.0,36.8320704327041,63.1679295672959,16773.24,534308.3,551081.54,3.043694767928536,96.95630523207149,0.0,0.0,0.0,0.0,14,-12.008892047540227,-11.20352510064263,39.95497020446953,42.48532241150095,2.6459423408960583,88.8,59.6407006418371,2.2711003441735187,15.826117552849443,21.09265992340016,0.32759171556950406,6.8,604690.0,93782.0,86.57326277932401,13.42673722067599,,1,TX14
375,2014,Texas,TX,False,TX-15,48708.0,39016.0,90184,Ruben Hinojosa,Eddie Zamora,True,False,139055.86,121321.65,87724.0,55.524143905886646,44.47585609411336,139055.86,121321.65,260377.51,53.40548037347772,46.59451962652227,0.0,0.0,0.0,0.0,15,6.064116870438944,4.107662273953416,58.02797912244871,57.796509786097,2.6459423408960583,88.8,23.67814538906659,1.1739425293030918,72.25696817259397,2.381663838776481,0.4627692883330692,4.8,605358.0,93130.0,86.66691482172922,13.333085178270778,,5,TX15
376,2014,Texas,TX,False,TX-16,49338.0,21324.0,73105,Beto O'Rourke,Corey Roen,True,False,321870.16,0,70662.0,69.82253545045427,30.177464549545725,321870.16,0.0,321870.16,100.0,0.0,0.0,0.0,0.0,0.0,16,13.063695890519924,11.363991900051415,65.02755814252968,65.052839412195,2.6459423408960583,88.8,19.89357822497762,1.2846865364850977,73.54492969153314,4.466446592561369,0.6185440061380784,6.0,687011.0,11477.0,98.35687943099953,1.6431205690004695,,5,TX16
377,2014,Texas,TX,False,TX-17,43049.0,85807.0,132865,Nick Haynes,Bill Flores,False,True,0,568688.83,128856.0,33.40861116284845,66.59138883715154,0.0,568688.83,568688.83,0.0,100.0,0.0,0.0,0.0,0.0,17,-13.512715963800154,-12.29208900043053,38.45114628820961,41.39675851171305,2.6459423408960583,88.8,66.60986743058298,2.6706332580242287,15.941206776616623,13.358177987422645,0.41617134391670163,10.1,525846.0,172641.0,75.28357721761463,24.716422782385354,,1,TX17
378,2014,Texas,TX,False,TX-18,76097.0,26249.0,106010,Sheila Jackson Lee,Sean Seibert,True,False,253661.0,3738.0,102346.0,74.35268598675083,25.64731401324917,253661.0,3738.0,257399.0,98.54777990590485,1.4522200940951595,0.0,0.0,0.0,0.0,18,24.97801966680943,23.293512218604832,76.94188191881919,76.98235973074841,2.6459423408960583,88.8,23.590776723105662,3.709905599104408,23.65525369207406,48.28214932677069,0.38804271067790563,6.1,698075.0,413.0,99.94087228413373,0.05912771586627114,,3,TX18
379,2014,Texas,TX,False,TX-19,21458.0,90160.0,116818,Neal Marchbanks,Randy Neugebauer,False,True,46482.45,636622.82,111618.0,19.22449784085004,80.77550215914997,46482.45,636622.82,683105.2699999999,6.804580793235574,93.19541920676444,0.0,0.0,0.0,0.0,19,-26.58618636828081,-25.512859443538066,25.37767588372895,28.17598806860552,2.6459423408960583,88.8,63.87651823897348,0.9337131988523611,27.716644985915888,6.162225631271752,0.6021686112323044,7.9,518613.0,179874.0,74.24805329233041,25.751946707669575,,1,TX19
380,2014,Texas,TX,False,TX-20,66554.0,,87964,Joaquin Castro,[],True,[],664070.74,[],,,,664070.74,0.0,664070.74,100.0,0.0,0.0,0.0,0.0,0.0,20,7.788409579440049,5.206110856434627,59.75227183144981,58.89495836857821,2.6459423408960583,88.8,28.45004043262913,2.253066141042488,62.75986387681526,5.7928164695576,0.7501095050372317,7.3,695810.0,2678.0,99.61660042835382,0.3833995716461843,,5,TX20
381,2014,Texas,TX,False,TX-21,,135660.0,188996,[],Lamar Smith,[],True,[],686255.2,,,,0.0,686255.2,686255.2,0.0,100.0,0.0,0.0,0.0,0.0,21,-13.18821265742703,-10.889788200101748,38.77564959458273,42.79905931204184,2.6459423408960583,88.8,70.95135926867775,2.2126987748733105,21.985669440283814,3.2260320100689293,0.5266315088305542,11.9,545871.0,152617.0,78.15037624125254,21.849623758747466,,1,TX21
382,2014,Texas,TX,False,TX-22,47844.0,100861.0,151566,Frank Briscoe,Pete Olson,False,True,0,772441.83,148705.0,32.17376685383814,67.82623314616187,0.0,772441.83,772441.83,0.0,100.0,0.0,0.0,0.0,0.0,22,-14.833157664533466,-14.609476987723532,37.130704587476295,39.07937052442005,2.6459423408960583,88.8,51.16342014406888,13.87344955457994,19.352116278078512,14.12983248795874,0.37210690081411707,10.4,650206.0,48298.0,93.08550845807612,6.914491541923883,,6,TX22
383,2014,Texas,TX,False,TX-23,55037.0,57459.0,115429,Pete P Gallego,Will Hurd,False,False,1415918.54,1119865.86,112496.0,48.92351728061442,51.07648271938557,1415918.54,1119865.86,2535784.4000000004,55.83749706796839,44.1625029320316,0.0,0.0,0.0,0.0,23,-3.315325005634442,-3.379317519933771,48.64853724637532,50.30952999220981,2.6459423408960583,88.8,32.40050587337215,1.1384429582198725,61.7735191240643,3.7033576775399055,0.7779512128428032,4.5,545454.0,153034.0,78.0906758598573,21.909324140142708,,5,TX23
384,2014,Texas,TX,False,TX-24,46548.0,93712.0,144073,Patrick Mcgehearty,Kenny Marchant,False,True,3301.0,126309.08,140260.0,33.1869385427064,66.8130614572936,3301.0,126309.08,129610.08,2.546869811360351,97.45313018863963,0.0,0.0,0.0,0.0,24,-13.36625477019021,-12.716240794497658,38.59760748181955,40.97260671764592,2.6459423408960583,88.8,65.35182089668432,7.634985954843578,13.816152254253012,11.362845101062415,0.3719425564995881,13.9,697724.0,764.0,99.8906208839665,0.10937911603348949,,1,TX24
385,2014,Texas,TX,False,TX-25,64463.0,107120.0,177883,Marco Montoya,Roger Williams,False,True,16030.09,1284581.24,171583.0,37.56957274322048,62.43042725677952,16030.09,1284581.24,1300611.33,1.2325042562869262,98.76749574371306,0.0,0.0,0.0,0.0,25,-13.267845448842545,-10.430925625629207,38.69601680316722,43.25792188651437,2.6459423408960583,88.8,75.96061314606808,2.061263648497416,12.646676636202745,7.462060558071894,0.5078191607166306,8.6,471257.0,227221.0,67.46912572765356,32.530874272346445,,1,TX25
386,2014,Texas,TX,False,TX-26,,116944.0,141470,[],Michael C Burgess,[],True,[],271113.06,,,,0.0,271113.06,271113.06,0.0,100.0,0.0,0.0,0.0,0.0,26,-20.728281483061394,-18.453195432723557,31.235580768948367,35.23565207942003,2.6459423408960583,88.8,75.82008363922658,3.644134518051963,11.082504268872507,7.347777630085582,0.4597090009304608,10.3,652394.0,46094.0,93.40088877690096,6.599111223099037,,1,TX26
387,2014,Texas,TX,False,TX-27,44152.0,83342.0,131047,Wesley Reed,Blake Farenthold,False,True,220695.02,676000.43,127494.0,34.63064928545657,65.36935071454343,220695.02,676000.43,896695.4500000001,24.612037453741955,75.38796254625804,0.0,0.0,0.0,0.0,27,-13.281944483297464,-13.19347578327757,38.681917768712296,40.49537172886601,2.6459423408960583,88.8,48.51729619865977,1.0417966313162819,43.842794759825324,5.658744692411406,0.4298392127663856,5.9,523787.0,174700.0,74.98879721455089,25.01120278544912,,5,TX27
388,2014,Texas,TX,False,TX-28,62508.0,,76136,Henry Cuellar,[],True,[],701161.44,[],,,,701161.44,0.0,701161.44,100.0,0.0,0.0,0.0,0.0,0.0,28,8.941558912359461,5.031643786715087,60.90542116436922,58.72049129885867,2.6459423408960583,88.8,25.25996267202658,0.9139713271940438,67.32264085157003,5.589966568902927,0.44378243124064237,4.2,577986.0,120502.0,82.74816460697964,17.251835393020354,,5,TX28
389,2014,Texas,TX,False,TX-29,41321.0,,46143,Gene Green,[],True,[],181726.01,[],,,,181726.01,0.0,181726.01,100.0,0.0,0.0,0.0,0.0,0.0,29,14.674055885085522,8.99431206298864,66.63791813709528,62.68315957513222,2.6459423408960583,88.8,20.046777326612244,1.8889446962499472,62.10612946366436,15.567530604958518,0.6868339677218293,2.5,698072.0,416.0,99.940442784987,0.05955721501299951,,5,TX29
390,2014,Texas,TX,False,TX-30,93041.0,,105793,Eddie Bernice Johnson,[],True,[],158234.66,[],,,,158234.66,0.0,158234.66,100.0,0.0,0.0,0.0,0.0,0.0,30,28.246668870975128,25.111499639816344,80.21053112298489,78.80034715195993,2.6459423408960583,88.8,23.795328193278273,1.7854446452675652,20.1118762726212,53.32906266443982,0.2880413644787115,7.1,688406.0,10081.0,98.55673763434395,1.4432623656560537,,3,TX30
391,2014,Texas,TX,False,TX-31,45715.0,91607.0,143028,Louie Minor,John R Carter,False,True,52616.87,482337.78,137322.0,33.290368622653325,66.70963137734668,52616.87,482337.78,534954.65,9.835762713717882,90.16423728628212,0.0,0.0,0.0,0.0,31,-12.868543146079055,-10.43516488743652,39.09531910593071,43.25368262470706,2.6459423408960583,88.8,66.03832647737534,3.3514598173974113,17.35687769639811,11.409852513293869,0.46854620246814493,6.5,601426.0,97061.0,86.1041078788868,13.895892121113206,,1,TX31
392,2014,Texas,TX,False,TX-32,55325.0,96495.0,156096,Frank Perez,Pete Sessions,False,True,3115.0,1245360.59,151820.0,36.44118034514557,63.55881965485444,3115.0,1245360.59,1248475.59,0.249504277452473,99.75049572254753,0.0,0.0,0.0,0.0,32,-9.84126903428367,-9.359901785617154,42.12259321772609,44.32894572652643,2.6459423408960583,88.8,64.93056159451798,6.5272970763692015,13.860288362871106,12.295641511731047,0.31849487799363446,14.9,697432.0,1056.0,99.84881630035161,0.15118369964838338,,1,TX32
393,2014,Texas,TX,False,TX-33,43769.0,,50592,Marc A Veasey,[],True,[],685038.42,[],,,,685038.42,0.0,685038.42,100.0,0.0,0.0,0.0,0.0,0.0,33,20.681892690291647,15.43049026665615,72.64575494230141,69.11933777879973,2.6459423408960583,88.8,28.279612217559407,2.3957056967449892,43.18206347493191,24.97254160026919,0.604402232225051,2.5,698346.0,142.0,99.97967037372152,0.020329626278475794,,5,TX33
394,2014,Texas,TX,False,TX-34,47503.0,30811.0,79877,Filemon Vela,Larry S Smith,True,False,406779.47,112302.5,78314.0,60.6570983476773,39.342901652322695,406779.47,112302.5,519081.97,78.3651703410157,21.6348296589843,0.0,0.0,0.0,0.0,34,9.36701474207883,6.880047944081021,61.33087699408859,60.5688954562246,2.6459423408960583,88.8,21.268164134148197,0.5370319998203239,76.02845870318751,2.002390690779869,0.24805288467537262,3.8,586426.0,112061.0,83.95660907074863,16.043390929251366,,5,TX34
395,2014,Texas,TX,False,TX-35,60124.0,32040.0,96225,Lloyd Doggett,Susan Narvaiz,True,False,601025.34,192402.63,92164.0,65.2358838592075,34.7641161407925,601025.34,192402.63,793427.97,75.7504603726032,24.249539627396803,0.0,0.0,0.0,0.0,35,12.576233385594648,10.35437120527338,64.54009563760441,64.04321871741696,2.6459423408960583,88.8,34.291592069122736,1.355988746427658,51.90098635559954,11.25957721262802,0.7737386991671023,6.3,670495.0,27993.0,95.99234346187767,4.007656538122344,,5,TX35
396,2014,Texas,TX,False,TX-36,29543.0,101663.0,133842,Michael K Cole,Brian Babin,False,False,4213.64,654173.5,131206.0,22.51650076978187,77.48349923021813,4213.64,654173.5,658387.14,0.6399942744932716,99.36000572550672,0.0,0.0,0.0,0.0,36,-25.96720303267531,-23.853623651746528,25.99665921933445,29.83522386039705,2.6459423408960583,88.8,72.82499841281869,1.7237813007514025,14.01798532420482,10.010506116279974,0.5914554350207972,4.9,473141.0,225347.0,67.73788526073461,32.262114739265385,,4,TX36
397,2014,Utah,UT,False,UT-01,36422.0,84231.0,130034,Donna Mcaleer,Rob Bishop,False,True,239776.9,167799.23,120653.0,30.187396915120217,69.81260308487978,239776.9,167799.23,407576.13,58.82996631819435,41.170033681805656,26.045607493091676,0.9029860995601732,55.60585667587777,0.9029860995601732,1,-31.087937914876942,-23.434138282357512,20.87592433713282,30.25470922978607,2.6459423408960583,88.8,87.83521105275774,1.5598509446708362,7.344897469981913,1.002418880341694,1.1595371439778597,4.8,590969.0,100002.0,85.52732314380778,14.47267685619223,,1,UT01
398,2014,Utah,UT,False,UT-02,47585.0,88915.0,146188,Luz Robles,Chris Stewart,False,True,166351.75,313496.5,136500.0,34.86080586080586,65.13919413919413,166351.75,313496.5,479848.25,34.66757459259255,65.33242540740744,28.039509790492183,0.9029860995601732,55.21885028569248,0.9029860995601732,2,-21.90932097518759,-14.05043333508192,30.05454127682217,39.63841417706166,2.6459423408960583,88.8,86.5489928377163,2.6234979249964785,7.70037599280521,0.9470251059172816,1.1355632848985253,6.9,601416.0,89555.0,87.03925345636793,12.960746543632077,,1,UT02
399,2014,Utah,UT,False,UT-03,32059.0,102952.0,142580,Brian Wonnacott,Jason Chaffetz,False,True,0,324775.34,135011.0,23.745472591122205,76.25452740887779,0.0,324775.34,324775.34,0.0,100.0,20.018243668561738,0.9029860995601732,68.1015796009866,0.9029860995601732,3,-32.03750256103743,-23.263156451201283,19.92635969097233,30.4256910609423,2.6459423408960583,88.8,89.19843618565282,1.843627282197011,5.584708789700095,0.44238337858864446,1.6063093022546298,7.2,647235.0,43737.0,93.6702210798701,6.329778920129904,,1,UT03
400,2014,Utah,UT,False,UT-04,67425.0,74936.0,147168,Doug Owens,Mia B Love,False,False,775640.38,4765074.37,142361.0,47.36198818496639,52.638011815033614,775640.38,4765074.37,5540714.75,13.998922792406882,86.00107720759313,43.38123233249558,0.9617227505730258,47.23753533500883,0.9617227505730258,4,-20.933494484069914,-11.526195869336782,31.030367767939847,42.1626516428068,2.6459423408960583,88.8,84.83609005258302,3.296559870986866,9.104584257831597,1.1060796775556525,0.7581070109966442,4.9,663975.0,26996.0,96.09303429521644,3.906965704783558,,1,UT04
401,2014,Vermont,VT,False,VT-00,123349.0,59432.0,191504,Peter Welch,Mark Donka,True,False,392520.8,11427.45,182781.0,67.4845853781301,32.51541462186989,392520.8,11427.45,403948.25,97.17106089703324,2.8289391029667788,0.0,0.0,0.0,0.0,0,16.28339657438086,15.210334227194522,68.24725882639062,68.8991817393381,2.6459423408960583,88.8,95.6614613425342,0.7993115626551222,1.2523700635543222,0.7407211503250954,0.3204163174298339,11.5,243385.0,382356.0,38.895485512376524,61.104514487623476,,2,VT00
402,2014,Virginia,VA,False,VA-01,72059.0,131861.0,209621,"Norman G \""Norm\"" Mosher",Robert J Wittman,False,True,81623.7,608082.3,203920.0,35.33689682228325,64.66310317771675,81623.7,608082.3,689706.0,11.834564292611631,88.16543570738837,0.0,0.0,0.0,0.0,1,-5.731247031425404,-6.415771472163229,46.23261522058436,47.27307603998035,2.6459423408960583,88.8,72.78751929191692,2.7979322783986316,5.097342828985291,17.378902545603303,0.4345562394243106,10.8,505842.0,221524.0,69.54435593635117,30.455644063648833,,4,VA01
403,2014,Virginia,VA,False,VA-02,71178.0,101558.0,173060,Suzanne D Patrick,E Scott Rigell,False,True,726436.23,890042.16,172736.0,41.2062337902927,58.7937662097073,726436.23,890042.16,1616478.39,44.939433430965934,55.06056656903405,0.0,0.0,0.0,0.0,2,-1.2074181748397592,-2.837864271018212,50.75644407717,50.85098324112537,2.6459423408960583,88.8,67.2655640147306,4.341669039113225,5.009505092341743,21.248978317369062,0.3805710402336324,8.2,655471.0,52616.0,92.56927467952384,7.430725320476156,,1,VA02
404,2014,Virginia,VA,False,VA-03,139197.0,,147402,"Robert C \""Bobby\"" Scott",[],True,[],130091.11,[],,,,130091.11,0.0,130091.11,100.0,0.0,0.0,0.0,0.0,0.0,3,27.83538072544995,25.321734822086896,79.79924297745971,79.01058233423048,2.6459423408960583,88.8,36.34164358595998,1.5809310526419846,3.2333958204899163,56.81376610631923,0.39271650182159346,9.2,709387.0,37258.0,95.00994448499621,4.9900555150037835,,3,VA03
405,2014,Virginia,VA,False,VA-04,75270.0,120684.0,200638,Elliott G Fausz,J Randy Forbes,False,True,29004.16,941535.73,195954.0,38.41207630362228,61.58792369637772,29004.16,941535.73,970539.89,2.988456249850792,97.01154375014922,0.0,0.0,0.0,0.0,4,-2.6565821213522227,-4.450334794699543,49.30728013065754,49.23851271744404,2.6459423408960583,88.8,62.02652380308506,1.777145968623123,3.0474234489714624,31.7330005372002,0.30386528334569746,7.4,537024.0,190342.0,73.83133113178235,26.168668868217654,,4,VA04
406,2014,Virginia,VA,False,VA-05,73482.0,124735.0,204945,W Lawrence Gaughan,Robert Hurt,False,True,82438.14,582430.6,198217.0,37.07149235433893,62.92850764566107,82438.14,582430.6,664868.74,12.399160171073769,87.60083982892624,0.0,0.0,0.0,0.0,5,-5.3529966277179,-5.278263707348806,46.61086562429186,48.410583804794776,2.6459423408960583,88.8,75.86257872388931,0.990816733635405,1.5246074492034993,20.362058647516456,0.14355532757687156,9.8,256773.0,470592.0,35.30180858303603,64.69819141696397,,4,VA05
407,2014,Virginia,VA,False,VA-06,,133898.0,179708,[],Bob Goodlatte,[],True,[],733270.8,,,,0.0,733270.8,733270.8,0.0,100.0,0.0,0.0,0.0,0.0,6,-11.819936711757386,-11.2645210388905,40.143925540252376,42.42432647325308,2.6459423408960583,88.8,85.57769023414664,0.9462175287463551,2.0319244021060228,10.11715328013192,0.2368653456936885,8.3,467988.0,259378.0,64.34009838238246,35.65990161761754,,2,VA06
408,2014,Virginia,VA,False,VA-07,89914.0,148026.0,243351,"John K \""Jack\"" Trammell",David A Brat,False,True,505729.31,1261765.51,237940.0,37.788518113810206,62.2114818861898,505729.31,1261765.51,1767494.82,28.61277466148387,71.38722533851613,0.0,0.0,0.0,0.0,7,-9.677081288582308,-9.712861851013798,42.286780963427454,43.97598566112978,2.6459423408960583,88.8,77.97501668094692,2.7776796849299026,2.7284267497337553,15.129944111858062,0.2431050537228714,11.7,526436.0,200930.0,72.375667820602,27.624332179397992,,1,VA07
409,2014,Virginia,VA,False,VA-08,128102.0,63810.0,203076,Donald S Beyer Jr,Micah K Edmond,False,False,1746386.54,101355.0,191912.0,66.75038559339697,33.24961440660303,1746386.54,101355.0,1847741.54,94.51465490135595,5.485345098644045,0.0,0.0,0.0,0.0,8,16.645960302484923,15.409256247070616,68.60982255449468,69.0981037592142,2.6459423408960583,88.8,65.02440747900388,9.50754560665378,9.645827580045161,13.586762293084684,0.3953524261277799,29.2,725242.0,2124.0,99.70798745060947,0.29201254939054067,,0,VA08
410,2014,Virginia,VA,False,VA-09,,117465.0,162815,[],H Morgan Griffith,[],True,[],337891.26,,,,0.0,337891.26,337891.26,0.0,100.0,0.0,0.0,0.0,0.0,9,-16.343278308010674,-12.878216326848424,35.62058394399909,40.81063118529516,2.6459423408960583,88.8,92.16155297735533,0.7221484484204641,0.974454850433324,5.277117696393626,0.13349175286552978,8.5,303644.0,423722.0,41.74569611447332,58.25430388552668,,2,VA09
411,2014,Virginia,VA,False,VA-10,89957.0,125914.0,222910,John W Foust,Barbara J Comstock,False,False,1995919.98,2278227.94,215871.0,41.67164649258122,58.32835350741878,1995919.98,2278227.94,4274147.92,46.69749426922033,53.30250573077967,35.0,0.4697542040293609,51.0,0.4697542040293609,10,-2.535279985738306,-2.2908800518639865,49.428582266271455,51.3979674602796,2.6459423408960583,88.8,74.16331311680149,9.966777408637876,6.243316708432987,7.3418253650811796,0.274474111683414,17.3,622134.0,105231.0,85.53257305479367,14.467426945206327,,1,VA10
412,2014,Virginia,VA,False,VA-11,106780.0,75796.0,187805,Gerald E Connolly,Suzanne K Scholte,True,False,1011397.9,241249.34,182576.0,58.48523354657787,41.51476645342213,1011397.9,241249.34,1252647.24,80.74083969561934,19.259160304380664,0.0,0.0,0.0,0.0,11,11.279733835001196,9.048035244109691,63.24359608701096,62.73688275625327,2.6459423408960583,88.8,59.75743142854132,14.28246277699919,10.216962940327289,13.085425864848633,0.2998914658433526,18.4,727153.0,213.0,99.97071625564021,0.029283744359785858,,6,VA11
413,2014,Washington,WA,False,WA-01,124151.0,101428.0,225579,Suzan K Delbene,Pedro Celis,True,False,1169483.09,536606.79,225579.0,55.03659471848,44.96340528152,1169483.09,536606.79,1706089.88,68.5475662044253,31.45243379557471,0.0,0.0,0.0,0.0,1,3.5862531990957933,3.651982927010806,55.55011545110556,57.34083043915439,2.6459423408960583,88.8,84.71498297889298,6.31951858478357,4.475198264958753,1.1009709267326817,1.0638454068180914,11.9,541793.0,130651.0,80.57072410490687,19.429275895093124,,1,WA01
414,2014,Washington,WA,False,WA-02,122173.0,79518.0,201691,Rick Larsen,B J Guillot,True,False,263710.54,4723.0,201691.0,60.57434392213832,39.42565607786168,263710.54,4723.0,268433.54,98.24053283356469,1.759467166435312,0.0,0.0,0.0,0.0,2,8.9372743314211,7.992635647701283,60.90113658343086,61.68148315984487,2.6459423408960583,88.8,81.33987933325693,6.756292181591184,5.367880772733578,2.300549051774919,1.4394766416768696,7.2,573422.0,99032.0,85.27304469896826,14.726955301031744,,1,WA02
415,2014,Washington,WA,False,WA-03,78018.0,124796.0,202814,Bob Dingethal,Jaime Herrera Beutler,False,True,196808.65,1166433.3,202814.0,38.4677586359916,61.5322413640084,196808.65,1166433.3,1363241.95,14.436809988131602,85.5631900118684,0.0,0.0,0.0,0.0,3,-2.8033050796493555,-1.7303055492744832,49.160557172360406,51.9585419628691,2.6459423408960583,88.8,88.02004971710925,2.942511793053042,4.2884569576468055,1.3663043411872249,0.9169773137695219,4.9,490184.0,182264.0,72.89545065194632,27.10454934805368,,1,WA03
416,2014,Washington,WA,False,WA-04,,153079.0,153079,[],"['Clint Didier', 'Dan Newhouse']",[],"[False, False]",[],"[582138.96, 724529.09]",,,,0.0,1306668.0499999998,1306668.0499999998,0.0,100.0,0.0,0.0,0.0,0.0,4,-13.133420817787789,-13.756605289191192,38.83044143422197,39.93224222295239,2.6459423408960583,88.8,73.85491404105508,1.3532668289160492,19.251108069272867,1.1750518476736016,2.8509534379931,3.7,498044.0,174412.0,74.06343314655531,25.93656685344469,,1,WA04
417,2014,Washington,WA,False,WA-05,87772.0,135470.0,223242,"Joseph \""Joe\"" Pakootas",Cathy Mcmorris Rodgers,False,True,181160.01,1301474.0,223242.0,39.316974404457945,60.68302559554206,181160.01,1301474.0,1482634.01,12.218794980967692,87.7812050190323,0.0,0.0,0.0,0.0,5,-7.005599350710334,-6.22472259407084,44.95826290129943,47.46412491807274,2.6459423408960583,88.8,88.91940567312021,1.872442887066147,3.9514124072587746,1.5040228647495253,1.6079713407591567,7.6,520339.0,152116.0,77.37900677368745,22.620993226312542,,1,WA05
418,2014,Washington,WA,False,WA-06,141265.0,83025.0,224290,Derek Kilmer,Marty Mcclendon,True,False,1085721.96,19135.0,224290.0,62.98319140398591,37.01680859601409,1085721.96,19135.0,1104856.96,98.26810160113396,1.7318983988660397,0.0,0.0,0.0,0.0,6,5.72154285983725,4.536603624486368,57.68540511184701,58.22545113662995,2.6459423408960583,88.8,82.97334761756655,3.8889976845718763,4.260694935624954,3.7187004419664627,1.9180038936055017,7.0,514688.0,157760.0,76.53944989054916,23.460550109450843,,1,WA06
419,2014,Washington,WA,False,WA-07,203954.0,47921.0,251875,Jim Mcdermott,Craig Keller,True,False,166374.49,6221.0,251875.0,80.97429280397023,19.02570719602977,166374.49,6221.0,172595.49,96.39561844866282,3.604381551337176,0.0,0.0,0.0,0.0,7,29.447134576180844,27.979789369195515,81.4109968281906,81.6686368813391,2.6459423408960583,88.8,78.42429141352247,8.760620881556449,4.897246113902785,3.7469687882975675,0.7429495226423599,24.3,661833.0,10624.0,98.4201220301075,1.5798779698924985,,1,WA07
420,2014,Washington,WA,False,WA-08,73003.0,125741.0,198744,Jason Ritchie,David G Reichert,False,True,96786.59,573527.8,198744.0,36.73217807833192,63.26782192166808,96786.59,573527.8,670314.39,14.438984369707471,85.56101563029253,0.0,0.0,0.0,0.0,8,-1.1638322895605313,-1.294911607846828,50.80002996244923,52.393935904296754,2.6459423408960583,88.8,82.49998420690221,5.873768928027695,5.499788372489687,2.5955429772305645,1.0046515937341411,7.2,560599.0,111864.0,83.36503272298997,16.634967277010034,,1,WA08
421,2014,Washington,WA,False,WA-09,118132.0,48662.0,166794,Adam Smith,Doug Basler,True,False,368881.25,10662.0,166794.0,70.82508963152152,29.17491036847849,368881.25,10662.0,379543.25,97.1908339826884,2.8091660173115973,0.0,0.0,0.0,0.0,9,17.815004900838034,15.924087615174033,69.7788671528478,69.61293512731761,2.6459423408960583,88.8,59.667945336849684,19.259303657529504,5.785316604065105,10.56701030927835,0.8397932816537468,15.6,672286.0,174.0,99.97412485500996,0.02587514499003658,,6,WA09
422,2014,Washington,WA,False,WA-10,99279.0,82213.0,181492,Denny Heck,Joyce Mcdonald,True,False,884484.91,72876.01,181492.0,54.70158464284928,45.29841535715073,884484.91,72876.01,957360.92,92.38782276594286,7.612177234057141,0.0,0.0,0.0,0.0,10,5.844206736045948,4.549719080845279,57.80806898805571,58.23856659298886,2.6459423408960583,88.8,75.58562188954484,6.765126634563075,6.423606213858274,6.214059761036449,1.435997662751103,6.5,618681.0,53774.0,92.003331077916,7.996668922084006,,1,WA10
423,2014,West Virginia,WV,False,WV-01,52109.0,92491.0,144737,Glen B Gainer Iii,David B Mckinley,False,True,387007.33,736107.25,144600.0,36.03665283540802,63.96334716459198,387007.33,736107.25,1123114.58,34.45840138590312,65.54159861409687,0.0,0.0,0.0,0.0,1,-15.593083856208132,-11.416589272576395,36.37077839580163,42.27225823956719,2.6459423408960583,88.8,95.2536768294667,0.581012266944327,0.8681628867992061,2.2837829043698954,0.19950053688217875,9.6,337507.0,278484.0,54.7908979189631,45.2091020810369,,2,WV01
424,2014,West Virginia,WV,False,WV-02,67687.0,72619.0,154250,Nick Casey,Alex X Mooney,False,False,1239220.21,1339763.74,140306.0,48.24241301156045,51.75758698843956,1239220.21,1339763.74,2578983.95,48.05071431328605,51.94928568671394,0.0,0.0,0.0,0.0,2,-13.210610300839058,-9.162572006093782,38.753251951170704,44.5262755060498,2.6459423408960583,88.8,92.81252004626937,0.4701432157216553,1.1132792696225817,3.4391638403582356,0.1297446286344533,7.1,317839.0,303023.0,51.193179804851965,48.806820195148035,,2,WV02
425,2014,West Virginia,WV,False,WV-03,62688.0,77713.0,140401,Nick J Rahall Ii,Evan Jenkins,True,False,948128.93,1184239.92,140401.0,44.649254634938494,55.35074536506151,948128.93,1184239.92,2132368.85,44.46364567743522,55.536354322564776,0.0,0.0,0.0,0.0,3,-18.43214452185517,-10.543230702383076,33.53171773015459,43.1456168097605,2.6459423408960583,88.8,94.20952278201837,0.3560306319128762,0.7010649797398653,3.6621775547168873,0.16764146304522376,6.6,247464.0,368677.0,40.163533996276826,59.836466003723174,,2,WV03
426,2014,Wisconsin,WI,False,WI-01,105552.0,182316.0,288170,Rob Zervan,Paul Ryan,False,True,706724.92,5669511.75,287868.0,36.66680561924216,63.33319438075785,706724.92,5669511.75,6376236.67,11.08373099331647,88.91626900668354,0.0,0.0,0.0,0.0,1,-4.088257059665729,-2.344101532005133,47.87560519234403,51.34474598013845,2.6459423408960583,88.8,87.3420643034807,1.1339706712648592,5.276921550974318,4.94788884989242,0.3339920345474799,8.4,601032.0,109842.0,84.54831657930941,15.451683420690587,,1,WI01
427,2014,Wisconsin,WI,False,WI-02,224920.0,103619.0,328847,Mark Pocan,Peter Theron,True,False,462938.62,23683.14,328539.0,68.4606698139338,31.539330186066188,462938.62,23683.14,486621.76,95.13315228649044,4.866847713509564,0.0,0.0,0.0,0.0,2,17.1946977277357,17.326185218328106,69.15855997974546,71.01503273047169,2.6459423408960583,88.8,90.0008187813556,2.049930775758117,2.7324966876572434,3.615664031679395,0.3139282152055141,16.8,538924.0,171950.0,75.81146588565625,24.188534114343753,,1,WI02
428,2014,Wisconsin,WI,False,WI-03,155368.0,119540.0,275161,Ron Kind,Tony Kurtz,True,False,600072.73,238998.08,274908.0,56.5163618374147,43.4836381625853,600072.73,238998.08,839070.8099999999,71.51633960428202,28.483660395717976,0.0,0.0,0.0,0.0,3,3.6142321862186577,6.574468201723725,55.57809443822842,60.26331571386731,2.6459423408960583,88.8,95.10167893940434,1.40357022907104,1.2471966515108288,1.0124557152195188,0.5861300609243014,6.7,372656.0,338217.0,52.422303280614116,47.577696719385884,,2,WI03
429,2014,Wisconsin,WI,False,WI-04,179045.0,68490.0,254892,Gwen Moore,Dan Sebring,True,False,280449.94,16959.43,247535.0,72.33118548892075,27.668814511079244,280449.94,16959.43,297409.37,94.29761409332868,5.702385906671333,0.0,0.0,0.0,0.0,4,24.040339440558853,21.455000742340147,76.00420169256861,75.14384825448373,2.6459423408960583,88.8,53.3448246388786,2.333399811960455,9.274379001436753,32.836100336598925,0.6101109921731591,9.7,710873.0,0.0,100.0,0.0,,3,WI04
430,2014,Wisconsin,WI,False,WI-05,101190.0,231160.0,332826,Chris Rockwood,F James Sensenbrenner Jr,False,True,6963.0,201598.08,332350.0,30.44681811343463,69.55318188656537,6963.0,201598.08,208561.08,3.338590306494386,96.66140969350562,0.0,0.0,0.0,0.0,5,-13.859427017701172,-11.475608629025722,38.10443523430859,42.21323888311786,2.6459423408960583,88.8,93.01252410974422,1.3060910191434145,3.062353999533539,1.5265494097046117,0.24174530484712292,12.4,598565.0,112308.0,84.20139743667293,15.798602563327064,,1,WI05
431,2014,Wisconsin,WI,False,WI-06,122212.0,169767.0,299033,Mark L Harris,Glenn Grothman,False,False,167506.67,720852.91,291979.0,41.856434880590726,58.14356511940927,167506.67,720852.91,888359.5800000001,18.85572844275513,81.14427155724488,0.0,0.0,0.0,0.0,6,-5.666698743026167,-3.627701201034384,46.2971635089836,50.0611463111092,2.6459423408960583,88.8,93.87059867076321,1.3264820769737917,2.1409563966994964,1.5901991284114723,0.4637086036769797,8.2,469613.0,241260.0,66.0614483881087,33.93855161189129,,2,WI06
432,2014,Wisconsin,WI,False,WI-07,112949.0,169896.0,286603,Kelly Westland,"['John Schiess', 'Sean P Duffy']",False,"[False, True]",474326.34,"[0, 1297230.35]",282845.0,39.93317894960137,60.06682105039863,474326.34,1297230.35,1771556.6900000002,26.774550466121404,73.22544953387859,0.0,0.0,0.0,0.0,7,-3.5243774129637018,0.292902459187168,48.43948483904606,53.98174997133075,2.6459423408960583,88.8,94.88352424203424,0.933093088676019,1.005350346577433,0.5232675724870838,1.806247586828219,6.5,247264.0,463609.0,34.783146919351275,65.21685308064873,,2,WI07
433,2014,Wisconsin,WI,False,WI-08,101345.0,188553.0,290048,Ron Gruett,Reid J Ribble,False,True,15810.0,839657.09,289898.0,34.95884759467123,65.04115240532877,15810.0,839657.09,855467.09,1.848113175224543,98.15188682477546,0.0,0.0,0.0,0.0,8,-3.833877151337525,0.68538085274416,48.12998510067224,54.37422836488774,2.6459423408960583,88.8,92.81072542215534,1.2289390247097975,1.902740500335029,1.0157557245050366,2.165710242905432,7.8,450711.0,260162.0,63.402464293903414,36.59753570609659,,2,WI08
434,2014,Wyoming,WY,False,WY-00,37803.0,113038.0,171153,Richard Grayson,Cynthia M Lummis,False,True,0,127689.0,150841.0,25.061488587320422,74.93851141267957,0.0,127689.0,127689.0,0.0,100.0,0.0,0.0,0.0,0.0,0,-23.12449626353119,-20.25087086723949,28.839365988478573,33.43797664490409,2.6459423408960583,88.8,88.55984760193026,0.7385876967577967,6.658756570294545,0.9604448376089978,1.93539931945088,6.8,364993.0,198633.0,64.75801329250247,35.241986707497524,,2,WY00
