,year,state,district,dem_cand,rep_cand,dem,rep,dem_pct_2p,dem_inc_dummy,rep_inc_dummy,dem_2p_prev,dem_2p_prev2,dem_tot_funds,rep_tot_funds,dem_funds_2p_pct,rep_funds_2p_pct,demo_cluster,is_midterm,shave
1,2012,Alabama,AL-02,Therese Ford,Martha Roby,103092.0,180591.0,36.34056323431436,0,1,36.67489986416961,35.18869238267651,0.0,480059.23,0.0,100.0,4,0,-2.4
2,2012,Alabama,AL-03,John Andrew Harris,Mike Rogers,98141.0,175306.0,35.89031878206746,0,1,37.14196156423615,36.91012139958163,1744.0,474560.95,0.3661519788950335,99.63384802110497,4,0,-2.4
3,2012,Alabama,AL-04,Daniel H Boman,Robert B Aderholt,69706.0,199071.0,25.93451076543008,0,1,24.2655055835954,25.832249344156267,2400.0,534734.58,0.4468153958734141,99.5531846041266,4,0,-2.4
4,2012,Alabama,AL-05,Charlie L Holley,Mo Brooks,101772.0,189185.0,34.97836450059631,0,1,35.30249643901342,36.7424372489098,33555.03,426014.35,7.301406808260376,92.69859319173962,4,0,-2.4
5,2012,Alabama,AL-06,Penny H Bailey,Spencer Bachus,88267.0,219262.0,28.702008591059705,0,1,24.91843012957957,25.24365125014862,22236.0,1128152.4,1.9329123972390545,98.06708760276096,4,0,-2.4
6,2012,Alabama,AL-07,Terri A Sewell,Don Chamberlain,232520.0,73835.0,75.89887548758793,1,0,72.75404444104487,71.75881314697324,504236.47,4009.0,99.2112079228173,0.7887920771827046,4,0,-2.4
7,2012,Alaska,AK-00,Sharon M Cissna,Don Young,82927.0,185296.0,30.9171845814863,0,1,42.684709518439625,38.9352150834029,13818.0,624494.86,2.164769169776714,97.83523083022328,4,0,-2.4
8,2012,Arizona,AZ-01,Ann Kirkpatrick,Jonathan Paton,122774.0,113594.0,51.94188722669736,0,0,48.71609332524984,48.40160920534672,1744948.48,954249.7,64.64691970116844,35.353080298831564,5,0,-2.4
9,2012,Arizona,AZ-02,Ron Barber,Martha Mcsally,147338.0,144884.0,50.41988625086407,0,0,49.20489992091427,49.52892746467777,1790921.28,1094326.27,62.07166799257832,37.92833200742169,5,0,-2.4
10,2012,Arizona,AZ-03,Raul M Grijalva,Gabriela Saucedo Mercer,98468.0,62663.0,61.11052497657185,1,0,62.44953665473897,58.82103914232428,572022.71,226232.39,71.65913628362662,28.340863716373377,5,0,-2.4
11,2012,Arizona,AZ-04,Johnnie Robinson,Paul A Gosar,69154.0,162907.0,29.799923296029924,0,1,31.58083723646465,34.88600414530381,0.0,690418.83,0.0,100.0,5,0,-2.4
12,2012,Arizona,AZ-05,Spencer Morgan,Matt Salmon,89589.0,183470.0,32.809392841840044,0,0,35.14741270363381,36.67889131814656,0.0,897898.84,0.0,100.0,4,0,-2.4
13,2012,Arizona,AZ-06,Matt Jette,David Schweikert,97666.0,179706.0,35.211196515870384,0,1,39.47494792308841,41.646629818023904,5850.51,939081.81,0.6191459299434271,99.38085407005656,6,0,-2.4
15,2012,Arizona,AZ-08,Gene Scharer,Trent Franks,95635.0,172809.0,35.6256798438408,0,1,37.41329429398027,38.79337556027861,2187.0,176256.75,1.2255963013554692,98.77440369864452,4,0,-2.4
16,2012,Arizona,AZ-09,Kyrsten Sinema,Vernon B Parker,121881.0,111630.0,52.19497154309647,0,0,52.317345371692056,51.96938322733323,1717911.27,760515.59,69.31458409065176,30.68541590934824,4,0,-2.4
17,2012,Arkansas,AR-01,Scott Ellington,"Eric A \""Rick\"" Crawford",96601.0,138800.0,41.03678404084945,0,1,37.33695541995256,40.32790233632378,240725.1,718772.91,25.08865026202608,74.91134973797392,4,0,-2.4
18,2012,Arkansas,AR-02,Herb Rule,Tim Griffin,113156.0,158175.0,41.7040441379717,0,1,43.94172235504976,45.15958556428621,101410.8,1043440.8,8.8579864848859,91.1420135151141,4,0,-2.4
20,2012,Arkansas,AR-04,Gene Jeffress,Tom Cotton,95013.0,154149.0,38.13302188937318,0,0,36.72319864477256,38.42634205162918,31330.0,1745771.53,1.7629831200471704,98.23701687995283,4,0,-2.4
21,2012,California,CA-01,Jim Reed,Doug La Malfa,125386.0,168827.0,42.617423431323566,0,0,41.58576326708146,44.05288847074275,138139.18,369683.14,27.20226633598933,72.79773366401068,4,0,-2.4
22,2012,California,CA-02,Jared Huffman,Daniel W Roberts,226216.0,91310.0,71.24329976127939,0,0,71.91428214419592,73.70924932202412,1003532.07,46811.0,95.54326568746724,4.456734312532761,4,0,-2.4
23,2012,California,CA-03,John Garamendi,Kim Vann,126882.0,107086.0,54.23049305887984,1,0,55.75490054464658,56.13275033356375,1240583.05,878055.41,58.555674949844914,41.444325050155086,4,0,-2.4
24,2012,California,CA-04,Jack Uppal,Tom Mcclintock,125885.0,197803.0,38.89084550554856,0,1,40.58669520980117,44.443193367448224,39838.04,1076801.65,3.567671860204074,96.43232813979591,4,0,-2.4
25,2012,California,CA-05,Mike Thompson,Randy Loftin,202872.0,69545.0,74.47112331462426,1,0,71.75327588496448,72.48722917625247,717324.63,9599.0,98.67950365019776,1.3204963498022482,4,0,-2.4
26,2012,California,CA-06,Doris O Matsui,Joseph Mccray Sr,160667.0,53406.0,75.05243538419137,1,0,70.97221401526342,69.72799013985654,283969.17,345.0,99.87865536212983,0.121344637870142,4,0,-2.4
27,2012,California,CA-07,Ami Bera,Daniel E Lungren,141241.0,132050.0,51.68154092158176,0,1,52.01748884548534,52.76171981631151,2719384.89,1225275.3,68.9383814832476,31.061618516752382,4,0,-2.4
29,2012,California,CA-09,Jerry Mcnerney,Ricky Gill,118373.0,94704.0,55.55409546783557,1,0,59.03874043767752,57.9865970876936,1616047.64,2250010.73,41.80091155736999,58.19908844263001,4,0,-2.4
30,2012,California,CA-10,Jose Hernandez,Jeff Denham,98934.0,110265.0,47.29181305837982,0,1,51.84760309020721,51.42524077826196,1243919.69,1284763.56,49.192388568240005,50.80761143176,5,0,-2.4
31,2012,California,CA-11,George Miller,Virginia Fuller,200743.0,87136.0,69.73172756609549,1,0,69.30305350004254,70.80478807498307,231511.95,0.0,100.0,0.0,4,0,-2.4
32,2012,California,CA-12,Nancy Pelosi,John Dennis,253709.0,44478.0,85.0838567744402,1,0,87.07345604012097,86.76669488181268,851144.35,531463.04,61.56081300852876,38.43918699147124,4,0,-2.4
34,2012,California,CA-14,Jackie Speier,"Deborah \""Debbie\"" Bacigalupi",203828.0,54455.0,78.91653728661971,1,0,75.90705181637695,74.95453452370216,539596.03,29661.61,94.78942258904073,5.210577410959298,4,0,-2.4
36,2012,California,CA-16,Jim Costa,Brian Daniel Whelan,84649.0,62801.0,57.40861308918277,1,0,59.80131871677163,59.44536395879074,766838.45,462643.67,62.37085009418437,37.62914990581564,5,0,-2.4
37,2012,California,CA-17,Michael M Honda,Evelyn Li,159392.0,57336.0,73.54471964859178,1,0,73.7934295557407,71.2566524633366,552340.8,26945.5,95.34850038745954,4.651499612540466,4,0,-2.4
38,2012,California,CA-18,Anna G Eshoo,Dave Chapman,212831.0,89103.0,70.48924599415767,1,0,70.22692801870296,71.79097675831689,809053.42,0.0,100.0,0.0,4,0,-2.4
39,2012,California,CA-19,Zoe Lofgren,Robert Murray,162300.0,59313.0,73.23577587957385,1,0,72.86517323801685,69.92744382393035,427611.83,6200.0,98.57080891500814,1.42919108499185,4,0,-2.4
40,2012,California,CA-20,Sam Farr,Jeff Taylor,172996.0,60566.0,74.06855567258373,1,0,73.02005765332802,73.40161273431774,327868.0,0.0,100.0,0.0,5,0,-2.4
41,2012,California,CA-21,John Hernandez,David G Valadao,49119.0,67164.0,42.24091225716571,0,0,55.65037629310713,53.64608123915937,47628.16,713173.28,6.260261547349331,93.73973845265068,5,0,-2.4
42,2012,California,CA-22,Otto Lee,Devin Nunes,81555.0,132386.0,38.12032289276016,0,1,42.3560662560193,43.834727364139134,287753.15,684148.88,29.607217715143573,70.39278228485642,5,0,-2.4
44,2012,California,CA-24,Lois Capps,Abel Maldonado,156749.0,127746.0,55.09727763229583,1,0,55.6427887728386,57.84088212807467,2116810.22,1512030.94,58.33295332221154,41.66704667778845,5,0,-2.4
45,2012,California,CA-25,Lee C Rogers,"Howard P \""Buck\"" Mckeon",106982.0,129593.0,45.22117721652753,0,1,49.073626092153575,50.76889397400258,311972.12,1091355.19,22.23088781761113,77.76911218238887,5,0,-2.4
46,2012,California,CA-26,Julia Brownley,Tony Strickland,139072.0,124863.0,52.691761229090496,0,0,55.24922409602513,57.72863982542907,1568737.04,1576872.8,49.870680719895006,50.129319280105,5,0,-2.4
47,2012,California,CA-27,Judy Chu,Jack Orswell,154191.0,86817.0,63.977544313881694,1,0,64.14779631938873,63.11518584395063,1109396.89,139669.92,88.8180584992087,11.1819415007913,4,0,-2.4
48,2012,California,CA-28,Adam B Schiff,Phil Jennerjahn,188703.0,58008.0,76.48746914405923,1,0,72.59583730315494,72.11037605635391,778453.54,0.0,100.0,0.0,6,0,-2.4
52,2012,California,CA-32,Grace F Napolitano,David L Miller,124903.0,65208.0,65.70003839861975,1,0,66.75412632318266,64.28509515370983,181419.0,41159.0,81.50805560297964,18.49194439702037,5,0,-2.4
54,2012,California,CA-34,Xavier Becerra,Stephen C Smith,120367.0,20223.0,85.61561988761648,1,0,85.43440827074218,79.64067891379678,593715.44,0.0,100.0,0.0,5,0,-2.4
56,2012,California,CA-36,Raul Ruiz,Mary Bono Mack,110189.0,97953.0,52.93933948938705,0,1,51.61620509877075,51.80709432056071,1484104.97,1048571.09,58.5982942484954,41.40170575150459,5,0,-2.4
57,2012,California,CA-37,Karen Bass,Morgan Osborne,207039.0,32541.0,86.41748059103432,1,0,86.97092741241453,86.35759518411383,237094.76,0.0,100.0,0.0,5,0,-2.4
58,2012,California,CA-38,Linda T Sanchez,Benjamin Campos,145280.0,69807.0,67.54476095719406,1,0,66.30817042428231,63.76385558617983,346547.83,9888.0,97.22586811769176,2.7741318823082404,5,0,-2.4
59,2012,California,CA-39,Jay Chen,Edward R Royce,106360.0,145607.0,42.21187695214056,0,1,48.1318596082994,48.8422143847116,545866.12,1724829.36,24.03960041352617,75.96039958647384,4,0,-2.4
61,2012,California,CA-41,Mark Takano,John Tavaglione,103578.0,72074.0,58.96773165121946,0,0,62.88253912237944,60.597827637970106,962419.84,975524.12,49.66190250413639,50.33809749586361,5,0,-2.4
62,2012,California,CA-42,Michael Williamson,Ken Calvert,84702.0,130245.0,39.40599310527711,0,1,42.263123215462336,45.1645121169864,0.0,567470.83,0.0,100.0,5,0,-2.4
65,2012,California,CA-45,Sukhee Kang,John Campbell,121814.0,171417.0,41.541992490562045,0,1,43.989649805190304,47.65091341693256,629839.75,624614.06,50.20828546887669,49.79171453112331,4,0,-2.4
66,2012,California,CA-46,Loretta Sanchez,Jerry Hayden,95694.0,54121.0,63.87477889396923,1,0,62.9264949153436,59.94420322599658,897820.18,128098.0,87.51381908448099,12.486180915519013,5,0,-2.4
67,2012,California,CA-47,Alan Lowenthal,Gary Delong,130093.0,99919.0,56.55922299706102,0,0,61.57700884467941,59.56050146758055,690010.99,1145748.7,37.58721763849167,62.412782361508334,4,0,-2.4
68,2012,California,CA-48,Ron Varasteh,Dana Rohrabacher,113358.0,177144.0,39.02141809694942,0,1,44.02253003122188,47.538982441036445,6593.0,430842.0,1.5071953547384185,98.49280464526156,4,0,-2.4
69,2012,California,CA-49,Jerry Tetalman,Darrell E Issa,114893.0,159725.0,41.83738866352533,0,1,46.63392333759968,50.69593425157272,118258.65,1298705.7,8.345915689410251,91.65408431058977,4,0,-2.4
70,2012,California,CA-50,David B Secor,Duncan Hunter,83455.0,174838.0,32.31020585149423,0,1,38.33719883624087,40.39080434111296,145.05,379981.75,0.0381583198027605,99.96184168019724,5,0,-2.4
71,2012,California,CA-51,Juan Vargas,Michael Crimmins,113934.0,45464.0,71.47768478901868,0,0,70.61532635385235,67.10643586867555,383787.0,25113.37,93.85831565767477,6.141684342325247,5,0,-2.4
72,2012,California,CA-52,Scott Peters,Brian P Bilbray,151451.0,144459.0,51.18144030279477,0,1,53.28065219723245,56.05933475014852,1252135.93,1242828.14,50.18653154391919,49.81346845608081,4,0,-2.4
73,2012,California,CA-53,Susan A Davis,Nick Popaditch,164825.0,103482.0,61.43149451933792,1,0,62.78237796130573,62.46343052840287,301474.49,107873.75,73.64743769265992,26.35256230734008,4,0,-2.4
74,2012,Colorado,CO-01,Diana Degette,Danny Stroud,237579.0,93217.0,71.8203968609052,1,0,70.52287835357909,71.96550734705589,439553.17,16064.69,96.47408685866704,3.5259131413329583,5,0,-2.4
75,2012,Colorado,CO-02,Jared Polis,Kevin Lundberg,234758.0,162639.0,59.07392355755077,1,0,59.44715166874756,62.21853068811334,728312.29,273085.86,72.72954219058624,27.270457809413767,4,0,-2.4
76,2012,Colorado,CO-03,Sal Pace,Scott R Tipton,142619.0,185291.0,43.49333658625842,0,1,46.912364567977214,49.267181091909066,1467343.52,1575577.26,48.22154850840382,51.778451491596165,5,0,-2.4
77,2012,Colorado,CO-04,Brandon Shaffer,Cory Gardner,125800.0,200006.0,38.61193470961247,0,1,40.13618471266569,42.66467618813101,756055.59,1182207.49,39.00686123578229,60.9931387642177,5,0,-2.4
79,2012,Colorado,CO-06,Joe Miklosi,Mike Coffman,156937.0,163938.0,48.909076743280096,0,1,52.578901101426624,54.41827634672073,1231658.76,1967017.11,38.50526936947819,61.49473063052181,4,0,-2.4
80,2012,Colorado,CO-07,Ed Perlmutter,Joe Coors,182460.0,139066.0,56.748132343885096,1,0,57.61723738092792,58.49181267959435,1480131.89,1121017.33,56.90299805253003,43.097001947469984,4,0,-2.4
81,2012,Connecticut,CT-01,John B Larson,John Henry Decker,206973.0,82321.0,71.54417305578407,1,0,64.01182384007237,66.62521143680196,861570.15,61550.0,93.33239557169236,6.667604428307626,6,0,-2.4
82,2012,Connecticut,CT-02,Joe Courtney,Paul M Formica,204708.0,88103.0,69.91130797681781,1,0,56.76340163502025,59.425632284269405,758226.2,89467.12,89.44581514456195,10.554184855438049,4,0,-2.4
83,2012,Connecticut,CT-03,Rosa L Delauro,Wayne Winsley,217573.0,73726.0,74.69060999179537,1,0,63.29944938585346,63.39668110929364,558022.81,56151.14,90.85745333223592,9.142546667764076,6,0,-2.4
84,2012,Connecticut,CT-04,James A Himes,Steve Obsitnik,175929.0,117503.0,59.95562856130211,1,0,55.57492422369944,59.99521135344565,1923778.71,1334453.92,59.04362666701303,40.95637333298697,6,0,-2.4
85,2012,Connecticut,CT-05,Elizabeth Esty,Andrew Roraback,146098.0,138637.0,51.31016559256853,0,0,54.15734551005369,57.06127256722001,2309154.9,1276712.54,64.39599172689996,35.60400827310002,6,0,-2.4
86,2012,Delaware,DE-00,John C Carney,Thomas H Kovach,249933.0,129757.0,65.82554188943612,1,0,59.44695491927816,62.63813864988855,615842.2,190045.8,76.41783969980939,23.5821603001906,4,0,-2.4
87,2012,Florida,FL-01,Jim Bryan,Jeff Miller,92961.0,238440.0,28.050911131831224,0,1,30.536956882207978,32.376139449458584,0.0,309223.23,0.0,100.0,4,0,-2.4
88,2012,Florida,FL-02,Al Lawson,Steve Southerland Ii,157634.0,175856.0,47.26798404749768,0,1,47.03301326396687,47.48947122133833,444091.38,1025286.75,30.223083557123587,69.77691644287643,4,0,-2.4
89,2012,Florida,FL-03,J R Gaillot,Ted Yoho,102468.0,204331.0,33.399065837893865,0,0,37.7899116445085,40.02492128112488,12632.5,449641.57,2.7326862612043112,97.26731373879568,4,0,-2.4
91,2012,Florida,FL-05,Corrine Brown,Leanne Kolb,190472.0,70700.0,72.92971681497251,1,0,71.74898365824643,71.008198114009,264202.55,19001.0,93.29069144790029,6.709308552099717,3,0,-2.4
92,2012,Florida,FL-06,Heather Beaven,Ron Desantis,146489.0,195962.0,42.77663081725561,0,0,41.75798164882137,45.94175787357606,212937.53,901044.4,19.11498959413103,80.88501040586897,4,0,-2.4
93,2012,Florida,FL-07,Jason H Kendall,John L Mica,130479.0,185518.0,41.29121479001383,0,1,47.61588678050325,49.58322440219605,5520.0,966528.06,0.5678731563951683,99.43212684360483,5,0,-2.4
94,2012,Florida,FL-08,Shannon Roberts,Bill Posey,130870.0,205432.0,38.91442810331191,0,1,42.631649276750224,44.40722062340847,22913.65,582342.96,3.785774433756288,96.2142255662437,4,0,-2.4
95,2012,Florida,FL-09,Alan Grayson,Todd Long,164891.0,98856.0,62.51862580427455,0,0,62.473096163310885,60.64716431725707,3714545.18,128731.31,96.6504801219753,3.3495198780247004,5,0,-2.4
96,2012,Florida,FL-10,Val B Demings,Daniel Webster,153574.0,164649.0,48.259868079931366,0,1,46.14957286059948,47.574783494163206,1443106.45,998086.49,59.1148051575145,40.8851948424855,4,0,-2.4
97,2012,Florida,FL-11,H David Werder,Richard B Nugent,120303.0,218360.0,35.52292396866502,0,1,40.60606060606061,43.56402138252231,0.0,232166.44,0.0,100.0,4,0,-2.4
98,2012,Florida,FL-12,Jonathan Michael Snow,Gus M Bilirakis,108770.0,209604.0,34.164221952797654,0,1,45.30768617280523,47.23368067961366,9606.32,473376.38,1.988957368452328,98.01104263154768,4,0,-2.4
99,2012,Florida,FL-13,Jessica Ehrlich,C W Bill Young,139742.0,189605.0,42.43002061655336,0,1,50.74364822102737,51.92585594415063,350011.47,549441.0,38.913837214766886,61.08616278523312,6,0,-2.4
100,2012,Florida,FL-14,Kathy Castor,"Evelio \""E J\"" Otero",197121.0,83480.0,70.24957145555433,1,0,65.70327288217693,65.69383101984629,567723.94,159964.94,78.01739941388138,21.98260058611862,5,0,-2.4
102,2012,Florida,FL-16,Keith Fitzgerald,Vern Buchanan,161929.0,187147.0,46.38789260791346,0,1,45.29729699328466,48.64090787807911,1112288.03,1082752.88,50.67276992117654,49.32723007882344,6,0,-2.4
103,2012,Florida,FL-17,William Bronson,Thomas J Rooney,116766.0,165488.0,41.36912142963431,0,1,41.57865782842861,43.55314000568141,6408.0,581495.0,1.0899757272883452,98.91002427271164,5,0,-2.4
104,2012,Florida,FL-18,Patrick Murphy,Allen B West,166257.0,164353.0,50.28795257251747,0,1,47.9063536504038,51.5142127791397,3927630.64,18271084.95,17.69305356463644,82.30694643536356,5,0,-2.4
105,2012,Florida,FL-19,Jim Roach,Trey Radel,109746.0,189833.0,36.63340888380026,0,0,39.01293777189095,42.70182823396368,77416.96,656298.35,10.551362217043012,89.448637782957,5,0,-2.4
108,2012,Florida,FL-22,Lois Frankel,Adam Hasner,171021.0,142050.0,54.6269057178723,0,0,54.75696716652688,57.12891142777835,2895962.94,2787715.44,50.95226623291095,49.04773376708905,5,0,-2.4
109,2012,Florida,FL-23,Debbie Wasserman Schultz,Karen Harrington,174205.0,98096.0,63.97515984149893,1,0,61.85596676048034,62.22540489317712,2837623.72,1986991.87,58.81554016202979,41.18445983797022,5,0,-2.4
112,2012,Florida,FL-26,Joe Garcia,David Rivera,135694.0,108820.0,55.49539085696525,0,0,53.38302449333887,49.79965873426978,1059011.45,443176.5,70.49793269876781,29.50206730123218,5,0,-2.4
113,2012,Florida,FL-27,Manny Yevancey,Ileana Ros-Lehtinen,85020.0,138488.0,38.03890688476475,0,1,53.32019736923464,48.80448776899025,0.0,1505211.34,0.0,100.0,5,0,-2.4
114,2012,Georgia,GA-01,Lesli Rae Messinger,Jack Kingston,92399.0,157181.0,37.02179661831877,0,1,43.49070933805733,44.68979170518272,10213.0,407765.75,2.4434256526199,97.55657434738008,4,0,-2.4
115,2012,Georgia,GA-02,Sanford D Bishop Jr,John House,162751.0,92410.0,63.78365032273741,1,0,58.94885928647986,58.17806388015563,431551.95,154128.34,73.68387793961787,26.316122060382124,4,0,-2.4
117,2012,Georgia,GA-04,"Henry C \""Hank\"" Johnson Jr",J Chris Vaughn,208861.0,75041.0,73.56799177180858,1,0,74.20580743759551,73.58105974022591,58923.87,44102.4,57.19305377162544,42.80694622837457,3,0,-2.4
118,2012,Georgia,GA-05,John Lewis,Howard Stopeck,234330.0,43335.0,84.39306358381504,1,0,84.01728990191708,84.8844431791713,457678.03,22280.0,95.35792744211406,4.642072557885946,4,0,-2.4
119,2012,Georgia,GA-06,Jeff Kazanow,Tom Price,104365.0,189669.0,35.49419454892971,0,1,38.10730756997455,40.451353355455865,9765.0,1057380.26,0.9150581805517272,99.08494181944828,4,0,-2.4
120,2012,Georgia,GA-07,Steve Reilly,Rob Woodall,95377.0,156689.0,37.83810589290106,0,1,38.88326747948399,39.43334327467939,18474.0,123175.97,13.042007703919738,86.95799229608025,4,0,-2.4
122,2012,Georgia,GA-09,Jody Cooley,Doug Collins,60052.0,192101.0,23.815699198502497,0,0,20.767815003474794,24.53684471292185,66265.16,497982.28,11.74398948092702,88.25601051907299,4,0,-2.4
124,2012,Georgia,GA-11,Patrick Thompson,Phil Gingrey,90353.0,196968.0,31.44670942952308,0,1,31.96597858939081,35.02601769066568,5956.0,839453.0,0.7045110709727481,99.29548892902726,4,0,-2.4
125,2012,Georgia,GA-12,John Barrow,Lee Anderson,139148.0,119973.0,53.700008876162094,1,0,44.05451268563774,44.12178517397882,1071380.33,715306.6,59.96463689360508,40.03536310639491,4,0,-2.4
126,2012,Georgia,GA-13,David Scott,S Malik,201988.0,79550.0,71.74448919861617,1,0,69.78962691729271,67.49424992316344,179155.0,0.0,100.0,0.0,3,0,-2.4
127,2012,Georgia,GA-14,"Daniel \""Danny\"" Grant",Tom Graves,59245.0,159947.0,27.028814920252564,0,1,25.692851223448336,28.15637179638597,1032.0,627142.48,0.1642855660102588,99.83571443398974,5,0,-2.4
128,2012,Hawaii,HI-01,Colleen W Hanabusa,Charles K Djou,116505.0,96824.0,54.61282807307023,1,0,70.60514824823046,71.28409634710479,802939.42,610510.54,56.80706376050271,43.1929362394973,4,0,-2.4
129,2012,Hawaii,HI-02,Tulsi Gabbard,Kawika Crowley,168503.0,40707.0,80.5425170880933,0,0,72.80318091451292,74.64606954392086,1299287.68,0.0,100.0,0.0,4,0,-2.4
130,2012,Idaho,ID-01,Jimmy Farris,Raul R Labrador,97450.0,199402.0,32.827806449004896,0,1,33.14612910816535,35.97942879844071,53965.06,486658.51,9.98200281944792,90.01799718055207,5,0,-2.4
131,2012,Idaho,ID-02,Nicole Lefavour,Michael K Simpson,110847.0,207412.0,34.829180007478186,0,1,34.01624901182006,37.9869126945602,314273.99,430528.5,42.19561484011688,57.80438515988313,5,0,-2.4
132,2012,Illinois,IL-01,Bobby L Rush,Donald E Peloquin,236854.0,83989.0,73.8223991173253,1,0,79.58792249306892,81.29982869511964,81234.65,84493.0,49.01695643424618,50.98304356575382,5,0,-2.4
133,2012,Illinois,IL-02,Jesse L Jackson Jr,Brian Woodworth,188303.0,69115.0,73.15067322409466,1,0,81.32445656221566,81.63343685832399,635956.46,15145.0,97.6739416311553,2.326058368844696,5,0,-2.4
134,2012,Illinois,IL-03,Daniel Lipinski,Richard L Grabowski,168738.0,77653.0,68.48383260752219,1,0,56.77277612695202,59.02633838682932,287097.04,13051.5,95.65165301153888,4.348346988461114,5,0,-2.4
135,2012,Illinois,IL-04,Luis V Gutierrez,Hector Concepcion,133226.0,27279.0,83.00426777981994,1,0,82.5871875828493,81.56215534898377,88557.31,14192.0,86.18774179602762,13.812258203972366,5,0,-2.4
136,2012,Illinois,IL-05,Mike Quigley,Dan Schmitt,177729.0,77289.0,69.69272757217138,1,0,67.48246861909693,70.83554485964363,378790.98,0.0,100.0,0.0,6,0,-2.4
137,2012,Illinois,IL-06,Leslie Coolidge,Peter J Roskam,132991.0,193138.0,40.77864893953007,0,1,45.82723809581261,52.02094830564321,252825.36,1586112.93,13.748441770713251,86.25155822928674,4,0,-2.4
138,2012,Illinois,IL-07,Danny K Davis,Rita Zak,242439.0,31466.0,88.51207535459375,1,0,88.09161781672435,90.01156362369117,69545.0,0.0,100.0,0.0,4,0,-2.4
139,2012,Illinois,IL-08,Tammy Duckworth,Joe Walsh,123206.0,101860.0,54.7421645206295,0,1,58.36301738981848,62.358830629826215,4551655.05,1321814.67,77.49516498741735,22.50483501258265,4,0,-2.4
140,2012,Illinois,IL-09,Janice D Schakowsky,Timothy C Wolfe,194869.0,98924.0,66.32867358990853,1,0,66.14778552473256,69.3754350479294,984758.14,63534.1,93.93927594083878,6.060724059161212,6,0,-2.4
141,2012,Illinois,IL-10,Brad Schneider,Robert J Dold,133890.0,130564.0,50.62884282332655,0,0,58.305550616405874,63.66511247904664,2414583.62,3072149.09,44.007677202850296,55.9923227971497,4,0,-2.4
142,2012,Illinois,IL-11,Bill Foster,Judy Biggert,148928.0,105348.0,58.56942849502116,0,1,58.72314331663407,62.10492592879,2520441.4,1384941.15,64.53763153112875,35.462368468871254,5,0,-2.4
143,2012,Illinois,IL-12,William L Enyart,Jason Plummer,157000.0,129902.0,54.72251849063443,0,0,50.8243739401024,55.66255778120185,688343.12,629828.39,52.21954159819461,47.78045840180539,4,0,-2.4
144,2012,Illinois,IL-13,David M Gill,Rodney Davis,136032.0,137034.0,49.8165278723825,0,0,49.84088843812007,55.64765852031823,1014616.18,729582.07,58.17092065079185,41.82907934920815,4,0,-2.4
145,2012,Illinois,IL-14,Dennis Anderson,Randy Hultgren,124351.0,177603.0,41.182100584857295,0,1,44.90688415104033,51.24024845813317,29542.11,709618.14,3.996712485553708,96.00328751444628,4,0,-2.4
146,2012,Illinois,IL-15,Angela Michael,John Shimkus,94162.0,205775.0,31.393926057805476,0,1,34.75429032642206,43.573681416481904,5394.0,494572.3,1.0788727160210598,98.92112728397892,4,0,-2.4
147,2012,Illinois,IL-16,Wanda Rohl,Adam Kinzinger,112301.0,181789.0,38.18592947737087,0,1,46.063921604185765,50.95988574895102,34814.87,1019221.8,3.30300368012813,96.69699631987186,4,0,-2.4
148,2012,Illinois,IL-17,Cheri Bustos,Robert T Schilling,153519.0,134623.0,53.278938856536016,0,0,58.62811145083001,60.92703716219542,1652072.21,1468960.13,52.933517824426005,47.066482175574,4,0,-2.4
149,2012,Illinois,IL-18,Steve Waterworth,Aaron Schock,85164.0,244467.0,25.83616225415692,0,1,38.14154675874944,44.78177697989935,0.0,812509.21,0.0,100.0,4,0,-2.4
150,2012,Indiana,IN-01,Peter J Visclosky,Joel Phelps,187743.0,91291.0,67.28319846326971,1,0,62.07278729223361,63.88992898856328,207135.0,37295.8,84.74177558638274,15.258224413617272,5,0,-2.4
151,2012,Indiana,IN-02,Brendan Mullen,Jackie Walorski,130113.0,134033.0,49.25798611374013,0,0,42.89786661257906,50.11992140588493,812745.2,1276643.25,38.8987122045209,61.10128779547911,4,0,-2.4
152,2012,Indiana,IN-03,Kevin R Boyd,Marlin A Stutzman,92363.0,187872.0,32.95912359269899,0,1,36.33869904522934,43.43030635699338,30070.04,519370.43,5.4728476772015,94.5271523227985,4,0,-2.4
153,2012,Indiana,IN-04,Tara E Nelson,Todd Rokita,93015.0,168688.0,35.5421985991754,0,1,37.71858583197975,45.13118198469993,13939.7,809020.18,1.6938492797486069,98.3061507202514,4,0,-2.4
154,2012,Indiana,IN-05,Scott Reske,Susan Brooks,125347.0,194570.0,39.18110009783788,0,0,41.45290497672924,46.94336115571712,223649.84,1192511.33,15.792682693029915,84.20731730697007,4,0,-2.4
155,2012,Indiana,IN-06,Bradley T Bookout,Luke Messer,96678.0,162613.0,37.28552090122681,0,0,38.14946185269002,44.23946446072324,59291.71,736133.0,7.4540945553476705,92.54590544465232,4,0,-2.4
156,2012,Indiana,IN-07,Andre Carson,Carlos A May,162122.0,95828.0,62.85016476061253,1,0,64.0207162157965,66.88868225100735,619203.05,96458.68,86.52174959809574,13.478250401904262,5,0,-2.4
157,2012,Indiana,IN-08,Dave Crooks,Larry Bucshon,122325.0,151533.0,44.66730933549504,0,1,40.423375550565225,48.75366640834224,568359.34,736246.59,43.56559532118637,56.43440467881362,4,0,-2.4
158,2012,Indiana,IN-09,Shelli Yoder,Todd C Young,132848.0,165332.0,44.55295459118653,0,1,41.57928244444519,46.746300245314174,385228.71,1437113.5,21.13920798662728,78.86079201337273,4,0,-2.4
159,2012,Iowa,IA-01,Bruce L Braley,Ben Lange,222422.0,162465.0,57.788909472130776,1,0,56.91732813911359,59.150641442660486,1739366.33,852871.56,67.09902423345876,32.900975766541244,4,0,-2.4
160,2012,Iowa,IA-02,David Loebsack,John Archer,211863.0,161977.0,56.67210571367431,1,0,56.617071663920925,57.85273131606961,632510.24,771085.94,45.06354812108423,54.93645187891577,4,0,-2.4
161,2012,Iowa,IA-03,Leonard L Boswell,Tom Latham,168632.0,202000.0,45.49849985969911,1,1,52.175049389264274,53.118608166994086,887449.7,1168716.84,43.16039983804036,56.839600161959645,4,0,-2.4
162,2012,Iowa,IA-04,Christie Vilsack,Steve King,169470.0,200063.0,45.86058619933808,0,1,45.86141410721653,49.13395992837902,2783643.16,3026692.45,47.90847460186555,52.09152539813444,4,0,-2.4
164,2012,Kansas,KS-02,Tobias Schlingensiepen,Lynn Jenkins,113735.0,167463.0,40.44658923605431,0,1,43.26635403476058,46.151312977147576,206351.8,893863.61,18.755581691043574,81.24441830895644,4,0,-2.4
166,2012,Kansas,KS-04,Robert Leon Tillman,Mike Pompeo,81770.0,161094.0,33.669049344489096,0,1,36.94949154360771,40.26275281904421,2092.9,1155712.78,0.1807643576251932,99.81923564237482,4,0,-2.4
167,2012,Kentucky,KY-01,Charles Kendall Hatchett,Ed Whitfield,87199.0,199956.0,30.366526788668143,0,1,32.58901237228362,37.43943026514117,0.0,546390.0,0.0,100.0,4,0,-2.4
168,2012,Kentucky,KY-02,David Lynn Williams,Brett Guthrie,89541.0,181508.0,33.034986293991125,0,1,35.71066051187858,37.68036833111829,0.0,433370.78,0.0,100.0,4,0,-2.4
169,2012,Kentucky,KY-03,John A Yarmuth,Brooks Wicker,206385.0,111452.0,64.93422729260597,1,0,56.563973865258966,56.77450441742054,504055.07,42212.12,92.27262395165998,7.727376048340007,4,0,-2.4
170,2012,Kentucky,KY-04,"William R \""Bill\"" Adkins",Thomas Massie,104734.0,186036.0,36.01953433985624,0,1,35.46400662609385,37.57605533900345,69598.35,672420.25,9.379596414429503,90.6204035855705,4,0,-2.4
171,2012,Kentucky,KY-05,Kenneth S Stepp,Harold Rogers,55447.0,195408.0,22.103207031950728,0,1,23.656169245617857,32.16148265769973,250.0,572363.17,0.0436594917996734,99.95634050820031,4,0,-2.4
172,2012,Kentucky,KY-06,Ben Chandler,"Garland \""Andy\"" Barr",141438.0,153222.0,48.00040724903278,1,0,43.04467655460412,45.50088237323895,1364111.66,1756373.52,43.714729643420384,56.285270356579616,4,0,-2.4
173,2012,Louisiana,LA-01,"M V \""Vinny\"" Mendoza","['Gary King', 'Steve Scalise']",61703.0,218340.0,22.033402013262247,0,1,27.48827986904195,25.852827747190016,0.0,737621.9500000001,0.0,100.0,5,0,-2.4
174,2012,Louisiana,LA-02,"['Cedric L Richmond', 'Gary Landrieu']","['Dwayne Bailey', 'Josue Larose']",230417.0,50146.0,82.12665248090447,1,0,76.87595522964106,74.24706153055725,316087.0,3210.0,98.99466640776456,1.0053335922354425,4,0,-2.4
175,2012,Louisiana,LA-03,"\""Ron\"" Richard","['Bryan Barrilleaux', 'Charles W Boustany Jr', 'Jeffrey M Landry']",67070.0,240558.0,21.80230668209656,0,1,32.79813228243742,34.64598397680168,55412.5,4221726.03,1.2955507428935202,98.70444925710648,4,0,-2.4
179,2012,Maine,ME-01,Chellie Pingree,Jonathan T E Courtney,236363.0,128440.0,64.79195620650049,1,0,60.94111926926272,61.81043006112517,825296.25,109046.24,88.32909332850741,11.670906671492592,1,0,-2.4
180,2012,Maine,ME-02,Michael H Michaud,Kevin L Raye,191456.0,137542.0,58.193666830801405,1,0,54.41545592788699,55.72064193789132,451215.95,553952.76,44.88957381094762,55.11042618905238,2,0,-2.4
181,2012,Maryland,MD-01,"['John Laferla', 'Wendy Rosen']",Andy Harris,107670.0,214204.0,33.450977711775415,0,1,38.44071839805491,39.17665311207426,236608.22,1147584.46,17.093589889523184,82.90641011047681,4,0,-2.4
182,2012,Maryland,MD-02,C A Dutch Ruppersberger,Nancy C Jacobs,194088.0,92071.0,67.82523002945915,1,0,64.31446229913473,61.76804860733844,660737.07,242186.3,73.17753554213576,26.822464457864235,4,0,-2.4
183,2012,Maryland,MD-03,John P Sarbanes,Eric Delano Knowles,213747.0,94549.0,69.33174611412409,1,0,62.06638177592724,61.27491849381549,1007366.77,29829.22,97.12405174262196,2.875948257378049,4,0,-2.4
184,2012,Maryland,MD-04,Donna F Edwards,Faith M Loudon,240385.0,64560.0,78.82896915837281,1,0,78.94554851298074,78.01375519286898,335752.25,64001.37,83.98979601485536,16.01020398514465,3,0,-2.4
185,2012,Maryland,MD-05,Steny H Hoyer,Tony O'Donnell,238618.0,95271.0,71.46626573501972,1,0,67.12424277060235,65.93788354725302,1303984.01,167048.76,88.64411701718922,11.355882982810778,4,0,-2.4
186,2012,Maryland,MD-06,John Delaney,Roscoe G Bartlett,181921.0,117313.0,60.79556467513718,0,1,56.29365119386803,57.264437294432646,1652152.16,648974.7,71.7975261911462,28.202473808853807,4,0,-2.4
187,2012,Maryland,MD-07,Elijah E Cummings,Frank C Mirabile,247770.0,67405.0,78.61346870786072,1,0,77.33992668259825,77.27846216658429,217186.86,15180.0,93.4672267809618,6.532773219038206,4,0,-2.4
188,2012,Maryland,MD-08,Chris Van Hollen,Ken Timmerman,217531.0,113033.0,65.80601638411926,1,0,63.234367138751225,63.85199719027027,727770.71,200005.5,78.44248452975529,21.557515470244702,4,0,-2.4
191,2012,Massachusetts,MA-03,Niki Tsongas,Jonathan A Golnik,212119.0,109372.0,65.97976304157814,1,0,57.88073198301409,59.90192775832153,1257965.3,230360.93,84.52214807771009,15.477851922289911,4,0,-2.4
192,2012,Massachusetts,MA-04,Joseph P Kennedy Iii,Sean Bielat,221303.0,129936.0,63.00638596511208,0,0,58.09480725996601,61.41799018757728,3717773.85,1030464.06,78.29796906701333,21.70203093298668,6,0,-2.4
193,2012,Massachusetts,MA-05,Edward J Markey,Tom Tierney,257490.0,82944.0,75.63580605932427,1,0,66.30291246860232,67.33938635123263,486531.94,210.0,99.956855988206,0.0431440117940114,6,0,-2.4
194,2012,Massachusetts,MA-06,John F Tierney,Richard R Tisei,180942.0,176612.0,50.6055029450097,1,0,55.50267168278054,57.88644820157973,1311634.12,1956758.43,40.13086249385803,59.86913750614198,6,0,-2.4
196,2012,Massachusetts,MA-08,Stephen F Lynch,Joe Selvaggi,263999.0,82242.0,76.24718043212675,1,0,58.58606382949512,58.79372848598516,250775.75,30856.0,89.04384892683443,10.95615107316558,6,0,-2.4
197,2012,Massachusetts,MA-09,William R Keating,Christopher Sheldon,212754.0,116531.0,64.61089937288367,1,0,56.28305985769212,58.71945337620579,520840.88,52442.73,90.85221885202684,9.147781147973165,0,0,-2.4
198,2012,Michigan,MI-01,Gary Mcdowell,Dan Benishek,165179.0,167060.0,49.71692065049558,0,1,45.82285722458203,50.65622025983224,953752.42,1030173.82,48.07398585544188,51.92601414455812,2,0,-2.4
199,2012,Michigan,MI-02,Willie German Jr,Bill Huizenga,108973.0,194653.0,35.890536383577164,0,1,43.47147643306256,48.82548582572961,0.0,423592.83,0.0,100.0,4,0,-2.4
200,2012,Michigan,MI-03,Steve Pestka,Justin Amash,144108.0,171675.0,45.63513552027816,0,1,46.27083138106048,50.54009013578332,328942.15,1110707.77,22.848759648456763,77.15124035154325,4,0,-2.4
201,2012,Michigan,MI-04,Debra Freidell Wirth,Dave Camp,104996.0,197386.0,34.72296631413245,0,1,45.94655797101449,50.53455274322816,4395.0,1281930.26,0.3416709705288692,99.65832902947112,4,0,-2.4
202,2012,Michigan,MI-05,Daniel T Kildee,Jim Slezak,214531.0,103931.0,67.36470913327179,0,0,61.30418852378442,64.06716324677885,369631.01,51721.06,87.72497783148425,12.275022168515749,4,0,-2.4
203,2012,Michigan,MI-06,Mike O'Brien,Fred Upton,136563.0,174955.0,43.83791626808082,0,1,49.3236806419681,54.02776432891135,266668.03,1317657.3,16.83164593473993,83.16835406526006,4,0,-2.4
204,2012,Michigan,MI-07,Kurt Richard Haskell,Tim Walberg,136849.0,169668.0,44.64646332829827,0,1,48.4379188497624,51.73176939249751,17727.1,977247.09,1.781664306287181,98.21833569371282,4,0,-2.4
205,2012,Michigan,MI-08,Lance Enderle,Mike Rogers,128657.0,202217.0,38.88398604907004,0,1,48.399940389660415,52.86977027807309,25820.84,685697.9,3.6289753942390894,96.37102460576092,4,0,-2.4
206,2012,Michigan,MI-09,Sander M Levin,Don Volaric,208846.0,114760.0,64.53712230304754,1,0,57.72678638558746,59.17944524708631,555220.0,53851.52,91.15842421921155,8.841575780788435,0,0,-2.4
207,2012,Michigan,MI-10,Chuck Stadler,Candice S Miller,97734.0,226075.0,30.182607648335903,0,1,44.1645193732482,48.96713195886383,0.0,222113.5,0.0,100.0,2,0,-2.4
208,2012,Michigan,MI-11,Syed Taj,Kerry Bentivolio,158879.0,181788.0,46.63762559919217,0,0,47.283614934563424,50.950387233785,542516.03,204112.16,72.66214124596608,27.33785875403392,4,0,-2.4
209,2012,Michigan,MI-12,John D Dingell,Cynthia Kallgren,216884.0,92472.0,70.10822482835309,1,0,66.88624614428893,68.06148863557216,361243.25,18568.86,95.11104056160822,4.8889594383917885,6,0,-2.4
210,2012,Michigan,MI-13,John Conyers Jr,Harry T Sawicki,235336.0,38769.0,85.85615001550501,1,0,85.63441347067439,85.67617421528423,408107.42,0.0,100.0,0.0,6,0,-2.4
211,2012,Michigan,MI-14,Gary C Peters,John Hauler,270450.0,51395.0,84.03113299880377,1,0,81.31486859645781,82.76347947879255,1198852.73,0.0,100.0,0.0,6,0,-2.4
212,2012,Minnesota,MN-01,Timothy J Walz,Allen Quist,193211.0,142164.0,57.610436079016026,1,0,50.69280594590252,52.12142097651636,1137130.64,101214.5,91.82663243625278,8.173367563747211,4,0,-2.4
213,2012,Minnesota,MN-02,Mike Obermueller,John Kline,164338.0,193587.0,45.91408814695816,0,1,50.030591968119374,51.46695495335258,457991.9,1230774.43,27.119909478536325,72.88009052146367,4,0,-2.4
214,2012,Minnesota,MN-03,Brian Barnes,Erik Paulsen,159937.0,222335.0,41.838533818851495,0,1,50.41669304498664,51.860852767521926,342860.86,1902399.58,15.270427158107324,84.72957284189269,4,0,-2.4
215,2012,Minnesota,MN-04,Betty Mccollum,Tony Hernandez,216685.0,109659.0,66.39772755129556,1,0,63.77151325502985,63.80411363585882,489691.43,51554.38,90.47486760220832,9.52513239779168,4,0,-2.4
216,2012,Minnesota,MN-05,Keith Ellison,Chris Fields,262102.0,88753.0,74.7037950150347,1,0,75.39159652792648,74.98082608985617,1662473.91,326287.03,83.59345140799076,16.40654859200926,3,0,-2.4
217,2012,Minnesota,MN-06,Jim Graves,Michele Bachmann,174944.0,179240.0,49.393535563435954,0,1,42.37664266300541,44.14123726137505,1933891.9,21834541.72,8.136387659861281,91.86361234013872,4,0,-2.4
218,2012,Minnesota,MN-07,Collin C Peterson,Lee Byberg,197791.0,114151.0,63.40633835777164,1,0,45.03419855890564,48.340362665904166,219837.47,512465.63,30.02001083977386,69.97998916022614,4,0,-2.4
219,2012,Minnesota,MN-08,Richard Nolan,Chip Cravaack,191976.0,160520.0,54.46189460305932,0,1,52.79641994922796,54.35639715681919,836911.09,1573812.38,34.716179620551834,65.28382037944816,4,0,-2.4
220,2012,Mississippi,MS-01,Brad Morris,Alan Nunnelee,114076.0,186760.0,37.91966387001556,0,1,37.430393588309286,36.92606326058283,72572.49,945275.99,7.129989524570495,92.87001047542952,4,0,-2.4
221,2012,Mississippi,MS-02,Bennie G Thompson,Bill Marcy,214978.0,99160.0,68.43425500894512,1,0,66.76403646498947,64.57299101381244,320427.89,18032.0,94.67233768822652,5.327662311773486,4,0,-2.4
223,2012,Mississippi,MS-04,Matt Moore,Steven M Palazzo,82344.0,182998.0,31.03315720843289,0,1,31.60651980746601,31.38281479821256,0.0,493303.62,0.0,100.0,4,0,-2.4
224,2012,Missouri,MO-01,Wm Lacy Clay,Robyn Hamlin,267927.0,60832.0,81.496476142098,1,0,80.86873701223736,81.16401032598277,278733.43,9317.0,96.76549693052011,3.2345030694798824,4,0,-2.4
225,2012,Missouri,MO-02,Glenn Koenen,Ann Wagner,146272.0,236971.0,38.16690715812161,0,0,42.03493740074602,46.84934794218884,18915.31,2023402.05,0.9261689867827398,99.07383101321726,6,0,-2.4
226,2012,Missouri,MO-03,Eric C Mayer,Blaine Luetkemeyer,111189.0,214843.0,34.10370761152279,0,1,36.76958098551929,43.39550276146226,0.0,352390.02,0.0,100.0,4,0,-2.4
227,2012,Missouri,MO-04,Teresa Hensley,Vicky Hartzler,113120.0,192237.0,37.04516352990107,0,1,37.287144722930535,42.58185301288749,622464.99,897355.7,40.95647559581519,59.04352440418481,4,0,-2.4
228,2012,Missouri,MO-05,Emanuel Cleaver,Jacob Turk,200290.0,122149.0,62.11717565182872,1,0,59.94231284005498,62.77809539701341,337253.4,359306.69,48.41698581955794,51.583014180442056,4,0,-2.4
229,2012,Missouri,MO-06,Kyle Yarber,Sam Graves,108503.0,216906.0,33.34357685251484,0,1,38.70191374558441,43.79783524296907,32538.0,299754.0,9.791990177313927,90.20800982268608,4,0,-2.4
230,2012,Missouri,MO-07,Jim Evans,Billy Long,98498.0,203565.0,32.60842936738362,0,1,30.99532481857037,35.898895728807126,14735.0,512339.82,2.795618276737257,97.20438172326271,4,0,-2.4
231,2012,Missouri,MO-08,Jack Rushin,Jo Ann Emerson,73755.0,216083.0,25.446973826758395,0,1,32.684986317134694,38.99341040169989,13696.41,547585.76,2.44020044321023,97.55979955678976,4,0,-2.4
232,2012,Montana,MT-00,Kim Gillan,Steve Daines,204939.0,255468.0,44.51257257165943,0,0,42.96576813611854,48.76869849445741,788149.81,1310254.51,37.55948281692444,62.44051718307556,1,0,-2.4
233,2012,Nebraska,NE-01,Korey L Reiman,Jeff Fortenberry,81206.0,174889.0,31.709326617075696,0,1,41.51763059558044,44.85541101746672,30444.0,431328.45,6.592857586025325,93.40714241397468,4,0,-2.4
234,2012,Nebraska,NE-02,John W Ewing Jr,Lee Terry,129767.0,133964.0,49.20430286921143,0,1,46.40309528972688,50.594509064076135,499336.21,780061.09,39.02901858554805,60.97098141445194,4,0,-2.4
235,2012,Nebraska,NE-03,Mark Sullivan,Adrian Smith,65266.0,187423.0,25.828587710584948,0,1,28.372243073751463,31.67041559554413,23986.0,412169.99,5.499408594617719,94.50059140538228,5,0,-2.4
236,2012,Nevada,NV-01,Dina Titus,Chris Edwards,113967.0,56521.0,66.84752006006288,0,0,66.95268941081851,66.12251311169867,718875.34,37671.0,95.02066192006164,4.979338079938368,5,0,-2.4
237,2012,Nevada,NV-02,Samuel Koepnick,Mark E Amodei,102019.0,162213.0,38.6096309303945,0,1,45.8767686561178,50.61606385150015,0.0,616167.17,0.0,100.0,5,0,-2.4
238,2012,Nevada,NV-03,John Oceguera,Joseph J Heck,116823.0,137244.0,45.981178193153774,0,1,50.40593530148275,54.56107211430081,929716.86,1333625.63,41.07716194556132,58.922838054438685,4,0,-2.4
239,2012,Nevada,NV-04,Steven A Horsford,Danny Tarkanian,120501.0,101261.0,54.33798396479108,0,0,55.45804916603518,57.64822257117256,960479.54,951862.62,50.22529754821699,49.774702451783,5,0,-2.4
240,2012,New Hampshire,NH-01,Carol Shea-Porter,Frank C Guinta,171650.0,158659.0,51.966491981750416,0,0,50.81246968661276,53.22627112600728,1191010.19,973139.1,55.033642803819696,44.966357196180304,4,0,-2.4
241,2012,New Hampshire,NH-02,Ann Mclane Kuster,Charles F Bass,169275.0,152977.0,52.528766307113685,0,1,54.887983119638406,56.50982795729578,2577172.96,748380.84,77.49605373998159,22.50394626001841,1,0,-2.4
242,2012,New Jersey,NJ-01,Robert E Andrews,Gregory W Horton,210470.0,92459.0,69.47832660458391,1,0,65.78656160787074,65.4161063442383,768135.75,12140.0,98.44413978007134,1.55586021992866,4,0,-2.4
243,2012,New Jersey,NJ-02,Cassandra Shober,Frank A Lobiondo,116462.0,166677.0,41.13244731386351,0,1,54.122606482157046,53.867199053534456,50919.74,657030.81,7.192556033751226,92.80744396624875,4,0,-2.4
244,2012,New Jersey,NJ-03,Shelley Adler,Jon Runyan,145506.0,174253.0,45.50489587470564,0,1,52.31203485365148,51.74371451743715,758773.11,905169.47,45.60091911344681,54.39908088655319,4,0,-2.4
245,2012,New Jersey,NJ-04,Brian P Froelich,Christopher H Smith,107991.0,195145.0,35.624604138076634,0,1,45.16548603450424,45.77638353463431,64380.84,451581.88,12.47780847422465,87.52219152577536,4,0,-2.4
246,2012,New Jersey,NJ-05,Adam Gussen,Scott Garrett,130100.0,167501.0,43.716250953457816,0,1,48.47949915021611,48.97763223622135,45794.28,1324756.15,3.341305726342372,96.65869427365764,4,0,-2.4
247,2012,New Jersey,NJ-06,Frank Pallone Jr,Anna Little,151782.0,84360.0,64.27573239830272,1,0,62.159653347637686,59.07510647875619,719590.7,560089.12,56.232089367479446,43.76791063252057,4,0,-2.4
248,2012,New Jersey,NJ-07,Upendra J Chivukula,Leonard Lance,123057.0,175662.0,41.19490223253292,0,1,46.89340663263485,47.77892991610338,907658.57,621861.98,59.34268552325106,40.657314476748944,4,0,-2.4
249,2012,New Jersey,NJ-08,Albio Sires,Maria Karczewski,130853.0,31763.0,80.46748167461996,1,0,79.03577831475563,73.78279934111315,332650.0,0.0,100.0,0.0,5,0,-2.4
250,2012,New Jersey,NJ-09,Bill Pascrell Jr,Shmuley Boteach,162822.0,55091.0,74.71880980024139,1,0,68.94790724725435,64.50458282150619,1558684.95,305115.88,83.62937310206048,16.37062689793952,4,0,-2.4
251,2012,New Jersey,NJ-10,Donald M Payne Jr,Brian C Kelemen,201435.0,24271.0,89.24663057251469,1,0,88.41513390582658,85.35868784082743,248521.68,0.0,100.0,0.0,3,0,-2.4
252,2012,New Jersey,NJ-11,John Arvanites,Rodney P Frelinghuysen,123897.0,182237.0,40.47149287566882,0,1,47.07977700220003,47.41488426840378,96882.0,505941.0,16.07138413763244,83.92861586236756,4,0,-2.4
253,2012,New Jersey,NJ-12,Rush D Holt,Eric A Beck,189926.0,80906.0,70.12686831689018,1,0,67.22211105043769,66.37308649607132,1432667.16,56780.0,96.18784730839327,3.8121526916067294,4,0,-2.4
254,2012,New Mexico,NM-01,Michelle Lujan Grisham,Janice E Arnold-Jones,162924.0,112473.0,59.15968583535768,0,0,58.250268993962585,60.491218534497406,1170633.83,535491.81,68.61357701652031,31.386422983479694,5,0,-2.4
255,2012,New Mexico,NM-02,Evelyn Madrid Erhard,Steven Pearce,92162.0,133180.0,40.898722830187005,0,1,46.46685174703287,49.10723543684286,77996.0,1218627.71,6.0153149598043365,93.98468504019566,5,0,-2.4
256,2012,New Mexico,NM-03,Ben Ray Lujan,Jefferson L Byrd,167103.0,97616.0,63.12467182181861,1,0,59.79689710296604,62.00374940974987,518180.01,63330.27,89.10934644182042,10.890653558179572,5,0,-2.4
257,2012,New York,NY-01,Timothy H Bishop,Randy Altschuler,145198.0,131650.0,52.446830029474654,1,0,50.27293941875725,51.879509546006986,1604417.77,1769056.93,47.55979850686297,52.44020149313703,6,0,-2.4
258,2012,New York,NY-02,Vivianne C Falcone,Peter T King,99955.0,141950.0,41.319939645728695,0,1,52.23027506602178,51.6986104535477,8027.44,1089954.92,0.7311082848361973,99.2688917151638,5,0,-2.4
259,2012,New York,NY-03,Steve Israel,Stephen A Labate,157602.0,113021.0,58.2367352368424,1,0,51.29244921931711,53.97012334965599,2070177.77,273047.5,88.34736448536167,11.652635514638336,4,0,-2.4
260,2012,New York,NY-04,Carolyn Mccarthy,Francis X Becker,163955.0,85693.0,65.6744696532718,1,0,56.839787982624536,55.7428013914654,1448386.94,131115.77,91.6989208584517,8.301079141548291,4,0,-2.4
261,2012,New York,NY-05,Gregory W Meeks,Allan W Jennings,167835.0,17875.0,90.37477787948951,1,0,90.8714731765384,86.38936499310229,182915.0,16599.0,91.6802830879036,8.319716912096395,3,0,-2.4
262,2012,New York,NY-06,Grace Meng,Daniel J Halloran,111499.0,50845.0,68.68070270536639,0,0,68.59541625899831,63.96855907533815,1376479.85,170467.0,88.98042295376858,11.01957704623142,4,0,-2.4
264,2012,New York,NY-08,Hakeem S Jeffries,Alan S Bellone,184038.0,17650.0,91.24885962476696,0,0,89.7946444223065,86.33445378847851,1183368.18,0.0,100.0,0.0,3,0,-2.4
265,2012,New York,NY-09,Yvette D Clarke,Daniel J Cavanagh,186141.0,24164.0,88.51002115974418,1,0,86.03587477941517,84.50070232394337,346511.5,0.0,100.0,0.0,3,0,-2.4
266,2012,New York,NY-10,Jerrold Nadler,Michael W Chan,165000.0,39311.0,80.75923469612502,1,0,74.64258388425134,76.35667975811981,745235.68,0.0,100.0,0.0,6,0,-2.4
267,2012,New York,NY-11,Mark S Murphy,Michael G Grimm,92428.0,103118.0,47.26662780113119,0,1,52.16021240710732,48.68102597972548,711029.48,955276.03,42.6710153530009,57.32898464699909,6,0,-2.4
268,2012,New York,NY-12,Carolyn B Maloney,Christopher R Wight,193455.0,46692.0,80.55690889330285,1,0,78.14940757664311,80.94562789412537,1035711.0,101034.96,91.11191387036028,8.888086129639731,6,0,-2.4
269,2012,New York,NY-13,Charles B Rangel,Craig Schley,174789.0,12132.0,93.509557513602,1,0,95.40794801647536,93.83277664223873,981997.58,0.0,100.0,0.0,5,0,-2.4
270,2012,New York,NY-14,Joseph Crowley,William F Gibbons,120761.0,21755.0,84.73504729293553,1,0,81.534444835212,76.6114733389603,901900.83,0.0,100.0,0.0,4,0,-2.4
271,2012,New York,NY-15,Jose E Serrano,Frank L Della Valle,152661.0,4427.0,97.18183438582196,1,0,96.9917534992444,94.78430064487436,34318.0,0.0,100.0,0.0,5,0,-2.4
272,2012,New York,NY-16,Eliot L Engel,Joseph Mclaughlin,179561.0,53935.0,76.90110323089047,1,0,74.27052209318953,73.4067054562049,598685.76,3350.0,99.44355464864744,0.5564453513525509,3,0,-2.4
273,2012,New York,NY-17,Nita M Lowey,Joe E Carvin,171417.0,91899.0,65.09934831153443,1,0,57.69719446447581,58.48044361720627,1785986.87,291201.01,85.98099802122859,14.019001978771414,6,0,-2.4
274,2012,New York,NY-18,Sean Patrick Maloney,Nan A S Hayworth,143845.0,133049.0,51.94948247343749,0,0,52.17364012359026,52.63979075895199,1845093.96,1608755.82,53.42137259947651,46.57862740052348,4,0,-2.4
275,2012,New York,NY-19,Julian Schreibman,Christopher P Gibson,133567.0,149736.0,47.14634154950706,0,1,53.19685601519458,53.90081144238024,933424.39,943807.31,49.723451292666745,50.27654870733325,1,0,-2.4
276,2012,New York,NY-20,Paul Tonko,Robert J Dieterich,203400.0,93778.0,68.44382827800175,1,0,60.4036411934303,59.40969466449033,427304.35,196352.47,68.51594279045966,31.48405720954034,4,0,-2.4
277,2012,New York,NY-21,William L Owens,Matthew A Doheny,126631.0,121646.0,51.00391900981565,1,0,53.14087848178757,52.50316480042524,797861.53,778785.54,50.60495434783638,49.39504565216362,1,0,-2.4
278,2012,New York,NY-22,Dan Lamb,Richard L Hanna,102080.0,157941.0,39.25836759338669,0,1,49.75558762036574,49.97390616319591,279294.98,418796.11,40.00838629812622,59.99161370187378,1,0,-2.4
279,2012,New York,NY-23,Nate Shinagawa,Tom Reed,127535.0,137669.0,48.08939533340372,0,1,49.38011730399873,50.41883851504232,679912.0,850743.0,44.41967654370188,55.58032345629812,4,0,-2.4
280,2012,New York,NY-24,Daniel B Maffei,Ann Marie Buerkle,143044.0,127054.0,52.960036727410056,0,1,58.12917745631042,57.21552136579962,1279561.89,1093418.69,53.92213913524736,46.07786086475263,4,0,-2.4
281,2012,New York,NY-25,Louise Mcintosh Slaughter,Maggie Brooks,179810.0,133389.0,57.41078355933448,1,0,59.8606727243743,59.56034643681498,1183862.94,1186805.8,49.93793185968276,50.06206814031723,6,0,-2.4
282,2012,New York,NY-26,Brian Higgins,Michael H Madigan,212588.0,71666.0,74.78804168103176,1,0,65.08204170242844,64.43203554973223,653781.57,17204.05,97.43600317395772,2.563996826042263,6,0,-2.4
283,2012,New York,NY-27,Kathleen C Hochul,Chris Collins,156219.0,161220.0,49.212289605246994,1,0,43.68500275804899,45.19822805038541,3075880.62,431624.0,87.6942713763268,12.305728623673202,1,0,-2.4
284,2012,North Carolina,NC-01,G K Butterfield,Pete Dilauro,254644.0,77288.0,76.71571285685019,1,0,71.97722179103697,70.92932984941625,259190.14,0.0,100.0,0.0,4,0,-2.4
285,2012,North Carolina,NC-02,Steve Wilkins,Renee L Ellmers,128973.0,174066.0,42.559868531773134,0,1,42.144986603268045,43.75736140648899,76591.48,455926.85,14.382881430579117,85.6171185694209,4,0,-2.4
286,2012,North Carolina,NC-03,Erik Anderson,Walter B Jones,114314.0,195571.0,36.88916856253126,0,1,41.421054978374286,43.33579273149901,20983.0,354440.88,5.589148990735485,94.41085100926452,4,0,-2.4
287,2012,North Carolina,NC-04,David E Price,Tim D'Annunzio,259534.0,88951.0,74.47494153263412,1,0,72.27083158395611,72.7254759088214,614686.13,17204.0,97.27737478665792,2.7226252133420727,4,0,-2.4
288,2012,North Carolina,NC-05,Elisabeth Motsinger,Virginia Foxx,148252.0,200945.0,42.45511845748961,0,1,40.23811022540644,42.49092254879677,126944.14,651211.11,16.313472150962163,83.68652784903784,4,0,-2.4
289,2012,North Carolina,NC-06,Tony Foriest,Howard Coble,142467.0,222116.0,39.07669858441014,0,1,41.760538184656745,43.715588894540616,26918.78,154722.88,14.819717018661906,85.1802829813381,4,0,-2.4
290,2012,North Carolina,NC-07,Mike Mcintyre,David Rouzer,168695.0,168041.0,50.09710871424499,1,0,40.22195950938377,41.90065062736853,916911.45,1052470.11,46.558344437834585,53.441655562165415,4,0,-2.4
291,2012,North Carolina,NC-08,Larry Kissell,Richard Hudson,137139.0,160695.0,46.045448135538585,1,0,41.39083271575385,42.03765490943756,467427.42,721969.22,39.29954098407408,60.70045901592592,4,0,-2.4
292,2012,North Carolina,NC-09,Jennifer Roberts,Robert Pittenger,171503.0,194537.0,46.85362255491204,0,0,43.24380371383422,45.43306905135061,581828.66,709832.41,45.04499465947364,54.95500534052636,4,0,-2.4
293,2012,North Carolina,NC-10,Patsy Keever,Patrick T Mchenry,144023.0,190826.0,43.0113274938853,0,1,41.351035562620105,42.42345300553731,395111.57,552278.86,41.70525239525589,58.29474760474413,4,0,-2.4
294,2012,North Carolina,NC-11,Hayden Rogers,Mark Meadows,141107.0,190319.0,42.57571825988305,0,0,38.29386760167629,41.00559462771903,480153.7,554865.72,46.39079139210741,53.6092086078926,4,0,-2.4
295,2012,North Carolina,NC-12,Melvin L Watt,Jack Brosch,247591.0,63317.0,79.63481158413421,1,0,79.06898670433455,78.5189356996662,96939.4,2087.0,97.89248119693336,2.107518803066657,4,0,-2.4
296,2012,North Carolina,NC-13,Charles Malone,George Holding,160115.0,210495.0,43.20309759585548,0,0,43.97815739191813,45.3876692811,15085.55,1060729.13,1.4022442973170808,98.5977557026829,4,0,-2.4
297,2012,North Dakota,ND-00,Pam Gulleson,Kevin Cramer,131870.0,173585.0,43.17166194693163,0,0,39.88210485958018,45.57123980792162,665993.94,981732.22,40.41896986086572,59.581030139134285,4,0,-2.4
298,2012,Ohio,OH-01,Jeff Sinnard,Steve Chabot,131490.0,201907.0,39.4394670617912,0,1,46.89028963002406,47.69729158556254,0.0,627749.0,0.0,100.0,4,0,-2.4
299,2012,Ohio,OH-02,William R Smith,Brad Wenstrup,137077.0,194296.0,41.3663756552284,0,0,44.36491947023203,44.985280952795215,0.0,668105.04,0.0,100.0,4,0,-2.4
300,2012,Ohio,OH-03,Joyce Beatty,Chris Long,201897.0,77901.0,72.15812836403406,0,0,70.67667953943379,68.25578020071296,376968.22,17125.32,95.65450375055627,4.345496249443723,3,0,-2.4
301,2012,Ohio,OH-04,Jim Slone,Jim Jordan,114214.0,182643.0,38.4744169751766,0,1,42.873683562234405,44.51301672288343,17495.01,568820.29,2.983891090681072,97.01610890931892,4,0,-2.4
302,2012,Ohio,OH-05,Angela Zimmann,Robert E Latta,137806.0,201514.0,40.6124012731345,0,1,44.99770206982888,46.86994277230911,409793.6,548619.01,42.75753425239261,57.2424657476074,4,0,-2.4
303,2012,Ohio,OH-06,Charlie Wilson,Bill Johnson,144444.0,164536.0,46.748656870994886,0,1,43.60123277390096,45.70287108919877,394756.84,994737.64,28.410104946944447,71.58989505305556,4,0,-2.4
304,2012,Ohio,OH-07,Joyce R Healy-Abrams,Bob Gibbs,137708.0,178104.0,43.604422884500906,0,1,45.15983019952779,47.92117995378394,345005.6,677884.4,33.72851430750129,66.27148569249871,1,0,-2.4
306,2012,Ohio,OH-09,Marcy Kaptur,Samuel J Wurzelbacher,217771.0,68668.0,76.0270074954877,1,0,68.63693977602104,67.88131368164625,440458.96,371757.18,54.22927941323599,45.77072058676401,6,0,-2.4
307,2012,Ohio,OH-10,Sharen Swartz Neuhardt,Michael R Turner,131097.0,208201.0,38.63771669741643,0,1,49.0260945982339,50.00177370280928,464585.8,790074.22,37.02881996670301,62.97118003329698,4,0,-2.4
309,2012,Ohio,OH-12,Jim Reese,Patrick J Tiberi,134605.0,233869.0,36.53039291781781,0,1,44.67142262584439,45.43855090351989,15575.0,1334658.72,1.153504002255254,98.84649599774474,4,0,-2.4
310,2012,Ohio,OH-13,Tim Ryan,Marisha G Agana,235492.0,88120.0,72.76986020295911,1,0,63.99451000930048,63.50188657672079,381154.81,42468.25,89.97499097428737,10.025009025712622,0,0,-2.4
311,2012,Ohio,OH-14,Dale Virgil Blanchard,David P Joyce,131637.0,183657.0,41.75055662334202,0,0,48.31993420044673,49.83134727177861,0.0,626004.99,0.0,100.0,1,0,-2.4
312,2012,Ohio,OH-15,Pat Lang,Steve Stivers,128188.0,205274.0,38.441561557238906,0,1,47.18792987385489,46.87970524666734,79477.44,1268592.15,5.895648161605664,94.10435183839434,4,0,-2.4
313,2012,Ohio,OH-16,Betty Sutton,James B Renacci,170600.0,185165.0,47.95300268435624,1,1,45.85880170735279,47.93265561397558,1448053.42,1613450.61,47.29875923109596,52.70124076890404,0,0,-2.4
314,2012,Oklahoma,OK-01,John Olson,Jim Bridenstine,91421.0,181084.0,33.54837525916955,0,0,34.224559840157056,35.82987610597201,300747.58,569313.94,34.566243085891216,65.43375691410877,4,0,-2.4
315,2012,Oklahoma,OK-02,Rob Wallace,Markwayne Mullin,96081.0,143701.0,40.070147050237296,0,0,32.19319326464733,34.29179900762577,947975.2,1113496.0,45.98537200034616,54.01462799965384,4,0,-2.4
316,2012,Oklahoma,OK-03,Timothy Ray Murray,Frank D Lucas,53472.0,201744.0,20.95166447244687,0,1,26.079574102085,27.072298795864008,334.61,484617.35,0.0689985869940602,99.93100141300594,4,0,-2.4
317,2012,Oklahoma,OK-04,Donna Marie Bebo,Tom Cole,71846.0,176740.0,28.901868970899407,0,1,32.88901933280478,33.89491213766544,19845.47,576035.23,3.330443493135455,96.66955650686457,4,0,-2.4
318,2012,Oklahoma,OK-05,Tom Guild,James Lankford,97504.0,153603.0,38.8296622555325,0,1,40.78985342143237,40.75998327409576,50688.12,789694.08,6.031555642182807,93.9684443578172,4,0,-2.4
319,2012,Oregon,OR-01,Suzanne Bonamici,Delinda Morgan,197845.0,109699.0,64.33063236479984,1,0,58.8768678354489,61.22437112586786,1480150.53,10763.0,99.27809361284687,0.7219063871531168,4,0,-2.4
320,2012,Oregon,OR-02,Joyce B Segers,Greg Walden,96741.0,228043.0,29.786257943741077,0,1,41.58593554982348,44.56076942458231,25436.22,1070762.74,2.320401763563068,97.67959823643692,5,0,-2.4
321,2012,Oregon,OR-03,Earl Blumenauer,Ronald Green,264979.0,70325.0,79.02649535943502,1,0,74.4778247492308,74.99571023524253,352003.01,1130.0,99.68000725845482,0.3199927415451759,4,0,-2.4
322,2012,Oregon,OR-04,Peter A Defazio,Art Robinson,212866.0,140549.0,60.231172983602846,1,0,53.49396018088252,55.942374396186665,702913.59,1130342.38,38.34235925057427,61.65764074942574,4,0,-2.4
323,2012,Oregon,OR-05,Kurt Schrader,Fred Thompson,177229.0,139223.0,56.00501813861186,1,0,51.72711778249559,54.50508556503204,688481.15,30192.98,95.79879409322832,4.2012059067716825,4,0,-2.4
324,2012,Pennsylvania,PA-01,Robert A Brady,John Featherman,235394.0,41708.0,84.94850271741092,1,0,82.96869912080756,79.28690232047411,393610.0,5392.0,98.64862832767756,1.3513716723224445,4,0,-2.4
325,2012,Pennsylvania,PA-02,Chaka Fattah,Robert Allen Mansfield Jr,318176.0,33381.0,90.50481145305028,1,0,90.9895502972575,91.241852352162,213499.25,2086.0,99.0324013354346,0.9675986645654098,4,0,-2.4
326,2012,Pennsylvania,PA-03,Missa Eaton,Mike Kelly,123933.0,165826.0,42.77106146832367,0,1,43.63696250061758,46.9763884666138,174548.67,599358.12,22.554223874944935,77.44577612505506,1,0,-2.4
327,2012,Pennsylvania,PA-04,Harry Perkinson,Scott Perry,104643.0,181603.0,36.55701739063603,0,0,42.10425150676006,45.58109970609892,56016.0,250580.46,18.27026965673381,81.7297303432662,4,0,-2.4
328,2012,Pennsylvania,PA-05,Charles Dumas,Glenn Thompson,104725.0,177740.0,37.07538987131149,0,1,42.06572967513886,47.78295888088173,18582.0,804882.85,2.256562620736028,97.74343737926398,4,0,-2.4
329,2012,Pennsylvania,PA-06,Manan M Trivedi,Jim Gerlach,143803.0,191725.0,42.85871819937531,0,1,48.75652007816747,53.57584116311812,1031469.81,860015.58,54.53226419052595,45.46773580947405,4,0,-2.4
330,2012,Pennsylvania,PA-07,George Badey,Patrick Meehan,143509.0,209942.0,40.60223340717667,0,1,49.07213869055694,51.73425102042464,320430.08,1338595.67,19.31435241436126,80.68564758563873,4,0,-2.4
331,2012,Pennsylvania,PA-08,Kathy Boockvar,Michael G Fitzpatrick,152859.0,199379.0,43.396510314049024,0,1,49.96419896949191,53.79874626331722,1090859.59,1552067.82,41.2746708771695,58.7253291228305,4,0,-2.4
332,2012,Pennsylvania,PA-09,Karen Ramsburg,Bill Shuster,105128.0,169177.0,38.325221924500106,0,1,36.34572508113287,41.42320577289518,12462.0,741888.63,1.6520169142034122,98.3479830857966,4,0,-2.4
333,2012,Pennsylvania,PA-10,Philip Scollo,Tom Marino,94227.0,179563.0,34.41579312611856,0,1,39.01712263762396,42.8440264777265,147739.0,423440.1,25.865617281864832,74.13438271813517,1,0,-2.4
334,2012,Pennsylvania,PA-11,Gene Stilp,Lou Barletta,118231.0,166967.0,41.45576055933071,0,1,45.25929188501195,47.66016804516214,58596.0,705314.43,7.670532787463054,92.32946721253694,4,0,-2.4
335,2012,Pennsylvania,PA-12,Mark S Critz,Keith J Rothfus,163589.0,175352.0,48.26474224127503,1,0,41.458427058198026,45.25199400535477,1258608.68,1500084.24,45.62337007048976,54.37662992951024,4,0,-2.4
336,2012,Pennsylvania,PA-13,Allyson Y Schwartz,Joseph James Rooney,209901.0,93918.0,69.08751592230901,1,0,66.78709178106524,65.97707211794946,1667776.83,116546.35,93.46831609282798,6.531683907172018,4,0,-2.4
337,2012,Pennsylvania,PA-14,Michael F Doyle,Hans Lessmann,251932.0,75702.0,76.8943394153232,1,0,68.93677534229387,67.71920336841177,239913.01,30845.0,88.60790858966648,11.39209141033353,6,0,-2.4
338,2012,Pennsylvania,PA-15,Rick Daugherty,Charles W Dent,128764.0,168960.0,43.2494525130658,0,1,48.52817576854241,52.77686723675375,31346.06,882444.44,3.4303333203836117,96.5696666796164,4,0,-2.4
339,2012,Pennsylvania,PA-16,Aryanna C Strader,Joseph R Pitts,111185.0,156192.0,41.583606667738806,0,1,46.90524053791765,50.5998323264046,65951.94,292622.65,18.392809150252397,81.60719084974761,4,0,-2.4
340,2012,Pennsylvania,PA-17,Matthew A Cartwright,Laureen A Cummings,161393.0,106208.0,60.31106012309371,0,0,56.14435979833675,57.59460655163989,763633.42,31572.57,96.02963629587347,3.970363704126525,4,0,-2.4
341,2012,Pennsylvania,PA-18,Larry Maggi,Tim Murphy,122146.0,216727.0,36.044771935208765,0,1,41.43162287309529,44.19925056094033,470716.86,1117254.16,29.64266060724458,70.35733939275542,4,0,-2.4
342,2012,Rhode Island,RI-01,David N Cicilline,Brendan P Doherty,108612.0,83737.0,56.46611107934015,1,0,67.29550464962361,67.69235617462083,1718493.57,1251249.85,57.866735504038935,42.13326449596107,6,0,-2.4
343,2012,Rhode Island,RI-02,James R Langevin,Michael G Riley,124067.0,78189.0,61.3415671228542,1,0,60.98146907398265,60.96191131402839,558596.62,130412.77,81.07242486201821,18.92757513798179,4,0,-2.4
344,2012,South Carolina,SC-01,Bobbie G Rose,Tim Scott,103557.0,179908.0,36.53255251971143,0,1,40.82971367786544,43.23881986674037,68104.0,919355.19,6.896892619937033,93.10310738006297,4,0,-2.4
346,2012,South Carolina,SC-03,Brian Ryan B Doyle,Jeff Duncan,84735.0,169512.0,33.3278268770133,0,1,34.464910828099065,35.59941381344803,665.0,245371.06,0.2702855833409135,99.72971441665908,4,0,-2.4
347,2012,South Carolina,SC-04,Deb Morrow,Trey Gowdy,89964.0,173201.0,34.18539699428116,0,1,36.80100419897359,38.37440754733988,3690.0,270266.0,1.3469316240564178,98.6530683759436,4,0,-2.4
348,2012,South Carolina,SC-05,Joyce Knott,Mick Mulvaney,123443.0,154324.0,44.44120431872757,0,1,44.18174996991598,44.37818729289515,27115.0,371672.55,6.799359709198545,93.20064029080145,4,0,-2.4
350,2012,South Carolina,SC-07,Gloria Bromell Tinubu,Tom Rice,122389.0,153068.0,44.431254242949,0,0,44.890526803556426,45.80252930955579,200659.28,1069660.21,15.795969563530829,84.20403043646917,4,0,-2.4
351,2012,South Dakota,SD-00,Matt Varilek,Kristi L Noem,153789.0,207640.0,42.55026575067302,0,1,40.78150086180476,45.704292765884624,840453.28,1773493.28,32.15265732134937,67.84734267865063,4,0,-2.4
352,2012,Tennessee,TN-01,Alan Woodruff,David P Roe,47663.0,182252.0,20.730704825696453,0,1,26.09004391515291,29.051772226326342,2171.0,705731.85,0.3066805000149385,99.69331949998508,4,0,-2.4
353,2012,Tennessee,TN-02,Troy Christopher Goodale,John J Duncan Jr,54522.0,196894.0,21.68597066216947,0,1,31.455388700702112,35.04929524019787,7006.0,149543.65,4.475257530119039,95.52474246988096,4,0,-2.4
354,2012,Tennessee,TN-03,Mary M Headrick,"Charles J \""Chuck\"" Fleischmann",91094.0,157830.0,36.59510533335476,0,1,35.65662163376569,37.82438778516486,70437.44,850511.76,7.648352373833432,92.35164762616658,4,0,-2.4
355,2012,Tennessee,TN-04,Eric Stewart,Scott Desjarlais,102022.0,128568.0,44.24389609263194,0,1,33.631252196321896,36.40094988499234,512862.12,753148.38,40.51010003471535,59.48989996528466,4,0,-2.4
356,2012,Tennessee,TN-05,Jim Cooper,Brad Staats,171621.0,86240.0,66.55562492971019,1,0,56.81916126731261,58.200135420727584,838251.82,37701.52,95.69594426114068,4.304055738859333,4,0,-2.4
358,2012,Tennessee,TN-07,Credo Amouzouvik,Marsha Blackburn,61679.0,182730.0,25.23597739854097,0,1,33.372854868944415,36.81610376723252,0.0,646216.31,0.0,100.0,4,0,-2.4
359,2012,Tennessee,TN-08,Timothy D Dixon,Stephen Lee Fincher,79490.0,190923.0,29.39577609064653,0,1,33.19872257816589,35.25792259134094,10711.0,1334401.36,0.7962903559967286,99.20370964400328,4,0,-2.4
360,2012,Tennessee,TN-09,Steve Cohen,George S Flinn Jr,188422.0,59742.0,75.92640350735805,1,0,78.9289761994711,77.40348707544908,343011.98,55499.33,86.07333628749457,13.926663712505423,4,0,-2.4
361,2012,Texas,TX-01,Shirley J Mckellar,Louie Gohmert,67222.0,178322.0,27.376763431401297,0,1,27.75524150453132,30.65514803564353,49186.84,614529.5,7.410822520958275,92.58917747904172,5,0,-2.4
362,2012,Texas,TX-02,Jim Dougherty,Ted Poe,80512.0,159664.0,33.52208380520951,0,1,36.10038845614106,37.6778682285979,33484.87,597949.35,5.302986271475753,94.69701372852424,4,0,-2.4
364,2012,Texas,TX-04,Valinda Hathcox,Ralph M Hall,60214.0,182679.0,24.79033977924436,0,1,25.110918838621487,29.5735579432917,0.0,234764.59,0.0,100.0,5,0,-2.4
365,2012,Texas,TX-05,Linda S Mrosko,Jeb Hensarling,69178.0,134091.0,34.0327349472866,0,1,34.748768566592496,37.66895715074645,7000.0,1530648.02,0.4552407253774502,99.54475927462256,5,0,-2.4
366,2012,Texas,TX-06,Kenneth Sanders,Joe Barton,98053.0,145019.0,40.33907648762506,0,1,41.30671767247404,42.52023363020936,50842.91,515607.32,8.975706479985012,91.024293520015,4,0,-2.4
367,2012,Texas,TX-07,James Cargas,John Abney Culberson,85553.0,142793.0,37.4663887258809,0,1,39.17291322576546,40.77572634893373,67725.11,455961.63,12.932370600027031,87.06762939997297,4,0,-2.4
368,2012,Texas,TX-08,Neil Burns,Kevin Brady,51051.0,194043.0,20.82915126441284,0,1,22.01979961356891,26.360062724206816,6733.0,258316.49,2.540280307651224,97.45971969234878,5,0,-2.4
369,2012,Texas,TX-09,Al Green,Steve Mueller,144075.0,36139.0,79.94661901961003,1,0,78.67521274983218,76.47270209853774,177372.87,3700.0,97.9566237614724,2.043376238527616,4,0,-2.4
370,2012,Texas,TX-10,Tawana W Cadien,Michael T Mccaul,95710.0,159783.0,37.46090890944175,0,1,39.62873223890865,43.1225714755113,9195.0,617069.92,1.468228493462479,98.53177150653752,4,0,-2.4
371,2012,Texas,TX-11,Jim Riley,K Michael Conaway,41970.0,177742.0,19.10227934750947,0,1,19.81752226008574,23.35647695552514,0.0,631798.41,0.0,100.0,5,0,-2.4
372,2012,Texas,TX-12,Dave Robinson,Kay Granger,66080.0,175649.0,27.336397370609237,0,1,32.15540812305242,35.78014580375516,3560.0,791197.89,0.4479351567053961,99.5520648432946,4,0,-2.4
374,2012,Texas,TX-14,Nick Lampson,Randy Weber,109697.0,131460.0,45.48779425851209,0,0,39.95497020446953,42.48532241150095,818899.33,693537.57,54.14436331195041,45.85563668804959,4,0,-2.4
375,2012,Texas,TX-15,Ruben Hinojosa,Dale A Brueggemann,89296.0,54056.0,62.291422512416986,1,0,58.02797912244871,57.796509786097,275264.92,16636.0,94.30080590359222,5.699194096407782,5,0,-2.4
376,2012,Texas,TX-16,Beto O'Rourke,Barbara Carrasco,101403.0,51043.0,66.5173241672461,0,0,65.02755814252968,65.052839412195,588930.32,79929.0,88.04995346405579,11.950046535944212,5,0,-2.4
378,2012,Texas,TX-18,Sheila Jackson Lee,Sean Seibert,146223.0,44015.0,76.86319242212386,1,0,76.94188191881919,76.98235973074841,313800.89,35944.69,89.72261779548435,10.277382204515636,5,0,-2.4
380,2012,Texas,TX-20,Joaquin Castro,David Rosa,119032.0,62376.0,65.61562885870525,0,0,59.75227183144981,58.89495836857821,939451.29,34703.89,96.437539858896,3.562460141104008,5,0,-2.4
381,2012,Texas,TX-21,Candace E Duval,Lamar Smith,109326.0,187015.0,36.89195892569709,0,1,38.77564959458273,42.79905931204184,50235.9,802183.28,5.893332902246521,94.10666709775349,5,0,-2.4
382,2012,Texas,TX-22,Kesha Rogers,Pete Olson,80203.0,160668.0,33.29707602824749,0,1,37.130704587476295,39.07937052442005,34467.51,701914.49,4.680656235486473,95.31934376451352,4,0,-2.4
383,2012,Texas,TX-23,Pete P Gallego,"Francisco \""Quico\"" Canseco",96676.0,87547.0,52.477703652638375,0,1,48.64853724637532,50.30952999220981,1331185.45,1285376.35,50.875368202654336,49.12463179734567,5,0,-2.4
384,2012,Texas,TX-24,Tim Rusk,Kenny Marchant,87645.0,148586.0,37.10139651442867,0,1,38.59760748181955,40.97260671764592,2917.0,245155.2,1.1758673482961814,98.82413265170382,4,0,-2.4
385,2012,Texas,TX-25,Elaine M Henderson,Roger Williams,98827.0,154245.0,39.05094202440412,0,0,38.69601680316722,43.25792188651437,5380.42,1356574.85,0.3950511531850822,99.60494884681492,4,0,-2.4
386,2012,Texas,TX-26,David Sanchez,Michael C Burgess,74237.0,176642.0,29.59075889173665,0,1,31.235580768948367,35.23565207942003,6827.68,182240.49,3.611226575049624,96.3887734249504,4,0,-2.4
387,2012,Texas,TX-27,Rose Meza Harrison,Blake Farenthold,83395.0,120684.0,40.86407714659519,0,1,38.681917768712296,40.49537172886601,318858.69,657617.26,32.65402389070617,67.34597610929384,5,0,-2.4
388,2012,Texas,TX-28,Henry Cuellar,William R Hayward,112456.0,49309.0,69.51812814885791,1,0,60.90542116436922,58.72049129885867,847940.32,0.0,100.0,0.0,5,0,-2.4
390,2012,Texas,TX-30,Eddie Bernice Johnson,Travis Washington Jr,171059.0,41222.0,80.58139918315817,1,0,80.21053112298489,78.80034715195993,259730.0,9013.0,96.64623822760036,3.3537617723996536,5,0,-2.4
391,2012,Texas,TX-31,Stephen M Wyman,John R Carter,82977.0,145348.0,36.34161830723749,0,1,39.09531910593071,43.25368262470706,0.0,446625.28,0.0,100.0,4,0,-2.4
392,2012,Texas,TX-32,Katherine Savers Mcgovern,Pete Sessions,99288.0,146653.0,40.37065800334226,0,1,42.12259321772609,44.32894572652643,43188.26,693594.5,5.861735961357185,94.13826403864282,4,0,-2.4
393,2012,Texas,TX-33,Marc Veasey,Chuck Bradley,85114.0,30252.0,73.77736941559905,0,0,72.64575494230141,69.11933777879973,707949.2,7983.0,98.88495027881132,1.1150497211886825,5,0,-2.4
394,2012,Texas,TX-34,Filemon Vela,Jessica Puente Bradshaw,89606.0,52448.0,63.07882917763668,0,0,61.33087699408859,60.5688954562246,419185.84,85589.14,83.04410016518648,16.955899834813522,5,0,-2.4
395,2012,Texas,TX-35,Lloyd Doggett,Susan Narvaiz,105626.0,52894.0,66.63260156447136,1,0,64.54009563760441,64.04321871741696,1217608.39,173126.16,87.55145904730706,12.44854095269295,5,0,-2.4
396,2012,Texas,TX-36,Max Martin,Steve Stockman,62143.0,165405.0,27.309842318983247,0,0,25.99665921933445,29.83522386039705,2112.0,128629.68,1.6153991596253008,98.3846008403747,5,0,-2.4
397,2012,Utah,UT-01,Donna M Mcaleer,Rob Bishop,60611.0,175487.0,25.67196672568171,0,1,20.87592433713282,30.25470922978607,206689.21,111205.1,65.01821627445926,34.98178372554073,5,0,-2.4
398,2012,Utah,UT-02,Jay Seegmiller,Chris Stewart,83176.0,154523.0,34.99215394259126,0,0,30.05454127682217,39.63841417706166,44818.65,213100.51,17.377014565339,82.622985434661,4,0,-2.4
399,2012,Utah,UT-03,Soren D Simonsen,Jason Chaffetz,60719.0,198828.0,23.394221470485117,0,1,19.92635969097233,30.4256910609423,30602.0,351650.81,8.005696544127433,91.99430345587255,4,0,-2.4
400,2012,Utah,UT-04,Jim Matheson,Mia B Love,119803.0,119035.0,50.16077843559232,1,0,31.030367767939847,42.1626516428068,472082.26,1969032.22,19.338800530157847,80.66119946984215,5,0,-2.4
401,2012,Vermont,VT-00,Peter Welch,Mark Donka,208600.0,67543.0,75.54057137063043,1,0,68.24725882639062,68.8991817393381,398117.27,0.0,100.0,0.0,1,0,-2.4
402,2012,Virginia,VA-01,Adam M Cook,Robert J Wittman,147036.0,200845.0,42.26617722727025,0,1,46.23261522058436,47.27307603998035,142971.01,459807.37,23.718669206417125,76.28133079358287,4,0,-2.4
403,2012,Virginia,VA-02,Paul O Hirschbiel Jr,E Scott Rigell,142548.0,166231.0,46.16505656148896,0,1,50.75644407717,50.85098324112537,1325113.59,1326313.6,49.97737048928732,50.02262951071268,4,0,-2.4
404,2012,Virginia,VA-03,"Robert C \""Bobby\"" Scott",Dean J Longo,259199.0,58931.0,81.47581177506052,1,0,79.79924297745971,79.01058233423048,181437.54,26799.9,87.13012415058503,12.869875849414978,4,0,-2.4
405,2012,Virginia,VA-04,Ella P Ward,J Randy Forbes,150190.0,199292.0,42.97503161822354,0,1,49.30728013065754,49.23851271744404,65639.21,690639.04,8.679240742411936,91.32075925758808,4,0,-2.4
406,2012,Virginia,VA-05,John Wade Douglass,Robert Hurt,149214.0,193009.0,43.601394412415296,0,1,46.61086562429186,48.410583804794776,1001621.26,1093163.58,47.81499468938299,52.18500531061701,4,0,-2.4
407,2012,Virginia,VA-06,Andy B Schmookler,Bob Goodlatte,111949.0,211278.0,34.63479226673514,0,1,40.143925540252376,42.42432647325308,158181.83,623366.17,20.23955406449764,79.76044593550236,4,0,-2.4
408,2012,Virginia,VA-07,E Wayne Powell,Eric Cantor,158012.0,222983.0,41.473510151051855,0,1,42.286780963427454,43.97598566112978,678331.73,3677002.55,15.574734024778463,84.42526597522155,4,0,-2.4
409,2012,Virginia,VA-08,James P Moran,J Patrick Murray,226847.0,107370.0,67.87416558702878,1,0,68.60982255449468,69.0981037592142,617099.67,217559.0,73.93437487446216,26.06562512553785,4,0,-2.4
410,2012,Virginia,VA-09,Anthony J Flaccavento,H Morgan Griffith,116400.0,184882.0,38.634900193174495,0,1,35.62058394399909,40.81063118529516,428312.79,722187.22,37.228403848514525,62.77159615148548,4,0,-2.4
411,2012,Virginia,VA-10,Kristin A Cabral,Frank R Wolf,142024.0,214038.0,39.88743533429571,0,1,49.428582266271455,51.3979674602796,118614.84,696519.94,14.551561644811672,85.44843835518833,4,0,-2.4
412,2012,Virginia,VA-11,Gerald E Connolly,Chris S Perkins,202606.0,117902.0,63.214022738902,1,0,63.24359608701096,62.73688275625327,1168865.29,519641.02,69.224810299939,30.775189700060995,4,0,-2.4
413,2012,Washington,WA-01,Suzan Delbene,John Koster,177025.0,151187.0,53.9361753988276,1,0,55.55011545110556,57.34083043915439,1144058.62,977574.61,53.92348704870164,46.07651295129837,4,0,-2.4
414,2012,Washington,WA-02,Rick Larsen,Dan Matthews,184826.0,117465.0,61.14174752142802,1,0,60.90113658343086,61.68148315984487,409732.84,79860.42,83.68841515506158,16.31158484493843,4,0,-2.4
415,2012,Washington,WA-03,Jon T Haugen,Jaime Herrera Beutler,116438.0,177446.0,39.6203944413442,0,1,49.160557172360406,51.9585419628691,11078.0,1128866.98,0.9718012881639252,99.02819871183608,4,0,-2.4
416,2012,Washington,WA-04,Mary Baechler,Doc Hastings,78940.0,154749.0,33.77993829405749,0,1,38.83044143422197,39.93224222295239,14966.0,1074469.86,1.3737385145372394,98.62626148546276,5,0,-2.4
417,2012,Washington,WA-05,Rich Cowan,Cathy Mcmorris Rodgers,117512.0,191066.0,38.081781591688326,0,1,44.95826290129943,47.46412491807274,318982.82,1023647.0,23.758061622674223,76.24193837732577,4,0,-2.4
418,2012,Washington,WA-06,Derek Kilmer,Bill Driscoll,186661.0,129725.0,58.99786969082071,0,0,57.68540511184701,58.22545113662995,1116253.86,624376.28,64.12929630185538,35.870703698144624,4,0,-2.4
419,2012,Washington,WA-07,Jim Mcdermott,Ron Bemis,298368.0,76212.0,79.65401249399328,1,0,81.4109968281906,81.6686368813391,308448.13,21636.0,93.44530741299197,6.554692587008046,4,0,-2.4
420,2012,Washington,WA-08,Karen Porterfield,David G Reichert,121886.0,180204.0,40.34757853619782,0,1,50.80002996244923,52.393935904296754,35175.15,851510.55,3.9670370233781824,96.03296297662182,4,0,-2.4
421,2012,Washington,WA-09,Adam Smith,Jim Postma,192034.0,76105.0,71.61733280127098,1,0,69.7788671528478,69.61293512731761,413579.97,1818.0,99.56234740386432,0.4376525961357009,4,0,-2.4
422,2012,Washington,WA-10,Denny Heck,"Richard \""Dick\"" Muri",163036.0,115381.0,58.5582058566826,0,0,57.80806898805571,58.23856659298886,1127548.37,246401.1,82.06621819942185,17.933781800578153,4,0,-2.4
423,2012,West Virginia,WV-01,Sue Thorn,David B Mckinley,80342.0,133809.0,37.51651871810078,0,1,36.37077839580163,42.27225823956719,166178.28,1235479.17,11.85584109726667,88.14415890273332,4,0,-2.4
424,2012,West Virginia,WV-02,Howard Swint,Shelley Moore Capito,68560.0,158206.0,30.233809301217995,0,1,38.753251951170704,44.5262755060498,2465.0,1249765.34,0.1968487682545689,99.80315123174545,4,0,-2.4
425,2012,West Virginia,WV-03,Nick J Rahall Ii,Rick Snuffer,108199.0,92238.0,53.98155031256704,1,0,33.53171773015459,43.1456168097605,316525.42,380813.35,45.39048072717941,54.60951927282058,4,0,-2.4
426,2012,Wisconsin,WI-01,Rob Zerban,Paul Ryan,158414.0,200423.0,44.1465066311445,0,1,47.87560519234403,51.34474598013845,2101623.29,3528252.77,37.32983226632523,62.67016773367475,4,0,-2.4
427,2012,Wisconsin,WI-02,Mark Pocan,Chad Lee,265422.0,124683.0,68.03860499096398,0,0,69.15855997974546,71.01503273047169,637958.09,90894.09,87.52914617062682,12.470853829373194,4,0,-2.4
428,2012,Wisconsin,WI-03,Ron Kind,Ray Boland,217712.0,121713.0,64.1414156293732,1,0,55.57809443822842,60.26331571386731,674894.51,69230.71,90.69636290515729,9.303637094842722,4,0,-2.4
429,2012,Wisconsin,WI-04,Gwen Moore,Dan Sebring,235257.0,80787.0,74.43805292933895,1,0,76.00420169256861,75.14384825448373,255400.15,32978.25,88.5642440626621,11.435755937337886,4,0,-2.4
430,2012,Wisconsin,WI-05,Dave Heaster,F James Sensenbrenner Jr,118478.0,250335.0,32.12413879120313,0,1,38.10443523430859,42.21323888311786,0.0,272524.68,0.0,100.0,4,0,-2.4
431,2012,Wisconsin,WI-06,Joe Kallas,Thomas E Petri,135921.0,223460.0,37.820864208180176,0,1,46.2971635089836,50.0611463111092,5388.0,209071.32,2.512364582709672,97.48763541729032,4,0,-2.4
432,2012,Wisconsin,WI-07,Pat Kreitlow,Sean P Duffy,157524.0,201720.0,43.84874903964993,0,1,48.43948483904606,53.98174997133075,838882.46,1428646.93,36.99543934025923,63.00456065974078,4,0,-2.4
433,2012,Wisconsin,WI-08,Jamie Wall,Reid J Ribble,156287.0,198874.0,44.00455004913265,0,1,48.12998510067224,54.37422836488774,650054.81,1049340.8,38.25211776320877,61.74788223679123,4,0,-2.4
434,2012,Wyoming,WY-00,Chris Henrichsen,Cynthia M Lummis,57573.0,166452.0,25.699363910277874,0,1,28.839365988478573,33.43797664490409,0.0,349167.75,0.0,100.0,5,0,-2.4
0,2014,Alabama,AL-01,Burton LeFlore,Bradley Byrne,48278.0,103758.0,31.75432134494461,0,1,37.681985424303846,38.69341536326269,33474.0,914507.3,3.53108231143378,96.46891768856622,4,1,5.06
1,2014,Alabama,AL-02,Erick Wright,Martha Roby,54692.0,113103.0,32.59453499806311,0,1,36.67489986416961,35.18869238267651,6674.0,454019.64,1.4486850740982662,98.55131492590174,4,1,5.06
2,2014,Alabama,AL-03,Jesse Smith,Mike Rogers,52816.0,103558.0,33.7754358141379,0,1,37.14196156423615,36.91012139958163,2100.0,504511.67,0.4145186785768279,99.58548132142316,4,1,5.06
3,2014,Alabama,AL-06,Mark Lester,Gary Palmer,42291.0,135945.0,23.727529791961217,0,0,24.91843012957957,25.24365125014862,143501.09,1618984.26,8.141973492148459,91.85802650785152,4,1,5.06
4,2014,Alaska,AK-00,Forrest Dunbar,Don Young,114602.0,142572.0,44.5620474853601,0,1,42.684709518439625,38.9352150834029,233131.98,461857.82,33.54466209432138,66.45533790567862,4,1,5.06
5,2014,Arizona,AZ-01,Ann Kirkpatrick,Andy Tobin,97391.0,87723.0,52.61136380824789,1,0,48.71609332524984,48.40160920534672,2279416.19,906905.29,71.53754585993627,28.462454140063738,5,1,5.06
6,2014,Arizona,AZ-02,Ron Barber,Martha McSally,109543.0,109704.0,49.9632834200696,1,0,49.20489992091427,49.52892746467777,2216333.98,3504797.56,38.739434052586034,61.26056594741396,5,1,5.06
7,2014,Arizona,AZ-03,Raúl Grijalva,Gabby Saucedo Mercer,58192.0,46185.0,55.751746074326725,1,0,62.44953665473897,58.82103914232428,304356.29,0.0,100.0,0.0,5,1,5.06
8,2014,Arizona,AZ-04,Mikel Weisser,Paul Gosar,45179.0,122560.0,26.934105962238952,0,1,31.58083723646465,34.88600414530381,27759.33,258598.59,9.693927794977698,90.3060722050223,5,1,5.06
9,2014,Arizona,AZ-05,James Woods,Matt Salmon,54596.0,124867.0,30.42186968901668,0,1,35.14741270363381,36.67889131814656,53266.79,501388.41,9.603586155867646,90.39641384413235,4,1,5.06
10,2014,Arizona,AZ-06,John Williamson,David Schweikert,70198.0,129578.0,35.13835495755246,0,1,39.47494792308841,41.646629818023904,2285.22,531076.51,0.4284559373991831,99.57154406260082,6,1,5.06
11,2014,Arizona,AZ-09,Kyrsten Sinema,Wendy Rogers,88609.0,67841.0,56.63726430169383,1,0,52.317345371692056,51.96938322733323,2287356.11,1180247.96,65.96358937829947,34.03641062170053,4,1,5.06
12,2014,Arkansas,AR-01,Jackie McPherson,Rick Crawford,63555.0,124139.0,33.860965188018795,0,1,37.33695541995256,40.32790233632378,240766.83,405876.21,37.23334438115965,62.76665561884034,4,1,5.06
13,2014,Arkansas,AR-02,Pat Hays,French Hill,103477.0,123073.0,45.6751269035533,0,0,43.94172235504976,45.15958556428621,1151010.74,1692042.7,40.48501951479322,59.51498048520678,4,1,5.06
14,2014,Arkansas,AR-04,James Lee Witt,Bruce Westerman,87742.0,110789.0,44.195616805435925,0,0,36.72319864477256,38.42634205162918,834964.36,707291.37,54.13916406716803,45.86083593283197,4,1,5.06
15,2014,California,CA-01,Heidi Hall,Doug LaMalfa,84320.0,132052.0,38.96992217107574,0,1,41.58576326708146,44.05288847074275,220972.39,332253.99,39.94248972726138,60.05751027273863,4,1,5.06
16,2014,California,CA-02,Jared Huffman,Dale Mensing,163124.0,54400.0,74.99126533164157,1,0,71.91428214419592,73.70924932202412,510972.28,3575.0,99.30521447902709,0.694785520972922,4,1,5.06
17,2014,California,CA-03,John Garamendi,Dan Logue,79224.0,71036.0,52.724610674830295,1,0,55.75490054464658,56.13275033356375,691334.84,683111.57,50.299148440425554,49.700851559574446,4,1,5.06
18,2014,California,CA-06,Doris Matsui,Joseph McCray Sr.,97008.0,36448.0,72.68912600407626,1,0,70.97221401526342,69.72799013985654,265087.72,1202.43,99.54845119130393,0.4515488086960784,4,1,5.06
19,2014,California,CA-07,Ami Bera,Doug Ose,92521.0,91066.0,50.39626988839079,1,0,52.01748884548534,52.76171981631151,2732047.4,1246204.48,68.67457070113922,31.325429298860787,4,1,5.06
20,2014,California,CA-08,Robert Conaway,Paul Cook,37056.0,77480.0,32.35314660892645,0,1,42.821369351774415,43.51340547374684,2742.0,348156.4,0.7814227708077323,99.21857722919228,5,1,5.06
21,2014,California,CA-09,Jerry McNerney,Tony Amador,63475.0,57729.0,52.37038381571565,1,0,59.03874043767752,57.9865970876936,752090.63,58495.51,92.78355413281557,7.216445867184455,4,1,5.06
22,2014,California,CA-10,Michael Eggman,Jeff Denham,55123.0,70582.0,43.85107990931149,0,1,51.84760309020721,51.42524077826196,948431.37,990179.52,48.92324575768786,51.07675424231213,5,1,5.06
23,2014,California,CA-11,Mark DeSaulnier,Tue Phan,117502.0,57160.0,67.27393479978473,0,0,69.30305350004254,70.80478807498307,231123.68,111761.02,67.40565560376417,32.59434439623582,4,1,5.06
24,2014,California,CA-12,Nancy Pelosi,John Dennis,160067.0,32197.0,83.25375525319353,1,0,87.07345604012097,86.76669488181268,1578257.81,621269.2,71.75441823740097,28.24558176259904,4,1,5.06
25,2014,California,CA-13,Barbara Lee,Dakin Sundeen,168491.0,21940.0,88.47876658737286,1,0,90.70464564717985,89.7239596630074,839023.69,2750.0,99.67330886761262,0.326691132387376,4,1,5.06
26,2014,California,CA-14,Jackie Speier,Robin Chew,114389.0,34757.0,76.69598916497928,1,0,75.90705181637695,74.95453452370216,636978.86,11573.0,98.21556290039784,1.7844370996021814,4,1,5.06
27,2014,California,CA-15,Eric Swalwell,Hugh Bussell,99756.0,43150.0,69.80532657831023,1,0,69.50951210042707,68.88548752834467,1225716.96,15287.0,98.7681747606994,1.2318252393006064,4,1,5.06
28,2014,California,CA-16,Jim Costa,Johnny Tacherra,46277.0,44943.0,50.731199298399474,1,0,59.80131871677163,59.44536395879074,744555.0,304032.93,71.00549021196535,28.99450978803465,5,1,5.06
29,2014,California,CA-18,Anna Eshoo,Richard B. Fox,133060.0,63326.0,67.75432057274958,1,0,70.22692801870296,71.79097675831689,721861.09,39255.0,94.84244249783237,5.15755750216764,4,1,5.06
30,2014,California,CA-21,Amanda Renteria,David Valadao,33470.0,45907.0,42.16586668682364,0,1,55.65037629310713,53.64608123915937,1215389.38,1366015.78,47.08247271032804,52.91752728967195,5,1,5.06
31,2014,California,CA-22,Sam Aguilera-Marrero,Devin Nunes,37289.0,96053.0,27.96493227940184,0,1,42.3560662560193,43.834727364139134,19297.08,638227.29,2.934808332655412,97.0651916673446,5,1,5.06
32,2014,California,CA-23,Raul Garcia,Kevin McCarthy,33726.0,100317.0,25.16058279805734,0,1,37.00137427625206,37.4356178721734,2545.0,1538176.55,0.1651823458950126,99.834817654105,5,1,5.06
33,2014,California,CA-24,Lois Capps,Chris Mitchum,103228.0,95566.0,51.92712053683712,1,0,55.6427887728386,57.84088212807467,1226405.3,251923.49,82.958899826337,17.04110017366299,5,1,5.06
34,2014,California,CA-26,Julia Brownley,Jeff Gorell,87176.0,82653.0,51.33163358437016,1,0,55.24922409602513,57.72863982542907,2396083.74,1037626.0,69.78119647352604,30.218803526473963,5,1,5.06
35,2014,California,CA-27,Judy Chu,Jack Orswell,75728.0,51852.0,59.357266029158176,1,0,64.14779631938873,63.11518584395063,788305.14,157789.57,83.32201117581558,16.67798882418442,4,1,5.06
36,2014,California,CA-29,Tony Cárdenas,William Leader,50096.0,17045.0,74.6131275971463,1,0,78.96285803256868,75.96888504753674,545353.08,0.0,100.0,0.0,5,1,5.06
37,2014,California,CA-30,Brad Sherman,Mark Reed,86568.0,45315.0,65.63999909010259,1,0,67.01932865915296,67.35679830334401,733147.08,9116.06,98.77185602938602,1.2281439706139792,6,1,5.06
38,2014,California,CA-31,Pete Aguilar,Paul Chabot,51622.0,48162.0,51.73374488896015,0,0,58.47620934783148,57.9744094582489,1497569.09,224502.77,86.96321708665515,13.036782913344858,5,1,5.06
39,2014,California,CA-32,Grace Napolitano,Arturo Alas,50353.0,34053.0,59.65571167926451,1,0,66.75412632318266,64.28509515370983,76686.13,60319.64,55.97291997264057,44.02708002735943,5,1,5.06
40,2014,California,CA-33,Ted Lieu,Elan Carr,108331.0,74700.0,59.18724150553732,0,0,62.23790937999176,65.54325295081686,1686439.43,1526113.05,52.49531145402487,47.504688545975135,6,1,5.06
41,2014,California,CA-36,Raul Ruiz,Brian Nestande,72682.0,61457.0,54.18409262034159,1,0,51.61620509877075,51.80709432056071,2251391.28,1016724.39,68.8895837031374,31.110416296862592,5,1,5.06
42,2014,California,CA-37,Karen Bass,R. Adam King,96787.0,18051.0,84.281335446455,1,0,86.97092741241453,86.35759518411383,574135.22,14585.0,97.52259231048664,2.477407689513365,5,1,5.06
43,2014,California,CA-38,Linda Sánchez,Benjamin Campos,58192.0,40288.0,59.090170593013816,1,0,66.30817042428231,63.76385558617983,332989.91,6140.0,98.18948437783033,1.810515622169688,5,1,5.06
44,2014,California,CA-39,Peter Anderson,Ed Royce,41906.0,91319.0,31.455057234002627,0,1,48.1318596082994,48.8422143847116,1279.0,2005523.8,0.0637332178328633,99.93626678216714,4,1,5.06
45,2014,California,CA-41,Mark Takano,Steve Adams,46948.0,35936.0,56.64301915930699,1,0,62.88253912237944,60.597827637970106,981913.21,225908.99,81.29617173786009,18.703828262139908,5,1,5.06
46,2014,California,CA-42,Tim Sheridan,Ken Calvert,38850.0,74540.0,34.26228062439369,0,1,42.263123215462336,45.1645121169864,62537.52,543163.2,10.324821803084532,89.67517819691547,5,1,5.06
47,2014,California,CA-43,Maxine Waters,John Wood Jr,69681.0,28521.0,70.95680332376124,1,0,79.57783011288775,77.07868572530226,333104.02,8673.0,97.46238058954344,2.53761941045656,5,1,5.06
48,2014,California,CA-45,Drew Leavens,Mimi Walters,56819.0,106083.0,34.87925255675191,0,0,43.989649805190304,47.65091341693256,26936.89,817863.95,3.1885491496433644,96.81145085035664,4,1,5.06
49,2014,California,CA-46,Loretta Sanchez,Adam Nick,49738.0,33577.0,59.69873372141872,1,0,62.9264949153436,59.94420322599658,718983.13,6712.46,99.07503089553018,0.9249691044698232,5,1,5.06
50,2014,California,CA-47,Alan Lowenthal,Andy Whallon,69091.0,54309.0,55.989465153970826,1,0,61.57700884467941,59.56050146758055,361717.37,3227.0,99.11575564242844,0.8842443575715389,4,1,5.06
51,2014,California,CA-48,Suzanne Savary,Dana Rohrabacher,62713.0,112082.0,35.87802854772734,0,1,44.02253003122188,47.538982441036445,77268.06,766060.59,9.162271434748485,90.83772856525152,4,1,5.06
52,2014,California,CA-49,Dave Peiser,Darrell Issa,64981.0,98161.0,39.83094482107612,0,1,46.63392333759968,50.69593425157272,77270.32,1859631.76,3.989376685474983,96.010623314525,4,1,5.06
53,2014,California,CA-50,James Kimber,Duncan D. Hunter,45302.0,111997.0,28.7999287980216,0,1,38.33719883624087,40.39080434111296,33498.17,410667.03,7.541826779765726,92.45817322023429,5,1,5.06
54,2014,California,CA-51,Juan Vargas,Stephen Meade,56373.0,25577.0,68.78950579621721,1,0,70.61532635385235,67.10643586867555,166694.08,0.0,100.0,0.0,5,1,5.06
55,2014,California,CA-52,Scott Peters,Carl DeMaio,98826.0,92746.0,51.58687073267492,1,0,53.28065219723245,56.05933475014852,2506834.2,2669990.48,48.42416645255215,51.57583354744786,4,1,5.06
56,2014,California,CA-53,Susan Davis,Larry Wilske,87104.0,60940.0,58.83656210315852,1,0,62.78237796130573,62.46343052840287,265462.49,72277.91,78.59956641254642,21.40043358745356,4,1,5.06
57,2014,Colorado,CO-01,Diana DeGette,Martin Walsh,183281.0,80682.0,69.4343525418335,1,0,70.52287835357909,71.96550734705589,396973.16,10871.65,97.33436598102108,2.6656340189789343,5,1,5.06
58,2014,Colorado,CO-02,Jared Polis,George Leing,196300.0,149645.0,56.74312390697944,1,0,59.44715166874756,62.21853068811334,723019.04,244582.34,74.72282025889628,25.27717974110372,4,1,5.06
59,2014,Colorado,CO-03,Abel Tapia,Scott Tipton,100364.0,163011.0,38.10688182249644,0,1,46.912364567977214,49.267181091909066,203307.35,830038.78,19.67466119024416,80.32533880975585,5,1,5.06
60,2014,Colorado,CO-04,Vic Meyers,Ken Buck,83727.0,185292.0,31.123080525910808,0,0,40.13618471266569,42.66467618813101,50024.49,1004309.64,4.744652437648015,95.25534756235196,5,1,5.06
61,2014,Colorado,CO-05,Irv Halter,Doug Lamborn,105673.0,157182.0,40.202012516406384,0,1,39.317602619902296,40.31542163407162,724999.26,162646.76,81.67661924513557,18.323380754864424,4,1,5.06
62,2014,Colorado,CO-06,Andrew Romanoff,Mike Coffman,118847.0,143467.0,45.30715097173616,0,1,52.578901101426624,54.41827634672073,5034788.81,3089051.52,61.97547718173825,38.024522818261744,4,1,5.06
63,2014,Colorado,CO-07,Ed Perlmutter,Don Ytterberg,148225.0,120918.0,55.07295378293323,1,0,57.61723738092792,58.49181267959435,796301.43,190507.29,80.69460817087226,19.305391829127736,4,1,5.06
64,2014,Connecticut,CT-01,John Larson,Matthew Corey,135825.0,78609.0,63.34116791180503,1,0,64.01182384007237,66.62521143680196,732252.18,18167.28,97.5790499889222,2.420950011077804,6,1,5.06
65,2014,Connecticut,CT-02,Joe Courtney,Lori Hopkins-Cavanagh,141948.0,80837.0,63.71524115178311,1,0,56.76340163502025,59.425632284269405,582648.75,35338.44,94.28168729516872,5.71831270483131,4,1,5.06
66,2014,Connecticut,CT-03,Rosa DeLauro,James Brown,140485.0,69454.0,66.91705685937343,1,0,63.29944938585346,63.39668110929364,643818.5,12846.0,98.04374989054531,1.956250109454676,6,1,5.06
67,2014,Connecticut,CT-04,Jim Himes,Dan Debicella,106873.0,91922.0,53.76040644885435,1,0,55.57492422369944,59.99521135344565,1586419.27,1258503.0,55.76318505180108,44.23681494819892,6,1,5.06
68,2014,Connecticut,CT-05,Elizabeth Esty,Mark Greenberg,113564.0,97767.0,53.73750183361646,1,0,54.15734551005369,57.06127256722001,1867712.88,294199.86,86.39168665059073,13.608313349409284,6,1,5.06
69,2014,Delaware,DE-00,John Carney,Rose Izzo,137251.0,85146.0,61.7144116152646,1,0,59.44695491927816,62.63813864988855,321901.92,8722.95,97.361677601567,2.638322398433004,4,1,5.06
70,2014,Florida,FL-01,Jim Bryan,Jeff Miller,54976.0,165086.0,24.98205051303724,0,1,30.536956882207978,32.376139449458584,7010.0,259427.83,2.631007766427163,97.36899223357284,4,1,5.06
71,2014,Florida,FL-02,Gwen Graham,Steve Southerland,126096.0,123262.0,50.56825928985636,0,1,47.03301326396687,47.48947122133833,2987123.46,1490392.46,66.7138545874785,33.286145412521506,4,1,5.06
72,2014,Florida,FL-03,Marihelen Wheeler,Ted Yoho,73910.0,148691.0,33.20290564732414,0,1,37.7899116445085,40.02492128112488,73487.49,524174.84,12.295820952945116,87.70417904705488,4,1,5.06
73,2014,Florida,FL-05,Corrine Brown,Glo Scurry-Smith,112340.0,59237.0,65.47497624973045,1,0,71.74898365824643,71.008198114009,270973.59,0.0,100.0,0.0,3,1,5.06
74,2014,Florida,FL-06,David Cox,Ron DeSantis,99563.0,166254.0,37.45546748326856,0,1,41.75798164882137,45.94175787357606,22886.0,633840.75,3.484858809238393,96.5151411907616,4,1,5.06
75,2014,Florida,FL-07,Wes Neuman,John Mica,73011.0,144474.0,33.57059107524657,0,1,47.61588678050325,49.58322440219605,15638.38,379340.89,3.959291331922305,96.04070866807768,5,1,5.06
76,2014,Florida,FL-08,Gabriel Rothblatt,Bill Posey,93724.0,180728.0,34.14950519580837,0,1,42.631649276750224,44.40722062340847,102016.62,650610.13,13.554742772562896,86.44525722743711,4,1,5.06
77,2014,Florida,FL-09,Alan Grayson,Carol Platt,93850.0,74963.0,55.594059699193785,1,0,62.473096163310885,60.64716431725707,2638097.17,352087.59,88.22522291231262,11.774777087687385,5,1,5.06
78,2014,Florida,FL-10,Michael McKenna,Daniel Webster,89426.0,143128.0,38.45386447878772,0,1,46.14957286059948,47.574783494163206,12069.84,599948.57,1.972136753206493,98.02786324679352,4,1,5.06
79,2014,Florida,FL-11,Dave Koller,Rich Nugent,90786.0,181508.0,33.34116800223288,0,1,40.60606060606061,43.56402138252231,23520.75,118541.0,16.55670861438776,83.44329138561224,4,1,5.06
80,2014,Florida,FL-15,Alan Cohn,Dennis A. Ross,84832.0,128750.0,39.718702886947405,0,1,46.08412533734534,46.44061515656846,366352.47,343560.21,51.60528615998238,48.39471384001763,4,1,5.06
81,2014,Florida,FL-16,Henry Lawrence,Vern Buchanan,105483.0,169126.0,38.412069524305466,0,1,45.29729699328466,48.64090787807911,33929.0,1003486.38,3.27053180954383,96.72946819045616,6,1,5.06
82,2014,Florida,FL-17,Will Bronson,Tom Rooney,82263.0,141493.0,36.764600725790594,0,1,41.57865782842861,43.55314000568141,16977.07,186751.58,8.33317748878226,91.66682251121772,5,1,5.06
83,2014,Florida,FL-18,Patrick Murphy,Carl Domino,151478.0,101896.0,59.78435040690836,1,0,47.9063536504038,51.5142127791397,3573412.42,296625.0,92.3353454292956,7.664654570704384,5,1,5.06
84,2014,Florida,FL-19,April Freeman,Curt Clawson,80824.0,159354.0,33.651708316332055,0,1,39.01293777189095,42.70182823396368,206760.66,708227.98,22.59707399208803,77.40292600791196,5,1,5.06
85,2014,Florida,FL-20,Alcee Hastings,Jay Bonner,128498.0,28968.0,81.60364777158243,1,0,82.95113854353727,80.8495098677847,339639.0,27809.34,92.4317687759863,7.568231224013694,3,1,5.06
86,2014,Florida,FL-22,Lois Frankel,Paul Spain,125404.0,90685.0,58.03349545789004,1,0,54.75696716652688,57.12891142777835,896753.22,20522.0,97.76272163985854,2.237278360141463,5,1,5.06
87,2014,Florida,FL-23,Debbie Wasserman Schultz,Joe Kaufman,103269.0,61519.0,62.66779134402991,1,0,61.85596676048034,62.22540489317712,2203224.42,818234.22,72.91923148747786,27.080768512522152,5,1,5.06
88,2014,Florida,FL-24,Frederica Wilson,Dufirstson Neree,129192.0,15239.0,89.44894101681771,1,0,87.78834674779527,86.48021543812966,78820.0,0.0,100.0,0.0,5,1,5.06
89,2014,Florida,FL-26,Joe Garcia,Carlos Curbelo,78306.0,83031.0,48.535673776009226,0,0,53.38302449333887,49.79965873426978,2701240.56,1819345.82,59.75420737342486,40.245792626575145,5,1,5.06
90,2014,Georgia,GA-01,Brian Reese,Buddy Carter,61175.0,95337.0,39.08645982416684,0,0,43.49070933805733,44.68979170518272,32141.87,861994.31,3.59473989745052,96.40526010254948,4,1,5.06
91,2014,Georgia,GA-02,Sanford Bishop,Greg Duke,96363.0,66537.0,59.15469613259668,1,0,58.94885928647986,58.17806388015563,381057.0,15754.0,96.02984796288408,3.9701520371159065,4,1,5.06
92,2014,Georgia,GA-06,Bob Montigel,Tom Price,71486.0,139018.0,33.959449701668376,0,1,38.10730756997455,40.451353355455865,3165.0,1155443.97,0.2731724060448108,99.7268275939552,4,1,5.06
93,2014,Georgia,GA-07,Thomas Wight,Rob Woodall,60112.0,113557.0,34.612970651066114,0,1,38.88326747948399,39.43334327467939,7269.0,170412.7,4.091023442481696,95.9089765575183,4,1,5.06
94,2014,Georgia,GA-09,David Vogel,Doug Collins,34988.0,146059.0,19.32536855070783,0,1,20.767815003474794,24.53684471292185,13686.07,408511.18,3.2416293568942005,96.7583706431058,4,1,5.06
95,2014,Georgia,GA-10,Ken Dious,Jody Hice,65777.0,130703.0,33.477707654723126,0,0,36.75802458112837,39.101277088982265,31795.0,793001.87,3.854888537586232,96.14511146241377,4,1,5.06
96,2014,Georgia,GA-12,John Barrow,Rick Allen,75478.0,91336.0,45.24680182718477,1,0,44.05451268563774,44.12178517397882,1322472.07,1116670.0,54.21873888633309,45.7812611136669,4,1,5.06
97,2014,Hawaii,HI-01,Mark Takai,Charles Djou,93390.0,86454.0,51.92833789284046,0,0,70.60514824823046,71.28409634710479,1282614.58,927178.89,58.04228301932669,41.95771698067331,4,1,5.06
98,2014,Hawaii,HI-02,Tulsi Gabbard,Kawika Crowley,142010.0,33630.0,80.85288089273513,1,0,72.80318091451292,74.64606954392086,1205276.06,0.0,100.0,0.0,4,1,5.06
99,2014,Idaho,ID-01,Shirley Ringo,Raul Labrador,77277.0,143580.0,34.98960866080767,0,1,33.14612910816535,35.97942879844071,175880.27,321323.9,35.37385255638543,64.62614744361456,5,1,5.06
100,2014,Idaho,ID-02,Richard Stallings,Mike Simpson,82801.0,131492.0,38.63915293546686,0,1,34.01624901182006,37.9869126945602,79870.21,924472.77,7.95248352310881,92.0475164768912,5,1,5.06
101,2014,Illinois,IL-01,Bobby Rush,Jimmy Lee Tillman,162268.0,59749.0,73.08809685744785,1,0,79.58792249306892,81.29982869511964,23071.0,0.0,100.0,0.0,5,1,5.06
102,2014,Illinois,IL-02,Robin Kelly,Eric Wallace,160337.0,43799.0,78.5442058235686,1,0,81.32445656221566,81.63343685832399,816800.98,21942.0,97.38394233713883,2.6160576628611545,5,1,5.06
103,2014,Illinois,IL-03,Dan Lipinski,Sharon Brannigan,116764.0,64091.0,64.56221835171823,1,0,56.77277612695202,59.02633838682932,267276.35,17175.0,93.9620606476292,6.037939352370801,5,1,5.06
104,2014,Illinois,IL-04,Luis Gutiérrez,Hector Concepcion,79666.0,22278.0,78.14682570823197,1,0,82.5871875828493,81.56215534898377,48890.79,0.0,100.0,0.0,5,1,5.06
105,2014,Illinois,IL-05,Mike Quigley,Vince Kolber,116364.0,56350.0,67.37380872424934,1,0,67.48246861909693,70.83554485964363,448708.79,84128.25,84.21126091384336,15.788739086156625,6,1,5.06
106,2014,Illinois,IL-06,Michael Mason,Peter Roskam,78465.0,160287.0,32.864646160032166,0,1,45.82723809581261,52.02094830564321,0.0,1529133.62,0.0,100.0,4,1,5.06
107,2014,Illinois,IL-07,Danny Davis,Robert Bumpers,155110.0,27168.0,85.09529400147028,1,0,88.09161781672435,90.01156362369117,76640.68,0.0,100.0,0.0,4,1,5.06
108,2014,Illinois,IL-08,Tammy Duckworth,Larry Kaifesh,84178.0,66878.0,55.72635314055714,1,0,58.36301738981848,62.358830629826215,1600388.58,285263.51,84.87189065719966,15.128109342800348,4,1,5.06
109,2014,Illinois,IL-09,Jan Schakowsky,Susanne Atanus,141000.0,72384.0,66.07805646159038,1,0,66.14778552473256,69.3754350479294,953187.21,0.0,100.0,0.0,6,1,5.06
110,2014,Illinois,IL-10,Brad Schneider,Bob Dold,91136.0,95992.0,48.7024924116113,0,0,58.305550616405874,63.66511247904664,3703629.33,2876311.8,56.28666361639622,43.71333638360378,4,1,5.06
111,2014,Illinois,IL-11,Bill Foster,Darlene Senger,93436.0,81335.0,53.4619587917904,1,0,58.72314331663407,62.10492592879,2036346.75,497670.0,80.36042974064792,19.63957025935208,5,1,5.06
112,2014,Illinois,IL-12,Bill Enyart,Mike Bost,87860.0,110038.0,44.39660835379842,1,0,50.8243739401024,55.66255778120185,914945.89,823948.43,52.61653221111218,47.38346778888783,4,1,5.06
113,2014,Illinois,IL-13,Ann Callis,Rodney L. Davis,86935.0,123337.0,41.344068634910975,0,1,49.84088843812007,55.64765852031823,1543317.15,1417696.73,52.12123997203282,47.878760027967175,4,1,5.06
114,2014,Illinois,IL-14,Dennis Anderson,Randy Hultgren,76861.0,145369.0,34.58623948161814,0,1,44.90688415104033,51.24024845813317,41839.98,369594.46,10.169294529646084,89.83070547035392,4,1,5.06
115,2014,Illinois,IL-15,Eric Thorsland,John Shimkus,55652.0,166274.0,25.07682741093878,0,1,34.75429032642206,43.573681416481904,15113.0,326302.73,4.426568160758147,95.57343183924183,4,1,5.06
116,2014,Illinois,IL-16,Randall Olsen,Adam Kinzinger,63810.0,153388.0,29.37872356099044,0,1,46.063921604185765,50.95988574895102,7097.0,781163.17,0.9003372579385813,99.09966274206144,4,1,5.06
117,2014,Illinois,IL-17,Cheri Bustos,Bobby Schilling,110560.0,88785.0,55.461636860718855,1,0,58.62811145083001,60.92703716219542,1834954.07,797991.12,69.69207247341143,30.30792752658858,4,1,5.06
118,2014,Illinois,IL-18,Darrel Miller,Aaron Schock,62377.0,184363.0,25.28045716138445,0,1,38.14154675874944,44.78177697989935,13970.79,635391.71,2.1514623958112766,97.8485376041887,4,1,5.06
119,2014,Indiana,IN-01,Pete Visclosky,Mark Leyva,86579.0,51000.0,62.93038908554358,1,0,62.07278729223361,63.88992898856328,313166.83,7385.0,97.69616039939626,2.3038396006037463,5,1,5.06
120,2014,Indiana,IN-02,Joe Bock,Jackie Walorski,55590.0,85583.0,39.377218023276406,0,1,42.89786661257906,50.11992140588493,599129.92,1124090.83,34.7680307354702,65.23196926452981,4,1,5.06
121,2014,Indiana,IN-03,Justin Kuhnle,Marlin Stutzman,39771.0,97892.0,28.890115717367777,0,0,36.33869904522934,43.43030635699338,796.0,0.0,100.0,0.0,4,1,5.06
122,2014,Indiana,IN-04,John Dale,Todd Rokita,47056.0,94998.0,33.12543117406057,0,1,37.71858583197975,45.13118198469993,49952.72,1031090.32,4.62078919633024,95.37921080366976,4,1,5.06
123,2014,Indiana,IN-05,Shawn Denney,Susan Brooks,49756.0,105277.0,32.0938122851264,0,1,41.45290497672924,46.94336115571712,2598.07,953853.97,0.2716362024801578,99.72836379751983,4,1,5.06
124,2014,Indiana,IN-06,Susan Hall Heitzman,Luke Messer,45509.0,102187.0,30.812615101289136,0,1,38.14946185269002,44.23946446072324,1430.0,604638.57,0.2359468995397666,99.76405310046025,4,1,5.06
125,2014,Indiana,IN-07,André Carson,Catherine Ping,61443.0,46887.0,56.71836056494046,1,0,64.0207162157965,66.88868225100735,582458.38,12036.0,97.9754224085348,2.0245775914652047,5,1,5.06
126,2014,Indiana,IN-08,Tom Spangler,Larry Bucshon,61384.0,103344.0,37.26385313972124,0,1,40.423375550565225,48.75366640834224,14895.6,583787.4,2.488061294541519,97.51193870545848,4,1,5.06
127,2014,Indiana,IN-09,Bill Bailey,Todd Young,55016.0,101594.0,35.129302087989274,0,1,41.57928244444519,46.746300245314174,74777.08,1367872.08,5.183317058182046,94.81668294181796,4,1,5.06
128,2014,Iowa,IA-01,Pat Murphy,Rod Blum,141145.0,147762.0,48.85482179386446,0,0,56.91732813911359,59.150641442660486,869729.13,632471.86,57.8969882052867,42.1030117947133,4,1,5.06
129,2014,Iowa,IA-02,Dave Loebsack,Mariannette Miller-Meeks,143431.0,129455.0,52.560776294863054,1,0,56.617071663920925,57.85273131606961,778473.87,685601.39,53.17171126844941,46.828288731550586,4,1,5.06
130,2014,Iowa,IA-03,Staci Appel,David Young,119109.0,148814.0,44.45642964583108,0,0,52.175049389264274,53.118608166994086,1703415.78,1013116.07,62.70553315986337,37.29446684013662,4,1,5.06
131,2014,Iowa,IA-04,Jim Mowrer,Steve King,105504.0,169834.0,38.31799461026084,0,1,45.86141410721653,49.13395992837902,1930682.31,1568488.76,55.17541930294937,44.82458069705063,4,1,5.06
132,2014,Kansas,KS-01,Jim Sherow,Tim Huelskamp,65397.0,138764.0,32.032072726916496,0,1,28.28897959818979,31.577088828353585,171351.4,620664.96,21.63483087647331,78.36516912352668,5,1,5.06
133,2014,Kansas,KS-02,Margie Wakefield,Lynn Jenkins,87153.0,128742.0,40.36823455846592,0,1,43.26635403476058,46.151312977147576,658809.58,973425.97,40.36240847713432,59.63759152286568,4,1,5.06
134,2014,Kansas,KS-03,Kelly Kultala,Kevin Yoder,89584.0,134493.0,39.97911432230885,0,1,45.14634958617542,49.425875963457386,348880.39,1245804.74,21.877697574065923,78.12230242593408,4,1,5.06
135,2014,Kansas,KS-04,Perry Schuckman,Mike Pompeo,69396.0,138757.0,33.33893818489284,0,1,36.94949154360771,40.26275281904421,7395.44,1235018.27,0.5952477778114666,99.40475222218852,4,1,5.06
136,2014,Kentucky,KY-01,Charles Hatchett,Ed Whitfield,63596.0,173022.0,26.877076131148097,0,1,32.58901237228362,37.43943026514117,0.0,354271.0,0.0,100.0,4,1,5.06
137,2014,Kentucky,KY-02,Ron Leach,Brett Guthrie,69898.0,156936.0,30.814604512551032,0,1,35.71066051187858,37.68036833111829,47620.68,524954.75,8.316926906905522,91.68307309309446,4,1,5.06
138,2014,Kentucky,KY-03,John Yarmuth,Michael Macfarlane,157056.0,87981.0,64.09481017152513,1,0,56.563973865258966,56.77450441742054,295336.61,169946.55,63.47459684549942,36.52540315450059,4,1,5.06
139,2014,Kentucky,KY-04,Peter Newberry,Thomas Massie,71694.0,150464.0,32.27162650005852,0,1,35.46400662609385,37.57605533900345,0.0,339035.07,0.0,100.0,4,1,5.06
140,2014,Kentucky,KY-05,Kenneth Stepp,Hal Rogers,47617.0,171350.0,21.746199198966053,0,1,23.656169245617857,32.16148265769973,3254.0,371443.0,0.8684350288366333,99.13156497116336,4,1,5.06
141,2014,Kentucky,KY-06,Elisabeth Jensen,Andy Barr,98290.0,147404.0,40.00504692829292,0,1,43.04467655460412,45.50088237323895,679353.25,1530443.67,30.74279106154244,69.25720893845757,4,1,5.06
142,2014,Louisiana,LA-01,Combined Democrat,Steve Scalise,46047.0,189250.0,19.56973527074293,0,1,27.48827986904195,25.852827747190016,0.0,747408.5,0.0,100.0,5,1,5.06
143,2014,Louisiana,LA-05,Jamie Mayo,Ralph Abraham,75006.0,247211.0,23.278101403712405,0,1,38.166441136671175,37.18096961273007,0.0,1999748.54,0.0,100.0,4,1,5.06
144,2014,Louisiana,LA-06,Edwin Edwards,Garret Graves,95127.0,234200.0,28.88527208519192,0,0,32.57647280966767,31.40828546615269,402336.42,2670076.55,13.095128289345816,86.90487171065419,4,1,5.06
145,2014,Maine,ME-01,Chellie Pingree,Isaac Misiuk,186674.0,94751.0,66.33170471706494,1,0,60.94111926926272,61.81043006112517,322328.76,15540.7,95.40038333147956,4.59961666852044,1,1,5.06
146,2014,Maine,ME-02,Emily Cain,Bruce Poliquin,118568.0,133320.0,47.07171441275487,0,0,54.41545592788699,55.72064193789132,1460834.62,1108617.14,56.85394225887316,43.146057741126846,2,1,5.06
147,2014,Maryland,MD-01,Bill Tilghman,Andrew P. Harris,73843.0,176342.0,29.51535863461039,0,1,38.44071839805491,39.17665311207426,364889.03,833410.27,30.45057524443184,69.54942475556815,4,1,5.06
148,2014,Maryland,MD-02,Dutch Ruppersberger,Dave Banach,120412.0,70411.0,63.10140811118157,1,0,64.31446229913473,61.76804860733844,379083.38,674.0,99.82251826152792,0.1774817384720739,4,1,5.06
149,2014,Maryland,MD-03,John Sarbanes,Charles Long,128594.0,87029.0,59.63835026875611,1,0,62.06638177592724,61.27491849381549,775892.37,300.0,99.96134978755332,0.0386502124466902,4,1,5.06
150,2014,Maryland,MD-04,Donna Edwards,Nancy Hoyt,134628.0,54217.0,71.29021154915407,1,0,78.94554851298074,78.01375519286898,174353.16,6691.97,96.3037006297822,3.6962993702178015,3,1,5.06
151,2014,Maryland,MD-05,Steny Hoyer,Chris Chaffee,144725.0,80752.0,64.18614758933283,1,0,67.12424277060235,65.93788354725302,1171425.0,11510.0,99.02699641146808,0.9730035885319144,4,1,5.06
152,2014,Maryland,MD-06,John K. Delaney,Daniel Bongino,94704.0,91930.0,50.74316576829517,1,0,56.29365119386803,57.264437294432646,980857.15,1409687.79,41.03069277584884,58.96930722415116,4,1,5.06
153,2014,Maryland,MD-07,Elijah Cummings,Corrogan Vaughn,144639.0,55860.0,72.13951191776518,1,0,77.33992668259825,77.27846216658429,284444.3,0.0,100.0,0.0,4,1,5.06
154,2014,Maryland,MD-08,Chris Van Hollen,David Wallace,136722.0,87859.0,60.87870300693291,1,0,63.234367138751225,63.85199719027027,321933.0,2135.0,99.34118765197428,0.658812348025723,4,1,5.06
155,2014,Massachusetts,MA-03,Niki Tsongas,Roseann Wofford,139104.0,81638.0,63.016553261273344,1,0,57.88073198301409,59.90192775832153,914462.18,11347.0,98.7743694656387,1.2256305343613032,4,1,5.06
156,2014,Massachusetts,MA-06,Seth Moulton,Richard Tisei,149638.0,111989.0,57.1951671654684,0,0,55.50267168278054,57.88644820157973,2978844.68,1438202.16,67.43973491573841,32.560265084261594,6,1,5.06
157,2014,Massachusetts,MA-09,Bill Keating,John Chapman,140413.0,114971.0,54.981126460545696,1,0,56.28305985769212,58.71945337620579,550640.37,502427.45,52.289165003636704,47.71083499636329,0,1,5.06
158,2014,Michigan,MI-01,Jerry Cannon,Dan Benishek,113263.0,130414.0,46.48079219622697,0,1,45.82285722458203,50.65622025983224,596538.58,999032.19,37.38715895378304,62.61284104621696,2,1,5.06
159,2014,Michigan,MI-02,Dean Vanderstelt,Bill Huizenga,70851.0,135568.0,34.3238752246644,0,1,43.47147643306256,48.82548582572961,23118.0,552465.19,4.016448082856624,95.98355191714336,4,1,5.06
160,2014,Michigan,MI-03,Bob Goodrich,Justin Amash,84720.0,125754.0,40.25200262265173,0,1,46.27083138106048,50.54009013578332,57894.0,1671033.3,3.348550283172693,96.65144971682732,4,1,5.06
161,2014,Michigan,MI-04,Jeff Holmes,John Moolenaar,85777.0,123962.0,40.897019629158144,0,0,45.94655797101449,50.53455274322816,92863.28,691386.76,11.841029679768964,88.15897032023103,4,1,5.06
162,2014,Michigan,MI-05,Dan Kildee,Allen Hardwick,148182.0,69222.0,68.15973947121489,1,0,61.30418852378442,64.06716324677885,301712.48,0.0,100.0,0.0,4,1,5.06
163,2014,Michigan,MI-06,Paul Clements,Fred Upton,84391.0,116801.0,41.945504791443,0,1,49.3236806419681,54.02776432891135,757568.28,994178.94,43.24643826179442,56.75356173820558,4,1,5.06
164,2014,Michigan,MI-07,Pam Byrnes,Tim Walberg,92083.0,119564.0,43.50782198660978,0,1,48.4379188497624,51.73176939249751,970789.14,1012431.61,48.950130236384425,51.049869763615575,4,1,5.06
165,2014,Michigan,MI-08,Eric Schertzing,Mike Bishop,102269.0,132739.0,43.51724196623093,0,0,48.399940389660415,52.86977027807309,425367.91,560479.31,43.14744732961767,56.85255267038234,4,1,5.06
166,2014,Michigan,MI-09,Sander Levin,George Brikho,136342.0,81470.0,62.59618386498448,1,0,57.72678638558746,59.17944524708631,350494.36,36205.8,90.63724204303408,9.362757956965936,0,1,5.06
167,2014,Michigan,MI-10,Chuck Stadler,Candice Miller,67143.0,157069.0,29.946211621144275,0,1,44.1645193732482,48.96713195886383,0.0,335564.75,0.0,100.0,2,1,5.06
168,2014,Michigan,MI-11,Bobby McKenzie,David Trott,101681.0,140435.0,41.99681144575327,0,0,47.283614934563424,50.950387233785,670644.84,1132867.88,37.18547879163282,62.81452120836719,4,1,5.06
169,2014,Michigan,MI-12,Debbie Dingell,Terry Bowman,134346.0,64716.0,67.48952587636012,0,0,66.88624614428893,68.06148863557216,963299.25,45108.77,95.52673430740862,4.473265692591378,6,1,5.06
170,2014,Michigan,MI-13,John Conyers,Jeff Gorman (Michigan),132710.0,27234.0,82.97279047666683,1,0,85.63441347067439,85.67617421528423,181248.5,0.0,100.0,0.0,6,1,5.06
171,2014,Michigan,MI-14,Brenda Lawrence,Christina Barr,165272.0,41801.0,79.81339913943391,0,0,81.31486859645781,82.76347947879255,529995.86,0.0,100.0,0.0,6,1,5.06
172,2014,Minnesota,MN-01,Tim Walz,Jim Hagedorn,122851.0,103536.0,54.26592516354738,1,0,50.69280594590252,52.12142097651636,873447.87,174636.37,83.33756359126248,16.662436408737527,4,1,5.06
173,2014,Minnesota,MN-02,Mike Obermueller,John Kline,95565.0,137778.0,40.95473187539373,0,1,50.030591968119374,51.46695495335258,826352.7,1527630.55,35.10444265055837,64.89555734944163,4,1,5.06
174,2014,Minnesota,MN-03,Sharon Sund,Erik Paulsen,101846.0,167515.0,37.81022493976485,0,1,50.41669304498664,51.860852767521926,146491.31,1794376.5,7.547722170733513,92.45227782926648,4,1,5.06
175,2014,Minnesota,MN-04,Betty McCollum,Sharna Wahlgren,147857.0,79492.0,65.03525416870099,1,0,63.77151325502985,63.80411363585882,382148.39,30807.0,92.53987216391582,7.460127836084183,4,1,5.06
176,2014,Minnesota,MN-05,Keith Ellison,Doug Daggett,167079.0,56577.0,74.70356261401437,1,0,75.39159652792648,74.98082608985617,1729660.98,36704.0,97.92206025280234,2.07793974719766,3,1,5.06
177,2014,Minnesota,MN-06,Joe Perske,Tom Emmer,90926.0,133328.0,40.54598803142865,0,0,42.37664266300541,44.14123726137505,178413.2,1753069.84,9.23710932507075,90.76289067492924,4,1,5.06
178,2014,Minnesota,MN-07,Collin Peterson,Torrey Westrom,130546.0,109955.0,54.2808553810587,1,0,45.03419855890564,48.340362665904166,378856.22,727352.41,34.24817070899185,65.75182929100816,4,1,5.06
179,2014,Minnesota,MN-08,Rick Nolan,Stewart Mills III,129090.0,125358.0,50.733352197698544,1,0,52.79641994922796,54.35639715681919,1106855.47,1278502.35,46.40207270873935,53.59792729126064,4,1,5.06
180,2014,Mississippi,MS-01,Ron Dickey,Alan Nunnelee,43713.0,102622.0,29.87186934089589,0,1,37.430393588309286,36.92606326058283,5845.0,307415.63,1.8658584706287544,98.13414152937123,4,1,5.06
181,2014,Mississippi,MS-03,Doug Magee,Gregg Harper,47744.0,117771.0,28.84572395251186,0,1,39.43905940417858,38.69477893880007,0.0,740731.0,0.0,100.0,4,1,5.06
182,2014,Mississippi,MS-04,Matt Moore,Steven Palazzo,37869.0,108776.0,25.82358757543728,0,1,31.60651980746601,31.38281479821256,0.0,442552.62,0.0,100.0,4,1,5.06
183,2014,Missouri,MO-01,Lacy Clay,Daniel Elder,119315.0,35273.0,77.18257562035863,1,0,80.86873701223736,81.16401032598277,90229.92,0.0,100.0,0.0,4,1,5.06
184,2014,Missouri,MO-02,Arthur Lieber,Ann Wagner,75384.0,148191.0,33.71754444817176,0,1,42.03493740074602,46.84934794218884,2805.5,1069327.33,0.2616746658154288,99.73832533418458,6,1,5.06
185,2014,Missouri,MO-03,Courtney Denton,Blaine Luetkemeyer,52021.0,130940.0,28.43283541301152,0,1,36.76958098551929,43.39550276146226,0.0,490697.11,0.0,100.0,4,1,5.06
186,2014,Missouri,MO-04,Nate Irvin,Vicky Hartzler,46464.0,120014.0,27.909994113336296,0,1,37.287144722930535,42.58185301288749,11657.0,599132.97,1.9085120209161264,98.09148797908388,4,1,5.06
187,2014,Missouri,MO-05,Emanuel Cleaver,Jacob Turk,79256.0,69071.0,53.4332926574393,1,0,59.94231284005498,62.77809539701341,250729.61,139241.6,64.29438983457267,35.705610165427345,4,1,5.06
188,2014,Missouri,MO-06,Bill Hedge,Sam Graves,55157.0,124616.0,30.68147052115724,0,1,38.70191374558441,43.79783524296907,0.0,178878.15,0.0,100.0,4,1,5.06
189,2014,Missouri,MO-07,Jim Evans,Billy Long,47282.0,104054.0,31.243061796267902,0,1,30.99532481857037,35.898895728807126,58679.0,584248.8,9.126841303175876,90.87315869682412,4,1,5.06
190,2014,Missouri,MO-08,Barbara Stocker,Jason T. Smith,38721.0,106124.0,26.732714280782904,0,1,32.684986317134694,38.99341040169989,34449.36,890308.03,3.725232193062009,96.274767806938,4,1,5.06
191,2014,Montana,MT-00,John Lewis,Ryan Zinke,148690.0,203871.0,42.17426204259688,0,0,42.96576813611854,48.76869849445741,1360414.93,4102388.3,24.90323873517956,75.09676126482044,1,1,5.06
192,2014,Nebraska,NE-01,Dennis Crawford,Jeff Fortenberry,55838.0,123219.0,31.184483153409246,0,1,41.51763059558044,44.85541101746672,44397.0,439321.13,9.17827909406662,90.82172090593338,4,1,5.06
193,2014,Nebraska,NE-02,Brad Ashford,Lee Terry,83872.0,78157.0,51.76357318751581,0,1,46.40309528972688,50.594509064076135,883686.14,995837.9,47.01648508842696,52.98351491157304,4,1,5.06
194,2014,Nebraska,NE-03,Mark Sullivan,Adrian Smith,45524.0,139440.0,24.612356999199843,0,1,28.372243073751463,31.67041559554413,35290.05,272214.4,11.476272944993154,88.52372705500684,5,1,5.06
195,2014,Nevada,NV-01,Dina Titus,Annette Teijeiro,45643.0,30413.0,60.012359314189546,1,0,66.95268941081851,66.12251311169867,553946.18,55950.68,90.8262062539558,9.173793746044206,5,1,5.06
196,2014,Nevada,NV-02,Kristen Spees,Mark Amodei,52016.0,122402.0,29.822610051714847,0,1,45.8767686561178,50.61606385150015,9206.0,363498.56,2.470052955617178,97.52994704438282,5,1,5.06
197,2014,Nevada,NV-03,Erin Bilbray,Joe Heck,52644.0,88528.0,37.29068087156093,0,1,50.40593530148275,54.56107211430081,782865.85,1344275.73,36.803655072174365,63.19634492782564,4,1,5.06
198,2014,Nevada,NV-04,Steven Horsford,Cresent Hardy,59844.0,63466.0,48.53134376773984,1,0,55.45804916603518,57.64822257117256,728004.41,316385.28,69.70620420429466,30.293795795705336,5,1,5.06
199,2014,New Hampshire,NH-01,Carol Shea-Porter,Frank Guinta,116769.0,125508.0,48.19648584058743,0,0,50.81246968661276,53.22627112600728,1131736.2,700774.85,61.758765383706695,38.24123461629331,4,1,5.06
200,2014,New Hampshire,NH-02,Ann McLane Kuster,Marilinda Garcia,130700.0,106871.0,55.01513231833852,1,0,54.887983119638406,56.50982795729578,2513874.37,827459.48,75.2356538691876,24.7643461308124,1,1,5.06
201,2014,New Jersey,NJ-01,Donald Norcross,Garry Cobb,93315.0,64073.0,59.28978066942842,1,0,65.78656160787074,65.4161063442383,1169643.71,82077.14,93.44285588915452,6.557144110845482,4,1,5.06
202,2014,New Jersey,NJ-02,Bill Hughes Jr.,Frank LoBiondo,66026.0,108875.0,37.7504988536372,0,1,54.122606482157046,53.867199053534456,652570.04,773266.85,45.76750991482624,54.23249008517376,4,1,5.06
203,2014,New Jersey,NJ-03,Aimee Belgard,Tom MacArthur,82537.0,100471.0,45.100214198286416,0,0,52.31203485365148,51.74371451743715,1092678.31,343335.0,76.09109904420036,23.90890095579964,4,1,5.06
204,2014,New Jersey,NJ-04,Ruben Scolavino,Chris Smith,54415.0,118826.0,31.41000109673807,0,1,45.16548603450424,45.77638353463431,5249.25,307135.22,1.680381230219287,98.31961876978072,4,1,5.06
205,2014,New Jersey,NJ-05,Roy Cho,Scott Garrett,81808.0,104678.0,43.868172409725126,0,1,48.47949915021611,48.97763223622135,1085481.39,1023387.87,51.47219937190417,48.52780062809584,4,1,5.06
206,2014,New Jersey,NJ-06,Frank Pallone,Anthony Wilkinson,72190.0,46891.0,60.62260142256112,1,0,62.159653347637686,59.07510647875619,592581.15,86230.53,87.29684056114061,12.703159438859393,4,1,5.06
207,2014,New Jersey,NJ-07,Janice Kovach,Leonard Lance,68232.0,104287.0,39.55042632985352,0,1,46.89340663263485,47.77892991610338,55272.0,506401.61,9.840590516616937,90.15940948338306,4,1,5.06
208,2014,New Jersey,NJ-08,Albio Sires,Jude-Anthony Tiscornia,61510.0,15141.0,80.24683304849252,1,0,79.03577831475563,73.78279934111315,288783.47,0.0,100.0,0.0,5,1,5.06
209,2014,New Jersey,NJ-09,Bill Pascrell,Dierdre Paul,82498.0,36246.0,69.47551034157516,1,0,68.94790724725435,64.50458282150619,760135.2,11465.0,98.51412687555032,1.4858731244496828,4,1,5.06
210,2014,New Jersey,NJ-10,Donald Payne Jr.,Yolanda Dentley,95734.0,14154.0,87.11961269656378,1,0,88.41513390582658,85.35868784082743,162869.69,0.0,100.0,0.0,3,1,5.06
211,2014,New Jersey,NJ-11,Mark Dunec,Rodney Frelinghuysen,65477.0,109455.0,37.42997278942675,0,1,47.07977700220003,47.41488426840378,123817.22,705855.19,14.923627507391746,85.07637249260826,4,1,5.06
212,2014,New Jersey,NJ-12,Bonnie Watson Coleman,Alieta Eck,90430.0,54168.0,62.5389009529869,0,0,67.22211105043769,66.37308649607132,944223.95,194185.11,82.94241351171256,17.05758648828743,4,1,5.06
213,2014,New Mexico,NM-01,Michelle Lujan Grisham,Mike Frese,105474.0,74558.0,58.58625133309634,1,0,58.250268993962585,60.491218534497406,885311.73,243333.0,78.4402484207763,21.559751579223693,5,1,5.06
214,2014,New Mexico,NM-02,Rocky Lara,Steve Pearce,52499.0,95209.0,35.54242153437864,0,1,46.46685174703287,49.10723543684286,1046250.63,1561979.8,40.113427784829575,59.88657221517042,5,1,5.06
215,2014,New Mexico,NM-03,Ben Ray Lujan,Jeff Byrd,113249.0,70775.0,61.54034256401339,1,0,59.79689710296604,62.00374940974987,462952.23,102250.11,81.90911417670351,18.09088582329649,5,1,5.06
216,2014,New York,NY-01,Tim Bishop,Lee Zeldin,78722.0,94035.0,45.56805223522057,1,0,50.27293941875725,51.879509546006986,1763107.47,1461186.96,54.68196246581613,45.31803753418387,6,1,5.06
217,2014,New York,NY-02,Pat Maher,Peter T. King,41814.0,95177.0,30.52317305516421,0,1,52.23027506602178,51.6986104535477,10887.59,768199.0,1.3974813762357274,98.60251862376428,5,1,5.06
218,2014,New York,NY-03,Steve Israel,Grant M. Lally,90032.0,74269.0,54.79698845411775,1,0,51.29244921931711,53.97012334965599,2406579.4,144345.42,94.34144750686929,5.658552493130708,4,1,5.06
219,2014,New York,NY-04,Kathleen Rice,Bruce Blakeman,89793.0,80127.0,52.84427966101695,0,0,56.839787982624536,55.7428013914654,2809528.79,658653.12,81.00869166923253,18.99130833076746,4,1,5.06
220,2014,New York,NY-07,Nydia Velázquez,Jose Luis Fernandez,56593.0,5713.0,90.83073861265368,1,0,89.52379883628937,84.98163013193148,385985.0,21157.0,94.80353291971842,5.196467080281573,4,1,5.06
221,2014,New York,NY-11,Domenic Recchia,Michael Grimm,45244.0,58886.0,43.44953423605109,0,1,52.16021240710732,48.68102597972548,2041063.58,972400.04,67.73148235318666,32.268517646813336,6,1,5.06
222,2014,New York,NY-12,Carolyn Maloney,Nick Di Iorio,90603.0,22731.0,79.9433532743925,1,0,78.14940757664311,80.94562789412537,713915.73,83243.42,89.55749049609479,10.44250950390521,6,1,5.06
223,2014,New York,NY-17,Nita Lowey,Chris Day,98150.0,75781.0,56.430423558767565,1,0,57.69719446447581,58.48044361720627,1629343.26,195848.14,89.26972042493736,10.73027957506265,6,1,5.06
224,2014,New York,NY-18,Sean Patrick Maloney,Nan Hayworth,88993.0,85660.0,50.954177712378254,1,0,52.17364012359026,52.63979075895199,2836901.85,1441554.3,66.30667115753891,33.69332884246108,4,1,5.06
225,2014,New York,NY-19,Sean Eldridge,Chris Gibson,72470.0,131594.0,35.513368355025875,0,1,53.19685601519458,53.90081144238024,1869555.78,1544141.57,54.76630141216239,45.23369858783761,1,1,5.06
226,2014,New York,NY-20,Paul Tonko,Jim Fischer,125111.0,79104.0,61.26435374482776,1,0,60.4036411934303,59.40969466449033,332456.9,118019.87,73.80111964485982,26.198880355140176,4,1,5.06
227,2014,New York,NY-21,Aaron Woolf,Elise Stefanik,59063.0,96226.0,38.03424582552531,0,0,53.14087848178757,52.50316480042524,832228.17,1046694.31,44.29284224647736,55.70715775352265,1,1,5.06
228,2014,New York,NY-23,Martha Robertson,Tom Reed,70242.0,113130.0,38.30573915319678,0,1,49.38011730399873,50.41883851504232,1925071.8,1366507.2,58.48475154325629,41.515248456743706,4,1,5.06
229,2014,New York,NY-24,Dan Maffei,John Katko,80304.0,118474.0,40.39883689341879,1,0,58.12917745631042,57.21552136579962,1222561.84,784773.0,60.9047287795792,39.0952712204208,4,1,5.06
230,2014,New York,NY-25,Louise Slaughter,Mark Assini,96803.0,95932.0,50.225957921498434,1,0,59.8606727243743,59.56034643681498,492818.59,193015.52,71.85682117793762,28.14317882206237,6,1,5.06
231,2014,New York,NY-26,Brian Higgins,Kathy Weppner,113210.0,52909.0,68.14994070515714,1,0,65.08204170242844,64.43203554973223,523742.5,50053.0,91.27685734726047,8.72314265273952,6,1,5.06
232,2014,New York,NY-27,James O'Donnell,Chris Collins,58911.0,144675.0,28.93666558604226,0,1,43.68500275804899,45.19822805038541,10935.0,356833.0,2.973341889452046,97.02665811054796,1,1,5.06
233,2014,North Carolina,NC-01,G. K. Butterfield,Arthur Rich,154333.0,55990.0,73.37904080866096,1,0,71.97722179103697,70.92932984941625,167568.0,11423.0,93.61811487728431,6.381885122715667,4,1,5.06
234,2014,North Carolina,NC-02,Clay Aiken,Renee Ellmers,85479.0,122128.0,41.17346717596227,0,1,42.144986603268045,43.75736140648899,1058518.82,539995.9,66.21889725231932,33.78110274768067,4,1,5.06
235,2014,North Carolina,NC-03,Marshall Adame,Walter B. Jones Jr.,66182.0,139415.0,32.190158416708414,0,1,41.421054978374286,43.33579273149901,24197.76,402721.21,5.667998308906254,94.33200169109377,4,1,5.06
236,2014,North Carolina,NC-04,David E. Price,Paul M. Wright,169946.0,57416.0,74.74687942576156,1,0,72.27083158395611,72.7254759088214,369373.25,0.0,100.0,0.0,4,1,5.06
237,2014,North Carolina,NC-05,Josh Brannon,Virginia Foxx,88973.0,139279.0,38.980162276781805,0,1,40.23811022540644,42.49092254879677,10831.0,793909.99,1.345898883565009,98.654101116435,4,1,5.06
238,2014,North Carolina,NC-06,Laura Fjeld,Mark Walker,103758.0,147312.0,41.3263233361214,0,0,41.760538184656745,43.715588894540616,787215.66,632441.11,55.45112569709367,44.54887430290633,4,1,5.06
239,2014,North Carolina,NC-07,Jonathan Barfield,David Rouzer,84054.0,134431.0,38.47129093530448,0,0,40.22195950938377,41.90065062736853,53141.16,885405.18,5.662070985221678,94.33792901477833,4,1,5.06
240,2014,North Carolina,NC-08,Antonio Blue,Richard Hudson,65854.0,121568.0,35.136750221425444,0,1,41.39083271575385,42.03765490943756,9740.0,498805.62,1.915265733681867,98.08473426631814,4,1,5.06
241,2014,North Carolina,NC-10,Tate MacQueen,Patrick McHenry,85292.0,133504.0,38.982431123055264,0,1,41.351035562620105,42.42345300553731,75242.12,646043.71,10.431664795078534,89.56833520492147,4,1,5.06
242,2014,North Carolina,NC-11,Thomas Waddell Hill,Mark Meadows,85342.0,144682.0,37.10134594650993,0,1,38.29386760167629,41.00559462771903,14929.23,227617.85,6.155188510205935,93.84481148979404,4,1,5.06
243,2014,North Carolina,NC-12,Alma Adams,Vince Coakley,130096.0,42568.0,75.34633739517213,1,0,79.06898670433455,78.5189356996662,457916.51,330944.68,58.04779292032354,41.95220707967647,4,1,5.06
244,2014,North Carolina,NC-13,Brenda Cleary,George Holding,114718.0,153991.0,42.692280496745546,0,1,43.97815739191813,45.3876692811,68321.97,884848.06,7.16786804553643,92.83213195446358,4,1,5.06
245,2014,North Dakota,ND-00,George B. Sinner,Kevin Cramer,95678.0,138100.0,40.92686223682297,0,1,39.88210485958018,45.57123980792162,790377.43,933837.04,45.83985598960899,54.160144010391,4,1,5.06
246,2014,Ohio,OH-01,Fred Kundrata,Steve Chabot,72604.0,124779.0,36.78330960619709,0,1,46.89028963002406,47.69729158556254,43582.83,555177.5,7.278843940780113,92.7211560592199,4,1,5.06
247,2014,Ohio,OH-02,Marek Tyszkiewicz,Brad Wenstrup,68453.0,132658.0,34.03742212012272,0,1,44.36491947023203,44.985280952795215,83290.24,677411.11,10.949137923838313,89.05086207616168,4,1,5.06
248,2014,Ohio,OH-03,Joyce Beatty,Jim Burgess,91769.0,51475.0,64.06481248778309,1,0,70.67667953943379,68.25578020071296,243338.61,0.0,100.0,0.0,3,1,5.06
249,2014,Ohio,OH-04,Janet Garrett,Jim Jordan,60165.0,125907.0,32.33425770669418,0,1,42.873683562234405,44.51301672288343,39017.66,557698.95,6.538725308819543,93.46127469118044,4,1,5.06
250,2014,Ohio,OH-05,Robert Fry,Bob Latta,58507.0,134449.0,30.321420427454964,0,1,44.99770206982888,46.86994277230911,33226.02,590355.74,5.328253988699092,94.67174601130093,4,1,5.06
251,2014,Ohio,OH-06,Jennifer Garrison,Bill Johnson,73561.0,111026.0,39.85166886075401,0,1,43.60123277390096,45.70287108919877,222034.96,954901.63,18.86549894756861,81.13450105243138,4,1,5.06
252,2014,Ohio,OH-08,Tom Poetter,John Boehner,51534.0,126539.0,28.939816816698773,0,1,37.05650851110701,38.75219683655536,187710.14,5387991.15,3.366574539002967,96.63342546099705,4,1,5.06
253,2014,Ohio,OH-09,Marcy Kaptur,Richard May,108870.0,51704.0,67.80051565010524,1,0,68.63693977602104,67.88131368164625,222753.46,0.0,100.0,0.0,6,1,5.06
254,2014,Ohio,OH-10,Robert Klepinger,Mike Turner,63249.0,130752.0,32.60240926593162,0,1,49.0260945982339,50.00177370280928,0.0,542810.48,0.0,100.0,4,1,5.06
255,2014,Ohio,OH-11,Marcia Fudge,Mark Zetzer,137105.0,35461.0,79.45076086830547,1,0,83.33440248116672,82.65716762911221,186762.96,0.0,100.0,0.0,6,1,5.06
256,2014,Ohio,OH-12,David Tibbs,Pat Tiberi,61360.0,150573.0,28.95254632360227,0,1,44.67142262584439,45.43855090351989,0.0,1159329.93,0.0,100.0,4,1,5.06
257,2014,Ohio,OH-13,Tim Ryan,Thomas Pekarek,120230.0,55233.0,68.52156864980081,1,0,63.99451000930048,63.50188657672079,435249.0,0.0,100.0,0.0,0,1,5.06
258,2014,Ohio,OH-14,Michael Wager,David Joyce,70856.0,135736.0,34.29755266418835,0,1,48.31993420044673,49.83134727177861,858402.9,1164380.0,42.43672912204271,57.563270877957294,1,1,5.06
259,2014,Ohio,OH-15,Scott Wharton,Steve Stivers,66125.0,128496.0,33.976292383658496,0,1,47.18792987385489,46.87970524666734,78254.75,1198613.81,6.128645692396091,93.87135430760392,4,1,5.06
260,2014,Ohio,OH-16,Pete Crossland,Jim Renacci,75199.0,132176.0,36.26232670283303,0,1,45.85880170735279,47.93265561397558,28454.0,867736.18,3.174995735838123,96.82500426416188,0,1,5.06
261,2014,Oklahoma,OK-02,Earl Everett,Markwayne Mullin,38964.0,110925.0,25.995236474991497,0,1,32.19319326464733,34.29179900762577,0.0,709039.32,0.0,100.0,4,1,5.06
262,2014,Oklahoma,OK-03,Frankie Robbins,Frank Lucas,36270.0,133335.0,21.384982754046167,0,1,26.079574102085,27.072298795864008,0.0,385824.98,0.0,100.0,4,1,5.06
263,2014,Oklahoma,OK-04,Bert Smith,Tom Cole,40998.0,117721.0,25.830555888078933,0,1,32.88901933280478,33.89491213766544,0.0,743749.58,0.0,100.0,4,1,5.06
264,2014,Oklahoma,OK-05,Al McAffrey,Steve Russell,57790.0,95632.0,37.667348880864544,0,0,40.78985342143237,40.75998327409576,170376.64,645297.56,20.887829969367672,79.11217003063233,4,1,5.06
265,2014,Oregon,OR-01,Suzanne Bonamici,Jason Yates,160038.0,96245.0,62.445811856424335,1,0,58.8768678354489,61.22437112586786,437353.13,17428.0,96.16782692808736,3.832173071912636,4,1,5.06
266,2014,Oregon,OR-02,Aelea Cristofferson,Greg Walden,73785.0,202374.0,26.718303585977644,0,1,41.58593554982348,44.56076942458231,104918.39,1445288.64,6.768024397360656,93.23197560263937,5,1,5.06
267,2014,Oregon,OR-03,Earl Blumenauer,James Buchal,211748.0,57424.0,78.66642890047999,1,0,74.4778247492308,74.99571023524253,374783.57,7958.55,97.92064954857857,2.0793504514214427,4,1,5.06
268,2014,Oregon,OR-04,Peter DeFazio,Art Robinson,181624.0,116534.0,60.91535360446475,1,0,53.49396018088252,55.942374396186665,588241.08,602180.93,49.4144996529424,50.5855003470576,4,1,5.06
269,2014,Oregon,OR-05,Kurt Schrader,Tootie Smith,150944.0,110332.0,57.77185811172859,1,0,51.72711778249559,54.50508556503204,588981.58,45471.4,92.83297558157896,7.167024418421048,4,1,5.06
270,2014,Pennsylvania,PA-01,Bob Brady,Megan Rath,131248.0,27193.0,82.83714442600085,1,0,82.96869912080756,79.28690232047411,377505.0,41406.46,90.11570129878996,9.884298701210035,4,1,5.06
271,2014,Pennsylvania,PA-02,Chaka Fattah,Armond James,181141.0,25397.0,87.70347345282708,1,0,90.9895502972575,91.241852352162,148144.48,0.0,100.0,0.0,4,1,5.06
272,2014,Pennsylvania,PA-03,Dan LaVallee,Mike Kelly,73931.0,113859.0,39.36897598381171,0,1,43.63696250061758,46.9763884666138,342071.77,600680.5,36.28437510948661,63.71562489051339,1,1,5.06
273,2014,Pennsylvania,PA-04,Linda D. Thompson,Scott Perry,50250.0,147090.0,25.46366676801459,0,1,42.10425150676006,45.58109970609892,6967.0,293234.31,2.320776015267888,97.6792239847321,4,1,5.06
274,2014,Pennsylvania,PA-05,Kerith Strano Taylor,Glenn Thompson,65839.0,115018.0,36.403899213190535,0,1,42.06572967513886,47.78295888088173,126612.72,799574.64,13.670313963256852,86.32968603674314,4,1,5.06
275,2014,Pennsylvania,PA-06,Manan Trivedi,Ryan Costello,92901.0,119643.0,43.70906729900632,0,0,48.75652007816747,53.57584116311812,675855.61,907503.12,42.68493280736198,57.315067192638026,4,1,5.06
276,2014,Pennsylvania,PA-07,Mary Ellen Balchunis,Pat Meehan,89256.0,145869.0,37.961084529505584,0,1,49.07213869055694,51.73425102042464,69620.53,840574.0,7.648972577323662,92.35102742267634,4,1,5.06
277,2014,Pennsylvania,PA-08,Kevin Strouse,Mike Fitzpatrick,84767.0,137731.0,38.097870542656565,0,1,49.96419896949191,53.79874626331722,1007733.9,1770286.7,36.2752493628017,63.72475063719829,4,1,5.06
278,2014,Pennsylvania,PA-09,Alanna Hartzok,Bill Shuster,63223.0,110094.0,36.4782450654004,0,1,36.34572508113287,41.42320577289518,21625.0,1886939.74,1.1330503779505012,98.86694962204948,4,1,5.06
279,2014,Pennsylvania,PA-10,Scott Brion,Tom Marino,44737.0,112851.0,28.38858288702185,0,1,39.01712263762396,42.8440264777265,153134.67,498945.84,23.484012733335643,76.51598726666437,1,1,5.06
280,2014,Pennsylvania,PA-11,Andy Ostrowski,Lou Barletta,62228.0,122464.0,33.69285080025123,0,1,45.25929188501195,47.66016804516214,8775.0,662788.38,1.3066525455869855,98.693347454413,4,1,5.06
281,2014,Pennsylvania,PA-12,Erin McClelland,Keith Rothfus,87928.0,127993.0,40.72230121201736,0,1,41.458427058198026,45.25199400535477,275275.23,1408446.33,16.34921334617821,83.65078665382178,4,1,5.06
282,2014,Pennsylvania,PA-13,Brendan Boyle,Dee Adcock,123601.0,60549.0,67.11973934292696,0,0,66.78709178106524,65.97707211794946,576647.06,195522.38,74.6788243782349,25.32117562176509,4,1,5.06
283,2014,Pennsylvania,PA-16,Tom Houghton,Joseph R. Pitts,74513.0,101722.0,42.28047777115784,0,1,46.90524053791765,50.5998323264046,127272.23,232458.32,35.37987807818936,64.62012192181065,4,1,5.06
284,2014,Pennsylvania,PA-17,Matt Cartwright,David Moylan,93680.0,71371.0,56.75821412775445,1,0,56.14435979833675,57.59460655163989,945764.16,47710.0,95.1976607021163,4.802339297883701,4,1,5.06
285,2014,Rhode Island,RI-01,David Cicilline,Cormick Lynch,87060.0,58877.0,59.6558789066515,1,0,67.29550464962361,67.69235617462083,1022250.35,17215.0,98.34386013925332,1.656139860746681,6,1,5.06
286,2014,Rhode Island,RI-02,James Langevin,Rhue Reis,105716.0,63844.0,62.34725171030904,1,0,60.98146907398265,60.96191131402839,490312.73,14995.0,97.03250136308029,2.967498636919724,4,1,5.06
287,2014,South Carolina,SC-02,Phil Black,Joe Wilson,68719.0,121649.0,36.09797865187426,0,1,40.000282343308285,39.84923804668026,0.0,627868.21,0.0,100.0,4,1,5.06
288,2014,South Carolina,SC-03,Barbara Jo Mullis,Jeff Duncan,47181.0,116741.0,28.78259172045241,0,1,34.464910828099065,35.59941381344803,3883.16,256180.07,1.4931599519086185,98.50684004809138,4,1,5.06
289,2014,South Carolina,SC-05,Tom Adams,Mick Mulvaney,71985.0,103078.0,41.11948270051353,0,1,44.18174996991598,44.37818729289515,39242.84,458377.63,7.886098415525391,92.1139015844746,4,1,5.06
290,2014,South Carolina,SC-06,Jim Clyburn,Anthony Culler,125747.0,44311.0,73.94359571440332,1,0,71.62610578864296,70.7733093421727,395533.74,0.0,100.0,0.0,4,1,5.06
291,2014,South Carolina,SC-07,Gloria Tinubu,Tom Rice,68576.0,102833.0,40.00723415923318,0,1,44.890526803556426,45.80252930955579,148576.67,665697.05,18.24652648743226,81.75347351256774,4,1,5.06
292,2014,South Dakota,SD-00,Corinna Robinson,Kristi Noem,92485.0,183834.0,33.47037301090406,0,1,40.78150086180476,45.704292765884624,130047.24,1523471.45,7.864878745337919,92.13512125466208,4,1,5.06
293,2014,Tennessee,TN-02,Bob Scott,Jimmy Duncan,37612.0,120883.0,23.73071705732042,0,1,31.455388700702112,35.04929524019787,0.0,144881.0,0.0,100.0,4,1,5.06
294,2014,Tennessee,TN-03,Mary Headrick,Chuck Fleischmann,53983.0,97344.0,35.67307882929021,0,1,35.65662163376569,37.82438778516486,124879.36,884402.65,12.37308886542028,87.62691113457973,4,1,5.06
295,2014,Tennessee,TN-04,Lenda Sherrell,Scott DesJarlais,51357.0,84815.0,37.71480186822548,0,1,33.631252196321896,36.40094988499234,680609.99,509950.2,57.16720546484928,42.83279453515072,4,1,5.06
296,2014,Tennessee,TN-05,Jim Cooper,Bob Ries,96148.0,55078.0,63.57901419068149,1,0,56.81916126731261,58.200135420727584,440689.57,37429.12,92.17158400563676,7.828415994363241,4,1,5.06
297,2014,Tennessee,TN-06,Amos Powers,Diane Black,37232.0,115231.0,24.420351167168427,0,1,29.93064420513604,34.02095818876389,0.0,388662.2,0.0,100.0,4,1,5.06
298,2014,Tennessee,TN-07,Dan Cramer,Marsha Blackburn,42280.0,110534.0,27.66762207651132,0,1,33.372854868944415,36.81610376723252,0.0,852793.3,0.0,100.0,4,1,5.06
299,2014,Tennessee,TN-08,Wes Bradley,Stephen Fincher,42433.0,122255.0,25.76569027494413,0,1,33.19872257816589,35.25792259134094,100.0,877866.64,0.0113899544064681,99.98861004559352,4,1,5.06
300,2014,Tennessee,TN-09,Steve Cohen,Charlotte Bergmann,87376.0,27173.0,76.27827392644197,1,0,78.9289761994711,77.40348707544908,263032.04,43172.0,85.90090450798755,14.09909549201245,4,1,5.06
301,2014,Texas,TX-01,Shirley McKellar,Louie Gohmert,33476.0,115084.0,22.533656435110395,0,1,27.75524150453132,30.65514803564353,31307.68,587443.65,5.0598161946577145,94.94018380534229,5,1,5.06
302,2014,Texas,TX-02,Niko Letsos,Ted Poe,44462.0,101936.0,30.37063347859944,0,1,36.10038845614106,37.6778682285979,0.0,554324.55,0.0,100.0,4,1,5.06
303,2014,Texas,TX-06,David Cozad,Joe Barton,55027.0,92334.0,37.34163041781747,0,1,41.30671767247404,42.52023363020936,8820.59,327209.0,2.624944428257047,97.37505557174296,4,1,5.06
304,2014,Texas,TX-07,James Cargas,John Culberson,49478.0,90606.0,35.320236429570826,0,1,39.17291322576546,40.77572634893373,55767.62,377678.75,12.86609459896965,87.13390540103035,4,1,5.06
305,2014,Texas,TX-10,Tawana Walter-Cadien,Michael McCaul,60243.0,109726.0,35.443522054021614,0,1,39.62873223890865,43.1225714755113,5225.0,792030.82,0.6553730771134415,99.34462692288656,4,1,5.06
306,2014,Texas,TX-12,Mark Greene,Kay Granger,41757.0,113186.0,26.94991061228968,0,1,32.15540812305242,35.78014580375516,58806.5,780963.5,7.002691213070246,92.99730878692976,4,1,5.06
307,2014,Texas,TX-13,Mike Minter,Mac Thornberry,16822.0,110842.0,13.176776538413334,0,1,18.762713734142302,22.43971283058232,0.0,917936.27,0.0,100.0,5,1,5.06
308,2014,Texas,TX-14,Donald Brown,Randy Weber,52545.0,90116.0,36.8320704327041,0,1,39.95497020446953,42.48532241150095,16773.24,534308.3,3.043694767928536,96.95630523207149,4,1,5.06
309,2014,Texas,TX-15,Rubén Hinojosa,Eddie Zamora,48708.0,39016.0,55.524143905886646,1,0,58.02797912244871,57.796509786097,139055.86,121321.65,53.40548037347772,46.59451962652227,5,1,5.06
310,2014,Texas,TX-16,Beto O'Rourke,Corey Roen,49338.0,21324.0,69.82253545045427,1,0,65.02755814252968,65.052839412195,321870.16,0.0,100.0,0.0,5,1,5.06
311,2014,Texas,TX-17,Nick Haynes,Bill Flores,43049.0,85807.0,33.40861116284845,0,1,38.45114628820961,41.39675851171305,0.0,568688.83,0.0,100.0,4,1,5.06
312,2014,Texas,TX-18,Sheila Jackson Lee,Sean Seibert,76097.0,26249.0,74.35268598675083,1,0,76.94188191881919,76.98235973074841,253661.0,3738.0,98.54777990590485,1.4522200940951595,5,1,5.06
313,2014,Texas,TX-19,Neal Marchbanks,Randy Neugebauer,21458.0,90160.0,19.22449784085004,0,1,25.37767588372895,28.17598806860552,46482.45,636622.82,6.804580793235574,93.19541920676444,5,1,5.06
314,2014,Texas,TX-22,Frank Briscoe,Pete Olson,47844.0,100861.0,32.17376685383814,0,1,37.130704587476295,39.07937052442005,0.0,772441.83,0.0,100.0,4,1,5.06
315,2014,Texas,TX-23,Pete Gallego,Will Hurd,55037.0,57459.0,48.92351728061442,0,0,48.64853724637532,50.30952999220981,1415918.54,1119865.86,55.83749706796839,44.1625029320316,5,1,5.06
316,2014,Texas,TX-24,Patrick McGehearty,Kenny Marchant,46548.0,93712.0,33.1869385427064,0,1,38.59760748181955,40.97260671764592,3301.0,126309.08,2.546869811360351,97.45313018863963,4,1,5.06
317,2014,Texas,TX-25,Marco Montoya,Roger Williams,64463.0,107120.0,37.56957274322048,0,1,38.69601680316722,43.25792188651437,16030.09,1284581.24,1.2325042562869262,98.76749574371306,4,1,5.06
318,2014,Texas,TX-27,Wesley Reed,Blake Farenthold,44152.0,83342.0,34.63064928545657,0,1,38.681917768712296,40.49537172886601,220695.02,676000.43,24.612037453741955,75.38796254625804,5,1,5.06
319,2014,Texas,TX-31,Louie Minor,John Carter,45715.0,91607.0,33.290368622653325,0,1,39.09531910593071,43.25368262470706,52616.87,482337.78,9.835762713717882,90.16423728628212,4,1,5.06
320,2014,Texas,TX-32,Frank Perez,Pete Sessions,55325.0,96495.0,36.44118034514557,0,1,42.12259321772609,44.32894572652643,3115.0,1245360.59,0.249504277452473,99.75049572254753,4,1,5.06
321,2014,Texas,TX-34,Filemon Vela Jr.,Larry Smith,47503.0,30811.0,60.6570983476773,1,0,61.33087699408859,60.5688954562246,406779.47,112302.5,78.3651703410157,21.6348296589843,5,1,5.06
322,2014,Texas,TX-35,Lloyd Doggett,Susan Narvaiz,60124.0,32040.0,65.2358838592075,1,0,64.54009563760441,64.04321871741696,601025.34,192402.63,75.7504603726032,24.249539627396803,5,1,5.06
323,2014,Texas,TX-36,Michael Cole,Brian Babin,29543.0,101663.0,22.51650076978187,0,0,25.99665921933445,29.83522386039705,4213.64,654173.5,0.6399942744932716,99.36000572550672,5,1,5.06
324,2014,Utah,UT-01,Donna McAleer,Rob Bishop,36422.0,84231.0,30.187396915120217,0,1,20.87592433713282,30.25470922978607,239776.9,167799.23,58.82996631819435,41.170033681805656,5,1,5.06
325,2014,Utah,UT-02,Luz Robles,Chris Stewart,47585.0,88915.0,34.86080586080586,0,1,30.05454127682217,39.63841417706166,166351.75,313496.5,34.66757459259255,65.33242540740744,4,1,5.06
326,2014,Utah,UT-03,Brian Wonnacott,Jason Chaffetz,32059.0,102952.0,23.745472591122205,0,1,19.92635969097233,30.4256910609423,0.0,324775.34,0.0,100.0,4,1,5.06
327,2014,Utah,UT-04,Doug Owens,Mia Love,67425.0,74936.0,47.36198818496639,0,0,31.030367767939847,42.1626516428068,775640.38,4765074.37,13.998922792406882,86.00107720759313,5,1,5.06
328,2014,Vermont,VT-00,Peter Welch,Mark Donka,123349.0,59432.0,67.4845853781301,1,0,68.24725882639062,68.8991817393381,392520.8,11427.45,97.17106089703324,2.8289391029667788,1,1,5.06
329,2014,Virginia,VA-01,Norm Mosher,Rob Wittman,72059.0,131861.0,35.33689682228325,0,1,46.23261522058436,47.27307603998035,81623.7,608082.3,11.834564292611631,88.16543570738837,4,1,5.06
330,2014,Virginia,VA-02,Suzanne Patrick,Scott Rigell,71178.0,101558.0,41.2062337902927,0,1,50.75644407717,50.85098324112537,726436.23,890042.16,44.939433430965934,55.06056656903405,4,1,5.06
331,2014,Virginia,VA-04,Elliott Fausz,Randy Forbes,75270.0,120684.0,38.41207630362228,0,1,49.30728013065754,49.23851271744404,29004.16,941535.73,2.988456249850792,97.01154375014922,4,1,5.06
332,2014,Virginia,VA-05,Lawrence Gaughan,Robert Hurt,73482.0,124735.0,37.07149235433893,0,1,46.61086562429186,48.410583804794776,82438.14,582430.6,12.399160171073769,87.60083982892624,4,1,5.06
333,2014,Virginia,VA-07,Jack Trammell,Dave Brat,89914.0,148026.0,37.788518113810206,0,1,42.286780963427454,43.97598566112978,505729.31,1261765.51,28.61277466148387,71.38722533851613,4,1,5.06
334,2014,Virginia,VA-08,Don Beyer,Micah Edmond,128102.0,63810.0,66.75038559339697,0,0,68.60982255449468,69.0981037592142,1746386.54,101355.0,94.51465490135595,5.485345098644045,4,1,5.06
335,2014,Virginia,VA-10,John Foust,Barbara Comstock,89957.0,125914.0,41.67164649258122,0,0,49.428582266271455,51.3979674602796,1995919.98,2278227.94,46.69749426922033,53.30250573077967,4,1,5.06
336,2014,Virginia,VA-11,Gerry Connolly,Suzanne Scholte,106780.0,75796.0,58.48523354657787,1,0,63.24359608701096,62.73688275625327,1011397.9,241249.34,80.74083969561934,19.259160304380664,4,1,5.06
337,2014,Washington,WA-01,Suzan DelBene,Pedro Celis,124151.0,101428.0,55.03659471848,1,0,55.55011545110556,57.34083043915439,1169483.09,536606.79,68.5475662044253,31.45243379557471,4,1,5.06
338,2014,Washington,WA-02,Rick Larsen,B. J. Guillot,122173.0,79518.0,60.57434392213832,1,0,60.90113658343086,61.68148315984487,263710.54,4723.0,98.24053283356469,1.759467166435312,4,1,5.06
339,2014,Washington,WA-03,Bob Dingethal,Jaime Herrera Beutler,78018.0,124796.0,38.4677586359916,0,1,49.160557172360406,51.9585419628691,196808.65,1166433.3,14.436809988131602,85.5631900118684,4,1,5.06
340,2014,Washington,WA-05,Joe Pakootas,Cathy McMorris Rodgers,87772.0,135470.0,39.316974404457945,0,1,44.95826290129943,47.46412491807274,181160.01,1301474.0,12.218794980967692,87.7812050190323,4,1,5.06
341,2014,Washington,WA-06,Derek Kilmer,Marty McClendon,141265.0,83025.0,62.98319140398591,1,0,57.68540511184701,58.22545113662995,1085721.96,19135.0,98.26810160113396,1.7318983988660397,4,1,5.06
342,2014,Washington,WA-07,Jim McDermott,Craig Keller,203954.0,47921.0,80.97429280397023,1,0,81.4109968281906,81.6686368813391,166374.49,6221.0,96.39561844866282,3.604381551337176,4,1,5.06
343,2014,Washington,WA-08,Jason Ritchie,Dave Reichert,73003.0,125741.0,36.73217807833192,0,1,50.80002996244923,52.393935904296754,96786.59,573527.8,14.438984369707471,85.56101563029253,4,1,5.06
344,2014,Washington,WA-09,Adam Smith,Doug Basler,118132.0,48662.0,70.82508963152152,1,0,69.7788671528478,69.61293512731761,368881.25,10662.0,97.1908339826884,2.8091660173115973,4,1,5.06
345,2014,Washington,WA-10,Dennis Heck,Joyce McDonald,99279.0,82213.0,54.70158464284928,1,0,57.80806898805571,58.23856659298886,884484.91,72876.01,92.38782276594286,7.612177234057141,4,1,5.06
346,2014,West Virginia,WV-01,Glen Gainer,David McKinley,52109.0,92491.0,36.03665283540802,0,1,36.37077839580163,42.27225823956719,387007.33,736107.25,34.45840138590312,65.54159861409687,4,1,5.06
347,2014,West Virginia,WV-02,Nick Casey,Alex Mooney,67687.0,72619.0,48.24241301156045,0,0,38.753251951170704,44.5262755060498,1239220.21,1339763.74,48.05071431328605,51.94928568671394,4,1,5.06
348,2014,West Virginia,WV-03,Nick Rahall,Evan Jenkins,62688.0,77713.0,44.649254634938494,1,0,33.53171773015459,43.1456168097605,948128.93,1184239.92,44.46364567743522,55.536354322564776,4,1,5.06
349,2014,Wisconsin,WI-01,Rob Zerban,Paul Ryan,105552.0,182316.0,36.66680561924216,0,1,47.87560519234403,51.34474598013845,706724.92,5669511.75,11.08373099331647,88.91626900668354,4,1,5.06
350,2014,Wisconsin,WI-02,Mark Pocan,Peter Theron,224920.0,103619.0,68.4606698139338,1,0,69.15855997974546,71.01503273047169,462938.62,23683.14,95.13315228649044,4.866847713509564,4,1,5.06
351,2014,Wisconsin,WI-03,Ron Kind,Tony Kurtz,155368.0,119540.0,56.5163618374147,1,0,55.57809443822842,60.26331571386731,600072.73,238998.08,71.51633960428202,28.483660395717976,4,1,5.06
352,2014,Wisconsin,WI-04,Gwen Moore,Dan Sebring,179045.0,68490.0,72.33118548892075,1,0,76.00420169256861,75.14384825448373,280449.94,16959.43,94.29761409332868,5.702385906671333,4,1,5.06
353,2014,Wisconsin,WI-05,Chris Rockwood,Jim Sensenbrenner,101190.0,231160.0,30.44681811343463,0,1,38.10443523430859,42.21323888311786,6963.0,201598.08,3.338590306494386,96.66140969350562,4,1,5.06
354,2014,Wisconsin,WI-06,Mark Harris,Glenn Grothman,122212.0,169767.0,41.856434880590726,0,0,46.2971635089836,50.0611463111092,167506.67,720852.91,18.85572844275513,81.14427155724488,4,1,5.06
355,2014,Wisconsin,WI-07,Kelly Westlund,Sean Duffy,112949.0,169896.0,39.93317894960137,0,1,48.43948483904606,53.98174997133075,474326.34,1297230.35,26.774550466121404,73.22544953387859,4,1,5.06
356,2014,Wisconsin,WI-08,Ron Gruett,Reid Ribble,101345.0,188553.0,34.95884759467123,0,1,48.12998510067224,54.37422836488774,15810.0,839657.09,1.848113175224543,98.15188682477546,4,1,5.06
357,2014,Wyoming,WY-00,Richard Grayson,Cynthia Lummis,37803.0,113038.0,25.061488587320422,0,1,28.839365988478573,33.43797664490409,0.0,127689.0,0.0,100.0,5,1,5.06
358,2016,Alabama,AL-02,Nathan Mathis*,Martha Roby,112089.0,134886.0,45.38475554205891,0,1,33.70180554959901,,0.0,574878.88,0.0,100.0,1,0,1.63
359,2016,Alabama,AL-03,Jesse Smith,Mike Rogers,94549.0,192164.0,32.97687931834273,0,1,33.11129013368728,,9810.0,459627.0,2.0897372810409065,97.91026271895907,1,0,1.63
360,2016,Alabama,AL-05,Will Boyd Jr.,Mo Brooks,102234.0,205647.0,33.20568661268477,0,1,32.63325832129782,,35546.75,211307.0,14.399923031349534,85.60007696865046,1,0,1.63
361,2016,Alabama,AL-06,David Putman,Gary Palmer,83709.0,245313.0,25.441763772635262,0,1,26.94417241066428,,8019.0,931340.52,0.8536667622211355,99.14633323777886,1,0,1.63
362,2016,Alaska,AK-00,Steve Lindbeck,Don Young,111019.0,155088.0,41.71968418718786,0,1,41.61434528893193,,0.0,640393.04,0.0,100.0,1,0,1.63
363,2016,Arizona,AZ-01,Tom O'Halleran,Paul Babeu,142219.0,121745.0,53.8781803579276,0,0,49.43192386961407,,1075474.05,1080639.69,49.88020947355032,50.11979052644968,1,0,1.63
364,2016,Arizona,AZ-02,Matt Heinz,Martha McSally,135873.0,179806.0,43.04150735398934,0,1,52.59843154106461,,1256630.11,5975189.77,17.376402217583994,82.623597782416,0,0,1.63
365,2016,Arizona,AZ-03,Raul M Grijalva,Jaime Vasquez,148973.0,332.0,99.7776363819028,1,0,65.7531070769789,,338021.58,0.0,100.0,0.0,5,0,1.63
366,2016,Arizona,AZ-04,Mikel Weisser,Paul Gosar,81296.0,203487.0,28.546647798499208,0,1,28.916917339525394,,35293.62,415940.54,7.821575387820817,92.1784246121792,2,0,1.63
367,2016,Arizona,AZ-05,Talia Fuentes,Andy Biggs,114940.0,205184.0,35.90483687571066,0,0,38.78328941645988,,15057.82,452132.13,3.223061626218629,96.77693837378138,0,0,1.63
368,2016,Arizona,AZ-06,John Williamson,David Schweikert,122866.0,201578.0,37.86970941056084,0,1,44.73968769378909,,1828.77,184977.0,0.9789686903140092,99.021031309686,0,0,1.63
369,2016,Arizona,AZ-07,Ruben Gallego,Eve Nunez,119465.0,39286.0,75.2530692720046,1,0,76.0087634512533,,568901.24,23911.26,95.96647169214548,4.033528307854507,5,0,1.63
370,2016,Arizona,AZ-09,Kyrsten Sinema,Dave Giles,169055.0,108350.0,60.94158360519818,1,0,58.70947968261056,,2232184.28,14691.21,99.34614934982446,0.6538506501755468,0,0,1.63
371,2016,Arkansas,AR-02,Dianne Curry,French Hill,111347.0,176472.0,38.686466147127184,0,1,44.30152599033482,,22935.2,1255061.69,1.794620955611246,98.20537904438876,1,0,1.63
372,2016,California,CA-01,Jim Reed,Doug LaMalfa,128588.0,185448.0,40.94689780789464,0,1,39.41357335486198,,75828.68,399853.75,15.941030237337122,84.05896976266287,2,0,1.63
373,2016,California,CA-02,Jared Huffman,Dale Mensing,254194.0,76572.0,76.85009946608781,1,0,74.72717460197927,,559633.89,3898.0,99.30829114213928,0.6917088578607327,0,0,1.63
374,2016,California,CA-03,John Garamendi,Eugene Cleek,152513.0,104453.0,59.351431706918426,1,0,56.746287927695285,,508626.22,163542.85,75.6693877628139,24.330612237186106,6,0,1.63
375,2016,California,CA-04,Robert Derlet,Tom McClintock,130845.0,220133.0,37.28011442312624,0,1,42.09405727387978,,81248.55,922464.55,8.094798204785809,91.90520179521418,2,0,1.63
376,2016,California,CA-05,Mike Thompson,Carlos Santamaria,224526.0,67565.0,76.8685101560815,1,0,74.00767616949318,,762704.33,2700.0,99.64724526708648,0.3527547329135178,6,0,1.63
377,2016,California,CA-06,Doris Matsui,Bob Evans,177565.0,57848.0,75.42701550041842,1,0,73.9090239927093,,282549.16,2805.0,99.01701100134652,0.9829889986534628,6,0,1.63
378,2016,California,CA-07,Ami Bera,Scott Jones,152133.0,145168.0,51.17137177473335,1,0,56.14457406067452,,2680204.38,945823.22,73.91571922949511,26.084280770504893,6,0,1.63
379,2016,California,CA-08,Rita Ramirez,Paul Cook,83035.0,136972.0,37.74198093697019,0,1,41.98217553186648,,5361.08,338410.0,1.5594912754150232,98.44050872458496,6,0,1.63
380,2016,California,CA-09,Jerry McNerney,Tony Amador,133163.0,98992.0,57.35952273265706,1,0,59.82113915001133,,730858.38,47971.0,93.84062784072168,6.159372159278327,6,0,1.63
381,2016,California,CA-10,Michael Eggman,Jeff Denham,116470.0,124671.0,48.29954259126404,0,1,51.594376441369526,,1195080.49,1075103.32,52.64245497372303,47.35754502627697,6,0,1.63
382,2016,California,CA-11,Mark DeSaulnier,Roger Petersen,214868.0,83341.0,72.0528220140908,1,0,75.92993872865353,,323974.34,7789.5,97.65209493596409,2.347905064035912,6,0,1.63
383,2016,California,CA-13,Barbara Lee,Sue Caro,293117.0,29754.0,90.78455482220453,1,0,92.77240528936755,,994434.51,3050.0,99.69423084073756,0.3057691592624331,6,0,1.63
384,2016,California,CA-14,Jackie Speier,Angel Cardenas,231630.0,54817.0,80.86312651205982,1,0,80.85384324788075,,507649.83,4105.06,99.19784645340664,0.8021535465933701,6,0,1.63
385,2016,California,CA-15,Eric Swalwell,Danny Turner,198578.0,70619.0,73.76679532089882,1,0,74.30351194299628,,1152727.12,532.75,99.95380486099806,0.0461951390019319,6,0,1.63
386,2016,California,CA-16,Jim Costa,Johnny Tacherra,97473.0,70483.0,58.03484245873919,1,0,61.443265530168354,,837375.0,512281.5,62.043564418057485,37.95643558194252,5,0,1.63
387,2016,California,CA-18,Anna Eshoo,Richard Fox,230460.0,93470.0,71.14500046306301,1,0,78.39291575187288,,713488.25,17837.93,97.56087905946428,2.439120940535726,0,0,1.63
388,2016,California,CA-19,Zoe Lofgren,Burt Lancaster,181802.0,64061.0,73.94443246848856,1,0,77.23222546145337,,868510.31,100.0,99.98848735746644,0.011512642533566,6,0,1.63
389,2016,California,CA-20,Jimmy Panetta,Casey Lucius,180980.0,74811.0,70.75307575325168,0,0,75.18401726242298,,1079044.71,408109.55,72.55768544145515,27.44231455854485,6,0,1.63
390,2016,California,CA-21,Emilio Huerta,David Valadao,57282.0,75126.0,43.26173645096973,0,1,58.20584638447276,,566815.3,1248328.32,31.22702213503084,68.77297786496916,5,0,1.63
391,2016,California,CA-22,Louie Campos,Devin Nunes,76211.0,158755.0,32.434905475685845,0,1,44.98704817025169,,0.0,677858.44,0.0,100.0,6,0,1.63
392,2016,California,CA-23,Wendy Reed,Kevin McCarthy,74468.0,167116.0,30.824889065501026,0,1,38.28669282292502,,22601.93,1343844.42,1.6540664037047632,98.34593359629524,6,0,1.63
393,2016,California,CA-24,Salud Carbajal,Justin Fareed,166034.0,144780.0,53.41908665632822,0,0,60.84554399620444,,2494082.6,2096376.98,54.33187149422629,45.66812850577371,0,0,1.63
394,2016,California,CA-25,Bryan Caforio,Steve Knight,122406.0,138755.0,46.86993846707587,0,1,53.55262132897094,,1173006.17,659741.8,64.00259005606756,35.997409943932446,6,0,1.63
395,2016,California,CA-26,Julia Brownley,Rafael Dagnesses,169248.0,111059.0,60.37951246312079,1,0,61.63219630971562,,2290350.61,164530.0,93.29784107097576,6.702158929024252,6,0,1.63
396,2016,California,CA-27,Judy Chu,Jack Orswell,168977.0,81655.0,67.42036132656644,1,0,69.94966496745856,,777415.83,175713.01,81.5646109292003,18.435389070799708,6,0,1.63
397,2016,California,CA-28,Adam Schiff,Lenore Solis,210883.0,59526.0,77.98667943744476,1,0,76.35625722776047,,513831.7,0.0,100.0,0.0,6,0,1.63
398,2016,California,CA-30,Brad Sherman,Mark Reed,205279.0,77325.0,72.63839153019774,1,0,72.91232351403173,,930137.46,0.0,100.0,0.0,6,0,1.63
399,2016,California,CA-31,Pete Aguilar,Paul Chabot,121070.0,94866.0,56.0675385299348,1,0,61.18862473975359,,1806312.66,557169.91,76.42589299907551,23.57410700092449,5,0,1.63
400,2016,California,CA-33,Ted Lieu,Kenneth Wright,219397.0,110822.0,66.43984749514716,1,0,71.91807916376975,,1556168.72,67427.0,95.84705729576572,4.152942704234278,0,0,1.63
401,2016,California,CA-35,Norma Torres,Tyler Fischella,124044.0,47309.0,72.39091232718422,1,0,71.54088666640534,,168924.46,2740.29,98.4036967403034,1.596303259696589,5,0,1.63
402,2016,California,CA-36,Raul Ruiz,Jeff Stone,144348.0,88269.0,62.05393414926682,1,0,54.57226488454723,,2125195.28,279741.44,88.36803323457093,11.631966765429071,6,0,1.63
403,2016,California,CA-38,Linda Sanchez,Ryan Downing,163590.0,68524.0,70.47829945630164,1,0,70.95796497009694,,323516.54,0.0,100.0,0.0,5,0,1.63
404,2016,California,CA-39,Brett Murdock,Ed Royce,112679.0,150777.0,42.7695706303899,0,1,54.56165470872956,,46050.99,2940800.78,1.5417902710317626,98.45820972896824,6,0,1.63
405,2016,California,CA-41,Mark Takano,Doug Shepherd,128164.0,69159.0,64.95137414290275,1,0,64.8084715210838,,742940.86,80929.0,90.17696799831954,9.82303200168046,5,0,1.63
406,2016,California,CA-42,Tim Sheridan,Ken Calvert,104689.0,149547.0,41.177881967935306,0,1,43.69351654488395,,75314.94,702944.0,9.67736265258964,90.32263734741038,6,0,1.63
407,2016,California,CA-43,Maxine Waters,Omar Navarro,167017.0,52499.0,76.08420342936279,1,0,82.45225263290376,,147428.76,2846.0,98.10613572099533,1.8938642790046711,5,0,1.63
408,2016,California,CA-45,Ron Varasteh,Mimi Walters,129231.0,182618.0,41.44024832531129,0,1,52.88707587527103,,14203.49,406408.08,3.376866214117695,96.6231337858823,6,0,1.63
409,2016,California,CA-47,Alan Lowenthal,Andy Whallon,154759.0,88109.0,63.72144539420591,1,0,66.86219797027759,,285225.61,8213.0,97.20111814869897,2.7988818513010267,6,0,1.63
410,2016,California,CA-48,Suzanne Savary,Dana Rohrabacher,127715.0,178701.0,41.68026473813378,0,1,50.91082610588353,,96243.88,802689.36,10.706454686223418,89.29354531377658,6,0,1.63
411,2016,California,CA-49,Doug Applegate,Darrell Issa,154267.0,155888.0,49.73867904757299,0,1,53.988535823007766,,1756793.91,1436803.26,55.00987809304703,44.990121906952965,0,0,1.63
412,2016,California,CA-50,Patrick Malloy,Duncan Hunter,103646.0,179937.0,36.54873529090249,0,1,42.02752406723591,,17219.66,293229.14,5.5466988437384845,94.45330115626152,0,0,1.63
413,2016,California,CA-51,Juan Vargas,Juan Hidalgo,145162.0,54362.0,72.75415488863494,1,0,75.9165346555023,,224522.32,71936.68,75.73469518550627,24.26530481449374,5,0,1.63
414,2016,California,CA-52,Scott Peters,Denise Gitsham,181253.0,139403.0,56.52568484606556,1,0,62.04155884584704,,1909374.06,1186728.34,61.67024902018744,38.32975097981255,0,0,1.63
415,2016,California,CA-53,Susan Davis,James Veltmeyer,198988.0,97968.0,67.00925389620011,1,0,68.56046209841162,,153373.73,110386.07,58.149016643173056,41.85098335682692,6,0,1.63
416,2016,Colorado,CO-01,Diana DeGette,Charles Stockham,257254.0,105030.0,71.00893221892217,1,0,74.8203492819358,,534656.31,9592.88,98.23741033036724,1.7625896696327648,0,0,1.63
417,2016,Colorado,CO-02,Jared Polis,Nicholas Morse,260175.0,170001.0,60.48105891542066,1,0,61.65799853398024,,904592.85,47375.48,95.02341847863784,4.976581521362166,0,0,1.63
418,2016,Colorado,CO-03,Gail Schwartz,Scott Tipton,150914.0,204220.0,42.49494556984124,0,1,43.52939142362322,,1329069.03,976859.7,57.63703850465491,42.36296149534509,2,0,1.63
419,2016,Colorado,CO-04,Bob Seay,Ken Buck,123642.0,248230.0,33.24853713105585,0,1,37.36728057733457,,57982.78,554568.08,9.46579031821129,90.5342096817887,0,0,1.63
420,2016,Colorado,CO-05,Misty Plowright,Doug Lamborn,111676.0,225445.0,33.12638488851184,0,1,36.75657180261533,,12682.83,152901.14,7.65945519967905,92.34054480032096,0,0,1.63
421,2016,Colorado,CO-06,Morgan Carroll,Mike Coffman,160372.0,191626.0,45.560486139125786,0,1,54.87975785005772,,2620139.46,2133858.96,55.11443691224449,44.88556308775551,0,0,1.63
422,2016,Colorado,CO-07,Ed Perlmutter,George Athanasopoulos,199758.0,144066.0,58.0989110707804,1,0,56.61098735754463,,698429.77,49881.0,93.3341865439141,6.665813456085898,0,0,1.63
423,2016,Connecticut,CT-01,John Larson,Matthew Corey,200686.0,105674.0,65.50659355007181,1,0,62.06069272322847,,487250.56,13322.11,97.33862617789342,2.6613738221065883,0,0,1.63
424,2016,Connecticut,CT-02,Joe Courtney,Daria Irene Novak,208818.0,111149.0,65.26235518037797,1,0,51.526537259070025,,472196.54,39598.74,92.2627774136565,7.737222586343509,2,0,1.63
425,2016,Connecticut,CT-03,Rosa DeLauro,Angel Cadena,213572.0,95786.0,69.03716729484934,1,0,58.04777275661718,,556966.37,0.0,100.0,0.0,0,0,1.63
426,2016,Connecticut,CT-04,Jim Himes,John Shaban,187811.0,125724.0,59.90112746583316,1,0,61.969125431895264,,1075373.56,149811.5,87.77233702147821,12.227662978521792,0,0,1.63
427,2016,Connecticut,CT-05,Elizabeth Esty,Clay Cope,179252.0,129801.0,58.00040769706168,1,0,52.142258520658935,,1331376.39,103966.1,92.75670435980751,7.243295640192468,0,0,1.63
428,2016,Delaware,DE-00,Lisa Blunt Rochester,Hans Reigle,233554.0,172301.0,57.546167966391934,0,0,55.998621443681216,,739011.19,188140.66,79.70767571676635,20.292324283233647,0,0,1.63
429,2016,Florida,FL-01,Steven Specht,Matt Gaetz,114079.0,255107.0,30.9001424756085,0,0,29.43943993488638,,51391.3,707610.23,6.770908617272485,93.22909138272752,0,0,1.63
430,2016,Florida,FL-02,Walter Dartland,Neal Dunn,102801.0,231163.0,30.78206034183325,0,0,31.6145122472914,,53190.0,1031982.42,4.901525234119017,95.098474765881,2,0,1.63
431,2016,Florida,FL-03,Kenneth McGurn,Ted Yoho,136338.0,193843.0,41.29189747441554,0,1,41.71939558493684,,272081.92,635570.07,29.97645826788745,70.02354173211253,1,0,1.63
432,2016,Florida,FL-04,David E. Bruderly,John Rutherford,113088.0,287509.0,28.229866923616505,0,0,35.43147859068165,,38128.45,605880.38,5.920485593341942,94.07951440665806,0,0,1.63
433,2016,Florida,FL-05,Al Lawson,Glo Smith,194549.0,108325.0,64.23430205299894,0,0,63.08242545020225,,216096.92,83176.6,72.20716353388032,27.79283646611969,3,0,1.63
434,2016,Florida,FL-06,William McCullough,Ron DeSantis,151051.0,213519.0,41.43264667965,0,1,41.22359102217239,,8225.0,4303692.19,0.1907504165217978,99.8092495834782,0,0,1.63
435,2016,Florida,FL-07,Stephanie Murphy,John Mica,182039.0,171583.0,51.478414804508766,0,1,53.81736613269672,,632642.97,777737.33,44.856197296573136,55.14380270342687,0,0,1.63
436,2016,Florida,FL-08,Corry Westbrook,Bill Posey,127127.0,246483.0,34.0266588153422,0,1,39.21981039216702,,26964.65,484413.04,5.272942196598369,94.72705780340162,0,0,1.63
437,2016,Florida,FL-09,Darren Soto,Wayne Liebnitzky,195311.0,144450.0,57.4848202118548,0,0,56.67440241355303,,712905.88,16627.0,97.72087037393024,2.279129626069767,6,0,1.63
438,2016,Florida,FL-10,Val Demings,Thuy Lowe,198491.0,107498.0,64.86867174963807,0,0,63.91362509672258,,140341.0,17612.0,88.84984773951746,11.15015226048255,6,0,1.63
439,2016,Florida,FL-11,Dave Koller,Daniel Webster,124713.0,258016.0,32.58519735896679,0,0,33.386706162560294,,39745.28,0.0,100.0,0.0,2,0,1.63
440,2016,Florida,FL-12,Robert Matthew Tager,Gus Michael Bilirakis,116110.0,253559.0,31.40917956333909,0,1,40.344194885404896,,7918.0,620183.29,1.2606246995607984,98.7393753004392,0,0,1.63
441,2016,Florida,FL-13,Charlie Crist,David Jolly,184693.0,171149.0,51.90309182165118,0,1,51.6670517560074,,1373006.6,1337333.72,50.65808857538598,49.341911424614,0,0,1.63
442,2016,Florida,FL-14,Kathy Castor,Christine Quinn,195789.0,121088.0,61.787065643767136,1,0,59.45534159985142,,301761.17,7660.0,97.52440985211192,2.4755901478880715,6,0,1.63
443,2016,Florida,FL-15,Jim Lange,Dennis Ross,135475.0,182999.0,42.53879437567902,0,1,44.80985521655378,,25357.23,267502.04,8.658503451162739,91.34149654883728,0,0,1.63
444,2016,Florida,FL-16,Jan Schneider,Vern Buchanan,155262.0,230654.0,40.23207122793561,0,1,44.41913617729918,,41714.05,901459.46,4.422733416251269,95.57726658374872,0,0,1.63
445,2016,Florida,FL-17,April Freeman,Tom Rooney,115974.0,209348.0,35.64898777211501,0,1,36.01511298408777,,117570.66,127826.54,47.91035105535026,52.08964894464973,0,0,1.63
446,2016,Florida,FL-18,Randy Perkins,Brian Mast,161918.0,201488.0,44.55567602075915,0,0,45.27125203784825,,686928.19,2386588.22,22.34991125360544,77.65008874639456,0,0,1.63
447,2016,Florida,FL-19,Robert Neeld,Francis Rooney,123812.0,239225.0,34.10451276316188,0,0,38.63868488886728,,2890.0,999633.5,0.2882725442346239,99.71172745576536,0,0,1.63
448,2016,Florida,FL-20,Alcee Hastings,Gary Stein,222914.0,54646.0,80.3120046116155,1,0,81.59184349314947,,436506.0,0.0,100.0,0.0,3,0,1.63
449,2016,Florida,FL-21,Lois Frankel,Paul Spain,210606.0,118038.0,64.08332420491473,1,0,60.00046548298224,,1073063.98,4750.68,99.55923034114234,0.4407696588576742,0,0,1.63
450,2016,Florida,FL-22,Ted Deutch,Andrea Leigh McGee,199113.0,138737.0,58.93532632825218,1,0,58.05073684029342,,1097791.68,22467.19,97.99446444016998,2.005535559830024,0,0,1.63
451,2016,Florida,FL-23,Debbie Wasserman Schultz,Joe Kaufman,183225.0,130818.0,58.34392105539688,1,0,63.34844233834072,,2851940.8,126975.4,95.73753031387724,4.262469686122759,6,0,1.63
452,2016,Florida,FL-25,Alina Valdes,Mario Diaz-Balart,95319.0,157921.0,37.63978834307377,0,1,49.098597991371655,,23108.9,424077.53,5.16762103000308,94.83237896999692,5,0,1.63
453,2016,Florida,FL-26,Joe Garcia,Carlos Curbelo,115493.0,148547.0,43.7407211028632,0,1,58.35775979989839,,1049064.53,1725922.25,37.80430730556489,62.1956926944351,5,0,1.63
454,2016,Florida,FL-27,Scott Fuhrman,Ileana Ros-Lehtinen,129760.0,157917.0,45.106143348269065,0,1,60.05670021314313,,97352.0,902192.36,9.739637768552864,90.26036223144712,5,0,1.63
455,2016,Georgia,GA-02,Sanford Bishop,Greg Duke,148543.0,94056.0,61.22984843301086,1,0,55.96638448666207,,302972.51,33820.0,89.9582089874861,10.041791012513906,3,0,1.63
456,2016,Georgia,GA-03,Angela Pendley,Drew Ferguson,95969.0,207218.0,31.65340202581245,0,0,33.73912986039323,,0.0,734140.5,0.0,100.0,1,0,1.63
457,2016,Georgia,GA-04,Hank Johnson,Victor Armendariz,220146.0,70593.0,75.71945972160597,1,0,77.19743255303082,,62265.39,875.0,98.61419924710631,1.3858007528936709,3,0,1.63
458,2016,Georgia,GA-05,John Robert Lewis,Douglas Bell,253781.0,46768.0,84.43914303491277,1,0,87.71565549140755,,471872.31,6033.0,98.73761603527694,1.2623839647230537,3,0,1.63
459,2016,Georgia,GA-06,Rodney Stooksbury,Tom Price,124917.0,201088.0,38.31751046763087,0,1,49.21532597691519,,0.0,941047.68,0.0,100.0,0,0,1.63
460,2016,Georgia,GA-07,Rashid Malik,Rob Woodall,114220.0,174081.0,39.6183155798974,0,1,46.6709326620872,,0.0,219078.0,0.0,100.0,6,0,1.63
461,2016,Georgia,GA-08,James Neal Harris,Austin Scott,83225.0,173983.0,32.357080650679606,0,1,35.19897670225349,,0.0,318806.35,0.0,100.0,1,0,1.63
462,2016,Georgia,GA-11,Don Wilson,Barry Loudermilk,105383.0,217935.0,32.59422611793961,0,1,36.938814349605096,,0.0,334357.91,0.0,100.0,0,0,1.63
463,2016,Georgia,GA-12,Patricia McCracken,Rick Allen,99420.0,159492.0,38.399147200593255,0,1,41.7157780662554,,0.0,618864.5,0.0,100.0,1,0,1.63
464,2016,Hawaii,HI-01,Colleen Hanabusa,Shirlene Ostrov,145417.0,45958.0,75.98536903984325,0,0,67.3773127472247,,668660.51,0.0,100.0,0.0,4,0,1.63
465,2016,Hawaii,HI-02,Tulsi Gabbard,Angela Kaaihue,170848.0,39668.0,81.15677668205741,1,0,67.50411634878611,,1734809.33,0.0,100.0,0.0,4,0,1.63
466,2016,Idaho,ID-01,James Piotrowski,Raul Labrador,113052.0,242252.0,31.818386508454733,0,1,28.49793018188176,,228761.99,274383.93,45.4663311192109,54.5336688807891,2,0,1.63
467,2016,Idaho,ID-02,Jennifer Martinez,Mike Simpson,95940.0,205292.0,31.84920592765709,0,1,35.360966887131866,,0.0,274836.6,0.0,100.0,2,0,1.63
468,2016,Illinois,IL-01,Bobby Rush,August Deuser,234037.0,81817.0,74.0965762662496,1,0,77.85249347820582,,121080.0,6420.0,94.96470588235294,5.035294117647059,3,0,1.63
469,2016,Illinois,IL-02,Robin Kelly,John F. Morrow,235051.0,59471.0,79.80762048335947,1,0,80.31416454622561,,423880.35,0.0,100.0,0.0,3,0,1.63
470,2016,Illinois,IL-05,Mike Quigley,Vince Kolber,212842.0,86222.0,71.16938180456357,1,0,74.65341584254853,,444475.29,23164.99,95.04640832051508,4.953591679484924,0,0,1.63
471,2016,Illinois,IL-06,Amanda Howland,Peter Roskam,143591.0,208555.0,40.77598496078331,0,1,53.73221942164139,,82693.41,1392661.62,5.604983771262162,94.39501622873784,0,0,1.63
472,2016,Illinois,IL-07,Danny K Davis,Jeffrey A Leef,250584.0,46882.0,84.23954334276858,1,0,90.46316070475172,,57587.8,0.0,100.0,0.0,3,0,1.63
473,2016,Illinois,IL-08,Raja Krishnamoorthi,Pete DiCianni,144954.0,103617.0,58.31492812918643,0,0,61.46691601806277,,2975414.21,274213.56,91.56169323356072,8.438306766439284,0,0,1.63
474,2016,Illinois,IL-09,Jan Schakowsky,Joan McCarthy Lasonde,217306.0,109550.0,66.48371148150868,1,0,73.81631488876212,,983587.15,191948.18,83.67142398008573,16.328576019914262,0,0,1.63
475,2016,Illinois,IL-10,Brad Schneider,Robert Dold,150435.0,135535.0,52.605168374305,0,1,65.52378510065392,,4240872.28,3030284.67,58.324587258427975,41.675412741572025,0,0,1.63
476,2016,Illinois,IL-11,Bill Foster,Tonia Khouri,166578.0,108995.0,60.44786680843188,1,0,62.42302908969576,,2210647.19,390982.25,84.97163954294736,15.02836045705264,0,0,1.63
477,2016,Illinois,IL-12,Charles Baricevic,Mike Bost,124246.0,169976.0,42.22865727239975,0,1,42.20059232637849,,809825.16,1208172.73,40.13012917471385,59.86987082528614,1,0,1.63
478,2016,Illinois,IL-13,Mark Wicklund,Rodney Davis,126811.0,187583.0,40.33505728480824,0,1,47.09336758120005,,8987.84,757667.6,1.1723441237174292,98.82765587628258,0,0,1.63
479,2016,Illinois,IL-14,Jim Walz,Randy Hultgren,137589.0,200508.0,40.69512595497742,0,1,47.92134114652219,,19669.33,306414.73,6.031981446747198,93.9680185532528,0,0,1.63
480,2016,Illinois,IL-17,Cheri Bustos,Patrick Harlan,173125.0,113943.0,60.308010645561325,1,0,49.62631844038872,,2118710.96,0.0,100.0,0.0,2,0,1.63
481,2016,Illinois,IL-18,Junius Rodriguez,Darin LaHood,96770.0,250506.0,27.865444200002305,0,1,35.41480683864516,,27339.44,1418497.33,1.8909077820727995,98.1090922179272,2,0,1.63
482,2016,Indiana,IN-02,Lynn Coleman,Jackie Walorski,102401.0,164355.0,38.38751518241389,0,1,37.82614480962609,,501965.08,1000001.88,33.42051412369284,66.57948587630716,2,0,1.63
483,2016,Indiana,IN-03,Tommy Schrader,Jim Banks,66023.0,201396.0,24.68897123988946,0,0,31.62763356245898,,0.0,1392377.8,0.0,100.0,2,0,1.63
484,2016,Indiana,IN-04,John Dale,Todd Rokita,91256.0,193412.0,32.056992707294114,0,1,31.948319255662867,,0.0,903422.77,0.0,100.0,2,0,1.63
485,2016,Indiana,IN-05,Angela Demaree,Susan Brooks,123849.0,221957.0,35.8145896832328,0,1,43.74455360707864,,105819.84,733033.42,12.614821333590571,87.38517866640943,0,0,1.63
486,2016,Indiana,IN-06,Barry Welsh,Luke Messer,79135.0,204920.0,27.85904138283079,0,1,28.782354767694603,,2002.34,821381.59,0.2431842457746291,99.75681575422536,2,0,1.63
487,2016,Indiana,IN-07,Andre Carson,Catherine Ping,158739.0,94456.0,62.6943660024882,1,0,61.99379422409923,,478006.97,4780.0,99.00991528416768,0.9900847158323268,0,0,1.63
488,2016,Indiana,IN-08,Ron Drake,Larry Bucshon,93356.0,187702.0,33.21591984572579,0,1,32.34253681974862,,2770.0,286282.0,0.9583050800548,99.0416949199452,2,0,1.63
489,2016,Indiana,IN-09,Shelli Yoder,Trey Hollingsworth,130627.0,174791.0,42.769908780752935,0,0,35.8792782587588,,1065454.54,128473.74,89.23940891993948,10.76059108006052,2,0,1.63
490,2016,Iowa,IA-01,Monica Vernon,Rod Blum,177403.0,206903.0,46.16191264252965,0,1,48.10938969055308,,2063984.04,1205117.25,63.13612999124907,36.863870008750936,2,0,1.63
491,2016,Iowa,IA-02,Dave Loebsack,Christopher Peters,198571.0,170933.0,53.73987832337404,1,0,47.81790693767849,,664698.5,85777.21,88.57028830420109,11.429711695798924,2,0,1.63
492,2016,Iowa,IA-03,Jim Mowrer,David Young,155002.0,208598.0,42.62981298129813,0,1,48.11590822341915,,1609276.84,912796.32,63.80769858396971,36.19230141603029,2,0,1.63
493,2016,Iowa,IA-04,Kim Weaver,Steve King,142993.0,226719.0,38.6768619898732,0,1,35.524356579204195,,135148.39,642101.29,17.3880277441864,82.6119722558136,2,0,1.63
494,2016,Kansas,KS-02,Britani Potter,Lynn Jenkins,96840.0,181228.0,34.826013780801816,0,1,40.129755148841056,,0.0,805294.95,0.0,100.0,2,0,1.63
495,2016,Kansas,KS-03,Jay Sidie,Kevin Yoder,139300.0,176022.0,44.17706344625494,0,1,50.65483416618829,,432491.67,1495770.6,22.429089482728923,77.57091051727109,0,0,1.63
496,2016,Kansas,KS-04,Daniel Giroux,Michael Pompeo,81495.0,166998.0,32.7956924339921,0,1,35.39426208039655,,227498.0,543765.0,29.496812371396008,70.503187628604,0,0,1.63
497,2016,Kentucky,KY-01,Samuel Gaskins,James Comer,81710.0,216959.0,27.35804519384335,0,0,24.82264519669652,,12108.02,715626.07,1.6637972806798154,98.33620271932018,2,0,1.63
498,2016,Kentucky,KY-03,John Yarmuth,Harold Bratcher,212401.0,122093.0,63.49919580022362,1,0,57.88719151748727,,252710.21,7525.0,97.10838514127276,2.891614858727226,0,0,1.63
499,2016,Kentucky,KY-04,Calvin Sidle,Thomas Massie,94065.0,233922.0,28.679490345653942,0,1,30.98617204699557,,0.0,306782.34,0.0,100.0,2,0,1.63
500,2016,Kentucky,KY-06,Nancy Jo Kemper,Andy Barr,128728.0,202099.0,38.910971595426005,0,1,41.88448432095772,,414132.8,1388449.05,22.974424157216493,77.0255758427835,2,0,1.63
501,2016,Louisiana,LA-01,Joe Swider,Steve Scalise,63785.0,243645.0,20.74781251016492,0,1,27.98462696573707,,10.0,477853.21,0.0020926490658278,99.99790735093416,0,0,1.63
502,2016,Louisiana,LA-03,"['Jacob \\""Dorian Phibian\\"" Hebert', 'Larry Rader']","['Brett Geymann', 'Bryan Barrilleaux', 'Clay Higgins', 'Grover Joseph Rees', 'Herman L Vidrine', 'Scott A Angelle', '\\""Greg\\"" Ellison', '\\""Gus\\"" Rantz']",56215.0,220621.0,20.306246297446865,0,0,30.26070313773554,,11360.0,2516081.01,0.449466474392611,99.5505335256074,1,0,1.63
503,2016,Louisiana,LA-04,Marshall Jones,Mike Johnson,46579.0,216540.0,17.70263644966726,0,1,37.664095407912754,,99967.0,4048939.32,2.4094783610346737,97.59052163896531,1,0,1.63
504,2016,Louisiana,LA-06,Various Democrats,Garret Graves*,79202.0,241075.0,24.729218770002216,0,1,32.3648836834313,,0.0,1066478.41,0.0,100.0,1,0,1.63
505,2016,Maine,ME-01,Chellie Pingree,Mark Holbrook,227546.0,164569.0,58.03042474784184,1,0,57.94503238035066,,400839.26,76946.92,83.8951139189501,16.104886081049898,2,0,1.63
506,2016,Maine,ME-02,Emily Cain,Bruce Poliquin,159081.0,192878.0,45.19873053395424,0,1,44.449146046055255,,2720390.28,1591576.4,63.08931589424991,36.9106841057501,2,0,1.63
507,2016,Maryland,MD-01,Joe Werner,Andy Harris,103622.0,242574.0,29.93159944077921,0,1,35.02366154119227,,0.0,807697.97,0.0,100.0,2,0,1.63
508,2016,Maryland,MD-02,Dutch Ruppersberger,Pat McDonough,192183.0,102577.0,65.19982358528974,1,0,62.73417168285754,,512348.77,237244.14,68.35026894798138,31.64973105201862,0,0,1.63
509,2016,Maryland,MD-03,John Sarbanes,Mark Plaster,214640.0,115048.0,65.10397709349446,1,0,66.05355577756394,,948320.52,316596.76,74.97095146016188,25.029048539838115,0,0,1.63
510,2016,Maryland,MD-04,Anthony Brown,George McDermott,237501.0,68670.0,77.57135718275082,0,0,79.65924134055867,,802321.4,0.0,100.0,0.0,3,0,1.63
511,2016,Maryland,MD-05,Steny Hoyer,Mark Arness,242989.0,105931.0,69.64031869769575,1,0,66.61684646710009,,972700.13,9776.0,99.00496310276768,0.9950368972323022,3,0,1.63
512,2016,Maryland,MD-06,John Delaney,Amie Hoeber,185770.0,133081.0,58.26232315407511,1,0,57.85875790441405,,919126.86,291948.32,75.89346022267586,24.106539777324148,0,0,1.63
513,2016,Maryland,MD-07,Elijah Cummings,Corrogan Vaughn,238838.0,69556.0,77.44573500132947,1,0,78.94467163273976,,447950.15,0.0,100.0,0.0,3,0,1.63
514,2016,Maryland,MD-08,Jamie Raskin,Dan Cox,220657.0,124651.0,63.90150242681896,0,0,68.0113841965296,,2251666.27,51714.22,97.75485551672791,2.245144483272062,0,0,1.63
515,2016,Massachusetts,MA-03,Niki Tsongas,Ann Wofford,236713.0,107519.0,68.76554184387274,1,0,62.19816793799552,,781470.38,21861.53,97.2786428961847,2.721357103815284,0,0,1.63
516,2016,Massachusetts,MA-04,Joseph Kennedy III,David Rosa,265823.0,113055.0,70.16057939495035,1,0,62.82678262126717,,2018597.57,3640.49,99.81997717914577,0.1800228208542371,0,0,1.63
517,2016,Massachusetts,MA-08,Stephen Lynch,William Burke,271019.0,102744.0,72.51092269700318,1,0,63.73794699432476,,848114.66,2891.0,99.66028428060044,0.3397157193995631,0,0,1.63
518,2016,Massachusetts,MA-09,Bill Keating,Mark Alliegro,211790.0,127803.0,62.365832040118605,1,0,55.67920828548524,,605698.21,206540.82,74.57142388244996,25.42857611755003,0,0,1.63
519,2016,Michigan,MI-01,Lon Johnson,Jack Bergman,144334.0,197777.0,42.18923098058817,0,0,38.725044251131344,,1508916.72,590453.05,71.87474743908501,28.125252560914987,2,0,1.63
520,2016,Michigan,MI-02,Dennis Murphy,Bill Huizenga,110391.0,212508.0,34.18747038547657,0,1,40.674937050912,,6141.25,430957.46,1.4050030026398386,98.59499699736016,2,0,1.63
521,2016,Michigan,MI-03,Douglas Smith,Justin Amash,128400.0,203545.0,38.68110680986308,0,1,44.96237113716682,,7184.5,637088.28,1.1151332514777357,98.88486674852226,2,0,1.63
522,2016,Michigan,MI-04,Debra Wirth,John Moolenaar,101277.0,194572.0,34.23266598839273,0,1,36.81980078869303,,2125.0,500797.53,0.4225302851315887,99.5774697148684,2,0,1.63
523,2016,Michigan,MI-05,Dan Kildee,Al Hardwick,195279.0,112102.0,63.52995142835765,1,0,52.24246154635276,,455193.77,0.0,100.0,0.0,1,0,1.63
524,2016,Michigan,MI-06,Paul Clements,Fred Upton,119980.0,193259.0,38.30302101590159,0,1,45.52026588275185,,1118992.5,840703.0,57.10032502498474,42.89967497501525,2,0,1.63
525,2016,Michigan,MI-07,Gretchen Driskell,Tim Walberg,134010.0,184321.0,42.09769076841401,0,1,40.958094271545136,,1859815.98,1105532.19,62.71830063044502,37.28169936955498,2,0,1.63
526,2016,Michigan,MI-08,Suzanna Shkreli,Mike Bishop,143791.0,205629.0,41.15133650048652,0,1,46.407979070180936,,635404.93,716671.92,46.99473480372066,53.00526519627934,0,0,1.63
527,2016,Michigan,MI-09,Sander Levin,Christopher Morse,199661.0,128937.0,60.76147755007638,1,0,54.05808398438653,,252813.1,0.0,100.0,0.0,0,0,1.63
528,2016,Michigan,MI-10,Frank Accavitti Jr.,Paul Mitchell,110112.0,215132.0,33.855197943697654,0,0,33.13396007455251,,15075.82,162033.09,8.512174796852399,91.4878252031476,2,0,1.63
529,2016,Michigan,MI-11,Anil Kumar,Dave Trott,152461.0,200872.0,43.149380329604085,0,1,47.69755619459971,,382195.78,835430.73,31.388588936027684,68.61141106397231,0,0,1.63
530,2016,Michigan,MI-12,Debbie Dingell,Jeff Jones,211378.0,96104.0,68.74483709615522,1,0,63.82143299863642,,588277.18,19201.0,96.83922803614117,3.16077196385885,0,0,1.63
531,2016,Michigan,MI-13,John Conyers,Jeff Gorman (Michigan),198771.0,40541.0,83.05935347997593,1,0,81.29548706145808,,183986.97,0.0,100.0,0.0,3,0,1.63
532,2016,Michigan,MI-14,Brenda Lawrence,Howard Klausner,244135.0,58103.0,80.77574626618758,1,0,81.2667838720272,,353429.21,0.0,100.0,0.0,3,0,1.63
533,2016,Minnesota,MN-01,Tim Walz,Jim Hagedorn,169071.0,166524.0,50.37947526035846,1,0,41.868867568276805,,774075.21,319048.1,70.81316471057598,29.186835289424025,2,0,1.63
534,2016,Minnesota,MN-02,Angie Craig,Jason Lewis,167315.0,173970.0,49.02500842404442,0,0,49.34887955424179,,2281135.35,770697.68,74.74640085404673,25.25359914595328,0,0,1.63
535,2016,Minnesota,MN-03,Terri Bonoff,Erik Paulsen,169238.0,223075.0,43.138514400491445,0,1,55.131770156135616,,1631431.07,2505856.36,39.43238408263068,60.56761591736933,0,0,1.63
536,2016,Minnesota,MN-04,Betty McCollum,Greg Ryan,203299.0,121033.0,62.68237485046188,1,0,66.81364675817845,,414959.22,25511.0,94.20823500848708,5.791764991512935,0,0,1.63
537,2016,Minnesota,MN-05,Keith Ellison,Frank Nelson Drake,249957.0,80660.0,75.60319039855786,1,0,79.95683415365988,,2398981.82,0.0,100.0,0.0,0,0,1.63
538,2016,Minnesota,MN-06,David Snyder,Tom Emmer,123010.0,235385.0,34.32246543618075,0,1,36.07429616087751,,0.0,935351.39,0.0,100.0,2,0,1.63
539,2016,Minnesota,MN-07,Collin Peterson,Dave Hughes,173572.0,156944.0,52.515460673613376,1,0,33.43105879193429,,196241.04,15645.46,92.61611287174972,7.383887128250266,2,0,1.63
540,2016,Minnesota,MN-08,Rick Nolan,Stewart Mills,179097.0,177088.0,50.28201636789871,1,0,41.585693549741485,,1878996.16,1069993.45,63.71660834708739,36.283391652912606,2,0,1.63
541,2016,Mississippi,MS-01,Jacob Owens,Trent Kelly,83947.0,206455.0,28.90717006081225,0,1,33.15740637153932,,0.0,567829.85,0.0,100.0,1,0,1.63
542,2016,Mississippi,MS-02,Bennie Thompson,John Bouie II,192343.0,83542.0,69.7185421461841,1,0,64.39777468706536,,158570.65,0.0,100.0,0.0,3,0,1.63
543,2016,Mississippi,MS-03,Dennis Quinn,Gregg Harper,96101.0,209490.0,31.447588443376933,0,1,37.49838651282132,,0.0,431145.0,0.0,100.0,1,0,1.63
544,2016,Mississippi,MS-04,Mark Gladney,Steven Palazzo,77505.0,181323.0,29.944596411516528,0,1,28.928756003859817,,33656.0,235101.28,12.522823567793214,87.47717643220678,1,0,1.63
545,2016,Missouri,MO-01,Lacy Clay,Steven Bailey,236993.0,62714.0,79.07489648223098,1,0,80.36330626332683,,67276.34,0.0,100.0,0.0,3,0,1.63
546,2016,Missouri,MO-02,Bill Otto,Ann Wagner,155689.0,241954.0,39.15295880978667,0,1,44.58015152237578,,352815.7,1071640.7,24.768445001194845,75.23155499880517,0,0,1.63
547,2016,Missouri,MO-03,Kevin Miller,Blaine Luetkemeyer,102891.0,249865.0,29.16775334792321,0,1,29.500926367640368,,0.0,539281.27,0.0,100.0,2,0,1.63
548,2016,Missouri,MO-04,Gordon Christensen,Vicky Hartzler,92510.0,225348.0,29.104191179709176,0,1,31.00687564827985,,177312.08,503474.0,26.04519763388817,73.95480236611183,2,0,1.63
549,2016,Missouri,MO-05,Emanuel Cleaver,Jacob Turk,190766.0,123771.0,60.64978047097797,1,0,57.11917231629342,,249520.88,123750.0,66.84713257031999,33.15286742968002,0,0,1.63
550,2016,Missouri,MO-06,David Blackwell,Sam Graves,99692.0,238388.0,29.487695220066257,0,1,33.40657243963736,,0.0,285313.05,0.0,100.0,2,0,1.63
551,2016,Missouri,MO-07,Genevieve Williams,Billy Long,92756.0,228692.0,28.85567805679301,0,1,25.96636820266433,,20277.3,512988.71,3.80247374101342,96.19752625898656,2,0,1.63
552,2016,Missouri,MO-08,Dave Cowell,Jason Smith,70009.0,229792.0,23.351823376172863,0,1,21.81166890683927,,0.0,551291.73,0.0,100.0,2,0,1.63
553,2016,Montana,MT-00,Denise Juneau,Ryan Zinke,205919.0,285358.0,41.91504996163061,0,1,38.89033568297556,,2380973.81,4597090.03,34.12083730664178,65.87916269335823,2,0,1.63
554,2016,Nebraska,NE-01,Daniel Wik,Jeff Fortenberry,83467.0,189771.0,30.54736164076739,0,1,38.672537974708014,,0.0,460812.4,0.0,100.0,2,0,1.63
555,2016,Nebraska,NE-02,Brad Ashford,Don Bacon,137602.0,141066.0,49.37847187334032,1,0,48.80792828210627,,1229955.55,1027119.25,54.49334466008836,45.506655339911646,0,0,1.63
556,2016,Nevada,NV-01,Dina Titus,Mary Perry,116537.0,54174.0,68.26566536427062,1,0,65.38312297228839,,439281.93,6920.69,98.44898042059906,1.5510195794009456,6,0,1.63
557,2016,Nevada,NV-02,Chip Evans,Mark Amodei,115722.0,182676.0,38.78109102607926,0,1,43.25754560142365,,0.0,463982.94,0.0,100.0,0,0,1.63
558,2016,Nevada,NV-03,Jacky Rosen,Danny Tarkanian,146869.0,142926.0,50.68030849393536,0,0,49.46746875479408,,1158375.65,1479435.53,43.91427478899381,56.0857252110062,6,0,1.63
559,2016,Nevada,NV-04,Ruben Kihuen,Cresent Hardy,128985.0,118328.0,52.154557180576845,0,1,52.62814359761951,,1592392.68,871829.19,64.62050756817607,35.37949243182392,6,0,1.63
560,2016,New Hampshire,NH-01,Carol Shea-Porter,Frank Guinta,162080.0,157176.0,50.76803568296289,0,1,49.16123799287016,,1024242.71,643906.09,61.3999608428217,38.60003915717831,2,0,1.63
561,2016,New Hampshire,NH-02,Annie Kuster,Jim Lawrence,174371.0,158825.0,52.33286113878918,1,0,51.26582834132737,,1982252.21,81942.61,96.0302870055647,3.969712994435283,2,0,1.63
562,2016,New Jersey,NJ-01,Donald Norcross,Bob Patterson,183231.0,112388.0,61.98214593784568,1,0,62.64759666442535,,1299124.02,192336.93,87.1041256561226,12.895874343877392,0,0,1.63
563,2016,New Jersey,NJ-02,David Cole,Frank LoBiondo,110838.0,176338.0,38.59584366381591,0,1,47.609159675245536,,85882.93,433539.39,16.534316430606985,83.46568356939301,0,0,1.63
564,2016,New Jersey,NJ-03,Frederick LaVergne,Tom MacArthur,127526.0,194596.0,39.5893481351786,0,1,46.79514616219709,,600.0,814034.98,0.0736526192381279,99.92634738076188,0,0,1.63
565,2016,New Jersey,NJ-04,Lorna Phillipson,Chris Smith,111532.0,211992.0,34.474103930465745,0,1,42.36806259962325,,150504.16,460609.51,24.62785033101943,75.37214966898055,0,0,1.63
566,2016,New Jersey,NJ-05,Josh Gottheimer,Scott Garrett,172587.0,157690.0,52.25522818724888,0,1,49.41835856383568,,4121121.09,1682840.91,71.00530792586167,28.99469207413832,0,0,1.63
567,2016,New Jersey,NJ-06,Frank Pallone,Brent Sonnek-Schmelz,167895.0,91908.0,64.62396508123463,1,0,58.05208600678701,,808500.15,70015.4,92.03026059128948,7.969739408710522,6,0,1.63
568,2016,New Jersey,NJ-07,Peter Jacob,Leonard Lance,148188.0,185850.0,44.36261742675983,0,1,50.580528751863184,,313255.87,424562.61,42.45703767137955,57.54296232862045,0,0,1.63
569,2016,New Jersey,NJ-08,Albio Sires,Agha Khan,134733.0,32337.0,80.64463997126953,1,0,77.89308598826007,,252378.22,0.0,100.0,0.0,5,0,1.63
570,2016,New Jersey,NJ-09,Bill Pascrell,Hector Castillo,162642.0,65376.0,71.32857932268504,1,0,65.99443723345077,,787431.69,21654.01,97.32364445447496,2.676355545525029,6,0,1.63
571,2016,New Jersey,NJ-10,Donald Payne,David Pinckney,190856.0,26450.0,87.82822379501717,1,0,86.94433185960816,,140202.29,0.0,100.0,0.0,3,0,1.63
572,2016,New Jersey,NJ-11,Joseph Wenzel,Rodney Frelinghuysen,130162.0,194299.0,40.11637762319663,0,1,49.5432437573024,,0.0,1010830.65,0.0,100.0,0,0,1.63
573,2016,New Jersey,NJ-12,Bonnie Watson Coleman,Steven Uccio,181430.0,92407.0,66.25474278494141,1,0,67.16715238395295,,561995.35,0.0,100.0,0.0,6,0,1.63
574,2016,New Mexico,NM-01,Michelle Lujan Grisham,Richard Priem,181088.0,96879.0,65.1473016581105,1,0,59.52332829389365,,1004681.73,0.0,100.0,0.0,6,0,1.63
575,2016,New Mexico,NM-02,Merrie Lee Soules,Steve Pearce,85232.0,143515.0,37.26037937109557,0,1,44.337172028968304,,192938.89,1365180.65,12.382804081899904,87.6171959181001,5,0,1.63
576,2016,New Mexico,NM-03,Ben Ray Lujan,Michael Romero,170612.0,102730.0,62.41704531319738,1,0,58.56428987948685,,685358.67,61317.75,91.7879086097295,8.2120913902705,6,0,1.63
577,2016,New York,NY-01,Anna Throne-Holst,Lee Zeldin,135278.0,188499.0,41.78122596725524,0,1,43.64367812556708,,3464873.76,2822475.86,55.10865419314792,44.89134580685208,0,0,1.63
578,2016,New York,NY-02,Du Wayne Gregory,Peter King,110938.0,181506.0,37.93478409541656,0,1,45.35093613713322,,289533.25,560842.0,34.04770423410135,65.95229576589864,0,0,1.63
579,2016,New York,NY-03,Tom Suozzi,Jack Martins,171775.0,152304.0,53.00405148127463,0,0,53.18378426751782,,2023394.06,894045.05,69.35514277108597,30.644857228914024,0,0,1.63
580,2016,New York,NY-04,Kathleen Rice,David Gurfein,186423.0,126438.0,59.58652564557423,1,0,54.94570962439737,,1390449.16,435150.78,76.1639573673518,23.836042632648205,0,0,1.63
581,2016,New York,NY-05,Greg Meeks,Michael O'Reilly,199815.0,30312.0,86.82814272119307,1,0,87.10970455452716,,226597.38,35603.0,86.4214536988848,13.5785463011152,3,0,1.63
582,2016,New York,NY-06,Grace Meng,Danniel Maio,136506.0,50617.0,72.94987788780641,1,0,66.9969273840075,,976304.64,0.0,100.0,0.0,6,0,1.63
583,2016,New York,NY-07,Nydia Velazquez,Allan Romaguera,172146.0,17478.0,90.78281230224022,1,0,89.34034657199464,,316209.48,0.0,100.0,0.0,6,0,1.63
584,2016,New York,NY-10,Jerry Nadler,Philip Rosenthal,192371.0,53857.0,78.12718293614049,1,0,80.6604979295537,,1081746.77,44463.24,96.05195837319896,3.9480416268010257,0,0,1.63
585,2016,New York,NY-11,Richard Reichard,Dan Donovan,85257.0,142934.0,37.36212208194013,0,1,44.95432554257785,,25799.08,1096196.3,2.2993927122944124,97.70060728770558,0,0,1.63
586,2016,New York,NY-12,Carolyn Maloney,Robert Ardini,244358.0,49398.0,83.18400305015047,1,0,86.06528949273532,,891989.28,0.0,100.0,0.0,0,0,1.63
587,2016,New York,NY-13,Adriano Espaillat,Robert Evans Jr.,207194.0,16089.0,92.79434618846936,0,0,94.43466908843229,,656429.01,0.0,100.0,0.0,5,0,1.63
588,2016,New York,NY-14,Joseph Crowley,Frank Spotorno,147587.0,30545.0,82.85260368715335,1,0,79.70173767022693,,722336.83,9550.0,98.69515345699008,1.304846543009935,5,0,1.63
589,2016,New York,NY-15,Jose Serrano,Alejandro Vega,165688.0,6129.0,96.43283260678513,1,0,95.03720376009532,,73268.99,0.0,100.0,0.0,5,0,1.63
590,2016,New York,NY-18,Sean Patrick Maloney,Phil Oliva,162060.0,129369.0,55.60874175185037,1,0,49.00177655616264,,2417334.68,207337.06,92.10045748425668,7.89954251574332,0,0,1.63
591,2016,New York,NY-19,Zephyr Teachout,John Faso,141224.0,166171.0,45.942191642674736,0,0,46.40881423329579,,4673321.91,2437338.64,65.72275356330994,34.27724643669004,2,0,1.63
592,2016,New York,NY-20,Paul Tonko,Joe Vitollo,213021.0,100738.0,67.89319190843928,1,0,57.13931993444994,,444915.45,0.0,100.0,0.0,0,0,1.63
593,2016,New York,NY-21,Mike Derrick,Elise Stefanik,82161.0,177886.0,31.59467327060108,0,1,42.61728715189464,,1067143.98,1355522.9,44.04831670460613,55.95168329539387,2,0,1.63
594,2016,New York,NY-22,Kim Myers,Claudia Tenney,114266.0,129444.0,46.88605309589266,0,0,41.774967115989874,,657049.07,586674.1,52.82920555383719,47.17079444616281,2,0,1.63
595,2016,New York,NY-23,John Plumb,Tom Reed,118584.0,161050.0,42.40686039608917,0,1,42.10324011875433,,1314582.96,1240383.24,51.45206852442901,48.54793147557098,2,0,1.63
596,2016,New York,NY-24,Colleen Deacon,John Katko,119040.0,182761.0,39.44320926703357,0,1,51.93580114449213,,1130404.4,1131459.14,49.97668426982116,50.02331573017885,2,0,1.63
597,2016,New York,NY-25,Louise Slaughter,Mark Assini,182950.0,142650.0,56.18857493857495,1,0,58.648521248929775,,702647.89,226761.99,75.60150856154014,24.398491438459853,0,0,1.63
598,2016,New York,NY-26,Brian Higgins,Shelly Schratz,215289.0,73377.0,74.58065723015527,1,0,60.27487675923189,,454781.95,0.0,100.0,0.0,0,0,1.63
599,2016,New York,NY-27,Diana Kastenbaum,Chris Collins,107832.0,220885.0,32.80390122810807,0,1,37.1172973104421,,0.0,386260.11,0.0,100.0,2,0,1.63
600,2016,North Carolina,NC-01,G. K. Butterfield,Dew Powell,240661.0,101567.0,70.32183222880653,1,0,68.90863856651855,,193317.5,5695.0,97.1383707053577,2.861629294642296,3,0,1.63
601,2016,North Carolina,NC-02,John McNeil,George Holding,169082.0,221485.0,43.29141991002824,0,0,45.01808461676474,,56778.78,0.0,100.0,0.0,1,0,1.63
602,2016,North Carolina,NC-03,Ernest Reeves,Walter Jones,106170.0,217531.0,32.79878653448707,0,1,37.84684239806474,,0.0,431000.69,0.0,100.0,1,0,1.63
603,2016,North Carolina,NC-04,David Price,Sue Googe,279380.0,130161.0,68.21783411184717,1,0,70.75069112842422,,340863.52,104229.32,76.58256645961772,23.41743354038227,0,0,1.63
604,2016,North Carolina,NC-05,Josh Brannon,Virginia Foxx,147887.0,207625.0,41.59831454353159,0,1,40.94358885869174,,0.0,883389.67,0.0,100.0,1,0,1.63
605,2016,North Carolina,NC-06,Pete Glidewell,Mark Walker,143167.0,207983.0,40.77089562864872,0,1,42.47926377844804,,89697.54,514939.86,14.834930819694575,85.16506918030541,1,0,1.63
606,2016,North Carolina,NC-07,Wesley Casteen,David Rouzer,135905.0,211801.0,39.086182004337,0,1,40.924291965531765,,14760.0,560299.22,2.566692174764192,97.4333078252358,1,0,1.63
607,2016,North Carolina,NC-08,Thomas Mills,Richard Hudson,133182.0,189863.0,41.22707362751319,0,1,42.29446207149199,,392604.81,706357.63,35.725043523780485,64.27495647621951,1,0,1.63
608,2016,North Carolina,NC-09,Christian Cano,Robert Pittenger,139041.0,193452.0,41.81772247836796,0,1,44.02746927069924,,14396.52,212956.88,6.332221114793094,93.66777888520691,1,0,1.63
609,2016,North Carolina,NC-10,Andy Millard,Patrick McHenry,128919.0,220825.0,36.86096116016287,0,1,37.34809535782304,,257943.98,1110727.4,18.84630480108381,81.1536951989162,2,0,1.63
610,2016,North Carolina,NC-11,Rick Bryson,Mark Meadows,129103.0,230405.0,35.91102284232896,0,1,34.99252417278347,,31661.0,367952.24,7.922910662319397,92.0770893376806,2,0,1.63
611,2016,North Carolina,NC-12,Alma Adams,Leon Threatt,234115.0,115185.0,67.02404809619239,1,0,70.669214287164,,305407.88,36767.0,89.25490965321592,10.745090346784076,3,0,1.63
612,2016,North Carolina,NC-13,Bruce Davis,Ted Budd,156049.0,199443.0,43.89662777221428,0,0,45.17666457729816,,67592.0,392707.91,14.684339173561863,85.31566082643813,1,0,1.63
613,2016,North Dakota,ND-00,Case Iron Eyes,Kevin Cramer,80377.0,233980.0,25.56870055382893,0,1,30.19075710348025,,214124.97,534840.42,28.58943455317742,71.41056544682259,2,0,1.63
614,2016,Ohio,OH-01,Michele Young,Steve Chabot,144644.0,210014.0,40.78407931020871,0,1,46.526575591090506,,102945.22,543733.98,15.919055383256492,84.08094461674351,0,0,1.63
615,2016,Ohio,OH-02,William Smith,Brad Wenstrup,111694.0,221193.0,33.55312763790716,0,1,41.56887642108372,,0.0,718162.55,0.0,100.0,2,0,1.63
616,2016,Ohio,OH-03,Joyce Beatty,John Adams,199791.0,91560.0,68.57398807623794,1,0,70.0854900106238,,315238.86,0.0,100.0,0.0,0,0,1.63
617,2016,Ohio,OH-04,Janet Garrett,Jim Jordan,98981.0,210227.0,32.01113813355411,0,1,32.31362451192778,,71693.28,370033.49,16.230232095736465,83.76976790426353,2,0,1.63
618,2016,Ohio,OH-05,Neu James,Bob Latta,100392.0,244599.0,29.099889562336408,0,1,36.69229612195964,,0.0,423626.1,0.0,100.0,2,0,1.63
619,2016,Ohio,OH-06,Michael Lorentz,Bill Johnson,88780.0,213975.0,29.32404089114961,0,1,27.821085097799354,,10888.64,585355.98,1.8262034800414635,98.17379651995851,2,0,1.63
620,2016,Ohio,OH-07,Roy Rich,Bob Gibbs,89638.0,198221.0,31.139550960713404,0,1,34.44345582630936,,3889.21,275096.43,1.3940538301541254,98.60594616984586,2,0,1.63
621,2016,Ohio,OH-08,Steven Fought,Warren Davidson,87794.0,223833.0,28.172783487951943,0,1,31.97551104989212,,2900.0,498569.45,0.578300432857874,99.42169956714211,2,0,1.63
622,2016,Ohio,OH-09,Marcy Kaptur,Donald Larson,193966.0,88427.0,68.68654676284469,1,0,61.644426810338224,,310043.36,22060.0,93.35748966827676,6.642510331723233,0,0,1.63
623,2016,Ohio,OH-10,Robert Klepinger,Mike Turner,109981.0,215724.0,33.76705914861608,0,1,46.17801015583117,,3252.0,526297.41,0.6141070008934576,99.38589299910656,0,0,1.63
624,2016,Ohio,OH-11,Marcia Fudge,Beverly Goldstein,242917.0,59769.0,80.25379436115314,1,0,82.55147217394614,,75090.13,21043.99,78.109759573396,21.890240426604,3,0,1.63
625,2016,Ohio,OH-12,Ed Albertson,Pat Tiberi,112638.0,251266.0,30.952668835736898,0,1,44.07298548331015,,18437.7,1678352.29,1.0866223933817527,98.91337760661824,0,0,1.63
626,2016,Ohio,OH-13,Tim Ryan,Richard Morckel,208610.0,99377.0,67.7333783568787,1,0,53.38710572444207,,482302.12,0.0,100.0,0.0,0,0,1.63
627,2016,Ohio,OH-14,Michael Wager,David Joyce,130907.0,219191.0,37.39153037149598,0,1,44.01928223465711,,225626.01,991574.03,18.536477373102944,81.46352262689706,2,0,1.63
628,2016,Ohio,OH-15,Scott Wharton,Steve Stivers,113960.0,222847.0,33.83540128322748,0,1,41.86821858937792,,18281.0,1040139.03,1.7271970939552228,98.27280290604476,2,0,1.63
629,2016,Ohio,OH-16,Keith Mundy,Jim Renacci,119830.0,225794.0,34.67062472513483,0,1,41.29340964302824,,11825.55,682625.8,1.7028622667376192,98.29713773326236,0,0,1.63
630,2016,Oklahoma,OK-02,Joshua Harris-Till,Markwayne Mullin,62387.0,189839.0,24.73456344706732,0,1,23.83838694427256,,0.0,561821.62,0.0,100.0,2,0,1.63
631,2016,Oklahoma,OK-03,Frankie Robbins,Frank Lucas,63090.0,227525.0,21.709134077731708,0,1,22.06580897867321,,0.0,305826.55,0.0,100.0,2,0,1.63
632,2016,Oklahoma,OK-04,Christina Owen,Tom Cole,76472.0,204143.0,27.251572439106965,0,1,30.110004031561367,,0.0,827383.78,0.0,100.0,1,0,1.63
633,2016,Oklahoma,OK-05,Al McAffrey,Steve Russell,103273.0,160184.0,39.19918620495944,0,1,42.795661047061486,,69072.49,459458.33,13.068772413309784,86.93122758669021,0,0,1.63
634,2016,Oregon,OR-01,Suzanne Bonamici,Brian Heinrich,225391.0,139756.0,61.72609935176792,1,0,62.40883801895487,,457661.02,0.0,100.0,0.0,0,0,1.63
635,2016,Oregon,OR-02,Jim Crary,Greg Walden,106640.0,272952.0,28.09332125018441,0,1,39.19694449925304,,0.0,1045777.78,0.0,100.0,2,0,1.63
636,2016,Oregon,OR-04,Peter DeFazio,Art Robinson,220628.0,157743.0,58.30996561575808,1,0,50.07669093828733,,632091.5,63352.04,90.89041218213056,9.10958781786944,2,0,1.63
637,2016,Oregon,OR-05,Kurt Schrader,Colm Willis,199505.0,160443.0,55.42606154222277,1,0,52.30190779613455,,501526.46,242402.11,67.4159429043033,32.58405709569669,0,0,1.63
638,2016,Pennsylvania,PA-01,Robert Brady,Deborah Williams,245791.0,53219.0,82.20159860874219,1,0,81.35129439608359,,385241.0,0.0,100.0,0.0,3,0,1.63
639,2016,Pennsylvania,PA-02,Dwight Evans,James Jones,322514.0,35131.0,90.17713095387884,0,0,92.25500774030117,,1156440.0,0.0,100.0,0.0,3,0,1.63
640,2016,Pennsylvania,PA-04,Joshua Burkholder,Scott Perry,113372.0,220628.0,33.9437125748503,0,1,38.77557941991719,,0.0,306818.57,0.0,100.0,2,0,1.63
641,2016,Pennsylvania,PA-05,Kerith Strano Taylor,Glenn Thompson,101082.0,206761.0,32.8355687801899,0,1,34.94419590925105,,103148.61,712559.68,12.645281562603708,87.3547184373963,2,0,1.63
642,2016,Pennsylvania,PA-06,Mike Parrish,Ryan Costello,155000.0,207469.0,42.76227760167076,0,1,50.325656767116456,,331151.58,983245.78,25.194175679111225,74.80582432088877,0,0,1.63
643,2016,Pennsylvania,PA-07,Mary Ellen Balchunis,Pat Meehan,153824.0,225678.0,40.53311972005418,0,1,51.22885387605025,,159198.36,857431.68,15.659419231798422,84.34058076820158,0,0,1.63
644,2016,Pennsylvania,PA-08,Steve Santarsiero,Brian Fitzpatrick,173555.0,207263.0,45.57426382156306,0,0,49.8761724667734,,2169125.95,1345182.2,61.72270209144863,38.27729790855136,0,0,1.63
645,2016,Pennsylvania,PA-09,Art Halvorson,Bill Shuster,107985.0,186580.0,36.65914144586084,0,1,28.068324321408827,,93438.41,1589874.06,5.550865431419278,94.44913456858072,2,0,1.63
646,2016,Pennsylvania,PA-10,Mike Molesevich,Tom Marino,89823.0,211282.0,29.831122033842018,0,1,31.35656490243952,,56982.86,530422.84,9.700767289115516,90.2992327108845,2,0,1.63
647,2016,Pennsylvania,PA-11,Mike Marsicano,Lou Barletta,113800.0,199421.0,36.33217440720769,0,1,37.62216893846595,,22200.0,591117.88,3.619656416995376,96.38034358300462,2,0,1.63
648,2016,Pennsylvania,PA-12,Erin McClelland,Keith Rothfus,137353.0,221851.0,38.23815993140388,0,1,39.22599126358467,,192427.18,1047725.9,15.516405442463602,84.48359455753639,2,0,1.63
649,2016,Pennsylvania,PA-14,Mike Doyle,Lenny McAllister,255293.0,87999.0,74.36613728254665,1,0,68.37461464866588,,151434.44,17390.0,89.69935869474823,10.300641305251776,0,0,1.63
650,2016,Pennsylvania,PA-15,Rick Daugherty,Charlie Dent,124129.0,190618.0,39.43770711079057,0,1,46.03375435607768,,13898.88,622721.0,2.183230595940548,97.81676940405946,0,0,1.63
651,2016,Pennsylvania,PA-16,Christina Hartman,Lloyd Smucker,134586.0,168669.0,44.380471880100906,0,0,46.427045626910505,,877836.6,558847.34,61.10158090860263,38.89841909139737,0,0,1.63
652,2016,Pennsylvania,PA-17,Matt Cartwright,Matt Connolly,157734.0,135430.0,53.80401413543273,1,0,44.76544525931573,,506082.49,22598.0,95.72558465321843,4.27441534678157,2,0,1.63
653,2016,Rhode Island,RI-01,David Cicilline,Harold Russell Taub,130534.0,71023.0,64.76282143512752,1,0,63.37879258167145,,1089375.94,110672.68,90.77765032553432,9.22234967446569,0,0,1.63
654,2016,Rhode Island,RI-02,Jim Langevin,Rhue Reis,133108.0,70301.0,65.43859907870349,1,0,53.70466686648213,,641582.68,7670.0,98.81864176517531,1.181358234824691,0,0,1.63
655,2016,South Carolina,SC-01,Dimitri Cherny,Mark Sanford,119779.0,190410.0,38.61484449803185,0,1,43.06653833732497,,27561.9,489189.0,5.333691726516586,94.6663082734834,0,0,1.63
656,2016,South Carolina,SC-02,Arik Bjorn,Joe Wilson,109452.0,183746.0,37.33040470944549,0,1,40.6610784419508,,49269.16,503920.81,8.906372615541096,91.09362738445893,1,0,1.63
657,2016,South Carolina,SC-03,Hosea Cleveland,Jeff Duncan,72933.0,196325.0,27.08666037777893,0,1,30.22225314666364,,4436.0,266665.81,1.6362856448652998,98.3637143551347,1,0,1.63
658,2016,South Carolina,SC-04,Chris Fedalei,Trey Gowdy,91676.0,198648.0,31.57713451178683,0,1,36.40466511909639,,94699.12,1592113.8,5.614085526449489,94.38591447355051,0,0,1.63
659,2016,South Carolina,SC-05,Fran Person,Mick Mulvaney,105772.0,161669.0,39.54965768150732,0,1,40.380104833062525,,638908.0,584953.75,52.204262450395234,47.795737549604766,1,0,1.63
660,2016,South Carolina,SC-06,Jim Clyburn,Laura Sterling,177947.0,70099.0,71.73951605750545,1,0,68.81382773271534,,392782.35,0.0,100.0,0.0,3,0,1.63
661,2016,South Carolina,SC-07,Mal Hyman,Tom Rice,112744.0,176468.0,38.98316805665048,0,1,40.26531718279132,,41286.67,433295.07,8.699590928213969,91.30040907178604,1,0,1.63
662,2016,South Dakota,SD-00,Paula Hawks,Kristi Noem,132810.0,237163.0,35.89721412103045,0,1,34.02868506968485,,381133.35,1156911.66,24.78037687596672,75.21962312403329,2,0,1.63
663,2016,Tennessee,TN-01,Alan Bohms,Phil Roe,39024.0,198293.0,16.443828297172136,0,1,20.41358613251637,,0.0,396977.06,0.0,100.0,2,0,1.63
664,2016,Tennessee,TN-02,Stuart Starr,Jimmy Duncan,68401.0,212455.0,24.354473466829976,0,1,31.33117709052586,,0.0,102245.0,0.0,100.0,2,0,1.63
665,2016,Tennessee,TN-03,Melody Shekari,Chuck Fleischmann,76727.0,176613.0,30.286176679561063,0,1,31.58332577063859,,80409.03,989684.46,7.514206071845181,92.48579392815482,2,0,1.63
666,2016,Tennessee,TN-04,Steven Reynolds,Scott DesJarlais,89141.0,165796.0,34.96589353448107,0,1,28.567607480297163,,37961.63,408055.0,8.511258873912391,91.4887411260876,2,0,1.63
667,2016,Tennessee,TN-05,Jim Cooper,Stacy Ries Snyder,171111.0,102433.0,62.553373497499486,1,0,59.68656625403989,,294058.39,85000.0,77.57601408057477,22.423985919425235,0,0,1.63
668,2016,Tennessee,TN-06,David Kent,Diane Black,61995.0,202234.0,23.46260251524246,0,1,24.58067663147625,,5404.03,713034.55,0.7521909527742788,99.24780904722572,2,0,1.63
669,2016,Tennessee,TN-07,Tharon Chandler,Marsha Blackburn,65226.0,200407.0,24.55493105148833,0,1,29.485852250135224,,0.0,899736.59,0.0,100.0,2,0,1.63
670,2016,Tennessee,TN-08,Rickey Hobson,David Kustoff,70925.0,194386.0,26.73277775893197,0,0,31.635890966089384,,0.0,973566.0,0.0,100.0,1,0,1.63
671,2016,Tennessee,TN-09,Steve Cohen,Wayne Alberson,171631.0,41123.0,80.67110371602884,1,0,79.67748346513466,,169402.95,0.0,100.0,0.0,3,0,1.63
672,2016,Texas,TX-01,Shirley McKellar,Louie Gohmert,62847.0,192434.0,24.6187534520783,0,1,25.93391225541324,,13358.34,630235.67,2.0755848861924617,97.92441511380754,1,0,1.63
673,2016,Texas,TX-02,Pat Bryan,Ted Poe,100231.0,168692.0,37.27126352152847,0,1,45.122158158898,,120.0,445616.7,0.0269217230710417,99.97307827692896,6,0,1.63
674,2016,Texas,TX-03,Adam Bell,Sam Johnson,109420.0,193684.0,36.09982052364865,0,1,42.5682278043725,,0.0,283058.81,0.0,100.0,0,0,1.63
675,2016,Texas,TX-06,Ruby Woodbridge,Joe Barton,106667.0,159444.0,40.0836493042377,0,1,43.62777565410249,,27339.05,490041.64,5.284126471747525,94.71587352825247,6,0,1.63
676,2016,Texas,TX-07,James Cargas,John Culberson,111991.0,143542.0,43.82643337651106,0,1,50.715255808657886,,41334.55,648538.09,5.991620424314842,94.00837957568515,6,0,1.63
677,2016,Texas,TX-09,Al Green,Jeff Martin,152032.0,36491.0,80.64374108199,1,0,81.4807049234971,,376659.17,0.0,100.0,0.0,3,0,1.63
678,2016,Texas,TX-10,Tawana Cadien,Michael T. McCaul,120170.0,179221.0,40.13814710529041,0,1,45.1930235031373,,4015.72,979521.18,0.4082937813517723,99.59170621864824,0,0,1.63
679,2016,Texas,TX-12,Bill Bradshaw,Kay Granger,76029.0,196482.0,27.899424243425035,0,1,34.21556594007868,,25.0,767290.0,0.0032581143337482,99.99674188566624,0,0,1.63
680,2016,Texas,TX-14,Michael Cole,Randy Weber,99054.0,160631.0,38.14390511581339,0,1,39.78790892189656,,0.0,424908.06,0.0,100.0,6,0,1.63
681,2016,Texas,TX-15,Vicente Gonzalez,Tim Westley,101712.0,66877.0,60.331338343545546,0,0,58.63491689260874,,287833.0,12415.0,95.86508486317976,4.134915136820229,5,0,1.63
682,2016,Texas,TX-17,William Matta,Bill Flores,86603.0,149417.0,36.6930768578934,0,1,40.81826710418515,,24315.76,592304.83,3.943390862118308,96.0566091378817,1,0,1.63
683,2016,Texas,TX-18,Sheila Jackson Lee,Lori Bartley,150157.0,48306.0,75.65994669031507,1,0,79.30075506743115,,237997.04,25945.64,90.16997175295788,9.830028247042124,3,0,1.63
684,2016,Texas,TX-21,Tom Wakely,Lamar Smith,129765.0,202967.0,38.99985573975452,0,1,44.74759654171911,,47573.49,748609.93,5.975192249042312,94.02480775095768,0,0,1.63
685,2016,Texas,TX-22,Mark Gibson,Pete Olson,123679.0,181864.0,40.47842693172483,0,1,45.9030219277745,,12627.0,564355.23,2.18845561326906,97.81154438673094,6,0,1.63
686,2016,Texas,TX-23,Pete Gallego,Will Hurd,107526.0,110577.0,49.30055982723759,0,1,51.77089421390999,,1561877.89,2142216.78,42.16625192249743,57.83374807750256,5,0,1.63
687,2016,Texas,TX-24,Jan McDowell,Kenny E. Marchant,108389.0,154845.0,41.17591192627093,0,1,46.71939163498099,,15917.46,174775.0,8.347188976428328,91.65281102357169,0,0,1.63
688,2016,Texas,TX-25,Kathi Thomas,Roger Williams,117073.0,180988.0,39.27820144198671,0,1,42.204574013571246,,46333.24,869192.49,5.060834281522595,94.9391657184774,1,0,1.63
689,2016,Texas,TX-26,Eric Mauck,Michael Burgess,94507.0,211730.0,30.86073857829067,0,1,36.082735720709294,,0.0,376458.49,0.0,100.0,0,0,1.63
690,2016,Texas,TX-27,Raul Barrera,Blake Farenthold,88329.0,142251.0,38.307311995836585,0,1,37.80833657278156,,16201.0,592920.91,2.6597302993090497,97.34026970069095,5,0,1.63
691,2016,Texas,TX-28,Henry Cuellar,Zeffen Hardin,122086.0,57740.0,67.8911836997987,1,0,60.27303455114193,,684250.66,0.0,100.0,0.0,5,0,1.63
692,2016,Texas,TX-29,Gene Green,Julio Garza,95649.0,31646.0,75.13963627793707,1,0,73.64264790216836,,520639.24,0.0,100.0,0.0,5,0,1.63
693,2016,Texas,TX-30,Eddie Bernice Johnson,Charles Lingerfelt,170502.0,41518.0,80.41788510517875,1,0,81.22832901271055,,83735.0,0.0,100.0,0.0,3,0,1.63
694,2016,Texas,TX-31,Mike Clark,John Carter,103852.0,166060.0,38.47624410919114,0,1,43.23958317958407,,15369.41,443411.25,3.3500562120469506,96.64994378795303,0,0,1.63
695,2016,Texas,TX-33,Marc Veasey,M. Mark Mitchell,93147.0,33222.0,73.71032452579351,1,0,75.4293695131684,,715837.9,9625.05,98.67325409243848,1.3267459075615091,5,0,1.63
696,2016,Texas,TX-34,Filemon Vela,Rey Gonzalez,104638.0,62323.0,62.6721210342535,1,0,61.11561391185317,,657837.0,0.0,100.0,0.0,5,0,1.63
697,2016,Texas,TX-35,Lloyd Doggett,Susan Narvaiz,124612.0,62384.0,66.63885858521039,1,0,67.7673445070675,,642519.81,110111.83,85.36975803993572,14.63024196006429,5,0,1.63
698,2016,Utah,UT-01,Peter Clemens,Rob Bishop,73380.0,182925.0,28.62995259554047,0,1,31.01969975671987,,123139.46,414486.1,22.90431652840316,77.09568347159686,0,0,1.63
699,2016,Utah,UT-02,Charlene Albarran,Chris Stewart,93778.0,170524.0,35.481381147323894,0,1,40.99524888002857,,74028.0,379269.97,16.330979818859547,83.66902018114045,0,0,1.63
700,2016,Utah,UT-03,Stephen Tryon,Jason Chaffetz,75716.0,209589.0,26.538616568234,0,1,33.02977335820567,,18167.48,585987.45,3.007089588758301,96.99291041124172,0,0,1.63
701,2016,Utah,UT-04,Doug Owens,Mia Love,113413.0,147597.0,43.45159189303092,0,1,45.30186613660786,,1743384.64,4138956.17,29.637600001622484,70.36239999837753,0,0,1.63
702,2016,Virginia,VA-01,Matt Rowe,Rob Wittman,140785.0,230213.0,37.94764392260875,0,1,43.45730578627021,,0.0,530825.26,0.0,100.0,1,0,1.63
703,2016,Virginia,VA-02,Shaun Brown,Scott Taylor,119440.0,190475.0,38.53959956762338,0,0,48.19279498505568,,28314.07,520153.04,5.1624007135086005,94.8375992864914,0,0,1.63
704,2016,Virginia,VA-03,Bobby Scott,Marty Williams,208337.0,103289.0,66.85481955934357,1,0,66.62543311421261,,192839.07,0.0,100.0,0.0,3,0,1.63
705,2016,Virginia,VA-04,Donald McEachin,Mike Wade,200136.0,145731.0,57.865017477816615,0,0,61.227915118049935,,418487.58,106217.7,79.75669312875982,20.243306871240176,3,0,1.63
706,2016,Virginia,VA-05,Jane Dittmar,Tom Garrett,148339.0,207758.0,41.65690808964973,0,0,44.20831487330466,,1220671.28,352703.66,77.58298730752632,22.41701269247367,1,0,1.63
707,2016,Virginia,VA-06,Kai Degner,Bob Goodlatte,112170.0,225471.0,33.22167627746631,0,1,36.89090514195516,,145342.77,769787.22,15.882199423931018,84.11780057606897,2,0,1.63
708,2016,Virginia,VA-07,Eileen Bedell,Dave Brat,160159.0,218057.0,42.34590815830108,0,1,46.56102931652347,,208845.6,1042812.16,16.685519530514476,83.31448046948553,1,0,1.63
709,2016,Virginia,VA-08,Don Beyer,Charles Hernick,246653.0,98387.0,71.4853350336193,1,0,77.86902948434788,,1217784.68,68679.34,94.66138664336682,5.338613356633169,0,0,1.63
710,2016,Virginia,VA-09,Derek Kitts,Morgan Griffith,87877.0,212838.0,29.2226859318624,0,1,28.413736444298387,,101167.52,277847.25,26.69223682232753,73.30776317767247,2,0,1.63
711,2016,Virginia,VA-10,LuAnn Bennett,Barbara Comstock,187712.0,210791.0,47.10428779708057,0,1,55.26028661952622,,2068696.94,2911705.58,41.53674189370541,58.46325810629459,0,0,1.63
712,2016,Washington,WA-01,Suzan DelBene,Robert Sutherland,193619.0,155779.0,55.41502813410495,1,0,58.85236761861453,,1080204.93,26571.88,97.59916545414428,2.4008345458557274,0,0,1.63
713,2016,Washington,WA-02,Rick Larsen,Marc Hennemann,208314.0,117094.0,64.01625036876783,1,0,62.04560404152378,,212695.64,0.0,100.0,0.0,0,0,1.63
714,2016,Washington,WA-03,Jim Moeller,Jaime Herrera Beutler,119820.0,193457.0,38.24730190853462,0,1,45.9930397298262,,82075.05,932212.2,8.091894086216701,91.9081059137833,2,0,1.63
715,2016,Washington,WA-05,Joe Pakootas,Cathy McMorris Rodgers,130575.0,192959.0,40.35897309092707,0,1,42.86463133443197,,308551.23,1221190.0,20.170158452223973,79.82984154777603,2,0,1.63
716,2016,Washington,WA-06,Derek Kilmer,Todd Bloom,201718.0,126116.0,61.53053069541292,1,0,56.76659704977881,,1030585.35,6568.0,99.3667281699471,0.6332718300529039,0,0,1.63
717,2016,Washington,WA-08,Tony Ventrella,Dave Reichert,127720.0,193145.0,39.80490237327225,0,1,51.64615436490541,,12973.0,658837.93,1.931049261136612,98.0689507388634,0,0,1.63
718,2016,Washington,WA-09,Adam Smith,Doug Basler,205165.0,76317.0,72.88743152315246,1,0,75.1212708082402,,280653.93,32393.55,89.6521926961367,10.3478073038633,6,0,1.63
719,2016,Washington,WA-10,Denny Heck,Jim Postma,170460.0,120104.0,58.66521661320741,1,0,56.22358245986763,,776947.23,0.0,100.0,0.0,0,0,1.63
720,2016,West Virginia,WV-01,Mike Manypenny,David McKinley,73534.0,163469.0,31.026611477491844,0,1,27.95439349073889,,21193.84,354097.03,5.647310311599106,94.35268968840089,2,0,1.63
721,2016,West Virginia,WV-02,Mark Hunt,Alex Mooney,101207.0,140807.0,41.81865511912534,0,1,30.85601756794773,,68566.0,789315.69,7.992477377620684,92.00752262237933,2,0,1.63
722,2016,West Virginia,WV-03,Matt Detch,Evan Jenkins,49708.0,140741.0,26.10042583578806,0,1,24.28536001449787,,55867.45,503158.95,9.993705127342825,90.00629487265718,2,0,1.63
723,2016,Wisconsin,WI-01,Ryan Solen,Paul Ryan,107003.0,230072.0,31.744567232811686,0,1,44.532989153602045,,21908.31,5921544.44,0.3686125039018775,99.63138749609811,0,0,1.63
724,2016,Wisconsin,WI-02,Mark Pocan,Peter Theron,273537.0,124044.0,68.80031993480574,1,0,69.41871316620431,,424777.21,27872.99,93.84226716347412,6.157732836525865,0,0,1.63
725,2016,Wisconsin,WI-05,Khary Penebaker,Jim Sensenbrenner,114477.0,260706.0,30.51230999272355,0,1,39.36810099808315,,77185.5,177278.15,30.3326231467638,69.6673768532362,0,0,1.63
726,2016,Wisconsin,WI-06,Sarah Lloyd,Glenn Grothman,133072.0,204147.0,39.4615961734066,0,1,41.0936730852758,,165208.35,753527.84,17.982131519168743,82.01786848083125,2,0,1.63
727,2016,Wisconsin,WI-07,Mary Hoeft,Sean Duffy,138643.0,223418.0,38.29271863028605,0,1,39.24221767456688,,104376.44,1129150.69,8.461624998876191,91.5383750011238,2,0,1.63
728,2016,Wisconsin,WI-08,Tom Nelson,Mike Gallagher,135682.0,227892.0,37.318950199959296,0,0,40.73029457860044,,1415051.01,2138575.53,39.81991337784189,60.1800866221581,2,0,1.63
729,2016,Wyoming,WY-00,Ryan Greene,Liz Cheney,75466.0,156176.0,32.57872061197883,0,0,24.29468037084621,,103650.0,1607343.26,6.057884763380073,93.94211523661993,2,0,1.63
730,2018,Alabama,AL-01,Robert Kennedy Jr.,Bradley Byrne,89226.0,153228.0,36.80120765176075,0,1,34.92050621963662,37.681985424303846,39095.21,343761.59,10.21144459233844,89.78855540766155,1,1,-7.26
731,2018,Alabama,AL-02,Tabitha Isner,Martha Roby,86931.0,138879.0,38.49740932642487,0,1,33.70180554959901,36.67489986416961,501490.57,799289.56,38.553061999801606,61.4469380001984,1,1,-7.26
732,2018,Alabama,AL-03,Mallory Hagan,Mike Rogers,83996.0,147770.0,36.24172656903946,0,1,33.11129013368728,37.14196156423615,409309.26,530372.0,43.55830827146644,56.44169172853357,1,1,-7.26
733,2018,Alabama,AL-04,Lee Auman,Robert Aderholt,46492.0,184255.0,20.148474303024525,0,1,17.835805937767024,24.2655055835954,61160.87,468336.48,11.550741472077243,88.44925852792275,2,1,-7.26
734,2018,Alabama,AL-05,Peter Joffrion,Mo Brooks,101388.0,159063.0,38.927859750970434,0,1,32.63325832129782,35.30249643901342,553386.53,1216500.38,31.26677342339348,68.73322657660653,1,1,-7.26
735,2018,Alabama,AL-06,Danner Kline,Gary Palmer,85644.0,192542.0,30.786596018491224,0,1,26.94417241066428,24.91843012957957,277614.23,298279.01,48.20584975090175,51.79415024909826,1,1,-7.26
736,2018,Alaska,AK-00,Alyse Galvin (Ind),Don Young,131199.0,149779.0,46.69369132102869,0,1,41.61434528893193,42.684709518439625,1809591.38,670374.33,72.96840326070476,27.03159673929524,1,1,-7.26
737,2018,Arizona,AZ-01,Tom O'Halleran,Wendy Rogers,143240.0,122784.0,53.84476588578474,1,0,49.43192386961407,48.71609332524984,1600056.89,1302250.0,55.13052032895117,44.86947967104885,1,1,-7.26
738,2018,Arizona,AZ-02,Ann Kirkpatrick,Lea Marquez Peterson,161000.0,133083.0,54.74644913170772,0,0,52.59843154106461,49.20489992091427,3023544.0,1105238.11,73.23089277772519,26.7691072222748,0,1,-7.26
739,2018,Arizona,AZ-03,Raul Grijalva,Nick Pierson,114650.0,64868.0,63.86546195924643,1,0,65.7531070769789,62.44953665473897,421707.84,70267.0,85.71735904218191,14.282640957818083,5,1,-7.26
740,2018,Arizona,AZ-04,David Brill,Paul Gosar,84521.0,188842.0,30.918961234695256,0,1,28.916917339525394,31.58083723646465,358758.47,362289.22,49.755165292880974,50.24483470711903,2,1,-7.26
741,2018,Arizona,AZ-05,Joan Greene,Andy Biggs,127027.0,186037.0,40.57540950093272,0,1,38.78328941645988,35.14741270363381,46899.11,330436.59,12.429014800348869,87.57098519965115,0,1,-7.26
742,2018,Arizona,AZ-06,Anita Malik,David Schweikert,140559.0,173140.0,44.80696463807663,0,1,44.73968769378909,39.47494792308841,359141.69,470426.25,43.29261928805976,56.707380711940246,0,1,-7.26
743,2018,Arizona,AZ-08,Hiral Tipirneni,Debbie Lesko,135569.0,168835.0,44.535879949015126,0,1,38.88480017997461,37.41329429398027,4279324.0,1450890.6,74.67999540540768,25.320004594592326,0,1,-7.26
744,2018,Arizona,AZ-09,Greg Stanton,Steve Ferrara,159583.0,101662.0,61.08557101571323,0,0,58.70947968261056,52.317345371692056,2017183.95,1193601.1,62.82525670785717,37.17474329214284,0,1,-7.26
745,2018,Arkansas,AR-01,Chintan Desai,Rick Crawford,57907.0,138757.0,29.444636537444573,0,1,31.712920048684943,37.33695541995256,120235.13,517326.61,18.85858615041737,81.14141384958263,2,1,-7.26
746,2018,Arkansas,AR-02,Clarke Tucker,French Hill,116135.0,132125.0,46.7795859179892,0,1,44.30152599033482,43.94172235504976,2046047.43,1665334.48,55.12899183150892,44.87100816849107,1,1,-7.26
747,2018,Arkansas,AR-03,Josh Mahony,Steve Womack,74952.0,148717.0,33.510231636927784,0,1,32.99271857245502,32.55009675510563,127828.21,530109.31,19.428624468779347,80.57137553122065,2,1,-7.26
748,2018,Arkansas,AR-04,Hayden Shamel,Bruce Westerman,63984.0,136740.0,31.876606683804624,0,1,32.81162379676146,36.72319864477256,131411.62,909437.85,12.625420273308109,87.37457972669189,1,1,-7.26
749,2018,California,CA-01,Audrey Denney,Doug LaMalfa,131548.0,160046.0,45.11341111271151,0,1,39.41357335486198,41.58576326708146,1051203.75,577725.18,64.53343240702343,35.466567592976574,2,1,-7.26
750,2018,California,CA-02,Jared Huffman,Dale Mensing,243081.0,72576.0,77.00795483705414,1,0,74.72717460197927,71.91428214419592,556324.2,1325.0,99.76239542708927,0.2376045729107116,0,1,-7.26
751,2018,California,CA-03,John Garamendi,Charlie Schaupp,134875.0,97376.0,58.072946941025016,1,0,56.746287927695285,55.75490054464658,402130.88,10491.0,97.4574785030789,2.542521496921104,6,1,-7.26
752,2018,California,CA-04,Jessica Morse,Tom McClintock,156253.0,184401.0,45.86853522929424,0,1,42.09405727387978,40.58669520980117,3432526.88,1545489.13,68.95371314806196,31.046286851938028,2,1,-7.26
753,2018,California,CA-07,Ami Bera,Andrew Grant,155016.0,126601.0,55.0449724270907,1,0,56.14457406067452,52.01748884548534,1763403.73,517784.13,77.30199519823853,22.698004801761485,6,1,-7.26
754,2018,California,CA-09,Jerry McNerney,Maria Livengood,113414.0,87349.0,56.49148498478306,1,0,59.82113915001133,59.03874043767752,788000.9,97503.62,88.98891899501541,11.011081004984591,6,1,-7.26
755,2018,California,CA-10,Josh Harder,Jeff Denham,115945.0,105955.0,52.25101397025688,0,1,51.594376441369526,51.84760309020721,7411079.72,1779273.65,80.63976891456569,19.360231085434314,6,1,-7.26
756,2018,California,CA-11,Mark DeSaulnier,John Fitzgerald,204369.0,71312.0,74.1324211679441,1,0,75.92993872865353,69.30305350004254,229849.79,0.0,100.0,0.0,6,1,-7.26
757,2018,California,CA-12,Nancy Pelosi,Lisa Remmer,275292.0,41780.0,86.82318211636473,1,0,90.84608627441764,87.07345604012097,2983149.32,11442.61,99.6178908423092,0.382109157690811,6,1,-7.26
758,2018,California,CA-14,Jackie Speier,Cristina Osmena,211384.0,55439.0,79.22255577667593,1,0,80.85384324788075,75.90705181637695,614928.56,0.0,100.0,0.0,6,1,-7.26
759,2018,California,CA-15,Eric Swalwell,Rudy Peters,177989.0,65940.0,72.96754383447642,1,0,74.30351194299628,69.50951210042707,2064355.03,39399.43,98.12718495674632,1.8728150432536697,6,1,-7.26
760,2018,California,CA-16,Jim Costa,Elizabeth Heng,82266.0,60693.0,57.54517029358068,1,0,61.443265530168354,59.80131871677163,778174.63,1058718.23,42.36363736532789,57.636362634672125,5,1,-7.26
761,2018,California,CA-17,Ro Khanna,Ron Cohen,159105.0,52057.0,75.34736363550259,1,0,78.3041575958454,73.7934295557407,2730541.58,0.0,100.0,0.0,6,1,-7.26
762,2018,California,CA-18,Anna Eshoo,Christine Russell,225142.0,77096.0,74.49162580482931,1,0,78.39291575187288,70.22692801870296,876222.38,0.0,100.0,0.0,0,1,-7.26
763,2018,California,CA-19,Zoe Lofgren,Justin Aguilera,162496.0,57823.0,73.75487361507632,1,0,77.23222546145337,72.86517323801685,981418.48,23993.62,97.61355368609549,2.3864463139045173,6,1,-7.26
764,2018,California,CA-21,TJ Cox,David Valadao,57239.0,56377.0,50.37934797915786,0,1,58.20584638447276,55.65037629310713,2025096.86,1287443.99,61.13424563503873,38.86575436496126,5,1,-7.26
765,2018,California,CA-22,Andrew Janz,Devin Nunes,105136.0,117243.0,47.27784548001385,0,1,44.98704817025169,42.3560662560193,8957855.58,11141077.79,44.568810767693,55.43118923230701,6,1,-7.26
766,2018,California,CA-23,Tatiana Matta,Kevin McCarthy,74661.0,131113.0,36.28300951529348,0,1,38.28669282292502,37.00137427625206,94708.04,609124.4,13.456049283548223,86.54395071645176,6,1,-7.26
767,2018,California,CA-24,Salud Carbajal,Justin Fareed,166550.0,117881.0,58.55550203740098,1,0,60.84554399620444,55.6427887728386,1969094.13,1270095.92,60.78970667374086,39.21029332625914,0,1,-7.26
768,2018,California,CA-25,Katie Hill,Steve Knight,133209.0,111813.0,54.366138550824,0,1,53.55262132897094,49.073626092153575,6991652.12,985484.88,87.64613319289866,12.353866807101346,6,1,-7.26
769,2018,California,CA-26,Julia Brownley,Antonio Sabato Jr,158216.0,97210.0,61.94201060189644,1,0,61.63219630971562,55.24922409602513,1596390.12,301677.44,84.10607470684552,15.893925293154476,6,1,-7.26
770,2018,California,CA-28,Adam Schiff,Johnny Nalbandian,196662.0,54272.0,78.37200219978162,1,0,76.35625722776047,72.59583730315494,4951478.96,24370.0,99.51023432994236,0.4897656700576377,6,1,-7.26
771,2018,California,CA-29,Tony Cardenas,Benito Bernal,124697.0,29995.0,80.60985700618002,1,0,82.22827259003667,78.96285803256868,613147.67,3750.0,99.39211960388828,0.6078803961117246,5,1,-7.26
772,2018,California,CA-30,Brad Sherman,Mark Reed,191573.0,69420.0,73.40158548313556,1,0,72.91232351403173,67.01932865915296,765622.88,0.0,100.0,0.0,6,1,-7.26
773,2018,California,CA-31,Pete Aguilar,Sean Flynn,110143.0,77352.0,58.74449985332942,1,0,61.18862473975359,58.47620934783148,1679596.48,429890.9,79.62107267975217,20.378927320247826,5,1,-7.26
774,2018,California,CA-32,Grace Napolitano,Joshua Scott,121759.0,55272.0,68.77834955459778,1,0,70.62349310444594,66.75412632318266,86749.39,6174.0,93.355817087603,6.644182912396976,5,1,-7.26
775,2018,California,CA-33,Ted Lieu,Kenneth Wright,219091.0,93769.0,70.02844722879243,1,0,71.91807916376975,62.23790937999176,1294042.54,116837.26,91.71883671450962,8.281163285490372,0,1,-7.26
776,2018,California,CA-35,Norma Torres,Christian Valiente,103420.0,45604.0,69.39821773674039,1,0,71.54088666640534,68.79544995455005,241931.84,1460.0,99.40014422833568,0.5998557716643254,5,1,-7.26
777,2018,California,CA-36,Raul Ruiz,Kimberlin Brown Pelzer,122169.0,84839.0,59.01655974648323,1,0,54.57226488454723,51.61620509877075,1925955.93,756247.18,71.80499951027198,28.195000489728017,6,1,-7.26
778,2018,California,CA-37,Karen Bass,Ron Bassilian,210555.0,25823.0,89.0755484858997,1,0,89.89169126502019,86.97092741241453,505639.21,6127.55,98.8026674495233,1.1973325504767054,6,1,-7.26
779,2018,California,CA-38,Linda Sanchez,Ryan Downing,139188.0,62968.0,68.85177783493936,1,0,70.95796497009694,66.30817042428231,381412.72,0.0,100.0,0.0,5,1,-7.26
780,2018,California,CA-39,Gil Cisneros,Young Kim,126002.0,118391.0,51.55712315819193,0,0,54.56165470872956,48.1318596082994,2179631.66,2322247.02,48.41604616497573,51.58395383502428,6,1,-7.26
781,2018,California,CA-41,Mark Takano,Aja Smith,108227.0,58021.0,65.09973052307396,1,0,64.8084715210838,62.88253912237944,724332.21,41964.88,94.52368010427914,5.476319895720862,5,1,-7.26
782,2018,California,CA-42,Julia Peacock,Ken Calvert,100892.0,131040.0,43.50068123415484,0,1,43.69351654488395,42.263123215462336,153292.78,844367.63,15.365226329869095,84.6347736701309,6,1,-7.26
783,2018,California,CA-43,Maxine Waters,Omar Navarro,152272.0,43780.0,77.66918980678595,1,0,82.45225263290376,79.57783011288775,584631.42,1154323.67,33.61969629704469,66.38030370295532,5,1,-7.26
784,2018,California,CA-45,Katie Porter,Mimi Walters,158906.0,146383.0,52.05100740609717,0,1,52.88707587527103,43.989649805190304,5593038.89,1368255.77,80.34480887783594,19.655191122164048,6,1,-7.26
785,2018,California,CA-46,Lou Correa,Russell Lambert,102278.0,45638.0,69.14600178479677,1,0,70.37992536655598,62.9264949153436,401173.02,140.0,99.9651145133542,0.0348854866458107,5,1,-7.26
786,2018,California,CA-47,Alan Lowenthal,John Briscoe,143354.0,77682.0,64.85549865180332,1,0,66.86219797027759,61.57700884467941,262268.68,8565.0,96.83754250948404,3.1624574905159504,6,1,-7.26
787,2018,California,CA-48,Harley Rouda,Dana Rohrabacher,157837.0,136899.0,53.55199229140655,0,1,50.91082610588353,44.02253003122188,5942200.51,2135135.15,73.5663436574332,26.433656342566795,6,1,-7.26
788,2018,California,CA-49,Mike Levin,Diane Harkey,166453.0,128577.0,56.41900823645053,0,0,53.988535823007766,46.63392333759968,4769047.65,1267485.32,79.00309123963916,20.99690876036083,0,1,-7.26
789,2018,California,CA-50,Ammar Campa-Najjar,Duncan Hunter,125448.0,134362.0,48.28451560755937,0,1,42.02752406723591,38.33719883624087,3799707.95,654384.07,85.30824987311331,14.691750126886689,6,1,-7.26
790,2018,California,CA-51,Juan Vargas,Juan Hidalgo,109527.0,44301.0,71.20095171230206,1,0,75.9165346555023,70.61532635385235,189678.45,62201.87,75.30499008417966,24.69500991582034,5,1,-7.26
791,2018,California,CA-52,Scott Peters,Omar Qudrat,188992.0,107015.0,63.84713875009712,1,0,62.04155884584704,53.28065219723245,1168327.75,295315.27,79.82327207080863,20.17672792919137,0,1,-7.26
792,2018,California,CA-53,Susan Davis,Morgan Murtaugh,185667.0,83127.0,69.07408647514454,1,0,68.56046209841162,62.78237796130573,99926.6,94570.86,51.37681489516624,48.62318510483375,6,1,-7.26
793,2018,Colorado,CO-01,Diana DeGette,Casper Stockham,272886.0,85207.0,76.20534330467224,1,0,74.8203492819358,70.52287835357909,573467.8,34367.0,94.3459966425088,5.654003357491213,0,1,-7.26
794,2018,Colorado,CO-02,Joe Neguse,Peter Yu,259608.0,144901.0,64.17854732527583,0,0,61.65799853398024,59.44715166874756,813690.2,60358.0,93.0944311766788,6.905568823321186,0,1,-7.26
795,2018,Colorado,CO-03,Diane Mitsch Bush,Scott Tipton,146426.0,173205.0,45.81095075258658,0,1,43.52939142362322,46.912364567977214,1792836.79,855235.44,67.7034700824607,32.296529917539296,2,1,-7.26
796,2018,Colorado,CO-04,Karen McCormick,Ken Buck,145544.0,224038.0,39.38070577030267,0,1,37.36728057733457,40.13618471266569,875438.22,307336.4,74.01564128929313,25.98435871070686,0,1,-7.26
797,2018,Colorado,CO-05,Stephany Rose Spaulding,Doug Lamborn,126848.0,184002.0,40.80682000965096,0,1,36.75657180261533,39.317602619902296,319567.98,221106.17,59.1054667584903,40.8945332415097,0,1,-7.26
798,2018,Colorado,CO-06,Jason Crow,Mike Coffman,187639.0,148685.0,55.79114187509663,0,1,54.87975785005772,52.578901101426624,4192539.46,2267602.09,64.89856959868008,35.101430401319924,0,1,-7.26
799,2018,Colorado,CO-07,Ed Perlmutter,Mark Barrington,204260.0,119734.0,63.04437736501293,1,0,56.61098735754463,57.61723738092792,638880.58,54251.96,92.17293131267506,7.827068687324938,0,1,-7.26
800,2018,Connecticut,CT-01,John Larson,Jennifer Nye,175087.0,96024.0,64.58129695954793,1,0,62.06069272322847,64.01182384007237,473228.86,0.0,100.0,0.0,0,1,-7.26
801,2018,Connecticut,CT-02,Joe Courtney,Danny Postemski,179731.0,102483.0,63.6860680193045,1,0,51.526537259070025,56.76340163502025,491669.68,0.0,100.0,0.0,2,1,-7.26
802,2018,Connecticut,CT-03,Rosa DeLauro,Angel Cadena,174572.0,95667.0,64.5991141175034,1,0,58.04777275661718,63.29944938585346,702376.52,0.0,100.0,0.0,0,1,-7.26
803,2018,Connecticut,CT-04,Jim Himes,Harry Arora,168726.0,106921.0,61.210896545219065,1,0,61.969125431895264,55.57492422369944,919034.6,253854.37,78.35648757102729,21.64351242897272,0,1,-7.26
804,2018,Connecticut,CT-05,Jahana Hayes,Manny Santos,151225.0,119426.0,55.874539536155424,0,0,52.142258520658935,54.15734551005369,1430009.06,67329.7,95.50337560219172,4.496624397808282,0,1,-7.26
805,2018,Delaware,DE-00,Lisa Blunt Rochester,Scott Walker,227353.0,125384.0,64.45396995495227,1,0,55.998621443681216,59.44695491927816,402612.18,0.0,100.0,0.0,0,1,-7.26
806,2018,Florida,FL-01,Jennifer Zimmerman,Matt Gaetz,106199.0,216189.0,32.94136258173381,0,1,29.43943993488638,30.49974948106793,54562.87,1007246.17,5.1386706973223735,94.86132930267762,0,1,-7.26
807,2018,Florida,FL-02,Bob Rackleff,Neal Dunn,96233.0,199335.0,32.558666702755374,0,1,31.6145122472914,34.06261439878918,202449.04,837162.25,19.4735322660838,80.52646773391619,2,1,-7.26
808,2018,Florida,FL-03,Yvonne Hayes Hinson,Ted Yoho,129880.0,176616.0,42.37575694299437,0,1,41.71939558493684,42.496457316451945,40949.9,646520.53,5.956605289917706,94.0433947100823,1,1,-7.26
809,2018,Florida,FL-04,Ges Selmont,John Rutherford,123351.0,248420.0,33.17929585685812,0,1,35.43147859068165,33.19111044154558,68570.93,464645.0,12.859880236511314,87.1401197634887,0,1,-7.26
810,2018,Florida,FL-05,Al Lawson,Virginia Fuller,180527.0,89799.0,66.78121971249529,1,0,63.08242545020225,64.30682450402473,228432.5,7667.0,96.75264030631152,3.247359693688466,3,1,-7.26
811,2018,Florida,FL-06,Nancy Soderberg,Michael Waltz,145758.0,187891.0,43.68602933022428,0,0,41.22359102217239,47.1014019634611,2896622.67,1246086.85,69.92096974252735,30.07903025747265,0,1,-7.26
812,2018,Florida,FL-07,Stephanie Murphy,Mike Miller,183113.0,134285.0,57.691919923881066,1,0,53.81736613269672,50.05682128944826,1680775.02,830594.4,66.92663399556726,33.07336600443275,6,1,-7.26
813,2018,Florida,FL-08,Sanjay Patel,Bill Posey,142415.0,218112.0,39.501895835818125,0,1,39.21981039216702,42.63618809853524,317787.6,572197.18,35.70708254134413,64.29291745865588,0,1,-7.26
814,2018,Florida,FL-09,Darren Soto,Wayne Liebnitzky,172172.0,124565.0,58.02174989974287,1,0,56.67440241355303,57.10526806179305,630932.7,59252.91,91.41493112265844,8.58506887734156,6,1,-7.26
815,2018,Florida,FL-11,Dana Cottrell,Daniel Webster,128053.0,239395.0,34.84928479676036,0,1,33.386706162560294,40.240628117434,71923.91,445853.04,13.890906113143894,86.10909388685612,2,1,-7.26
816,2018,Florida,FL-12,Chris Hunter,Gus Bilirakis,132844.0,194564.0,40.57445144895666,0,1,40.344194885404896,46.18045851560501,718763.38,1055384.47,40.51316129036258,59.48683870963741,0,1,-7.26
817,2018,Florida,FL-13,Charlie Crist,George Buck,182717.0,134254.0,57.644705667079954,1,0,51.6670517560074,55.43970960743676,2319943.75,34102.76,98.55131324486874,1.448686755131274,0,1,-7.26
818,2018,Florida,FL-15,Kristen Carlson,Ross Spano,134132.0,151380.0,46.97946145871277,0,0,44.80985521655378,46.66627633898658,1850002.53,436116.75,80.92327229749796,19.07672770250203,0,1,-7.26
819,2018,Florida,FL-16,David Shapiro,Vern Buchanan,164463.0,197483.0,45.43854608145966,0,1,44.41913617729918,45.66907672423646,2166313.96,1045080.86,67.45710451136618,32.54289548863382,0,1,-7.26
820,2018,Florida,FL-17,Allen Ellison,Greg Steube,117194.0,193326.0,37.74120829576194,0,0,36.01511298408777,41.69544986509912,3469.33,616756.19,0.5593658900072349,99.44063410999276,0,1,-7.26
821,2018,Florida,FL-18,Lauren Baer,Brian Mast,156454.0,185905.0,45.69881323406132,0,1,45.27125203784825,48.17891298382075,4064739.36,4345370.94,48.33158204833532,51.66841795166468,0,1,-7.26
822,2018,Florida,FL-19,David Holden,Francis Rooney,128106.0,211465.0,37.725836423016105,0,1,38.63868488886728,38.721183718276045,569097.82,602829.0,48.56086662476075,51.43913337523925,0,1,-7.26
823,2018,Florida,FL-22,Ted Deutch,Nicolas Kimaz,184634.0,113049.0,62.02369634812871,1,0,58.05073684029342,56.64141038051977,932395.42,53357.54,94.58712860471654,5.412871395283459,0,1,-7.26
824,2018,Florida,FL-23,Debbie Wasserman Schultz,Joseph Kaufman,161611.0,99446.0,61.9064035823594,1,0,63.34844233834072,61.93721740172739,1570604.92,139860.83,91.82323118717812,8.176768812821887,6,1,-7.26
825,2018,Florida,FL-25,Mary Barzee Flores,Mario Diaz-Balart,84173.0,128672.0,39.54661843125279,0,1,49.098597991371655,45.57239534224815,2037426.39,951207.0,68.17250977711925,31.827490222880773,5,1,-7.26
826,2018,Florida,FL-26,Debbie Mucarsel-Powell,Carlos Curbelo,119797.0,115678.0,50.87461513961142,0,1,58.35775979989839,55.81679476649872,3416116.32,1940317.83,63.77594168687764,36.22405831312236,5,1,-7.26
827,2018,Florida,FL-27,Donna Shalala,Maria Elvira Salazar,130743.0,115588.0,53.07614551152717,0,0,60.05670021314313,53.36979078200119,2988643.76,1682147.84,63.985808315661096,36.01419168433891,5,1,-7.26
828,2018,Georgia,GA-01,Lisa Ring,Buddy Carter,105942.0,144741.0,42.2613420136188,0,1,42.02741565148406,43.49070933805733,212455.55,943035.72,18.38659932065086,81.61340067934914,1,1,-7.26
829,2018,Georgia,GA-02,Sanford Bishop,Herman West,136699.0,92472.0,59.649344812389,1,0,55.96638448666207,58.94885928647986,220701.3,19049.0,92.05465019230424,7.945349807695758,3,1,-7.26
830,2018,Georgia,GA-03,Chuck Enderlin,Drew Ferguson,101010.0,191996.0,34.47369678436619,0,1,33.73912986039323,33.38125860178883,50339.88,531031.0,8.65882377872108,91.34117622127891,1,1,-7.26
831,2018,Georgia,GA-04,Hank Johnson,Joe Profit,227717.0,61092.0,78.84691959045598,1,0,77.19743255303082,74.20580743759551,38107.19,68818.47,35.638957009945045,64.36104299005495,3,1,-7.26
832,2018,Georgia,GA-06,Lucy McBath,Karen Handel,160139.0,156875.0,50.51480376260985,0,1,49.21532597691519,38.10730756997455,2316740.59,6884182.59,25.17943628782693,74.82056371217305,0,1,-7.26
833,2018,Georgia,GA-07,Carolyn Bourdeaux,Rob Woodall,140011.0,140430.0,49.92529622986653,0,1,46.6709326620872,38.88326747948399,2553486.79,507599.68,83.41766281434056,16.582337185659444,6,1,-7.26
834,2018,Georgia,GA-09,Josh McCall,Doug Collins,57912.0,224661.0,20.49452707795861,0,1,19.90840498576189,20.767815003474794,96183.51,493442.35,16.312634252507173,83.68736574749282,2,1,-7.26
835,2018,Georgia,GA-10,Tabitha Johnson-Green,Jody Hice,112339.0,190396.0,37.108031776966655,0,1,36.86073249793112,36.75802458112837,17115.45,457798.3,3.6039070252230014,96.396092974777,1,1,-7.26
836,2018,Georgia,GA-11,Flynn Broady,Barry Loudermilk,118653.0,191887.0,38.20860436658723,0,1,36.938814349605096,31.96597858939081,23575.09,251125.45,8.58210544471445,91.41789455528554,0,1,-7.26
837,2018,Georgia,GA-12,Francys Johnson,Rick Allen,101503.0,148986.0,40.52193908714554,0,1,41.7157780662554,44.05451268563774,231602.23,713066.75,24.51676035768635,75.48323964231365,1,1,-7.26
838,2018,Georgia,GA-13,David Scott,David Callahan,223157.0,69760.0,76.18437987552788,1,0,72.74433597535473,69.78962691729271,65584.32,7632.0,89.57609451007644,10.423905489923555,3,1,-7.26
839,2018,Georgia,GA-14,Steve Foster,Tom Graves,53981.0,175743.0,23.498197837404884,0,1,22.75428608241196,25.692851223448336,4795.0,660088.0,0.7211795157945082,99.27882048420548,2,1,-7.26
840,2018,Hawaii,HI-01,Ed Case,Campbell Cavasso,134650.0,42498.0,76.0098900354506,0,0,67.3773127472247,70.60514824823046,338209.35,128723.78,72.43207394600593,27.567926053994068,4,1,-7.26
841,2018,Hawaii,HI-02,Tulsi Gabbard,Brian Evans,153271.0,44850.0,77.36231898688175,1,0,67.50411634878611,72.80318091451292,1383619.18,0.0,100.0,0.0,4,1,-7.26
842,2018,Idaho,ID-01,Cristina McNeil,Russ Fulcher,96922.0,197719.0,32.89494673178546,0,0,28.49793018188176,33.14612910816535,22104.64,625104.7,3.4153771637473587,96.58462283625263,2,1,-7.26
843,2018,Idaho,ID-02,Aaron Swisher,Mike Simpson,110381.0,170274.0,39.32978211683383,0,1,35.360966887131866,34.01624901182006,115407.92,354350.95,24.567480758798656,75.43251924120135,2,1,-7.26
844,2018,Illinois,IL-01,Bobby Rush,Jimmy Tillman,189560.0,50960.0,78.81257275902212,1,0,77.85249347820582,79.58792249306892,31313.12,0.0,100.0,0.0,3,1,-7.26
845,2018,Illinois,IL-02,Robin Kelly,David Merkle,190684.0,44567.0,81.05555343016609,1,0,80.31416454622561,81.32445656221566,348587.54,0.0,100.0,0.0,3,1,-7.26
846,2018,Illinois,IL-03,Dan Lipinski,Arthur Jones,163053.0,57885.0,73.80034217744344,1,0,58.04021212411769,56.77277612695202,696717.24,0.0,100.0,0.0,6,1,-7.26
847,2018,Illinois,IL-04,Chuy Garcia,Mark Lorch,143895.0,22294.0,86.5851530486374,0,0,86.1090712904821,82.5871875828493,512010.02,3700.0,99.28254254202778,0.7174574579722146,5,1,-7.26
848,2018,Illinois,IL-05,Mike Quigley,Tom Hanson,213992.0,65134.0,76.66501866540558,1,0,74.65341584254853,67.48246861909693,667366.15,0.0,100.0,0.0,0,1,-7.26
849,2018,Illinois,IL-06,Sean Casten,Peter Roskam,169001.0,146445.0,53.57525535273866,0,1,53.73221942164139,45.82723809581261,5185560.79,3787714.25,57.78894290974503,42.211057090254975,0,1,-7.26
850,2018,Illinois,IL-07,Danny Davis,Craig Cameron,215746.0,30497.0,87.61507941342495,1,0,90.46316070475172,88.09161781672435,52486.39,0.0,100.0,0.0,3,1,-7.26
851,2018,Illinois,IL-08,Raja Krishnamoorthi,JD Diganvker,130054.0,67073.0,65.97472695267518,1,0,61.46691601806277,58.36301738981848,4272676.57,54519.77,98.74006710774763,1.2599328922523538,6,1,-7.26
852,2018,Illinois,IL-09,Jan Schakowsky,John Elleson,213368.0,76983.0,73.48622873694252,1,0,73.81631488876212,66.14778552473256,1152907.05,3542.0,99.69371759179532,0.3062824082046675,0,1,-7.26
853,2018,Illinois,IL-10,Brad Schneider,Douglas Bennett,156540.0,82124.0,65.59011832534442,1,0,65.52378510065392,58.305550616405874,3357417.11,150421.0,95.71186026027866,4.288139739721341,0,1,-7.26
854,2018,Illinois,IL-11,Bill Foster,Nick Stella,145407.0,82358.0,63.84080082541216,1,0,62.42302908969576,58.72314331663407,1685200.4,67400.0,96.15428593990964,3.845714060090367,6,1,-7.26
855,2018,Illinois,IL-12,Brendan Kelly,Mike Bost,118724.0,134884.0,46.81398063152582,0,1,42.20059232637849,50.8243739401024,2997757.67,1122007.43,72.76525717449279,27.23474282550721,1,1,-7.26
856,2018,Illinois,IL-13,Betsy Dirksen Londrigan,Rodney Davis,134458.0,136516.0,49.620258770214114,0,1,47.09336758120005,49.84088843812007,3371794.99,1053863.61,76.18741739365073,23.812582606349256,0,1,-7.26
857,2018,Illinois,IL-14,Lauren Underwood,Randy Hultgren,156035.0,141164.0,52.50185902375176,0,1,47.92134114652219,44.90688415104033,3982595.83,815959.61,82.99572402147759,17.0042759785224,0,1,-7.26
858,2018,Illinois,IL-15,Kevin Gaither,John Shimkus,74309.0,181294.0,29.072037495647542,0,1,25.74685676275235,34.75429032642206,43647.64,220449.0,16.527147032237895,83.4728529677621,2,1,-7.26
859,2018,Illinois,IL-16,Sara Dady,Adam Kinzinger,104569.0,151254.0,40.875527219991945,0,1,40.85020588788081,46.063921604185765,355808.31,460999.16,43.56085406515688,56.439145934843125,2,1,-7.26
860,2018,Illinois,IL-17,Cheri Bustos,Bill Fawell,142659.0,87090.0,62.093414987660445,1,0,49.62631844038872,58.62811145083001,2180721.17,3922.0,99.82047411431498,0.1795258856850292,1,1,-7.26
861,2018,Illinois,IL-18,Junius Rodriguez,Darin LaHood,95486.0,195927.0,32.76655468355907,0,1,35.41480683864516,38.14154675874944,72725.29,964402.19,7.012184268803677,92.98781573119632,2,1,-7.26
862,2018,Indiana,IN-01,Pete Visclosky,Mark Leyva,159611.0,85594.0,65.09288146652801,1,0,56.57152016055973,62.07278729223361,386559.72,0.0,100.0,0.0,0,1,-7.26
863,2018,Indiana,IN-02,Mel Hall,Jackie Walorski,103363.0,125499.0,45.16389789480124,0,1,37.82614480962609,42.89786661257906,842176.71,1029525.34,44.99523361637607,55.00476638362394,2,1,-7.26
864,2018,Indiana,IN-03,Courtney Tritch,Jim Banks,86610.0,158927.0,35.273706203138424,0,1,31.62763356245898,36.33869904522934,826333.95,455743.17,64.45274914507483,35.547250854925174,2,1,-7.26
865,2018,Indiana,IN-04,Tobi Beck,Jim Baird,87824.0,156539.0,35.93997454606467,0,0,31.948319255662867,37.71858583197975,97735.95,153846.52,38.84847382252031,61.151526177479695,2,1,-7.26
866,2018,Indiana,IN-05,Dee Thornton,Susan Brooks,137142.0,180035.0,43.238318036932064,0,1,43.74455360707864,41.45290497672924,190035.67,507862.8,27.229701477924152,72.77029852207586,0,1,-7.26
867,2018,Indiana,IN-06,Jeannine Lee Lake,Greg Pence,79430.0,154260.0,33.98947323377124,0,0,28.782354767694603,38.14946185269002,0.0,2132096.62,0.0,100.0,2,1,-7.26
868,2018,Indiana,IN-07,Andre Carson,Wayne Gunny Harmon,141139.0,76457.0,64.86286512619718,1,0,61.99379422409923,64.0207162157965,444422.89,380.0,99.9145689003954,0.0854310996045911,0,1,-7.26
869,2018,Indiana,IN-08,William Tanoos,Larry Bucshon,86895.0,157396.0,35.57028298218109,0,1,32.34253681974862,40.423375550565225,189945.92,237653.0,44.42151537707345,55.57848462292655,2,1,-7.26
870,2018,Indiana,IN-09,Liz Watson,Trey Hollingsworth,118090.0,153271.0,43.517675716112485,0,1,35.8792782587588,41.57928244444519,2197184.78,351721.07,86.20109605068387,13.798903949316138,2,1,-7.26
871,2018,Iowa,IA-01,Abby Finkenauer,Rod Blum,170342.0,153442.0,52.60976453438094,0,1,48.10938969055308,56.91732813911359,3631922.82,1374281.31,72.54843641383836,27.45156358616164,2,1,-7.26
872,2018,Iowa,IA-02,Dave Loebsack,Christopher Peters,171446.0,133287.0,56.261054759412346,1,0,47.81790693767849,56.617071663920925,935852.43,342728.87,73.19459701154709,26.805402988452904,2,1,-7.26
873,2018,Iowa,IA-03,Cindy Axne,David Young,175642.0,167933.0,51.12188022993524,0,1,48.11590822341915,52.175049389264274,4234207.41,800915.0,84.09343537687697,15.906564623123035,0,1,-7.26
874,2018,Iowa,IA-04,J.D. Scholten,Steve King,147246.0,157676.0,48.28972655302012,0,1,35.524356579204195,45.86141410721653,3045812.62,634141.36,82.76768232846217,17.23231767153784,2,1,-7.26
875,2018,Kansas,KS-01,Alan LaPolice,Roger Marshall,71558.0,153082.0,31.854522792022795,0,1,25.98038226737735,28.28897959818979,211196.38,366408.47,36.56416319911441,63.43583680088558,2,1,-7.26
876,2018,Kansas,KS-02,Paul Davis,Steve Watkins,123859.0,126098.0,49.552122965150005,0,0,40.129755148841056,43.26635403476058,2983326.41,504734.99,85.52964147936157,14.470358520638424,2,1,-7.26
877,2018,Kansas,KS-03,Sharice Davids,Kevin Yoder,170518.0,139762.0,54.9561686218899,0,1,50.65483416618829,45.14634958617542,3996428.93,2010074.91,66.53502663872433,33.46497336127567,0,1,-7.26
878,2018,Kansas,KS-04,James Thompson,Ron Estes,98445.0,144248.0,40.56359268705731,0,1,35.39426208039655,36.94949154360771,1412976.22,974261.41,59.18875449361948,40.81124550638053,0,1,-7.26
879,2018,Kentucky,KY-01,Paul Walker,James Comer,78849.0,172167.0,31.41194186824745,0,1,24.82264519669652,32.58901237228362,39719.87,269763.0,12.834270924267956,87.16572907573205,2,1,-7.26
880,2018,Kentucky,KY-02,Hank Linderman,Brett Guthrie,79964.0,171700.0,31.774111513764385,0,1,29.011547867774485,35.71066051187858,159224.06,351742.0,31.161376941552632,68.83862305844737,2,1,-7.26
881,2018,Kentucky,KY-03,John Yarmuth,Vickie Glisson,173002.0,101930.0,62.925377911629056,1,0,57.88719151748727,56.563973865258966,470259.5,648805.48,42.02253742226837,57.97746257773163,0,1,-7.26
882,2018,Kentucky,KY-04,Seth Hall,Thomas Massie,90536.0,162946.0,35.716934535785576,0,1,30.98617204699557,35.46400662609385,43072.22,207849.46,17.16560322726996,82.83439677273003,2,1,-7.26
883,2018,Kentucky,KY-05,Kenneth Stepp,Hal Rogers,45890.0,172093.0,21.052100393149924,0,1,17.997971767597136,23.656169245617857,1539.0,332324.01,0.4609675087994923,99.5390324912005,2,1,-7.26
884,2018,Kentucky,KY-06,Amy McGrath,Andy Barr,144736.0,154468.0,48.37368484378551,0,1,41.88448432095772,43.04467655460412,7596397.84,2807899.34,73.01211901753848,26.987880982461515,2,1,-7.26
885,2018,Louisiana,LA-01,"Jungle, 3 Democrats",Steve Scalise,71521.0,192555.0,27.083491116193827,0,1,27.98462696573707,27.48827986904195,297532.82,9846125.18,2.9331905708966133,97.0668094291034,0,1,-7.26
886,2018,Louisiana,LA-03,"Jungle, 4 Democrats",Clay Higgins,74713.0,168263.0,30.74912748584222,0,1,30.26070313773554,32.79813228243742,236248.31,805948.94,22.6682914390726,77.33170856092741,1,1,-7.26
887,2018,Louisiana,LA-04,Ryan Trundle,Mike Johnson,72934.0,139326.0,34.360689720154525,0,1,37.664095407912754,40.187733573312336,23088.67,727535.1,3.0759311019420554,96.92406889805794,1,1,-7.26
888,2018,Louisiana,LA-05,Jessee Carlton Fleenor,Ralph Abraham,67118.0,149018.0,31.053595884073,0,1,34.9455021441,38.166441136671175,21963.58,494948.94,4.248993620816149,95.75100637918383,1,1,-7.26
889,2018,Louisiana,LA-06,"Jungle, 2 Democrats",Garret Graves,76716.0,186553.0,29.13977718607204,0,1,32.3648836834313,32.57647280966767,36483.65,599489.5,5.736665140658847,94.26333485934116,1,1,-7.26
890,2018,Maine,ME-01,Chellie Pingree,Mark Holbrook,201195.0,111188.0,64.40651379876627,1,0,57.94503238035066,60.94111926926272,481124.69,80436.91,85.6762089857996,14.3237910142004,2,1,-7.26
891,2018,Maine,ME-02,Jared Golden,Bruce Poliquin,139231.0,136326.0,50.52711417238539,0,1,44.449146046055255,54.41545592788699,5073758.46,1788534.83,73.93677660780949,26.063223392190515,2,1,-7.26
892,2018,Maryland,MD-01,Jesse Colvin,Andy Harris,116631.0,183662.0,38.83906717772309,0,1,35.02366154119227,38.44071839805491,1786516.48,1114588.07,61.58056178981899,38.41943821018102,2,1,-7.26
893,2018,Maryland,MD-02,Dutch Ruppersberger,Liz Matory,167201.0,77782.0,68.25004183963786,1,0,62.73417168285754,64.31446229913473,309821.4,31905.0,90.66358349837763,9.336416501622349,3,1,-7.26
894,2018,Maryland,MD-03,John Sarbanes,Charles Anthony,202407.0,82774.0,70.97492469694686,1,0,66.05355577756394,62.06638177592724,913106.09,0.0,100.0,0.0,0,1,-7.26
895,2018,Maryland,MD-04,Anthony Brown,George McDermott,209642.0,53327.0,79.72118386577885,1,0,79.65924134055867,78.94554851298074,302585.04,0.0,100.0,0.0,3,1,-7.26
896,2018,Maryland,MD-05,Steny Hoyer,William Devine III,213796.0,82361.0,72.19008836529274,1,0,66.61684646710009,67.12424277060235,1083039.96,0.0,100.0,0.0,3,1,-7.26
897,2018,Maryland,MD-06,David Trone,Amie Hoeber,163346.0,105209.0,60.824039768390094,0,0,57.85875790441405,56.29365119386803,0.0,297618.61,0.0,100.0,0,1,-7.26
898,2018,Maryland,MD-07,Elijah Cummings,Richmond Davis,202345.0,56266.0,78.24299817099813,1,0,78.94467163273976,77.33992668259825,435404.37,16820.0,96.28060734542017,3.719392654579849,3,1,-7.26
899,2018,Maryland,MD-08,Jamie Raskin,John Walsh,217679.0,96525.0,69.27951267329505,1,0,68.0113841965296,63.234367138751225,824912.03,0.0,100.0,0.0,0,1,-7.26
900,2018,Massachusetts,MA-02,Jim McGovern,Tracy Lovvorn,191332.0,93391.0,67.19934813836606,1,0,60.40822319219158,59.97072824754165,572917.57,6964.0,98.79906512634984,1.200934873650149,0,1,-7.26
901,2018,Massachusetts,MA-03,Lori Trahan,Rick Green,173175.0,93445.0,64.95199159852974,0,0,62.19816793799552,57.88073198301409,1819341.82,756235.93,70.63820224413726,29.36179775586274,0,1,-7.26
902,2018,Massachusetts,MA-05,Katherine Clark,John Hugo,236243.0,74856.0,75.93820616588289,1,0,72.96677282078741,66.30291246860232,769650.34,0.0,100.0,0.0,0,1,-7.26
903,2018,Massachusetts,MA-06,Seth Moulton,Josephine Schneider,217703.0,104798.0,67.50459688497091,1,0,59.47019587307128,55.50267168278054,1509050.93,220861.3,87.23280313475787,12.767196865242116,0,1,-7.26
904,2018,Massachusetts,MA-09,Bill Keating,Peter Tedeschi,192347.0,131463.0,59.4011920570705,1,0,55.67920828548524,56.28305985769212,582258.09,632995.69,47.912468949489714,52.08753105051029,0,1,-7.26
905,2018,Michigan,MI-01,Matt Morgan,Jack Bergman,145246.0,187251.0,43.683401654751776,0,1,38.725044251131344,45.82285722458203,1159379.61,699775.56,62.3605618674637,37.6394381325363,2,1,-7.26
906,2018,Michigan,MI-02,Rob Davidson,Bill Huizenga,131254.0,168970.0,43.718690044766575,0,1,40.674937050912,43.47147643306256,1142405.45,749908.4,60.37082326486168,39.6291767351383,2,1,-7.26
907,2018,Michigan,MI-03,Cathy Albro,Justin Amash,134185.0,169107.0,44.24284188175092,0,1,44.96237113716682,46.27083138106048,119671.91,580530.57,17.091043436464265,82.90895656353572,2,1,-7.26
908,2018,Michigan,MI-04,Jerry Hilliard,John Moolenaar,106540.0,178510.0,37.375898965093846,0,1,36.81980078869303,45.94655797101449,0.0,610793.81,0.0,100.0,2,1,-7.26
909,2018,Michigan,MI-05,Dan Kildee,Travis Wines,164502.0,99265.0,62.36640671501742,1,0,52.24246154635276,61.30418852378442,371091.31,0.0,100.0,0.0,1,1,-7.26
910,2018,Michigan,MI-06,Matt Longjohn,Fred Upton,134082.0,147436.0,47.62821560255472,0,1,45.52026588275185,49.3236806419681,1300383.16,1161194.15,52.827232145717176,47.17276785428283,2,1,-7.26
911,2018,Michigan,MI-07,Gretchen Driskell,Tim Walberg,136330.0,158730.0,46.20416186538331,0,1,40.958094271545136,48.4379188497624,2045094.1,1005225.09,67.04524912358436,32.95475087641566,2,1,-7.26
912,2018,Michigan,MI-08,Elissa Slotkin,Mike Bishop,172880.0,159782.0,51.968664891090654,0,1,46.407979070180936,48.399940389660415,5647740.54,1341122.85,80.81057283336024,19.18942716663976,0,1,-7.26
913,2018,Michigan,MI-09,Andy Levin,Candius Stearns,181734.0,112123.0,61.84436647757242,0,0,54.05808398438653,57.72678638558746,963024.14,80170.0,92.31494916181182,7.685050838188181,0,1,-7.26
914,2018,Michigan,MI-10,Kimberly Bizon,Paul Mitchell,106061.0,182808.0,36.71595082892245,0,1,33.13396007455251,44.1645193732482,43944.25,239872.81,15.483301109524565,84.51669889047544,2,1,-7.26
915,2018,Michigan,MI-11,Haley Stevens,Lena Epstein,181912.0,158463.0,53.44458318031583,0,0,47.69755619459971,47.283614934563424,3176601.74,1340529.05,70.3234395389291,29.67656046107091,0,1,-7.26
916,2018,Michigan,MI-12,Debbie Dingell,Jeff Jones,200588.0,85115.0,70.20857323864293,1,0,63.82143299863642,66.88624614428893,541260.25,81060.0,86.9745520895391,13.02544791046089,0,1,-7.26
917,2018,Michigan,MI-14,Brenda Lawrence,Marc Herschfus,214334.0,45899.0,82.36234451433907,1,0,81.2667838720272,81.31486859645781,308414.95,0.0,100.0,0.0,3,1,-7.26
918,2018,Minnesota,MN-01,Dan Feehan,Jim Hagedorn,144885.0,146200.0,49.774120961231255,0,0,41.868867568276805,50.69280594590252,2992042.23,1227902.5,70.90240326441432,29.09759673558568,2,1,-7.26
919,2018,Minnesota,MN-02,Angie Craig,Jason Lewis,177958.0,159344.0,52.75924838868432,0,1,49.34887955424179,50.030591968119374,3651405.33,1405992.14,72.19929522367559,27.800704776324416,0,1,-7.26
920,2018,Minnesota,MN-03,Dean Phillips,Erik Paulsen,202404.0,160839.0,55.72137659913612,0,1,55.131770156135616,50.41669304498664,4889905.98,2601087.29,65.2771375403999,34.7228624596001,0,1,-7.26
921,2018,Minnesota,MN-04,Betty McCollum,Greg Ryan,216865.0,97747.0,68.93093715433614,1,0,66.81364675817845,63.77151325502985,432251.1,16459.76,96.33176696458828,3.668233035411713,0,1,-7.26
922,2018,Minnesota,MN-05,Ilhan Omar,Jennifer Zielinski,267703.0,74440.0,78.24301534738399,0,0,79.95683415365988,75.39159652792648,894239.04,17139.12,98.11942827333058,1.880571726669421,0,1,-7.26
923,2018,Minnesota,MN-06,Ian Todd,Tom Emmer,122332.0,192931.0,38.80315799824274,0,1,36.07429616087751,42.37664266300541,76700.61,820561.54,8.54829438642876,91.45170561357124,2,1,-7.26
924,2018,Minnesota,MN-07,Collin Peterson,Dave Hughes,146672.0,134668.0,52.13336176867847,1,0,33.43105879193429,45.03419855890564,290567.84,182965.53,61.36163962425712,38.6383603757429,2,1,-7.26
925,2018,Minnesota,MN-08,Joe Radinovich,Pete Stauber,141950.0,159364.0,47.11032344995586,0,0,41.585693549741485,52.79641994922796,1731689.63,1243565.18,58.20306967254345,41.79693032745656,2,1,-7.26
926,2018,Mississippi,MS-01,Randy Wadkins,Trent Kelly,76601.0,158245.0,32.61754511467089,0,1,33.15740637153932,37.430393588309286,153379.59,476172.85,24.36327464635035,75.63672535364965,1,1,-7.26
927,2018,Mississippi,MS-03,Michael Evans,Michael Guest,94461.0,160284.0,37.08061002178649,0,0,37.49838651282132,39.43905940417858,0.0,677722.13,0.0,100.0,1,1,-7.26
928,2018,Mississippi,MS-04,Jeramey Anderson,Steven Palazzo,68787.0,152633.0,31.06629934061964,0,1,28.928756003859817,31.60651980746601,134520.34,212578.0,38.755685204371765,61.24431479562824,1,1,-7.26
929,2018,Missouri,MO-01,Lacy Clay,Robert Vroman,219781.0,45867.0,82.73391856893333,1,0,80.36330626332683,80.86873701223736,84385.85,100.0,99.88163698418136,0.1183630158186252,3,1,-7.26
930,2018,Missouri,MO-02,Cort VanOstran,Ann Wagner,177611.0,192477.0,47.99155876440198,0,1,44.58015152237578,42.03493740074602,2165382.56,1533956.73,58.53430545971899,41.465694540281,0,1,-7.26
931,2018,Missouri,MO-03,Katy Geppert,Blaine Luetkemeyer,106589.0,211243.0,33.536270734224374,0,1,29.500926367640368,36.76958098551929,20010.12,576745.0,3.3531543055717727,96.64684569442824,2,1,-7.26
932,2018,Missouri,MO-04,Renee Hoagenson,Vicky Hartzler,95968.0,190138.0,33.5428128036462,0,1,31.00687564827985,37.287144722930535,437185.26,751297.25,36.78516564791517,63.21483435208483,2,1,-7.26
933,2018,Missouri,MO-05,Emanuel Cleaver,Jacob Turk,175019.0,101069.0,63.392469067833446,1,0,57.11917231629342,59.94231284005498,310673.91,84551.0,78.6068646331022,21.3931353668978,0,1,-7.26
934,2018,Missouri,MO-06,Henry Martin,Sam Graves,97660.0,199796.0,32.83174654402668,0,1,33.40657243963736,38.70191374558441,33568.73,291339.33,10.331762776214294,89.66823722378572,2,1,-7.26
935,2018,Missouri,MO-07,Jamie Schoolcraft,Billy Long,89190.0,196343.0,31.236319444687656,0,1,25.96636820266433,30.99532481857037,39903.52,504379.63,7.331389920852775,92.6686100791472,2,1,-7.26
936,2018,Missouri,MO-08,Kathy Ellis,Jason Smith,66151.0,194042.0,25.423820010530644,0,1,21.81166890683927,32.684986317134694,159979.21,435840.0,26.850294068229186,73.14970593177081,2,1,-7.26
937,2018,Montana,MT-00,Kathleen Williams,Greg Gianforte,233284.0,256661.0,47.61432405678188,0,1,38.89033568297556,42.96576813611854,3863400.12,6458278.94,37.42995783478662,62.57004216521338,2,1,-7.26
938,2018,Nebraska,NE-01,Jessica McClure,Jeff Fortenberry,93069.0,141712.0,39.64077161269438,0,1,38.672537974708014,41.51763059558044,70779.02,369312.76,16.082786186099636,83.91721381390036,2,1,-7.26
939,2018,Nebraska,NE-02,Kara Eastman,Don Bacon,121770.0,126715.0,49.00497011892066,0,1,48.80792828210627,46.40309528972688,2096387.93,1007221.36,67.54677326023855,32.45322673976143,0,1,-7.26
940,2018,Nebraska,NE-03,Paul Theobald,Adrian Smith,49654.0,163650.0,23.278513295578144,0,1,21.07603835884797,28.372243073751463,75561.03,244884.79,23.57997055477272,76.42002944522727,2,1,-7.26
941,2018,Nevada,NV-01,Dina Titus,Joyce Bentley,100707.0,46978.0,68.19040525442665,1,0,65.38312297228839,66.95268941081851,267289.85,0.0,100.0,0.0,6,1,-7.26
942,2018,Nevada,NV-02,Clint Koble,Mark Amodei,120102.0,167435.0,41.76923317694767,0,1,43.25754560142365,45.8767686561178,122395.27,664967.0,15.544975250084056,84.45502474991594,0,1,-7.26
943,2018,Nevada,NV-03,Susie Lee,Danny Tarkanian,148501.0,122566.0,54.78387262189791,0,0,49.46746875479408,50.40593530148275,3441827.73,0.0,100.0,0.0,6,1,-7.26
944,2018,Nevada,NV-04,Steven Horsford,Cresent Hardy,121962.0,102748.0,54.275288149170045,0,0,52.62814359761951,55.45804916603518,1306551.83,549130.45,70.40816437606982,29.59183562393019,6,1,-7.26
945,2018,New Hampshire,NH-01,Chris Pappas,Eddie Edwards,155884.0,130996.0,54.33770217512549,0,0,49.16123799287016,50.81246968661276,1706328.82,1094637.81,60.91928414013272,39.08071585986728,2,1,-7.26
946,2018,New Hampshire,NH-02,Annie Kuster,Steve Negron,155358.0,117990.0,56.83524298696168,1,0,51.26582834132737,54.887983119638406,2139892.27,174840.84,92.44660910388932,7.553390896110697,2,1,-7.26
947,2018,New Jersey,NJ-01,Donald Norcross,Paul Dilks,169628.0,87617.0,65.94025151120528,1,0,62.64759666442535,65.78656160787074,1199389.97,10898.0,99.09955314188574,0.9004468581142717,0,1,-7.26
948,2018,New Jersey,NJ-02,Jeff Van Drew,Seth Grossman,136685.0,116866.0,53.90828669577324,0,0,47.609159675245536,54.122606482157046,1141047.23,276139.2,80.51497007348569,19.48502992651433,0,1,-7.26
949,2018,New Jersey,NJ-03,Andy Kim,Tom MacArthur,153473.0,149500.0,50.65566898700544,0,1,46.79514616219709,52.31203485365148,5208083.54,1328624.78,79.67440621551245,20.32559378448754,0,1,-7.26
950,2018,New Jersey,NJ-04,Josh Welle,Chris Smith,126766.0,163065.0,43.73790243279704,0,1,42.36806259962325,45.16548603450424,1678470.23,911881.23,64.7970075072361,35.2029924927639,0,1,-7.26
951,2018,New Jersey,NJ-05,Josh Gottheimer,John McCann,169546.0,128255.0,56.93264965530673,1,0,49.41835856383568,48.47949915021611,5147323.77,380419.51,93.11799606583756,6.882003934162443,0,1,-7.26
952,2018,New Jersey,NJ-06,Frank Pallone,Rich Pezzullo,140752.0,80443.0,63.63254142272656,1,0,58.05208600678701,62.159653347637686,924798.29,32260.0,96.62925442085664,3.3707455791433563,6,1,-7.26
953,2018,New Jersey,NJ-07,Tom Malinowski,Leonard Lance,166985.0,150785.0,52.54901343739182,0,1,50.580528751863184,46.89340663263485,5119597.43,1408923.44,78.41894867068106,21.58105132931895,0,1,-7.26
954,2018,New Jersey,NJ-08,Albio Sires,John Muniz,119881.0,28725.0,80.67036324239936,1,0,77.89308598826007,79.03577831475563,163170.38,2101.0,98.72875751385388,1.2712424861461191,5,1,-7.26
955,2018,New Jersey,NJ-09,Bill Pascrell,Eric Fisher,140832.0,57854.0,70.88169272117814,1,0,65.99443723345077,68.94790724725435,673938.14,0.0,100.0,0.0,6,1,-7.26
956,2018,New Jersey,NJ-10,Donald Payne,Agha Khan,175253.0,20191.0,89.66916354556804,1,0,86.94433185960816,88.41513390582658,98793.42,0.0,100.0,0.0,3,1,-7.26
957,2018,New Jersey,NJ-11,Mikie Sherrill,Jay Webber,183684.0,136322.0,57.40017374674225,0,0,49.5432437573024,47.07977700220003,6673024.41,1345173.04,83.22349819409848,16.776501805901525,0,1,-7.26
958,2018,New Jersey,NJ-12,Bonnie Watson Coleman,Daryl Kipnis,173334.0,79041.0,68.68112927191679,1,0,67.16715238395295,67.22211105043769,476828.45,24183.35,95.17309771945492,4.826902280545089,6,1,-7.26
959,2018,New Mexico,NM-01,Deb Haaland,Janice Arnold-Jones,147336.0,90507.0,61.94674638311828,0,0,59.52332829389365,58.250268993962585,1807715.75,294729.43,85.9815878766456,14.018412123354388,6,1,-7.26
960,2018,New Mexico,NM-02,Xochitl Torres Small,Yvette Herrell,101489.0,97767.0,50.93397438471112,0,0,44.337172028968304,46.46685174703287,3862936.05,1203445.16,76.24645461686448,23.753545383135503,5,1,-7.26
961,2018,New Mexico,NM-03,Ben Ray Lujan,Jerald McFall,155201.0,76427.0,67.00442088175869,1,0,58.56428987948685,59.79689710296604,598484.29,0.0,100.0,0.0,6,1,-7.26
962,2018,New York,NY-01,Perry Gershon,Lee Zeldin,127991.0,139027.0,47.93347264978391,0,1,43.64367812556708,50.27293941875725,2598950.66,2859626.51,47.61223628537618,52.38776371462382,0,1,-7.26
963,2018,New York,NY-02,Liuba Grechen Shirley,Peter King,113074.0,128078.0,46.88909899150743,0,1,45.35093613713322,52.23027506602178,1830885.78,792299.07,69.79629285370416,30.203707146295844,0,1,-7.26
964,2018,New York,NY-03,Tom Suozzi,Dan DeBono,157456.0,109514.0,58.97891148818219,1,0,53.18378426751782,51.29244921931711,1850342.04,411760.79,81.79743270114737,18.20256729885263,0,1,-7.26
965,2018,New York,NY-04,Kathleen Rice,Ameer Benno,159535.0,100571.0,61.3346097360307,1,0,54.94570962439737,56.839787982624536,765451.09,29869.0,96.24440519288278,3.75559480711722,0,1,-7.26
966,2018,New York,NY-09,Yvette Clarke,Lutchi Gayot,181455.0,20901.0,89.67117357528316,1,0,85.26641225061591,86.03587477941517,457381.67,475.0,99.89625574309096,0.1037442569090453,3,1,-7.26
967,2018,New York,NY-10,Jerrold Nadler,Naomi Levin,173095.0,37619.0,82.14689104663194,1,0,80.6604979295537,74.64258388425134,803867.26,80614.0,90.88573114596004,9.114268854039938,0,1,-7.26
968,2018,New York,NY-11,Max Rose,Dan Donovan,101823.0,89441.0,53.23688723439852,0,1,44.95432554257785,52.16021240710732,3754933.27,1469116.88,71.87781820968927,28.12218179031072,0,1,-7.26
969,2018,New York,NY-12,Carolyn Maloney,Eliot Rabin,217430.0,30446.0,87.71724571963401,1,0,86.06528949273532,78.14940757664311,1172000.4,10312.86,99.12773878557364,0.8722612144263696,0,1,-7.26
970,2018,New York,NY-13,Adriano Espaillat,Jineea Butler,180035.0,10268.0,94.60439404528567,1,0,94.43466908843229,95.40794801647536,447742.37,0.0,100.0,0.0,5,1,-7.26
971,2018,New York,NY-14,Alexandria Ocasio-Cortez,Anthony Pappas,110318.0,19202.0,85.17449042618901,0,0,79.70173767022693,81.534444835212,2045386.06,8161.0,99.60259006676964,0.397409933230359,5,1,-7.26
972,2018,New York,NY-15,Jose Serrano,Jason Gonzalez,124469.0,5205.0,95.98608819038512,1,0,95.03720376009532,96.9917534992444,68428.94,0.0,100.0,0.0,5,1,-7.26
973,2018,New York,NY-18,Sean Patrick Maloney,James O'Donnell,139564.0,112035.0,55.47080870750679,1,0,49.00177655616264,52.17364012359026,1747607.41,287771.0,85.86154797623111,14.138452023768888,0,1,-7.26
974,2018,New York,NY-19,Antonio Delgado,John Faso,147873.0,132873.0,52.67145391207711,0,1,46.40881423329579,53.19685601519458,8143823.14,2278178.53,78.14068158751311,21.85931841248688,2,1,-7.26
975,2018,New York,NY-20,Paul Tonko,Francis Vitollo,176811.0,89058.0,66.50305225505794,1,0,57.13931993444994,60.4036411934303,473201.09,0.0,100.0,0.0,0,1,-7.26
976,2018,New York,NY-21,Tedra Cobb,Elise Stefanik,99791.0,131981.0,43.05567540513953,0,1,42.61728715189464,53.14087848178757,1434272.76,1071833.95,57.23111287627493,42.76888712372507,2,1,-7.26
977,2018,New York,NY-22,Anthony Brindisi,Claudia Tenney,127715.0,123242.0,50.89118853030599,0,1,41.774967115989874,49.75558762036574,3556650.4,1225514.02,74.37323537278127,25.626764627218733,2,1,-7.26
978,2018,New York,NY-23,Tracy Mitrano,Tom Reed,109932.0,130323.0,45.7563838421677,0,1,42.10324011875433,49.38011730399873,1718482.88,1540785.19,52.72603673867182,47.27396326132818,2,1,-7.26
979,2018,New York,NY-24,Dana Balter,John Katko,123226.0,136920.0,47.3680164215479,0,1,51.93580114449213,58.12917745631042,2347956.38,1006957.09,69.98560174489388,30.01439825510612,2,1,-7.26
980,2018,New York,NY-25,Joe Morelle,Jim Maxwell,159244.0,110736.0,58.98362841691978,0,0,58.648521248929775,59.8606727243743,1022471.98,479446.98,68.07770640301392,31.922293596986083,0,1,-7.26
981,2018,New York,NY-26,Brian Higgins,Renee Zeno,169166.0,61488.0,73.34188871643241,1,0,60.27487675923189,65.08204170242844,416426.07,100.0,99.97599189889844,0.0240081011015709,0,1,-7.26
982,2018,New York,NY-27,Nate McMurray,Chris Collins,139059.0,140146.0,49.80534016224637,0,1,37.1172973104421,43.68500275804899,1156983.17,398618.83,74.3752688669724,25.6247311330276,2,1,-7.26
983,2018,North Carolina,NC-01,GK Butterfield,Roger Allison,190457.0,82218.0,69.84762079398551,1,0,68.90863856651855,68.55542452830188,102895.8,28309.46,78.4235327150756,21.5764672849244,3,1,-7.26
984,2018,North Carolina,NC-02,Linda Coleman,George Holding,151977.0,170072.0,47.19064490186276,0,1,45.01808461676474,43.45400453135655,1371252.78,1225546.13,52.80550506700574,47.194494932994246,1,1,-7.26
985,2018,North Carolina,NC-04,David Price,Steve Von Loor,247067.0,82052.0,75.06919989426318,1,0,70.75069112842422,65.35954963415516,426589.64,0.0,100.0,0.0,0,1,-7.26
986,2018,North Carolina,NC-05,DD Adams,Virginia Foxx,120468.0,159917.0,42.96520855252599,0,1,40.94358885869174,42.81044317041121,340759.54,1301396.98,20.750734528033902,79.24926547196608,1,1,-7.26
987,2018,North Carolina,NC-06,Ryan Watts,Mark Walker,123651.0,160709.0,43.48396398930932,0,1,42.47926377844804,43.56261896919117,313645.4,342586.99,47.79486730302965,52.205132696970345,1,1,-7.26
988,2018,North Carolina,NC-07,Kyle Horton,David Rouzer,120838.0,156809.0,43.52217023774793,0,1,40.924291965531765,43.6226557289782,850944.95,651134.51,56.65112749760921,43.34887250239079,1,1,-7.26
989,2018,North Carolina,NC-08,Frank McNeill,Richard Hudson,114119.0,141402.0,44.66129985402374,0,1,42.29446207149199,44.79381034674108,614372.14,952805.35,39.202460724470974,60.79753927552902,1,1,-7.26
990,2018,North Carolina,NC-09,Dan McCready,Mark Harris,138341.0,139246.0,49.8369880433882,0,0,44.02746927069924,44.15524907679554,4882146.52,1764278.78,73.45522291509091,26.54477708490909,1,1,-7.26
991,2018,North Carolina,NC-10,David Brown,Patrick McHenry,113259.0,164969.0,40.7072616702848,0,1,37.34809535782304,40.87340835984211,126029.92,869217.0,12.663181112884024,87.33681888711598,2,1,-7.26
992,2018,North Carolina,NC-11,Phillip Price,Mark Meadows,116508.0,178012.0,39.55860382996062,0,1,34.99252417278347,39.5752503362726,221599.82,1399208.83,13.67217653977846,86.32782346022154,2,1,-7.26
993,2018,North Carolina,NC-12,Alma Adams,Paul Wright,203974.0,75164.0,73.0728170295696,1,0,70.669214287164,68.40511410226429,131661.88,0.0,100.0,0.0,3,1,-7.26
994,2018,North Carolina,NC-13,Kathy Manning,Ted Budd,130402.0,147570.0,46.91191918610508,0,1,45.17666457729816,46.56699778460659,3043295.24,1309901.6,69.90943327065358,30.09056672934643,1,1,-7.26
995,2018,North Dakota,ND-00,Mac Schneider,Kelly Armstrong,114377.0,193568.0,37.1420221143386,0,0,30.19075710348025,39.88210485958018,635380.72,984322.13,39.22822757273039,60.7717724272696,2,1,-7.26
996,2018,Ohio,OH-01,Aftab Pureval,Steve Chabot,141118.0,154409.0,47.75130529528605,0,1,46.526575591090506,46.89028963002406,3480095.38,1017436.84,77.37788657798654,22.622113422013463,0,1,-7.26
997,2018,Ohio,OH-02,Jill Schiller,Brad Wenstrup,119333.0,166714.0,41.717969424605045,0,1,41.56887642108372,44.36491947023203,531068.37,437696.72,54.81910686934436,45.18089313065565,2,1,-7.26
998,2018,Ohio,OH-03,Joyce Beatty,James Burgess,181575.0,65040.0,73.62690833890882,1,0,70.0854900106238,70.67667953943379,289289.94,0.0,100.0,0.0,0,1,-7.26
999,2018,Ohio,OH-04,Janet Garrett,Jim Jordan,89412.0,167993.0,34.73592199063732,0,1,32.31362451192778,42.873683562234405,676418.06,910217.82,42.6322175444564,57.36778245554361,2,1,-7.26
1000,2018,Ohio,OH-05,Michael Galbraith,Bob Latta,99655.0,176569.0,36.07760368396664,0,1,36.69229612195964,44.99770206982888,199993.38,493224.95,28.84998439092053,71.15001560907946,2,1,-7.26
1001,2018,Ohio,OH-06,Shawna Roberts,Bill Johnson,76716.0,172774.0,30.749128221572008,0,1,27.821085097799354,43.60123277390096,20381.55,793297.66,2.5048630651384096,97.49513693486158,2,1,-7.26
1002,2018,Ohio,OH-07,Ken Harbaugh,Bob Gibbs,107536.0,153117.0,41.25638300729322,0,1,34.44345582630936,45.15983019952779,2467011.22,318205.34,88.57520292784702,11.424797072152982,2,1,-7.26
1003,2018,Ohio,OH-08,Vanessa Enoch,Warren Davidson,87281.0,173852.0,33.42396403365335,0,1,31.97551104989212,37.05650851110701,60283.1,324911.58,15.650034418959264,84.34996558104075,2,1,-7.26
1004,2018,Ohio,OH-09,Marcy Kaptur,Steve Kraus,157219.0,74670.0,67.79924877851042,1,0,61.644426810338224,68.63693977602104,184948.69,36184.0,83.63697380066239,16.3630261993376,0,1,-7.26
1005,2018,Ohio,OH-10,Theresa Gasper,Mike Turner,118785.0,157554.0,42.98524638216104,0,1,46.17801015583117,49.0260945982339,995282.01,614970.45,61.80906626281447,38.19093373718553,0,1,-7.26
1006,2018,Ohio,OH-11,Marcia Fudge,Beverly Goldstein,206138.0,44486.0,82.24990423901941,1,0,82.55147217394614,83.33440248116672,153215.0,21694.0,87.59697900050884,12.403020999491163,3,1,-7.26
1007,2018,Ohio,OH-12,Danny O'Connor,Troy Balderson,161251.0,175677.0,47.85918653243423,0,1,44.07298548331015,44.67142262584439,8050254.59,1442473.18,84.80443961999345,15.195560380006556,0,1,-7.26
1008,2018,Ohio,OH-13,Tim Ryan,Chris DePizzo,153323.0,98047.0,60.994947686677015,1,0,53.38710572444207,63.99451000930048,876321.6,87116.25,90.95777169227884,9.042228307721146,0,1,-7.26
1009,2018,Ohio,OH-14,Betsy Rader,David Joyce,137549.0,169809.0,44.752048100260936,0,1,44.01928223465711,48.31993420044673,2067693.01,1216967.42,62.94997775462592,37.05002224537408,2,1,-7.26
1010,2018,Ohio,OH-15,Rick Neal,Steve Stivers,116112.0,170593.0,40.498770513245326,0,1,41.86821858937792,47.18792987385489,934512.08,1251968.49,42.74047036237784,57.259529637622165,2,1,-7.26
1011,2018,Ohio,OH-16,Susan Moran Palmer,Anthony Gonzalez,129681.0,170029.0,43.26882653231457,0,0,41.29340964302824,45.85880170735279,311448.75,1285964.25,19.49707120199973,80.50292879800026,0,1,-7.26
1012,2018,Oklahoma,OK-01,Tim Gilpin,Kevin Hern,103042.0,150129.0,40.70055417089635,0,0,34.71750255885364,34.224559840157056,368689.68,1039379.37,26.18406249324207,73.81593750675792,0,1,-7.26
1013,2018,Oklahoma,OK-02,Jason Nichols,Markwayne Mullin,65021.0,140451.0,31.644700981155584,0,1,23.83838694427256,32.19319326464733,120795.44,512739.0,19.066909764211086,80.93309023578892,2,1,-7.26
1014,2018,Oklahoma,OK-03,Frankie Robbins,Frank Lucas,61152.0,172913.0,26.126076089975008,0,1,22.06580897867321,26.079574102085,0.0,148656.61,0.0,100.0,2,1,-7.26
1015,2018,Oklahoma,OK-04,Mary Brannon,Tom Cole,78088.0,149227.0,34.352330466533225,0,1,30.110004031561367,32.88901933280478,1675.0,885354.19,0.1888325681818881,99.81116743181812,1,1,-7.26
1016,2018,Oklahoma,OK-05,Kendra Horn,Steve Russell,121149.0,117811.0,50.6984432541011,0,1,42.795661047061486,40.78985342143237,1178028.48,387937.0,75.22697626770164,24.77302373229837,0,1,-7.26
1017,2018,Oregon,OR-01,Suzanne Bonamici,John Verbeek,231198.0,116446.0,66.5042399696241,1,0,62.40883801895487,58.8768678354489,495794.78,0.0,100.0,0.0,0,1,-7.26
1018,2018,Oregon,OR-02,Jamie McLeod-Skinner,Greg Walden,145298.0,207597.0,41.173153487581295,0,1,39.19694449925304,41.58593554982348,0.0,1929739.11,0.0,100.0,2,1,-7.26
1019,2018,Oregon,OR-03,Earl Blumenauer,Tom Harrison,279019.0,76187.0,78.55131951599917,1,0,75.89456594198224,74.4778247492308,529399.91,770.0,99.85476354174834,0.1452364582516574,0,1,-7.26
1020,2018,Oregon,OR-04,Peter DeFazio,Art Robinson,208710.0,152414.0,57.794552563662336,1,0,50.07669093828733,53.49396018088252,742170.17,204914.49,78.36365652886829,21.63634347113172,2,1,-7.26
1021,2018,Oregon,OR-05,Kurt Schrader,Mark Callahan,197187.0,149887.0,56.81410880676744,1,0,52.30190779613455,51.72711778249559,604233.7,26003.99,95.87393924346226,4.126060756537744,0,1,-7.26
1022,2018,Pennsylvania,PA-01,Scott Wallace,Brian Fitzpatrick,160745.0,169053.0,48.74044111850285,0,1,51.02650041491093,50.82851453245192,1231362.16,1485442.64,45.323909910642094,54.67609008935791,0,1,-7.26
1023,2018,Pennsylvania,PA-02,Brendan Boyle,David Torres,159600.0,42382.0,79.01694210375182,1,0,74.56468199101279,77.9935707551022,332099.71,0.0,100.0,0.0,6,1,-7.26
1024,2018,Pennsylvania,PA-03,Dwight Evans,Bryan Leib,287610.0,20387.0,93.38077968291898,1,0,92.82858072151508,92.36589187706564,696933.25,17377.0,97.5673035631226,2.432696436877393,3,1,-7.26
1025,2018,Pennsylvania,PA-04,Madeleine Dean,Dan David,211524.0,121467.0,63.52243754335702,0,0,60.05325689530216,56.71896335516232,639695.56,223730.39,74.0880627921827,25.9119372078173,0,1,-7.26
1026,2018,Pennsylvania,PA-05,Mary Gay Scanlon,Pearl Kim,198639.0,106075.0,65.18866871886425,0,0,64.547778098864,64.00384792672907,1270119.83,301129.76,80.83501425130045,19.164985748699543,0,1,-7.26
1027,2018,Pennsylvania,PA-06,Chrissy Houlahan,Greg McCauley,177704.0,124124.0,58.87591608465749,0,0,54.84482112451198,51.612322049114745,3040356.4,151973.99,95.2394028363712,4.760597163628794,0,1,-7.26
1028,2018,Pennsylvania,PA-07,Susan Wild,Marty Nothstein,140813.0,114437.0,55.16669931439765,0,0,50.56427429501187,53.54474211773282,0.0,611185.92,0.0,100.0,0,1,-7.26
1029,2018,Pennsylvania,PA-08,Matt Cartwright,John Chrin,135603.0,112563.0,54.642054108943206,1,0,45.0809998570493,56.07480263552596,1320609.26,406508.58,76.46318215322239,23.53681784677761,2,1,-7.26
1030,2018,Pennsylvania,PA-09,Denny Wolff,Dan Meiser,100204.0,148723.0,40.254371763609406,0,0,32.28215740245681,41.903111383514215,255342.86,513517.05,33.21058318673424,66.78941681326577,2,1,-7.26
1031,2018,Pennsylvania,PA-10,George Scott,Scott Perry,141668.0,149365.0,48.677641367130185,0,1,45.329693558322965,46.63680372186596,1913882.86,904064.93,67.91761248351588,32.08238751648412,0,1,-7.26
1032,2018,Pennsylvania,PA-11,Jess King,Lloyd Smucker,113876.0,163708.0,41.02397832728112,0,1,36.40310605845473,38.5818550599345,1844330.57,494510.2,78.85661108943299,21.14338891056701,2,1,-7.26
1033,2018,Pennsylvania,PA-12,Marc Friedenberg,Tom Marino,82825.0,161047.0,33.96248851856712,0,1,30.99115946956817,37.45293876321073,152590.6,351550.61,30.267432412438573,69.73256758756143,2,1,-7.26
1034,2018,Pennsylvania,PA-13,Brent Ottaway,John Joyce,74733.0,178533.0,29.50771126009808,0,0,26.35517347450904,32.492864596651025,26870.68,218203.0,10.96432713623103,89.03567286376897,2,1,-7.26
1035,2018,Pennsylvania,PA-14,Bibiana Boerio,Guy Reschenthaler,110051.0,151386.0,42.09465377892188,0,0,35.01082418911626,41.04998183252535,241101.3,560442.77,30.079606228014384,69.92039377198562,2,1,-7.26
1036,2018,Pennsylvania,PA-15,Susan Boser,Glenn Thompson,78327.0,165245.0,32.157637166833624,0,1,27.54811681745341,36.32911481750743,107643.34,746991.39,12.595245222482356,87.40475477751765,2,1,-7.26
1037,2018,Pennsylvania,PA-16,Ron DiNicola,Mike Kelly,124109.0,135348.0,47.8341305110288,0,1,39.57658666993843,47.55381282009847,1234235.15,866203.98,58.76081493492268,41.23918506507732,2,1,-7.26
1038,2018,Pennsylvania,PA-17,Conor Lamb,Keith Rothfus,183162.0,142417.0,56.25731389309507,1,1,48.67445744727304,47.7286130746247,8200408.15,1534270.93,84.23912162495243,15.760878375047572,0,1,-7.26
1039,2018,Rhode Island,RI-01,David Cicilline,Patrick Donovan,116099.0,57567.0,66.85188810705607,1,0,63.37879258167145,67.29550464962361,1110586.71,0.0,100.0,0.0,0,1,-7.26
1040,2018,Rhode Island,RI-02,Jim Langevin,Sal Caiozzo,126476.0,72271.0,63.63668382415835,1,0,53.70466686648213,60.98146907398265,603184.72,1860.0,99.69258470679657,0.3074152932034512,0,1,-7.26
1041,2018,South Carolina,SC-01,Joe Cunningham,Katie Arrington,145455.0,141473.0,50.69390230301678,0,0,43.06653833732497,40.82971367786544,2433342.96,904794.64,72.89522636814011,27.104773631859874,0,1,-7.26
1042,2018,South Carolina,SC-02,Sean Carrigan,Joe Wilson,109199.0,144642.0,43.0186612879716,0,1,40.6610784419508,40.000282343308285,123706.33,563413.59,18.00360117634197,81.99639882365804,1,1,-7.26
1043,2018,South Carolina,SC-03,Mary Geren,Jeff Duncan,70046.0,153338.0,31.3567668230491,0,1,30.22225314666364,34.464910828099065,274964.16,359696.7,43.32458125746087,56.67541874253913,1,1,-7.26
1044,2018,South Carolina,SC-04,Brandon Brown,William Timmons,89182.0,145321.0,38.03021709743585,0,0,36.40466511909639,36.80100419897359,51961.36,401473.04,11.459509909261408,88.5404900907386,0,1,-7.26
1045,2018,South Carolina,SC-05,Archie Parnell,Ralph Norman,103129.0,141757.0,42.11306485466707,0,1,40.380104833062525,44.18174996991598,1334313.02,1583146.76,45.73543838194746,54.26456161805253,1,1,-7.26
1046,2018,South Carolina,SC-06,Jim Clyburn,Gerhard Gressmann,144765.0,58282.0,71.29630085645195,1,0,68.81382773271534,71.62610578864296,270650.27,1625.0,99.40317752691972,0.5968224730802764,3,1,-7.26
1047,2018,South Carolina,SC-07,Robert Quintin Williams,Tom Rice,96564.0,142681.0,40.36197203703317,0,1,40.26531718279132,44.890526803556426,25559.11,655287.0,3.754021595276501,96.2459784047235,1,1,-7.26
1048,2018,South Dakota,SD-00,Tim Bjorkman,Dusty Johnson,120816.0,202446.0,37.37401859791748,0,0,34.02868506968485,40.78150086180476,717434.92,1287449.93,35.78434542013722,64.21565457986277,2,1,-7.26
1049,2018,Tennessee,TN-01,Marty Olsen,Phil Roe,47138.0,172835.0,21.42899355830033,0,1,20.41358613251637,26.09004391515291,133886.22,337159.0,28.42322017406312,71.57677982593688,2,1,-7.26
1050,2018,Tennessee,TN-02,Renee Hoyos,Tim Burchett,86668.0,172856.0,33.394984664231444,0,0,31.33117709052586,31.455388700702112,338040.55,983817.43,25.57313683577414,74.42686316422586,2,1,-7.26
1051,2018,Tennessee,TN-03,Danielle Mitchell,Chuck Fleischmann,84731.0,156512.0,35.12267713467334,0,1,31.58332577063859,35.65662163376569,270138.86,706264.0,27.66674198393888,72.33325801606112,2,1,-7.26
1052,2018,Tennessee,TN-04,Mariah Phillips,Scott Desjarlais,78065.0,147323.0,34.635827994391896,0,1,28.567607480297163,33.631252196321896,544632.17,327466.01,62.45078621767104,37.54921378232896,2,1,-7.26
1053,2018,Tennessee,TN-05,Jim Cooper,Jody Ball,177923.0,84317.0,67.84739170225748,1,0,59.68656625403989,56.81916126731261,200855.37,0.0,100.0,0.0,0,1,-7.26
1054,2018,Tennessee,TN-06,Dawn Barlow,John Rose,70370.0,172810.0,28.93741261616909,0,0,24.58067663147625,29.93064420513604,20040.32,765115.88,2.5523991277149696,97.44760087228504,2,1,-7.26
1055,2018,Tennessee,TN-07,Justin Kanew,Mark Green,81661.0,170071.0,32.439658049036275,0,0,29.485852250135224,33.372854868944415,490046.51,1265391.11,27.915917057764773,72.08408294223523,2,1,-7.26
1056,2018,Tennessee,TN-08,Erika Stotts Pearson,David Kustoff,74755.0,168030.0,30.790617212760264,0,1,31.635890966089384,33.19872257816589,8091.12,1055042.1,0.7610636040514281,99.23893639594856,1,1,-7.26
1057,2018,Tennessee,TN-09,Steve Cohen,Charlotte Bergmann,145139.0,34901.0,80.61486336369695,1,0,79.67748346513466,78.9289761994711,158161.41,0.0,100.0,0.0,3,1,-7.26
1058,2018,Texas,TX-01,Shirley McKellar,Louie Gohmert,61263.0,168165.0,26.702494900360897,0,1,25.93391225541324,27.75524150453132,46549.13,720237.74,6.070673849696983,93.929326150303,1,1,-7.26
1059,2018,Texas,TX-02,Todd Litton,Dan Crenshaw,119992.0,139188.0,46.296782159117214,0,0,45.122158158898,36.10038845614106,1419001.54,1489616.63,48.78610587789872,51.21389412210129,6,1,-7.26
1060,2018,Texas,TX-03,Lorie Burch,Van Taylor,138234.0,169520.0,44.9170441326514,0,0,42.5682278043725,34.722506541409075,287295.53,1019322.0,21.987729645721192,78.0122703542788,0,1,-7.26
1061,2018,Texas,TX-04,Catherine Krantz,John Ratcliffe,57400.0,188667.0,23.326980050148943,0,1,22.415152452952533,25.110918838621487,24156.72,454841.88,5.043171316158336,94.95682868384166,2,1,-7.26
1062,2018,Texas,TX-05,Dan Wood,Lance Gooden,78666.0,130617.0,37.58833732314617,0,0,35.354166666666664,34.748768566592496,87743.49,666613.75,11.631556687916191,88.36844331208381,1,1,-7.26
1063,2018,Texas,TX-06,Jana Lynne Sanchez,Ron Wright,116350.0,135961.0,46.11372472860874,0,0,43.62777565410249,41.30671767247404,664368.97,471187.29,58.50603738470871,41.49396261529129,6,1,-7.26
1064,2018,Texas,TX-07,Lizzie Fletcher,John Culberson,127959.0,115642.0,52.52810949051933,0,1,50.715255808657886,39.17291322576546,5302899.87,1477166.8,78.21309329396314,21.78690670603686,6,1,-7.26
1065,2018,Texas,TX-08,Steven David,Kevin Brady,67930.0,200619.0,25.29519752447412,0,1,24.736179450579897,22.01979961356891,32332.81,1495839.0,2.115783695813627,97.88421630418637,1,1,-7.26
1066,2018,Texas,TX-10,Mike Siegel,Michael McCaul,144034.0,157166.0,47.820053120849934,0,1,45.1930235031373,39.62873223890865,441419.23,841328.96,34.41199398613067,65.58800601386933,0,1,-7.26
1067,2018,Texas,TX-11,Jennie Lou Leeder,Mike Conaway,40631.0,176603.0,18.70379406538571,0,1,19.68907618794797,19.81752226008574,85845.19,886573.09,8.828010719831388,91.1719892801686,1,1,-7.26
1068,2018,Texas,TX-12,Vanessa Adia,Kay Granger,90994.0,172557.0,34.52614484483079,0,1,34.21556594007868,32.15540812305242,197573.83,1270377.33,13.45915554847206,86.54084445152793,0,1,-7.26
1069,2018,Texas,TX-13,Greg Sagan,Mac Thornberry,35083.0,169027.0,17.188280828964775,0,1,17.41867922160534,18.762713734142302,33132.37,712212.64,4.445239393230794,95.5547606067692,1,1,-7.26
1070,2018,Texas,TX-14,Adrienne Bell,Randy Weber,92212.0,138942.0,39.892020038589,0,1,39.78790892189656,39.95497020446953,187345.75,484474.0,27.88631176740488,72.11368823259512,6,1,-7.26
1071,2018,Texas,TX-15,Vicente Gonzalez,Tim Westley,98333.0,63862.0,60.62640648601991,1,0,58.63491689260874,58.02797912244871,609027.3,21218.0,96.63337433853135,3.3666256614686376,5,1,-7.26
1072,2018,Texas,TX-16,Veronica Escobar,Rick Seeberger,124437.0,49127.0,71.69516720057155,0,0,71.4206140302974,65.02755814252968,937652.68,30096.79,96.8900225799142,3.1099774200857992,5,1,-7.26
1073,2018,Texas,TX-17,Rick Kennedy,Bill Flores,98070.0,134841.0,42.10621224416193,0,1,40.81826710418515,38.45114628820961,72929.88,353588.86,17.09886885626643,82.90113114373356,1,1,-7.26
1074,2018,Texas,TX-18,Sheila Jackson Lee,Ava Pate,138704.0,38368.0,78.3319779524713,1,0,79.30075506743115,76.94188191881919,462315.42,6620.0,98.5882917524123,1.4117082475876956,3,1,-7.26
1075,2018,Texas,TX-19,Miguel Levario,Jodey Arrington,50039.0,151946.0,24.77362180359928,0,1,24.448728432227973,25.37767588372895,93088.79,843468.47,9.93946595427598,90.06053404572401,1,1,-7.26
1076,2018,Texas,TX-21,Joseph Kopser,Chip Roy,168421.0,177654.0,48.66604059813624,0,0,44.74759654171911,38.77564959458273,2766238.12,1584679.51,63.57826912020856,36.42173087979144,0,1,-7.26
1077,2018,Texas,TX-22,Sri Preston Kulkarni,Pete Olson,138153.0,152750.0,47.49108809465698,0,1,45.9030219277745,37.130704587476295,1443012.95,565578.89,71.84201992974342,28.15798007025659,6,1,-7.26
1078,2018,Texas,TX-23,Gina Ortiz Jones,Will Hurd,102359.0,103285.0,49.77485363054599,0,1,51.77089421390999,48.64853724637532,4715574.16,1761921.64,72.79933952253586,27.200660477464144,5,1,-7.26
1079,2018,Texas,TX-24,Jan McDowell,Kenny Marchant,125231.0,133317.0,48.43626715348794,0,1,46.71939163498099,38.59760748181955,103608.24,262713.0,28.28343778264127,71.71656221735874,6,1,-7.26
1080,2018,Texas,TX-25,Julie Oliver,Roger Williams,136385.0,163023.0,45.55155506866884,0,1,42.204574013571246,38.69601680316722,633226.41,314764.05,66.79670700483632,33.203292995163686,1,1,-7.26
1081,2018,Texas,TX-26,Linsey Fagamn,Michael Burgess,121938.0,185551.0,39.65605273684587,0,1,36.082735720709294,31.235580768948367,170984.06,556920.9,23.48988802054598,76.51011197945404,0,1,-7.26
1082,2018,Texas,TX-27,Eric Holguin,Michael Cloud,75929.0,125118.0,37.76679084990077,0,1,37.80833657278156,38.681917768712296,178112.04,546134.48,24.59273673831391,75.40726326168608,5,1,-7.26
1083,2018,Texas,TX-29,Sylvia Garcia,Phillip Aronoff,88188.0,28098.0,75.83716010525772,0,0,73.64264790216836,66.63791813709528,587892.89,89542.03,86.78219451692864,13.217805483071349,5,1,-7.26
1084,2018,Texas,TX-31,MJ Hegar,John Carter,136362.0,144680.0,48.52015001316529,0,1,43.23958317958407,39.09531910593071,4632043.02,821996.59,84.92866482867366,15.07133517132634,0,1,-7.26
1085,2018,Texas,TX-32,Colin Allred,Pete Sessions,144067.0,126101.0,53.32496816795476,0,1,50.98149631891639,42.12259321772609,4926551.99,2816772.33,63.62321641720929,36.37678358279071,6,1,-7.26
1086,2018,Texas,TX-33,Marc Veasey,Willie Billups,90805.0,26120.0,77.6608937353004,1,0,75.4293695131684,72.64575494230141,619033.68,50111.06,92.51117777597716,7.488822224022861,5,1,-7.26
1087,2018,Texas,TX-34,Filemon Vela,Rey Gonzalez,85825.0,57243.0,59.98895630050046,1,0,61.11561391185317,61.33087699408859,435032.35,37575.75,92.04927930773933,7.950720692260671,5,1,-7.26
1088,2018,Texas,TX-35,Lloyd Doggett,David Smalling,138278.0,50553.0,73.22844236380679,1,0,67.7673445070675,64.54009563760441,567009.4,341.0,99.93989605013056,0.0601039498694281,5,1,-7.26
1089,2018,Texas,TX-36,Dayna Steele,Brian Babin,60908.0,161048.0,27.441474886914524,0,1,25.95987890105537,25.99665921933445,859594.67,621578.18,58.0347303827504,41.9652696172496,1,1,-7.26
1090,2018,Utah,UT-01,Lee Castillo,Rob Bishop,63308.0,156692.0,28.77636363636364,0,1,31.01969975671987,20.87592433713282,24537.87,631353.36,3.741149275619984,96.25885072438004,0,1,-7.26
1091,2018,Utah,UT-02,Shireen Ghorbani,Chris Stewart,105051.0,151489.0,40.94916972012162,0,1,40.99524888002857,30.05454127682217,450540.56,416297.64,51.975162146753576,48.02483785324643,0,1,-7.26
1092,2018,Utah,UT-03,James Singer,John Curtis,70686.0,174856.0,28.787743033778334,0,1,33.02977335820567,19.92635969097233,28342.72,989483.04,2.7846337864351165,97.21536621356488,0,1,-7.26
1093,2018,Utah,UT-04,Ben McAdams,Mia Love,134964.0,134270.0,50.1288841676757,0,1,45.30186613660786,31.030367767939847,2930904.77,4538873.18,39.23683929587224,60.76316070412776,0,1,-7.26
1094,2018,Vermont,VT-00,Peter Welch,Anya Tynio,188547.0,70705.0,72.72730779318964,1,0,65.188092065636,68.24725882639062,190961.95,10480.0,94.7975086619247,5.202491338075312,2,1,-7.26
1095,2018,Virginia,VA-01,Vangie Williams,Rob Wittman,148464.0,183250.0,44.75662769735374,0,1,43.45730578627021,43.98779461848715,488491.64,844613.81,36.64313576994228,63.35686423005772,1,1,-7.26
1096,2018,Virginia,VA-02,Elaine Luria,Scott Taylor,139571.0,133458.0,51.11947815067264,0,1,48.19279498505568,48.847937908321306,2950198.92,2675290.76,52.44341537926348,47.55658462073652,0,1,-7.26
1097,2018,Virginia,VA-04,Donald McEachin,Ryan McAdams,187642.0,107706.0,63.53251080081802,1,0,61.227915118049935,61.0272737518314,378196.56,218559.56,63.37539697121163,36.62460302878838,3,1,-7.26
1098,2018,Virginia,VA-05,Leslie Cockburn,Denver Riggleman,145040.0,165339.0,46.72996562267421,0,0,44.20831487330466,46.61086562429186,3123058.15,1652727.0,65.39360653608966,34.60639346391032,1,1,-7.26
1099,2018,Virginia,VA-06,Jennifer Lewis,Ben Cline,113133.0,167957.0,40.24796328578035,0,0,36.89090514195516,40.143925540252376,427479.65,685191.1,38.41924037276975,61.58075962723024,2,1,-7.26
1100,2018,Virginia,VA-07,Abigail Spanberger,Dave Brat,176079.0,169295.0,50.9821237267426,0,1,46.56102931652347,44.66828554945866,6233443.33,2826335.09,68.8034854830368,31.19651451696321,1,1,-7.26
1101,2018,Virginia,VA-08,Don Beyer,Thomas Oh,247137.0,76899.0,76.26837758767545,1,0,77.86902948434788,68.60982255449468,1320684.18,63404.88,95.41901732826356,4.580982671736456,0,1,-7.26
1102,2018,Virginia,VA-09,Anthony Flaccavento,Morgan Griffith,85833.0,160933.0,34.783154891678755,0,1,28.413736444298387,35.62058394399909,1024074.74,522899.5,66.19856449581216,33.80143550418784,2,1,-7.26
1103,2018,Virginia,VA-10,Jennifer Wexton,Barbara Comstock,206356.0,160841.0,56.19762688692991,0,1,55.26028661952622,49.428582266271455,5621825.27,3912428.7,58.96450092151259,41.03549907848743,0,1,-7.26
1104,2018,Virginia,VA-11,Gerry Connolly,Jeff Dove,219191.0,83023.0,72.52840702283812,1,0,70.87163853335073,63.24359608701096,1137094.96,602760.22,65.35572460691814,34.644275393081855,6,1,-7.26
1105,2018,Washington,WA-01,Suzan DelBene,Jeffrey Beeler,197209.0,135534.0,59.2676630312283,1,0,58.85236761861453,55.55011545110556,987421.06,20905.0,97.92676190477512,2.073238095224872,0,1,-7.26
1106,2018,Washington,WA-03,Carolyn Long,Jaime Herrera Beutler,145407.0,161819.0,47.32900210268662,0,1,45.9930397298262,49.160557172360406,3226617.97,1638545.98,66.32084762528918,33.679152374710824,2,1,-7.26
1107,2018,Washington,WA-04,Christine Brown,Dan Newhouse,83785.0,141551.0,37.18225228103809,0,1,37.70690870091251,38.83044143422197,471221.45,446950.24,51.32171413387838,48.67828586612162,1,1,-7.26
1108,2018,Washington,WA-05,Lisa Brown,Cathy McMorris Rodgers,144925.0,175422.0,45.2400053691778,0,1,42.86463133443197,44.95826290129943,4982374.16,2805457.0,63.97640187155778,36.02359812844222,2,1,-7.26
1109,2018,Washington,WA-06,Derek Kilmer,Douglas Dightman,206409.0,116677.0,63.88670508780944,1,0,56.76659704977881,57.68540511184701,1133441.14,2610.0,99.77025682136104,0.2297431786389475,0,1,-7.26
1110,2018,Washington,WA-07,Pramila Jayapal,Craig Keller,329800.0,64881.0,83.56115445131638,1,0,87.08889948906581,81.4109968281906,1850187.85,7006.0,99.62276420417824,0.3772357958217447,0,1,-7.26
1111,2018,Washington,WA-08,Kim Schrier,Dino Rossi,164089.0,148968.0,52.415055405245695,0,0,51.64615436490541,50.80002996244923,7018782.78,4295948.74,62.032252091828695,37.96774790817131,0,1,-7.26
1112,2018,Washington,WA-10,Denny Heck,Joseph Brumbles,166215.0,103860.0,61.544015551235766,1,0,56.22358245986763,57.80806898805571,777031.04,2485.0,99.68121246100335,0.3187875389966318,0,1,-7.26
1113,2018,West Virginia,WV-01,Kendra Fershee,David McKinley,70217.0,127997.0,35.42484385563078,0,1,27.95439349073889,36.37077839580163,246661.68,451486.14,35.33086732262517,64.66913267737483,2,1,-7.26
1114,2018,West Virginia,WV-02,Talley Sergent,Alex Mooney,88011.0,110504.0,44.33468503639524,0,1,30.85601756794773,38.753251951170704,587066.78,1057980.1,35.68693312861698,64.31306687138301,2,1,-7.26
1115,2018,West Virginia,WV-03,Richard Ojeda,Carol Miller,76340.0,98645.0,43.626596565419895,0,0,24.28536001449787,33.53171773015459,2299376.93,976288.52,70.19571946823812,29.804280531761872,2,1,-7.26
1116,2018,Wisconsin,WI-01,Randy Bryce,Bryan Steil,137508.0,177492.0,43.653333333333336,0,0,44.532989153602045,47.87560519234403,8091522.53,1671550.93,82.87884510089509,17.121154899104894,0,1,-7.26
1117,2018,Wisconsin,WI-03,Ron Kind,Steve Toft,187888.0,126980.0,59.671989532121394,1,0,47.60875415100645,55.57809443822842,483974.43,253902.34,65.59014318881458,34.40985681118542,2,1,-7.26
1118,2018,Wisconsin,WI-04,Gwen Moore,Tim Rogers,206487.0,59091.0,77.75003953640737,1,0,77.23044333075025,76.00420169256861,275805.46,0.0,100.0,0.0,3,1,-7.26
1119,2018,Wisconsin,WI-05,Tom Palzewicz,Jim Sensenbrenner,138385.0,225619.0,38.017439368798144,0,1,39.36810099808315,38.10443523430859,226431.28,167039.39,57.54718134391058,42.452818656089406,0,1,-7.26
1120,2018,Wisconsin,WI-06,Dan Kohl,Glenn Grothman,144536.0,180311.0,44.49356158437664,0,1,41.0936730852758,46.2971635089836,2547282.1,1315742.99,65.94008686596442,34.05991313403558,2,1,-7.26
1121,2018,Wisconsin,WI-07,Margaret Engbretson,Sean Duffy,124307.0,194061.0,39.0450673434516,0,1,39.24221767456688,48.43948483904606,110873.75,1881765.35,5.56416613525249,94.43583386474752,2,1,-7.26
1122,2018,Wisconsin,WI-08,Beau Liegeois,Mike Gallagher,119265.0,209410.0,36.28660530919601,0,1,40.73029457860044,48.12998510067224,339419.65,1918669.94,15.03127473343518,84.96872526656483,2,1,-7.26
1123,2018,Wyoming,WY-00,Greg Hunter,Liz Cheney,59903.0,127963.0,31.88602514558249,0,1,24.29468037084621,28.839365988478573,8154.78,332730.22,2.392237851474837,97.60776214852515,2,1,-7.26
1124,2020,Alabama,AL-01,James Averhart,Jerry Carl,116949.0,211825.0,35.57124346815746,0,0,35.65718738774938,34.92050621963662,50849.95,1044195.95,4.64363639916829,95.35636360083171,1,0,-2.09
1125,2020,Alabama,AL-02,Phyllis Harvey-Hall,Barry Moore,105286.0,197996.0,34.715545268100314,0,0,35.48426393265049,33.70180554959901,42411.95,408536.2,9.405061313590044,90.59493868640996,1,0,-2.09
1126,2020,Alabama,AL-03,Ada Winfrey,Mike Rogers,104595.0,217384.0,32.485037844083,0,1,34.05680125160572,33.11129013368728,46912.89,443369.0,9.568554530945454,90.43144546905457,1,0,-2.09
1127,2020,Alabama,AL-04,Rick Neighbors,Robert Aderholt,56237.0,261553.0,17.696277415903584,0,1,17.985129128524118,17.835805937767024,33021.97,541121.78,5.751516061961834,94.24848393803818,2,0,-2.09
1128,2020,Alaska,AK-00,Alyse Galvin (Ind),Don Young,159856.0,192126.0,45.41595877061895,0,1,44.73815127615069,41.61434528893193,4796137.47,963416.04,83.27273045858028,16.727269541419716,1,0,-2.09
1129,2020,Arizona,AZ-01,Tom O'Halleran,Tiffany Shedd,188469.0,176709.0,51.61017366873142,1,0,50.88472360033165,49.43192386961407,1832125.24,1162725.27,61.175849475037744,38.82415052496226,1,0,-2.09
1130,2020,Arizona,AZ-02,Ann Kirkpatrick,Brandon Martin,209945.0,170975.0,55.115247296020165,1,0,55.40028711537314,52.59843154106461,1182656.78,0.0,100.0,0.0,0,0,-2.09
1131,2020,Arizona,AZ-03,Raul Grijalva,Daniel Wood,174243.0,95594.0,64.57342766188476,1,0,63.7276301740756,65.7531070769789,589160.21,35141.53,94.3710664653922,5.628933534607801,5,0,-2.09
1132,2020,Arizona,AZ-04,Delina DiSanto,Paul Gosar,120503.0,278007.0,30.23838799528243,0,1,31.02923579205508,28.916917339525394,73586.11,391103.98,15.83552384342864,84.16447615657137,2,0,-2.09
1133,2020,Arizona,AZ-05,Joan Greene,Andy Biggs,183171.0,262486.0,41.1013402684127,0,1,42.62792525323088,38.78328941645988,217594.73,1312957.5,14.21674646150429,85.78325353849571,0,0,-2.09
1134,2020,Arizona,AZ-06,Hiral Tipirneni,David Schweikert,199644.0,217783.0,47.82728477075033,0,1,47.91328180132277,44.73968769378909,5282533.94,1433141.94,78.65975122075129,21.340248779248704,0,0,-2.09
1135,2020,Arizona,AZ-07,Ruben Gallego,Joshua Barnett,165452.0,50229.0,76.71143957974972,1,0,74.86636592387732,76.0087634512533,1078495.12,22068.0,97.99484467551484,2.00515532448516,5,0,-2.09
1136,2020,Arizona,AZ-08,Michael Muscato,Debbie Lesko,170816.0,251633.0,40.43470336064235,0,1,41.947988382348186,38.88480017997461,334990.11,950077.08,26.06790622364268,73.93209377635733,0,0,-2.09
1137,2020,Arizona,AZ-09,Greg Stanton,David Giles,217094.0,135180.0,61.6264612205272,1,0,61.95100114400668,58.70947968261056,1350833.95,55928.23,96.024329428589,3.975670571411011,0,0,-2.09
1138,2020,Arkansas,AR-02,Joyce Elliott,French Hill,148410.0,184093.0,44.63418375172555,0,1,45.45586173965281,44.30152599033482,3146457.55,1700705.98,64.91337728809823,35.08662271190178,1,0,-2.09
1139,2020,Arkansas,AR-03,Celeste Williams,Steve Womack,106325.0,214960.0,33.093670728480944,0,1,36.24843904848692,32.99271857245502,339611.09,548980.0,38.21905191509404,61.78094808490595,2,0,-2.09
1140,2020,Arkansas,AR-04,William Hanson,Bruce Westerman,75750.0,191617.0,28.331843496018585,0,1,30.438463216185543,32.81162379676146,39667.15,667948.54,5.605747662265657,94.39425233773434,1,0,-2.09
1141,2020,California,CA-01,Audrey Denney,Doug LaMalfa,154073.0,204190.0,43.00555736986516,0,1,42.170156792890765,39.41357335486198,2334172.41,692128.15,77.12956342974738,22.870436570252625,2,0,-2.09
1142,2020,California,CA-02,Jared Huffman,Dale Mensing,294435.0,94320.0,75.73793263109157,1,0,75.48154926220117,74.72717460197927,535321.56,400.0,99.92533434719334,0.0746656528066557,0,0,-2.09
1143,2020,California,CA-03,John Garamendi,Tamika Hamilton,176043.0,145945.0,54.67377666248432,1,0,56.27008740662388,56.746287927695285,442762.16,381989.11,53.68432594229288,46.31567405770712,6,0,-2.09
1144,2020,California,CA-04,Brynne Kennedy,Tom McClintock,194731.0,247291.0,44.0545945676912,0,1,45.01034185185354,42.09405727387978,2332538.46,1653373.48,58.51956829733675,41.48043170266325,2,0,-2.09
1145,2020,California,CA-05,Mike Thompson,Scott Giblin,271233.0,85227.0,76.09072546709308,1,0,74.1455540739701,74.00767616949318,738029.47,0.0,100.0,0.0,6,0,-2.09
1146,2020,California,CA-06,Doris Matsui,Chris Bish,229648.0,83466.0,73.34325517223759,1,0,72.06929875648795,73.9090239927093,274810.41,11825.37,95.8744264236656,4.125573576334399,6,0,-2.09
1147,2020,California,CA-07,Ami Bera,Buzz Patterson,217416.0,166549.0,56.62391103355775,1,0,57.07568768331899,56.14457406067452,960938.64,79231.71,92.38281402656786,7.61718597343214,6,0,-2.09
1148,2020,California,CA-08,Christine Bubser,Jay Obernolte,124400.0,158711.0,43.94036261395707,0,0,44.64013695758508,41.98217553186648,1557652.17,421167.32,78.71623348524831,21.283766514751683,6,0,-2.09
1149,2020,California,CA-09,Jerry McNerney,Tony Amador,174252.0,128358.0,57.58302765936354,1,0,59.20408149847799,59.82113915001133,702535.03,36135.0,95.10809989136828,4.8919001086317255,6,0,-2.09
1150,2020,California,CA-10,Josh Harder,Ted Howze,166865.0,135629.0,55.16307761476261,1,0,51.47903837594744,51.594376441369526,6070298.81,1001725.82,85.83537427527313,14.164625724726864,6,0,-2.09
1151,2020,California,CA-11,Mark DeSaulnier,Nisha Sharma,271063.0,100293.0,72.99276166266331,1,0,75.89678725018973,75.92993872865353,209617.25,162345.85,56.35431310256314,43.64568689743688,6,0,-2.09
1152,2020,California,CA-13,Barbara Lee,Nikka Piterman,327863.0,34955.0,90.36569299207868,1,0,90.8205890395012,92.77240528936755,1346204.25,6124.96,99.54708069938088,0.4529193006191148,6,0,-2.09
1153,2020,California,CA-14,Jackie Speier,Ran Petel,278300.0,72705.0,79.28661984872011,1,0,79.12397526491772,80.85384324788075,658959.34,0.0,100.0,0.0,6,0,-2.09
1154,2020,California,CA-15,Eric Swalwell,Alison Hayden,242991.0,99710.0,70.90466616671675,1,0,73.0167169776802,74.30351194299628,2310089.83,0.0,100.0,0.0,6,0,-2.09
1155,2020,California,CA-16,Jim Costa,Kevin Cookingham,128690.0,88039.0,59.37830193467418,1,0,60.18363124985472,61.443265530168354,906986.01,250364.35,78.36745391430128,21.63254608569872,5,0,-2.09
1156,2020,California,CA-17,Ro Khanna,Ritesh Tandon,212137.0,85199.0,71.34588479027094,1,0,73.941603679606,78.3041575958454,3906909.04,167984.32,95.87757751775864,4.122422482241352,6,0,-2.09
1157,2020,California,CA-19,Zoe Lofgren,Justin Aguilera,224385.0,88642.0,71.68231494407831,1,0,71.47997932946022,77.23222546145337,524477.88,4112.0,99.22208120972728,0.7779187902727158,6,0,-2.09
1158,2020,California,CA-20,Jimmy Panetta,Jeff Gorman,236896.0,71658.0,76.77618828470867,1,0,74.3922305352838,75.18401726242298,729035.85,66634.2,91.62539799003368,8.374602009966317,6,0,-2.09
1159,2020,California,CA-21,TJ Cox,David Valadao,84406.0,85928.0,49.55323071142579,1,0,55.5519270391108,58.20584638447276,4247198.97,2850825.14,59.8363559235642,40.16364407643581,5,0,-2.09
1160,2020,California,CA-22,Phil Arballo,Devin Nunes,144251.0,170888.0,45.7737696698917,0,1,47.23964767086705,44.98704817025169,5100278.0,25575224.42,16.626550822765626,83.37344917723438,6,0,-2.09
1161,2020,California,CA-23,Kim Mangone,Kevin McCarthy,115896.0,190222.0,37.85991023069536,0,1,41.48453799741941,38.28669282292502,1658389.37,21253771.14,7.238031390694025,92.76196860930597,6,0,-2.09
1162,2020,California,CA-24,Salud Carbajal,Andy Caldwell,212564.0,149781.0,58.66342850046227,1,0,62.20008355741488,60.84554399620444,1504779.2,1296338.73,53.72066573434129,46.27933426565872,0,0,-2.09
1163,2020,California,CA-25,Christy Smith,Mike Garcia,169305.0,169638.0,49.95087669608164,0,1,55.16127899011072,53.55262132897094,4728273.17,8450444.31,35.8780979801382,64.12190201986179,6,0,-2.09
1164,2020,California,CA-26,Julia Brownley,Ronda Kennedy,208856.0,135877.0,60.58485842666643,1,0,62.71510958658468,61.63219630971562,1138094.93,253230.46,81.79933595548056,18.20066404451945,6,0,-2.09
1165,2020,California,CA-27,Judy Chu,Johnny Nalbandian,221411.0,95907.0,69.77574546669271,1,0,68.53008580395097,69.94966496745856,628455.84,11834.2,98.151743856581,1.8482561434190048,6,0,-2.09
1166,2020,California,CA-28,Adam Schiff,Eric Early,244271.0,91928.0,72.65667060282749,1,0,72.23919935280446,76.35625722776047,17580542.83,4017001.2,81.40065743391843,18.59934256608157,6,0,-2.09
1167,2020,California,CA-30,Brad Sherman,Mark Reed,240038.0,105426.0,69.48278257647685,1,0,70.00500209547242,72.91232351403173,507553.46,0.0,100.0,0.0,6,0,-2.09
1168,2020,California,CA-31,Pete Aguilar,Agnes Gibboney,175315.0,110735.0,61.28823632232128,1,0,60.18610983451912,61.18862473975359,1366060.59,132636.97,91.14985080779071,8.850149192209267,5,0,-2.09
1169,2020,California,CA-32,Grace Napolitano,Joshua Scott,172942.0,86818.0,66.57761010163227,1,0,66.50703080900145,70.62349310444594,103291.27,18624.37,84.72355966798025,15.276440332019748,5,0,-2.09
1170,2020,California,CA-33,Ted Lieu,James Bradley,257094.0,123334.0,67.58019914412189,1,0,70.38673733914666,71.91807916376975,1110429.17,82319.28,93.0983536386067,6.9016463613933015,0,0,-2.09
1171,2020,California,CA-35,Norma Torres,Mark Cargile,169405.0,74941.0,69.32996652288149,1,0,66.61793977356012,71.54088666640534,188252.0,31113.0,85.81678936931598,14.18321063068402,5,0,-2.09
1172,2020,California,CA-36,Raul Ruiz,Erin Cruz,185151.0,121698.0,60.33945034854277,0,0,56.93213984656107,54.57226488454723,12039.19,48625.3,19.845530721514347,80.15446927848565,6,0,-2.09
1173,2020,California,CA-37,Karen Bass,Errol Webber,254916.0,41705.0,85.93997053479019,1,0,85.90850284467307,89.89169126502019,779522.38,161007.14,82.88122418528661,17.1187758147134,6,0,-2.09
1174,2020,California,CA-39,Gil Cisneros,Young Kim,169837.0,173946.0,49.40238464380147,1,0,55.17387505841308,54.56165470872956,2409335.44,5440960.66,30.69101355297923,69.30898644702077,6,0,-2.09
1175,2020,California,CA-40,Lucille Roybal-Allard,Antonio Delgado,135572.0,50809.0,72.73917405744147,1,0,78.90821358235492,86.53648378462974,207346.34,34187.86,85.84554071431705,14.154459285682938,5,0,-2.09
1176,2020,California,CA-41,Mark Takano,Aja Smith,168126.0,94447.0,64.03019350809109,1,0,63.05468923609781,64.8084715210838,684858.38,660228.13,50.91556378778939,49.08443621221062,5,0,-2.09
1177,2020,California,CA-42,Liam O'Mara,Ken Calvert,157773.0,210274.0,42.867622885120646,0,1,46.23338938005098,43.69351654488395,0.0,775197.08,0.0,100.0,6,0,-2.09
1178,2020,California,CA-43,Maxine Waters,Joe Collins,199210.0,78688.0,71.68457491597636,1,0,78.61051246886282,82.45225263290376,621131.14,10372433.85,5.649951954302314,94.35004804569768,5,0,-2.09
1179,2020,California,CA-45,Katie Porter,Greg Raths,221843.0,193096.0,53.4640031426306,1,0,55.77147317834752,52.88707587527103,15765271.69,1206876.32,92.88907733252792,7.110922667472072,6,0,-2.09
1180,2020,California,CA-46,Lou Correa,James Waters,157803.0,71716.0,68.75378508968757,1,0,65.74619253785573,70.37992536655598,353782.75,2917.0,99.18222538703768,0.8177746129623024,5,0,-2.09
1181,2020,California,CA-47,Alan Lowenthal,John Briscoe,197028.0,114371.0,63.271879485804384,1,0,63.87638528593431,66.86219797027759,186518.67,2928.45,98.45421244725176,1.5457875527482283,6,0,-2.09
1182,2020,California,CA-48,Harley Rouda,Michelle Steel,193362.0,201738.0,48.94001518602885,1,0,50.75694255671035,50.91082610588353,4495489.52,3456632.81,56.53194623327682,43.46805376672318,6,0,-2.09
1183,2020,California,CA-49,Mike Levin,Brian Maryott,205349.0,181157.0,53.12957625496111,1,0,56.51011429017729,53.988535823007766,2864880.57,1776144.69,61.72947591325973,38.27052408674027,0,0,-2.09
1184,2020,California,CA-50,Ammar Campa-Najjar,Darrell Issa,166869.0,195521.0,46.04680040839979,0,0,46.05419699617138,42.02752406723591,6134051.28,0.0,100.0,0.0,6,0,-2.09
1185,2020,California,CA-51,Juan Vargas,Juan Hidalgo,165596.0,76841.0,68.3047554622438,1,0,68.4025921692147,75.9165346555023,143464.24,78729.63,64.5671457992968,35.432854200703204,5,0,-2.09
1186,2020,California,CA-52,Scott Peters,Jim DeBello,244145.0,152350.0,61.575808017755584,1,0,64.95246729372064,62.04155884584704,648786.73,165964.35,79.63005461741763,20.36994538258237,0,0,-2.09
1187,2020,Colorado,CO-01,Diana DeGette,Shane Bolling,331621.0,105955.0,75.7859206172185,1,0,77.39149804925734,74.8203492819358,562689.14,8226.99,98.5589844869158,1.4410155130842073,0,0,-2.09
1188,2020,Colorado,CO-02,Joe Neguse,Charlie Winn,316925.0,182547.0,63.4520053176154,1,0,65.45019368370542,61.65799853398024,874304.69,47092.58,94.88900374102477,5.110996258975241,0,0,-2.09
1189,2020,Colorado,CO-03,Diane Mitsch Bush,Lauren Boebert,194122.0,220634.0,46.80390398210032,0,0,47.169403731550055,43.52939142362322,4732578.4,2692590.92,63.73697616904984,36.26302383095016,2,0,-2.09
1190,2020,Colorado,CO-04,Ike McCorkle,Ken Buck,173945.0,285606.0,37.85107637672424,0,1,41.86395387981821,37.36728057733457,365951.43,138640.58,72.52422209380605,27.475777906193954,0,0,-2.09
1191,2020,Colorado,CO-05,Jillian Freeland,Doug Lamborn,161600.0,249013.0,39.35579243716102,0,1,43.29668522564428,36.75657180261533,154651.08,162062.36,48.82997071422041,51.170029285779606,0,0,-2.09
1192,2020,Colorado,CO-06,Jason Crow,Steve House,250314.0,175192.0,58.82737258699054,1,0,59.72945039885785,54.87975785005772,3287784.24,962363.22,77.35694516349794,22.64305483650207,0,0,-2.09
1193,2020,Colorado,CO-07,Ed Perlmutter,Casper Stockham,250525.0,159301.0,61.129601343008986,1,0,61.7616857267446,56.61098735754463,569237.09,138909.35,80.38409258966267,19.61590741033733,0,0,-2.09
1194,2020,Connecticut,CT-01,John Larson,Mary Fay,222668.0,122111.0,64.58281971929844,1,0,64.2031465759909,62.06069272322847,269487.6,26463.0,91.05830500090218,8.941694999097823,0,0,-2.09
1195,2020,Connecticut,CT-02,Joe Courtney,Justin Anderson,218119.0,140356.0,60.8463630657647,1,0,55.5798941227312,51.526537259070025,363656.46,27837.71,92.88936793107288,7.110632068927105,2,0,-2.09
1196,2020,Connecticut,CT-03,Rosa DeLauro,Margaret Streicker,203265.0,137598.0,59.63246230890417,1,0,60.67985721512331,58.04777275661718,1134788.08,372481.47,75.287667026777,24.712332973223003,0,0,-2.09
1197,2020,Connecticut,CT-04,Jim Himes,Jonathan Riddle,224432.0,130627.0,63.20977640335832,1,0,65.03230439871605,61.969125431895264,630074.1,20005.0,96.92268217821491,3.0773178217850723,0,0,-2.09
1198,2020,Connecticut,CT-05,Jahana Hayes,David Sullivan,192484.0,151988.0,55.87798137439327,1,0,55.40084745762712,52.142258520658935,1299575.55,376800.69,77.52290440480117,22.477095595198847,0,0,-2.09
1199,2020,Delaware,DE-00,Lisa Blunt Rochester,Lee Murphy,281382.0,196392.0,58.89437265317912,1,0,59.62674416498447,55.998621443681216,886012.24,110255.25,88.93316793866273,11.066832061337262,0,0,-2.09
1200,2020,Florida,FL-01,Phil Ehr,Matt Gaetz,149172.0,283352.0,34.48872201311372,0,1,32.97289480872122,29.43943993488638,2007440.05,5985338.76,25.11567125426308,74.88432874573692,0,0,-2.09
1201,2020,Florida,FL-03,Adam Christensen,Kat Cammack,167326.0,223075.0,42.86003365770068,0,0,43.30986989225452,41.71939558493684,216220.59,780758.4,21.687577388165423,78.31242261183459,1,0,-2.09
1202,2020,Florida,FL-04,Donna Deegan,John Rutherford,196423.0,308497.0,38.901806226728986,0,1,39.34061532787811,35.43147859068165,1002664.09,463088.2,68.40610769231682,31.593892307683173,0,0,-2.09
1203,2020,Florida,FL-05,Al Lawson,Gary Adler,219463.0,117510.0,65.12776988067294,1,0,63.41418070109689,63.08242545020225,277456.62,44944.18,86.05953211034216,13.940467889657842,3,0,-2.09
1204,2020,Florida,FL-06,Clint Curtis,Michael Waltz,172305.0,265393.0,39.3661839898743,0,1,41.183845657901486,41.22359102217239,15200.82,2209768.06,0.6831924768314063,99.3168075231686,0,0,-2.09
1205,2020,Florida,FL-07,Stephanie Murphy,Leo Valentin,224946.0,175750.0,56.13881845588675,1,0,55.256038388071794,53.81736613269672,1252232.68,666328.78,65.26935446727883,34.73064553272117,6,0,-2.09
1206,2020,Florida,FL-08,Jim Kennedy,Bill Posey,177695.0,282093.0,38.647159125510015,0,1,41.09136489888876,39.21981039216702,60900.35,565628.07,9.720285314431546,90.27971468556844,0,0,-2.09
1207,2020,Florida,FL-09,Darren Soto,Bill Olson,240724.0,188889.0,56.0327550609502,1,0,53.499661479083095,56.67440241355303,320267.44,391869.48,44.972733614204415,55.02726638579559,6,0,-2.09
1208,2020,Florida,FL-10,Val Demings,Vennia Francois,239434.0,136889.0,63.624599081108514,1,0,62.62290314478711,63.91362509672258,1097058.68,322230.34,77.29635504402056,22.70364495597944,6,0,-2.09
1209,2020,Florida,FL-11,Dana Cottrell,Daniel Webster,158094.0,316979.0,33.27783309091445,0,1,34.060069784943785,33.386706162560294,62658.26,504223.94,11.053135907248455,88.94686409275155,2,0,-2.09
1210,2020,Florida,FL-12,Kimberly Walker,Gus Bilirakis,168194.0,284941.0,37.11785670936917,0,1,41.46447083236247,40.344194885404896,26281.54,822762.45,3.095427364134572,96.90457263586542,0,0,-2.09
1211,2020,Florida,FL-13,Charlie Crist,Anna Paulina Luna,215405.0,190713.0,53.04000315179332,1,0,52.06879490758176,51.6670517560074,2061449.09,3184757.55,39.29408869033798,60.70591130966202,0,0,-2.09
1212,2020,Florida,FL-14,Kathy Castor,Christine Quinn,224240.0,147896.0,60.25754025410065,1,0,57.88226639978892,59.45534159985142,390343.41,76018.88,83.69960830237795,16.30039169762204,6,0,-2.09
1213,2020,Florida,FL-15,Alan Cohn,Scott Franklin,174297.0,216374.0,44.61477816372344,0,0,45.68735722145001,44.80985521655378,1825358.81,748197.83,70.92747762489502,29.07252237510498,0,0,-2.09
1214,2020,Florida,FL-16,Margaret Good,Vern Buchanan,215683.0,269001.0,44.4997152784082,0,1,45.94060953587574,44.41913617729918,3044726.21,1459050.46,67.60384524128725,32.39615475871276,0,0,-2.09
1215,2020,Florida,FL-17,Allen Ellison,Greg Steube,140487.0,266514.0,34.51760560784863,0,1,36.209761435345335,36.01511298408777,78072.87,377030.13,17.154989090381736,82.84501090961827,0,0,-2.09
1216,2020,Florida,FL-18,Pam Keith,Brian Mast,186674.0,253286.0,42.42976634239477,0,1,45.752871359121066,45.27125203784825,1525819.34,4879944.84,23.81947410371264,76.18052589628736,0,0,-2.09
1217,2020,Florida,FL-19,Cindy Banyai,Byron Donalds,172146.0,272440.0,38.720517515171416,0,0,39.85185903895812,38.63868488886728,213381.75,0.0,100.0,0.0,0,0,-2.09
1218,2020,Florida,FL-20,Alcee Hastings,Greg Musselwhite,253661.0,68748.0,78.67677391139826,1,0,77.76386590035975,81.59184349314947,221960.09,16446.0,93.10168628662127,6.898313713378715,3,0,-2.09
1219,2020,Florida,FL-21,Lois Frankel,Laura Loomer,237925.0,157612.0,60.15240040754721,1,0,58.53139567303695,60.00046548298224,1014033.29,2270318.13,30.87468910376224,69.12531089623776,0,0,-2.09
1220,2020,Florida,FL-22,Ted Deutch,Jim Pruden,235764.0,166553.0,58.60155051862089,1,0,57.47710816422795,58.05073684029342,1073436.57,78783.0,93.1625011368276,6.837498863172407,0,0,-2.09
1221,2020,Florida,FL-23,Debbie Wasserman Schultz,Carla Spalding,221239.0,158874.0,58.203481596262165,1,0,58.601026811767454,63.34844233834072,1517694.32,918074.64,62.30863209620669,37.69136790379331,6,0,-2.09
1222,2020,Florida,FL-24,Frederica Wilson,Lavern Spicer,218825.0,59084.0,78.7398033169131,1,0,75.87787545047321,84.33729854182656,40417.03,15074.3,72.83485546300655,27.165144536993434,3,0,-2.09
1223,2020,Florida,FL-26,Debbie Mucarsel-Powell,Carlos Gimenez,165407.0,177223.0,48.27569097860666,1,0,47.17789738069609,58.35775979989839,5028347.02,1736975.25,74.32531399572188,25.674686004278108,5,0,-2.09
1224,2020,Florida,FL-27,Donna Shalala,Maria Elvira Salazar,166758.0,176141.0,48.63181286617925,1,0,51.62152556037485,60.05670021314313,2926415.7,3169543.51,48.00582810986362,51.99417189013638,5,0,-2.09
1225,2020,Georgia,GA-01,Joyce Griggs,Buddy Carter,135238.0,189457.0,41.650779962734255,0,1,43.71538276499408,42.02741565148406,56064.17,1135759.61,4.704065394634096,95.2959346053659,1,0,-2.09
1226,2020,Georgia,GA-02,Sanford Bishop,Don Cole,161397.0,111620.0,59.11609899749833,1,0,56.213479192887895,55.96638448666207,380971.01,152029.88,71.47661798463415,28.52338201536587,3,0,-2.09
1227,2020,Georgia,GA-03,Val Almonord,Drew Ferguson,129792.0,241526.0,34.95440565768425,0,1,37.271944373564686,33.73912986039323,20761.87,788430.88,2.565750867145065,97.43424913285492,1,0,-2.09
1228,2020,Georgia,GA-04,Hank Johnson,Joshie Cruz,278906.0,69393.0,80.07660085156719,1,0,79.5576163353825,77.19743255303082,124911.77,0.0,100.0,0.0,3,0,-2.09
1229,2020,Georgia,GA-05,Nikema Williams,Angela Stanton-King,301857.0,52646.0,85.14934993497938,0,0,87.2078868123205,87.71565549140755,331996.1,297265.66,52.75961787349035,47.24038212650964,3,0,-2.09
1230,2020,Georgia,GA-06,Lucy McBath,Karen Handel,216775.0,180329.0,54.588974173012616,1,0,55.63701956571857,49.21532597691519,7026782.75,2504244.48,73.7253454473658,26.2746545526342,0,0,-2.09
1231,2020,Georgia,GA-07,Carolyn Bourdeaux,Rich McCormick,190900.0,180564.0,51.39125191135615,0,0,53.19670686035143,46.6709326620872,4476197.06,1679163.61,72.72030511251909,27.2796948874809,6,0,-2.09
1232,2020,Georgia,GA-08,Lindsay Holliday,Austin Scott,109264.0,198701.0,35.47935642037244,0,1,37.37886892106618,35.19897670225349,260.4,285708.0,0.0910590121146252,99.90894098788536,1,0,-2.09
1233,2020,Georgia,GA-09,Devin Pandy,Andrew Clyde,79797.0,292750.0,21.419310852053567,0,0,22.645593194745054,19.90840498576189,84357.47,230326.49,26.80704475690468,73.19295524309534,2,0,-2.09
1234,2020,Georgia,GA-10,Tabitha Johnson-Green,Jody Hice,142636.0,235810.0,37.689921415472746,0,1,39.65432938069527,36.86073249793112,14997.45,409646.55,3.531770141577416,96.4682298584226,1,0,-2.09
1235,2020,Georgia,GA-11,Dana Barrett,Barry Loudermilk,160623.0,245259.0,39.57381702071045,0,1,42.21844002331628,36.938814349605096,392689.34,237036.99,62.35872970406049,37.6412702959395,0,0,-2.09
1236,2020,Georgia,GA-12,Liz Johnson,Rick Allen,129061.0,181038.0,41.6192893237321,0,1,43.5457964178724,41.7157780662554,69585.0,880755.18,7.322114908368917,92.67788509163108,1,0,-2.09
1237,2020,Georgia,GA-13,David Scott,Becky Hites,279045.0,81476.0,77.40048429911155,1,0,76.38825155456146,72.74433597535473,185206.62,45129.0,80.40728568165011,19.59271431834989,3,0,-2.09
1238,2020,Georgia,GA-14,Kevin Van Ausdal,Marjorie Taylor Greene,77798.0,229827.0,25.28988216172288,0,0,25.625907886866617,22.75428608241196,147457.5,1611161.84,8.38484467025138,91.61515532974862,2,0,-2.09
1239,2020,Hawaii,HI-01,Ed Case,Ron Curtis,183245.0,71188.0,72.02092495863351,1,0,64.9157861587412,67.3773127472247,202793.5,3703.36,98.20657805644116,1.7934219435588514,4,0,-2.09
1240,2020,Hawaii,HI-02,Kai Kahele,Joe Akana,171517.0,84027.0,67.11838274426322,0,0,65.1452745236858,67.50411634878611,873465.54,34831.2,96.16521798812136,3.834782011878629,4,0,-2.09
1241,2020,Idaho,ID-01,Rudy Soto,Russ Fulcher,131380.0,310736.0,29.716183083172744,0,1,30.93581433048979,28.49793018188176,280386.32,219161.7,56.1280014682072,43.8719985317928,2,0,-2.09
1242,2020,Idaho,ID-02,C. Aaron Swisher,Mike Simpson,124151.0,250669.0,33.12283229283389,0,1,37.86050644617169,35.360966887131866,66455.93,260243.41,20.341617463934885,79.65838253606513,2,0,-2.09
1243,2020,Illinois,IL-01,Bobby Rush,Philanise White,239943.0,85027.0,73.83543096285811,1,0,74.95106860106269,77.85249347820582,76485.28,6288.6,92.40267581995673,7.5973241800432705,3,0,-2.09
1244,2020,Illinois,IL-02,Robin Kelly,Theresa Raborn,234896.0,63142.0,78.81411095229467,1,0,78.48642840085967,80.31416454622561,562627.52,0.0,100.0,0.0,3,0,-2.09
1245,2020,Illinois,IL-03,Marie Newman,Mike Fricilone,172997.0,133851.0,56.37872823026384,0,0,56.41956579609928,58.04021212411769,2495160.85,88348.99,96.5802727501901,3.4197272498098936,6,0,-2.09
1246,2020,Illinois,IL-04,Chuy Garcia,Jesus Solorio Jr.,187219.0,35518.0,84.05383928130486,1,0,82.3465660498535,86.1090712904821,390673.61,2065.0,99.47420499349428,0.5257950065057266,5,0,-2.09
1247,2020,Illinois,IL-05,Mike Quigley,Tommy Hanson,255661.0,96200.0,72.6596582173074,1,0,73.47297334394817,74.65341584254853,389646.18,0.0,100.0,0.0,0,0,-2.09
1248,2020,Illinois,IL-06,Sean Casten,Jeanne Ives,213777.0,183891.0,53.75765714113281,1,0,56.46989694674544,53.73221942164139,4481398.17,2919021.99,60.55599645844973,39.44400354155027,0,0,-2.09
1249,2020,Illinois,IL-07,Danny Davis,Craig Cameron,249383.0,41390.0,85.7655284362716,1,0,87.70843791867445,90.46316070475172,62171.07,0.0,100.0,0.0,3,0,-2.09
1250,2020,Illinois,IL-09,Jan Schakowsky,Sargis Sangari,262045.0,107125.0,70.98220332096325,1,0,72.14315534812023,73.81631488876212,1364362.72,30564.0,97.80891715946196,2.191082840538032,0,0,-2.09
1251,2020,Illinois,IL-10,Brad Schneider,Valerie Mukherjee,202402.0,114442.0,63.88064788981328,1,0,65.39604054062576,65.52378510065392,2191610.0,22425.0,98.98714338300884,1.0128566169911497,0,0,-2.09
1252,2020,Illinois,IL-11,Bill Foster,Rick Laib,194557.0,112807.0,63.29856456839448,1,0,63.12412038890108,62.42302908969576,1253631.79,17521.67,98.62159286416922,1.378407135830791,6,0,-2.09
1253,2020,Illinois,IL-12,Raymond Lenzi,Mike Bost,127577.0,194839.0,39.56906605131259,0,1,42.733684099627546,42.20059232637849,85469.67,748480.91,10.24876917766518,89.75123082233482,1,0,-2.09
1254,2020,Illinois,IL-13,Betsy Dirksen Londrigan,Rodney Davis,151648.0,181373.0,45.53706823293426,0,1,48.22466165961348,47.09336758120005,4300149.22,2031252.94,67.917802586718,32.08219741328199,0,0,-2.09
1255,2020,Illinois,IL-14,Lauren Underwood,Jim Oberweis,203209.0,197835.0,50.67000129661583,1,0,51.23885882139911,47.92134114652219,6314312.23,1197080.52,84.06313502911961,15.936864970880402,0,0,-2.09
1256,2020,Illinois,IL-15,Erika Weaver,Mary Miller,88559.0,244947.0,26.553945056460755,0,0,26.42379744874091,25.74685676275235,44124.93,446422.25,8.995043045604707,91.0049569543953,2,0,-2.09
1257,2020,Illinois,IL-16,Dan Brzozowski,Adam Kinzinger,119313.0,218839.0,35.28383685443232,0,1,41.79879115729784,40.85020588788081,403029.26,652764.28,38.173112898569165,61.82688710143084,2,0,-2.09
1258,2020,Illinois,IL-17,Cheri Bustos,Esther Joy King,156011.0,143863.0,52.02551738396794,1,0,49.19158084865477,49.62631844038872,2522536.65,1677458.96,60.06045920605142,39.9395407939486,1,0,-2.09
1259,2020,Illinois,IL-18,George Petrilli,Darin LaHood,110039.0,261840.0,29.59000104872821,0,1,37.61942264345654,35.41480683864516,0.0,1127580.23,0.0,100.0,2,0,-2.09
1260,2020,Indiana,IN-01,Frank Mrvan,Mark Leyva,185180.0,132247.0,58.33782255447709,0,0,54.45699359870503,56.57152016055973,359473.24,0.0,100.0,0.0,0,0,-2.09
1261,2020,Indiana,IN-02,Pat Hackett,Jackie Walorski,114967.0,183601.0,38.5061359556282,0,1,39.5671778818954,37.82614480962609,838823.08,764882.64,52.30529950345254,47.69470049654746,2,0,-2.09
1262,2020,Indiana,IN-03,Chip Coldiron,Jim Banks,104762.0,220989.0,32.16014686063895,0,1,34.72667418821384,31.62763356245898,88505.47,533976.19,14.218165078148653,85.78183492185136,2,0,-2.09
1263,2020,Indiana,IN-04,Joe Mackey,Jim Baird,112984.0,225531.0,33.37636441516624,0,1,34.76167178164243,31.948319255662867,38571.7,112069.47,25.605018867020217,74.3949811329798,2,0,-2.09
1264,2020,Indiana,IN-05,Christina Hale,Victoria Spartz,191226.0,208212.0,47.87376263650429,0,0,48.86683168920485,43.74455360707864,3041396.21,1459548.41,67.57239794698918,32.427602053010816,0,0,-2.09
1265,2020,Indiana,IN-06,Jannine Lee Lake,Greg Pence,91103.0,225319.0,28.79161373103008,0,1,29.71861825147281,28.782354767694603,0.0,2376512.26,0.0,100.0,2,0,-2.09
1266,2020,Indiana,IN-07,Andrew Carson,Susan Marie Smith,176422.0,106146.0,62.43523682794938,1,0,64.06263502030706,61.99379422409923,519072.47,51518.85,90.9709720084771,9.0290279915229,0,0,-2.09
1267,2020,Indiana,IN-08,E. Thomasina Marsili,Larry Bucshon,95691.0,214643.0,30.834842460059164,0,1,33.735673464289064,32.34253681974862,60596.64,256249.76,19.124926147180464,80.87507385281954,2,0,-2.09
1268,2020,Indiana,IN-09,Andy Ruff,Trey Hollingsworth,122566.0,222057.0,35.565240857400696,0,1,37.96842358765843,35.8792782587588,141388.75,152624.35,48.089268811491735,51.91073118850827,2,0,-2.09
1269,2020,Iowa,IA-01,Abby Finkenauer,Ashley Hinson,201347.0,212088.0,48.7010049947392,1,0,48.26309160490239,48.10938969055308,3881981.9,4637837.84,45.56413185333425,54.43586814666573,2,0,-2.09
1270,2020,Iowa,IA-02,Rita Hart,Mariannette Miller-Meeks,196958.0,196964.0,49.999238427912125,0,0,47.96414535265748,47.81790693767849,2987908.47,1186146.04,71.58288093367521,28.41711906632479,2,0,-2.09
1271,2020,Iowa,IA-03,Cindy Axne,David Young,219205.0,212997.0,50.71818270160712,1,0,49.93684351225815,48.11590822341915,4412413.21,2429422.75,64.49165451783209,35.50834548216792,0,0,-2.09
1272,2020,Iowa,IA-04,J.D. Scholten,Randy Feenstra,144761.0,237369.0,37.88265773427892,0,0,36.30547392983791,35.524356579204195,2734204.37,1307009.2,67.6580022965725,32.34199770342748,2,0,-2.09
1273,2020,Kansas,KS-01,Kali Barnett,Tracey Mann,84393.0,208229.0,28.84027858465871,0,0,28.767184354821563,25.98038226737735,567207.92,954553.97,37.27310584706521,62.72689415293479,2,0,-2.09
1274,2020,Kansas,KS-02,Michelle De La Isla,Jake LaTurner,136650.0,185464.0,42.42286892218283,0,0,42.3450124195296,40.129755148841056,1451640.6,832655.78,63.54869765192204,36.45130234807797,2,0,-2.09
1275,2020,Kansas,KS-03,Sharice Davids,Amanda Adkins,220049.0,178773.0,55.174739608146,1,0,55.40493224434252,50.65483416618829,4137407.34,1877888.29,68.78144640748106,31.218553592518944,0,0,-2.09
1276,2020,Kansas,KS-04,Laura Lombard,Ron Estes,116166.0,203432.0,36.34753659284476,0,1,38.91901468606248,35.39426208039655,269860.97,861798.08,23.846490689929976,76.15350931007004,0,0,-2.09
1277,2020,Kentucky,KY-01,James Rhodes,James Comer,82141.0,246329.0,25.0071543824398,0,1,25.877637771367844,24.82264519669652,0.0,276173.01,0.0,100.0,2,0,-2.09
1278,2020,Kentucky,KY-02,Hank Linderman,Brett Guthrie,94643.0,255735.0,27.011684523571684,0,1,31.18246897336114,29.011547867774485,82355.92,226706.81,26.646991696475343,73.35300830352466,2,0,-2.09
1279,2020,Kentucky,KY-03,John Yarmuth,Rhonda Palazzo,230672.0,137425.0,62.66609073151914,1,0,61.13566842119768,57.88719151748727,200442.09,38718.99,83.81049709258714,16.189502907412862,0,0,-2.09
1280,2020,Kentucky,KY-04,Alexandra Owensby,Thomas Massie,125896.0,256613.0,32.913212499575174,0,1,34.05201465972997,30.98617204699557,153495.79,1247755.81,10.95419195239456,89.04580804760543,2,0,-2.09
1281,2020,Kentucky,KY-05,Matthew Best,Hal Rogers,47056.0,250914.0,15.792193845017955,0,1,18.851828848639485,17.997971767597136,0.0,264126.48,0.0,100.0,2,0,-2.09
1282,2020,Kentucky,KY-06,Josh Hicks,Andy Barr,155011.0,216948.0,41.67421678195715,0,1,45.3598564083186,41.88448432095772,2687479.87,2031020.2,56.95623249190711,43.04376750809288,2,0,-2.09
1283,2020,Louisiana,LA-01,Lee Ann Dugas,Steve Scalise,94730.0,270330.0,25.9491590423492,0,1,30.70369005031179,27.98462696573707,0.0,27592974.75,0.0,100.0,0,0,-2.09
1284,2020,Louisiana,LA-02,Cedric Richmond,David Schilling,235320.0,63140.0,78.84473631307378,1,0,76.60786048795116,77.03513255247161,390033.51,0.0,100.0,0.0,3,0,-2.09
1285,2020,Louisiana,LA-03,Braylon Harris,Clay Higgins,100275.0,230480.0,30.31700201055162,0,1,30.683122683373977,30.26070313773554,82872.85,533826.18,13.438135292672667,86.56186470732735,1,0,-2.09
1286,2020,Louisiana,LA-04,Kenny Houston,Mike Johnson,101970.0,204608.0,33.260703638225834,0,1,37.578520550656776,37.664095407912754,42626.93,826550.7,4.904282913953963,95.09571708604602,1,0,-2.09
1287,2020,Louisiana,LA-05,Various Dems,Luke Letlow,99566.0,335524.0,22.884001011285022,0,0,34.5804967969192,34.9455021441,194815.25,1751824.9700000002,10.007768667185967,89.99223133281403,1,0,-2.09
1288,2020,Louisiana,LA-06,Dartanyon Williams,Garret Graves,95541.0,265706.0,26.44755527381542,0,1,35.020132795764695,32.3648836834313,35650.44,779020.16,4.376055794820631,95.62394420517936,1,0,-2.09
1289,2020,Maine,ME-01,Chellie Pingree,Jay Allen,271004.0,165008.0,62.15517004119153,1,0,61.88731497766141,57.94503238035066,248091.8,68837.39,78.27988327613495,21.72011672386504,2,0,-2.09
1290,2020,Maine,ME-02,Jared Golden,Dale Crafts,197974.0,175228.0,53.04741132148274,1,0,46.169003908174325,44.449146046055255,4146761.12,798734.01,83.8492610142354,16.150738985764608,2,0,-2.09
1291,2020,Maryland,MD-01,Mia Mason,Andy Harris,143877.0,250901.0,36.445039997162965,0,1,39.92280694636046,35.02366154119227,2524.03,1059031.28,0.2377671682505172,99.76223283174949,2,0,-2.09
1292,2020,Maryland,MD-02,Dutch Ruppersberger,Johnny Ray Salling,224836.0,106355.0,67.88711045891948,1,0,67.02652720212646,62.73417168285754,315503.42,64086.3,83.11695585433662,16.88304414566338,3,0,-2.09
1293,2020,Maryland,MD-03,John Sarbanes,Charles Anthony,260358.0,112117.0,69.89945633935163,1,0,70.07419642738208,66.05355577756394,575196.47,7698.23,98.67931034541915,1.320689654580836,0,0,-2.09
1294,2020,Maryland,MD-04,Anthony Brown,George McDermott,282119.0,71671.0,79.74193730744227,1,0,80.48234841701355,79.65924134055867,583434.23,0.0,100.0,0.0,3,0,-2.09
1295,2020,Maryland,MD-05,Steny Hoyer,Chris Palombi,274210.0,123525.0,68.94288910958302,1,0,69.80565562549947,66.61684646710009,1208607.46,39808.61,96.8112706206994,3.1887293793006046,3,0,-2.09
1296,2020,Maryland,MD-06,David Trone,Neil Parrott,215540.0,143599.0,60.01575991468484,1,0,61.75149273404739,57.85875790441405,409019.23,303972.29,57.36663319642287,42.633366803577125,0,0,-2.09
1297,2020,Maryland,MD-07,Kweisi Mfume,Kimberly Klacik,237105.0,92841.0,71.86175919695951,1,0,79.65999878026469,78.94467163273976,633022.57,8278633.84,7.103309877271177,92.8966901227288,3,0,-2.09
1298,2020,Maryland,MD-08,Jamie Raskin,Gregory Coll,274716.0,127157.0,68.35890940670312,1,0,70.60076389759935,68.0113841965296,1647172.42,19067.11,98.85568013141544,1.1443198685845606,0,0,-2.09
1299,2020,Massachusetts,MA-02,Jim McGovern,Tracy Lovvorn,249854.0,132220.0,65.39413830828583,1,0,63.14829204775756,60.40822319219158,653469.47,25720.62,96.21304545241524,3.786954547584757,0,0,-2.09
1300,2020,Massachusetts,MA-04,Jake Auchincloss,Julie Hall,251102.0,160474.0,61.00987423950862,0,0,65.6790217190147,62.82678262126717,2445271.63,62513.74,97.50721330669538,2.4927866933046183,0,0,-2.09
1301,2020,Massachusetts,MA-05,Katherine Clark,Caroline Colarusso,294427.0,101351.0,74.3919571072672,1,0,75.70872983860927,72.96677282078741,896519.19,139153.0,86.56399183606543,13.436008163934575,0,0,-2.09
1302,2020,Massachusetts,MA-06,Seth Moulton,John Paul Moran,286377.0,150695.0,65.52169894205073,1,0,63.72672731496877,59.47019587307128,567649.77,198795.35,74.06267652927323,25.93732347072677,0,0,-2.09
1303,2020,Massachusetts,MA-09,Bill Keating,Helen Brady,260262.0,154261.0,62.78590090296557,1,0,58.9773031640484,55.67920828548524,271249.57,21583.2,92.62951342501728,7.370486574982711,0,0,-2.09
1304,2020,Michigan,MI-01,Dana Ferguson,Jack Bergman,153328.0,256581.0,37.4053753394046,0,1,41.21657204279356,38.725044251131344,339481.75,937138.98,26.59221662490159,73.40778337509842,2,0,-2.09
1305,2020,Michigan,MI-02,Bryan Berghoef,Bill Huizenga,154122.0,238711.0,39.23346562025085,0,1,43.99133312792581,40.674937050912,722764.71,735205.42,49.57335511393502,50.426644886064985,2,0,-2.09
1306,2020,Michigan,MI-03,Hillary Scholten,Peter Meijer,189769.0,213649.0,47.04029071583321,0,0,48.36119969080646,44.96237113716682,2971001.16,1579074.65,65.29564086537714,34.704359134622855,2,0,-2.09
1307,2020,Michigan,MI-04,Jerry Hilliard,John Moolenaar,120802.0,242621.0,33.240053601450654,0,1,37.70514485195513,36.81980078869303,15703.85,892694.4,1.7287406707355502,98.27125932926444,2,0,-2.09
1308,2020,Michigan,MI-05,Dan Kildee,Tim Kelly,196599.0,150772.0,56.596261633815146,1,0,52.20933729537936,52.24246154635276,505348.03,54032.0,90.3407349025313,9.65926509746871,1,0,-2.09
1309,2020,Michigan,MI-06,Joan Hoadley,Fred Upton,152085.0,211496.0,41.82974357845982,0,1,47.70078114656428,45.52026588275185,2630845.65,1522228.6,63.346944736179466,36.65305526382053,2,0,-2.09
1310,2020,Michigan,MI-07,Gretchen Driskell,Tim Walberg,159743.0,227524.0,41.24880250576476,0,1,42.132844127596,40.958094271545136,1465131.08,1251053.87,53.940770123183256,46.05922987681675,2,0,-2.09
1311,2020,Michigan,MI-08,Elissa Slotkin,Paul Junge,217922.0,202525.0,51.83102745411431,1,0,49.58338593611918,46.407979070180936,7317659.04,1088159.76,87.05468454780394,12.945315452196043,0,0,-2.09
1312,2020,Michigan,MI-09,Andy Levin,Charles Langworthy,230318.0,153296.0,60.03899753397947,1,0,56.699452686978006,54.05808398438653,824442.96,0.0,100.0,0.0,0,0,-2.09
1313,2020,Michigan,MI-10,Kimberly Bizon,Lisa McClain,138179.0,271607.0,33.71979521018287,0,0,34.90959302601934,33.13396007455251,28831.89,494586.48,5.508383284293212,94.49161671570678,2,0,-2.09
1314,2020,Michigan,MI-11,Haley Stevens,Eric Esshaki,226128.0,215405.0,51.214292023472765,1,0,52.29892518069506,47.69755619459971,3845798.2,1150694.93,76.96994872081412,23.030051279185887,0,0,-2.09
1315,2020,Michigan,MI-12,Debbie Dingell,Jeff Jones,254957.0,117719.0,68.41250845238223,1,0,65.1137168896866,63.82143299863642,634586.68,9565.92,98.5149605854265,1.485039414573503,0,0,-2.09
1316,2020,Michigan,MI-13,Rashida Tlaib,David Dudenhoefer,223205.0,53311.0,80.72046463857426,1,0,79.78359176494715,81.29548706145808,3814314.09,0.0,100.0,0.0,3,0,-2.09
1317,2020,Michigan,MI-14,Brenda Lawrence,Robert Patrick,271370.0,62664.0,81.24023303017059,1,0,80.27389395670353,81.2667838720272,365747.59,12561.79,96.67949285317748,3.3205071468225293,3,0,-2.09
1318,2020,Minnesota,MN-01,Dan Feehan,Jim Hagedorn,167890.0,179234.0,48.366001774582,0,1,44.81488560039316,41.868867568276805,3930629.32,1563087.39,71.54772492810245,28.452275071897542,2,0,-2.09
1319,2020,Minnesota,MN-02,Angie Craig,Tyler Kistner,204534.0,194954.0,51.19903476449856,1,0,53.4920230220447,49.34887955424179,3674824.82,2843817.53,56.37408255723678,43.62591744276322,0,0,-2.09
1320,2020,Minnesota,MN-03,Dean Phillips,Kendall Qualls,246666.0,196625.0,55.64426076775752,1,0,59.83960267974842,55.131770156135616,2260584.33,1668221.78,57.53870938670475,42.46129061329524,0,0,-2.09
1321,2020,Minnesota,MN-04,Betty McCollum,Gene Rechtzigel,245813.0,112730.0,68.5588618380501,1,0,68.90353399311965,66.81364675817845,586023.32,20075.05,96.68782313339663,3.312176866603353,0,0,-2.09
1322,2020,Minnesota,MN-05,Ilhan Omar,Lacy Johnson,255924.0,102878.0,71.32736160890964,1,0,81.96834119110721,79.95683415365988,5455279.1,12170387.43,30.95076768140807,69.04923231859192,0,0,-2.09
1323,2020,Minnesota,MN-06,Tawnja Zahradka,Tom Emmer,140853.0,270901.0,34.20804655206749,0,1,39.71173749957976,36.07429616087751,49168.55,1005169.46,4.663452283200907,95.33654771679907,2,0,-2.09
1324,2020,Minnesota,MN-07,Collin Peterson,Michelle Fischbach,144840.0,194066.0,42.73751423698607,1,0,35.02204655102261,33.43105879193429,830966.78,2057601.29,28.767429392792533,71.23257060720746,2,0,-2.09
1325,2020,Minnesota,MN-08,Quinn Nystrom,Pete Stauber,147853.0,223432.0,39.82196964595931,0,1,42.56106795299661,41.585693549741485,1455473.05,1363801.56,51.62579923351276,48.37420076648723,2,0,-2.09
1326,2020,Mississippi,MS-01,Antonia Eliason,Trent Kelly,104008.0,228787.0,31.2528733905257,0,1,34.26038162026005,33.15740637153932,20024.7,398729.49,4.781970062198064,95.21802993780192,1,0,-2.09
1327,2020,Mississippi,MS-02,Bennie Thompson,Brian Flowers,196224.0,101010.0,66.01667373180726,1,0,64.4142491137229,64.39777468706536,380901.28,11516.07,97.06535146827731,2.934648531722667,3,0,-2.09
1328,2020,Mississippi,MS-03,Dot Benford,Michael Guest,120782.0,221064.0,35.33228412794065,0,1,39.13708018399094,37.49838651282132,0.0,475473.32,0.0,100.0,1,0,-2.09
1329,2020,Missouri,MO-01,Cori Bush,Anthony Rogers,249087.0,59940.0,80.60363657544485,0,0,81.56798623608032,80.36330626332683,1311995.0,0.0,100.0,0.0,3,0,-2.09
1330,2020,Missouri,MO-02,Jill Schupp,Ann Wagner,204540.0,233157.0,46.730957717325,0,1,49.987073219532704,44.58015152237578,4259592.77,3309358.26,56.27718759332494,43.72281240667507,0,0,-2.09
1331,2020,Missouri,MO-03,Megan Rezabek,Blaine Luetkemeyer,116095.0,282866.0,29.09933552402365,0,1,31.898447212539303,29.500926367640368,0.0,426669.05,0.0,100.0,2,0,-2.09
1332,2020,Missouri,MO-04,Lindsey Simmons,Vicky Hartzler,107635.0,245247.0,30.501697451272666,0,1,32.60608204654814,31.00687564827985,378992.4,1192755.96,24.112791184970604,75.88720881502941,2,0,-2.09
1333,2020,Missouri,MO-05,Emanuel Cleaver,Ryan Derks,207180.0,135934.0,60.382263620837385,1,0,59.566670567449776,57.11917231629342,368689.07,76087.87,82.89302723293164,17.106972767068363,0,0,-2.09
1334,2020,Missouri,MO-06,Gena Ross,Sam Graves,118926.0,258709.0,31.492314006911435,0,1,35.59467070495433,33.40657243963736,7557.88,386985.04,1.9156040108386687,98.08439598916134,2,0,-2.09
1335,2020,Missouri,MO-07,Teresa Montseny,Billy Long,98111.0,254318.0,27.83851499167208,0,1,28.64987901850719,25.96636820266433,0.0,424282.05,0.0,100.0,2,0,-2.09
1336,2020,Missouri,MO-08,Kathy Ellis,Jason Smith,70561.0,253811.0,21.7531106260713,0,1,21.63842723469639,21.81166890683927,285472.71,536860.46,34.714969602892225,65.28503039710778,2,0,-2.09
1337,2020,Montana,MT-00,Kathleen Williams,Matt Rosendale,262340.0,339169.0,43.6136450161178,0,0,41.6028199079519,38.89033568297556,5818455.22,3143255.17,64.92572251043252,35.07427748956748,2,0,-2.09
1338,2020,Nebraska,NE-01,Kate Bolz,Jeff Fortenberry,119622.0,189006.0,38.75928302033516,0,1,42.31661392860685,38.672537974708014,1076352.36,677291.9,61.37803342167014,38.62196657832986,2,0,-2.09
1339,2020,Nebraska,NE-02,Kara Eastman,Don Bacon,155706.0,171071.0,47.64900834514057,0,1,53.33857244328916,48.80792828210627,3830988.85,1878351.43,67.1003769633433,32.89962303665669,0,0,-2.09
1340,2020,Nebraska,NE-03,Mark Elworth,Adrian Smith,50690.0,225157.0,18.376128796035484,0,1,22.863352463085825,21.07603835884797,108.79,364982.3,0.0297980430034597,99.97020195699656,2,0,-2.09
1341,2020,Nevada,NV-01,Dina Titus,Joyce Bentley,137868.0,74490.0,64.92244229084847,1,0,62.79509632224168,65.38312297228839,332164.79,0.0,100.0,0.0,6,0,-2.09
1342,2020,Nevada,NV-02,Patricia Ackerman,Mark Amodei,155780.0,216078.0,41.89233524624992,0,1,44.85534215102327,43.25754560142365,407002.47,633671.0,39.10952683361862,60.89047316638138,0,0,-2.09
1343,2020,Nevada,NV-03,Susie Lee,Dan Rodimer,203421.0,190975.0,51.5778557591862,1,0,50.10281110593871,49.46746875479408,2841082.21,2587177.58,52.33872953600845,47.66127046399156,6,0,-2.09
1344,2020,Nevada,NV-04,Steven Horsford,Jim Marchant,168457.0,152284.0,52.52119311219956,1,0,52.00749520396175,52.62814359761951,1639287.83,1260158.4,56.53796276815246,43.462037231847546,6,0,-2.09
1345,2020,New Hampshire,NH-01,Chris Pappas,Matt Mowers,205606.0,185159.0,52.61627832584802,1,0,53.062501707391576,49.16123799287016,2244204.47,1493453.83,60.04306145374498,39.95693854625502,2,0,-2.09
1346,2020,New Hampshire,NH-02,Annie Kuster,Steve Negron,208289.0,168886.0,55.223437396434015,1,0,54.46130289532294,51.26582834132737,1810958.94,310018.17,85.38323829435387,14.61676170564613,2,0,-2.09
1347,2020,New Jersey,NJ-01,Donald Norcross,Claire Gustafson,240567.0,144463.0,62.48006648832558,1,0,62.90684507422682,62.64759666442535,1120168.41,34519.78,97.01046738860298,2.989532611397021,0,0,-2.09
1348,2020,New Jersey,NJ-02,Amy Kennedy,Jeff Van Drew,173849.0,195526.0,47.06571912013536,0,1,48.5281344010847,47.609159675245536,3661622.35,3211217.65,53.276700025026045,46.72329997497396,0,0,-2.09
1349,2020,New Jersey,NJ-03,Andy Kim,David Richter,229840.0,196327.0,53.93190932193248,1,0,49.90878553802747,46.79514616219709,5709701.73,645139.26,89.84806604893508,10.15193395106492,0,0,-2.09
1350,2020,New Jersey,NJ-04,Stephanie Schmid,Chris Smith,162420.0,254103.0,38.99424521575039,0,1,44.67231396948401,42.36806259962325,651191.28,820045.84,44.26147703505469,55.7385229649453,0,0,-2.09
1351,2020,New Jersey,NJ-05,Josh Gottheimer,Frank Pallotta,225175.0,193333.0,53.80422835405775,1,0,52.634571645185744,49.41835856383568,5444585.26,589800.26,90.22600962359462,9.773990376405385,0,0,-2.09
1352,2020,New Jersey,NJ-06,Frank Pallone,Christinan Onuoha,199648.0,126760.0,61.16516752040391,1,0,57.952134341052655,58.05208600678701,1023550.87,0.0,100.0,0.0,6,0,-2.09
1353,2020,New Jersey,NJ-07,Tom Malinowski,Tom Kean,219629.0,214318.0,50.61194108958006,1,0,55.04854346579856,50.580528751863184,6284699.86,3299328.86,65.57471856156958,34.42528143843041,0,0,-2.09
1354,2020,New Jersey,NJ-08,Albio Sires,Jason Mushnick,176758.0,58686.0,75.07432765328485,1,0,72.55541896339771,77.89308598826007,299819.01,0.0,100.0,0.0,5,0,-2.09
1355,2020,New Jersey,NJ-09,Bill Pascrell,Billy Prempeh,203674.0,98629.0,67.37412463654016,1,0,62.82102419950062,65.99443723345077,622931.36,44218.95,93.37196590675346,6.628034093246543,6,0,-2.09
1356,2020,New Jersey,NJ-10,Donald Payne,Jennifer Zinone,241522.0,40298.0,85.70080193031012,1,0,84.89814555586663,86.94433185960816,115937.13,0.0,100.0,0.0,3,0,-2.09
1357,2020,New Jersey,NJ-11,Mikie Sherrill,Rosemary Becchi,235163.0,206013.0,53.30367019058153,1,0,53.359730764142846,49.5432437573024,4842625.69,912221.11,84.14864649394316,15.85135350605684,0,0,-2.09
1358,2020,New Jersey,NJ-12,Bonnie Watson Coleman,Mark Razzoli,230883.0,114591.0,66.83078900293509,1,0,68.14467541347442,67.16715238395295,335907.15,3065.2,99.0957374546921,0.9042625453078988,6,0,-2.09
1359,2020,New Mexico,NM-01,Deb Haaland,Michelle Garcia Holmes,186953.0,134337.0,58.18824115285256,1,0,61.65842133390004,59.52332829389365,1870862.99,248923.59,88.2571390748214,11.742860925178608,6,0,-2.09
1360,2020,New Mexico,NM-02,Xochitl Torres Small,Yvette Herrell,122546.0,142283.0,46.27363317461457,1,0,43.95175433633926,44.337172028968304,6379109.55,2317900.29,73.34830783634023,26.65169216365977,5,0,-2.09
1361,2020,New Mexico,NM-03,Teresa Leger Fernandez,Alexis Johnson,186282.0,131166.0,58.68110682694488,0,0,58.98047960802173,58.56428987948685,1989784.81,141397.93,93.36528363588378,6.634716364116199,6,0,-2.09
1362,2020,New York,NY-01,Nancy Goroff,Lee Zeldin,169294.0,205715.0,45.1439832110696,0,1,47.89934463430804,43.64367812556708,5141861.57,6182484.82,45.40537169138995,54.59462830861005,0,0,-2.09
1363,2020,New York,NY-02,Jackie Gordon,Andrew Garbarino,154246.0,177379.0,46.51217489634376,0,0,47.950895355741615,45.35093613713322,2946119.46,1301961.18,69.35177812443787,30.648221875562136,0,0,-2.09
1364,2020,New York,NY-03,Tom Suozzi,George Santos,208555.0,161931.0,56.2922755515728,1,0,55.25865241122718,53.18378426751782,1772921.26,604622.04,74.5694625204092,25.43053747959081,0,0,-2.09
1365,2020,New York,NY-04,Kathleen Rice,Douglas Tuman,199762.0,153007.0,56.626857802131134,1,0,56.18767799178816,54.94570962439737,594860.42,130827.05,81.971984441181,18.028015558819003,0,0,-2.09
1366,2020,New York,NY-06,Grace Meng,Tom Zmich,158862.0,74829.0,67.97951140608752,1,0,62.31231843848941,66.9969273840075,799247.81,28153.4,96.59737021656036,3.4026297834396444,6,0,-2.09
1367,2020,New York,NY-07,Nydia Velazquez,Brian Kelly,191073.0,32520.0,85.45571641330453,1,0,82.53892039432988,89.34034657199464,448531.64,0.0,100.0,0.0,6,0,-2.09
1368,2020,New York,NY-08,Hakeem Jeffries,Garfield Wallace,234933.0,42007.0,84.83173250523579,1,0,83.41646814901073,86.26007318682638,2525303.88,0.0,100.0,0.0,3,0,-2.09
1369,2020,New York,NY-09,Yvette Clarke,Constantine Jean-Pierre,230221.0,43950.0,83.96985822716479,1,0,82.03763858484571,85.26641225061591,355004.64,0.0,100.0,0.0,3,0,-2.09
1370,2020,New York,NY-10,Jerrold Nadler,Cathy Bernstein,206310.0,66889.0,75.51638183155868,1,0,76.87734359581606,80.6604979295537,1095511.44,47804.96,95.81874623682474,4.181253763175268,0,0,-2.09
1371,2020,New York,NY-11,Max Rose,Nicole Malliotakis,137198.0,155608.0,46.85628026748086,1,0,44.68457884769245,44.95432554257785,7309630.4,3005617.2,70.86238434063375,29.13761565936624,0,0,-2.09
1372,2020,New York,NY-12,Carolyn Maloney,Carlos Santiago-Cano,265172.0,53061.0,83.32636778712454,1,0,85.01984217349985,86.06528949273532,1529656.57,0.0,100.0,0.0,0,0,-2.09
1373,2020,New York,NY-13,Adriano Espaillat,Lovelynn Gwinn,231841.0,19829.0,92.12103150951644,1,0,88.76312985233673,94.43466908843229,544542.75,34028.2,94.11857785116932,5.881422148830667,5,0,-2.09
1374,2020,New York,NY-14,Alexandria Ocasio-Cortez,John Cummings,152661.0,58440.0,72.31656884619211,1,0,73.91066270585497,79.70173767022693,20677690.9,11200457.71,64.86477979939374,35.135220200606256,5,0,-2.09
1375,2020,New York,NY-15,Ritchie Torres,Patrick Delices,169533.0,21221.0,88.87520052004152,0,0,86.88781487247887,95.03720376009532,1873066.46,0.0,100.0,0.0,5,0,-2.09
1376,2020,New York,NY-17,Mondaire Jones,Maureen McArdle Schulman,197354.0,117309.0,62.71916304109476,0,0,60.20092121982211,60.37936886286499,2717627.39,41815.28,98.48464762632668,1.5153523736733403,0,0,-2.09
1377,2020,New York,NY-18,Sean Patrick Maloney,Chele Farley,187444.0,145145.0,56.35904975810986,1,0,52.52874120509142,49.00177655616264,1785697.59,956398.33,65.12163112076692,34.87836887923308,0,0,-2.09
1378,2020,New York,NY-19,Antonio Delgado,Kyle Van De Water,192100.0,151475.0,55.91210070581387,1,0,50.7483344150621,46.40881423329579,4956155.41,73453.29,98.53958241324024,1.460417586759781,2,0,-2.09
1379,2020,New York,NY-20,Paul Tonko,Elizabeth Joy,219705.0,139446.0,61.17343401521923,1,0,60.54730484540018,57.13931993444994,544915.6,353789.88,60.63339015135415,39.36660984864586,0,0,-2.09
1380,2020,New York,NY-21,Tedra Cobb,Elise Stefanik,131995.0,188655.0,41.164821456416654,0,1,44.69030735843343,42.61728715189464,5511830.13,11174707.3,33.03159899483113,66.96840100516887,2,0,-2.09
1381,2020,New York,NY-22,Anthony Brindisi,Claudia Tenney,155989.0,156098.0,49.98253692079452,1,0,44.14321524854562,41.774967115989874,3958651.83,1995035.8,66.49075457121354,33.50924542878646,2,0,-2.09
1382,2020,New York,NY-23,Tracy Mitrano,Tom Reed,128976.0,181021.0,41.60556392481218,0,1,44.23984981545119,42.10324011875433,1383098.69,1206215.44,53.415639067323205,46.5843609326768,2,0,-2.09
1383,2020,New York,NY-24,Dana Balter,John Katko,147877.0,182809.0,44.71825236024507,0,1,54.64063938282608,51.93580114449213,2597462.2,1741685.96,59.86110877578332,40.138891224216685,2,0,-2.09
1384,2020,New York,NY-25,Joe Morelle,George Mitris,206396.0,136198.0,60.24507142565252,1,0,61.40409053354541,58.648521248929775,465264.64,24651.98,94.96812743360287,5.031872566397114,0,0,-2.09
1385,2020,New York,NY-26,Brian Higgins,Ricky Donovan,223366.0,91706.0,70.89363700995328,1,0,63.74560900150895,60.27487675923189,310418.51,0.0,100.0,0.0,0,0,-2.09
1386,2020,New York,NY-27,Nate McMurray,Chris Jacobs,149449.0,228885.0,39.50186871917406,0,1,41.98638533837503,37.1172973104421,1065374.72,1240918.31,46.19424791827081,53.805752081729175,2,0,-2.09
1387,2020,North Carolina,NC-01,G.K. Butterfield,Sandy Smith,188870.0,159748.0,54.1767780206415,1,0,54.35132623150067,55.67688356323154,292729.08,1357172.01,17.742219929074658,82.25778007092534,1,0,-2.09
1388,2020,North Carolina,NC-02,Deborah Ross,Alan Swain,311887.0,172544.0,64.38213078849206,0,0,65.39980496331934,62.70578959281082,1762872.95,94396.07,94.91747996744164,5.082520032558342,1,0,-2.09
1389,2020,North Carolina,NC-03,Daryl Farrow,Greg Murphy,132752.0,229800.0,36.61598887883669,0,1,38.242479975622494,37.43534069863976,0.0,958158.61,0.0,100.0,1,0,-2.09
1390,2020,North Carolina,NC-04,David Price,Robert Thomas,332421.0,161298.0,67.32999945313021,1,0,67.4087074951258,67.1142689365974,505328.11,0.0,100.0,0.0,0,0,-2.09
1391,2020,North Carolina,NC-05,David Wilson Brown,Virginia Foxx,119846.0,257843.0,31.73139805501352,0,1,31.93536734395856,31.08445519051322,56557.51,1057839.29,5.07516801914722,94.92483198085276,2,0,-2.09
1392,2020,North Carolina,NC-06,Kathy Manning,Lee Haywood,253531.0,153598.0,62.272891393145656,0,0,62.34145466706086,61.04552841049935,1670081.78,64668.49,96.27217293933612,3.727827060663896,1,0,-2.09
1393,2020,North Carolina,NC-07,Christopher Ward,David Rouzer,179045.0,272443.0,39.65664646679424,0,1,41.21816294690369,39.757165081730136,4174.99,575026.74,0.7208179436894984,99.2791820563105,1,0,-2.09
1394,2020,North Carolina,NC-08,Patricia Timmons-Goodson,Richard Hudson,177781.0,202774.0,46.7162433813772,0,1,46.72784015383565,45.31607569874778,3448209.44,1723762.91,66.67107259380457,33.32892740619543,1,0,-2.09
1395,2020,North Carolina,NC-09,Cynthia Wallace,Dan Bishop,179463.0,224661.0,44.407904504558005,0,1,46.02944868632866,44.59098002450136,683841.1,3095215.22,18.09555196044286,81.90444803955714,1,0,-2.09
1396,2020,North Carolina,NC-10,David Parker,Patrick McHenry,128189.0,284095.0,31.09240232461119,0,1,31.56909679204205,30.340762442886543,27645.25,488868.22,5.3522805513668406,94.64771944863315,2,0,-2.09
1397,2020,North Carolina,NC-11,Moe Davis,Madison Cawthorn,190609.0,245351.0,43.72167171300119,0,0,43.87650750717967,41.11109035049554,2197167.29,4050109.7,35.16999956168103,64.83000043831896,2,0,-2.09
1398,2020,North Carolina,NC-13,Scott Huffman,Ted Budd,124684.0,267181.0,31.81810062138747,0,1,32.1574144486692,31.35336132686959,175334.17,1373534.85,11.320141841303018,88.67985815869699,1,0,-2.09
1399,2020,North Dakota,ND-00,Zach Raknerud,Kelly Armstrong,97970.0,245229.0,28.546120472379,0,1,32.78259157710337,30.19075710348025,23980.09,441057.19,5.156595187379385,94.84340481262062,2,0,-2.09
1400,2020,Ohio,OH-01,Kate Schroder,Steve Chabot,172022.0,199560.0,46.294492198222734,0,1,48.37582600551538,46.526575591090506,3372763.23,1929471.44,63.610221725625735,36.389778274374265,0,0,-2.09
1401,2020,Ohio,OH-02,Jaime Castle,Brad Wenstrup,146781.0,230430.0,38.91217382313877,0,1,43.55498391606368,41.56887642108372,281689.96,775075.26,26.65586969260779,73.34413030739222,2,0,-2.09
1402,2020,Ohio,OH-03,Joyce Beatty,Mark Richardson,227420.0,93569.0,70.84977989899966,1,0,71.12569502534075,70.0854900106238,686733.4,0.0,100.0,0.0,0,0,-2.09
1403,2020,Ohio,OH-04,Shannon Freshour,Jim Jordan,101897.0,235875.0,30.167391021162203,0,1,31.753194428456315,32.31362451192778,0.0,18473335.86,0.0,100.0,2,0,-2.09
1404,2020,Ohio,OH-05,Nick Rubando,Bob Latta,120962.0,257019.0,32.002137673586766,0,1,37.31392865617338,36.69229612195964,242961.35,592818.54,29.07001626947497,70.92998373052504,2,0,-2.09
1405,2020,Ohio,OH-06,Shawna Roberts,Bill Johnson,85661.0,249130.0,25.58641062633105,0,1,26.8636163013094,27.821085097799354,261.84,699783.08,0.0374033140616176,99.9625966859384,2,0,-2.09
1406,2020,Ohio,OH-07,Quentin Potter,Bob Gibbs,102271.0,236607.0,30.17929756431518,0,1,33.71497043453001,34.44345582630936,8672.31,207807.23,4.006064499213181,95.99393550078682,2,0,-2.09
1407,2020,Ohio,OH-08,Vanessa Enoch,Warren Davidson,110766.0,246277.0,31.023154073879056,0,1,33.0232506874907,31.97551104989212,53284.23,423371.26,11.178771905050334,88.82122809494966,2,0,-2.09
1408,2020,Ohio,OH-09,Marcy Kaptur,Ron Weber,190328.0,111385.0,63.08246578702277,1,0,59.6741403533761,61.644426810338224,307949.5,58098.16,84.12825258874759,15.871747411252404,0,0,-2.09
1409,2020,Ohio,OH-10,Desiree Tims,Mike Turner,151976.0,212972.0,41.64319300283877,0,1,47.756850453004894,46.17801015583117,1730867.09,859393.1,66.82213225845857,33.17786774154144,0,0,-2.09
1410,2020,Ohio,OH-11,Marcia Fudge,Laverne Gore,242098.0,60323.0,80.05330317669738,1,0,80.58139127052199,82.55147217394614,142021.54,149839.13,48.66073253378058,51.33926746621941,3,0,-2.09
1411,2020,Ohio,OH-12,Alaina Shearer,Troy Balderson,182847.0,241790.0,43.059601494923896,0,1,46.982041353374896,44.07298548331015,1024763.59,850162.02,54.656226600904986,45.34377339909502,0,0,-2.09
1412,2020,Ohio,OH-13,Tim Ryan,Christina Hagan,173631.0,148648.0,53.87598943772321,1,0,51.70706225863042,53.38710572444207,1117400.94,809179.95,57.999170748548224,42.000829251451776,0,0,-2.09
1413,2020,Ohio,OH-14,Hillary O'Connor Mueri,David Joyce,158586.0,238864.0,39.90086803371493,0,1,45.43717210868374,44.01928223465711,540992.8,1098606.58,32.99542599241529,67.00457400758471,2,0,-2.09
1414,2020,Ohio,OH-15,Joel Newby,Steve Stivers,140183.0,243103.0,36.57399435408546,0,1,42.80920421860019,41.86821858937792,50651.75,1044847.13,4.623624078921925,95.37637592107808,2,0,-2.09
1415,2020,Ohio,OH-16,Aaron Paul Godfrey,Anthony Gonzalez,144071.0,247335.0,36.80858239270732,0,1,42.79093946172873,41.29340964302824,53329.56,979183.76,5.165023924340269,94.83497607565972,0,0,-2.09
1416,2020,Oklahoma,OK-01,Kojo Asamoa-Caesar,Kevin Hern,109641.0,213700.0,33.90878360616191,0,1,38.29413840089542,34.71750255885364,158609.22,798750.25,16.567363145214408,83.43263685478559,0,0,-2.09
1417,2020,Oklahoma,OK-02,Danyell Lanier,Markwayne Mullin,63472.0,216511.0,22.6699478182604,0,1,22.54235032016702,23.83838694427256,33665.52,364513.65,8.454867189561924,91.54513281043806,2,0,-2.09
1418,2020,Oklahoma,OK-03,Zoe Midyett,Frank Lucas,66501.0,242677.0,21.50896894345652,0,1,23.68719156020056,22.06580897867321,0.0,129515.2,0.0,100.0,2,0,-2.09
1419,2020,Oklahoma,OK-04,Mary Brannon,Tom Cole,90459.0,213096.0,29.799871522458865,0,1,32.79560476625997,30.110004031561367,140.0,829525.0,0.0168742805831269,99.98312571941688,1,0,-2.09
1420,2020,Oklahoma,OK-05,Kendra Horn,Stephanie Bice,145658.0,158191.0,47.93762691336816,1,0,47.25993959982358,42.795661047061486,4480335.94,3009931.21,59.81543582193861,40.184564178061386,0,0,-2.09
1421,2020,Oregon,OR-01,Suzanne Bonamici,Christopher Christensen,297071.0,161928.0,64.72149176795592,1,0,65.00834492047845,62.40883801895487,401897.39,243.72,99.9393944080972,0.0606055919028024,0,0,-2.09
1422,2020,Oregon,OR-02,Alex Spenser,Cliff Bentz,168881.0,273835.0,38.14657703810118,0,0,43.07109095498821,39.19694449925304,16511.57,1038477.98,1.5650932277006913,98.4349067722993,2,0,-2.09
1423,2020,Oregon,OR-03,Earl Blumenauer,Joanna Harbour,343574.0,110570.0,75.6530968151071,1,0,76.01184957855142,75.89456594198224,722650.24,12319.0,98.323875431848,1.676124568151995,0,0,-2.09
1424,2020,Oregon,OR-04,Peter DeFazio,Alek Skarlatos,240950.0,216081.0,52.72071259936416,1,0,52.046807860928745,50.07669093828733,3040629.06,5105618.46,37.325517700449154,62.674482299550846,2,0,-2.09
1425,2020,Oregon,OR-05,Kurt Schrader,Amy Ryan Courser,234863.0,204372.0,53.470921033159925,1,0,54.95497289082668,52.30190779613455,433765.92,225424.96,65.80277931029627,34.19722068970372,0,0,-2.09
1426,2020,Pennsylvania,PA-01,Christina Finello,Brian Fitzpatrick,191875.0,249804.0,43.44218312394296,0,1,52.95012917376423,51.02650041491093,2081214.41,1871095.24,52.65818203287791,47.34181796712208,0,0,-2.09
1427,2020,Pennsylvania,PA-02,Brendan Boyle,David Torres,198140.0,75022.0,72.53571140934683,1,0,70.66674840524625,74.56468199101279,405496.91,0.0,100.0,0.0,6,0,-2.09
1428,2020,Pennsylvania,PA-03,Dwight Evans,Michael Harvey,341708.0,33671.0,91.03013221304334,1,0,91.84835460901918,92.82858072151508,276250.62,0.0,100.0,0.0,3,0,-2.09
1429,2020,Pennsylvania,PA-04,Madeleine Dean,Kathy Barnette,264637.0,179926.0,59.52744605376515,1,0,62.1772412645441,60.05325689530216,787166.8,929211.39,45.86208357727967,54.13791642272033,0,0,-2.09
1430,2020,Pennsylvania,PA-05,Mary Gay Scanlon,Dasha Pruett,255743.0,139552.0,64.69674546857411,1,0,65.69388172091239,64.547778098864,1077212.88,91095.69,92.20277139625878,7.79722860374122,0,0,-2.09
1431,2020,Pennsylvania,PA-06,Chrissy Houlahan,John Emmons,226440.0,177526.0,56.05422238505221,1,0,57.62722388771463,54.84482112451198,2109972.0,382034.02,84.66961889602499,15.330381103975022,0,0,-2.09
1432,2020,Pennsylvania,PA-07,Susan Wild,Lisa Scheller,195475.0,181407.0,51.86636666118307,1,0,52.435029482419736,50.56427429501187,3417373.86,998798.19,77.38316852940547,22.61683147059454,0,0,-2.09
1433,2020,Pennsylvania,PA-08,Matt Cartwright,Jim Bognet,178004.0,165783.0,51.77740868619233,1,0,47.76897012828067,45.0809998570493,2419153.62,1164307.75,67.50885164418557,32.49114835581442,2,0,-2.09
1434,2020,Pennsylvania,PA-09,Gary Wegman,Dan Meuser,118266.0,232988.0,33.669652160544786,0,1,34.54875112086127,32.28215740245681,88169.7,508182.5,14.784836879951143,85.21516312004887,2,0,-2.09
1435,2020,Pennsylvania,PA-10,Eugene DePasquale,Scott Perry,182938.0,208896.0,46.687627924069886,0,1,48.52187028657617,45.329693558322965,3687865.33,3266259.2,53.03133865507582,46.96866134492418,0,0,-2.09
1436,2020,Pennsylvania,PA-11,Sarah Hammond,Lloyd Smucker,141325.0,241915.0,36.87636989875796,0,1,38.92110745685872,36.40310605845473,25685.4,426419.72,5.681289342620142,94.31871065737984,2,0,-2.09
1437,2020,Pennsylvania,PA-12,Lee Griffin,Fred Keller,99199.0,241035.0,29.156110206504938,0,1,31.68758634880508,30.99115946956817,37060.96,1059366.31,3.3801567157299908,96.61984328427002,2,0,-2.09
1438,2020,Pennsylvania,PA-13,Todd Rowley,John Joyce,96612.0,267789.0,26.5125507339442,0,1,27.56044944066621,26.35517347450904,57718.52,330642.12,14.862093130755987,85.137906869244,2,0,-2.09
1439,2020,Pennsylvania,PA-14,Bill Marx,Guy Reschenthaler,131895.0,241688.0,35.305407365966865,0,1,36.12052229875276,35.01082418911626,52652.94,1480379.36,3.4345616853604453,96.56543831463956,2,0,-2.09
1440,2020,Pennsylvania,PA-15,Robert Williams,Glenn Thompson,92156.0,255058.0,26.54155650405802,0,1,27.88162621471008,27.54811681745341,0.0,818182.16,0.0,100.0,2,0,-2.09
1441,2020,Pennsylvania,PA-16,Kristy Gnibus,Mike Kelly,143962.0,210088.0,40.66148849032623,0,1,40.54329381293679,39.57658666993843,508195.39,636904.86,44.37999118417798,55.62000881582202,2,0,-2.09
1442,2020,Pennsylvania,PA-17,Conor Lamb,Sean Parnell,222253.0,212284.0,51.14708298717946,1,0,51.37634468458187,48.67445744727304,3348783.36,3167655.65,51.38977522633178,48.61022477366822,0,0,-2.09
1443,2020,Pennsylvania,PA-18,Mike Doyle,Luke Negron,266084.0,118163.0,69.2481658932926,1,0,65.22170892948802,64.25859098428808,239654.76,52780.06,81.95151316112083,18.04848683887917,0,0,-2.09
1444,2020,Rhode Island,RI-02,Jim Langevin,Robert Lancia,154086.0,109894.0,58.37033108568831,1,0,56.81977644215599,53.70466686648213,547921.94,29332.68,94.91858895819664,5.081411041803356,0,0,-2.09
1445,2020,South Carolina,SC-01,Joe Cunningham,Nancy Mace,210627.0,216042.0,49.36543315778742,1,0,46.97378070267336,43.06653833732497,6282370.49,5321655.85,54.13957454012467,45.86042545987533,0,0,-2.09
1446,2020,South Carolina,SC-02,Adair Boroughs,Joe Wilson,155118.0,202715.0,43.34927186704412,0,1,44.25573146080556,40.6610784419508,2462660.85,969357.42,71.75547028774996,28.24452971225005,1,0,-2.09
1447,2020,South Carolina,SC-03,Hosea Cleveland,Jeff Duncan,95712.0,237544.0,28.72026310103944,0,1,30.97288347977687,30.22225314666364,26572.78,840687.75,3.063990471237057,96.93600952876294,1,0,-2.09
1448,2020,South Carolina,SC-04,Kim Nelson,William Timmons,133023.0,222126.0,37.4555468268248,0,1,39.57004402317955,36.40466511909639,163500.18,290766.61,35.99210499187053,64.00789500812948,0,0,-2.09
1449,2020,South Carolina,SC-05,Moe Brown,Ralph Norman,145979.0,220006.0,39.88660737461917,0,1,41.575396453552784,40.380104833062525,456987.78,688902.46,39.88058926132402,60.11941073867598,1,0,-2.09
1450,2020,South Carolina,SC-06,Jim Clyburn,John McCollum,197477.0,89258.0,68.87090867874518,1,0,67.83319260587706,68.81382773271534,1201545.19,0.0,100.0,0.0,3,0,-2.09
1451,2020,South Carolina,SC-07,Melissa Watson,Tom Rice,138863.0,224993.0,38.1642737786377,0,1,40.60230664744922,40.26531718279132,132819.65,542193.0,19.676616430818,80.323383569182,1,0,-2.09
1452,2020,Tennessee,TN-01,Blair Walsingham,Diana Harshbarger,68617.0,228181.0,23.119091098996623,0,0,22.50142903218596,20.41358613251637,183564.45,359728.5,33.78737935031184,66.21262064968818,2,0,-2.09
1453,2020,Tennessee,TN-02,Renee Hoyos,Tim Burchett,109684.0,238907.0,31.46495463164568,0,1,35.17053159654492,31.33117709052586,807459.01,1072845.61,42.94298920565328,57.05701079434672,2,0,-2.09
1454,2020,Tennessee,TN-03,Meg Gorman,Chuck Fleischmann,97687.0,215571.0,31.18419960543705,0,1,33.5024734082079,31.58332577063859,81271.61,603344.93,11.871114010771636,88.12888598922837,2,0,-2.09
1455,2020,Tennessee,TN-04,Christopher Hale,Scott DesJarlais,111908.0,223802.0,33.33472342200113,0,1,31.233285937926382,28.567607480297163,280409.05,207465.0,57.47570505133446,42.52429494866554,2,0,-2.09
1456,2020,Tennessee,TN-06,Christopher Finley,John Rose,83852.0,257572.0,24.55949200993486,0,1,26.04044604044604,24.58067663147625,0.0,584744.0,0.0,100.0,2,0,-2.09
1457,2020,Tennessee,TN-07,Kiran Sreepada,Mark Green,95839.0,245188.0,28.103053423922447,0,1,31.89769781303317,29.485852250135224,202644.28,819151.42,19.83217193025964,80.16782806974035,2,0,-2.09
1458,2020,Tennessee,TN-08,Erika Stotts Pearson,David Kustoff,97890.0,227216.0,30.11017944916427,0,1,33.68480495530869,31.635890966089384,13199.88,1017499.01,1.2806727675820044,98.719327232418,1,0,-2.09
1459,2020,Tennessee,TN-09,Steve Cohen,Charlotte Bergmann,187905.0,48818.0,79.37758477207538,1,0,79.82797224135017,79.67748346513466,195151.33,0.0,100.0,0.0,3,0,-2.09
1460,2020,Texas,TX-01,Hank Gilbert,Louie Gohmert,83016.0,219726.0,27.42136869017183,0,1,27.565752213268684,25.93391225541324,737603.94,467368.11,61.21336507348863,38.78663492651137,1,0,-2.09
1461,2020,Texas,TX-02,Sima Ladjevardian,Dan Crenshaw,148374.0,192828.0,43.48567710623033,0,1,49.3413624388408,45.122158158898,3479792.98,17669738.32,16.453286508528915,83.54671349147108,6,0,-2.09
1462,2020,Texas,TX-03,Lulu Seikaly,Van Taylor,179458.0,230512.0,43.77344683757348,0,1,49.46961232196654,42.5682278043725,1461052.54,1295224.94,53.00818043907539,46.99181956092461,0,0,-2.09
1463,2020,Texas,TX-04,Russell Foster,Pat Fallon,76326.0,253837.0,23.11767218010498,0,0,24.677254844820048,22.415152452952533,0.0,64714.51,0.0,100.0,2,0,-2.09
1464,2020,Texas,TX-05,Carolyn Salter,Lance Gooden,100743.0,173836.0,36.68998721679371,0,1,38.40593949744363,35.354166666666664,144777.93,748867.69,16.200821305429773,83.79917869457023,1,0,-2.09
1465,2020,Texas,TX-06,Stephen Daniel,Ron Wright,149530.0,179507.0,45.44473721800284,0,1,48.47652031649537,43.62777565410249,618219.27,361143.63,63.12463643456374,36.87536356543627,6,0,-2.09
1466,2020,Texas,TX-07,Lizzie Fletcher,Wesley Hunt,159529.0,149054.0,51.69727431517615,1,0,54.291333052395,50.715255808657886,4436565.95,6579356.8,40.27412002321821,59.72587997678179,6,0,-2.09
1467,2020,Texas,TX-08,Elizabeth Hernandez,Kevin Brady,97409.0,277327.0,25.99403313265872,0,1,28.497190461911533,24.736179450579897,16155.03,671128.82,2.3505615620096414,97.64943843799036,1,0,-2.09
1468,2020,Texas,TX-09,Al Green,Johnny Teague,172938.0,49575.0,77.72040285286702,1,0,76.50479790636813,81.4807049234971,230597.38,57695.31,79.98724490725033,20.01275509274966,3,0,-2.09
1469,2020,Texas,TX-10,Mike Siegel,Michael McCaul,187686.0,217216.0,46.35343860983646,0,1,49.18082195083726,45.1930235031373,2617417.18,1425674.52,64.73801175471732,35.26198824528269,0,0,-2.09
1470,2020,Texas,TX-11,Jon Mark Hogg,August Pfluer,53394.0,232568.0,18.67171162602024,0,0,19.909680620070745,19.68907618794797,134032.98,2021394.03,6.21839567650217,93.78160432349785,1,0,-2.09
1471,2020,Texas,TX-12,Lisa Welch,Kay Granger,121250.0,233853.0,34.145022711720266,0,1,38.52502786350579,34.21556594007868,64687.48,1778123.83,3.5102606354201287,96.48973936457988,0,0,-2.09
1472,2020,Texas,TX-13,Gus Trujillo,Ronny Jackson,50477.0,217124.0,18.86278451874245,0,0,19.71667457738508,17.41867922160534,22825.91,1631612.52,1.3796772116808238,98.6203227883192,1,0,-2.09
1473,2020,Texas,TX-14,Adrienne Bell,Randy Weber,118574.0,190541.0,38.35918671044757,0,1,40.126726144672574,39.78790892189656,228233.27,550996.15,29.28961152416447,70.71038847583553,6,0,-2.09
1474,2020,Texas,TX-15,Vicente Gonzalez,Monica de la Cruz,115605.0,109017.0,51.46646365894703,1,0,50.95045066121081,58.63491689260874,192433.25,300893.44,39.00726514513131,60.99273485486869,5,0,-2.09
1475,2020,Texas,TX-16,Veronica Escobar,Irene Armendariz-Jackson,154108.0,84006.0,64.72026004350857,1,0,67.48684332009971,71.4206140302974,524010.98,144487.74,78.38623535434742,21.613764645652576,5,0,-2.09
1476,2020,Texas,TX-17,Rick Kennedy,Pete Sessions,125565.0,171390.0,42.284184472394806,0,0,44.40114332169795,40.81826710418515,207052.99,716783.42,22.412300246966883,77.5876997530331,1,0,-2.09
1477,2020,Texas,TX-18,Sheila Jackson Lee,Wendell Champion,180952.0,58033.0,75.71688599702911,1,0,76.6986407641459,79.30075506743115,801744.08,294815.44,73.11450636076735,26.88549363923264,3,0,-2.09
1478,2020,Texas,TX-19,Tom Watson,Jodey Arrington,60583.0,198198.0,23.4109150208091,0,1,26.70532929462572,24.448728432227973,33134.31,1280358.3,2.522611071256807,97.4773889287432,1,0,-2.09
1479,2020,Texas,TX-20,Joaquin Castro,Mauro Garza,175078.0,89628.0,66.14054838197849,1,0,64.71536395036459,64.02110771998896,394996.03,33512.0,92.1793764284884,7.820623571511599,5,0,-2.09
1480,2020,Texas,TX-21,Wendy Davis,Chip Roy,205780.0,235740.0,46.60717521290088,0,1,48.63531725731624,44.74759654171911,9262686.33,4196741.71,68.81931611411922,31.18068388588079,0,0,-2.09
1481,2020,Texas,TX-22,Sri Preston Kulkarni,Troy Nehls,181998.0,210259.0,46.39764236202286,0,0,49.531751276659655,45.9030219277745,4656755.17,1310015.8,78.04481173172967,21.955188268270334,6,0,-2.09
1482,2020,Texas,TX-23,Gina Ortiz Jones,Tony Gonzales,137693.0,149395.0,47.96194894945104,0,0,49.094709620364256,51.77089421390999,5641607.49,1870796.44,75.0972330903405,24.9027669096595,5,0,-2.09
1483,2020,Texas,TX-24,Candance Valenzuela,Beth Van Duyne,163326.0,167910.0,49.3080462268594,0,0,52.76644852167816,46.71939163498099,3922895.05,2452217.95,61.53451789795725,38.46548210204274,6,0,-2.09
1484,2020,Texas,TX-25,Julie Oliver,Roger Williams,165697.0,220088.0,42.95060720349417,0,1,45.12670095428515,42.204574013571246,2177318.36,605428.93,78.2434814625226,21.7565185374774,1,0,-2.09
1485,2020,Texas,TX-26,Carol Iannuzzi,Michael Burgess,161009.0,261963.0,38.06611312332731,0,1,42.83200353793142,36.082735720709294,47857.91,625290.7,7.10956084422428,92.89043915577572,0,0,-2.09
1486,2020,Texas,TX-27,Ricardo de la Fuente,Michael Cloud,95466.0,172305.0,35.65210571719865,0,1,37.961069481422825,37.80833657278156,5224.0,776214.12,0.6685110268232115,99.3314889731768,5,0,-2.09
1487,2020,Texas,TX-28,Henry Cuellar,Sandra Whitten,137494.0,91925.0,59.93139190738344,1,0,52.19890832866364,60.27303455114193,1105866.05,24760.12,97.81005245969142,2.1899475403085704,5,0,-2.09
1488,2020,Texas,TX-29,Sylvia Garcia,Jaimy Blanco,111305.0,42840.0,72.20798598721983,1,0,66.74101252780117,73.64264790216836,227321.82,13235.7,94.49790636351754,5.502093636482451,5,0,-2.09
1489,2020,Texas,TX-30,Eddie Bernice Johnson,Tre Pennie,204928.0,48685.0,80.80342884631308,1,0,80.85995057930346,81.22832901271055,170290.34,311451.27,35.34889585311097,64.65110414688904,3,0,-2.09
1490,2020,Texas,TX-31,Donna Imam,John Carter,176293.0,212695.0,45.32093535019075,0,1,48.55090182634014,43.23958317958407,966386.48,1074706.5,47.34651921638572,52.653480783614285,6,0,-2.09
1491,2020,Texas,TX-32,Colin Allred,Genevieve Collins,178542.0,157867.0,53.0728963850551,1,0,55.29257377237299,50.98149631891639,4556545.84,3208411.19,58.68088931330506,41.31911068669494,6,0,-2.09
1492,2020,Texas,TX-33,Marc Veasey,Fabian Vasquez,105317.0,39638.0,72.65496188472285,1,0,74.00866609060921,75.4293695131684,483268.37,25630.2,94.96359362927666,5.036406370723345,5,0,-2.09
1493,2020,Texas,TX-34,Filemon Vela,Rey Gonzalez,111439.0,84119.0,56.9851399584778,1,0,52.02428459360824,61.11561391185317,223069.32,25285.25,89.81889078988962,10.181109210110368,5,0,-2.09
1494,2020,Texas,TX-35,Lloyd Doggett,Jenny Garcia Sharon,176373.0,80795.0,68.58279412679649,1,0,68.93142354751264,67.7673445070675,613303.05,14246.28,97.72985495817515,2.270145041824839,5,0,-2.09
1495,2020,Texas,TX-36,Rashad Lewis,Brian Babin,73418.0,222712.0,24.79248978489177,0,1,27.220417694371733,25.95987890105537,17022.92,750704.16,2.217313996531163,97.78268600346884,1,0,-2.09
1496,2020,Utah,UT-01,Darren Parry,Blake Moore,104194.0,237988.0,30.44987755054328,0,0,32.981432067439336,31.01969975671987,40718.23,410186.04,9.030349169237187,90.96965083076282,0,0,-2.09
1497,2020,Utah,UT-02,Kael Weston,Chris Stewart,129762.0,208997.0,38.30510776097461,0,1,41.7576993299809,40.99524888002857,340626.24,389098.89,46.678704898103206,53.3212951018968,0,0,-2.09
1498,2020,Utah,UT-03,Devin Thorpe,John Curtis,96067.0,246674.0,28.029036502781985,0,1,36.86167610260711,33.02977335820567,189311.67,264536.8,41.712527972166576,58.28747202783343,0,0,-2.09
1499,2020,Utah,UT-04,Ben McAdams,Burgess Owens,175923.0,179688.0,49.47062942372424,1,0,45.221517523596525,45.30186613660786,4110567.14,4537355.52,47.5324225436586,52.4675774563414,0,0,-2.09
1500,2020,Vermont,VT-00,Peter Welch,Miriam Berry,238827.0,95830.0,71.36471073367657,1,0,68.29918655280656,65.188092065636,274690.48,0.0,100.0,0.0,2,0,-2.09
1501,2020,Virginia,VA-01,Qasim Rashid,Rob Wittman,186923.0,260614.0,41.767049428315424,0,1,47.77785484625212,43.45730578627021,1476488.69,1029501.68,58.91837046444834,41.08162953555164,1,0,-2.09
1502,2020,Virginia,VA-02,Elaine Luria,Scott Taylor,185733.0,174201.0,51.60196035939922,1,0,52.39774924675091,48.19279498505568,4759751.14,2025363.25,70.14990266066833,29.850097339331665,0,0,-2.09
1503,2020,Virginia,VA-03,Bobby Scott,John Collick,233326.0,107299.0,68.49937614678899,1,0,68.24291564195879,66.62543311421261,222376.24,157921.04,58.474317775820005,41.52568222417999,3,0,-2.09
1504,2020,Virginia,VA-04,Donald McEachin,Leon Benjamin,241142.0,149625.0,61.70991921016872,1,0,62.66674799165403,61.227915118049935,325940.51,524083.72,38.344849299178215,61.65515070082178,3,0,-2.09
1505,2020,Virginia,VA-05,Cameron Webb,Bob Good,190315.0,210988.0,47.42426545527943,0,0,45.71261011704225,44.20831487330466,5176269.66,1126830.79,82.12259507937875,17.87740492062125,1,0,-2.09
1506,2020,Virginia,VA-06,Nicholas Betts,Ben Cline,134729.0,246606.0,35.33087705036254,0,1,39.22554940578499,36.89090514195516,45729.99,534285.36,7.884272373136332,92.11572762686367,2,0,-2.09
1507,2020,Virginia,VA-07,Abigail Spanberger,Nick Freitas,230893.0,222623.0,50.91176496529339,1,0,50.56100158767767,46.56102931652347,6565508.99,3170609.13,67.43456590273989,32.5654340972601,1,0,-2.09
1508,2020,Virginia,VA-08,Don Beyer,Jeff Jordan,301454.0,95365.0,75.96763259823749,1,0,78.61810637057305,77.86902948434788,1068753.5,62445.98,94.4796668400166,5.520333159983419,0,0,-2.09
1509,2020,Virginia,VA-10,Jennifer Wexton,Aliscia Andrews,268734.0,206253.0,56.577127374012335,1,0,59.809250137417145,55.26028661952622,3111157.89,1479747.63,67.76784833507095,32.23215166492906,0,0,-2.09
1510,2020,Virginia,VA-11,Gerry Connolly,Manga Anantatmula,280725.0,111380.0,71.59434335190828,1,0,71.31318315556256,70.87163853335073,1069863.48,259676.0,80.4687259080114,19.531274091988603,6,0,-2.09
1511,2020,Washington,WA-01,Suzan DelBene,Jeffrey Beeler,249944.0,176407.0,58.62399759822306,1,0,60.7489901931425,58.85236761861453,940431.13,59225.72,94.07539497178456,5.924605028215432,0,0,-2.09
1512,2020,Washington,WA-02,Rick Larsen,Tim Hazelo,255252.0,148384.0,63.238165079428,1,0,63.934507701979726,62.04560404152378,407577.93,39792.2,91.10530691890403,8.894693081095959,0,0,-2.09
1513,2020,Washington,WA-03,Carolyn Long,Jaime Herrera Beutler,181347.0,235579.0,43.49620796016559,0,1,48.06671188411414,45.9930397298262,3659127.2,2875926.41,55.99230577696822,44.00769422303178,2,0,-2.09
1514,2020,Washington,WA-04,Douglas McKinley,Dan Newhouse,102667.0,202108.0,33.68616192272989,0,1,40.6648039693351,37.70690870091251,51272.96,499565.13,9.30817257027378,90.69182742972622,1,0,-2.09
1515,2020,Washington,WA-05,Davis Wilson,Cathy McMorris Rodgers,155737.0,247815.0,38.59155697407026,0,1,45.33566818127678,42.86463133443197,95356.9,2280936.05,4.012842776813356,95.98715722318664,2,0,-2.09
1516,2020,Washington,WA-06,Derek Kilmer,Elizabeth Kreiselmaier,247429.0,168783.0,59.44782947151932,1,0,59.20134047542259,56.76659704977881,1275009.47,121462.81,91.30216820343902,8.697831796560974,0,0,-2.09
1517,2020,Washington,WA-07,Pramila Jayapal,Craig Keller,387109.0,78240.0,83.18681247837645,1,0,87.45316155504703,87.08889948906581,2271953.07,2365.0,99.89601278593368,0.1039872140663245,0,0,-2.09
1518,2020,Washington,WA-08,Kim Schrier,Jesse Jensen,213123.0,198423.0,51.78594859383884,1,0,53.35794169773269,51.64615436490541,4468161.7,718280.4,86.15080654231153,13.84919345768846,0,0,-2.09
1519,2020,Washington,WA-09,Adam Smith,Doug Basler,258771.0,89697.0,74.25961637797445,1,0,74.88811634771125,75.1212708082402,550649.11,17011.0,97.00331242228737,2.9966875777126565,6,0,-2.09
1520,2020,West Virginia,WV-01,Natalie Cline,David McKinley,81177.0,180488.0,31.023254925190606,0,1,30.798899730200603,27.95439349073889,75833.77,307482.25,19.783616140019404,80.2163838599806,2,0,-2.09
1521,2020,West Virginia,WV-02,Cathy Kunkel,Alex Mooney,100799.0,172195.0,36.923522128691474,0,1,33.38884743355431,30.85601756794773,620465.62,1272307.19,32.780776262313275,67.21922373768672,2,0,-2.09
1522,2020,West Virginia,WV-03,Hilary Turner,Carol Miller,64927.0,161585.0,28.663823550187185,0,1,25.82302712778016,24.28536001449787,99138.43,384696.84,20.490120532138963,79.50987946786103,2,0,-2.09
1523,2020,Wisconsin,WI-01,Roger Polack,Bryan Steil,163170.0,238271.0,40.64607252373325,0,1,45.32642897846932,44.532989153602045,525662.92,2044863.46,20.44962168410036,79.55037831589964,0,0,-2.09
1524,2020,Wisconsin,WI-02,Mark Pocan,Peter Theron,318523.0,138306.0,69.72477666698043,1,0,70.35520134884388,69.41871316620431,736138.57,35178.0,95.43922672373031,4.56077327626969,0,0,-2.09
1525,2020,Wisconsin,WI-03,Ron Kind,Derrick Van Orden,199870.0,189524.0,51.32847450140474,1,0,47.62859690152857,47.60875415100645,942448.81,1824769.44,34.0576248367833,65.94237516321671,2,0,-2.09
1526,2020,Wisconsin,WI-04,Gwen Moore,Tim Rogers,232668.0,70769.0,76.67753108553012,1,0,77.13024043604503,77.23044333075025,315482.84,0.0,100.0,0.0,3,0,-2.09
1527,2020,Wisconsin,WI-05,Tom Palzewicz,Scott Fitzgerald,175902.0,265434.0,39.856707814454296,0,0,42.34177985547296,39.36810099808315,354142.34,812611.41,30.35279209516147,69.64720790483854,0,0,-2.09
1528,2020,Wisconsin,WI-06,Jessica King,Glenn Grothman,164239.0,238874.0,40.742670169406594,0,1,42.26796965857215,41.0936730852758,247009.58,1296505.89,16.00305178671128,83.99694821328872,2,0,-2.09
1529,2020,Wisconsin,WI-07,Tricia Zunker,Tom Tiffany,162741.0,252048.0,39.23464701330074,0,1,39.8873228548098,39.24221767456688,1166874.67,2235625.83,34.29462155846854,65.70537844153147,2,0,-2.09
1530,2020,Wisconsin,WI-08,Amanda Stuck,Mike Gallagher,149558.0,268173.0,35.80246618038881,0,1,41.93259422649033,40.73029457860044,390832.6,2228728.71,14.91977295999993,85.08022704000007,2,0,-2.09
1531,2020,Wyoming,WY-00,Lynnette Grey Bull,Liz Cheney,66576.0,185732.0,26.38679708927184,0,1,27.519565624414906,24.29468037084621,130197.32,1169995.46,10.013693507819664,89.98630649218033,2,0,-2.09
1532,2022,Alabama,AL-02,Phyllis Harvey-Hall,Barry Moore,58014.0,137460.0,29.678627336627887,0,1,35.13241279574612,33.2597042450266,48936.06,524421.35,8.53500088191064,91.46499911808938,1,1,1.59
1533,2022,Alabama,AL-03,Lin Veasey,Mike Rogers,47859.0,135602.0,26.086743231531496,0,1,32.774923541549065,32.14554398148148,4413.0,1170064.81,0.3757414539828556,99.62425854601716,1,1,1.59
1534,2022,Alabama,AL-04,Rick Neighbors,Robert Aderholt,26694.0,164655.0,13.950425662010254,0,1,18.79743231030171,18.58955739972337,22498.3,845700.98,2.5913751045727658,97.40862489542724,2,1,1.59
1535,2022,Alabama,AL-05,Kathy Warner-Stanton,Dale Strong,62740.0,142435.0,30.57877421713172,0,0,36.22679732403656,32.5666444163554,5150.0,1393769.91,0.3681411611333776,99.63185883886663,1,1,1.59
1536,2022,Alabama,AL-07,Terri Sewell,Beatrice Nichols,123233.0,67416.0,64.63868155615818,1,0,66.13568956994563,65.68767586900923,666127.08,46285.71,93.502964762887,6.497035237113023,3,1,1.59
1537,2022,Alaska,AK-00,Mary Peltola,Sarah Palin,137263.0,112471.0,54.96368135696381,1,0,44.73815127615069,41.61434528893193,7149826.02,1770697.9,80.15029256263684,19.84970743736316,1,1,1.59
1538,2022,Arizona,AZ-01,Jevin Hodge,David Schweikert,179141.0,182336.0,49.55806316861101,0,0,50.75224337929525,47.72077104574014,2145593.64,0.0,100.0,0.0,0,1,1.59
1539,2022,Arizona,AZ-02,Tom O'Halleran,Eli Crane,149151.0,174169.0,46.13107757020908,1,0,46.00060594982635,44.50285027273131,2715784.32,3071496.5,46.92677622649042,53.07322377350957,1,1,1.59
1540,2022,Arizona,AZ-03,Ruben Gallego,Jeff Zink,108599.0,32475.0,76.98016643747253,1,0,75.72896442281267,76.88859057002824,2039449.38,33281.24,98.39432873336914,1.6056712666308754,5,1,1.59
1541,2022,Arizona,AZ-04,Greg Stanton,Kelly Cooper,148941.0,116521.0,56.10633537003413,1,0,55.25283282035512,51.35375960431179,3016678.74,642308.98,82.44571916737671,17.554280832623288,0,1,1.59
1542,2022,Arizona,AZ-05,Javier Ramos,Andy Biggs,120243.0,182464.0,39.72257000994361,0,1,41.68118678879793,38.428257900716886,6701.65,1987265.2,0.3360963598767953,99.6639036401232,0,1,1.59
1543,2022,Arizona,AZ-06,Kirsten Engel,Juan Ciscomani,171969.0,177201.0,49.25079474181631,0,0,50.03678901731412,47.16140471461982,2233623.6,2461613.49,47.57211525605835,52.42788474394165,0,1,1.59
1544,2022,Arizona,AZ-07,Raul Grijalva,Luis Pozzolo,126418.0,69444.0,64.54442413536061,1,0,66.6324716181097,68.00953895071542,447764.56,0.0,100.0,0.0,5,1,1.59
1545,2022,Arkansas,AR-01,Monte Hodges,Rick Crawford,54598.0,153774.0,26.202176875971823,0,1,28.926379927285268,31.66102681100614,41983.81,483520.34,7.989244233370944,92.01075576662906,2,1,1.59
1546,2022,Arkansas,AR-02,Quintessa Hathaway,French Hill,86887.0,147975.0,36.99491616353433,0,1,43.259165129634994,42.00517230591687,3454.93,1581068.73,0.2180421843622076,99.7819578156378,1,1,1.59
1547,2022,Arkansas,AR-03,Lauren Mallett-Hays,Steve Womack,73541.0,142401.0,34.05590390012133,0,1,37.92970855520422,34.486565142126,36766.89,739783.77,4.734641523580702,95.2653584764193,2,1,1.59
1548,2022,Arkansas,AR-04,John White,Bruce Westerman,56745.0,153850.0,26.94508416629075,0,1,31.878310517988577,34.07129943380498,0.0,909878.88,0.0,100.0,1,1,1.59
1549,2022,California,CA-01,Max Steiner,Doug LaMalfa,93386.0,152839.0,37.92709919788811,0,1,40.20587291351983,38.28138260797336,612795.61,488739.55,55.63105312044693,44.36894687955308,1,1,1.59
1550,2022,California,CA-02,Jared Huffman,Douglas Brower,229720.0,79029.0,74.40347984932745,1,0,75.35677718955168,74.62219488057346,510052.39,5427.0,98.94719360166852,1.052806398331464,0,1,1.59
1551,2022,California,CA-03,Kermit Jones,Kevin Kiley,156761.0,181438.0,46.35170417416965,0,0,49.07635696277622,45.77190782931996,2830432.78,2915605.91,49.25885349372752,50.741146506272486,0,1,1.59
1552,2022,California,CA-04,Mike Thompson,Matt Brock,176900.0,84007.0,67.80193708869444,1,0,68.73723060699928,68.4500414977605,990915.94,5427.0,99.45530802877973,0.5446919712202708,6,1,1.59
1553,2022,California,CA-05,Michael Barkley,Tom McClintock,109506.0,173524.0,38.69059816980533,0,1,43.70898075952208,41.88501762904261,34621.23,1177125.97,2.857133071980691,97.14286692801932,1,1,1.59
1554,2022,California,CA-06,Ami Bera,Tamika Hamilton,121058.0,95325.0,55.94616952348383,1,0,59.46611745046109,59.060275232842265,718519.45,1115990.89,39.16682475608178,60.83317524391823,6,1,1.59
1555,2022,California,CA-07,Doris Matsui,Max Semenenko,150618.0,70033.0,68.26073754481058,1,0,69.0209688994494,70.538955826566,619472.8,29327.11,95.47979129651851,4.520208703481479,6,1,1.59
1556,2022,California,CA-08,John Garamendi,Rudy Recile,145501.0,46634.0,75.72852421474484,1,0,77.57612357764923,79.51606967868912,468190.04,19204.0,96.05986154447028,3.9401384555297394,6,1,1.59
1557,2022,California,CA-09,Josh Harder,Tom Patti,95598.0,78802.0,54.815366972477065,0,0,56.44474044156086,56.90336865411988,5945474.74,1172826.61,83.5237853480311,16.476214651968903,6,1,1.59
1558,2022,California,CA-11,Nancy Pelosi,John Dennis,220848.0,42217.0,83.9518750118792,1,0,88.02865247859484,90.64507980383674,22325274.59,962050.61,95.86878011219598,4.131219887804032,6,1,1.59
1559,2022,California,CA-12,Barbara Lee,Stephen Slauson,217110.0,22859.0,90.47418624905715,1,0,91.19878856458216,93.10834535795368,1661450.42,0.0,100.0,0.0,6,1,1.59
1560,2022,California,CA-13,Adam Gray,John Duarte,66496.0,67060.0,49.78885261613107,0,0,55.55230327785243,56.58526206293293,1824927.83,1488145.77,55.08262267400278,44.91737732599723,5,1,1.59
1561,2022,California,CA-14,Eric Swalwell,Alison Hayden,137612.0,60852.0,69.33851983231216,1,0,73.21837359063778,75.04916131963867,3194840.03,0.0,100.0,0.0,6,1,1.59
1562,2022,California,CA-17,Ro Khanna,Ritesh Tandon,127853.0,52400.0,70.9297487420459,1,0,74.18889373249122,78.54360151657448,5915099.15,105486.0,98.24791116856804,1.7520888314319412,6,1,1.59
1563,2022,California,CA-18,Zoe Lofgren,Peter Hernandez,99776.0,51737.0,65.85309511395062,1,0,72.52332669581072,75.90844773984796,1164028.87,242023.45,82.78702388542698,17.212976114573035,5,1,1.59
1564,2022,California,CA-19,Jimmy Panetta,Jeff Gorman,194494.0,88816.0,68.65059475486215,1,0,70.25883987151025,71.06330107245618,1249628.29,48044.18,96.29766515737212,3.702334842627894,6,1,1.59
1565,2022,California,CA-20,Marisa Wood,Kevin McCarthy,74934.0,153847.0,32.75359404845682,0,1,37.28084026340105,33.703400998752535,1025180.28,20103886.33,4.8519903833082765,95.14800961669172,6,1,1.59
1566,2022,California,CA-21,Jim Costa,Michael Maher,68074.0,57573.0,54.17877068294508,1,0,60.36863449159385,61.49063011556598,971023.33,297888.67,76.5240875647799,23.47591243522009,5,1,1.59
1567,2022,California,CA-22,Rudy Salas,David Valadao,49862.0,52994.0,48.477483083145366,0,1,56.6111607240095,58.41109691760308,2310727.7,1470683.21,61.10755363531757,38.89244636468243,5,1,1.59
1568,2022,California,CA-23,Derek Marshall,Jay Obernolte,65908.0,103197.0,38.97460157890068,0,1,44.97460255313888,42.11987697142577,925487.4,664179.71,58.218943713316186,41.78105628668382,6,1,1.59
1569,2022,California,CA-24,Salud Carbajal,Brad Allen,159019.0,103533.0,60.5666686980103,1,0,64.87700459697511,63.51204494931311,1502195.62,11966.0,99.20972769076,0.7902723092400135,6,1,1.59
1570,2022,California,CA-25,Raul Ruiz,Brian Hawkins,87641.0,65101.0,57.37845517277501,1,0,57.80069442041273,59.14017618752339,1191387.53,511003.13,69.9832040901822,30.016795909817784,5,1,1.59
1571,2022,California,CA-26,Julia Brownley,Matt Jacobs,134575.0,112214.0,54.53038830742051,1,0,60.200963241328665,59.17662127729527,1252493.89,2290499.88,35.35128682995116,64.64871317004885,6,1,1.59
1572,2022,California,CA-27,Christy Smith,Mike Garcia,91892.0,104624.0,46.76056911396528,0,1,56.32009772513607,55.17630340885371,3203118.03,5567237.45,36.52210035618761,63.47789964381239,6,1,1.59
1573,2022,California,CA-28,Judy Chu,Wes Hallman,150062.0,76495.0,66.2358700018097,1,0,67.43841405772119,68.26983838750681,964288.65,82164.22,92.14831146671708,7.851688533282918,6,1,1.59
1574,2022,California,CA-31,Grace Napolitano,Daniel Martinez,91472.0,62153.0,59.54239218877135,1,0,65.8541370836063,69.71631332132732,71712.23,0.0,100.0,0.0,5,1,1.59
1575,2022,California,CA-32,Brad Sherman,Lucie Volotzky,167411.0,74618.0,69.16981022935268,1,0,70.76500379644777,73.740183029388,1258420.16,48384.76,96.29747644353832,3.702523556461664,6,1,1.59
1576,2022,California,CA-33,Pete Aguilar,John Porter,76588.0,56119.0,57.71210260197277,1,0,62.95424699662904,65.81908831908831,1649403.28,4182.26,99.74707930743033,0.252920692569675,5,1,1.59
1577,2022,California,CA-35,Norma Torres,Mike Cargile,75121.0,55832.0,57.36485609340755,0,0,64.11944179724149,68.30258185733285,203820.14,59041.63,77.53890571458908,22.46109428541092,5,1,1.59
1578,2022,California,CA-36,Ted Lieu,Joe Collins,194299.0,84264.0,69.7504693731759,1,0,72.51903028598173,73.60910018751038,961528.71,2424268.87,28.39888349143424,71.60111650856577,6,1,1.59
1579,2022,California,CA-38,Linda Sanchez,Eric Ching,101260.0,73051.0,58.09157196046147,1,0,65.40646708318522,69.01281979331189,421964.39,230347.89,64.68748219794361,35.312517802056405,5,1,1.59
1580,2022,California,CA-39,Mark Takano,Aja Smith,75896.0,55701.0,57.67304725791621,1,0,63.35245892214467,65.29420579678691,849379.62,0.0,100.0,0.0,5,1,1.59
1581,2022,California,CA-40,Asif Mahmood,Young Kim,122722.0,161589.0,43.16470344095023,0,1,50.95659650504837,47.71535510549785,3004603.95,6870711.32,30.425397750364684,69.57460224963532,6,1,1.59
1582,2022,California,CA-41,Will Rollins,Ken Calvert,112769.0,123869.0,47.654645492270895,0,1,49.45050391194802,46.81979483047171,3243190.06,2187481.53,59.71987085302649,40.28012914697352,6,1,1.59
1583,2022,California,CA-42,Robert Garcia,John Briscoe,99217.0,45903.0,68.36893605292173,0,0,73.4753207803415,76.99197273176414,1303551.76,3970.0,99.69637216592096,0.303627834079029,5,1,1.59
1584,2022,California,CA-43,Maxine Waters,Omar Navarro,95462.0,27985.0,77.33035229693715,1,0,82.61261975703059,88.08785333041567,517423.32,82137.31,86.30041635655763,13.699583643442365,5,1,1.59
1585,2022,California,CA-44,Nanette Barragan,Paul Jones,100160.0,38554.0,72.20612194875787,1,0,74.67368494683828,79.86709947756967,438100.05,0.0,100.0,0.0,5,1,1.59
1586,2022,California,CA-45,Jay Chen,Michelle Steel,103466.0,113960.0,47.58676515228169,0,1,53.15223503955102,57.02909446011718,4403704.3,4114632.13,51.69676422371592,48.30323577628408,6,1,1.59
1587,2022,California,CA-46,Lou Correa,Christopher Gonzales,78041.0,48257.0,61.79116058844954,1,0,65.53966347122898,70.99548826015689,388495.18,41965.99,90.2509232133528,9.749076786647214,5,1,1.59
1588,2022,California,CA-47,Katie Porter,Scott Baugh,137374.0,128261.0,51.71532365840344,1,0,55.65972884740545,53.95047128552135,24796009.32,0.0,100.0,0.0,6,1,1.59
1589,2022,California,CA-48,Stephen Houlahan,Darrell Issa,101900.0,155171.0,39.63885463548981,0,1,43.69751191797819,39.47831719224263,71427.85,1300954.74,5.204660166958253,94.79533983304174,6,1,1.59
1590,2022,California,CA-49,Mike Levin,Brian Maryott,153541.0,138194.0,52.63029804445816,1,0,55.83725596597721,52.97721729819761,4033072.98,1925410.24,67.68623542418905,32.31376457581096,0,1,1.59
1591,2022,California,CA-50,Scott Peters,Corey Gustafson,168816.0,99819.0,62.84214640683455,1,0,66.9710321839139,64.54135593996122,727499.89,78004.91,90.3160217046503,9.683978295349698,6,1,1.59
1592,2022,California,CA-51,Sara Jacobs,Stan Caplan,144186.0,88886.0,61.86328688130707,0,0,63.98368178371168,62.261007904574384,678679.52,94730.62,87.75156736372762,12.24843263627239,6,1,1.59
1593,2022,California,CA-52,Juan Vargas,Tyler Geffeney,100686.0,50330.0,66.67240557291943,1,0,68.82103176463498,74.58136764147525,251824.54,29041.04,89.66016412548665,10.339835874513351,5,1,1.59
1594,2022,Colorado,CO-01,Diana DeGette,Jennier Qualteri,226929.0,49530.0,82.08414267576747,1,0,81.35921479951479,79.53652016034106,468187.33,0.0,100.0,0.0,0,1,1.59
1595,2022,Colorado,CO-02,Joe Neguse,Marshall Dawson,244107.0,97700.0,71.41661815000863,1,0,70.4544357091777,66.66995920002414,1732589.66,27993.91,98.40996414614956,1.5900358538504369,0,1,1.59
1596,2022,Colorado,CO-03,Adam Frisch,Lauren Boebert,163293.0,163839.0,49.916547448736296,0,1,45.77426634324797,42.35573737607061,4349325.8,6724530.05,39.275622320837776,60.724377679162224,1,1,1.59
1597,2022,Colorado,CO-04,Ike McCorkle,Ken Buck,129619.0,216024.0,37.50083178308255,0,1,40.48657274468964,35.04040470402733,299947.87,1182500.81,20.233271751437627,79.76672824856237,0,1,1.59
1598,2022,Colorado,CO-05,David Torres,Doug Lamborn,111978.0,155528.0,41.85999566364866,0,1,44.75179001596688,37.902427644322536,23006.22,221107.3,9.42439402782771,90.5756059721723,0,1,1.59
1599,2022,Colorado,CO-06,Jason Crow,Steven Monahan,170140.0,105084.0,61.81873673807517,1,0,62.2182322216038,57.22075145934391,2296194.68,255307.39,89.99383958955598,10.006160410444034,0,1,1.59
1600,2022,Colorado,CO-07,Brittany Pettersen,Erik Aadland,204984.0,150510.0,57.66173268747152,0,0,57.28822125760087,51.620369082523375,2121434.58,1173389.12,64.3868920816613,35.6131079183387,0,1,1.59
1601,2022,Colorado,CO-08,Yadira Caraveo,Barbara Kirkmeyer,114377.0,112745.0,50.35927827335088,0,0,52.34709463998964,49.03940262424207,2827479.6,962314.35,74.60773955797781,25.39226044202218,6,1,1.59
1602,2022,Connecticut,CT-01,John Larson,Larry Lazor,144873.0,91506.0,61.28843932836673,1,0,64.25185214431356,62.1714249176764,630135.66,128552.21,83.05598190201722,16.94401809798277,0,1,1.59
1603,2022,Connecticut,CT-02,Joe Courtney,Mike France,165946.0,114506.0,59.17090981700969,1,0,55.83953025104035,51.78781028887748,922330.77,667751.64,58.00521810690302,41.99478189309697,2,1,1.59
1604,2022,Connecticut,CT-03,Rosa DeLauro,Lesley DeNardis,137924.0,98704.0,58.2872694693781,1,0,59.98435107628569,57.22989077097592,1288911.05,43977.86,96.70056073915416,3.2994392608458267,0,1,1.59
1605,2022,Connecticut,CT-04,Jim Himes,Jayme Stevenson,140262.0,93329.0,60.04597779880218,1,0,65.71136860777833,62.742043324890574,713601.27,383449.9,65.04721835354317,34.95278164645684,0,1,1.59
1606,2022,Connecticut,CT-05,Jahana Hayes,George Logan,123818.0,123342.0,50.09629389868911,1,0,55.45547024624775,52.19780577530357,1641888.3,1055970.12,60.858949744293845,39.14105025570616,0,1,1.59
1607,2022,Delaware,DE-00,Lisa Blunt Rochester,Lee Murphy,178416.0,138201.0,56.35073290442397,1,0,59.62674416498447,55.998621443681216,1474801.32,337808.46,81.36342064754831,18.63657935245169,0,1,1.59
1608,2022,Florida,FL-01,Rebekah Jones,Matt Gaetz,93467.0,197349.0,32.13956591109155,0,1,33.56166860763706,29.9436378769595,792568.72,6555602.32,10.785931841891369,89.21406815810865,0,1,1.59
1609,2022,Florida,FL-02,Al Lawson,Neal Dunn,121153.0,180236.0,40.19821559512789,1,1,44.44463584372632,43.84225382992135,310477.49,1136752.33,21.45322641292729,78.54677358707272,1,1,1.59
1610,2022,Florida,FL-03,Danielle Hawk,Kat Cammack,103382.0,178101.0,36.7276176536416,0,1,42.88110434529828,42.3215782541013,81714.95,1199074.78,6.380044131053424,93.61995586894658,1,1,1.59
1611,2022,Florida,FL-04,LaShonda Holloway,Aaron Bean,108402.0,165696.0,39.54862859269313,0,0,46.61332496336028,44.53663712582009,10465.32,734216.5,1.4053411428789817,98.59465885712102,1,1,1.59
1612,2022,Florida,FL-07,Karen Green,Cory Mills,126079.0,177966.0,41.46721702379582,0,0,47.19745475866225,45.97824774431973,53772.9,530845.94,9.19794168795518,90.8020583120448,0,1,1.59
1613,2022,Florida,FL-08,Joanne Terry,Bill Posey,120080.0,222128.0,35.08976996446606,0,1,41.08119760584417,39.17792159316135,73232.41,697235.77,9.504923357120342,90.49507664287964,0,1,1.59
1614,2022,Florida,FL-09,Darren Soto,Scotty Moore,108541.0,93827.0,53.63545619860848,1,0,58.801341653481245,63.76146618012666,483721.69,580132.84,45.46878133798988,54.5312186620101,5,1,1.59
1615,2022,Florida,FL-10,Maxwell Frost,Calvin Wimbish,117955.0,78844.0,59.936788296688505,0,0,66.0761923155849,66.9675298158173,2747069.91,193418.48,93.42223282847242,6.577767171527585,6,1,1.59
1616,2022,Florida,FL-11,Shante Munns,Daniel Webster,115647.0,205995.0,35.95519241890052,0,1,44.51635022344123,42.2352509398873,14183.32,501589.8,2.74991453606578,97.25008546393424,0,1,1.59
1617,2022,Florida,FL-12,Kimberly Walker,Gus Bilirakis,95390.0,226601.0,29.62505163187791,0,1,35.495184834883354,35.211357343929194,17158.92,877070.2,1.918850506679988,98.08114949332,0,1,1.59
1618,2022,Florida,FL-13,Eric Lynn,Anna Paulina Luna,153876.0,181487.0,45.88341588070241,0,0,46.58922370337179,45.89369084268945,2058379.51,2705006.11,43.21253146832147,56.78746853167852,0,1,1.59
1619,2022,Florida,FL-14,Kathy Castor,James Judge,149737.0,113427.0,56.89873994923318,1,0,59.68829816571692,61.38513273571127,957694.22,183499.32,83.92040319471138,16.07959680528861,6,1,1.59
1620,2022,Florida,FL-15,Alan Cohn,Laurel Lee,102835.0,145219.0,41.456698944584645,0,0,48.40425970683582,47.99390892036613,747217.08,942124.14,44.23127022260192,55.768729777398086,6,1,1.59
1621,2022,Florida,FL-16,Jan Schneider,Vern Buchanan,115575.0,189762.0,37.8516196857898,0,1,45.50558330267845,43.39122221762871,2781.0,2276153.24,0.1220307260818548,99.87796927391814,0,1,1.59
1622,2022,Florida,FL-17,Andrea Kale,Greg Steube,123798.0,222483.0,35.75073423029274,0,1,41.9615191732488,41.41221894410785,10964.28,812361.52,1.3317061119668543,98.66829388803316,0,1,1.59
1623,2022,Florida,FL-19,Cindy Banyai,Byron Donalds,100226.0,213035.0,31.99440721953897,0,0,39.41519489242626,38.0559790369607,104344.85,4621136.22,2.2081317955634097,97.7918682044366,0,1,1.59
1624,2022,Florida,FL-20,Sheila Cherfilus-McCormick,Drew-Montez Clark,136215.0,52151.0,72.31400571228353,1,0,76.3413151376022,79.2346474457682,277790.33,124866.59,68.98933464250409,31.010665357495903,3,1,1.59
1625,2022,Florida,FL-21,Corinna Balderramos Robinson,Brian Mast,119891.0,208614.0,36.49594374514847,0,1,45.25138775862774,44.68314440719831,82136.46,5142938.43,1.571967134044274,98.42803286595571,0,1,1.59
1626,2022,Florida,FL-22,Lois Frankel,Daniel Franzese,150010.0,122194.0,55.10940324168638,1,0,58.86183690134572,60.36177239198515,750075.87,224854.53,76.93635053333038,23.06364946666962,6,1,1.59
1627,2022,Florida,FL-23,Jared Moskowitz,Joe Budd,143951.0,130681.0,52.4159602668298,0,0,56.64993909866018,57.3104057198241,1143495.66,115864.71,90.79971763761311,9.200282362386869,0,1,1.59
1628,2022,Florida,FL-24,Frederica Wilson,Jesus Navarro,133442.0,52449.0,71.78507835236778,1,0,74.66106566976222,82.48574964700961,250654.5,14877.27,94.3971789138452,5.602821086154775,3,1,1.59
1629,2022,Florida,FL-25,Debbie Wasserman Schultz,Carla Spalding,129113.0,105239.0,55.09361985389499,1,0,60.01810177277044,64.64829743564381,1394515.79,1837379.86,43.1485400835884,56.85145991641159,6,1,1.59
1630,2022,Florida,FL-26,Christine Olivo,Mario Diaz-Balart,58868.0,143240.0,29.127001405189308,0,1,40.79229638587542,51.97811967992856,113674.09,919978.21,10.997323761578242,89.00267623842176,5,1,1.59
1631,2022,Florida,FL-27,Annette Taddeo,Maria Elvira Salazar,101404.0,136038.0,42.70685051507315,0,1,49.8404585836081,58.96149820172849,1397481.86,3872446.26,26.518044044972665,73.48195595502732,5,1,1.59
1632,2022,Florida,FL-28,Robert Asencio,Carlos Gimenez,76665.0,134457.0,36.31312700713332,0,1,46.808335755152605,58.0664612820822,74284.97,880502.95,7.78025867775956,92.21974132224044,5,1,1.59
1633,2022,Georgia,GA-01,Wade Herring,Buddy Carter,107837.0,156128.0,40.85276457106056,0,1,43.20273979984373,41.49110961062345,1279965.36,1053804.58,54.84539577195856,45.15460422804143,1,1,1.59
1634,2022,Georgia,GA-02,Sanford Bishop,Chris West,132675.0,108665.0,54.97431010193089,1,0,55.22155924785629,54.63563179175226,1324782.05,649168.91,67.11321997583973,32.88678002416028,3,1,1.59
1635,2022,Georgia,GA-03,Val Amonord,Drew Ferguson,97057.0,213524.0,31.25014086502394,0,1,34.777699290727995,31.68675285072424,17245.66,785218.97,2.1490866208022155,97.85091337919778,1,1,1.59
1636,2022,Georgia,GA-04,Hank Johnson,Jonathan Chavez,216332.0,59302.0,78.48523767024388,1,0,79.18276112789985,76.92360766131257,131537.19,0.0,100.0,0.0,3,1,1.59
1637,2022,Georgia,GA-05,Nikema Williams,Christian Zimm,243687.0,51769.0,82.47827087620492,1,0,83.63140013895803,83.52331537018117,414239.95,30178.28,93.20948647853623,6.79051352146378,3,1,1.59
1638,2022,Georgia,GA-06,Bob Christian,Rich McCormick,125612.0,206886.0,37.77827235051038,0,0,42.4309812585039,36.04722327043028,58244.89,3591826.71,1.595719108633376,98.40428089136662,0,1,1.59
1639,2022,Georgia,GA-07,Lucy McBath,Mark Gonsalves,143063.0,91962.0,60.8713966599298,1,0,63.06247554454154,57.27079660201956,4767772.25,351671.68,93.130666439392,6.869333560608017,3,1,1.59
1640,2022,Georgia,GA-08,Darrius Butler,Austin Scott,81886.0,178700.0,31.423790994143967,0,1,36.04639074386634,34.301907062232566,16543.42,283599.72,5.511843449095655,94.48815655090436,1,1,1.59
1641,2022,Georgia,GA-09,Mike Ford,Andrew Clyde,81318.0,212820.0,27.64620688248373,0,1,30.815695119919827,26.490311242658283,27139.7,557612.69,4.641229427040051,95.35877057295995,1,1,1.59
1642,2022,Georgia,GA-10,Tabitha Johnson-Green,Mike Collins,109107.0,198523.0,35.46695705880441,0,0,38.15187336562781,35.103643377625374,10345.6,806062.39,1.2672095480104255,98.7327904519896,1,1,1.59
1643,2022,Georgia,GA-11,Antonio Daza,Barry Loudermilk,113571.0,190086.0,37.40108082474634,0,1,42.20652029274784,37.073230401217785,87106.81,313064.21,21.76739584990437,78.23260415009563,0,1,1.59
1644,2022,Georgia,GA-12,Liz Johnson,Rick Allen,107148.0,158047.0,40.403476686966194,0,1,44.86522266978144,43.23675022333583,184033.82,656840.22,21.88601517535254,78.11398482464746,1,1,1.59
1645,2022,Georgia,GA-13,David Scott,Caesar Gonzales,216388.0,48228.0,81.77434471082626,1,0,80.48575698059145,77.89926971815402,316678.01,13692.7,95.85535291551724,4.144647084482762,3,1,1.59
1646,2022,Georgia,GA-14,Marcus Flowers,Marjorie Taylor Greene,88189.0,170162.0,34.135343002349515,0,1,31.073912811039108,27.68201329219442,0.0,12307019.18,0.0,100.0,1,1,1.59
1647,2022,Hawaii,HI-01,Ed Case,Conrad Kress,143546.0,51217.0,73.702910717128,1,0,64.96491036689575,67.43499454123292,495273.57,77925.44,86.4051684248373,13.5948315751627,4,1,1.59
1648,2022,Hawaii,HI-02,Jill Tokuda,Joe Akana,128407.0,72874.0,63.79489370581426,0,0,65.09736652036224,67.44750522081948,746702.33,25325.6,96.71960054605798,3.280399453942036,4,1,1.59
1649,2022,Idaho,ID-01,Kaylee Peterson,Russ Fulcher,82261.0,222901.0,26.956501792490545,0,1,30.367648918388884,28.074646150040845,66125.36,239183.48,21.658514702685974,78.34148529731402,2,1,1.59
1650,2022,Idaho,ID-02,Wendy Norman,Mike Simpson,98736.0,172450.0,36.40895916455864,0,1,38.144007563019,35.498718946895465,12500.0,528866.84,2.3089703831878587,97.69102961681214,2,1,1.59
1651,2022,Illinois,IL-01,Jonathan Jackson,Eric Carlson,159142.0,78258.0,67.03538331929234,0,0,71.48115135142548,75.00406187983799,551295.5,150.0,99.97279876252504,0.0272012374749635,3,1,1.59
1652,2022,Illinois,IL-02,Robin Kelly,Thomas Lynch,140414.0,68761.0,67.12752479980877,1,0,70.29618942544343,72.07058845841406,669811.89,0.0,100.0,0.0,3,1,1.59
1653,2022,Illinois,IL-03,Delia Ramirez,Justin Burau,121764.0,55995.0,68.49948525813039,0,0,71.13201527330362,73.73617014470616,639890.84,20362.61,96.91594038622593,3.0840596137740746,6,1,1.59
1654,2022,Illinois,IL-04,Chuy Garcia,James Falakos,91036.0,37352.0,70.90693834314733,1,0,73.64598037238692,76.90532254680251,458864.49,0.0,100.0,0.0,5,1,1.59
1655,2022,Illinois,IL-05,Mike Quigley,Tommy Hanson,190999.0,79112.0,70.71130016918971,1,0,70.16232477170693,70.5752172690787,305123.56,0.0,100.0,0.0,0,1,1.59
1656,2022,Illinois,IL-06,Sean Casten,Keith Pekau,150496.0,126351.0,54.3607118733452,1,0,55.54263476343399,54.430131826742,4405254.47,1087715.51,80.19804379123879,19.801956208761226,0,1,1.59
1657,2022,Illinois,IL-08,Raja Krishnamoorthi,Chris Dargis,117880.0,89335.0,56.8877735685158,1,0,57.85058345320005,58.367978200430834,7357537.44,142757.7,98.09663890106596,1.9033610989340348,6,1,1.59
1658,2022,Illinois,IL-09,Jan Schakowsky,Max Rice,179615.0,70915.0,71.6940087015527,1,0,71.12729979793683,72.55956765088865,1080089.94,9895.5,99.09214383634335,0.9078561636566448,0,1,1.59
1659,2022,Illinois,IL-10,Brad Schneider,Joseph Severino,152566.0,89599.0,63.00084653025829,1,0,63.180636115754375,62.27162741508506,2384385.69,34275.0,98.58289341114649,1.4171065888535197,0,1,1.59
1660,2022,Illinois,IL-11,Bill Foster,Cataline Lauf,149172.0,115069.0,56.45301069856684,1,0,57.812848194556686,55.72911767663171,2232294.68,2296511.04,49.2910232413326,50.70897675866741,0,1,1.59
1661,2022,Illinois,IL-12,Chip Markel,Mike Bost,72791.0,218379.0,24.999484837036785,0,1,28.21557802562154,27.477786554883497,33700.79,735729.82,4.3799648158006095,95.62003518419938,2,1,1.59
1662,2022,Illinois,IL-13,Nikki Budzinski,Regan Deering,141788.0,108646.0,56.61691303896436,0,0,55.741366767940434,54.46624438074845,2838628.02,705337.61,80.09750421874153,19.902495781258462,0,1,1.59
1663,2022,Illinois,IL-14,Lauren Underwood,Scott Gryder,128141.0,108451.0,54.16117197538378,1,0,55.848955105191145,54.60499798468359,5673221.48,393451.06,93.51454924580452,6.48545075419548,0,1,1.59
1664,2022,Illinois,IL-15,Paul Lange,Mary Miller,86396.0,213007.0,28.85609028633648,0,1,30.224403746001087,29.517725598526702,31985.3,1629866.24,1.9246785425850967,98.0753214574149,2,1,1.59
1665,2022,Illinois,IL-16,Elizabeth Haderlein,Darin LaHood,100325.0,197621.0,33.67220905801723,0,1,38.99448676875597,37.11321033210332,27525.08,872732.7,3.0574664958741047,96.9425335041259,2,1,1.59
1666,2022,Illinois,IL-17,Eric Sorensen,Esther Joy King,121186.0,111931.0,51.98505471501434,0,0,53.98942576728041,53.58082115838364,2497170.84,3555039.98,41.26047347438567,58.73952652561432,0,1,1.59
1667,2022,Indiana,IN-01,Frank Mrvan,Jennfier-Ruth Green,112656.0,100542.0,52.84102102271129,1,0,54.24647072160765,56.27095886044832,1408273.04,2603223.48,35.105927002025666,64.89407299797433,0,1,1.59
1668,2022,Indiana,IN-02,Paul Steury,Rudy Yakym,62891.0,125313.0,33.41639922637138,0,0,38.50321440840163,36.62003875058713,98660.38,610122.93,13.919681601983545,86.08031839801646,2,1,1.59
1669,2022,Indiana,IN-03,Gary Snyder,Jim Banks,60577.0,131579.0,31.524906846520533,0,1,34.723518069291536,31.868693643881908,72897.02,1794076.73,3.904555165813124,96.09544483418688,2,1,1.59
1670,2022,Indiana,IN-04,Roger Day,Jim Baird,62834.0,134864.0,31.782820261206485,0,1,35.09213325984009,31.755132956037617,0.0,187413.86,0.0,100.0,2,1,1.59
1671,2022,Indiana,IN-05,Jeannine Lee Lake,Victoria Spartz,93434.0,146575.0,38.92937348182777,0,1,41.867597321969306,37.459566646683314,33544.28,3049006.46,1.0881987947423049,98.9118012052577,0,1,1.59
1672,2022,Indiana,IN-06,Cinde Wirth,Greg Pence,62838.0,130686.0,32.47039126929993,0,1,33.69007508515605,30.13119585924301,32901.66,1322709.32,2.4270724039134004,97.5729275960866,2,1,1.59
1673,2022,Indiana,IN-07,Andre Carson,Angela Grabovsky,117309.0,53631.0,68.62583362583362,1,0,71.56893309331537,69.01521659777964,374625.63,183096.0,67.17071919911014,32.82928080088986,3,1,1.59
1674,2022,Indiana,IN-08,Ray McCormick,Larry Bucshon,68109.0,141995.0,32.41680310703271,0,1,33.27577372260612,31.994520186181624,117620.22,329514.66,26.30531082701488,73.69468917298511,2,1,1.59
1675,2022,Indiana,IN-09,Matthew Fyfe,Erin Houchin,75700.0,143166.0,34.58737309586688,0,0,36.07092020191049,35.03289953250591,94663.67,677886.45,12.253401759875462,87.74659824012453,2,1,1.59
1676,2022,Iowa,IA-01,Christina Bohannan,Mariannette Miller-Meeks,142173.0,162947.0,46.59576560041951,0,1,48.527706600627,48.36389445603196,2725510.85,2865543.69,48.747706367393086,51.252293632606914,2,1,1.59
1677,2022,Iowa,IA-02,Liz Mathis,Ashley Hinson,145940.0,172181.0,45.875625941072734,0,1,47.75988231921383,47.53808304569438,3789559.58,5048481.16,42.87782429932542,57.12217570067458,2,1,1.59
1678,2022,Iowa,IA-03,Cindy Axne,Zach Nunn,154117.0,156262.0,49.654454715041936,1,0,49.82405715476669,48.36216372240024,5046042.83,1848945.79,73.18420824311673,26.81579175688328,0,1,1.59
1679,2022,Iowa,IA-04,Ryan Melton,Randy Feenstra,84230.0,186467.0,31.115970993398523,0,1,36.76123375371496,35.55342899212776,41123.28,1444464.4,2.7681489658018705,97.23185103419812,2,1,1.59
1680,2022,Kansas,KS-01,Jimmy Beard,Tracey Mann,77092.0,161333.0,32.33385760721401,0,1,34.85696968931708,31.802027608394745,13791.91,596554.95,2.2596839443066847,97.74031605569331,2,1,1.59
1681,2022,Kansas,KS-02,Patrick Schmidt,Jake LaTurner,98852.0,134506.0,42.36066472972857,0,1,41.66449256457084,39.86569079272043,984588.23,883560.96,52.70394009591921,47.29605990408079,1,1,1.59
1682,2022,Kansas,KS-03,Sharice Davids,Amanda Adkins,165527.0,128839.0,56.23169795424743,1,0,52.27404462161118,47.08884085190829,5844958.27,2724495.2,68.20689662954668,31.79310337045334,0,1,1.59
1683,2022,Kansas,KS-04,Bob Hernandez,Ron Estes,83851.0,144889.0,36.657777389175486,0,1,38.869277996999536,35.35164005263117,36634.9,927642.35,3.799208163419805,96.2007918365802,0,1,1.59
1684,2022,Kentucky,KY-01,Jimmy Ausbrooks,James Comer,61701.0,184157.0,25.09619373784868,0,1,28.306786703601105,26.97591208229506,2840.0,771306.72,0.36685552320108,99.63314447679892,2,1,1.59
1685,2022,Kentucky,KY-02,Hank Linderman,Brett Guthrie,66769.0,170487.0,28.142175540344606,0,1,31.31370851370852,29.11368144985037,81960.53,538933.0,13.20041618085471,86.79958381914528,2,1,1.59
1686,2022,Kentucky,KY-03,Morgan McGarvey,Stuart Ray,160920.0,98637.0,61.9979426484356,0,0,61.38749798094008,58.14136437432224,2465250.01,490107.0,83.41631828771847,16.58368171228152,0,1,1.59
1687,2022,Kentucky,KY-04,Matt Lehman,Thomas Massie,79977.0,167541.0,32.31158946016047,0,1,33.44055993495705,30.557029864464266,243317.98,944133.18,20.490777911236364,79.50922208876364,2,1,1.59
1688,2022,Kentucky,KY-05,Conor Halbleib,Hal Rogers,38549.0,177712.0,17.82522045121404,0,1,19.93336468142502,19.090713576141987,17469.53,431182.09,3.893785115497855,96.10621488450217,2,1,1.59
1689,2022,Kentucky,KY-06,Geoff Young,Andy Barr,83005.0,154762.0,34.91022723927206,0,1,44.39337925454811,40.604827836462114,36610.24,1850352.12,1.940168006318896,98.0598319936811,2,1,1.59
1690,2022,Louisiana,LA-01,Katie Darling,Steve Scalise,61467.0,177670.0,25.70367613543701,0,1,30.15699091304101,27.3236621061512,149729.23,3538066.68,4.060127882727653,95.93987211727236,0,1,1.59
1691,2022,Louisiana,LA-02,Troy Carter,Dan Lux,158120.0,46927.0,77.11402751564276,0,0,76.66918648943586,77.03368185933071,1955533.46,17671.0,99.10445164917172,0.8955483508282766,3,1,1.59
1692,2022,Louisiana,LA-03,Various Dems,Clay Higgins,44813.0,174864.0,20.3994956231194,0,1,30.844059227157818,30.39403464718946,40082.35,877919.0,4.366262642206354,95.63373735779363,1,1,1.59
1693,2022,Louisiana,LA-05,Various Dems,Julia Letlow,54532.0,169021.0,24.39332059958936,0,0,34.95136916292416,35.21948651861801,1500.0,1793649.74,0.0835584891096605,99.91644151089034,1,1,1.59
1694,2022,Maine,ME-01,Chellie Pingree,Ed Thelander,219753.0,129263.0,62.96358906181951,1,0,61.73262221456549,57.7444930951291,291595.1,398212.58,42.27194165191087,57.72805834808914,2,1,1.59
1695,2022,Maine,ME-02,Jared Golden,Bruce Poliquin,165136.0,146142.0,53.05097051510226,1,0,46.85965919766694,45.10681194870654,4816687.36,2409822.3,66.6530259644045,33.34697403559549,2,1,1.59
1696,2022,Maryland,MD-01,Heather Mizeur,Andy Harris,126511.0,159673.0,44.20617504822072,0,1,42.58300637994222,37.76411951699024,2613074.72,1269540.67,67.30192042019387,32.69807957980612,1,1,1.59
1697,2022,Maryland,MD-02,Dutch Ruppersberger,Nicolee Ambrose,158998.0,109075.0,59.31145620782399,1,0,60.62544513462959,55.9205866964216,385774.56,439162.76,46.76410566562802,53.23589433437197,0,1,1.59
1698,2022,Maryland,MD-03,John Sarbanes,Yuripzy Morgan,175514.0,115801.0,60.24887149649005,1,0,63.02568939633375,57.35874002597885,186604.0,469106.5,28.45829066333389,71.5417093366661,0,1,1.59
1699,2022,Maryland,MD-04,Glenn Ivey,Jeff Warner,144168.0,15441.0,90.32573351126815,0,0,91.18743200956231,92.32688580735352,0.0,49302.15,0.0,100.0,3,1,1.59
1700,2022,Maryland,MD-05,Steny Hoyer,Chris Palombi,182478.0,94000.0,66.00091146492669,1,0,68.55451208559491,62.61820177779133,999854.63,61006.48,94.24934334712296,5.750656652877019,3,1,1.59
1701,2022,Maryland,MD-06,David Trone,Neil Parrott,140295.0,115771.0,54.78860918669406,1,0,55.014373062656674,50.64141934305305,539517.98,1018746.64,34.62300132310005,65.37699867689994,0,1,1.59
1702,2022,Maryland,MD-07,Kweisi Mfume,Scott Collier,151640.0,32737.0,82.24453158474213,1,0,82.25060278752476,81.5733174460249,247260.48,0.0,100.0,0.0,3,1,1.59
1703,2022,Maryland,MD-08,Jamie Raskin,Gregory Coll,211842.0,47965.0,81.53821875469099,1,0,81.79720395364515,80.49029860774358,4286731.53,15023.5,99.65075882063884,0.3492411793611595,6,1,1.59
1704,2022,Massachusetts,MA-01,Richard Neal,Dean Martilli,157635.0,98386.0,61.57112111897071,1,0,61.05231460930828,59.46957048506967,1042807.26,17202.89,98.37710138907632,1.6228986109236785,0,1,1.59
1705,2022,Massachusetts,MA-02,Jim McGovern,Jeffrey Sossa-Paquette,180639.0,91956.0,66.26643922302317,1,0,65.75693536636406,62.951233242918605,768498.04,41288.35,94.90132823793198,5.098671762068019,0,1,1.59
1706,2022,Massachusetts,MA-03,Lori Trahan,Dean Tran,154496.0,88585.0,63.55741501803925,1,0,63.99807076245989,61.572304431745074,1426446.44,150674.71,90.44621841511668,9.553781584883318,0,1,1.59
1707,2022,Massachusetts,MA-05,Katherine Clark,Caroline Colarusso,203994.0,71491.0,74.04904078261974,1,0,75.9934595813827,73.33978513768476,927999.62,105102.48,89.82651569481855,10.173484305181454,0,1,1.59
1708,2022,Massachusetts,MA-06,Seth Moulton,Bob May,198119.0,110770.0,64.13922153265412,1,0,64.05089226552447,59.8056834184585,1567615.25,31298.0,98.04254546017428,1.9574545398257224,0,1,1.59
1709,2022,Massachusetts,MA-07,Ayanna Pressley,Donnie Palmer,151825.0,27129.0,84.8402382735228,1,0,86.7219743356963,87.75259822919732,1211369.33,0.0,100.0,0.0,6,1,1.59
1710,2022,Massachusetts,MA-08,Stephen Lynch,Robert Burke,189987.0,82126.0,69.81915601239191,1,0,68.03287730333552,64.7958735172934,532189.0,0.0,100.0,0.0,0,1,1.59
1711,2022,Massachusetts,MA-09,Bill Keating,Jesse Brown,197823.0,136347.0,59.19831223628693,1,0,59.25629232059849,55.33246421387624,367729.0,102655.52,78.17625460973929,21.82374539026072,0,1,1.59
1712,2022,Michigan,MI-01,Bob Lorinser,Jack Bergman,145403.0,233094.0,38.41589233203962,0,1,39.955846515324886,37.686416661174455,539750.2,660143.57,44.98316546805639,55.0168345319436,2,1,1.59
1713,2022,Michigan,MI-02,Jerry Hilliard,John Moolenaar,116452.0,216222.0,35.004839572674754,0,1,35.643953249163495,35.06790170711169,17110.33,1359420.51,1.2430037528254727,98.75699624717453,2,1,1.59
1714,2022,Michigan,MI-03,Hillary Scholten,John Gibbs,185989.0,142229.0,56.666301056005466,0,0,54.329389259758464,50.09038659035356,2931450.62,1052288.7,73.5854026713776,26.414597328622392,0,1,1.59
1715,2022,Michigan,MI-04,Joseph Alfonso,Bill Huizenga,143690.0,183936.0,43.85793557287883,0,1,47.99207516878085,44.966235144938224,33608.83,1228623.98,2.6626490560010083,97.33735094399898,2,1,1.59
1716,2022,Michigan,MI-05,Bart Goldberg,Tim Walberg,110946.0,198020.0,35.90880549963427,0,0,37.705304439841726,36.58680449984798,89134.2,0.0,100.0,0.0,2,1,1.59
1717,2022,Michigan,MI-06,Debbie Dingell,Whittney Williams,241759.0,125167.0,65.8876721736808,1,0,63.51361849567285,60.928006435178986,626811.71,300.76,99.9520405008052,0.0479594991947776,0,1,1.59
1718,2022,Michigan,MI-07,Elissa Slotkin,Tom Barrett,192809.0,172624.0,52.76179217530984,1,0,50.266143845938906,47.99264556342789,8166752.81,1834021.7,81.6612033581387,18.33879664186129,2,1,1.59
1719,2022,Michigan,MI-08,Dan Kildee,Paul Junge,178322.0,143850.0,55.34993730057237,1,0,51.02989498785227,50.55687520863853,2901075.34,656472.16,81.54705847216376,18.45294152783624,1,1,1.59
1720,2022,Michigan,MI-09,Brian Jaye,Lisa McClain,123702.0,238300.0,34.17163441085961,0,0,35.058343248228965,32.61257665568182,21181.56,0.0,100.0,0.0,2,1,1.59
1721,2022,Michigan,MI-10,Carl Marlinga,John James,157602.0,159202.0,49.747477935884646,0,0,49.50394439650498,47.18030339867581,925376.24,3498815.22,20.91627924258052,79.08372075741948,0,1,1.59
1722,2022,Michigan,MI-11,Haley Stevens,Mark Ambrose,224537.0,141642.0,61.31891779703369,1,0,60.05011575292013,57.30408215269915,4065844.48,281656.0,93.52142682224611,6.478573177753852,0,1,1.59
1723,2022,Michigan,MI-12,Rashida Tlaib,Steve Elliott,196643.0,72888.0,72.95747056924806,1,0,74.55095915437818,74.48763229837341,2967272.87,235943.2,92.63417781242586,7.3658221875741265,3,1,1.59
1724,2022,Michigan,MI-13,Shri Thanedar,Martell Bivings,166650.0,56187.0,74.7856056220466,0,0,75.07248874047843,76.54648502737538,45984.45,93401.15,32.99081827678039,67.00918172321963,3,1,1.59
1725,2022,Minnesota,MN-01,Jeff Ettinger,Brad Finstad,125457.0,159621.0,44.007955717382615,0,1,45.29727114735909,42.37626081302216,881369.3,821676.57,51.75252854463632,48.24747145536367,2,1,1.59
1726,2022,Minnesota,MN-02,Angie Craig,Tyler Kistner,165583.0,148576.0,52.70675040345812,1,0,53.66469008455109,49.416162621887416,5194077.6,2834806.78,64.69239503483796,35.30760496516205,0,1,1.59
1727,2022,Minnesota,MN-03,Dean Phillips,Tom Weiler,198883.0,134797.0,59.602912970510666,1,0,60.69868175468663,56.03941098816424,2235809.15,465356.86,82.77200074792886,17.227999252071147,0,1,1.59
1728,2022,Minnesota,MN-04,Betty McCollum,May Lor Xiong,200055.0,95493.0,67.68951236347395,1,0,69.19851089174122,67.09745499313185,1296851.97,120172.97,91.5193468648477,8.4806531351523,0,1,1.59
1729,2022,Minnesota,MN-05,Ilhan Omar,Cicely Davis,214224.0,70702.0,75.18583772628683,1,0,82.20655682011211,80.23521823393423,2693695.38,3203570.1,45.67702419257543,54.32297580742456,0,1,1.59
1730,2022,Minnesota,MN-06,Jeanne Hendricks,Tom Emmer,120852.0,198145.0,37.884995783659406,0,1,40.98049583183029,37.03758665281635,93653.67,2052798.26,4.363185063268572,95.6368149367314,2,1,1.59
1731,2022,Minnesota,MN-07,Jill Abahsain,Michelle Fischbach,84455.0,204766.0,29.20085332669481,0,1,33.08394907310897,31.63018404106559,30004.01,855809.95,3.387168339500994,96.612831660499,2,1,1.59
1732,2022,Minnesota,MN-08,Jennifer Schultz,Pete Stauber,141009.0,188755.0,42.76058029378586,0,1,44.23179018256483,43.05104843629615,605118.14,1391193.4,30.31180894741509,69.6881910525849,2,1,1.59
1733,2022,Mississippi,MS-01,Dianne Black,Trent Kelly,45238.0,122151.0,27.025670742999843,0,1,33.9191548113592,32.76062594306835,32192.75,602761.75,5.070087699197344,94.92991230080266,1,1,1.59
1734,2022,Mississippi,MS-02,Bennie Thompson,Brian Flowers,108285.0,71884.0,60.10190432316326,1,0,63.20009715664992,63.11767925561029,613485.54,33190.03,94.8675917972284,5.132408202771599,3,1,1.59
1735,2022,Mississippi,MS-03,Shuwaski Young,Michael Guest,54803.0,132481.0,29.26197646355268,0,1,37.68223136008359,35.92131374954241,74015.75,640930.76,10.352627639234155,89.64737236076584,1,1,1.59
1736,2022,Mississippi,MS-04,Johnny DuPree,Mike Ezell,42876.0,127813.0,25.119369145053284,0,0,30.719495128908985,28.81085180010085,133520.23,838357.78,13.738373399352868,86.26162660064713,1,1,1.59
1737,2022,Missouri,MO-01,Cori Bush,Andrew Jones,160999.0,53767.0,74.96484545970964,1,0,79.66338969270497,78.20494884762039,2236989.39,47807.03,97.90760220116242,2.092397798837588,3,1,1.59
1738,2022,Missouri,MO-02,Trish Gunby,Ann Wagner,135895.0,173277.0,43.9544978199837,0,1,46.05923997145955,41.338608311998144,751453.19,2818924.33,21.04688329989261,78.9531167001074,0,1,1.59
1739,2022,Missouri,MO-03,Bethany Mann,Blaine Luetkemeyer,96851.0,180746.0,34.88906580402526,0,1,36.58889584595013,33.73860182370821,21246.38,1174671.98,1.7765744477741776,98.22342555222583,2,1,1.59
1740,2022,Missouri,MO-04,Jack Truman,Mark Alford,67069.0,181890.0,26.93977723239569,0,0,29.93178754748321,28.039291205195404,0.0,824893.82,0.0,100.0,2,1,1.59
1741,2022,Missouri,MO-05,Emanuel Cleaver,Jacob Turk,140688.0,84008.0,62.61259657492791,1,0,63.41881535940579,60.777636107789576,273712.84,28442.0,90.58694542175792,9.41305457824207,0,1,1.59
1742,2022,Missouri,MO-06,Henry Martin,Sam Graves,72253.0,184865.0,28.1011053290707,0,1,31.121944650191907,29.80447173357869,138892.0,750893.49,15.609604962202743,84.39039503779726,2,1,1.59
1743,2022,Missouri,MO-07,Kristen Radaker-Sheafer,Eric Burlison,67485.0,178592.0,27.42434278701382,0,0,28.916245414690884,26.13198098659841,16530.3,897368.94,1.80876613925185,98.19123386074814,2,1,1.59
1744,2022,Missouri,MO-08,Randi McCallian,Jason Smith,53738.0,186472.0,22.37125848216144,0,1,23.953660217363023,23.56575490089239,42929.35,1666683.69,2.5110565370980087,97.488943462902,2,1,1.59
1745,2022,Montana,MT-01,Monica Tranel,Ryan Zinke,115265.0,123102.0,48.35610634022327,0,0,46.47252483749506,43.60145937666719,2957337.84,5511953.96,34.918360470234354,65.08163952976564,2,1,1.59
1746,2022,Montana,MT-02,Penny Ronning,"Matthew M Rosendale, Sr",43480.0,121979.0,26.27841338337594,0,1,36.231423036507,34.01329942410732,149619.04,1268951.77,10.547167539701457,89.45283246029855,2,1,1.59
1747,2022,Nebraska,NE-01,Patty Pansing Brooks,Mike Flood,93929.0,129236.0,42.08948535836713,0,1,44.33481271425935,40.2064863032329,1731321.13,1643238.35,51.30510042158154,48.69489957841846,0,1,1.59
1748,2022,Nebraska,NE-02,Tony Vargas,Don Bacon,106807.0,112663.0,48.66587688522349,0,1,53.22987726140321,48.969026796501815,2986112.75,1909935.62,60.99026243893093,39.00973756106907,0,1,1.59
1749,2022,Nebraska,NE-03,David Else,Adrian Smith,34836.0,172700.0,16.78552154806877,0,1,23.5519096271296,21.710184088084848,0.0,469809.73,0.0,100.0,2,1,1.59
1750,2022,Nevada,NV-01,Dina Titus,Mark Robertson,115700.0,103115.0,52.87571692982657,1,0,54.35272706663225,55.35895558907866,1887719.08,809968.57,69.97545027127214,30.024549728727862,6,1,1.59
1751,2022,Nevada,NV-02,Elizabeth Krause,Mark Amodei,117371.0,185467.0,38.75702520819712,0,1,44.328412877710925,42.74821872897904,52132.79,763156.55,6.394391223120861,93.60560877687914,0,1,1.59
1752,2022,Nevada,NV-03,Susie Lee,April Becker,131086.0,121083.0,51.98339209022521,1,0,53.382308357381056,53.58712749060675,4370511.84,1700972.77,71.9842364880836,28.015763511916408,6,1,1.59
1753,2022,Nevada,NV-04,Steven Horsford,Sam Peters,116617.0,105870.0,52.41519729242607,1,0,54.226942187257386,55.564153244459405,2528141.71,1558219.17,61.86780326655828,38.13219673344171,6,1,1.59
1754,2022,New Hampshire,NH-01,Chris Pappas,Karoline Leavitt,167391.0,142229.0,54.06336799948323,1,0,53.01220004033071,49.10947771177055,3595618.03,3398249.76,51.41100944374587,48.58899055625414,2,1,1.59
1755,2022,New Hampshire,NH-02,Annie Kuster,Robert Burns,171636.0,135579.0,55.868365802451045,1,0,54.49086897686334,51.28738344038695,2642134.29,176619.21,93.73413780240097,6.265862197599045,2,1,1.59
1756,2022,New Jersey,NJ-01,Donald Norcross,Claire Gustafson,139559.0,78794.0,63.91439549719949,1,0,62.38049905809584,62.072447805910905,1066851.7,38650.0,96.50384979055212,3.496150209447892,0,1,1.59
1757,2022,New Jersey,NJ-02,Tim Alexander,Jeff Van Drew,94522.0,139217.0,40.43912226885544,0,1,47.50916338594824,46.33870110415811,450164.86,2145284.47,17.344390229340366,82.65560977065964,0,1,1.59
1758,2022,New Jersey,NJ-03,Andy Kim,Bob Healey Jr.,150498.0,118415.0,55.965312201343934,1,0,57.09161230388584,54.91509624671503,5789812.36,1575237.97,78.61198634877489,21.38801365122511,0,1,1.59
1759,2022,New Jersey,NJ-04,Matthew Jenkins,Chris Smith,81233.0,173288.0,31.916030504359167,0,1,38.63560456219725,35.565202476919346,41545.25,1037801.62,3.849110156774717,96.15088984322529,0,1,1.59
1760,2022,New Jersey,NJ-05,Josh Gottheimer,Frank Pallotta,145559.0,117873.0,55.254866531021285,1,0,56.27875919591396,53.9825643206464,6074873.98,574697.01,91.3573821399266,8.642617860073406,0,1,1.59
1761,2022,New Jersey,NJ-06,Frank Pallone,Sue Kiley,106238.0,75839.0,58.34784184713061,1,0,59.749073523149086,59.8017366701855,1123162.48,267647.33,80.75600789729833,19.24399210270166,6,1,1.59
1762,2022,New Jersey,NJ-07,Tom Malinowski,Tom Kean,150701.0,159392.0,48.59864621258784,1,0,51.95991209023524,47.042022897177446,7890348.34,3110794.83,71.72298567586046,28.27701432413956,0,1,1.59
1763,2022,New Jersey,NJ-08,Rob Menendez Jr.,Marcos Arroyo,78382.0,24957.0,75.84938890447943,0,0,72.90327719713072,77.91127541589648,1351233.73,0.0,100.0,0.0,5,1,1.59
1764,2022,New Jersey,NJ-09,Bill Pascrell,Billy Prempeh,82457.0,65365.0,55.781277482377455,1,0,59.553611823254414,62.34377125239916,618495.52,302134.77,67.18174784364308,32.81825215635693,6,1,1.59
1765,2022,New Jersey,NJ-10,Donald Payne Jr.,David Pinckney,100710.0,25993.0,79.48509506483667,1,0,81.27526006583243,83.39837298447499,603092.2,0.0,100.0,0.0,3,1,1.59
1766,2022,New Jersey,NJ-11,Mikie Sherrill,Paul DeGroot,161436.0,109952.0,59.48531254145356,1,0,58.57366560572999,55.547690525685546,4645878.38,251336.75,94.86776171092976,5.132238289070221,0,1,1.59
1767,2022,New Jersey,NJ-12,Bonnie Watson Coleman,Darius Mayfield,125127.0,71175.0,63.74209126753676,1,0,67.44347965039135,66.23496017339838,448763.34,264839.72,62.88696968311767,37.11303031688232,6,1,1.59
1768,2022,New Mexico,NM-01,Melanie Stansbury,Michelle Garcia Holmes,156462.0,124151.0,55.757217235124536,0,0,57.41089036853957,54.57747656363211,2834868.94,231052.28,92.46385463224657,7.536145367753448,6,1,1.59
1769,2022,New Mexico,NM-02,Gabe Vasquez,Yvette Herrell,96986.0,95636.0,50.35042726168351,0,1,52.9999460163956,53.37974790711109,3059190.58,3331924.57,47.866303582403766,52.13369641759622,5,1,1.59
1770,2022,New Mexico,NM-03,Teresa Leger Fernandez,Alexis Martinez Johnson,134217.0,96565.0,58.15748195266529,1,0,55.48475596265321,55.82098063999932,2428389.42,231739.21,91.28842089113564,8.711579108864372,5,1,1.59
1771,2022,New York,NY-01,Bridget Fleming,Nick LaLota,141907.0,177040.0,44.492345123170935,0,0,50.10793983712185,45.8763000847791,2355788.84,817985.83,74.22672007146619,25.773279928533803,0,1,1.59
1772,2022,New York,NY-02,Jackie Gordon,Andrew Garbarino,97774.0,151178.0,39.27423760403613,0,1,49.24101758617788,46.580415637940085,1342411.11,1185379.7,53.106099788376085,46.89390021162392,0,1,1.59
1773,2022,New York,NY-03,Robert Zimmerman,George Santos,125404.0,145824.0,46.23563938826375,0,0,54.12608983513905,52.65561005810078,2473477.47,1491327.7,62.38585161045884,37.61414838954117,0,1,1.59
1774,2022,New York,NY-04,Laura Gillen,Anthony D'Esposito,130871.0,140622.0,48.20418942661505,0,0,57.346613668261405,56.24361897756528,1196781.87,979475.41,54.99266474596239,45.007335254037606,6,1,1.59
1775,2022,New York,NY-05,Gregory Meeks,Paul King,104396.0,34407.0,75.21163087253157,1,0,81.36047778236862,85.34092362799028,735436.9,128588.17,85.11754178614285,14.88245821385715,3,1,1.59
1776,2022,New York,NY-06,Grace Meng,Thomas Zmich,85049.0,47935.0,63.95431029296758,1,0,65.28637835842186,70.98994898732259,968942.52,2404.74,99.75243251316734,0.2475674868326698,6,1,1.59
1777,2022,New York,NY-07,Nydia Velazquez,Juan Pagan,119473.0,28597.0,80.68683730667927,1,0,81.60741642151362,87.65677685134239,339279.39,0.0,100.0,0.0,6,1,1.59
1778,2022,New York,NY-08,Hakeem Jeffries,Yuri Dashevsky,99079.0,39060.0,71.72413293856188,1,0,76.77649939185918,81.00130484931886,2833775.15,19870.31,99.30368680067214,0.6963131993278521,3,1,1.59
1779,2022,New York,NY-10,Dan Goldman,Benine Hamdan,160582.0,29058.0,84.67728327357098,0,0,85.97905737070845,88.75861853561027,2156821.78,5027.8,99.76743062762029,0.2325693723797379,6,1,1.59
1780,2022,New York,NY-11,Max Rose,Nicole Malliotakis,71801.0,115992.0,38.23411948262183,0,1,46.14464930491323,45.942345517641705,3606495.6,2986407.18,54.70269652603614,45.297303473963865,6,1,1.59
1781,2022,New York,NY-12,Jerrold Nadler,Michael Zumbluskas,200890.0,44173.0,81.97483912300102,1,0,86.04671096188405,86.70304936921728,1714002.36,11402.0,99.33916939910829,0.6608306008917237,0,1,1.59
1782,2022,New York,NY-14,Alexandria Ocasio-Cortez,Tina Forte,82453.0,31935.0,72.0818617337483,1,0,78.49489386961062,84.18555588264155,12181923.78,1515987.22,88.93271229459732,11.06728770540267,5,1,1.59
1783,2022,New York,NY-15,Ritchie Torres,Stylo Sapaskis,76406.0,15882.0,82.79082871012483,1,0,85.20366294900967,91.69935542370544,3384497.59,0.0,100.0,0.0,5,1,1.59
1784,2022,New York,NY-16,Jamaal Bowman,Miriam Flisser,133567.0,74156.0,64.30053484688743,1,0,72.06345968399971,72.27402151237014,1648478.94,17162.53,98.96961439126513,1.0303856087348735,6,1,1.59
1785,2022,New York,NY-17,Sean Patrick Maloney,Mike Lawler,141730.0,143550.0,49.68101514301739,1,0,55.08691360481344,54.197202670452825,4400438.25,957809.54,82.12457546686171,17.875424533138286,0,1,1.59
1786,2022,New York,NY-18,Pat Ryan,Colin Schmitt,135245.0,131653.0,50.67291624515733,0,0,54.24647156205281,50.43666455332752,3907413.16,1394272.84,73.70133123689332,26.29866876310668,1,1,1.59
1787,2022,New York,NY-19,Josh Riley,Marc Molinaro,141509.0,146004.0,49.21829621617109,0,0,52.36138130321733,49.1212609368584,3634638.83,1872634.91,65.99706136996923,34.00293863003076,2,1,1.59
1788,2022,New York,NY-20,Paul Tonko,Liz Joy,160420.0,130869.0,55.07245381734292,1,0,59.78383127830135,56.346389381858174,745206.08,958676.47,43.73576570756007,56.26423429243994,0,1,1.59
1789,2022,New York,NY-21,Matt Castelli,Elise Stefanik,112645.0,168579.0,40.05525844166928,0,1,43.68754303757075,41.58430329231793,2474546.53,7457574.6,24.91458267182853,75.08541732817147,2,1,1.59
1790,2022,New York,NY-22,Francis Conole,Brandon Williams,132913.0,135544.0,49.50997738930257,0,0,53.80956306677659,51.07814224809088,2370976.77,613116.09,79.45385352384778,20.54614647615222,0,1,1.59
1791,2022,New York,NY-23,Max Della Pia,Nick Langworthy,104114.0,192694.0,35.077895474515515,0,0,41.2223161840331,37.24261414503133,282014.95,570882.98,33.06549823611367,66.93450176388633,2,1,1.59
1792,2022,New York,NY-24,Steve Holden,Claudia Tenney,95028.0,182054.0,34.29598458218145,0,1,41.19804801362461,38.52652177666646,0.0,1866638.04,0.0,100.0,2,1,1.59
1793,2022,New York,NY-25,Joe Morelle,La'Ron Singletary,152022.0,130190.0,53.86801411704676,1,0,60.06521618982701,57.29978589299461,867325.4,502637.2,63.31015167859327,36.68984832140673,0,1,1.59
1794,2022,New York,NY-26,Brian Higgins,Steven Sams,156883.0,88339.0,63.97590754500004,1,0,61.90827830775968,58.295806200210656,618934.64,18482.0,97.10048360205973,2.899516397940286,0,1,1.59
1795,2022,North Carolina,NC-01,Don Davis,Sandy Smith,134996.0,122780.0,52.36949909999379,0,0,53.684389524997165,55.05504031001603,1382463.01,1353810.59,50.52356642990672,49.476433570093285,1,1,1.59
1796,2022,North Carolina,NC-02,Deborah Ross,Christine Villaverde,190714.0,104155.0,64.67753476967738,1,0,64.6158509605865,61.6612572034179,1497192.67,86075.48,94.56343007973727,5.436569920262717,0,1,1.59
1797,2022,North Carolina,NC-03,Barbara Gaskins,Greg Murphy,82378.0,166520.0,33.097091981454255,0,1,37.1493874211994,36.52852175547411,93546.62,1286694.56,6.777556079003524,93.22244392099648,1,1,1.59
1798,2022,North Carolina,NC-04,Valerie Foushee,Courtney Geels,194983.0,96442.0,66.90675130822682,0,0,67.75027002373201,67.70697774846958,1005646.19,272431.96,78.68424869011335,21.31575130988665,1,1,1.59
1799,2022,North Carolina,NC-05,Kyle Parrish,Virginia Foxx,102269.0,175279.0,36.84732010318936,0,1,39.22663295913966,38.27776526574104,20411.44,1440052.45,1.3975997722203184,98.60240022777968,2,1,1.59
1800,2022,North Carolina,NC-06,Kathy Manning,Christian Castelli,139553.0,116635.0,54.472887098537015,1,0,56.27637498804808,55.421757691741504,2309115.35,491192.29,82.45934543106128,17.540654568938717,1,1,1.59
1801,2022,North Carolina,NC-07,Charles Graham,David Rouzer,120222.0,164047.0,42.29163222159293,0,1,43.5569305886702,43.31154763643445,283945.59,669114.33,29.793047010097755,70.20695298990225,1,1,1.59
1802,2022,North Carolina,NC-08,Scott Huffman,Dan Bishop,79192.0,183998.0,30.089289106728977,0,1,32.763890784455604,31.2619068371705,95477.3,1412820.37,6.330136411335833,93.66986358866416,1,1,1.59
1803,2022,North Carolina,NC-09,Ben Clark,Richard Hudson,101202.0,131453.0,43.49874277363478,0,1,45.95422629453939,45.72075677332562,0.0,1364245.98,0.0,100.0,1,1,1.59
1804,2022,North Carolina,NC-10,Pam Genant,Patrick McHenry,73174.0,194681.0,27.318511881428385,0,1,30.01743421388008,29.24093792967377,120258.44,1261172.6,8.705352385885291,91.29464761411472,2,1,1.59
1805,2022,North Carolina,NC-11,Jasmine Beach-Ferrera,Chuck Edwards,144165.0,174232.0,45.27837887919798,0,0,44.85133224781536,42.05757004317893,2232190.27,918174.03,70.8549887389214,29.1450112610786,2,1,1.59
1806,2022,North Carolina,NC-12,Alma Adams,Tyler Lee,140494.0,83414.0,62.74630651874877,1,0,65.29142834963085,62.9159841181359,278020.92,199871.56,58.17645843684337,41.82354156315664,3,1,1.59
1807,2022,North Carolina,NC-13,Wiley Nickel,Bo Hines,143090.0,134256.0,51.5925955304926,0,0,50.86205127679002,48.7786891608663,2168487.3,1828575.43,54.252020708216406,45.7479792917836,1,1,1.59
1808,2022,North Carolina,NC-14,Jeff Jackson,Pat Harrigan,148738.0,109014.0,57.7058567925758,0,0,58.32166887836851,55.11983562427663,5297911.81,688797.59,88.49455445423825,11.505445545761752,0,1,1.59
1809,2022,North Dakota,ND-00,Cara Mund (Ind),Kelly Armstrong,89644.0,148399.0,37.65874232806678,0,1,32.78259157710337,30.19075710348025,172945.23,757821.79,18.58093661290233,81.41906338709767,2,1,1.59
1810,2022,Ohio,OH-01,Greg Landsman,Steve Chabot,156416.0,140058.0,52.758757934928525,0,1,54.29488254619718,52.05510894303546,2356459.87,1213072.49,66.01592680336424,33.98407319663576,0,1,1.59
1811,2022,Ohio,OH-02,Samantha Meadows,Brad Wenstrup,65745.0,192117.0,25.49619563952812,0,1,27.01246003221544,27.39175006689053,15424.5,774831.55,1.951835737290464,98.04816426270952,2,1,1.59
1812,2022,Ohio,OH-03,Joyce Beatty,Lee Stahley,182324.0,76455.0,70.45548518233706,1,0,72.21375993875256,70.12219792075899,674599.1,0.0,100.0,0.0,0,1,1.59
1813,2022,Ohio,OH-04,Tamie Wilson,Jim Jordan,89383.0,200773.0,30.8051530900619,0,1,31.877764680532845,30.37405810332024,154862.29,13292873.57,1.1515863459263396,98.84841365407368,2,1,1.59
1814,2022,Ohio,OH-05,Craig Swartz,Bob Latta,92634.0,187303.0,33.09101690737559,0,1,36.39075832539463,36.83596047268229,44870.87,598412.43,6.975289114453926,93.02471088554609,2,1,1.59
1815,2022,Ohio,OH-06,Louis Lyras,Bill Johnson,90500.0,189883.0,32.277277866347106,0,1,35.44026890995429,37.17342663934768,21076.4,773355.04,2.653016854418551,97.34698314558143,2,1,1.59
1816,2022,Ohio,OH-07,Matthew Diemer,Max Miller,135485.0,168002.0,44.6427688830164,0,0,45.33263658896555,44.00633724507973,230598.6,1577255.32,12.755377934518071,87.24462206548192,0,1,1.59
1817,2022,Ohio,OH-08,Vanessa Enoch,Warren Davidson,98629.0,180287.0,35.36154254327467,0,1,38.82532224911147,36.47425496203246,0.0,486068.35,0.0,100.0,0,1,1.59
1818,2022,Ohio,OH-09,Marcy Kaptur,JR Majewski,150655.0,115362.0,56.63359860460046,1,0,48.515819525740135,49.50403002260224,1899375.8,593589.19,76.18942935897387,23.81057064102613,1,1,1.59
1819,2022,Ohio,OH-10,David Esrati,Mike Turner,104634.0,168327.0,38.33294866299581,0,1,48.20957455648344,46.80786457147195,45333.05,678170.75,6.265765293838125,93.73423470616189,0,1,1.59
1820,2022,Ohio,OH-11,Shontel Brown,Eric Brewer,167722.0,47988.0,77.75346530063511,1,0,79.10472591924204,81.14796657477503,3482629.5,0.0,100.0,0.0,3,1,1.59
1821,2022,Ohio,OH-12,Amy Rippel-Elton,Troy Balderson,84893.0,191344.0,30.731943946683465,0,1,34.32801536919479,34.590479838178794,0.0,726567.26,0.0,100.0,2,1,1.59
1822,2022,Ohio,OH-13,Emilia Sykes,Madison Gesiotto,149816.0,134593.0,52.67625145477112,0,0,51.430390810338366,51.10021777333076,1919131.24,1512662.48,55.92210361641434,44.07789638358567,0,1,1.59
1823,2022,Ohio,OH-14,Matt Kilboy,David Joyce,113639.0,183389.0,38.258682683114046,0,1,42.4260577298428,42.86277230470376,68578.95,1151921.56,5.6189202247854855,94.38107977521452,2,1,1.59
1824,2022,Ohio,OH-15,Gary Josephson,Mike Carey,108139.0,143112.0,43.04022670556535,0,1,46.56419850388483,44.55706332527812,9723.07,1380931.72,0.6991720784997979,99.3008279215002,0,1,1.59
1825,2022,Oklahoma,OK-01,Adam Martin,Kevin Hern,80974.0,142800.0,36.185615844557454,0,1,39.04211834653136,35.251389408817346,34098.62,710056.54,4.582192240661208,95.4178077593388,0,1,1.59
1826,2022,Oklahoma,OK-02,Naomi Andrews,Josh Brecheen,54194.0,167843.0,24.4076437710832,0,0,22.812565352125173,23.92005807390529,7706.72,513570.82,1.4784293219308855,98.52157067806912,2,1,1.59
1827,2022,Oklahoma,OK-03,Jeremiah Ross,Frank Lucas,50354.0,147418.0,25.46063143417673,0,1,27.16228365924927,26.126903694629284,0.0,673874.94,0.0,100.0,1,1,1.59
1828,2022,Oklahoma,OK-04,Mary Brannon,Tom Cole,74667.0,149879.0,33.25242934632547,0,1,33.79653166130034,31.208619303096736,1190.0,1360149.13,0.0874139274906466,99.91258607250936,1,1,1.59
1829,2022,Oklahoma,OK-05,Joshua Harris-Till,Stephanie Bice,96799.0,152699.0,38.79750539082477,0,1,41.33735548561096,36.742986916528594,72528.57,1336751.77,5.146496970219566,94.85350302978044,0,1,1.59
1830,2022,Oregon,OR-01,Suzanne Bonamici,Christopher Mann,210682.0,99042.0,68.02249744934198,1,0,70.17230279651835,68.35104404115287,472520.97,0.0,100.0,0.0,0,1,1.59
1831,2022,Oregon,OR-02,Joe Yetter,Cliff Bentz,99882.0,208369.0,32.40281458940928,0,1,37.48795832369103,34.63690588094546,59344.64,775625.54,7.107396338393785,92.89260366160622,2,1,1.59
1832,2022,Oregon,OR-03,Earl Blumenauer,Joanna Harbour,212119.0,79766.0,72.6721140175069,1,0,74.19682485941459,74.02757477992039,376932.72,9925.0,97.43445729866784,2.5655427013321592,0,1,1.59
1833,2022,Oregon,OR-04,Val Hoyle,Alek Skarlatos,171372.0,146055.0,53.987846024440266,0,0,56.539336829716405,54.48093099016327,1791345.48,4113445.4,30.337153616522315,69.66284638347769,2,1,1.59
1834,2022,Oregon,OR-05,Jamie McLeod-Skinner,Lori Chavez-DeRemer,171514.0,178813.0,48.95825899802185,0,0,54.546574935297485,51.6088233128088,3123006.37,1284863.06,70.85070053901302,29.149299460986988,0,1,1.59
1835,2022,Oregon,OR-06,Andrea Salinas,Mike Erickson,147156.0,139946.0,51.25565130162799,0,0,56.77350751084401,53.78516718220651,2746877.11,886489.08,75.60143862075185,24.39856137924815,0,1,1.59
1836,2022,Pennsylvania,PA-01,Ashley Ehasz,Brian Fitzpatrick,165809.0,201571.0,45.13283248952039,0,1,52.34449511852532,50.36673239116746,919564.95,2021154.83,31.27006375289521,68.72993624710479,0,1,1.59
1837,2022,Pennsylvania,PA-02,Brendan Boyle,Aaron Bashir,141229.0,45454.0,75.65177332697675,1,0,71.53488462271741,75.19045427380078,583876.95,0.0,100.0,0.0,6,1,1.59
1838,2022,Pennsylvania,PA-04,Madeleine Dean,Christian Nascimento,224799.0,141986.0,61.28903853756288,1,0,59.56887870840665,57.24596487126903,1041613.63,220590.88,82.52336461703817,17.47663538296183,0,1,1.59
1839,2022,Pennsylvania,PA-05,Mary Gay Scanlon,David Galluch,205128.0,110058.0,65.08157088195541,1,0,66.28207559170781,64.96215265775169,916926.64,691144.04,57.02029465520756,42.97970534479243,0,1,1.59
1840,2022,Pennsylvania,PA-06,Chrissy Houlahan,Guy Ciarrocchi,190386.0,136097.0,58.31421544153908,1,0,57.446408286408776,54.63055601472034,3028116.4,672915.14,81.81817331932275,18.181826680677247,0,1,1.59
1841,2022,Pennsylvania,PA-07,Susan Wild,Lisa Scheller,151364.0,145527.0,50.98302070456834,1,0,50.31357124078239,48.52074270947332,5366116.25,2381481.34,69.26167999388827,30.738320006111724,0,1,1.59
1842,2022,Pennsylvania,PA-08,Matt Cartwright,Jim Bognet,146956.0,139930.0,51.22452820981156,1,0,48.53254419058116,45.82844224164167,3507612.71,2028793.92,63.35540259982674,36.64459740017326,2,1,1.59
1843,2022,Pennsylvania,PA-09,Amanda Waldman,Dan Meuser,92622.0,209185.0,30.68914902570185,0,1,31.46727868852459,29.40781675723104,21376.88,746233.38,2.784861161183541,97.21513883881646,2,1,1.59
1844,2022,Pennsylvania,PA-10,Shamaine Daniels,Scott Perry,145215.0,169331.0,46.16653843952872,0,1,47.90288993854436,44.81611482080285,375355.1,2646297.84,12.422177776644329,87.57782222335567,0,1,1.59
1845,2022,Pennsylvania,PA-11,Bob Hollister,Lloyd Smucker,121835.0,194991.0,38.45486165908101,0,1,39.2090525508247,36.61798578629001,289317.79,459193.45,38.65243092408338,61.34756907591662,2,1,1.59
1846,2022,Pennsylvania,PA-12,Summer Lee,Mike Doyle,184674.0,143946.0,56.196823078327554,0,0,60.08438858283189,59.04656505365629,1470877.73,139345.0,91.34622823266196,8.65377176733805,0,1,1.59
1847,2022,Pennsylvania,PA-15,Mike Molesevich,Glenn Thompson,91729.0,213417.0,30.0606922587876,0,1,31.23437745123673,31.04242749569513,17312.06,1333384.86,1.281713147017467,98.71828685298252,2,1,1.59
1848,2022,Pennsylvania,PA-16,Dan Pastore,Mike Kelly,130443.0,190546.0,40.6378411721274,0,1,39.544686766618334,38.4545907201334,437794.34,499061.1,46.73019137296145,53.26980862703855,2,1,1.59
1849,2022,Pennsylvania,PA-17,Chris Deluzio,Jeremy Shaffer,193615.0,169013.0,53.392181519353166,0,0,52.951803471504434,50.53973310016031,2642754.97,1114138.95,70.34414668807045,29.655853311929555,0,1,1.59
1850,2022,Rhode Island,RI-01,David Cicilline,Allen Waters,100318.0,56055.0,64.153018743645,1,0,64.7621950961339,63.21356894610602,1511156.73,45441.69,97.08070563247776,2.9192943675222285,0,1,1.59
1851,2022,Rhode Island,RI-02,Seth Magaziner,Allan Fung,101432.0,93969.0,51.90966269364026,0,0,56.97441626386753,53.9326333825805,3188706.66,1604151.66,66.53037596988679,33.469624030113195,0,1,1.59
1852,2022,South Carolina,SC-01,Annie Andrews,Nancy Mace,115796.0,153757.0,42.958527636494495,0,1,45.61013623486242,42.19452529328786,2005492.47,3549630.38,36.10167631126286,63.89832368873714,0,1,1.59
1853,2022,South Carolina,SC-02,Judd Larkins,Joe Wilson,98081.0,147699.0,39.9060135080153,0,1,44.62584053528169,40.970355851031584,81758.9,559359.07,12.752551609183564,87.24744839081643,1,1,1.59
1854,2022,South Carolina,SC-05,Evangeline Hundley,Ralph Norman,83299.0,154725.0,34.99605081840487,0,1,40.79049914437939,39.43588647396293,12014.5,538104.38,2.183982487567051,97.81601751243296,1,1,1.59
1855,2022,South Carolina,SC-06,Jim Clyburn,Duke Buckner,130923.0,79879.0,62.10709575810476,1,0,66.28762400576707,66.44934616602379,1530734.49,173298.47,89.83009870888883,10.169901291111175,3,1,1.59
1856,2022,South Carolina,SC-07,Daryl Scott,Russell Fry,89030.0,164440.0,35.124472324140925,0,0,40.57650400434182,40.249238932343054,0.0,1205414.97,0.0,100.0,1,1,1.59
1857,2022,Tennessee,TN-01,Cameron Parsons,Diana Harshbarger,37049.0,147241.0,20.103641000596888,0,1,22.41925728801258,20.40786814735164,0.0,1314125.06,0.0,100.0,2,1,1.59
1858,2022,Tennessee,TN-02,Mark Harmon,Tim Burchett,66673.0,141089.0,32.091046485882885,0,1,35.106568658027484,31.32440694905788,75501.49,1250259.58,5.694954521481009,94.305045478519,2,1,1.59
1859,2022,Tennessee,TN-03,Meg Gorman,Chuck Fleischmann,60334.0,136639.0,30.630594040807622,0,1,33.75,31.47652471178674,62013.68,602163.76,9.33691454500472,90.66308545499528,2,1,1.59
1860,2022,Tennessee,TN-04,Wayne Steele,Scott DesJarlais,44648.0,122401.0,26.72748714449053,0,1,30.77681363253928,28.49057524354742,0.0,68441.07,0.0,100.0,2,1,1.59
1861,2022,Tennessee,TN-05,Heidi Campbell,Andy Ogles,93648.0,123558.0,43.11483108201431,0,0,44.22290187715704,40.92958150095339,1018449.42,751550.26,57.53952565686339,42.4604743431366,0,1,1.59
1862,2022,Tennessee,TN-06,Randal Cooper,John Rose,65675.0,129388.0,33.66860962868407,0,1,35.15482855655206,33.360396353667106,1662.0,1164057.23,0.1425729246998867,99.85742707530012,2,1,1.59
1863,2022,Tennessee,TN-07,Odessa Kelly,Mark Green,68973.0,108421.0,38.88124739280923,0,1,42.25674193709187,40.89775663709531,0.0,1219458.89,0.0,100.0,1,1,1.59
1864,2022,Tennessee,TN-08,Lynnette Williams,David Kustoff,51102.0,155602.0,24.72230822819104,0,1,31.076096091692097,29.81588602783195,250.0,1074216.6,0.0232673588923099,99.97673264110767,1,1,1.59
1865,2022,Tennessee,TN-09,Steve Cohen,Charlotte Bergmann,93800.0,35123.0,72.75660665668656,1,0,74.46351779048808,74.28230821277829,119849.49,36353.19,76.72691019129762,23.273089808702387,3,1,1.59
1866,2022,Texas,TX-01,Jrmar Jefferson,Nathaniel Moran,51438.0,183224.0,21.920038182577496,0,0,26.79078426809402,25.380250126509075,0.0,717620.01,0.0,100.0,1,1,1.59
1867,2022,Texas,TX-02,Robin Fulford,Dan Crenshaw,78496.0,151791.0,34.08616204996374,0,1,38.45245015037024,33.3464811426845,215896.64,13477279.22,1.5766732437189337,98.42332675628106,6,1,1.59
1868,2022,Texas,TX-03,Sandeep Srivastava,Keith Self,100121.0,164240.0,37.872832982172106,0,0,42.67961491571026,36.15127177994264,150101.69,0.0,100.0,0.0,0,1,1.59
1869,2022,Texas,TX-04,Iro Omere,Pat Fallon,79179.0,170781.0,31.676668266922707,0,1,36.85512138891503,31.99691168610061,42148.85,286138.8,12.838999578570808,87.16100042142921,0,1,1.59
1870,2022,Texas,TX-05,Tartisha Hill,Lance Gooden,71930.0,135595.0,34.66088423081556,0,1,38.64522218600609,35.04464953640573,10795.94,396329.21,2.6517497138165007,97.3482502861835,1,1,1.59
1871,2022,Texas,TX-07,Lizzie Fletcher,Johnny Teague,115994.0,65835.0,63.79290432219283,1,0,65.07162970274037,65.71598481118785,2305494.85,142390.78,94.1831114062302,5.8168885937698,6,1,1.59
1872,2022,Texas,TX-08,Laura Jones,Morgan Luttrell,68715.0,153127.0,30.974747793474634,0,0,36.231780670892846,33.35910479989753,37127.58,4354820.05,0.8453557083967325,99.15464429160326,6,1,1.59
1873,2022,Texas,TX-09,Al Green,Jimmy Leon,125446.0,38161.0,76.6752033837183,1,0,77.00594602475344,79.48894650993303,230122.95,1111.26,99.51942232077164,0.480577679228346,3,1,1.59
1874,2022,Texas,TX-10,Linda Nuno,Michael McCaul,86404.0,159469.0,35.14171950559842,0,1,40.448395316041456,36.0244769048559,0.0,870906.53,0.0,100.0,1,1,1.59
1875,2022,Texas,TX-12,Trey Hunt,Kay Granger,85026.0,152953.0,35.728362586614786,0,1,40.784594956846334,36.46735220684694,41582.13,917172.51,4.337098175608308,95.66290182439168,0,1,1.59
1876,2022,Texas,TX-13,Kathleen Brown,Ronny Jackson,52910.0,161767.0,24.6463291363304,0,1,26.887954972876454,23.136248893551453,146173.25,4228811.42,3.341114564408291,96.65888543559171,1,1,1.59
1877,2022,Texas,TX-14,Mikal Williams,Randy Weber,63606.0,149543.0,29.841097072939583,0,1,35.528605700152724,35.22514421245666,71081.77,602130.91,10.55859048881848,89.44140951118152,6,1,1.59
1878,2022,Texas,TX-15,Michelle Vallejo,Monica de la Cruz,68097.0,80978.0,45.67969143048801,0,0,48.54490237840097,56.86331151386297,1660034.89,3477058.36,32.31467308871607,67.68532691128392,5,1,1.59
1879,2022,Texas,TX-16,Veronica Escobar,Irene Armendariz-Jackson,95510.0,54986.0,63.46348075696364,1,0,67.99081840145375,72.31045510189774,654832.14,375098.96,63.58018900487614,36.41981099512385,5,1,1.59
1880,2022,Texas,TX-17,Mary Jo Woods,Pete Sessions,72801.0,144408.0,33.5165669930804,0,1,38.55906289692807,35.248693291873714,0.0,414154.0,0.0,100.0,1,1,1.59
1881,2022,Texas,TX-18,Sheila Jackson Lee,Carmen Maria Montiel,110511.0,40941.0,72.9676729260756,1,0,74.60649959198781,76.98391887191288,713140.66,122958.5,85.29378979402395,14.706210205976047,3,1,1.59
1882,2022,Texas,TX-20,Joaquin Castro,Kyle Sinclair,115352.0,53226.0,68.42648506922612,1,0,66.81875625092067,66.960129422816,439572.71,266447.37,62.26065269984955,37.73934730015044,5,1,1.59
1883,2022,Texas,TX-21,Claudia Zapata,Chip Roy,122655.0,207426.0,37.15906095776491,0,1,40.00550580301893,35.24918652698633,101694.11,1791443.4,5.37172336731102,94.62827663268898,0,1,1.59
1884,2022,Texas,TX-22,Jamie Jordan,Troy Nehls,85653.0,150014.0,36.34492737634034,0,1,41.87091713583956,37.21348036178912,0.0,702561.02,0.0,100.0,6,1,1.59
1885,2022,Texas,TX-23,John Lira,Tony Gonzales,80947.0,116649.0,40.965910241098,0,1,46.35999352244576,47.90961074244385,603495.59,1773445.45,25.389590227278,74.610409772722,5,1,1.59
1886,2022,Texas,TX-24,Jan Mcdowell,Beth Van Duyne,119878.0,177947.0,40.25115420129271,0,1,43.72888321295085,37.382221873734,134440.11,1417820.95,8.6609213787789,91.33907862122108,0,1,1.59
1887,2022,Texas,TX-27,Maclovio Perez,Michael Cloud,73611.0,133416.0,35.55623179585272,0,1,38.63747609807975,38.737828166397136,4486.11,768225.22,0.5805673898944901,99.4194326101055,5,1,1.59
1888,2022,Texas,TX-28,Henry Cuellar,Cassy Garcia,93803.0,71778.0,56.650823464044784,1,0,53.56675206376317,60.02053399128112,2661218.36,2986197.44,47.12276294584153,52.87723705415846,5,1,1.59
1889,2022,Texas,TX-29,Sylvia Garcia,Robert Schafranek,71837.0,28765.0,71.40712908292082,1,0,68.58595392089309,75.63809264266095,256272.66,0.0,100.0,0.0,5,1,1.59
1890,2022,Texas,TX-30,Jasmine Crockett,James Rodgers,134876.0,39209.0,77.4770945227906,0,0,78.72181568427042,78.9565436181302,691931.47,51138.0,93.11800550761424,6.881994492385752,3,1,1.59
1891,2022,Texas,TX-32,Colin Allred,Antonio Swad,116005.0,61494.0,65.3552977763255,1,0,66.76234147019852,63.71678760570706,2758114.75,54372.5,98.06674679147434,1.9332532085256564,6,1,1.59
1892,2022,Texas,TX-33,Marc Veasey,Patrick Gillespie,82081.0,29203.0,73.75813234606952,1,0,75.30206784700636,76.73050348264262,599042.81,0.0,100.0,0.0,5,1,1.59
1893,2022,Texas,TX-34,Vicente Gonzalez,Mayra Flores,70896.0,59464.0,54.384780607548336,1,1,57.84692761213609,68.81476055420947,1758232.82,3595804.91,32.83938045763454,67.16061954236545,5,1,1.59
1894,2022,Texas,TX-35,Greg Casar,Dan McQueen,129599.0,48969.0,72.57683347520273,0,0,73.04405967921257,72.46167718665464,1356852.79,1515.0,99.888469086859,0.1115309131409837,5,1,1.59
1895,2022,Texas,TX-36,Jon Haire,Brian Babin,64016.0,145599.0,30.539799155594785,0,1,34.00829632781131,32.78546428512743,27070.84,626447.96,4.1423200067083,95.8576799932917,1,1,1.59
1896,2022,Texas,TX-37,Lloyd Doggett,Jenny Garcia Sharon,219358.0,59923.0,78.54383219767904,0,0,76.90646812470916,74.37261315568648,781868.39,7578.0,99.04008681324136,0.9599131867586348,6,1,1.59
1897,2022,Texas,TX-38,Duncan Klussmann,Wesley Hunt,92302.0,163597.0,36.06969937358098,0,0,40.80974622053206,35.96382298317527,269929.95,4565388.43,5.582464871734052,94.41753512826595,6,1,1.59
1898,2022,Utah,UT-01,Rick Jones,Blake Moore,87986.0,178434.0,33.02529840102094,0,1,39.62625311362864,39.51359392249687,0.0,930134.5,0.0,100.0,0,1,1.59
1899,2022,Utah,UT-02,Nick Mitchell,Chris Stewart,88224.0,154883.0,36.290193207106334,0,1,41.09998737098311,39.57413903662631,30368.0,518928.4,5.528527039317935,94.47147296068206,0,1,1.59
1900,2022,Utah,UT-03,Glenn Wright,John Curtis,83687.0,182497.0,31.43953055029604,0,1,39.961335836179295,36.12571978678266,15646.0,644943.0,2.3684923606054595,97.63150763939454,0,1,1.59
1901,2022,Utah,UT-04,Darlene McDonald,Burgess Owens,82181.0,155110.0,34.63300335874517,0,1,36.43999231678143,34.84787249181728,80263.95,2911348.68,2.6829660095398107,97.31703399046016,0,1,1.59
1902,2022,Vermont,VT-00,Becca Balint,Liam Madden,176494.0,78397.0,69.2429312921994,0,0,68.29918655280656,65.188092065636,1602806.88,47659.85,97.11234106488168,2.8876589351183104,2,1,1.59
1903,2022,Virginia,VA-01,Herb Jones,Rob Wittman,147229.0,191828.0,43.42308225460616,0,1,46.86523749584227,42.746316788681845,330333.13,1030059.98,24.282181934896744,75.71781806510326,0,1,1.59
1904,2022,Virginia,VA-02,Elaine Luria,Jen Kiggans,143219.0,153328.0,48.29554842908544,1,0,50.97495638386241,47.06409721544156,8236372.24,2471994.08,76.91530149297321,23.0846985070268,0,1,1.59
1905,2022,Virginia,VA-03,Bobby Scott,Terry Namkung,139659.0,67668.0,67.36170397488026,1,0,69.51132012902836,67.57219073024342,350519.46,118125.37,74.79426584093545,25.20573415906455,3,1,1.59
1906,2022,Virginia,VA-04,Donald McEachin,Leon Benjamin,159044.0,85503.0,65.03616891640462,1,0,68.07006191603111,66.45225658782793,333989.99,362008.49,47.98717232830738,52.01282767169262,3,1,1.59
1907,2022,Virginia,VA-05,Joshua Throneburg,Bob Good,129996.0,177191.0,42.31819705912034,0,1,45.80744283730863,44.04639237662733,785612.79,842791.83,48.24432333040175,51.75567666959824,1,1,1.59
1908,2022,Virginia,VA-06,Jennifer Lewis,Ben Cline,95410.0,173352.0,35.4998102410311,0,1,39.06856592855241,36.40058768888916,142704.15,624068.41,18.61101419696083,81.38898580303918,2,1,1.59
1909,2022,Virginia,VA-07,Abigail Spanberger,Yesli Vega,143357.0,130586.0,52.33095936015887,1,0,53.452974912824736,51.14961572240648,6883637.77,2587481.1,72.68030170969652,27.31969829030348,1,1,1.59
1910,2022,Virginia,VA-08,Don Beyer,Karina Lipsman,197760.0,66589.0,74.810194099467,1,0,78.3841134460258,77.77702674903166,1437243.64,277163.16,83.83329090855216,16.166709091447842,0,1,1.59
1911,2022,Virginia,VA-09,Taysha DeVaughan,Morgan Griffith,66027.0,182207.0,26.598693168542585,0,1,28.81041548897682,28.421628026112067,54211.9,291978.75,15.659550597337043,84.34044940266295,2,1,1.59
1912,2022,Virginia,VA-10,Jennifer Wexton,Hung Cao,157405.0,138163.0,53.25508850755156,1,0,59.164630357226855,54.064911168493815,2634503.3,3101740.72,45.92732266644403,54.07267733355599,0,1,1.59
1913,2022,Virginia,VA-11,Gerry Connolly,James Myles,193190.0,95634.0,66.8884857214082,1,0,70.93220745574054,68.2385602355497,1247021.45,221261.64,84.93058719350913,15.06941280649088,6,1,1.59
1914,2022,Washington,WA-01,Suzan DelBene,Vincent Cavaleri,181992.0,104329.0,63.56222561390887,1,0,65.74051994539028,64.00044054682876,1081640.46,172268.78,86.26146338948743,13.738536610512575,0,1,1.59
1915,2022,Washington,WA-02,Rick Larsen,Dan Matthews,202980.0,134335.0,60.17520715058625,1,0,61.77293123974161,59.75369828509847,612002.65,41866.92,93.59705330835322,6.402946691646775,0,1,1.59
1916,2022,Washington,WA-03,Marie Gluesenkamp Perez,Joe Kent,160314.0,157685.0,50.41336607976754,0,0,47.84404564517702,45.89287261510736,3610839.18,3098250.38,53.82010700122477,46.17989299877522,2,1,1.59
1917,2022,Washington,WA-04,Doug White,Dan Newhouse,70710.0,150619.0,31.947914642907165,0,1,41.30774359462806,38.34590310622523,759397.91,952089.92,44.37062868276429,55.62937131723572,1,1,1.59
1918,2022,Washington,WA-05,Natasha Hill,Cathy McMorris Rodgers,127585.0,188648.0,40.34525176056894,0,1,44.86605038430812,42.34561581365159,347144.01,2386908.0,12.697052167635976,87.30294783236403,2,1,1.59
1919,2022,Washington,WA-06,Derek Kilmer,Elizabeth Kreiselmaier,208710.0,138754.0,60.06665438721709,1,0,58.87414436224958,56.52063096485514,1376218.89,398403.72,77.54994680249227,22.45005319750772,0,1,1.59
1920,2022,Washington,WA-07,Pramila Jayapal,Cliff Moon,295998.0,49207.0,85.74557147202387,1,0,88.50531744628272,88.32341156115287,2417812.07,4571.18,99.81129410467976,0.1887058953202388,0,1,1.59
1921,2022,Washington,WA-08,Kim Schrier,Matt Larkin,179003.0,155976.0,53.43708113045892,1,0,53.45217670016403,51.76201240363994,7701485.5,1166668.21,86.84429422232014,13.155705777679849,0,1,1.59
1922,2022,Washington,WA-09,Adam Smith,Doug Basler,171746.0,67631.0,71.7470767868258,1,0,73.08759526660361,73.35689125978277,643008.87,122728.28,83.97253156647812,16.027468433521868,6,1,1.59
1923,2022,Washington,WA-10,Marilyn Strickland,Keith Swank,152544.0,114777.0,57.0639792608886,1,0,59.13209892698247,57.16637152068292,1167243.37,171005.77,87.22167906642555,12.778320933574443,0,1,1.59
1924,2022,West Virginia,WV-01,Lacy Watson,Carol Miller,65428.0,151511.0,30.15963012644108,0,1,29.225295624498663,27.321543512316417,0.0,524626.67,0.0,100.0,2,1,1.59
1925,2022,West Virginia,WV-02,Barry Lee Wendell,Alex Mooney,84278.0,160493.0,34.4313664608961,0,1,31.15681090717556,28.35946331445346,25375.0,1515689.56,1.6465890306373667,98.35341096936264,2,1,1.59
1926,2022,Wisconsin,WI-01,Ann Roe,Bryan Steil,135825.0,162610.0,45.51242314071741,0,1,48.9819587628866,48.57876560701319,763998.57,2003694.43,27.604165996734466,72.39583400326553,0,1,1.59
1927,2022,Wisconsin,WI-02,Mark Pocan,Erik Olsen,268740.0,101890.0,72.50897121118096,1,0,71.16993365293479,70.11424227557242,595873.39,50230.26,92.2256653402283,7.774334659771695,0,1,1.59
1928,2022,Wisconsin,WI-03,Brad Pfaff,Derrick Van Orden,152977.0,164743.0,48.14836963363968,0,0,47.6200032417663,47.60571012879304,1642874.06,5612154.53,22.64462558099996,77.35537441900006,2,1,1.59
1929,2022,Wisconsin,WI-04,Gwen Moore,Tim Rogers,191955.0,57660.0,76.90042665705185,1,0,76.8665955554505,76.37011574001072,341187.52,0.0,100.0,0.0,3,1,1.59
1930,2022,Wisconsin,WI-05,Mike Van Someren,Scott Fitzgerald,134581.0,243741.0,35.57313611156634,0,1,38.39337138070056,35.59385508623851,80516.51,628580.39,11.35479650242442,88.64520349757558,2,1,1.59
1931,2022,Wisconsin,WI-07,Richard Ausman,Tom Tiffany,128877.0,209224.0,38.11789968086459,0,1,39.86558435471116,39.24024466217364,65995.0,946223.11,6.519839879173866,93.48016012082611,2,1,1.59
1932,2022,Wyoming,WY-00,Lynnette Grey Bull,Harriet Hageman,47250.0,132206.0,26.329573823109843,0,0,27.519565624414906,24.29468037084621,87407.67,5231719.37,1.6432709604920432,98.35672903950795,2,1,1.59
1933,2024,Alabama,AL-01,Tom Holmes,Barry Moore,70929.0,258619.0,21.523116511100053,0,1,22.11789870418677,24.54074510655457,3076.82,649617.39,0.4714029867064395,99.52859701329358,1,0,2.15
1934,2024,Alabama,AL-02,Shomari Figures,Caroleene Dobson,158041.0,131414.0,54.59950596811248,0,0,54.155935459620494,56.25727251570864,1875364.5,1226100.44,60.46705464289401,39.53294535710599,3,0,2.15
1935,2024,Alabama,AL-06,Elizabeth Anderson,Gary Palmer,102504.0,243741.0,29.60447082268336,0,1,30.514343953765792,30.760059270808554,186789.39,1046435.31,15.14641978870517,84.85358021129483,1,0,2.15
1936,2024,Alabama,AL-07,Terri Sewell,Robin Litaker,186723.0,106312.0,63.720374699268,1,0,61.78804679308384,64.5730221492579,972896.99,19175.59,98.06711823443402,1.9328817655659831,3,0,2.15
1937,2024,Alaska,AK-00,Mary Peltola,Nick Begich,156985.0,164861.0,48.776433449537976,1,0,43.153437457625024,44.73815127615069,10800004.13,2309088.23,82.38559797590746,17.614402024092534,1,0,2.15
1938,2024,Arizona,AZ-01,Amish Shah,David Schweikert,208966.0,225538.0,48.09299799311399,0,1,48.43158203593082,50.75224337929525,5303935.32,1753393.57,75.15499706291851,24.84500293708148,0,0,2.15
1939,2024,Arizona,AZ-02,Jonathan Nez,Eli Crane,184963.0,221413.0,45.51523712030238,0,1,42.43987629616154,46.00060594982635,5320391.09,8412660.34,38.74150706504709,61.25849293495291,1,0,2.15
1940,2024,Arizona,AZ-03,Yassamin Ansari,Jeff Zink,143336.0,53705.0,72.7442511964515,0,0,70.15369690513782,75.72896442281267,1976336.45,25347.0,98.7337158630152,1.2662841369847966,5,0,2.15
1941,2024,Arizona,AZ-04,Greg Stanton,Kelly Cooper,176428.0,152052.0,53.71042377009256,1,0,53.38133654003315,55.25283282035512,1959812.31,607197.81,76.34610766552022,23.65389233447977,6,0,2.15
1942,2024,Arizona,AZ-05,Katrina Schaffner,Andy Biggs,167680.0,255628.0,39.61181928997326,0,1,39.90355348397706,41.68118678879793,65924.25,1283197.96,4.886455023225805,95.1135449767742,0,0,2.15
1943,2024,Arizona,AZ-06,Kirsten Engel,Juan Ciscomani,204774.0,215596.0,48.71280062801818,0,1,49.62110684120943,50.03678901731412,6839057.76,3626926.69,65.34557539878631,34.6544246012137,0,0,2.15
1944,2024,Arizona,AZ-07,Raul Grijalva,Daniel Butierez,171954.0,99057.0,63.449085092487024,1,0,61.194051296788565,66.6324716181097,474597.04,31011.47,93.86650553013833,6.133494469861672,5,0,2.15
1945,2024,Arizona,AZ-08,Greg Whitten,Abraham Hamadeh,160344.0,208269.0,43.49927973240227,0,0,41.76002719063571,43.137116619272746,466676.08,1337550.08,25.86571962796505,74.13428037203495,0,0,2.15
1946,2024,Arizona,AZ-09,Quacy Smith,Paul Gosar,132640.0,249583.0,34.70225496634164,0,1,34.3286947719722,36.929563769266025,145521.92,432326.32,25.18341493953499,74.81658506046502,6,0,2.15
1947,2024,Arkansas,AR-01,Rodney Govens,Rick Crawford,64113.0,194711.0,24.770886780205853,0,1,26.91206406728855,28.926379927285268,61360.46,325357.92,15.86696241332,84.13303758667999,2,0,2.15
1948,2024,Arkansas,AR-02,Marcus Jones,French Hill,125777.0,180509.0,41.06521355856944,0,1,42.04279038739701,43.259165129634994,454577.07,1757301.56,20.55162809724329,79.4483719027567,1,0,2.15
1949,2024,Arkansas,AR-03,Caitlin Draper,Steve Womack,95652.0,192101.0,33.2410087818372,0,1,37.20463161528912,37.92970855520422,250700.58,1075585.74,18.902447851531782,81.09755214846821,2,0,2.15
1950,2024,Arkansas,AR-04,Risie Howard,Bruce Westerman,73207.0,197046.0,27.088320943708304,0,1,29.66951017661289,31.878310517988577,5733.21,1095592.31,0.520573608427779,99.47942639157222,1,0,2.15
1951,2024,California,CA-01,Rose Penelope Yee,Doug LaMalfa,110636.0,208592.0,34.65736088313055,0,1,37.16572406912592,40.20587291351983,60194.56,627954.84,8.747309813828219,91.2526901861718,1,0,2.15
1952,2024,California,CA-02,Jared Huffman,Chris Coulombe,272883.0,106734.0,71.8837670599578,1,0,73.37287358515067,75.35677718955168,532702.44,104968.33,83.53878914663126,16.46121085336874,0,0,2.15
1953,2024,California,CA-03,Jessica Morse,Kevin Kiley,188067.0,234246.0,44.53260969944093,0,1,48.028752268570166,49.07635696277622,2815071.91,3014958.68,48.28571422641541,51.7142857735846,0,0,2.15
1954,2024,California,CA-04,Mike Thompson,John Munn,227730.0,114950.0,66.45558538578265,1,0,66.11697146027898,68.73723060699928,894741.21,30889.98,96.6628198861795,3.337180113820495,6,0,2.15
1955,2024,California,CA-05,Michael Barkley,Tom McClintock,140919.0,227643.0,38.23481530922884,0,1,40.91019424021922,43.70898075952208,13690.57,937576.95,1.4391924156098592,98.56080758439016,1,0,2.15
1956,2024,California,CA-06,Ami Bera,Christine Bish,165408.0,121664.0,57.61899453795564,1,0,57.17843292835821,59.46611745046109,458165.56,172729.28,72.62154180877435,27.378458191225658,6,0,2.15
1957,2024,California,CA-07,Doris Matsui,Tom Silva,197429.0,98341.0,66.75085370389154,1,0,65.42240344441389,69.0209688994494,366890.42,1551.5,99.57890242239536,0.4210975776046331,6,0,2.15
1958,2024,California,CA-08,John Garamendi,Rudy Recile,201962.0,71068.0,73.97062593854156,1,0,72.52543638908429,77.57612357764923,551472.99,17223.01,96.97149091957742,3.0285090804225803,6,0,2.15
1959,2024,California,CA-09,Josh Harder,Kevin Lincoln,130183.0,121174.0,51.79207262976563,1,0,49.084047205415445,56.44474044156086,4507023.42,1335500.51,77.14171946917469,22.858280530825315,6,0,2.15
1960,2024,California,CA-10,Mark DeSaulnier,Katherine Piccinini,242325.0,122219.0,66.47345725070225,1,0,67.47835719294225,70.10514286854895,285976.17,38179.38,88.22189532155164,11.778104678448356,6,0,2.15
1961,2024,California,CA-11,Nancy Pelosi,Bruce Lou,274796.0,64315.0,81.03423362851692,1,0,85.31182416922441,88.02865247859484,9554439.66,99069.66,98.97374460710624,1.026255392893742,6,0,2.15
1962,2024,California,CA-13,Adam Gray,John Duarte,105554.0,105367.0,50.04432939346959,0,1,47.21257136418269,55.55230327785243,5255055.1,1761346.96,74.89672135464825,25.103278645351747,5,0,2.15
1963,2024,California,CA-14,Eric Swalwell,Vin Kruttiventi,187263.0,89125.0,67.75366513741552,1,0,68.42528895995879,73.21837359063778,3347503.42,98311.78,97.14692244668258,2.853077553317427,6,0,2.15
1964,2024,California,CA-15,Kevin Mullin,Anna Cheng Kramer,211648.0,77896.0,73.09700770867295,1,0,74.81796013606781,79.22626910737876,328461.47,139467.38,70.19474648763375,29.805253512366253,6,0,2.15
1965,2024,California,CA-17,Ro Khanna,Anita Chen,172462.0,82415.0,67.66479517571221,1,0,69.82472386786816,74.18889373249122,10130965.0,72028.44,99.29404600303262,0.7059539969673841,6,0,2.15
1966,2024,California,CA-18,Zoe Lofgren,Peter Hernandez,147674.0,80832.0,64.6258741564773,1,0,65.22854396084601,72.52332669581072,1462434.43,191568.19,88.41790286886003,11.582097131139976,5,0,2.15
1967,2024,California,CA-19,Jimmy Panetta,Jason Anderson,252458.0,111862.0,69.29567413263065,1,0,67.82132161888404,70.25883987151025,1583704.43,7948.56,99.50060974031784,0.4993902596821685,6,0,2.15
1968,2024,California,CA-21,Jim Costa,Michael Maher,102798.0,92733.0,52.57376068244933,1,0,51.94391986205764,60.36863449159385,691703.0,645589.85,51.72412310437464,48.275876895625366,5,0,2.15
1969,2024,California,CA-22,Rudy Salas,David Valadao,78023.0,89484.0,46.57894893944731,0,1,47.005828417087216,56.6111607240095,4982403.54,1515905.22,76.67231158157527,23.32768841842473,5,0,2.15
1970,2024,California,CA-23,Derek Marshall,Jay Obernolte,105563.0,159286.0,39.85780576857002,0,1,41.34030112228319,44.97460255313888,728478.04,514607.67,58.602398381685205,41.3976016183148,6,0,2.15
1971,2024,California,CA-24,Salud Carbajal,Thomas Cole,214724.0,127755.0,62.69698288070218,1,0,62.92490790426146,64.87700459697511,1257314.73,22951.7,98.20727159111718,1.7927284088828292,6,0,2.15
1972,2024,California,CA-25,Raul Ruiz,Ian Weeks,137837.0,107194.0,56.25288228836352,1,0,51.26624928019211,57.80069442041273,1375473.98,141638.99,90.66391278692976,9.336087213070227,5,0,2.15
1973,2024,California,CA-26,Julia Brownley,Michael Koslow,187393.0,146913.0,56.05433345497838,1,0,56.7724183064864,60.200963241328665,802508.4,62754.66,92.74733166119444,7.252668338805542,6,0,2.15
1974,2024,California,CA-27,George Whitesides,Mike Garcia,154040.0,146050.0,51.33126728648072,0,1,52.00326902270118,56.32009772513607,7546688.54,4113047.38,64.72435217898142,35.27564782101857,6,0,2.15
1975,2024,California,CA-28,Judy Chu,April Verlato,204489.0,110455.0,64.92868573460679,1,0,63.9320813771518,67.43841405772119,1187948.99,282075.4,80.81151565111105,19.18848434888893,6,0,2.15
1976,2024,California,CA-29,Luz Rivas,Benito Bernal,146312.0,63374.0,69.77671375294487,0,0,67.96330808781738,76.23405466334833,561950.5,35033.71,94.13155165360236,5.868448346397639,5,0,2.15
1977,2024,California,CA-30,Laura Friedman,Alex Balekian,213100.0,98559.0,68.3760135276055,0,0,71.25810730681533,73.53458390049158,1519517.95,409961.72,78.75273181810721,21.24726818189279,6,0,2.15
1978,2024,California,CA-31,Gil Cisneros,Daniel Martinez,148095.0,99856.0,59.72752680973257,0,0,58.71386572361516,65.8541370836063,0.0,0.0,0.0,0.0,5,0,2.15
1979,2024,California,CA-32,Brad Sherman,Larry Thompson,212934.0,108711.0,66.20155761787063,1,0,66.1454939001554,70.76500379644777,1116504.37,47634.0,95.9082183675468,4.091781632453193,6,0,2.15
1980,2024,California,CA-33,Pete Aguilar,Tom Herman,137197.0,96078.0,58.81341764012432,1,0,54.49708414798424,62.95424699662904,2439224.2,4100.0,99.83219582567062,0.1678041743293828,5,0,2.15
1981,2024,California,CA-35,Norma Torres,Mike Cargile,136413.0,97142.0,58.40722741966561,1,0,55.29084563214558,64.11944179724149,146200.25,139958.87,51.09054361084141,48.90945638915859,5,0,2.15
1982,2024,California,CA-36,Ted Lieu,Melissa Toomim,246002.0,111985.0,68.71813780947352,1,0,70.21430601204231,72.51903028598173,1618199.66,37707.95,97.72282283309272,2.277177166907277,6,0,2.15
1983,2024,California,CA-38,Linda Sanchez,Eric Ching,165110.0,110818.0,59.83807370038561,1,0,58.298156820743294,65.40646708318522,391955.37,216460.79,64.42224841628138,35.57775158371862,5,0,2.15
1984,2024,California,CA-39,Mark Takano,David Serpa,130191.0,99469.0,56.6885831228773,1,0,55.00093899994323,63.35245892214467,694586.91,51199.02,93.13489059789585,6.865109402104166,5,0,2.15
1985,2024,California,CA-40,Joe Kerr,Young Kim,171637.0,211998.0,44.7396613969007,0,1,48.79976743264135,50.95659650504837,660258.61,6010188.08,9.898266798081554,90.10173320191844,6,0,2.15
1986,2024,California,CA-41,Will Rollins,Ken Calvert,171229.0,183216.0,48.30904653754462,0,1,46.95657587901017,49.45050391194802,9887068.7,4783169.87,67.39541864178422,32.604581358215775,6,0,2.15
1987,2024,California,CA-42,Robert Garcia,John Briscoe,159153.0,74410.0,68.14135800619104,1,0,66.79975943065254,73.4753207803415,914393.8,1975.48,99.78442315307645,0.2155768469235459,5,0,2.15
1988,2024,California,CA-43,Maxine Waters,Steve Williams,160080.0,53152.0,75.07315975088167,1,0,75.29360088773812,82.61261975703059,559708.07,0.0,100.0,0.0,5,0,2.15
1989,2024,California,CA-44,Nanette Barragan,Roger Groh,164765.0,66087.0,71.37256770571622,1,0,67.4590544802602,74.67368494683828,305371.3,0.0,100.0,0.0,5,0,2.15
1990,2024,California,CA-45,Derek Tran,Michelle Steel,158264.0,157611.0,50.103363672338745,0,1,50.79087232629876,53.15223503955102,4767925.07,4716765.14,50.26969742219972,49.73030257780026,6,0,2.15
1991,2024,California,CA-46,Lou Correa,David Pan,134013.0,77279.0,63.425496469341006,1,0,59.145892003250864,65.53966347122898,352717.67,63407.0,84.76249918083444,15.237500819165565,5,0,2.15
1992,2024,California,CA-47,Dave Min,Scott Baugh,181721.0,171554.0,51.43896397990234,0,0,52.159095132850894,55.65972884740545,5757172.33,2980735.49,65.88730905151617,34.112690948483824,6,0,2.15
1993,2024,California,CA-48,Stephen Houlahan,Darrell Issa,146665.0,213625.0,40.70748563657054,0,1,42.153500016543326,43.69751191797819,29975.29,823857.52,3.510674414116272,96.48932558588372,6,0,2.15
1994,2024,California,CA-49,Mike Levin,Matt Gunderson,197397.0,180950.0,52.173533819483175,1,0,53.99388225747902,55.83725596597721,4335338.07,1075464.28,80.12375595275626,19.87624404724375,0,0,2.15
1995,2024,California,CA-50,Scott Peters,Peter Bono,231836.0,128859.0,64.27480281123941,1,0,65.28965363873908,66.9710321839139,425749.22,0.0,100.0,0.0,6,0,2.15
1996,2024,California,CA-51,Sara Jacobs,Bill Wells,198835.0,128749.0,60.69740890886002,1,0,62.119740755510776,63.98368178371168,525045.45,752576.46,41.09552645351863,58.90447354648137,6,0,2.15
1997,2024,California,CA-52,Juan Vargas,Justin Lee,172217.0,87501.0,66.30922770081395,1,0,60.88207900080924,68.82103176463498,212759.51,0.0,100.0,0.0,5,0,2.15
1998,2024,Colorado,CO-01,Diana DeGette,Valdamar Archuleta,264694.0,74598.0,78.0136283790953,1,0,78.80636828213625,81.35921479951479,393149.63,7720.0,98.07418686219756,1.925813137802432,0,0,2.15
1999,2024,Colorado,CO-02,Joe Neguse,Marshall Dawson,284994.0,120633.0,70.26011582069242,1,0,70.4590566285013,70.4544357091777,1396265.73,4965.0,99.64566863303092,0.3543313669690929,0,0,2.15
2000,2024,Colorado,CO-03,Adam Frisch,Jeff Hurd,182147.0,201951.0,47.42201209066436,0,0,45.01167523186557,45.77426634324797,16853163.22,2238644.26,88.27431995454,11.725680045460004,1,0,2.15
2001,2024,Colorado,CO-04,Trisha Calvarese,Lauren Boebert,188249.0,240213.0,43.93598498816698,0,1,40.64331188960368,40.48657274468964,4310100.05,4179776.53,50.767523053909926,49.23247694609007,0,0,2.15
2002,2024,Colorado,CO-05,River Gassen,Jeff Crank,147972.0,197924.0,42.779332516132015,0,0,45.33147832183537,44.75179001596688,167088.43,733287.34,18.55763288698895,81.44236711301104,0,0,2.15
2003,2024,Colorado,CO-06,Jason Crow,John Fabbricatore,202686.0,132174.0,60.5285791076868,1,0,60.18014052218456,62.2182322216038,1821690.15,253953.58,87.76506891189848,12.23493108810152,0,0,2.15
2004,2024,Colorado,CO-07,Brittany Pettersen,Sergei Matveyuk,235688.0,175273.0,57.35045417935035,1,0,57.70744052017142,57.28822125760087,1174245.18,52442.7,95.7248538234518,4.275146176548186,0,0,2.15
2005,2024,Colorado,CO-08,Yadira Caraveo,Gabe Evans,160871.0,163320.0,49.62229056327905,1,0,49.05997595113844,52.34709463998964,5862630.66,1476152.99,79.88559057739766,20.11440942260234,6,0,2.15
2006,2024,Connecticut,CT-01,John Larson,Jim Griffin,197788.0,115065.0,63.22074584549293,1,0,61.63439613640867,64.25185214431356,481191.76,6731.0,98.62047837243747,1.3795216275625264,0,0,2.15
2007,2024,Connecticut,CT-02,Joe Courtney,Mike France,218162.0,157878.0,58.01563663440059,1,0,53.92823670473169,55.83953025104035,603139.51,691728.52,46.57922630154055,53.42077369845944,2,0,2.15
2008,2024,Connecticut,CT-03,Rosa DeLauro,Michael Massey,193684.0,130095.0,59.81981536788983,1,0,57.16605874219234,59.98435107628569,799118.29,3129.27,99.60993711218018,0.3900628878198146,0,0,2.15
2009,2024,Connecticut,CT-04,Jim Himes,Michael Goldstein,200791.0,122793.0,62.05220282832279,1,0,61.86470697719098,65.71136860777833,916288.24,76510.98,92.29340853027664,7.706591469723355,0,0,2.15
2010,2024,Connecticut,CT-05,Jahana Hayes,George Logan,171337.0,157258.0,52.14230283479664,1,0,52.83761538009289,55.45547024624775,2968059.94,2113366.92,58.40997069866317,41.590029301336834,0,0,2.15
2011,2024,Delaware,DE-00,Sarah McBride,John Whalen,287830.0,209606.0,57.86272002830515,0,0,57.47923564149817,59.62674416498447,3581615.37,0.0,100.0,0.0,0,0,2.15
2012,2024,Florida,FL-01,Gay Valimont,Matt Gaetz,140980.0,274108.0,33.963882357476,0,1,31.205663560719355,33.56166860763706,1552229.75,6679334.38,18.857044973298407,81.14295502670159,0,0,2.15
2013,2024,Florida,FL-02,Yen Bailey,Neal Dunn,154323.0,247957.0,38.36208610917769,0,1,40.91191128095023,44.44463584372632,35960.07,585856.71,5.783065230243547,94.21693476975646,1,0,2.15
2014,2024,Florida,FL-03,Tom Wells,Kat Cammack,150283.0,241174.0,38.39067892514375,0,1,39.341728027078574,42.88110434529828,4785.54,1357706.84,0.3512342579119598,99.64876574208805,1,0,2.15
2015,2024,Florida,FL-04,LaShonda Holloway,Aaron Bean,165912.0,222364.0,42.73042887018513,0,1,44.01873960394529,46.61332496336028,21117.51,720159.2,2.8488025746822667,97.15119742531772,1,0,2.15
2016,2024,Florida,FL-05,Jay McGovern,John Rutherford,156570.0,267471.0,36.92331637742577,0,1,39.16080349587936,42.00165724474751,17624.34,241077.12,6.812617137916423,93.18738286208358,0,0,2.15
2017,2024,Florida,FL-06,James Stockton,Michael Waltz,143050.0,284414.0,33.46480639305298,0,1,34.84590642607843,38.056917526796816,25430.56,1814698.43,1.3819987695536498,98.61800123044635,1,0,2.15
2018,2024,Florida,FL-07,Jennifer Adams,Cory Mills,179917.0,233937.0,43.473543810135936,0,1,43.691280415708,47.19745475866225,123814.49,1069151.55,10.378710361277342,89.62128963872266,0,0,2.15
2019,2024,Florida,FL-08,Sandy Kennedy,Mike Haridopolos,170096.0,280352.0,37.76151742265478,0,0,38.72487533270108,41.08119760584417,17234.1,1314574.34,1.2940374518125142,98.70596254818749,0,0,2.15
2020,2024,Florida,FL-09,Darren Soto,Thomas Chalifoux,178785.0,138076.0,56.42379466075029,1,0,51.77750914256308,58.801341653481245,739349.51,109556.78,87.09436114556296,12.905638854437044,5,0,2.15
2021,2024,Florida,FL-10,Maxwell Frost,Willie Montague,181455.0,109460.0,62.373889280374,1,0,61.50796852935243,66.0761923155849,3680264.0,20494.82,99.44619952294,0.5538004770599992,6,0,2.15
2022,2024,Florida,FL-11,Barbie Hall,Daniel Webster,176726.0,269277.0,39.62439714531068,0,1,41.79602136258278,44.51635022344123,59028.53,525341.24,10.101229226830128,89.89877077316987,0,0,2.15
2023,2024,Florida,FL-12,Rock Aboujaoude,Gus Bilirakis,124949.0,306487.0,28.961190072223925,0,1,32.57299726615629,35.495184834883354,56949.32,596927.76,8.70948405165081,91.2905159483492,0,0,2.15
2024,2024,Florida,FL-13,Whitney Fox,Anna Paulina Luna,185930.0,225636.0,45.17622932895332,0,1,44.01370887939565,46.58922370337179,2185319.64,2764748.05,44.14726781241249,55.85273218758752,0,0,2.15
2025,2024,Florida,FL-14,Kathy Castor,Robert Rochford,199423.0,145643.0,57.79271211884104,1,0,53.879322540304095,59.68829816571692,509773.16,39396.58,92.82615608063185,7.1738439193681725,6,0,2.15
2026,2024,Florida,FL-15,Pat Kemp,Laurel Lee,152361.0,195334.0,43.82030227642043,0,1,44.32339776079454,48.40425970683582,428772.03,571220.63,42.87751772098007,57.12248227901993,6,0,2.15
2027,2024,Florida,FL-16,Jan Schneider,Vern Buchanan,168625.0,247516.0,40.5211214468173,0,1,42.19829931407093,45.50558330267845,19782.57,526408.42,3.62191437833861,96.3780856216614,0,0,2.15
2028,2024,Florida,FL-17,Manny Lopez,Greg Steube,164566.0,291347.0,36.09592180964351,0,1,37.94476028740512,41.9615191732488,44298.57,681863.83,6.1003668050011965,93.8996331949988,0,0,2.15
2029,2024,Florida,FL-18,Andrea Doria Kale,Scott Franklin,119637.0,225170.0,34.69680139904352,0,1,35.185489166119496,38.48854349663502,15200.14,376418.98,3.881357988854068,96.11864201114592,1,0,2.15
2030,2024,Florida,FL-19,Kari Lerner,Byron Donalds,140038.0,275708.0,33.68354716581759,0,1,35.32212950993066,39.41519489242626,179823.63,4812440.63,3.602045497487347,96.39795450251265,0,0,2.15
2031,2024,Florida,FL-21,Thomas Witkop,Brian Mast,171312.0,277435.0,38.175631257702,0,1,41.6593222847323,45.25138775862774,235547.71,3070108.2,7.12559674730332,92.87440325269668,0,0,2.15
2032,2024,Florida,FL-22,Lois Frankel,Dan Franzese,201608.0,165248.0,54.95562291471313,1,0,52.80888033475495,58.86183690134572,1261439.45,392695.79,76.25975310217076,23.740246897829223,6,0,2.15
2033,2024,Florida,FL-23,Jared Moskowitz,Joe Kaufman,196311.0,178006.0,52.44512004530919,1,0,50.9612329616184,56.64993909866018,1576746.02,166713.53,90.43777471063208,9.562225289367912,6,0,2.15
2034,2024,Florida,FL-24,Frederica Wilson,Jesus Navarro,194874.0,90692.0,68.24131724364946,1,0,65.15782798147933,74.66106566976222,155799.83,12712.76,92.4558989924729,7.544101007527093,3,0,2.15
2035,2024,Florida,FL-25,Debbie Wasserman Schultz,Chris Eddy,186942.0,156208.0,54.478216523386266,1,0,52.69241782155538,60.01810177277044,2065806.1,259828.85,88.82761673322806,11.17238326677194,6,0,2.15
2036,2024,Florida,FL-26,Joey Atkins,Mario Diaz-Balart,89072.0,217199.0,29.082740448818207,0,1,32.40260030524212,40.79229638587542,36675.0,1260616.07,2.827044820404105,97.1729551795959,5,0,2.15
2037,2024,Florida,FL-27,Lucia Baez-Geller,Maria Elvira Salazar,130708.0,199159.0,39.6244547044718,0,1,42.61182525412458,49.8404585836081,592775.51,910896.0,39.421875460019855,60.57812453998015,5,0,2.15
2038,2024,Florida,FL-28,Phil Ehr,Carlos Gimenez,115280.0,210057.0,35.43402687059879,0,1,37.21379666865033,46.808335755152605,1102082.44,345944.23,76.10926392674799,23.89073607325201,5,0,2.15
2039,2024,Georgia,GA-01,Patti Hewitt,Buddy Carter,135281.0,220576.0,38.01555119050629,0,1,42.05359365061807,43.20273979984373,58290.26,719028.02,7.498892216969348,92.50110778303066,1,0,2.15
2040,2024,Georgia,GA-02,Sanford Bishop,Wayne Johnson,176028.0,136473.0,56.32877974790481,1,0,53.82525368908526,55.22155924785629,694444.19,53238.08,92.8795850675983,7.120414932401702,3,0,2.15
2041,2024,Georgia,GA-03,Maura Keller,Brian Jack,138749.0,273036.0,33.694525055550834,0,0,35.0618387721651,34.777699290727995,121683.33,1228335.96,9.013451207797187,90.9865487922028,1,0,2.15
2042,2024,Georgia,GA-04,Hank Johnson,Eugene Yu,229290.0,74071.0,75.58321603633954,1,0,76.51926127572904,79.18512832110697,133881.96,62085.15,68.3185867261093,31.68141327389071,3,0,2.15
2043,2024,Georgia,GA-05,Nikema Williams,John Salvesen,294470.0,49221.0,85.67870558146707,1,0,86.16536645334743,86.80600457857854,361641.41,0.0,100.0,0.0,3,0,2.15
2044,2024,Georgia,GA-06,Lucy McBath,Jeff Criswell,277027.0,93909.0,74.68323376539348,1,0,75.17257648992152,75.02125587116053,1763263.15,11816.47,99.334313240552,0.6656867594480073,3,0,2.15
2045,2024,Georgia,GA-07,Bob Christian,Rich McCormick,149535.0,275907.0,35.148151804476285,0,1,38.84854432450114,40.12860549342007,37360.19,1020787.94,3.5307145512793188,96.46928544872068,0,0,2.15
2046,2024,Georgia,GA-08,Darrius Butler,Austin Scott,104434.0,231547.0,31.0833053059548,0,1,34.639096260347614,36.04639074386634,16292.11,526832.06,2.9997026278539582,97.00029737214604,1,0,2.15
2047,2024,Georgia,GA-09,Tambrei Cash,Andrew Clyde,121754.0,271062.0,30.99517331269602,0,1,32.83238851760169,33.64608286753615,61472.16,389686.1,13.625409407333027,86.37459059266696,1,0,2.15
2048,2024,Georgia,GA-10,Lexy Doherty,Mike Collins,150274.0,256442.0,36.9481407173556,0,1,39.54306994268346,39.24628179118916,225180.79,1233349.27,15.438885777918076,84.56111422208193,1,0,2.15
2049,2024,Georgia,GA-11,Kate Stamper,Barry Loudermilk,131064.0,269849.0,32.69138192076585,0,1,38.21813873340816,38.84620899101941,2667.99,225983.42,1.1668373267411734,98.83316267325884,0,0,2.15
2050,2024,Georgia,GA-12,Liz Johnson,Rick Allen,135417.0,205849.0,39.68077687200014,0,1,42.88448256014735,44.86522266978144,31475.07,626892.66,4.780773504801033,95.21922649519897,1,0,2.15
2051,2024,Georgia,GA-13,David Scott,Jonathan Chavez,256902.0,100730.0,71.83417591267,1,0,71.36222695746868,70.50294273497249,77358.17,0.0,100.0,0.0,3,0,2.15
2052,2024,Georgia,GA-14,Shawn Harris,Marjorie Taylor Greene,134759.0,243446.0,35.63120529871366,0,1,31.491820712520724,30.976486561106192,3496842.07,8830041.34,28.367608856941395,71.6323911430586,1,0,2.15
2053,2024,Hawaii,HI-01,Ed Case,Patrick Largey,164237.0,64373.0,71.84156423603517,1,0,62.58316737344452,64.96491036689575,152921.51,0.0,100.0,0.0,4,0,2.15
2054,2024,Hawaii,HI-02,Jill Tokuda,Steve Bond,166251.0,75471.0,68.77776950381016,1,0,61.03147600012206,65.09736652036224,663275.85,0.0,100.0,0.0,4,0,2.15
2055,2024,Idaho,ID-01,Kaylee Peterson,Russ Fulcher,118656.0,331049.0,26.385297028051724,0,1,26.90110936573359,30.367648918388884,174053.96,275899.51,38.68265756456996,61.31734243543006,2,0,2.15
2056,2024,Idaho,ID-02,David Roth,Mike Simpson,126229.0,250119.0,33.54049975023117,0,1,36.21943094768028,38.144007563019,102146.67,625948.79,14.029296378252376,85.97070362174762,2,0,2.15
2057,2024,Illinois,IL-01,Jonathan Jackson,Marcus Lewis,208398.0,108064.0,65.85245621907212,1,0,66.22860588444472,71.48115135142548,303724.26,0.0,100.0,0.0,3,0,2.15
2058,2024,Illinois,IL-02,Robin Kelly,Ashley Ramos,195777.0,94004.0,67.56033004234231,1,0,66.78854108155032,70.29618942544343,666154.78,0.0,100.0,0.0,3,0,2.15
2059,2024,Illinois,IL-03,Delia Ramirez,John Booras,174825.0,84987.0,67.2890397672163,1,0,65.91690264435512,71.13201527330362,682287.73,9090.41,98.6851753802919,1.3148246197081093,6,0,2.15
2060,2024,Illinois,IL-04,Chuy Garcia,Lupe Castillo,139343.0,56323.0,71.21472304846013,1,0,64.37613801784316,73.64598037238692,375792.56,0.0,100.0,0.0,5,0,2.15
2061,2024,Illinois,IL-05,Mike Quigley,Tom Hanson,251025.0,112931.0,68.97124927189002,1,0,68.78307164722854,70.16232477170693,363190.52,2600.0,99.28921066625784,0.7107893337421648,0,0,2.15
2062,2024,Illinois,IL-06,Sean Casten,Niki Conforti,196647.0,166116.0,54.20811935065043,1,0,52.78773115624541,55.54263476343399,1976036.77,137673.74,93.48663218786758,6.5133678121324206,0,0,2.15
2063,2024,Illinois,IL-07,Danny Davis,Chad Koppie,222408.0,44598.0,83.29700456169525,1,0,83.07799010750333,86.99846191823481,365516.01,0.0,100.0,0.0,3,0,2.15
2064,2024,Illinois,IL-08,Raja Krishnamoorthi,Mark Rice,172920.0,130153.0,57.05556087147321,1,0,53.50016285948352,57.85058345320005,8497640.82,128614.08,98.5090391891851,1.4909608108148995,6,0,2.15
2065,2024,Illinois,IL-09,Jan Schakowsky,Seth Cohen,231722.0,107106.0,68.38927125267097,1,0,68.49307867531103,71.12729979793683,1049033.26,12008.78,98.86820884118784,1.1317911588121428,0,0,2.15
2066,2024,Illinois,IL-10,Brad Schneider,Jim Carris,196358.0,131025.0,59.97806850080792,1,0,61.17267831163359,63.180636115754375,2242846.93,659770.29,77.26981410246026,22.730185897539737,0,0,2.15
2067,2024,Illinois,IL-11,Bill Foster,Jerry Evans,199825.0,159630.0,55.59110319789682,1,0,55.80327703243078,57.812848194556686,2047764.33,562494.4,78.45062661661896,21.54937338338104,0,0,2.15
2068,2024,Illinois,IL-12,Brian Roberts,Mike Bost,94875.0,272754.0,25.807267652987115,0,1,27.95937045450831,28.21557802562154,0.0,1438593.17,0.0,100.0,2,0,2.15
2069,2024,Illinois,IL-13,Nikki Budzinski,Joshua Loyd,191339.0,137917.0,58.11253249750954,1,0,55.32498030283056,55.741366767940434,2577542.24,71948.0,97.284458764415,2.7155412355850004,0,0,2.15
2070,2024,Illinois,IL-14,Lauren Underwood,Jim Marter,183446.0,149464.0,55.10378180288967,1,0,52.63159487205865,55.848955105191145,3321444.51,302665.26,91.6485625654766,8.351437434523405,0,0,2.15
2071,2024,Illinois,IL-17,Eric Sorensen,Joe McGraw,170261.0,142567.0,54.42639405679799,1,0,52.41406159508887,53.98942576728041,3415548.03,944499.02,78.33741220751276,21.66258779248724,0,0,2.15
2072,2024,Indiana,IN-01,Frank Mrvan,Randy Niemeyer,172467.0,145056.0,54.316380230723446,1,0,50.20111506266404,54.24647072160765,1936701.11,521644.97,78.78065361732959,21.219346382670416,0,0,2.15
2073,2024,Indiana,IN-02,Lori Camp,Rudy Yakym,101962.0,184848.0,35.55036435270737,0,1,36.53986981285598,38.50321440840163,126229.6,2241307.75,5.331683574073288,94.66831642592672,2,0,2.15
2074,2024,Indiana,IN-03,Kiley Adolph,Marlin Stutzman,97871.0,202653.0,32.56678335174561,0,0,34.13552600738634,34.723518069291536,47777.01,0.0,100.0,0.0,2,0,2.15
2075,2024,Indiana,IN-04,Derrick Holder,Jim Baird,100091.0,209794.0,32.29940139083854,0,1,35.06067073170732,35.09213325984009,2587.06,128381.78,1.975324817720001,98.02467518228,2,0,2.15
2076,2024,Indiana,IN-05,Deborah Pickett,Victoria Spartz,136554.0,203293.0,40.18102263665708,0,1,41.43628107272501,41.867597321969306,33605.88,999237.28,3.2537253768519894,96.746274623148,0,0,2.15
2077,2024,Indiana,IN-06,Cindy Wirth,Jefferson Shreve,99841.0,201357.0,33.147962469870315,0,0,33.45023975193333,33.69007508515605,22832.79,128724.61,15.065440552556325,84.93455944744368,2,0,2.15
2078,2024,Indiana,IN-07,Andre Carson,John Schmitz,185987.0,78792.0,70.24235305670011,1,0,71.08053389322136,71.56893309331537,347742.97,23378.11,93.70067849554653,6.29932150445348,6,0,2.15
2079,2024,Indiana,IN-08,Erik Hurt,Mark Messmer,95311.0,219941.0,30.23327369850152,0,0,31.75424908593021,33.27577372260612,16703.23,1008722.09,1.6289075054241882,98.37109249457582,2,0,2.15
2080,2024,Indiana,IN-09,Tim Peck,Erin Houchin,113400.0,222884.0,33.72149730584863,0,1,34.8070827412832,36.07092020191049,287751.53,362734.05,44.23641950679368,55.76358049320631,2,0,2.15
2081,2024,Iowa,IA-01,Christina Bohannan,Mariannette Miller-Meeks,206156.0,206955.0,49.90329475613092,0,1,45.70464790996399,48.527706600627,5963508.86,2234639.1,72.7421472398017,27.257852760198293,2,0,2.15
2082,2024,Iowa,IA-02,Sarah Corkery,Ashley Hinson,169740.0,233340.0,42.11074724620423,0,1,44.93620125713237,47.75988231921383,477091.38,3253294.79,12.789329529387569,87.21067047061243,2,0,2.15
2083,2024,Iowa,IA-03,Lanon Baccam,Zach Nunn,197962.0,213746.0,48.08310744508243,0,1,47.767874284836616,49.82405715476669,4359107.59,2778090.39,61.07589564161143,38.92410435838856,0,0,2.15
2084,2024,Iowa,IA-04,Ryan Melton,Randy Feenstra,122175.0,250522.0,32.78132101948768,0,1,34.04921931547927,36.76123375371496,136824.14,2091313.01,6.140741381202679,93.85925861879733,2,0,2.15
2085,2024,Kansas,KS-01,Paul Buskirk,Tracey Mann,93965.0,210493.0,30.86304186455932,0,1,34.07570922043972,34.85696968931708,47681.81,431712.29,9.94626550472774,90.05373449527227,2,0,2.15
2086,2024,Kansas,KS-02,Nancy Boyda,Derek Schmidt,115685.0,172847.0,40.09433962264151,0,0,39.9723228296927,41.66449256457084,120511.25,817106.57,12.852918047142063,87.14708195285793,1,0,2.15
2087,2024,Kansas,KS-03,Sharice Davids,Prasanth Reddy,209871.0,167570.0,55.60365726034002,1,0,52.08701441704437,52.27404462161118,4289568.53,985590.01,81.31639072974667,18.683609270253328,0,0,2.15
2088,2024,Kansas,KS-04,Esau Freeman,Ron Estes,106632.0,198465.0,34.95019616712062,0,1,38.15011723827128,38.869277996999536,47782.04,406237.33,10.524229395763443,89.47577060423656,0,0,2.15
2089,2024,Kentucky,KY-01,Erin Marshall,James Comer,85524.0,252729.0,25.28403295757909,0,1,26.044976164228903,28.306786703601105,237977.68,6674292.65,3.4428294704729816,96.55717052952704,2,0,2.15
2090,2024,Kentucky,KY-02,Hank Linderman,Brett Guthrie,93029.0,252826.0,26.898266614621736,0,1,29.03399081641493,31.31370851370852,36067.58,993769.91,3.502259371039212,96.4977406289608,2,0,2.15
2091,2024,Kentucky,KY-03,Morgan McGarvey,Mike Craven,203100.0,124713.0,61.95605421383533,1,0,59.63449705827405,61.38749798094008,1241661.21,0.0,100.0,0.0,0,0,2.15
2092,2024,Kentucky,KY-06,Randy Cravens,Andy Barr,130345.0,222293.0,36.96283440808988,0,1,42.34329504550978,44.39337925454811,30687.2,2446173.83,1.2389552594317332,98.76104474056828,2,0,2.15
2093,2024,Louisiana,LA-01,Mel Manuel,Steve Scalise,85911.0,265028.0,24.480322791140345,0,1,30.678510543828008,30.5595337654192,74059.16,2538505.69,2.8347300163668665,97.16526998363312,0,0,2.15
2094,2024,Louisiana,LA-02,Troy Carter,R,216491.0,88693.0,70.93786043829297,0,0,66.00305644878857,68.26223470534757,1213460.69,31909.29,97.4377662451764,2.562233754823607,3,0,2.15
2095,2024,Louisiana,LA-03,D,Clay Higgins,81157.0,239525.0,25.30762562289121,0,1,27.306629334170097,28.4961773525305,9707.25,371419.28,2.5469887913601816,97.45301120863982,1,0,2.15
2096,2024,Louisiana,LA-05,D,Julia Letlow,82981.0,236870.0,25.943642508543043,0,1,31.59032202252853,32.85706931757735,0.0,999148.28,0.0,100.0,1,0,2.15
2097,2024,Louisiana,LA-06,Cleo Fields,Elbert Guillory,184296.0,111737.0,62.25522154624653,0,0,57.61070156383601,60.02146928172798,1123427.94,174674.67,86.54384725410883,13.456152745891176,3,0,2.15
2098,2024,Maine,ME-01,Chellie Pingree,Ronald Russell,249798.0,154849.0,61.73232471759336,1,0,61.04150897124815,61.73262221456549,324930.03,122597.69,72.6055650809742,27.394434919025795,2,0,2.15
2099,2024,Maine,ME-02,Jared Golden,Austin Theriault,197151.0,194445.0,50.3455091471823,1,0,45.3826446790159,46.85965919766694,6258176.78,2273223.17,73.35462897856524,26.64537102143477,2,0,2.15
2100,2024,Maryland,MD-01,Blane Miller,Andy Harris,154985.0,246356.0,38.61678722084213,0,1,41.34742149521223,42.58300637994222,0.0,823912.58,0.0,100.0,1,0,2.15
2101,2024,Maryland,MD-02,Johnny Olszewski,Kimberly Klacik,223797.0,152079.0,59.54011429301153,0,0,59.46910901300135,60.62544513462959,3045.7,161707.95,1.8486388617186928,98.1513611382813,0,0,2.15
2102,2024,Maryland,MD-03,Sarah Elfreth,Robert Steinberger,236681.0,151186.0,61.02117478413992,0,0,62.24513721557887,63.02568939633375,1967896.39,31642.69,98.41750079723374,1.5824992027662694,0,0,2.15
2103,2024,Maryland,MD-04,Glenn Ivey,George McDermott,239596.0,30454.0,88.72282910572117,0,0,87.83259009148621,91.18743200956231,0.0,0.0,0.0,0.0,3,0,2.15
2104,2024,Maryland,MD-05,Steny Hoyer,Michelle Talkington,283619.0,133985.0,67.91577666880585,1,0,67.02508362001917,68.55451208559491,466145.6,10498.32,97.79745013845977,2.202549861540246,3,0,2.15
2105,2024,Maryland,MD-06,April McClain Delaney,Neil Parrott,199788.0,175974.0,53.16876107749054,0,0,52.96294923457366,55.014373062656674,1661758.77,801562.12,67.46010139182475,32.539898608175235,0,0,2.15
2106,2024,Maryland,MD-07,Kweisi Mfume,Scott Collier,232849.0,49799.0,82.38126574396422,1,0,80.24865867705972,82.25060278752476,180408.93,0.0,100.0,0.0,3,0,2.15
2107,2024,Maryland,MD-08,Jamie Raskin,Cheryl Riley,292101.0,77821.0,78.96286244127141,1,0,79.0278307586836,81.79720395364515,3946956.34,5368.52,99.86416804817,0.135831951829992,6,0,2.15
2108,2024,Massachusetts,MA-08,Stephen Lynch,Robert Burke,265432.0,110638.0,70.58047703884915,1,0,63.4930978083088,68.03287730333552,277606.06,1147.1,99.58848896995464,0.4115110300453634,0,0,2.15
2109,2024,Massachusetts,MA-09,Bill Keating,Dan Sullivan,251931.0,193822.0,56.51807166749299,1,0,55.47101594112134,59.25629232059849,332908.89,0.0,100.0,0.0,0,0,2.15
2110,2024,Michigan,MI-01,Callie Barr,Jack Bergman,180937.0,282264.0,39.0623077238607,0,1,39.24013878705462,39.955846515324886,969169.32,645798.34,60.01168593060248,39.988314069397525,2,0,2.15
2111,2024,Michigan,MI-02,Michael Lynch,John Moolenaar,135824.0,279167.0,32.72938449267574,0,1,34.72989190158493,35.643953249163495,13299.07,1147704.43,1.1454806122462164,98.85451938775378,2,0,2.15
2112,2024,Michigan,MI-03,Hillary Scholten,Paul Hudson,225510.0,183952.0,55.07470778729162,1,0,53.986192716550896,54.329389259758464,3741953.07,607659.44,86.02957301132096,13.970426988679044,0,0,2.15
2113,2024,Michigan,MI-04,Jessica Swartz,Bill Huizenga,184641.0,234489.0,44.05339632095054,0,1,47.18931105612491,47.99207516878085,1104226.96,1270050.63,46.50791317118063,53.492086828819374,2,0,2.15
2114,2024,Michigan,MI-05,Libbi Urban,Tim Walberg,134282.0,269215.0,33.27955350349569,0,1,36.29541370794938,37.705304439841726,101370.99,766725.43,11.677388325135588,88.32261167486442,2,0,2.15
2115,2024,Michigan,MI-06,Debbie Dingell,Heather Smiley,281162.0,158658.0,63.92660633895685,1,0,61.96138377747003,63.51361849567285,475303.26,1435.6,99.69887078221396,0.3011292177860223,0,0,2.15
2116,2024,Michigan,MI-07,Curtis Hertel,Tom Barrett,209959.0,226722.0,48.08063552112412,0,0,49.34807144205982,50.266143845938906,6011245.96,3479823.74,63.33581092550612,36.6641890744939,2,0,2.15
2117,2024,Michigan,MI-08,Kristen McDonald Rivet,Paul Junge,217490.0,189317.0,53.46269852780311,0,0,48.995427916603326,51.02989498785227,4942450.14,703023.06,87.54713670414732,12.452863295852689,1,0,2.15
2118,2024,Michigan,MI-09,Clinton St. Mosley,Lisa McClain,138138.0,312593.0,30.647548094096035,0,1,33.61227045943483,35.058343248228965,99354.86,965057.12,9.334248567927618,90.66575143207238,2,0,2.15
2119,2024,Michigan,MI-10,Carl Marlinga,John James,191363.0,217437.0,46.81090998043052,0,1,46.65758439722288,49.50394439650498,2370780.39,4647146.12,33.78177851566018,66.21822148433982,0,0,2.15
2120,2024,Michigan,MI-11,Haley Stevens,Nick Somberg,260780.0,177432.0,59.51000885416191,1,0,58.2116472545757,60.05011575292013,1469802.92,11081.82,99.25167572460772,0.7483242753922902,0,0,2.15
2121,2024,Michigan,MI-12,Rashida Tlaib,James Hooper,253354.0,92490.0,73.25672846717018,1,0,69.94859550561797,74.55095915437818,8097297.14,13321.35,99.83575420275996,0.1642457972400573,3,0,2.15
2122,2024,Michigan,MI-13,Shri Thanedar,Martell Bivings,220788.0,78917.0,73.6684406332894,1,0,70.99839137482195,75.07248874047843,1071523.16,62983.76,94.44835823478272,5.551641765217264,3,0,2.15
2123,2024,Minnesota,MN-01,Rachel Bohman,Brad Finstad,156375.0,220929.0,41.44535970994212,0,1,43.88314347209828,45.29727114735909,313875.02,911084.11,25.623305489383963,74.37669451061605,2,0,2.15
2124,2024,Minnesota,MN-02,Angie Craig,Joe Teirab,231751.0,175621.0,56.889280559292246,1,0,52.97536839324102,53.66469008455109,5738584.27,2347642.15,70.96739532059752,29.032604679402485,0,0,2.15
2125,2024,Minnesota,MN-03,Kelly Morrison,Tad Jude,240209.0,170427.0,58.49681956769499,0,0,60.86007522213736,60.69868175468663,1926943.45,325199.48,85.56044220514904,14.439557794850971,0,0,2.15
2126,2024,Minnesota,MN-04,Betty McCollum,May Lor Xiong,242802.0,117618.0,67.36640585983021,1,0,68.23349069401486,69.19851089174122,1076598.19,76334.64,93.37909043669092,6.62090956330908,0,0,2.15
2127,2024,Minnesota,MN-05,Ilhan Omar,Dalia Al-Aqidi,261066.0,86213.0,75.1747154305328,1,0,81.77149224595122,82.20655682011211,7949065.52,2215178.56,78.20616523408005,21.793834765919947,0,0,2.15
2128,2024,Minnesota,MN-06,Jeanne Hendricks,Tom Emmer,155836.0,260095.0,37.466791366837285,0,1,39.96695554881286,40.98049583183029,49274.78,2088654.11,2.3047904086276696,97.69520959137232,2,0,2.15
2129,2024,Minnesota,MN-07,AJ Peters,Michelle Fischbach,114979.0,275098.0,29.47597525616737,0,1,31.451128814007674,33.08394907310897,0.0,848441.43,0.0,100.0,2,0,2.15
2130,2024,Minnesota,MN-08,Jennifer Schultz,Pete Stauber,176724.0,244498.0,41.9550735716558,0,1,42.73430579342113,44.23179018256483,1169068.11,1250576.51,48.31569480645468,51.68430519354532,2,0,2.15
2131,2024,Mississippi,MS-01,Dianne Black,Trent Kelly,96697.0,223589.0,30.19082944618248,0,1,31.23371810468575,33.9191548113592,9759.9,584616.67,1.6420398267044742,98.35796017329552,1,0,2.15
2132,2024,Mississippi,MS-02,Bennie Thompson,Ron Eller,177885.0,108956.0,62.0151930860651,1,0,60.28669486114981,63.20009715664992,435270.81,32565.12,93.0392007300508,6.960799269949189,3,0,2.15
2133,2024,Mississippi,MS-04,Craig Raybon,Mike Ezell,75771.0,215095.0,26.050139926976684,0,1,28.504000935730456,30.719495128908985,0.0,644867.78,0.0,100.0,1,0,2.15
2134,2024,Missouri,MO-01,Wesley Bell,Andrew Jones,233312.0,56453.0,80.51766086311322,0,0,79.09384086361311,79.66338969270497,5136025.24,16030.83,99.68884597174036,0.3111540282596342,3,0,2.15
2135,2024,Missouri,MO-02,Ray Hartmann,Ann Wagner,182056.0,233444.0,43.81612515042118,0,1,45.98171087436828,46.05923997145955,670224.91,2589627.27,20.559978581605503,79.4400214183945,0,0,2.15
2136,2024,Missouri,MO-03,Bethany Mann,Bob Onder,138532.0,240620.0,36.537325399839645,0,0,36.450599336649255,36.58889584595013,32792.66,654649.56,4.770242363059982,95.22975763694002,2,0,2.15
2137,2024,Missouri,MO-04,Jeanette Cass,Mark Alford,96568.0,259886.0,27.091293687263995,0,1,28.5943227759627,29.93178754748321,5843.6,602673.46,0.960301753906456,99.03969824609356,2,0,2.15
2138,2024,Missouri,MO-05,Emanuel Cleaver,Sean Smith,199900.0,120957.0,62.30189773014146,1,0,61.75468612100931,63.41881535940579,462883.3,56720.57,89.08388230441778,10.916117695582212,0,0,2.15
2139,2024,Missouri,MO-06,Pam May,Sam Graves,100999.0,265210.0,27.57960618116977,0,1,30.3405376409438,31.121944650191907,11805.56,865694.71,1.3453625490052554,98.65463745099474,2,0,2.15
2140,2024,Missouri,MO-07,Missi Hesketh,Eric Burlison,96655.0,263231.0,26.857115864468195,0,1,28.43799280255549,28.916245414690884,33770.39,438101.97,7.156678979883459,92.84332102011656,2,0,2.15
2141,2024,Missouri,MO-08,Randi McCallian,Jason Smith,77649.0,271249.0,22.2555016079198,0,1,22.69609272288202,23.953660217363023,47675.26,2285776.58,2.0431216613409946,97.956878338659,2,0,2.15
2142,2024,Montana,MT-01,Monica Tranel,Ryan Zinke,143783.0,168529.0,46.03825661517969,0,1,44.03879375274431,46.47252483749506,5352238.77,7952758.75,40.227281229887815,59.77271877011218,2,0,2.15
2143,2024,Montana,MT-02,John Driscoll,Troy Downing,93713.0,181832.0,34.010052804442104,0,0,34.74608053651792,36.231423036507,0.0,1419719.25,0.0,100.0,2,0,2.15
2144,2024,Nebraska,NE-01,Carol Blood,Mike Flood,124498.0,187559.0,39.89591645116117,0,1,43.38583705894162,44.33481271425935,116996.93,1033441.99,10.169764597324296,89.83023540267571,0,0,2.15
2145,2024,Nebraska,NE-02,Tony Vargas,Don Bacon,154369.0,160198.0,49.0734883188637,0,1,52.34216472606467,53.22987726140321,6659264.45,3235410.5,67.30149786274687,32.69850213725313,0,0,2.15
2146,2024,Nebraska,NE-03,Daniel Ebers,Adrian Smith,59287.0,243481.0,19.58165988479628,0,1,22.78460910204637,23.5519096271296,0.0,455652.43,0.0,100.0,2,0,2.15
2147,2024,Nevada,NV-01,Dina Titus,Mark Robertson,167885.0,143650.0,53.88961111913589,1,0,51.1500657397314,54.35272706663225,1369087.85,279320.03,83.05516290058016,16.944837099419836,6,0,2.15
2148,2024,Nevada,NV-03,Susie Lee,Drew Johnson,191304.0,181084.0,51.37222466889373,1,0,49.62529663466488,53.382308357381056,4217867.76,496836.7,89.46197573537833,10.538024264621669,6,0,2.15
2149,2024,Nevada,NV-04,Steven Horsford,John Lee,174926.0,148061.0,54.15883611414701,1,0,51.17966739582746,54.226942187257386,2742293.7,595400.55,82.16132139724903,17.83867860275099,6,0,2.15
2150,2024,New Hampshire,NH-01,Chris Pappas,Russell Prescott,218577.0,185936.0,54.03460457389503,1,0,51.00997726203544,53.01220004033071,2722901.15,686051.6,79.87500413433422,20.12499586566578,2,0,2.15
2151,2024,New Hampshire,NH-02,Maggie Goodlander,Lily Williams,211641.0,187810.0,52.98296912512424,0,0,51.813453630726094,54.49086897686334,3928838.51,650977.86,85.78593971006745,14.21406028993254,2,0,2.15
2152,2024,New Jersey,NJ-01,Donald Norcross,Teddy Liddell,208808.0,144390.0,59.11924756085821,1,0,59.50935802189383,62.38049905809584,1061942.93,9974.43,99.06947770675156,0.9305222932484274,0,0,2.15
2153,2024,New Jersey,NJ-02,Joe Salerno,Jeff Van Drew,153117.0,215946.0,41.48803862755139,0,1,43.63231980948235,47.50916338594824,912368.05,2675941.97,25.426121068546912,74.57387893145308,0,0,2.15
2154,2024,New Jersey,NJ-03,Herb Conaway,Rajesh Mohan,202034.0,169454.0,54.38506761995004,0,0,54.247765944424046,57.09161230388584,878820.61,191967.76,82.07229688159575,17.927703118404246,0,0,2.15
2155,2024,New Jersey,NJ-04,Matthew Jenkins,Chris Smith,124803.0,265652.0,31.963478505845742,0,1,34.73152156446453,38.63560456219725,44774.79,489738.53,8.376739797616269,91.62326020238372,0,0,2.15
2156,2024,New Jersey,NJ-05,Josh Gottheimer,Mary Jo Guinchard,208359.0,165287.0,55.76374429272627,1,0,50.77134874681135,56.27875919591396,6661250.49,6595.0,99.90109248917224,0.0989075108277591,0,0,2.15
2157,2024,New Jersey,NJ-06,Frank Pallone,Scott Fegler,170275.0,122519.0,58.15522176000874,1,0,53.29475345544981,59.749073523149086,1295550.79,77348.45,94.36605049034772,5.633949509652289,6,0,2.15
2158,2024,New Jersey,NJ-07,Sue Altman,Tom Kean,200025.0,223331.0,47.24747021419326,0,1,49.40151618943234,51.95991209023524,5390086.1,3382308.65,61.443724930413104,38.556275069586896,0,0,2.15
2159,2024,New Jersey,NJ-08,Rob Menendez Jr.,Anthony Valdes,116434.0,68152.0,63.07845665435082,1,0,62.40598383221659,72.90327719713072,1558693.85,7459.58,99.52370056106189,0.4762994389381121,6,0,2.15
2160,2024,New Jersey,NJ-09,Nellie Pou,Billy Prempeh,130514.0,117939.0,52.530659722361975,0,0,49.414629241244576,59.553611823254414,316010.45,48175.61,86.77170400206971,13.228295997930289,6,0,2.15
2161,2024,New Jersey,NJ-10,LaMonica McIver,Carmen Bucco,182020.0,54405.0,76.98847414613513,0,0,75.8337389047255,81.27526006583243,420778.28,14992.07,96.55963972766848,3.440360272331516,3,0,2.15
2162,2024,New Jersey,NJ-11,Mikie Sherrill,Joseph Belnome,222583.0,164556.0,57.49433665944274,1,0,54.44822207508475,58.57366560572999,3281322.3,81785.45,97.56815849863864,2.4318415013613524,0,0,2.15
2163,2024,New Jersey,NJ-12,Bonnie Watson Coleman,Darius Mayfield,196871.0,117222.0,62.67920647706252,1,0,62.26859428987088,67.44347965039135,401537.2,54933.59,87.96558482964485,12.03441517035515,6,0,2.15
2164,2024,New Mexico,NM-01,Melanie Stansbury,Steve Jones,193203.0,149546.0,56.36865461314257,1,0,56.49820227325446,57.41089036853957,961451.84,21132.55,97.84928905699388,2.150710943006126,6,0,2.15
2165,2024,New Mexico,NM-02,Gabe Vasquez,Yvette Herrell,138177.0,127145.0,52.07898327315489,1,0,49.0766570171811,52.9999460163956,5307622.94,3011980.37,63.79658671490191,36.20341328509809,5,0,2.15
2166,2024,New Mexico,NM-03,Teresa Leger Fernandez,Sharon Clahchischilliage,162342.0,126085.0,56.28529922649405,1,0,52.66028655576991,55.48475596265321,1720654.63,73223.3,95.91815592491292,4.081844075087094,6,0,2.15
2167,2024,New York,NY-01,John Avlon,Nick LaLota,183540.0,226285.0,44.78496919416825,0,1,44.90450675209556,49.11346344690705,4388801.31,1234508.92,78.04657987009193,21.953420129908075,0,0,2.15
2168,2024,New York,NY-02,Rob Lubin,Andrew Garbarino,136371.0,202597.0,40.23123126666824,0,1,42.96172664119389,48.76414128841313,856225.84,1112351.8,43.49464418380775,56.50535581619224,6,0,2.15
2169,2024,New York,NY-03,Tom Suozzi,Michael LiPetri,187651.0,174693.0,51.78807983573621,1,0,47.82657733259932,55.71075995366982,7242273.42,749325.54,90.62358429457528,9.37641570542474,6,0,2.15
2170,2024,New York,NY-04,Laura Gillen,Anthony D'Esposito,191760.0,183157.0,51.14732060696101,0,1,50.6464040761358,57.34683580614014,0.0,2044340.93,0.0,100.0,6,0,2.15
2171,2024,New York,NY-05,Gregory Meeks,Paul King,168425.0,56689.0,74.81764794726227,1,0,71.40028276675099,81.36054779496001,1088534.52,47893.61,95.78560150565792,4.214398494342092,3,0,2.15
2172,2024,New York,NY-06,Grace Meng,Thomas Zmich,120205.0,74559.0,61.7182846932698,1,0,53.2632756817242,64.80120497571869,1502379.33,7142.44,99.52684087490834,0.4731591250916506,6,0,2.15
2173,2024,New York,NY-07,Nydia Velazquez,William Kregler,172795.0,48435.0,78.1064955024183,1,0,73.59515162123135,80.54879084782239,264837.1,17117.96,93.92883390707723,6.071166092922751,6,0,2.15
2174,2024,New York,NY-08,Hakeem Jeffries,John Delaney,168036.0,54863.0,75.38661007900438,1,0,72.35200272276701,77.93416267942584,15936793.65,0.0,100.0,0.0,3,0,2.15
2175,2024,New York,NY-09,Yvette Clarke,Menachem Raitport,173207.0,60064.0,74.25140716162745,1,0,70.73214416556081,76.23665908861837,339924.94,0.0,100.0,0.0,3,0,2.15
2176,2024,New York,NY-10,Dan Goldman,Alex Dodenhoff,206206.0,37555.0,84.59351577980071,1,0,80.94618376491815,85.73417381595127,2912947.98,2071.0,99.92895415041174,0.0710458495882589,6,0,2.15
2177,2024,New York,NY-11,Andrea Morse,Nicole Malliotakis,93586.0,167099.0,35.90003260640236,0,1,37.58703122665472,46.14430672887848,273868.12,1564360.49,14.898479901256678,85.10152009874334,6,0,2.15
2178,2024,New York,NY-12,Jerrold Nadler,Michael Zumbluskas,260165.0,62989.0,80.50805498307308,1,0,82.44970927082957,86.04671096188405,715915.56,0.0,100.0,0.0,0,0,2.15
2179,2024,New York,NY-13,Adriano Espaillat,Ruben Vargas,181800.0,35822.0,83.53934804385587,1,0,80.13649791178568,88.8318192150048,996539.42,0.0,100.0,0.0,5,0,2.15
2180,2024,New York,NY-14,Alexandria Ocasio-Cortez,Tina Forte,132714.0,59078.0,69.19683824142821,1,0,66.18305363738558,77.8092403962542,14866494.81,1911997.13,88.60447567732955,11.39552432267044,5,0,2.15
2181,2024,New York,NY-15,Ritchie Torres,Gonzalo Duran,130392.0,36010.0,78.35963510053966,1,0,74.40398856697415,85.49107762328975,6102405.56,0.0,100.0,0.0,5,0,2.15
2182,2024,New York,NY-16,George Latimer,Miram Levitt Flisser,217668.0,86408.0,71.58341993449007,0,0,66.65484662728024,72.5053966337082,6468157.18,22817.54,99.64847282597336,0.351527174026646,6,0,2.15
2183,2024,New York,NY-17,Mondaire Jones,Mike Lawler,173899.0,197845.0,46.779235172591896,0,1,50.27986160888725,55.08985328152981,7755364.69,3863417.03,66.7485187078633,33.25148129213671,0,0,2.15
2184,2024,New York,NY-18,Pat Ryan,Alison Esposito,207106.0,155129.0,57.17448617610115,1,0,51.67697015196399,54.6147335126436,6063033.91,1295965.79,82.38937569191638,17.61062430808361,1,0,2.15
2185,2024,New York,NY-19,Josh Riley,Marc Molinaro,192647.0,184290.0,51.10854068451757,0,1,50.90030569494476,52.28032954233489,8164381.39,2541463.77,76.26097022684755,23.73902977315245,2,0,2.15
2186,2024,New York,NY-20,Paul Tonko,Kevin Waltz,221997.0,141151.0,61.13127430138676,1,0,57.160450720389335,59.77448014317368,560327.99,0.0,100.0,0.0,0,0,2.15
2187,2024,New York,NY-21,Paula Collins,Elise Stefanik,132447.0,215996.0,38.0110950715038,0,1,39.62000731837757,42.014446227929376,133398.87,5531699.86,2.354749252534209,97.64525074746578,2,0,2.15
2188,2024,New York,NY-22,John Mannion,Brandon Williams,194450.0,161939.0,54.5611677128082,0,1,53.84700748233453,55.80688380179977,3371163.52,1876099.42,64.24613286103022,35.75386713896979,0,0,2.15
2189,2024,New York,NY-23,Thomas Carle,Nick Langworthy,128397.0,246969.0,34.20581512443855,0,1,39.40602395805427,40.72317361764931,24394.86,889803.56,2.6684425903952014,97.3315574096048,2,0,2.15
2190,2024,New York,NY-24,David Wagenhauser,Claudia Tenney,123317.0,235867.0,34.332542652233954,0,1,38.38142979238727,39.639102956388,84480.99,1609727.64,4.9864573054382335,95.01354269456176,2,0,2.15
2191,2024,New York,NY-25,Joe Morelle,Gregg Sadwick,219175.0,141195.0,60.81943558009824,1,0,59.327049303807,60.54711325767988,507094.16,37150.21,93.17398359123126,6.82601640876873,0,0,2.15
2192,2024,New York,NY-26,Tim Kennedy,Anthony Marecki,209131.0,111772.0,65.16953721217938,1,0,59.780355040899614,62.79261571000799,1858362.7,0.0,100.0,0.0,0,0,2.15
2193,2024,North Carolina,NC-01,Don Davis,Laurie Buckhout,186341.0,180034.0,50.86073012623677,1,0,48.439966103490285,50.844835297421554,3771941.34,1933890.21,66.1067770218348,33.893222978165205,1,0,2.15
2194,2024,North Carolina,NC-02,Deborah Ross,Alan Swain,268662.0,128164.0,67.70272109186394,1,0,67.21753259620338,67.95682466086603,1148574.63,31756.0,97.30956740485504,2.6904325951449723,0,0,2.15
2195,2024,North Carolina,NC-04,Valerie Foushee,Eric Blankenburg,308064.0,112084.0,73.32273389377076,1,0,73.03195999336648,73.40040124584657,336576.51,0.0,100.0,0.0,0,0,2.15
2196,2024,North Carolina,NC-05,Chuck Hubbard,Virginia Foxx,162390.0,238304.0,40.52718533344647,0,1,41.02340835119473,42.22167776352082,385458.36,1503229.0,20.408796509338632,79.59120349066137,1,0,2.15
2197,2024,North Carolina,NC-07,Marlando Pridgen,David Rouzer,179512.0,254022.0,41.406671679729854,0,1,43.02512743573573,44.41861259379971,0.0,737144.38,0.0,100.0,1,0,2.15
2198,2024,North Carolina,NC-08,Justin Dues,Mark Harris,161709.0,238640.0,40.39200797304352,0,0,40.20730408306004,41.019224293629655,0.0,583022.33,0.0,100.0,1,0,2.15
2199,2024,North Carolina,NC-09,Nigel Bristow,Richard Hudson,140852.0,210042.0,40.14089725102168,0,1,41.99450543633611,42.96241368123464,25749.26,1273708.1,1.981539432736754,98.01846056726323,1,0,2.15
2200,2024,North Carolina,NC-10,Ralph Scott Jr.,Pat Harrigan,155383.0,233814.0,39.92399735866413,0,0,41.04754304954773,41.8721486818873,0.0,961205.43,0.0,100.0,1,0,2.15
2201,2024,North Carolina,NC-11,Caleb Rudow,Chuck Edwards,186977.0,245546.0,43.22937739727136,0,1,45.19212176459214,44.42692950013702,634423.71,542026.69,53.92694073630303,46.07305926369696,2,0,2.15
2202,2024,North Carolina,NC-12,Alma Adams,Addul Ali,259627.0,91128.0,74.01947228122194,1,0,73.52745150652206,75.47048323162406,199253.7,42141.89,82.54239441573891,17.457605584261085,3,0,2.15
2203,2024,North Carolina,NC-13,Frank Pierce,Brad Knott,171835.0,243655.0,41.35719271221931,0,0,41.67499571648866,41.25177438209753,27947.61,1319843.89,2.0735855657199203,97.92641443428008,1,0,2.15
2204,2024,North Carolina,NC-14,Pam Genant,Tim Moore,168269.0,232987.0,41.93557230296868,0,0,42.3863292620638,41.83498038653012,41129.96,1784636.17,2.2527507397675297,97.74724926023246,1,0,2.15
2205,2024,North Dakota,ND-00,Trygve Hammer,Julie Fedorchak,109231.0,249101.0,30.48318319323979,0,0,31.30350693360681,32.78259157710337,1161589.67,1331059.57,46.60060675043072,53.399393249569286,2,0,2.15
2206,2024,Ohio,OH-01,Greg Landsman,Orlando Sonza,213916.0,177993.0,54.58307923523063,1,0,53.19970656226602,54.29488254619718,2684339.3,0.0,100.0,0.0,0,0,2.15
2207,2024,Ohio,OH-02,Samantha Meadows,David Taylor,96401.0,268211.0,26.4393382554606,0,0,26.02888403557168,27.01246003221544,132781.86,346814.85,27.68614905636029,72.31385094363971,2,0,2.15
2208,2024,Ohio,OH-03,Joyce Beatty,Michael Young,242632.0,100355.0,70.74087356080551,1,0,70.32871874717935,72.21375993875256,490790.16,0.0,100.0,0.0,0,0,2.15
2209,2024,Ohio,OH-04,Tamie Wilson,Jim Jordan,125905.0,273297.0,31.539170645437647,0,1,31.458810990345647,31.877764680532845,2298856.55,11973481.49,16.107077505852015,83.892922494148,2,0,2.15
2210,2024,Ohio,OH-05,Keith Mundy,Bob Latta,123024.0,255633.0,32.489561793390855,0,1,35.2327539858276,36.39075832539463,8587.03,688702.68,1.2314866943899114,98.76851330561009,2,0,2.15
2211,2024,Ohio,OH-06,Michael Kripchak,Michael Rulli,122515.0,245860.0,33.25822870715982,0,1,33.036789085763765,35.44026890995429,64038.2,595457.91,9.71017099706623,90.28982900293376,2,0,2.15
2212,2024,Ohio,OH-07,Matt Diemer,Max Miller,144613.0,204494.0,41.42368958514152,0,1,44.63461153589263,45.33263658896555,83713.43,780037.64,9.69184674931864,90.30815325068136,0,0,2.15
2213,2024,Ohio,OH-08,Vanessa Enoch,Warren Davidson,140625.0,237503.0,37.189787585156346,0,1,38.04773421227193,38.82532224911147,0.0,370971.65,0.0,100.0,0,0,2.15
2214,2024,Ohio,OH-09,Marcy Kaptur,Derrick Merrin,181098.0,178716.0,50.33100435224866,1,0,46.61307155001455,48.515819525740135,2892844.74,666547.86,81.27355043666721,18.7264495633328,1,0,2.15
2215,2024,Ohio,OH-10,Amy Cox,Mike Turner,145420.0,213695.0,40.4939921752085,0,1,47.10201247279089,48.20957455648344,163088.67,650980.25,20.03376691988192,79.96623308011807,0,0,2.15
2216,2024,Ohio,OH-11,Shontel Brown,Alan Rapoport,236883.0,59394.0,79.9532194534169,1,0,77.73096438726299,79.10472591924204,568030.66,32606.9,94.57128521899295,5.428714781007035,3,0,2.15
2217,2024,Ohio,OH-12,Jerrad Christian,Troy Balderson,119738.0,260450.0,31.494418550822225,0,1,33.49138987423412,34.32801536919479,331117.1,944302.26,25.961429658712408,74.0385703412876,2,0,2.15
2218,2024,Ohio,OH-13,Emilia Sykes,Kevin Coughlin,197466.0,188924.0,51.10535986956184,1,0,50.02335703072151,51.430390810338366,3357642.35,777812.05,81.19161826569771,18.80838173430228,0,0,2.15
2219,2024,Ohio,OH-14,Brian Kenderes,David Joyce,140431.0,243427.0,36.5841014125015,0,1,40.9534036070287,42.4260577298428,0.0,763099.48,0.0,100.0,2,0,2.15
2220,2024,Ohio,OH-15,Adam Miller,Mike Carey,151411.0,196338.0,43.54031212167397,0,1,45.35597381342062,46.56419850388483,167153.79,918127.39,15.40188783150188,84.59811216849813,0,0,2.15
2221,2024,Oklahoma,OK-01,Dennis Baker,Kevin Hern,107903.0,188832.0,36.36342190843682,0,1,39.0006194641473,39.04211834653136,364924.87,699899.89,34.27088509850203,65.72911490149798,0,0,2.15
2222,2024,Oklahoma,OK-02,Brandon Wade,Josh Brecheen,68841.0,238123.0,22.42640830846614,0,1,21.744353301278952,22.812565352125173,12167.41,237651.42,4.870493549265281,95.12950645073472,2,0,2.15
2223,2024,Oklahoma,OK-04,Mary Brannon,Tom Cole,86641.0,199962.0,30.230318594013323,0,1,33.05625923580325,33.79653166130034,0.0,2981087.98,0.0,100.0,1,0,2.15
2224,2024,Oklahoma,OK-05,Madison Horn,Stephanie Bice,134471.0,207636.0,39.30670813517408,0,1,40.939997685027166,41.33735548561096,562642.1,910892.35,38.18316565316813,61.81683434683186,0,0,2.15
2225,2024,Oregon,OR-01,Suzanne Bonamici,Bob Todd,241556.0,98908.0,70.94905775647352,1,0,69.55516583891229,70.17230279651835,408656.33,0.0,100.0,0.0,0,0,2.15
2226,2024,Oregon,OR-02,Dan Ruby,Cliff Bentz,115337.0,224601.0,33.92883408150898,0,1,36.06073979541641,37.48795832369103,21346.6,562166.16,3.658291894079574,96.34170810592045,2,0,2.15
2227,2024,Oregon,OR-03,Maxine Dexter,Joanna Harbour,226405.0,84344.0,72.85783703246028,0,0,73.80688190163117,74.19682485941459,1530978.36,15329.54,99.0086359902837,0.9913640097163054,0,0,2.15
2228,2024,Oregon,OR-04,Val Hoyle,Monique DeSpain,195862.0,166430.0,54.061916906804456,1,0,56.221457400709575,56.539336829716405,1401537.43,662547.39,67.90115485661097,32.09884514338902,2,0,2.15
2229,2024,Oregon,OR-05,Janelle Bynum,Lori Chavez-DeRemer,191365.0,180420.0,51.47195287599016,0,1,54.4043279726022,54.546574935297485,6586068.9,2853774.22,69.7688384889176,30.2311615110824,0,0,2.15
2230,2024,Oregon,OR-06,Andrea Salinas,Mike Erickson,180869.0,157634.0,53.4320227590302,1,0,55.87089330355162,56.77350751084401,3687290.61,531924.88,87.39280130961028,12.607198690389716,0,0,2.15
2231,2024,Pennsylvania,PA-01,Ashley Ehasz,Brian Fitzpatrick,202042.0,261390.0,43.59690310552573,0,1,50.16119018308047,52.34449511852532,3592806.96,2294159.91,61.02984846592147,38.97015153407853,0,0,2.15
2232,2024,Pennsylvania,PA-02,Brendan Boyle,Haroon Bashir,193691.0,77355.0,71.46056388952428,1,0,68.08493875202105,71.53488462271741,635500.61,15219.06,97.66119564204966,2.338804357950329,6,0,2.15
2233,2024,Pennsylvania,PA-04,Madeleine Dean,David Winkler,269066.0,186457.0,59.06748945717341,1,0,57.98479251722723,59.56887870840665,806676.21,18892.0,97.71163669201846,2.288363307981542,0,0,2.15
2234,2024,Pennsylvania,PA-05,Mary Gay Scanlon,Alfe Goodwin,267754.0,142355.0,65.28849647288891,1,0,64.46718759803662,66.28207559170781,827747.24,14204.45,98.31291389176974,1.6870861082302715,0,0,2.15
2235,2024,Pennsylvania,PA-06,Chrissy Houlahan,Neil Young Jr.,235625.0,183638.0,56.19980775789898,1,0,55.76300514834165,57.446408286408776,1321366.29,38794.32,97.14781330125416,2.852186698745819,0,0,2.15
2236,2024,Pennsylvania,PA-07,Susan Wild,Ryan Mackenzie,199626.0,203688.0,49.49642214254898,1,0,48.380567299486216,50.31357124078239,6604896.42,886645.14,88.16471706258545,11.835282937414554,0,0,2.15
2237,2024,Pennsylvania,PA-08,Matt Cartwright,Rob Bresnahan,189411.0,195663.0,49.18820798080369,1,0,45.71632912307518,48.53254419058116,5891382.71,1782977.17,76.76708940055597,23.23291059944403,2,0,2.15
2238,2024,Pennsylvania,PA-09,Amanda Waldman,Dan Meuser,115523.0,276212.0,29.490088963202165,0,1,30.856520472650363,31.46727868852459,13849.12,886293.01,1.5385481401698198,98.4614518598302,2,0,2.15
2239,2024,Pennsylvania,PA-10,Janelle Stelson,Scott Perry,200434.0,205567.0,49.36785869985542,0,1,47.35428873248087,47.90288993854436,5380074.63,3601588.21,59.90065231618069,40.09934768381932,0,0,2.15
2240,2024,Pennsylvania,PA-11,Jim Atkinson,Lloyd Smucker,149641.0,253672.0,37.102944859203646,0,1,39.21268168978229,39.2090525508247,13438.06,314514.69,4.097559785670344,95.90244021432966,2,0,2.15
2241,2024,Pennsylvania,PA-12,Summer Lee,James Hayes,234802.0,181426.0,56.4118704171752,1,0,59.68250756914565,60.08438858283189,2498511.25,124694.75,95.24647511480228,4.753524885197731,0,0,2.15
2242,2024,Pennsylvania,PA-13,Beth Farnham,John Joyce,104823.0,301460.0,25.800488821831085,0,1,27.048368042334243,27.11683475876444,58184.56,273900.17,17.520998330757333,82.47900166924266,2,0,2.15
2243,2024,Pennsylvania,PA-14,Christopher Dziados,Guy Reschenthaler,134755.0,268380.0,33.426767708087866,0,1,33.20194122275986,34.07665111988361,259515.01,2608838.88,9.047524118441329,90.95247588155868,2,0,2.15
2244,2024,Pennsylvania,PA-15,Zacheray Womer,Glenn Thompson,111408.0,279027.0,28.53432709669984,0,1,30.85647490770417,31.23437745123673,136080.36,1265805.78,9.7069480977963,90.29305190220369,2,0,2.15
2245,2024,Pennsylvania,PA-16,Preston Nouri,Mike Kelly,146709.0,256923.0,36.3472172672137,0,1,38.520101412531695,39.544686766618334,656391.88,544088.32,54.67744324312888,45.32255675687112,2,0,2.15
2246,2024,Pennsylvania,PA-17,Chris Deluzio,Rob Mercuri,242838.0,207900.0,53.87564394393195,1,0,52.77823792769094,52.951803471504434,3366021.96,874988.8,79.3683900014439,20.6316099985561,0,0,2.15
2247,2024,Rhode Island,RI-01,Gabe Amo,Allen Waters,139352.0,70742.0,66.32840538044876,0,0,61.32985510780903,64.7621950961339,1895824.57,20911.0,98.90903052422615,1.0909694757738544,0,0,2.15
2248,2024,Rhode Island,RI-02,Seth Magaziner,Steve Corvi,153439.0,109381.0,58.38178220835552,1,0,53.46721344876511,56.97441626386753,1169643.62,3619.55,99.69149717705704,0.3085028229429549,0,0,2.15
2249,2024,South Carolina,SC-01,Michael Moore,Nancy Mace,162582.0,227502.0,41.67871535361615,0,1,43.395283722298586,45.61013623486242,991604.43,1181000.83,45.64126066784907,54.35873933215093,0,0,2.15
2250,2024,South Carolina,SC-02,David Robinson,Joe Wilson,142985.0,211514.0,40.33438740306743,0,1,42.938265303291736,44.62584053528169,13806.7,466814.45,2.8726784079310703,97.12732159206892,1,0,2.15
2251,2024,South Carolina,SC-03,Byron Best,Sheri Biggs,87735.0,248451.0,26.09716050043725,0,0,28.19037062301046,30.99824715672515,44024.47,403495.6,9.83742919060591,90.1625708093941,1,0,2.15
2252,2024,South Carolina,SC-04,Kathryn Harvey,William Timmons,128976.0,206916.0,38.39805651816655,0,1,38.01880000114739,40.55312929243124,508352.22,344475.8,59.60782339210665,40.39217660789334,0,0,2.15
2253,2024,South Carolina,SC-05,Evangeline Hundley,Ralph Norman,130592.0,228260.0,36.39160433827873,0,1,38.45558082846218,40.79049914437939,22192.33,164177.58,11.907678659071092,88.09232134092892,1,0,2.15
2254,2024,South Carolina,SC-06,Jim Clyburn,Duke Buckner,182056.0,112360.0,61.83631324384544,1,0,61.52229131996146,66.28762400576707,736486.77,207325.86,78.03315473750335,21.966845262496644,3,0,2.15
2255,2024,South Carolina,SC-07,Mal Hyman,Russell Fry,129522.0,240326.0,35.02033267720793,0,1,36.687968019079285,40.57650400434182,35420.89,988164.43,3.460472645309137,96.53952735469086,1,0,2.15
2256,2024,South Dakota,SD-00,Sheryl Johnson,Dusty Johnson,117818.0,303630.0,27.955524762248253,0,1,35.054900463073466,36.5652201383185,194881.89,2374815.53,7.583845805472304,92.41615419452768,2,0,2.15
2257,2024,Tennessee,TN-01,Kevin Jenkins,Diana Harshbarger,64021.0,257825.0,19.89181161176463,0,1,20.7793902693673,22.41925728801258,0.0,889466.21,0.0,100.0,2,0,2.15
2258,2024,Tennessee,TN-02,Jane George,Tim Burchett,111316.0,250782.0,30.74195383570193,0,1,32.835800264294285,35.106568658027484,258725.83,1073274.11,19.423861986059844,80.57613801394015,2,0,2.15
2259,2024,Tennessee,TN-03,Jack Allen,Chuck Fleischmann,102841.0,236519.0,30.30439651107968,0,1,31.824096561239774,33.75,164519.81,1026695.07,13.811094267056168,86.18890573294384,2,0,2.15
2260,2024,Tennessee,TN-04,Victoria Broderick,Scott DesJarlais,83832.0,219133.0,27.670522997706005,0,1,27.946800616473546,30.77681363253928,110272.54,152104.88,42.02821264116402,57.97178735883599,2,0,2.15
2261,2024,Tennessee,TN-05,Maryam Abolfazli,Andy Ogles,142387.0,205075.0,40.97915743304304,0,1,40.968211242126365,44.22290187715704,418611.7,680413.07,38.089378094726655,61.91062190527335,0,0,2.15
2262,2024,Tennessee,TN-06,Lore Bergman,John Rose,106144.0,225543.0,32.00125419446647,0,1,32.17424186839298,35.15482855655206,8845.74,1287826.89,0.6821876081397662,99.31781239186024,2,0,2.15
2263,2024,Tennessee,TN-07,Megan Barry,Mark Green,122764.0,191992.0,39.00291019075093,0,1,38.69148353228604,42.25674193709187,1207217.05,1354529.89,47.12475815429295,52.87524184570705,1,0,2.15
2264,2024,Tennessee,TN-08,Sarah Freeman,David Kustoff,85043.0,240411.0,26.13057452051596,0,1,29.197620859301946,31.076096091692097,18242.06,1062985.23,1.6871623726774414,98.31283762732257,1,0,2.15
2265,2024,Tennessee,TN-09,Steve Cohen,Charlotte Bergmann,159522.0,57411.0,73.53514679647634,1,0,72.09236919988231,74.46351779048808,120903.16,48447.35,71.39226211955311,28.607737880446887,3,0,2.15
2266,2024,Texas,TX-02,Peter Filler,Dan Crenshaw,112252.0,214631.0,34.340115576521264,0,1,37.966193629385394,38.45245015037024,8114.5,2749760.1,0.2942302017647937,99.7057697982352,6,0,2.15
2267,2024,Texas,TX-03,Sandeep Srivastava,Keith Self,142953.0,237794.0,37.54540416602101,0,0,39.73070422243562,42.67961491571026,147270.56,0.0,100.0,0.0,0,0,2.15
2268,2024,Texas,TX-04,Simon Cardell,Pat Fallon,111696.0,241603.0,31.6151475096165,0,1,33.46102876488079,36.85512138891503,16344.56,312813.35,4.965568046048173,95.03443195395182,0,0,2.15
2269,2024,Texas,TX-05,Ruth Torres,Lance Gooden,107712.0,192185.0,35.91633127373732,0,1,36.307775822939625,38.64522218600609,24043.31,393366.05,5.760127180665044,94.23987281933496,1,0,2.15
2270,2024,Texas,TX-06,John Love III,Jake Ellzey,98319.0,188119.0,34.32470552091552,0,1,35.57667345293563,37.86802212802644,133773.65,5190701.36,2.5124289201988383,97.48757107980114,1,0,2.15
2271,2024,Texas,TX-07,Lizzie Fletcher,Caroline Kane,149820.0,94651.0,61.28334240053013,1,0,60.69604906575382,65.07162970274037,921386.5,167381.55,84.62651893578251,15.373481064217486,6,0,2.15
2272,2024,Texas,TX-08,Laura Jones,Morgan Luttrell,108754.0,233423.0,31.78296612571856,0,1,32.84526234541033,36.231780670892846,45787.73,1152415.02,3.821367460557072,96.17863253944292,6,0,2.15
2273,2024,Texas,TX-10,Theresa Boisseau,Michael McCaul,118280.0,221229.0,34.83854625356029,0,1,37.42190405091246,40.448395316041456,67384.72,1464364.63,4.399200169401085,95.60079983059892,1,0,2.15
2274,2024,Texas,TX-12,Trey Hunt,Craig Goldman,124154.0,215564.0,36.54619419636286,0,0,38.56793783986499,40.784594956846334,13620.56,2308291.71,0.5866095879669045,99.4133904120331,0,0,2.15
2275,2024,Texas,TX-14,Rhonda Hart,Randy Weber,95875.0,210320.0,31.31174578291612,0,1,32.80331188059663,35.528605700152724,23802.0,653898.12,3.512172906211084,96.48782709378892,6,0,2.15
2276,2024,Texas,TX-15,Michelle Vallejo,Monica de la Cruz,95965.0,127804.0,42.88574378041641,0,1,41.00244777638378,48.54490237840097,1842671.53,5449445.09,25.269364520942062,74.73063547905792,5,0,2.15
2277,2024,Texas,TX-16,Veronica Escobar,Irene Armendariz-Jackson,131391.0,89281.0,59.54131017981439,1,0,58.104288734654055,67.99081840145375,688375.63,60237.57,91.9534453840782,8.046554615921814,5,0,2.15
2278,2024,Texas,TX-17,Mark Lorenzen,Pete Sessions,97941.0,193101.0,33.651844063743376,0,1,35.22824228513305,38.55906289692807,21108.56,591425.04,3.4461064666493395,96.55389353335066,1,0,2.15
2279,2024,Texas,TX-18,Sylvester Turner,Lana Centonze,151834.0,66810.0,69.44347889720277,0,0,70.19366492835714,74.60649959198781,546066.71,34224.5,94.10218534931798,5.897814650682026,3,0,2.15
2280,2024,Texas,TX-21,Kristin Hook,Chip Roy,153765.0,263744.0,36.82914619804603,0,1,38.04657634327543,40.00550580301893,500223.61,2495623.47,16.697234426264508,83.3027655737355,0,0,2.15
2281,2024,Texas,TX-22,Marquette Greene-Scott,Troy Nehls,127604.0,209285.0,37.8771642885342,0,1,40.043269075527135,41.87091713583956,67348.52,418299.57,13.867761736692922,86.13223826330707,6,0,2.15
2282,2024,Texas,TX-23,Santos Limon,Tony Gonzales,109373.0,180720.0,37.70273670857277,0,1,42.15946294520322,46.35999352244576,20665.12,2300625.86,0.8902425494282495,99.10975745057176,5,0,2.15
2283,2024,Texas,TX-24,Sam Eppler,Beth Van Duyne,149518.0,227108.0,39.69933037018156,0,1,42.11301110482916,43.72888321295085,1139074.63,892291.53,56.07431355457846,43.92568644542154,0,0,2.15
2284,2024,Texas,TX-26,Ernest Lineberger III,Brandon Gill,138558.0,241096.0,36.49586202173558,0,0,38.12189245204039,40.59099852572691,77218.3,899780.23,7.903624993171689,92.0963750068283,0,0,2.15
2285,2024,Texas,TX-27,Tanya Lloyd,Michael Cloud,94596.0,183980.0,33.95698121876974,0,1,35.0385760024824,38.63747609807975,52054.67,576143.83,8.286341021189958,91.71365897881005,5,0,2.15
2286,2024,Texas,TX-28,Henry Cuellar,Jay Furman,125280.0,112018.0,52.79437669091185,1,0,46.32311461405799,53.56675206376317,1261629.11,280085.73,81.83284465238721,18.16715534761279,5,0,2.15
2287,2024,Texas,TX-29,Sylvia Garcia,Alan Garza,99379.0,52830.0,65.2911457272566,1,0,60.32233956133225,68.58595392089309,215469.14,6323.18,97.14905367327418,2.850946326725831,5,0,2.15
2288,2024,Texas,TX-31,Stuart Whitlow,John Carter,126470.0,229087.0,35.56954299873157,0,1,38.20857699282884,39.68310730069046,108836.57,641743.21,14.500333328990026,85.49966667100996,0,0,2.15
2289,2024,Texas,TX-32,Julie Johnson,Darrell Day,140536.0,85941.0,62.05310031482225,0,0,62.16718717200666,66.76234147019852,1513181.22,111281.55,93.14963986524604,6.850360134753966,6,0,2.15
2290,2024,Texas,TX-33,Marc Veasey,Patrick Gillespie,114289.0,51864.0,68.78539659229746,1,0,67.28096140184702,75.30206784700636,624198.22,0.0,100.0,0.0,5,0,2.15
2291,2024,Texas,TX-34,Vicente Gonzalez,Mayra Flores,102780.0,97603.0,51.29177624848416,1,0,47.76683919961784,57.84692761213609,1562807.29,5765366.29,21.326013541289505,78.6739864587105,5,0,2.15
2292,2024,Texas,TX-35,Greg Casar,Steven Wright,170509.0,82610.0,67.36317700370181,1,0,67.08427075362881,73.04405967921257,679817.98,440.81,99.9351996612936,0.0648003387063914,5,0,2.15
2293,2024,Texas,TX-36,Dayna Steele,Brian Babin,91009.0,206009.0,30.640903918281047,0,1,31.411977809728093,34.00829632781131,0.0,330048.27,0.0,100.0,1,0,2.15
2294,2024,Texas,TX-37,Lloyd Doggett,Jenny Garcia Sharon,252980.0,80366.0,75.89111613758676,1,0,75.14432625550815,76.90646812470916,677058.91,0.0,100.0,0.0,6,0,2.15
2295,2024,Texas,TX-38,Melissa McDonough,Wesley Hunt,127640.0,215030.0,37.24866489625588,0,1,39.46756010852278,40.80974622053206,77625.64,1368341.65,5.368422960660473,94.63157703933952,6,0,2.15
2296,2024,Utah,UT-01,Bill Campbell,Blake Moore,117319.0,230975.0,33.683899234554715,0,1,39.67339939128791,39.62625311362864,0.0,952219.03,0.0,100.0,0,0,2.15
2297,2024,Utah,UT-02,Nathaniel Woodward,Celeste Maloy,121114.0,205234.0,37.11191733977227,0,1,39.57329449059842,41.09998737098311,0.0,857462.82,0.0,100.0,0,0,2.15
2298,2024,Utah,UT-03,Glenn Wright,Mike Kennedy,122780.0,242496.0,33.61293925689068,0,0,40.06645848127017,39.961335836179295,53294.56,543311.67,8.932953985411785,91.06704601458824,0,0,2.15
2299,2024,Utah,UT-04,Katrina Fallick-Wang,Burgess Owens,109838.0,230627.0,32.2611722203457,0,1,36.26712366570631,36.43999231678143,11086.31,999345.62,1.0971852403753708,98.90281475962462,0,0,2.15
2300,2024,Vermont,VT-00,Becca Balint,Mark Coester,218398.0,104451.0,67.64710437387139,1,0,66.38521788584009,68.29918655280656,1019541.81,14194.59,98.62686561100102,1.373134388998975,2,0,2.15
2301,2024,Virginia,VA-01,Leslie Mehta,Rob Wittman,208445.0,269657.0,43.5984371535781,0,1,47.49778764301868,46.86523749584227,634444.06,1413780.54,30.97531686710529,69.02468313289471,0,0,2.15
2302,2024,Virginia,VA-02,Missy Cotter Smasal,Jen Kiggans,191666.0,207368.0,48.03249848383848,0,1,49.87389164495345,50.97495638386241,2642920.22,3666558.91,41.888088787449554,58.11191121255044,0,0,2.15
2303,2024,Virginia,VA-03,Bobby Scott,John Sitka,219926.0,93801.0,70.1010751385759,1,0,67.58567739233615,69.51132012902836,382400.0,3005.0,99.22030072261649,0.7796992773835316,3,0,2.15
2304,2024,Virginia,VA-04,Jennifer McClellan,Bill Moher,252885.0,121814.0,67.49017211148148,0,0,66.58911356003247,68.07006191603111,1941934.59,8542.0,99.56205575376836,0.4379442462316351,3,0,2.15
2305,2024,Virginia,VA-05,Gloria Witt,John McGuire,184229.0,249564.0,42.469334452146526,0,0,43.796457468145086,45.80744283730863,344421.33,0.0,100.0,0.0,1,0,2.15
2306,2024,Virginia,VA-06,Ken Mitchell,Ben Cline,141612.0,256933.0,35.5322485541156,0,1,37.92114748177577,39.06856592855241,211860.02,522502.02,28.8495331267395,71.1504668732605,2,0,2.15
2307,2024,Virginia,VA-07,Eugene Vindman,Derrick Anderson,203336.0,192847.0,51.32375695070207,0,0,51.45707774120031,53.452974912824736,17428791.3,2011768.45,89.6516948283858,10.348305171614207,1,0,2.15
2308,2024,Virginia,VA-08,Don Beyer,Heerak Christian Kim,274593.0,94676.0,74.36123801348069,1,0,75.45211223979223,78.3841134460258,1137331.96,0.0,100.0,0.0,6,0,2.15
2309,2024,Virginia,VA-09,Karen Baker,Morgan Griffith,109570.0,290645.0,27.377784440863035,0,1,27.78709167766588,28.81041548897682,206639.46,319487.87,39.275560917924565,60.72443908207544,2,0,2.15
2310,2024,Virginia,VA-10,Suhas Subramanyam,Mike Clancy,215131.0,196343.0,52.28301180633528,0,0,54.28822551698571,59.164630357226855,2342712.88,454000.06,83.7666550075032,16.233344992496797,0,0,2.15
2311,2024,Virginia,VA-11,Gerry Connolly,Michael Von Meter,273529.0,134802.0,66.98707666084623,1,0,67.64558177045839,70.93220745574054,1412164.46,63794.55,95.67775598320983,4.322244016790141,6,0,2.15
2312,2024,Washington,WA-01,Suzan DelBene,Jeb Brewer,227213.0,132538.0,63.15840678691651,1,0,64.85708313009546,65.74051994539028,1635590.56,13741.0,99.16687460949332,0.833125390506685,0,0,2.15
2313,2024,Washington,WA-02,Rick Larsen,Cody Hart,263750.0,148167.0,64.02988951657737,1,0,62.22467903170181,61.77293123974161,966214.09,0.0,100.0,0.0,0,0,2.15
2314,2024,Washington,WA-03,Marie Gluesenkamp Perez,Joe Kent,215177.0,199054.0,51.946136334557295,1,0,48.3018739036773,47.84404564517702,9323061.58,326850.81,96.61291422356632,3.3870857764336653,2,0,2.15
2315,2024,Washington,WA-05,Carmela Conroy,Michael Baumgartner,156074.0,240619.0,39.34377465697656,0,0,44.44572228867012,44.86605038430812,554099.69,1043109.32,34.69174582229535,65.30825417770465,2,0,2.15
2316,2024,Washington,WA-06,Emily Randall,Drew MacEwen,239687.0,182182.0,56.81550433902467,0,0,59.94572591587517,58.87414436224958,1548226.76,236610.22,86.74331478721379,13.256685212786213,0,0,2.15
2317,2024,Washington,WA-07,Pramila Jayapal,Dan Alexander,352286.0,66220.0,84.17704883562004,1,0,88.78025583717724,88.50531744628272,2393461.1,0.0,100.0,0.0,0,0,2.15
2318,2024,Washington,WA-08,Kim Schrier,Carmen Goers,224607.0,190675.0,54.08541665663332,1,0,52.98346617994,53.45217670016403,5080931.14,147981.7,97.16993370270062,2.830066297299384,0,0,2.15
2319,2024,Washington,WA-10,Marilyn Strickland,Don Hewett,203732.0,143492.0,58.67451558648021,1,0,59.3021270191342,59.13209892698247,1150466.21,39.57,99.99656064309386,0.0034393569061426,0,0,2.15
2320,2024,West Virginia,WV-01,Chris Reed,Carol Miller,90038.0,228491.0,28.266814010655235,0,1,27.40062084901521,29.225295624498663,0.0,581652.27,0.0,100.0,2,0,2.15
2321,2024,West Virginia,WV-02,Steve Wendelin,Riley Moore,110775.0,268190.0,29.230931616376186,0,0,29.808343248676817,31.15681090717556,31206.98,820122.37,3.665676509332141,96.33432349066786,2,0,2.15
2322,2024,Wisconsin,WI-01,Peter Barca,Bryan Steil,172402.0,212515.0,44.78939615553482,0,1,47.71253674841932,48.9819587628866,1890259.4,2320624.1,44.88985268768418,55.11014731231582,0,0,2.15
2323,2024,Wisconsin,WI-02,Mark Pocan,Erik Olsen,320317.0,136357.0,70.14128240276433,1,0,70.37283405450263,71.16993365293479,493254.97,128023.17,79.3935820758155,20.606417924184488,0,0,2.15
2324,2024,Wisconsin,WI-03,Rebecca Cooke,Derrick Van Orden,200808.0,212064.0,48.63686566296576,0,1,46.24317055226562,47.6200032417663,5788499.69,5011673.47,53.59636002354614,46.40363997645385,2,0,2.15
2325,2024,Wisconsin,WI-04,Gwen Moore,Tim Rogers,249938.0,74921.0,76.93737898596005,1,0,76.23479665386125,76.8665955554505,392401.61,0.0,100.0,0.0,6,0,2.15
2326,2024,Wisconsin,WI-05,Ben Steinhoff,Scott Fitzgerald,165653.0,300521.0,35.53458579843578,0,1,38.77323169007247,38.39337138070056,88302.73,532106.8,14.232974467687496,85.7670255323125,2,0,2.15
2327,2024,Wisconsin,WI-06,John Zarbano,Glenn Grothman,159042.0,251889.0,38.702847923374,0,1,41.65230396695392,42.03751738840252,77421.24,731502.63,9.570893241164956,90.42910675883503,2,0,2.15
2328,2024,Wisconsin,WI-07,Kyle Kilbourn,Tom Tiffany,156524.0,273553.0,36.39441309346931,0,1,38.57861009833168,39.86558435471116,218083.15,1005255.88,17.826877476475183,82.17312252352481,2,0,2.15
2329,2024,Wisconsin,WI-08,Kristin Lyerly,Tony Wied,178666.0,240040.0,42.67099110115451,0,0,41.76808288006335,42.1320910513797,2662325.57,349521.18,88.39512070127738,11.60487929872262,2,0,2.15
2330,2024,Wyoming,WY-00,Kyle Cameron,Harriet Hageman,60778.0,184680.0,24.76105891843004,0,1,26.520826975892582,27.519565624414906,14615.56,2484952.21,0.5847234940143271,99.41527650598567,2,0,2.15
