...1,year,state,state_po,special,district,dem,rep,totalvotes,dem_cand,rep_cand,dem_inc,rep_inc,dem_funds,rep_funds,2party_votes,dem_pct_2p,rep_pct_2p,dem_tot_funds,rep_tot_funds,tot_funds,dem_funds_2p_pct,rep_funds_2p_pct,dem_poll_avg,dem_effn,rep_poll_avg,rep_effn,seat_number,prev_lean,prev2_lean,generic_ballot_avg,pres_approval_avg,incumbent_pres,ics,pres_approval_avg_x_incpres,ics_x_incpres,cvap_white_pct,cvap_aapi_pct,cvap_hisp_pct,cvap_black_pct,cvap_natam_pct,college,no_dem_cand_flag,no_rep_cand_flag,dem_inc_any,rep_inc_any,dem_inc_dummy,rep_inc_dummy,pvi,census_region,dem_scandal_score,rep_scandal_score,Year,Geography,dem_stand,rep_stand,dem_funds_2p_pct_sqrd,effn,sqrt_effn,poll_margin,y_pred,y_act,y_pred_sd,fund_chances,abs_err,err,z,in_95_ci,in_68_ci,index,district_id
1203,2024,Alabama,AL,FALSE,AL-01,70929,258619,329854,Tom Holmes,Barry Moore,False,True,3076.82,649617.39,329548,21.523116511100053,78.47688348889996,3076.82,649617.39,652694.21,0.4714029867064395,99.52859701329358,0,0,0,0,1,-27.729089817651893,-28.56301004344668,-0.8352436655714882,-16.17152089636,1,71.8,-16.17152089636,71.8,77.44116832161019,1.037832813463584,3.181960370731184,15.563380911097804,0.48209354080456174,24.14,FALSE,FALSE,FALSE,TRUE,0,1,-27.93756987410059,East South Central,0,0,2024,AL-01,Tom Holmes,Barry Moore,0.22222077587575156,0,0,0,21.532019934535864,21.523116511100053,1.5756927183218608,0,0.008903423435810964,0.008903423435810964,0.0056504820592769255,TRUE,TRUE,1,AL01
1204,2024,Alabama,AL,FALSE,AL-02,158041,131414,289674,Shomari Figures,Caroleene Dobson,False,False,1875364.5,1226100.44,289455,54.59950596811248,45.40049403188751,1875364.5,1226100.44,3101464.94,60.46705464289401,39.53294535710599,49.4459430309752,3.46,41.04029130609538,3.46,2,3.987437591502165,4.245076081857178,-0.8352436655714882,-16.17152089636,1,71.8,-16.17152089636,71.8,44.148607273820936,1.2867142272709442,2.1193050099286967,50.20744717615917,0.368566662370147,25.27,FALSE,FALSE,FALSE,FALSE,0,0,4.051847214090918,East South Central,0,0,2024,AL-02,Shomari Figures,Caroleene Dobson,3656.2646971867302,3.46,1.8601075237738274,-8.405651724879824,54.21312086887516,54.59950596811248,1.5959323865752308,99.52,0.386385099237323,-0.386385099237323,-0.2421061834997163,TRUE,TRUE,2,AL02
1205,2024,Alabama,AL,FALSE,AL-06,102504,243741,346625,Elizabeth Anderson,Gary Palmer,False,True,186789.39,1046435.31,346245,29.60447082268336,70.39552917731665,186789.39,1046435.31,1233224.7000000002,15.14641978870517,84.85358021129483,0,0,0,0,6,-21.50977565339792,-24.893037772858136,-0.8352436655714882,-16.17152089636,1,71.8,-16.17152089636,71.8,75.9289889859786,1.3338234229417627,2.767521167601364,18.102313631359795,0.1427571624554232,37.79,FALSE,FALSE,FALSE,TRUE,0,1,-22.355591183262973,East South Central,0,0,2024,AL-06,Elizabeth Anderson,Gary Palmer,229.41403241567957,0,0,0,28.78984941998126,29.60447082268336,1.5881655252535256,0,0.8146214027021017,-0.8146214027021017,-0.5129323044410375,TRUE,TRUE,3,AL06
1206,2024,Alabama,AL,FALSE,AL-07,186723,106312,293220,Terri Sewell,Robin Litaker,True,False,972896.99,19175.59,293035,63.720374699268,36.27962530073199,972896.99,19175.59,992072.58,98.06711823443402,1.9328817655659831,0,0,0,0,7,12.303187225051424,12.248327179292971,-0.8352436655714882,-16.17152089636,1,71.8,-16.17152089636,71.8,42.70283254055195,0.8656299245553569,1.8631878910074209,52.55794825509243,0.17469092444253578,25.619999999999997,FALSE,FALSE,TRUE,FALSE,1,0,12.28947221361181,East South Central,0,0,2024,AL-07,Terri Sewell,Robin Litaker,9617.159678806462,0,0,0,63.813439927603625,63.720374699268,1.584606576437964,100,0.09306522833562525,0.09306522833562525,0.05873081035977177,TRUE,TRUE,4,AL07
1207,2024,Alaska,AK,FALSE,AK-00,156985,164861,321846,Mary Peltola,Nick Begich,True,False,10800004.13,2309088.23,321846,48.776433449537976,51.22356655046202,10800004.13,2309088.23,13109092.36,82.38559797590746,17.614402024092534,0,0,0,0,0,-7.5316836480557825,-9.498943641780947,-0.8352436655714882,-16.17152089636,1,71.8,-16.17152089636,71.8,64.4639480048031,6.481397278121224,6.05138274633968,3.0774712844201857,12.640422850716105,30.75,FALSE,FALSE,TRUE,FALSE,1,0,-8.023498646487074,Pacific,0,0,2024,AK-00,Mary Peltola,Nick Begich,6787.386753847847,0,0,0,49.01022062002981,48.776433449537976,1.5988194945597358,27.195000000000004,0.23378717049183706,0.23378717049183706,0.14622486859044376,TRUE,TRUE,5,AK00
1208,2024,Arizona,AZ,FALSE,AZ-01,208966,225538,434504,Amish Shah,David Schweikert,False,True,5303935.32,1753393.57,434504,48.09299799311399,51.90700200688602,5303935.32,1753393.57,7057328.890000001,75.15499706291851,24.845002937081482,48,2.03,47.35882347506259,2.03,1,-1.5175915449112196,-3.392517884972733,-0.8352436655714882,-16.17152089636,1,71.8,-16.17152089636,71.8,76.78919911119698,3.327858822013976,12.79280584806621,3.238334460438605,1.2216210994106849,50.61,FALSE,FALSE,FALSE,TRUE,0,1,-1.986323129926598,Mountain,0,0.4723665527410147,2024,AZ-01,Amish Shah,David Schweikert,5648.27358352729,2.03,1.4247806848775006,-0.6411765249374071,48.33456015830515,48.09299799311399,1.549830177824648,14.469999999999999,0.24156216519116214,0.24156216519116214,0.15586363502756181,TRUE,TRUE,6,AZ01
1209,2024,Arizona,AZ,FALSE,AZ-02,184963,221413,406431,Jonathan Nez,Eli Crane,False,True,5320391.09,8412660.34,406376,45.51523712030238,54.48476287969763,5320391.09,8412660.34,13733051.43,38.74150706504709,61.25849293495291,42,1.12,42,1.12,2,-6.26922897438012,-6.610438657981568,-0.8352436655714882,-16.17152089636,1,71.8,-16.17152089636,71.8,61.65272226886983,1.196314331039111,14.154285795303275,2.311025972655222,17.555290548108566,25.05,FALSE,FALSE,FALSE,TRUE,0,1,-6.354531395280482,Mountain,0,0,2024,AZ-02,Jonathan Nez,Eli Crane,1500.9043696710935,1.12,1.0583005244258363,0,45.18270246137337,45.51523712030238,1.5720538240323072,0.09,0.33253465892901346,-0.33253465892901346,-0.2115287999974863,TRUE,TRUE,7,AZ02
1210,2024,Arizona,AZ,FALSE,AZ-03,143336,53705,202065,Yassamin Ansari,Jeff Zink,False,False,1976336.45,25347.0,197041,72.7442511964515,27.255748803548503,1976336.45,25347,2001683.45,98.7337158630152,1.2662841369847966,0,0,0,0,3,23.459129498606195,25.77530163931537,-0.8352436655714882,-16.17152089636,1,71.8,-16.17152089636,71.8,29.427764455102583,2.7540634159339197,50.881961097788434,11.967386091127098,2.200266453503864,18.02,FALSE,FALSE,FALSE,FALSE,0,0,24.03817253378349,Mountain,0,0,2024,AZ-03,Yassamin Ansari,Jeff Zink,9748.34664811862,0,0,0,73.10322128049611,72.7442511964515,1.5798725076166524,100,0.35897008404461417,0.35897008404461417,0.22721458998368516,TRUE,TRUE,8,AZ03
1211,2024,Arizona,AZ,FALSE,AZ-04,176428,152052,334545,Greg Stanton,Kelly Cooper,True,False,1959812.31,607197.81,328480,53.71042377009256,46.28957622990745,1959812.31,607197.81,2567010.12,76.34610766552022,23.65389233447977,0,0,0,0,4,2.982997896148653,0.2404706735989137,-0.8352436655714882,-16.17152089636,1,71.8,-16.17152089636,71.8,64.4137778571368,4.360040473093045,20.664404934996472,5.171372939145813,1.7296295351546225,37.21,FALSE,FALSE,TRUE,FALSE,1,0,2.2973660905112183,Mountain,0,0,2024,AZ-04,Greg Stanton,Kelly Cooper,5828.728155675206,0,0,0,54.614968348032285,53.71042377009256,1.4670560413601206,99.955,0.9045445779397241,0.9045445779397241,0.616571250475962,TRUE,TRUE,9,AZ04
1212,2024,Arizona,AZ,FALSE,AZ-05,167680,255628,423308,Katrina Schaffner,Andy Biggs,False,True,65924.25,1283197.96,423308,39.61181928997326,60.38818071002674,65924.25,1283197.96,1349122.21,4.886455023225805,95.1135449767742,0,0,0,0,5,-10.58864813540854,-12.68503102999599,-0.8352436655714882,-16.17152089636,1,71.8,-16.17152089636,71.8,72.35594115327287,4.749045846172356,15.303557941032958,3.532708593734334,0.7024978443810199,39.69,FALSE,FALSE,FALSE,TRUE,0,1,-11.112743859055405,Mountain,0,0,2024,AZ-05,Katrina Schaffner,Andy Biggs,23.877442694008703,0,0,0,39.374090319293735,39.61181928997326,1.5658491557981193,0,0.2377289706795267,-0.2377289706795267,-0.15182111878353655,TRUE,TRUE,10,AZ05
1213,2024,Arizona,AZ,FALSE,AZ-06,204774,215596,431220,Kirsten Engel,Juan Ciscomani,False,True,6839057.76,3626926.69,420370,48.71280062801818,51.28719937198183,6839057.76,3626926.69,10465984.45,65.34557539878631,34.6544246012137,43.866638374064365,1.73,43.18670627630989,1.73,6,-2.2330459068923503,-3.951884216093056,-0.8352436655714882,-16.17152089636,1,71.8,-16.17152089636,71.8,68.78801247912268,2.793149087700501,21.19922478177292,3.3941007783695207,0.7504805722749188,38,FALSE,FALSE,FALSE,TRUE,0,1,-2.6627554841925267,Mountain,0,0,2024,AZ-06,Kirsten Engel,Juan Ciscomani,4270.0442241984665,1.73,1.3152946437965904,-0.6799320977544738,48.35298777769151,48.71280062801818,1.468303688873624,13.095,0.3598128503266693,-0.3598128503266693,-0.2450534266536452,TRUE,TRUE,11,AZ06
1214,2024,Arizona,AZ,FALSE,AZ-07,171954,99057,271011,Raul Grijalva,Daniel Butierez,True,False,474597.04,31011.47,271011,63.449085092487024,36.550914907512976,474597.04,31011.47,505608.51,93.86650553013833,6.133494469861672,0,0,0,0,7,14.362636693903234,16.896250020002547,-0.8352436655714882,-16.17152089636,1,71.8,-16.17152089636,71.8,37.2926915580427,1.850076001635548,51.72053401004432,3.891393754480796,2.830121217566371,20.91,FALSE,FALSE,TRUE,FALSE,1,0,14.996040025428062,Mountain,0.4168620196785084,0,2024,AZ-07,Raul Grijalva,Daniel Butierez,8810.92086043949,0,0,0,63.677107879037294,63.449085092487024,1.549003442060702,100,0.22802278655026953,0.22802278655026953,0.14720611998571262,TRUE,TRUE,12,AZ07
1215,2024,Arizona,AZ,FALSE,AZ-08,160344,208269,368613,Greg Whitten,Abraham Hamadeh,False,False,466676.08,1337550.08,368613,43.49927973240227,56.50072026759773,466676.08,1337550.08,1804226.16,25.86571962796505,74.13428037203495,0,0,0,0,8,-9.132718304933723,-11.24405923888397,-0.8352436655714882,-16.17152089636,1,71.8,-16.17152089636,71.8,71.74240375530427,3.33012823723053,16.980999789665567,3.8401057681713926,1.0099391365604644,31.480000000000004,FALSE,FALSE,FALSE,FALSE,0,0,-9.660553538421285,Mountain,0,0,2024,AZ-08,Greg Whitten,Abraham Hamadeh,669.0354518724964,0,0,0,42.71167356130757,43.49927973240227,1.6021123768816528,0,0.7876061710947013,-0.7876061710947013,-0.491604822770108,TRUE,TRUE,13,AZ08
1216,2024,Arizona,AZ,FALSE,AZ-09,132640,249583,382223,Quacy Smith,Paul Gosar,False,True,145521.92,432326.32,382223,34.70225496634164,65.29774503365836,145521.92,432326.32,577848.24,25.18341493953499,74.81658506046502,0,0,0,0,9,-15.340271154940446,-16.615050304333273,-0.8352436655714882,-16.17152089636,1,71.8,-16.17152089636,71.8,64.47480152153669,2.0190349921871302,24.744069321464085,4.538725002762126,1.1446249033255993,21.77,FALSE,FALSE,FALSE,TRUE,0,1,-15.658965942288653,Mountain,0,0,2024,AZ-09,Quacy Smith,Paul Gosar,634.2043880167942,0,0,0,34.133707345788316,34.70225496634164,1.566364790269738,0,0.5685476205533249,-0.5685476205533249,-0.3629726766620037,TRUE,TRUE,14,AZ09
1217,2024,Arkansas,AR,FALSE,AR-01,64113,194711,267177,Rodney Govens,Rick Crawford,False,True,61360.46,325357.92,258824,24.770886780205853,75.22911321979414,61360.46,325357.92,386718.38,15.86696241332,84.13303758667999,0,0,0,0,1,-23.343454996921203,-19.452262119706734,-0.8352436655714882,-16.17152089636,1,71.8,-16.17152089636,71.8,78.3957679768715,0.4583520066081424,2.4432552131389556,15.943725340292971,0.2400724083691421,17.57,FALSE,FALSE,FALSE,TRUE,0,1,-22.370656777617587,West South Central,0,0,2024,AR-01,Rodney Govens,Rick Crawford,251.76049622570963,0,0,0,24.965634691123295,24.770886780205853,1.5665817129719888,0,0.19474791091744237,0.19474791091744237,0.12431391819835737,TRUE,TRUE,15,AR01
1218,2024,Arkansas,AR,FALSE,AR-02,125777,180509,306286,Marcus Jones,French Hill,False,True,454577.07,1757301.56,306286,41.06521355856944,58.93478644143055,454577.07,1757301.56,2211878.63,20.55162809724329,79.4483719027567,0,0,0,0,2,-9.010669794571475,-9.108116624796011,-0.8352436655714882,-16.17152089636,1,71.8,-16.17152089636,71.8,72.7542733091185,1.0554177761228634,3.4469252548529195,20.171494411151,0.21182124113898704,32.53,FALSE,FALSE,FALSE,TRUE,0,1,-9.035031502127609,West South Central,0,0,2024,AR-02,Marcus Jones,French Hill,422.36941744739994,0,0,0,40.359985654069874,41.06521355856944,1.5668996692331176,0,0.7052279044995657,-0.7052279044995657,-0.4500785330082577,TRUE,TRUE,16,AR02
1219,2024,Arkansas,AR,FALSE,AR-03,95652,192101,301084,Caitlin Draper,Steve Womack,False,True,250700.58,1075585.74,287753,33.2410087818372,66.7589912181628,250700.58,1075585.74,1326286.32,18.902447851531782,81.09755214846821,0,0,0,0,3,-14.340126369002247,-16.62672378858688,-0.8352436655714882,-16.17152089636,1,71.8,-16.17152089636,71.8,80.42773542844415,2.733817717259445,9.752721208026758,2.6732543862394222,0.7309938829194839,31.069999999999997,FALSE,FALSE,FALSE,TRUE,0,1,-14.911775723898405,West South Central,0,0,2024,AR-03,Caitlin Draper,Steve Womack,357.3025347798785,0,0,0,33.39593180984212,33.2410087818372,1.568753662176821,0,0.15492302800491586,0.15492302800491586,0.09875548452262597,TRUE,TRUE,17,AR03
1220,2024,Arkansas,AR,FALSE,AR-04,73207,197046,270253,Risie Howard,Bruce Westerman,False,True,5733.21,1095592.31,270253,27.088320943708304,72.9116790562917,5733.21,1095592.31,1101325.52,0.520573608427779,99.47942639157222,0,0,0,0,4,-20.391524406217897,-17.041989496907895,-0.8352436655714882,-16.17152089636,1,71.8,-16.17152089636,71.8,72.99945602001563,0.5709131953242529,4.195910758931815,19.51647798652985,0.3221353783673158,18.06,FALSE,FALSE,FALSE,TRUE,0,1,-19.55414067889039,West South Central,0,0,2024,AR-04,Risie Howard,Bruce Westerman,0.2709968817915186,0,0,0,27.15326907534203,27.088320943708304,1.5688348445037352,0,0.06494813163372726,0.06494813163372726,0.04139896042038262,TRUE,TRUE,18,AR04
1221,2024,California,CA,FALSE,CA-01,110636,208592,319228,Rose Penelope Yee,Doug LaMalfa,False,True,60194.56,627954.84,319228,34.65736088313055,65.34263911686945,60194.56,627954.84,688149.3999999999,8.747309813828219,91.2526901861718,0,0,0,0,1,-12.063962010686636,-12.831906322739512,-0.8352436655714882,-16.17152089636,1,71.8,-16.17152089636,71.8,70.49343602629231,5.287959068480181,17.213634129021685,1.996504069481619,1.1909834125380092,22.66,FALSE,FALSE,FALSE,TRUE,0,1,-12.255948088699856,Pacific,0,0,2024,CA-01,Rose Penelope Yee,Doug LaMalfa,76.51542897909546,0,0,0,35.06945935115807,34.65736088313055,1.551561252086881,0,0.4120984680275228,0.4120984680275228,0.2656024488064794,TRUE,TRUE,19,CA01
1222,2024,California,CA,FALSE,CA-02,272883,106734,379617,Jared Huffman,Chris Coulombe,True,False,532702.44,104968.33,379617,71.8837670599578,28.1162329400422,532702.44,104968.33,637670.7699999999,83.53878914663126,16.46121085336874,0,0,0,0,2,23.086942265345208,23.508905949860583,-0.8352436655714882,-16.17152089636,1,71.8,-16.17152089636,71.8,75.25723077580588,3.9929980518486072,13.875681585873586,1.688516591340521,1.3683359510504705,42.29,FALSE,FALSE,TRUE,FALSE,1,0,23.192433186474048,Pacific,0,0,2024,CA-02,Jared Huffman,Chris Coulombe,6978.729292085317,0,0,0,72.17615053485412,71.8837670599578,1.5432201777141121,100,0.29238347489631167,0.29238347489631167,0.1894632270356932,TRUE,TRUE,20,CA02
1223,2024,California,CA,FALSE,CA-03,188067,234246,422313,Jessica Morse,Kevin Kiley,False,True,2815071.91,3014958.68,422313,44.53260969944093,55.46739030055906,2815071.91,3014958.68,5830030.59,48.28571422641541,51.7142857735846,0,0,0,0,3,-3.193477961430254,-5.341381101392919,-0.8352436655714882,-16.17152089636,1,71.8,-16.17152089636,71.8,75.58325169314648,6.309664778293649,12.082293308344337,1.8537291817523531,0.6212037313114964,40.26,FALSE,FALSE,FALSE,TRUE,0,1,-3.73045374642092,Pacific,0,0,2024,CA-03,Jessica Morse,Kevin Kiley,2331.5101983550553,0,0,0,44.695853589769534,44.53260969944093,1.5221507053154713,0.03,0.16324389032860154,0.16324389032860154,0.10724555049545416,TRUE,TRUE,21,CA03
1224,2024,California,CA,FALSE,CA-04,227730,114950,342680,Mike Thompson,John Munn,True,False,894741.21,30889.98,342680,66.45558538578265,33.544414614217345,894741.21,30889.98,925631.19,96.6628198861795,3.337180113820495,0,0,0,0,4,16.467395682792805,17.33675256704762,-0.8352436655714882,-16.17152089636,1,71.8,-16.17152089636,71.8,60.59808948706762,8.133644632911716,23.968120391886984,3.014178247607295,0.4300753362017192,35.36,FALSE,FALSE,TRUE,FALSE,1,0,16.68473490385651,Pacific,0,0,2024,CA-04,Mike Thompson,John Munn,9343.70074834798,0,0,0,66.72392463704693,66.45558538578265,1.5389649605525961,100,0.2683392512642797,0.2683392512642797,0.17436345735118436,TRUE,TRUE,22,CA04
1225,2024,California,CA,FALSE,CA-05,140919,227643,368562,Michael Barkley,Tom McClintock,False,True,13690.57,937576.95,368562,38.23481530922884,61.76518469077116,13690.57,937576.95,951267.52,1.4391924156098592,98.56080758439016,0,0,0,0,5,-8.560854164684393,-9.228271301670269,-0.8352436655714882,-16.17152089636,1,71.8,-16.17152089636,71.8,66.20022361139434,5.507133766023725,21.9884537764308,2.4468922938450612,0.5122669835666721,30.15,FALSE,FALSE,FALSE,TRUE,0,1,-8.727708448930862,Pacific,0,0,2024,CA-05,Michael Barkley,Tom McClintock,2.071274809148942,0,0,0,38.30574068180886,38.23481530922884,1.4504083439010005,0,0.07092537258001386,0.07092537258001386,0.04890027893058988,TRUE,TRUE,23,CA05
1226,2024,California,CA,FALSE,CA-06,165408,121664,287072,Ami Bera,Christine Bish,True,False,458165.56,172729.28,287072,57.61899453795564,42.38100546204437,458165.56,172729.28,630894.84,72.62154180877435,27.378458191225658,0,0,0,0,6,7.196282526254613,7.946986302129389,-0.8352436655714882,-16.17152089636,1,71.8,-16.17152089636,71.8,54.11420749983521,11.57177809917836,18.878514457209995,9.874020449866034,0.3526574356627982,29.33,FALSE,FALSE,TRUE,FALSE,1,0,7.383958470223307,Pacific,0,0,2024,CA-06,Ami Bera,Christine Bish,5273.888334683561,0,0,0,56.96641071853455,57.61899453795564,1.5367087458622648,100,0.6525838194210962,-0.6525838194210962,-0.4246633079809304,TRUE,TRUE,24,CA06
1227,2024,California,CA,FALSE,CA-07,197429,98341,295770,Doris Matsui,Tom Silva,True,False,366890.42,1551.5,295770,66.75085370389154,33.249146296108464,366890.42,1551.5,368441.92,99.57890242239536,0.4210975776046331,0,0,0,0,7,16.75113397524293,19.42566689585312,-0.8352436655714882,-16.17152089636,1,71.8,-16.17152089636,71.8,37.84407329467485,23.584801172895013,22.47873564620921,11.035124901679936,0.22113801602781308,33.410000000000004,FALSE,FALSE,TRUE,FALSE,1,0,17.419767205395477,Pacific,0,0,2024,CA-07,Doris Matsui,Tom Silva,9915.957807648936,0,0,0,66.86510538439948,66.75085370389154,1.5424294917960044,100,0.1142516805079481,0.1142516805079481,0.07407254666462158,TRUE,TRUE,25,CA07
1228,2024,California,CA,FALSE,CA-08,201962,71068,273030,John Garamendi,Rudy Recile,True,False,551472.99,17223.01,273030,73.97062593854156,26.029374061458448,551472.99,17223.01,568696,96.97149091957742,3.0285090804225803,0,0,0,0,8,25.30628865344276,28.402780747976244,-0.8352436655714882,-16.17152089636,1,71.8,-16.17152089636,71.8,31.72116580949309,20.14040683521631,26.30584567669964,16.529659140769475,0.2470342862752719,29.78,FALSE,FALSE,TRUE,FALSE,1,0,26.08041167707613,Pacific,0,0,2024,CA-08,John Garamendi,Rudy Recile,9403.470051165687,0,0,0,74.34817392135541,73.97062593854156,1.4323339712842778,100,0.3775479828138515,0.3775479828138515,0.26358935163377406,TRUE,TRUE,26,CA08
1229,2024,California,CA,FALSE,CA-09,130183,121174,251357,Josh Harder,Kevin Lincoln,True,False,4507023.42,1335500.51,251357,51.79207262976563,48.207927370234366,4507023.42,1335500.51,5842523.93,77.14171946917469,22.858280530825315,40,0.91,44,0.91,9,4.174905517354389,5.790079723407004,-0.8352436655714882,-16.17152089636,1,71.8,-16.17152089636,71.8,37.2885313800075,17.18746479363694,33.562545960306686,8.126089476907698,0.32159412363552936,20.42,FALSE,FALSE,TRUE,FALSE,1,0,4.578699068867543,Pacific,0,0,2024,CA-09,Josh Harder,Kevin Lincoln,5950.8448826608455,0.91,0.9539392014169457,4,52.59551824225052,51.79207262976563,1.550879974831379,95.355,0.803445612484893,0.803445612484893,0.5180578932758794,TRUE,TRUE,27,CA09
1230,2024,California,CA,FALSE,CA-10,242325,122219,364544,Mark DeSaulnier,Katherine Piccinini,True,False,285976.17,38179.38,364544,66.47345725070225,33.526542749297754,285976.17,38179.38,324155.55,88.22189532155164,11.778104678448356,0,0,0,0,10,17.835307944342482,18.16055482225827,-0.8352436655714882,-16.17152089636,1,71.8,-16.17152089636,71.8,55.40348888036297,19.556092560885524,14.945609122473485,5.550942654320634,0.17923507281066936,54.75,FALSE,FALSE,TRUE,FALSE,1,0,17.91661966382143,Pacific,0,0,2024,CA-10,Mark DeSaulnier,Katherine Piccinini,7783.102814126815,0,0,0,66.5471115013425,66.47345725070225,1.5382349244823024,100,0.07365425064024578,0.07365425064024578,0.04788231593755703,TRUE,TRUE,28,CA10
1231,2024,California,CA,FALSE,CA-11,274796,64315,339111,Nancy Pelosi,Bruce Lou,True,False,9554439.66,99069.66,339111,81.03423362851692,18.965766371483085,9554439.66,99069.66,9653509.32,98.97374460710624,1.026255392893742,0,0,0,0,11,35.758817554388365,39.53179087312386,-0.8352436655714882,-16.17152089636,1,71.8,-16.17152089636,71.8,46.424149093890726,31.51124330667417,11.969045508137492,5.429066941587371,0.21340904758114815,64.01,FALSE,FALSE,TRUE,FALSE,1,0,36.70206088407224,Pacific,0,0,2024,CA-11,Nancy Pelosi,Bruce Lou,9795.802121552691,0,0,0,82.02328298194935,81.03423362851692,1.5540593567397611,100,0.9890493534324349,0.9890493534324349,0.6364295862593996,TRUE,TRUE,29,CA11
1232,2024,California,CA,FALSE,CA-13,105554,105367,210921,Adam Gray,John Duarte,False,True,5255055.1,1761346.96,210921,50.04432939346959,49.9556706065304,5255055.1,1761346.96,7016402.06,74.89672135464825,25.103278645351747,46.3,0.7,45.2,0.7,13,3.28246835364596,5.47197313222005,-0.8352436655714882,-16.17152089636,1,71.8,-16.17152089636,71.8,30.988854102589997,7.645130785262443,54.613749667183875,3.808564162359184,0.3298322606707737,13.13,FALSE,FALSE,FALSE,TRUE,0,1,3.8298445482894823,Pacific,0,0,2024,CA-13,Adam Gray,John Duarte,5609.518869675823,0.7,0.8366600265340756,-1.0999999999999943,49.33985197650397,50.04432939346959,1.4402958472684024,32.335,0.7044774169656165,-0.7044774169656165,-0.4891199390053754,TRUE,TRUE,30,CA13
1233,2024,California,CA,FALSE,CA-14,187263,89125,276388,Eric Swalwell,Vin Kruttiventi,True,False,3347503.42,98311.78,276388,67.75366513741552,32.24633486258448,3347503.42,98311.78,3445815.2,97.14692244668258,2.853077553317427,0,0,0,0,14,20.94853866643131,23.93587238892579,-0.8352436655714882,-16.17152089636,1,71.8,-16.17152089636,71.8,32.794853895339124,36.23665400411997,20.679708947010024,6.336269845008716,0.2584615648166786,46.32,FALSE,FALSE,TRUE,FALSE,1,0,21.695372097054932,Pacific,0,0,2024,CA-14,Eric Swalwell,Vin Kruttiventi,9437.52454086176,0,0,0,68.26553427754442,67.75366513741552,1.5290704558595483,100,0.5118691401288942,0.5118691401288942,0.33475837438841444,TRUE,TRUE,31,CA14
1234,2024,California,CA,FALSE,CA-15,211648,77896,289544,Kevin Mullin,Anna Cheng Kramer,True,False,328461.47,139467.38,289544,73.09700770867295,26.902992291327056,328461.47,139467.38,467928.85,70.19474648763375,29.805253512366253,0,0,0,0,15,26.956434183172284,30.110308233545105,-0.8352436655714882,-16.17152089636,1,71.8,-16.17152089636,71.8,34.80065120198306,38.501908201790805,20.53208765047797,3.0829832577279106,0.13968937010933813,47.9,FALSE,FALSE,TRUE,FALSE,1,0,27.74490269576549,Pacific,0,0,2024,CA-15,Kevin Mullin,Anna Cheng Kramer,4927.30243446317,0,0,0,73.3914393853588,73.09700770867295,1.585921939461297,100,0.29443167668584636,0.29443167668584636,0.18565332212117475,TRUE,TRUE,32,CA15
1235,2024,California,CA,FALSE,CA-17,172462,82415,254877,Ro Khanna,Anita Chen,True,False,10130965.0,72028.44,254877,67.66479517571221,32.33520482428779,10130965,72028.44,10202993.44,99.29404600303262,0.7059539969673841,0,0,0,0,17,21.919058808284756,27.430312585861607,-0.8352436655714882,-16.17152089636,1,71.8,-16.17152089636,71.8,28.724794908695213,49.618552548832106,15.891013668042971,2.601238438220587,0.244013312386502,62.43,FALSE,FALSE,TRUE,FALSE,1,0,23.29687225267897,Pacific,0,0,2024,CA-17,Ro Khanna,Anita Chen,9859.307571652358,0,0,0,68.52512770682765,67.66479517571221,1.5520217972972485,100,0.8603325311154322,0.8603325311154322,0.5543301857059282,TRUE,TRUE,33,CA17
1236,2024,California,CA,FALSE,CA-18,147674,80832,228506,Zoe Lofgren,Peter Hernandez,True,False,1462434.43,191568.19,228506,64.6258741564773,35.374125843522705,1462434.43,191568.19,1654002.62,88.41790286886003,11.582097131139976,0,0,0,0,18,20.253491771604253,24.79515880913508,-0.8352436655714882,-16.17152089636,1,71.8,-16.17152089636,71.8,27.652837345215374,14.21418152526506,52.48102913180308,2.881249742983137,0.2370602592665162,23.5,FALSE,FALSE,TRUE,FALSE,1,0,21.38890853098696,Pacific,0,0,2024,CA-18,Zoe Lofgren,Peter Hernandez,7817.725547727166,0,0,0,65.45893481504356,64.6258741564773,1.4434795450551698,100,0.8330606585662679,0.8330606585662679,0.577119822321021,TRUE,TRUE,34,CA18
1237,2024,California,CA,FALSE,CA-19,252458,111862,364320,Jimmy Panetta,Jason Anderson,True,False,1583704.43,7948.56,364320,69.29567413263065,30.70432586736935,1583704.43,7948.56,1591652.99,99.50060974031784,0.4993902596821685,0,0,0,0,19,17.989004947303776,19.950012141743308,-0.8352436655714882,-16.17152089636,1,71.8,-16.17152089636,71.8,56.800293762008266,17.94989725747943,19.159810983435086,2.2521753966899847,0.17525574356653784,46.39,FALSE,FALSE,TRUE,FALSE,1,0,18.47925674591366,Pacific,0,0,2024,CA-19,Jimmy Panetta,Jason Anderson,9900.371338695033,0,0,0,69.20385280549574,69.29567413263065,1.5588951409753151,100,0.09182132713490887,-0.09182132713490887,-0.05890154168898192,TRUE,TRUE,35,CA19
1238,2024,California,CA,FALSE,CA-21,102798,92733,195531,Jim Costa,Michael Maher,True,False,691703.0,645589.85,195531,52.57376068244933,47.426239317550674,691703,645589.85,1337292.85,51.72412310437464,48.275876895625366,0,0,0,0,21,8.098799567387381,10.3773411848531,-0.8352436655714882,-16.17152089636,1,71.8,-16.17152089636,71.8,25.734710620024902,9.79271403120131,56.772392271874786,5.460788236582744,0.3934253263083069,16.3,FALSE,FALSE,TRUE,FALSE,1,0,8.668434971753811,Pacific,0,0,2024,CA-21,Jim Costa,Michael Maher,2675.3849109165026,0,0,0,52.7640967552871,52.57376068244933,1.4199215278485386,97.45,0.19033607283776632,0.19033607283776632,0.13404689562398778,TRUE,TRUE,36,CA21
1239,2024,California,CA,FALSE,CA-22,78023,89484,167507,Rudy Salas,David Valadao,False,True,4982403.54,1515905.22,167507,46.57894893944731,53.42105106055269,4982403.54,1515905.22,6498308.76,76.67231158157527,23.32768841842473,46.58916766034434,5,44.98455006464144,5,22,4.34132579980303,7.297807986890199,-0.8352436655714882,-16.17152089636,1,71.8,-16.17152089636,71.8,23.718766901027585,4.40334114536386,63.58007331290187,5.987620936241813,0.6218376299501233,9.88,FALSE,FALSE,FALSE,TRUE,0,1,5.080446346574822,Pacific,0,0,2024,CA-22,Rudy Salas,David Valadao,5878.643363262162,5,2.23606797749979,-1.6046175957028979,47.71680775204054,46.57894893944731,1.4409172407826991,5.64,1.1378588125932296,1.1378588125932296,0.7896767283977741,TRUE,TRUE,37,CA22
1240,2024,California,CA,FALSE,CA-23,105563,159286,264849,Derek Marshall,Jay Obernolte,False,True,728478.04,514607.67,264849,39.85780576857002,60.14219423142998,728478.04,514607.67,1243085.71,58.602398381685205,41.3976016183148,0,0,0,0,23,-7.295232371067591,-8.993411959287108,-0.8352436655714882,-16.17152089636,1,71.8,-16.17152089636,71.8,45.66664388710449,4.438109556677178,37.3701320889184,8.583729535004052,0.4721226972303307,20.32,FALSE,FALSE,FALSE,TRUE,0,1,-7.719777268122471,Pacific,0,0,2024,CA-23,Derek Marshall,Jay Obernolte,3434.2410960857405,0,0,0,39.13903662417966,39.85780576857002,1.4368726252286754,0,0.7187691443903574,-0.7187691443903574,-0.5002316362426118,TRUE,TRUE,38,CA23
1241,2024,California,CA,FALSE,CA-24,214724,127755,342479,Salud Carbajal,Thomas Cole,True,False,1257314.73,22951.7,342479,62.69698288070218,37.30301711929783,1257314.73,22951.7,1280266.43,98.20727159111718,1.7927284088828292,0,0,0,0,24,12.607169672768642,12.398756018600231,-0.8352436655714882,-16.17152089636,1,71.8,-16.17152089636,71.8,61.11416881379586,4.971762374833718,28.595469666241907,1.865903464076554,0.2302294645205947,37.84,FALSE,FALSE,TRUE,FALSE,1,0,12.55506625922654,Pacific,0,0,2024,CA-24,Salud Carbajal,Thomas Cole,9644.668193371452,0,0,0,62.23185999732411,62.69698288070218,1.5386218001785887,100,0.46512288337807206,-0.46512288337807206,-0.30229838373802126,TRUE,TRUE,39,CA24
1242,2024,California,CA,FALSE,CA-25,137837,107194,245031,Raul Ruiz,Ian Weeks,True,False,1375473.98,141638.99,245031,56.25288228836352,43.74711771163648,1375473.98,141638.99,1517112.97,90.66391278692976,9.336087213070227,0,0,0,0,25,5.530859496206261,8.026887256810511,-0.8352436655714882,-16.17152089636,1,71.8,-16.17152089636,71.8,31.51950151993082,3.1972720972592183,57.08847898570427,5.384664133107916,0.6964901557136929,16.43,FALSE,FALSE,TRUE,FALSE,1,0,6.154866436357324,Pacific,0,0,2024,CA-25,Raul Ruiz,Ian Weeks,8219.945081836006,0,0,0,56.8810633545147,56.25288228836352,1.534178301659705,99.995,0.6281810661511784,0.6281810661511784,0.40945766569087794,TRUE,TRUE,40,CA25
1243,2024,California,CA,FALSE,CA-26,187393,146913,334306,Julia Brownley,Michael Koslow,True,False,802508.4,62754.66,334306,56.05433345497838,43.94566654502163,802508.4,62754.66,865263.06,92.74733166119444,7.252668338805542,0,0,0,0,26,7.931128317122194,8.063332346582392,-0.8352436655714882,-16.17152089636,1,71.8,-16.17152089636,71.8,51.77065601353944,7.946157100827519,34.85028879552096,2.162374912672564,0.18065709590766416,36.120000000000005,FALSE,FALSE,TRUE,FALSE,1,0,7.964179324487243,Pacific,0,0,2024,CA-26,Julia Brownley,Michael Koslow,8602.0675302716,0,0,0,56.607916325165604,56.05433345497838,1.5374232104104304,100,0.5535828701872276,0.5535828701872276,0.36007188290037795,TRUE,TRUE,41,CA26
1244,2024,California,CA,FALSE,CA-27,154040,146050,300090,George Whitesides,Mike Garcia,False,True,7546688.54,4113047.38,300090,51.33126728648072,48.66873271351928,7546688.54,4113047.38,11659735.92,64.72435217898142,35.27564782101857,48.19996951324054,1.76,46.09994664817094,1.76,27,4.050262800929602,4.063014478140836,-0.8352436655714882,-16.17152089636,1,71.8,-16.17152089636,71.8,38.753122013507976,10.00831198451642,37.77174567736651,10.608220432223195,0.19675712140315935,29.32,FALSE,FALSE,FALSE,TRUE,0,1,4.05345072023241,Pacific,0,0,2024,CA-27,George Whitesides,Mike Garcia,4189.241764988817,1.76,1.3266499161421599,-2.1000228650695973,50.63137647306021,51.33126728648072,1.5662467626130365,65.795,0.6998908134205095,-0.6998908134205095,-0.44685858584176846,TRUE,TRUE,42,CA27
1245,2024,California,CA,FALSE,CA-28,204489,110455,314944,Judy Chu,April Verlato,True,False,1187948.99,282075.4,314944,64.92868573460679,35.07131426539321,1187948.99,282075.4,1470024.39,80.81151565111105,19.18848434888893,0,0,0,0,28,15.16857913351472,17.156549456793933,-0.8352436655714882,-16.17152089636,1,71.8,-16.17152089636,71.8,32.09017705909815,35.36513374926209,25.080349874025288,4.665501448805651,0.21799605677929151,46.89,FALSE,FALSE,TRUE,FALSE,1,0,15.665571714334524,Pacific,0,0,2024,CA-28,Judy Chu,April Verlato,6530.5010618297665,0,0,0,64.57831530003244,64.92868573460679,1.550899435512959,100,0.35037043457434436,-0.35037043457434436,-0.22591434786257406,TRUE,TRUE,43,CA28
1246,2024,California,CA,FALSE,CA-29,146312,63374,209686,Luz Rivas,Benito Bernal,False,False,561950.5,35033.71,209686,69.77671375294487,30.22328624705512,561950.5,35033.71,596984.21,94.13155165360236,5.868448346397639,0,0,0,0,29,23.96421973914186,31.297935769925697,-0.8352436655714882,-16.17152089636,1,71.8,-16.17152089636,71.8,27.23397619171388,9.465454931732554,55.481171926382814,5.646048941012677,0.20115221798572047,23.95,FALSE,FALSE,FALSE,FALSE,0,0,25.797648746837815,Pacific,0,0,2024,CA-29,Luz Rivas,Benito Bernal,8860.749016714808,0,0,0,70.36247062910398,69.77671375294487,1.5747019502158273,100,0.5857568761591097,0.5857568761591097,0.37197952036499754,TRUE,TRUE,44,CA29
1247,2024,California,CA,FALSE,CA-30,213100,98559,311659,Laura Friedman,Alex Balekian,False,False,1519517.95,409961.72,311659,68.3760135276055,31.62398647239451,1519517.95,409961.72,1929479.67,78.75273181810721,21.24726818189279,0,0,0,0,30,21.264748976285112,26.880832408414527,-0.8352436655714882,-16.17152089636,1,71.8,-16.17152089636,71.8,59.820064753301615,11.924912480723837,19.8725397765061,4.640166049098497,0.1975121869221718,49.44,FALSE,FALSE,FALSE,FALSE,0,0,22.668769834317462,Pacific,0,0,2024,CA-30,Laura Friedman,Alex Balekian,6201.992768814715,0,0,0,68.94065169533155,68.3760135276055,1.586635267323461,100,0.5646381677260592,0.5646381677260592,0.3558714339424479,TRUE,TRUE,45,CA30
1248,2024,California,CA,FALSE,CA-31,148095,99856,247951,Gil Cisneros,Daniel Martinez,False,False,0,0,247951,59.727526809732566,40.272473190267434,0,0,0,0,0,0,0,0,0,31,13.584302159399831,18.603024390614443,-0.8352436655714882,-16.17152089636,1,71.8,-16.17152089636,71.8,18.510169300837127,20.264847679249293,55.79448053436228,3.309762612141491,0.34939392550429815,24.31,FALSE,FALSE,FALSE,FALSE,0,0,14.838982717203484,Pacific,0,0,2024,CA-31,Gil Cisneros,Daniel Martinez,0,0,0,0,58.0211692146894,59.727526809732566,1.5326516109471646,100,1.7063575950431655,-1.7063575950431655,-1.113336901129574,TRUE,FALSE,46,CA31
1249,2024,California,CA,FALSE,CA-32,212934,108711,321645,Brad Sherman,Larry Thompson,True,False,1116504.37,47634.0,321645,66.20155761787063,33.798442382129366,1116504.37,47634,1164138.37,95.9082183675468,4.091781632453193,0,0,0,0,32,18.4951688722413,22.62689409867513,-0.8352436655714882,-16.17152089636,1,71.8,-16.17152089636,71.8,58.05917968965403,11.70579996250262,21.542429021502173,4.997261220723552,0.1981479234906385,50.970000000000006,FALSE,FALSE,TRUE,FALSE,1,0,19.52810017884976,Pacific,0,0,2024,CA-32,Brad Sherman,Larry Thompson,9198.38635043704,0,0,0,67.0867236840371,66.20155761787063,1.5342610800494099,100,0.8851660661664624,0.8851660661664624,0.5769331423944849,TRUE,TRUE,47,CA32
1250,2024,California,CA,FALSE,CA-33,137197,96078,233275,Pete Aguilar,Tom Herman,True,False,2439224.2,4100.0,233275,58.81341764012432,41.186582359875686,2439224.2,4100,2443324.2,99.83219582567062,0.1678041743293828,0,0,0,0,33,10.684412072422568,14.705799388375432,-0.8352436655714882,-16.17152089636,1,71.8,-16.17152089636,71.8,22.628237440791857,7.10101940069071,56.414684035776915,11.453989493549074,0.2557875047387343,20.48,FALSE,FALSE,TRUE,FALSE,1,0,11.689758901410784,Pacific,0,0,2024,CA-33,Pete Aguilar,Tom Herman,9966.467323375047,0,0,0,58.80402975398298,58.81341764012432,1.5465026753682467,100,0.009387886141340118,-0.009387886141340118,-0.006070397608012359,TRUE,TRUE,48,CA33
1251,2024,California,CA,FALSE,CA-35,136413,97142,233555,Norma Torres,Mike Cargile,True,False,146200.25,139958.87,233555,58.40722741966561,41.5927725803344,146200.25,139958.87,286159.12,51.09054361084141,48.90945638915859,0,0,0,0,35,11.849606873035022,17.189292926619977,-0.8352436655714882,-16.17152089636,1,71.8,-16.17152089636,71.8,18.820837034327813,11.941898740791054,59.27059929985893,7.602696065625163,0.26626260515178435,21.84,FALSE,FALSE,TRUE,FALSE,1,0,13.18452838643126,Pacific,0,0,2024,CA-35,Norma Torres,Mike Cargile,2610.243646451288,0,0,0,57.53264622789259,58.40722741966561,1.4173160703664913,100,0.874581191773018,-0.874581191773018,-0.6170685636456995,TRUE,TRUE,49,CA35
1252,2024,California,CA,FALSE,CA-36,246002,111985,357987,Ted Lieu,Melissa Toomim,True,False,1618199.66,37707.95,357987,68.71813780947352,31.28186219052647,1618199.66,37707.95,1655907.61,97.72282283309272,2.277177166907277,0,0,0,0,36,20.249195361775257,22.495811256797506,-0.8352436655714882,-16.17152089636,1,71.8,-16.17152089636,71.8,59.510374291005064,16.571708732484726,14.661432133327502,4.560350232564922,0.14836038085239783,65.36999999999999,FALSE,FALSE,TRUE,FALSE,1,0,20.81084933553082,Pacific,0,0,2024,CA-36,Ted Lieu,Melissa Toomim,9549.750102468028,0,0,0,69.44677690333086,68.71813780947352,1.5460360438979168,100,0.728639093857339,0.728639093857339,0.47129502364011533,TRUE,TRUE,50,CA36
1253,2024,California,CA,FALSE,CA-38,165110,110818,275928,Linda Sanchez,Eric Ching,True,False,391955.37,216460.79,275928,59.83807370038561,40.16192629961439,391955.37,216460.79,608416.16,64.42224841628138,35.57775158371862,0,0,0,0,38,13.136632158978747,17.899530862599015,-0.8352436655714882,-16.17152089636,1,71.8,-16.17152089636,71.8,17.22128619707763,21.69331875104687,57.07605450622211,2.3918890957997103,0.23233129378380776,29.299999999999997,FALSE,FALSE,TRUE,FALSE,1,0,14.327356834883814,Pacific,0,0,2024,CA-38,Linda Sanchez,Eric Ching,4150.226091009068,0,0,0,58.78618928607104,59.83807370038561,1.4402549495022083,100,1.0518844143145643,-1.0518844143145643,-0.7303459812293125,TRUE,TRUE,51,CA38
1254,2024,California,CA,FALSE,CA-39,130191,99469,229660,Mark Takano,David Serpa,True,False,694586.91,51199.02,229660,56.6885831228773,43.3114168771227,694586.91,51199.02,745785.93,93.13489059789585,6.865109402104166,0,0,0,0,39,11.0826239979382,14.180916866074035,-0.8352436655714882,-16.17152089636,1,71.8,-16.17152089636,71.8,24.53679915988233,7.024112441479377,55.92964628671676,10.12460517130908,0.18485045127665545,18.65,FALSE,FALSE,TRUE,FALSE,1,0,11.85719721497216,Pacific,0,0,2024,CA-39,Mark Takano,David Serpa,8674.107846682029,0,0,0,57.593979685122754,56.6885831228773,1.561771176086489,100,0.905396562245457,0.905396562245457,0.5797242106325806,TRUE,TRUE,52,CA39
1255,2024,California,CA,FALSE,CA-40,171637,211998,383635,Joe Kerr,Young Kim,False,True,660258.61,6010188.08,383635,44.7396613969007,55.2603386030993,660258.61,6010188.08,6670446.69,9.898266798081554,90.10173320191844,0,0,0,0,40,-1.313238419158104,-3.397933825215027,-0.8352436655714882,-16.17152089636,1,71.8,-16.17152089636,71.8,54.746408688713345,19.000515236683363,20.9080070012667,1.9026556079885864,0.10230331258126138,50.38,FALSE,FALSE,FALSE,TRUE,0,1,-1.8344122706723347,Pacific,0,0,2024,CA-40,Joe Kerr,Young Kim,97.97568560600367,0,0,0,43.95256617481449,44.7396613969007,1.5630957232488123,0,0.787095222086208,-0.787095222086208,-0.5035489576097566,TRUE,TRUE,53,CA40
1256,2024,California,CA,FALSE,CA-41,171229,183216,354445,Will Rollins,Ken Calvert,False,True,9887068.7,4783169.87,354445,48.30904653754462,51.69095346245539,9887068.7,4783169.87,14670238.57,67.39541864178422,32.604581358215775,44.57709568263338,4.03,43.73336396130832,4.03,41,-2.819331012258452,-4.293494100241169,-0.8352436655714882,-16.17152089636,1,71.8,-16.17152089636,71.8,49.42407636556479,8.07636556478699,33.6423899593424,5.756938306522892,0.27364327382004594,29.770000000000003,FALSE,FALSE,FALSE,TRUE,0,1,-3.1878717842541313,Pacific,0,0.02075433787369974,2024,CA-41,Will Rollins,Ken Calvert,4542.142453901356,4.03,2.0074859899884734,-0.8437317213250566,47.28345919585529,48.30904653754462,1.4315177655472835,2.835,1.0255873416893238,-1.0255873416893238,-0.716433540939837,TRUE,TRUE,54,CA41
1257,2024,California,CA,FALSE,CA-42,159153,74410,233563,Robert Garcia,John Briscoe,True,False,914393.8,1975.48,233563,68.14135800619104,31.858641993808952,914393.8,1975.48,916369.28,99.78442315307645,0.2155768469235459,0,0,0,0,42,21.20548585613503,25.87868380105126,-0.8352436655714882,-16.17152089636,1,71.8,-16.17152089636,71.8,25.49636075809433,9.07201542366436,55.770829464151475,7.245761587646918,0.23723612179742287,24.92,FALSE,FALSE,TRUE,FALSE,1,0,22.37378534236409,Pacific,0,0,2024,CA-42,Robert Garcia,John Briscoe,9956.93110399222,0,0,0,68.47431407635364,68.14135800619104,1.4445740924007273,100,0.3329560701625951,0.3329560701625951,0.23048736088659724,TRUE,TRUE,55,CA42
1258,2024,California,CA,FALSE,CA-43,160080,53152,213232,Maxine Waters,Steve Williams,True,False,559708.07,0,213232,75.07315975088167,24.92684024911833,559708.07,0,559708.07,100,0,0,0,0,0,43,30.342784832824115,36.97456439970279,-0.8352436655714882,-16.17152089636,1,71.8,-16.17152089636,71.8,10.024842293306536,10.215811607956978,47.2587413238058,29.883790171011743,0.2130668601946445,21.08,FALSE,FALSE,TRUE,FALSE,1,0,32.00072972454378,Pacific,0.15335496684492847,0,2024,CA-43,Maxine Waters,Steve Williams,10000,0,0,0,75.5292331750794,75.07315975088167,1.541665578358235,100,0.4560734241977258,0.4560734241977258,0.29583161912677053,TRUE,TRUE,56,CA43
1259,2024,California,CA,FALSE,CA-44,164765,66087,230852,Nanette Barragan,Roger Groh,True,False,305371.3,0,230852,71.37256770571622,28.627432294283786,305371.3,0,305371.3,100,0,0,0,0,0,44,22.403850022631808,28.75381054685679,-0.8352436655714882,-16.17152089636,1,71.8,-16.17152089636,71.8,17.287352578167855,14.04792923752057,52.95465064454197,13.084330430608889,0.1568499725726824,22.5,FALSE,FALSE,TRUE,FALSE,1,0,23.99134015368805,Pacific,0,0,2024,CA-44,Nanette Barragan,Roger Groh,10000,0,0,0,71.29128111115895,71.37256770571622,1.558945554957107,100,0.08128659455726961,-0.08128659455726961,-0.052142035556531116,TRUE,TRUE,57,CA44
1260,2024,California,CA,FALSE,CA-45,158264,157611,315875,Derek Tran,Michelle Steel,False,True,4767925.07,4716765.14,315875,50.103363672338745,49.896636327661255,4767925.07,4716765.14,9484690.21,50.26969742219972,49.73030257780026,44.99203141780615,5.13,45.0394610667057,5.13,45,0.8824001153445522,5.915805529404302,-0.8352436655714882,-16.17152089636,1,71.8,-16.17152089636,71.8,31.29574902035404,38.9971438142072,24.673600003171337,2.2688937383924093,0.16292746160204075,37.08,FALSE,FALSE,FALSE,TRUE,0,1,2.1407514688594897,Pacific,0,0,2024,CA-45,Derek Tran,Michelle Steel,2527.042478919513,5.13,2.264950330581225,0.04742964889954493,48.84828977129791,50.103363672338745,1.5645579870433157,22.939999999999998,1.2550739010408378,-1.2550739010408378,-0.8021907218745292,TRUE,TRUE,58,CA45
1261,2024,California,CA,FALSE,CA-46,134013,77279,211292,Lou Correa,David Pan,True,False,352717.67,63407.0,211292,63.425496469341006,36.574503530658994,352717.67,63407,416124.67,84.76249918083444,15.237500819165565,0,0,0,0,46,13.269828547022506,19.882199329444013,-0.8352436655714882,-16.17152089636,1,71.8,-16.17152089636,71.8,22.04577173136056,19.9060510818876,53.84816130166907,2.1220201286691704,0.1965211668727945,22.28,FALSE,FALSE,TRUE,FALSE,1,0,14.922921242627885,Pacific,0,0,2024,CA-46,Lou Correa,David Pan,7184.681267380959,0,0,0,62.70589086659258,63.425496469341006,1.546431226613459,100,0.7196056027484232,-0.7196056027484232,-0.46533307809898067,TRUE,TRUE,59,CA46
1262,2024,California,CA,FALSE,CA-47,181721,171554,353275,Dave Min,Scott Baugh,False,False,5757172.33,2980735.49,353275,51.43896397990234,48.56103602009766,5757172.33,2980735.49,8737907.82,65.88730905151617,34.112690948483824,40.23100463781898,2.73,43.219258639285805,2.73,47,3.389893923198976,2.837182354808476,-0.8352436655714882,-16.17152089636,1,71.8,-16.17152089636,71.8,58.646131092588384,20.786075048939654,14.677392412523297,1.905033605543554,0.1998877625521069,58.13,FALSE,FALSE,FALSE,FALSE,0,0,3.2517160311013513,Pacific,0,0,2024,CA-47,Dave Min,Scott Baugh,4341.1374940500045,2.73,1.6522711641858305,2.988254001466828,50.96426182640015,51.43896397990234,1.5766276819051546,73.095,0.4747021535021929,-0.4747021535021929,-0.30108703465651165,TRUE,TRUE,60,CA47
1263,2024,California,CA,FALSE,CA-48,146665,213625,360290,Stephen Houlahan,Darrell Issa,False,True,29975.29,823857.52,360290,40.70748563657054,59.29251436342946,29975.29,823857.52,853832.81,3.510674414116272,96.48932558588372,34,1.39,56,1.39,48,-8.572323006228281,-11.634971738470249,-0.8352436655714882,-16.17152089636,1,71.8,-16.17152089636,71.8,60.57595991770939,7.059374494743474,24.653359177688618,3.4997667689414285,0.5636572116715883,32.83,FALSE,FALSE,FALSE,TRUE,0,1,-9.337985189288773,Pacific,0,0,2024,CA-48,Stephen Houlahan,Darrell Issa,12.324834841930628,1.39,1.1789826122551597,22,39.135366003982384,40.70748563657054,1.4500231152725598,0,1.572119632588155,-1.572119632588155,-1.0842031523701916,TRUE,FALSE,61,CA48
1264,2024,California,CA,FALSE,CA-49,197397,180950,378347,Mike Levin,Matt Gunderson,True,False,4335338.07,1075464.28,378347,52.173533819483175,47.826466180516825,4335338.07,1075464.28,5410802.350000001,80.12375595275626,19.87624404724375,50.92735829560206,7.5,38.81874386591144,7.5,49,3.567421041770736,1.863928367484732,-0.8352436655714882,-16.17152089636,1,71.8,-16.17152089636,71.8,64.86805031214895,7.271873446161213,21.36001178615495,2.7146829708476825,0.19060422459991527,47.08,FALSE,FALSE,TRUE,FALSE,1,0,3.1415478731992352,Pacific,0,0,2024,CA-49,Mike Levin,Matt Gunderson,6419.816267976844,7.5,2.7386127875258306,-12.108614429690618,52.92058041297917,52.173533819483175,1.5589481730866719,96.95,0.7470465934959947,0.7470465934959947,0.4791991205306487,TRUE,TRUE,62,CA49
1265,2024,California,CA,FALSE,CA-50,231836,128859,360695,Scott Peters,Peter Bono,True,False,425749.22,0,360695,64.27480281123941,35.72519718876059,425749.22,0,425749.22,100,0,51,1.39,33,1.39,50,14.701197259707437,13.428067009248345,-0.8352436655714882,-16.17152089636,1,71.8,-16.17152089636,71.8,62.01685781301713,11.972788626192568,18.539637085749643,3.179636797950873,0.2081144863511433,58.63,FALSE,FALSE,TRUE,FALSE,1,0,14.382914697092664,Pacific,0,0,2024,CA-50,Scott Peters,Peter Bono,10000,1.39,1.1789826122551597,-18,64.7308721675657,64.27480281123941,1.5433604216512289,100,0.45606935632629586,0.45606935632629586,0.2955041155184937,TRUE,TRUE,63,CA50
1266,2024,California,CA,FALSE,CA-51,198835,128749,327584,Sara Jacobs,Bill Wells,True,False,525045.45,752576.46,327584,60.69740890886002,39.30259109113998,525045.45,752576.46,1277621.91,41.09552645351863,58.90447354648137,60.99977151615752,4.17,25.000228486952125,4.17,51,11.713846859505203,11.147718973861508,-0.8352436655714882,-16.17152089636,1,71.8,-16.17152089636,71.8,52.50116252247238,15.311427870515134,21.635367045874784,6.076422579664827,0.16787922947644382,44.29,FALSE,FALSE,TRUE,FALSE,1,0,11.57231488809428,Pacific,0,0,2024,CA-51,Sara Jacobs,Bill Wells,1688.8422944918495,4.17,2.0420577856662137,-35.9995430292054,60.63466981663874,60.69740890886002,1.570612725556211,100,0.06273909222127827,-0.06273909222127827,-0.03994561561893628,TRUE,TRUE,64,CA51
1267,2024,California,CA,FALSE,CA-52,172217,87501,259718,Juan Vargas,Justin Lee,True,False,212759.51,0,259718,66.30922770081395,33.69077229918604,212759.51,0,212759.51,100,0,57,1.39,25,1.39,52,16.55119684042851,23.468078710762377,-0.8352436655714882,-16.17152089636,1,71.8,-16.17152089636,71.8,19.079852884767256,16.206880283235797,52.73338543493556,8.737274593904933,0.16143291713588875,23.4,FALSE,FALSE,TRUE,FALSE,1,0,18.280417308011977,Pacific,0,0,2024,CA-52,Juan Vargas,Justin Lee,10000,1.39,1.1789826122551597,-32,66.20994836814833,66.30922770081395,1.5412916316142127,100,0.09927933266561695,-0.09927933266561695,-0.06441307448197882,TRUE,TRUE,65,CA52
1268,2024,Colorado,CO,FALSE,CO-01,264694,74598,345735,Diana DeGette,Valdamar Archuleta,"[False, True]",False,"[0, 393149.63]",7720.0,339292,78.0136283790953,21.986371620904706,393149.63,7720,400869.63,98.07418686219756,1.925813137802432,0,0,0,0,1,29.08937987530832,28.42323122962818,-0.8352436655714882,-16.17152089636,1,71.8,-16.17152089636,71.8,64.39717331681855,3.2616709428175414,20.208130584800497,8.513963844407089,0.322554484060279,54.25,FALSE,FALSE,TRUE,FALSE,1,0,28.922842713888286,Mountain,0,0,2024,CO-01,Diana DeGette,Valdamar Archuleta,9618.546128681246,0,0,0,78.80126045997564,78.0136283790953,1.5412961917296473,100,0.7876320808803428,0.7876320808803428,0.5110192869525355,TRUE,TRUE,66,CO01
1269,2024,Colorado,CO,FALSE,CO-02,284994,120633,416908,Joe Neguse,Marshall Dawson,True,False,1396265.73,4965.0,405627,70.26011582069242,29.73988417930759,1396265.73,4965,1401230.73,99.64566863303092,0.3543313669690929,0,0,0,0,2,18.18460078497123,15.556670269311262,-0.8352436655714882,-16.17152089636,1,71.8,-16.17152089636,71.8,83.40108508527558,2.528400230479302,10.499318958332232,0.8697598116695124,0.26642561491983446,57.84,FALSE,FALSE,TRUE,FALSE,1,0,17.52761815605624,Mountain,0,0,2024,CO-02,Joe Neguse,Marshall Dawson,9929.259277323803,0,0,0,70.16845856008459,70.26011582069242,1.4691630600012555,100,0.09165726060783186,-0.09165726060783186,-0.062387398038549605,TRUE,TRUE,67,CO02
1270,2024,Colorado,CO,FALSE,CO-03,182147,201951,397553,Adam Frisch,Jeff Hurd,False,False,16853163.22,2238644.26,384098,47.42201209066436,52.57798790933563,16853163.22,2238644.26,19091807.48,88.27431995454,11.725680045460004,0,0,0,0,3,-6.495568580958498,-8.757551554642262,-0.8352436655714882,-16.17152089636,1,71.8,-16.17152089636,71.8,73.99307636571817,0.6989829234911575,21.07915664051668,0.9009669830308342,1.0981206000483044,31.59,FALSE,FALSE,FALSE,FALSE,0,0,-7.061064324379439,Mountain,0,0,2024,CO-03,Adam Frisch,Jeff Hurd,7792.355563436499,0,0,0,47.62726287055113,47.42201209066436,1.5685442334879716,6.6000000000000005,0.205250779886768,0.205250779886768,0.13085431414984827,TRUE,TRUE,68,CO03
1271,2024,Colorado,CO,FALSE,CO-04,188249,240213,447807,Trisha Calvarese,Lauren Boebert,False,True,4310100.05,4179776.53,428462,43.93598498816698,56.06401501183302,4310100.05,4179776.53,8489876.58,50.767523053909926,49.23247694609007,36,0.97,46,0.97,4,-11.783262179516832,-16.072884226685545,-0.8352436655714882,-16.17152089636,1,71.8,-16.17152089636,71.8,80.8414188292897,2.7885524475775867,11.788527283381203,1.8705985124365057,0.29442109766224617,46.19,FALSE,FALSE,FALSE,TRUE,0,1,-12.85566769130901,Mountain,0,0.8824969025845955,2024,CO-04,Trisha Calvarese,Lauren Boebert,2577.341397029276,0.97,0.9848857801796105,10,42.88508958814753,43.93598498816698,1.569385242312765,0,1.0508954000194493,-1.0508954000194493,-0.6696223283397071,TRUE,TRUE,69,CO04
1272,2024,Colorado,CO,FALSE,CO-05,147972,197924,362085,River Gassen,Jeff Crank,False,False,167088.43,733287.34,345896,42.779332516132015,57.22066748386799,167088.43,733287.34,900375.77,18.55763288698895,81.44236711301104,0,0,0,0,5,-7.518044908239588,-13.21086128639034,-0.8352436655714882,-16.17152089636,1,71.8,-16.17152089636,71.8,72.22744965431563,2.8606713738059097,14.91882573905884,5.765449205899974,0.2692331724672785,40.29,FALSE,FALSE,FALSE,FALSE,0,0,-8.941249002777276,Mountain,0,0,2024,CO-05,River Gassen,Jeff Crank,344.3857383682539,0,0,0,42.324578791058514,42.779332516132015,1.6154314294911616,0,0.45475372507350187,-0.45475372507350187,-0.2815060526690031,TRUE,TRUE,70,CO05
1273,2024,Colorado,CO,FALSE,CO-06,202686,132174,343721,Jason Crow,John Fabbricatore,True,False,1821690.15,253953.58,334860,60.5285791076868,39.471420892313205,1821690.15,253953.58,2075643.73,87.76506891189848,12.23493108810152,0,0,0,0,6,9.948397297397328,6.107462528631032,-0.8352436655714882,-16.17152089636,1,71.8,-16.17152089636,71.8,66.45162056603512,4.93207143040959,15.349501052135649,9.553352086356286,0.2739709757048715,43.89,FALSE,FALSE,TRUE,FALSE,1,0,8.988163605205754,Mountain,0,0,2024,CO-06,Jason Crow,John Fabbricatore,7702.70732111029,0,0,0,60.90754210704139,60.5285791076868,1.549490163994644,100,0.37896299935458444,0.37896299935458444,0.24457270408067874,TRUE,TRUE,71,CO06
1274,2024,Colorado,CO,FALSE,CO-07,235688,175273,425966,Brittany Pettersen,Sergei Matveyuk,True,False,1174245.18,52442.7,410961,57.35045417935035,42.64954582064965,1174245.18,52442.7,1226687.88,95.7248538234518,4.275146176548186,0,0,0,0,7,5.018386333394396,0.5070801518104986,-0.8352436655714882,-16.17152089636,1,71.8,-16.17152089636,71.8,80.87027300602293,2.4924822033883567,12.626419859157624,1.2466759077445917,0.31114720967565207,46.68,FALSE,FALSE,TRUE,FALSE,1,0,3.8905597879984217,Mountain,0,0,2024,CO-07,Brittany Pettersen,Sergei Matveyuk,9163.247639521214,0,0,0,57.65519101957436,57.35045417935035,1.571929377021579,100,0.3047368402240096,0.3047368402240096,0.19386166113989883,TRUE,TRUE,72,CO07
1275,2024,Colorado,CO,FALSE,CO-08,160871,163320,333616,Yadira Caraveo,Gabe Evans,True,False,5862630.66,1476152.99,324191,49.62229056327905,50.37770943672094,5862630.66,1476152.99,7338783.65,79.88559057739766,20.11440942260234,47.05115584416664,5.42,45.552884668492254,5.42,8,0.077259715783164,-2.0738863064708117,-0.8352436655714882,-16.17152089636,1,71.8,-16.17152089636,71.8,61.98501428153212,2.7977560983328984,30.66810668818787,1.8981382578904475,0.34675243498144587,27.96,FALSE,FALSE,TRUE,FALSE,1,0,-0.4605267897803299,Mountain,0,0,2024,CO-08,Yadira Caraveo,Gabe Evans,6381.707581899606,5.42,2.328089345364563,-1.4982711756743825,50.00779341862871,49.62229056327905,1.556305983179451,50.544999999999995,0.38550285534965667,0.38550285534965667,0.24770376745715175,TRUE,TRUE,73,CO08
1276,2024,Connecticut,CT,FALSE,CT-01,197788,115065,330482,John Larson,Jim Griffin,True,False,481191.76,6731.0,312853,63.22074584549293,36.77925415450707,481191.76,6731,487922.76,98.62047837243747,1.3795216275625264,0,0,0,0,1,11.982017220107087,11.05813598696352,-0.8352436655714882,-16.17152089636,1,71.8,-16.17152089636,71.8,64.40137564038754,3.759622185382137,15.736225820575475,13.83255806991217,0.03760931962682574,38.440000000000005,FALSE,FALSE,TRUE,FALSE,1,0,11.751046911821197,New England,0,0,2024,CT-01,John Larson,Jim Griffin,9725.998754408407,0,0,0,63.056877699309275,63.22074584549293,1.551899728070609,100,0.16386814618365264,-0.16386814618365264,-0.10559196784406995,TRUE,TRUE,74,CT01
1277,2024,Connecticut,CT,FALSE,CT-02,218162,157878,376047,Joe Courtney,Mike France,True,False,603139.51,691728.52,376040,58.01563663440059,41.9843633655994,603139.51,691728.52,1294868.03,46.57922630154055,53.42077369845944,0,0,0,0,2,3.56969532683388,0.6745213581646041,-0.8352436655714882,-16.17152089636,1,71.8,-16.17152089636,71.8,83.8649026544923,2.7738349963632256,7.447090227316061,3.363839868934884,0.20249419175334904,38.45,FALSE,FALSE,TRUE,FALSE,1,0,2.8459018346665608,New England,0,0,2024,CT-02,Joe Courtney,Mike France,2169.624322850127,0,0,0,57.775014426514815,58.01563663440059,1.4699589905652333,100,0.24062220788577804,-0.24062220788577804,-0.16369314343473843,TRUE,TRUE,75,CT02
1278,2024,Connecticut,CT,FALSE,CT-03,193684,130095,328923,Rosa DeLauro,Michael Massey,True,False,799118.29,3129.27,323779,59.81981536788983,40.18018463211017,799118.29,3129.27,802247.56,99.60993711218018,0.3900628878198146,0,0,0,0,3,7.71451615207922,6.116601840263044,-0.8352436655714882,-16.17152089636,1,71.8,-16.17152089636,71.8,68.19044643923594,3.1931568647267983,13.507290585176271,13.02915315282206,0.07074669925302511,39.36,FALSE,FALSE,TRUE,FALSE,1,0,7.315037574125176,New England,0,0,2024,CT-03,Rosa DeLauro,Michael Massey,9922.13957149249,0,0,0,59.603780700976806,59.81981536788983,1.5590754062937346,100,0.21603466691302486,-0.21603466691302486,-0.13856588721810884,TRUE,TRUE,76,CT03
1279,2024,Connecticut,CT,FALSE,CT-04,200791,122793,328857,Jim Himes,Michael Goldstein,True,False,916288.24,76510.98,323584,62.05220282832279,37.947797171677216,916288.24,76510.98,992799.22,92.29340853027664,7.706591469723355,0,0,0,0,4,13.441533683571857,11.628754394177696,-0.8352436655714882,-16.17152089636,1,71.8,-16.17152089636,71.8,65.71202279714056,4.838472624243191,16.4993488280947,11.230367881507126,0.10553475706592962,53.010000000000005,FALSE,FALSE,TRUE,FALSE,1,0,12.988338861223315,New England,0,0,2024,CT-04,Jim Himes,Michael Goldstein,8518.073258136541,0,0,0,62.48752826798313,62.05220282832279,1.5524014209299295,100,0.435325439660339,0.435325439660339,0.2804206655515476,TRUE,TRUE,77,CT04
1280,2024,Connecticut,CT,FALSE,CT-05,171337,157258,337605,Jahana Hayes,George Logan,True,False,2968059.94,2113366.92,328595,52.14230283479664,47.85769716520337,2968059.94,2113366.92,5081426.859999999,58.40997069866317,41.590029301336834,48.97293452096894,3.5700000000000003,45.37623928741231,3.5700000000000003,5,3.1856353220412785,1.084516844590695,-0.8352436655714882,-16.17152089636,1,71.8,-16.17152089636,71.8,70.17940953822861,3.236373959121877,16.079863739591218,8.237320211960636,0.05374716124148372,37.940000000000005,FALSE,FALSE,TRUE,FALSE,1,0,2.6603557026786326,New England,0,0,2024,CT-05,Jahana Hayes,George Logan,3411.7246770186903,3.5700000000000003,1.8894443627691184,-3.5966952335566305,51.722978220872704,52.14230283479664,1.4655821141088268,87.8,0.4193246139239335,-0.4193246139239335,-0.2861147184365792,TRUE,TRUE,78,CT05
1281,2024,Delaware,DE,FALSE,DE-00,287830,209606,497436,Sarah McBride,John Whalen,False,False,3581615.37,0,497436,57.86272002830515,42.13727997169485,3581615.37,0,3581615.37,100,0,0,0,0,0,0,7.356909240777995,4.88533251296834,-0.8352436655714882,-16.17152089636,1,71.8,-16.17152089636,71.8,66.18528125384432,3.0071429132302248,6.8483236794509725,21.10784516446499,0.148276304321083,34.46,FALSE,FALSE,FALSE,FALSE,0,0,6.739015058825581,South Atlantic,0,0,2024,DE-00,Sarah McBride,John Whalen,10000,0,0,0,58.01558556713569,57.86272002830515,1.589003318300308,100,0.15286553883053955,0.15286553883053955,0.09620215204714208,TRUE,TRUE,79,DE00
1282,2024,Florida,FL,FALSE,FL-01,140980,274108,415088,Gay Valimont,Matt Gaetz,False,True,1552229.75,6679334.38,415088,33.963882357476,66.03611764252399,1552229.75,6679334.38,8231564.13,18.857044973298407,81.14295502670159,0,0,0,0,1,-18.70816631656941,-21.169651053753377,-0.8352436655714882,-16.17152089636,1,71.8,-16.17152089636,71.8,75.13420242205599,2.3850805880755965,5.964200473351887,12.359114522176084,0.185709836292199,30.48,FALSE,FALSE,FALSE,TRUE,0,1,-19.3235375008654,South Atlantic,0,1.829081367022596,2024,FL-01,Gay Valimont,Matt Gaetz,355.58814512499873,0,0,0,33.78900877643148,33.963882357476,1.5667718688600625,0,0.17487358104452255,-0.17487358104452255,-0.1116139397956867,TRUE,TRUE,80,FL01
1283,2024,Florida,FL,FALSE,FL-02,154323,247957,402280,Yen Bailey,Neal Dunn,False,True,35960.07,585856.71,402280,38.36208610917769,61.63791389082232,35960.07,585856.71,621816.7799999999,5.783065230243547,94.21693476975646,0,0,0,0,2,-7.825199080480154,-7.271035100791529,-0.8352436655714882,-16.17152089636,1,71.8,-16.17152089636,71.8,67.5182375065772,1.5743044413119311,5.595650281601393,22.44544988014889,0.22979583087026847,29.6,FALSE,FALSE,FALSE,TRUE,0,1,-7.686658085557998,South Atlantic,0,0,2024,FL-02,Yen Bailey,Neal Dunn,33.443843457251845,0,0,0,38.55936604583151,38.36208610917769,1.5489068051529113,0,0.19727993665382115,0.19727993665382115,0.1273672089227765,TRUE,TRUE,81,FL02
1284,2024,Florida,FL,FALSE,FL-03,150283,241174,391457,Tom Wells,Kat Cammack,False,True,4785.54,1357706.84,391457,38.39067892514375,61.60932107485624,4785.54,1357706.84,1362492.38,0.3512342579119598,99.64876574208805,0,0,0,0,3,-9.388730578908197,-8.791710676611572,-0.8352436655714882,-16.17152089636,1,71.8,-16.17152089636,71.8,69.86860459665701,2.2949341083329156,10.360177607662926,14.775961866399856,0.11443959351315006,27.639999999999997,FALSE,FALSE,FALSE,TRUE,0,1,-9.23947560333404,South Atlantic,0,0,2024,FL-03,Tom Wells,Kat Cammack,0.12336550393096508,0,0,0,38.13300468505411,38.39067892514375,1.5566597824720179,0,0.2576742400896421,-0.2576742400896421,-0.16553022246161486,TRUE,TRUE,82,FL03
1285,2024,Florida,FL,FALSE,FL-04,165912,222364,388349,LaShonda Holloway,Aaron Bean,False,True,21117.51,720159.2,388276,42.73042887018513,57.26957112981488,21117.51,720159.2,741276.71,2.8488025746822667,97.15119742531772,41,1.18,48,1.18,4,-5.6565099608461935,-6.576651804892784,-0.8352436655714882,-16.17152089636,1,71.8,-16.17152089636,71.8,57.6401914004492,2.3638830989093136,7.847788826443164,29.408456774949578,0.10287269041549792,25.019999999999996,FALSE,FALSE,FALSE,TRUE,0,1,-5.886545421857841,South Atlantic,0,0,2024,FL-04,LaShonda Holloway,Aaron Bean,8.115676109516311,1.18,1.0862780491200215,7,40.58642480058299,42.73042887018513,1.4648966562893493,0,2.14400406960214,-2.14400406960214,-1.4635872506071528,TRUE,FALSE,83,FL04
1286,2024,Florida,FL,FALSE,FL-05,156570,267471,424064,Jay McGovern,John Rutherford,False,True,17624.34,241077.12,424041,36.92331637742577,63.07668362257424,17624.34,241077.12,258701.46,6.812617137916423,93.18738286208358,0,0,0,0,5,-10.268177679458963,-12.61753739247672,-0.8352436655714882,-16.17152089636,1,71.8,-16.17152089636,71.8,70.60335614574275,4.766875319451175,10.111915777735,11.697057398323254,0.06023936435024461,43.73,FALSE,FALSE,FALSE,TRUE,0,1,-10.855517607713402,South Atlantic,0,0.7788007830714049,2024,FL-05,Jay McGovern,John Rutherford,46.41175226783255,0,0,0,37.26601158829533,36.92331637742577,1.5676500889669,0,0.34269521086955734,0.34269521086955734,0.2186044023991333,TRUE,TRUE,84,FL05
1287,2024,Florida,FL,FALSE,FL-06,143050,284414,427474,James Stockton,Michael Waltz,False,True,25430.56,1814698.43,427464,33.46480639305298,66.53519360694702,25430.56,1814698.43,1840128.99,1.3819987695536498,98.61800123044635,0,0,0,0,6,-14.212917397409656,-13.267996060935992,-0.8352436655714882,-16.17152089636,1,71.8,-16.17152089636,71.8,76.36175118773116,1.3438771878240146,9.884554078521797,10.292947894582088,0.12194555780807503,23.69,FALSE,FALSE,FALSE,TRUE,0,1,-13.97668706329124,South Atlantic,0,0,2024,FL-06,James Stockton,Michael Waltz,1.9099205990478019,0,0,0,33.11842940955991,33.46480639305298,1.5539085254983318,0,0.346376983493073,-0.346376983493073,-0.22290693294316755,TRUE,TRUE,85,FL06
1288,2024,Florida,FL,FALSE,FL-07,179917,233937,413854,Jennifer Adams,Cory Mills,False,True,123814.49,1069151.55,413854,43.473543810135936,56.526456189864064,123814.49,1069151.55,1192966.04,10.378710361277342,89.62128963872266,0,0,0,0,7,-5.072380165544217,-5.1350411863931456,-0.8352436655714882,-16.17152089636,1,71.8,-16.17152089636,71.8,66.56736333898174,2.995696486985732,19.38854598352616,9.067749211243903,0.11899802665754956,35.24,FALSE,FALSE,FALSE,TRUE,0,1,-5.088045420756449,South Atlantic,0,0,2024,FL-07,Jennifer Adams,Cory Mills,107.71762876328566,0,0,0,42.52385852272171,43.473543810135936,1.564049872249258,0,0.9496852874142263,-0.9496852874142263,-0.607196294865256,TRUE,TRUE,86,FL07
1289,2024,Florida,FL,FALSE,FL-08,170096,280352,450448,Sandy Kennedy,Mike Haridopolos,False,False,17234.1,1314574.34,450448,37.76151742265478,62.23848257734522,17234.1,1314574.34,1331808.4400000002,1.2940374518125142,98.70596254818749,0,0,0,0,8,-11.188637318362304,-11.935367337551526,-0.8352436655714882,-16.17152089636,1,71.8,-16.17152089636,71.8,76.73102941291478,1.993446417818236,10.359039329313594,8.408449272302123,0.15124854343116784,32.86,FALSE,FALSE,FALSE,FALSE,0,0,-11.375319823159607,South Atlantic,0,0,2024,FL-08,Sandy Kennedy,Mike Haridopolos,1.674532926693425,0,0,0,37.47578491866004,37.76151742265478,1.5793848045227612,0,0.28573250399473693,-0.28573250399473693,-0.18091379831976795,TRUE,TRUE,87,FL08
1290,2024,Florida,FL,FALSE,FL-09,178785,138076,324273,Darren Soto,Thomas Chalifoux,True,False,739349.51,109556.78,316861,56.42379466075029,43.5762053392497,739349.51,109556.78,848906.29,87.09436114556296,12.905638854437044,0,0,0,0,9,6.531506729274774,12.648177249413784,-0.8352436655714882,-16.17152089636,1,71.8,-16.17152089636,71.8,35.32131452900479,3.916829282715392,48.51908521080953,10.36732747915558,0.05026314233339247,31.35,FALSE,FALSE,TRUE,FALSE,1,0,8.060674359309527,South Atlantic,0,0,2024,FL-09,Darren Soto,Thomas Chalifoux,7585.427743353746,0,0,0,56.22895663751692,56.42379466075029,1.5442735174981455,99.995,0.1948380232333662,-0.1948380232333662,-0.12616807905183816,TRUE,TRUE,88,FL09
1291,2024,Florida,FL,FALSE,FL-10,181455,109460,290915,Maxwell Frost,Willie Montague,True,False,3680264.0,20494.82,290915,62.373889280374,37.62611071962601,3680264,20494.82,3700758.82,99.44619952294,0.5538004770599992,0,0,0,0,10,13.806357391378434,15.854240885104424,-0.8352436655714882,-16.17152089636,1,71.8,-16.17152089636,71.8,42.1888782811031,4.780219181861412,26.82781627637678,23.77567800086395,0.10527118219537604,35.730000000000004,FALSE,FALSE,TRUE,FALSE,1,0,14.318328264809931,South Atlantic,0,0,2024,FL-10,Maxwell Frost,Willie Montague,9889.546599556394,0,0,0,62.49405321852552,62.373889280374,1.5573843997601822,100,0.12016393815152071,0.12016393815152071,0.07715753295719699,TRUE,TRUE,89,FL10
1292,2024,Florida,FL,FALSE,FL-11,176726,269277,446003,Barbie Hall,Daniel Webster,False,True,59028.53,525341.24,446003,39.62439714531068,60.37560285468931,59028.53,525341.24,584369.77,10.101229226830128,89.89877077316987,0,0,0,0,11,-7.753484700765242,-8.878037990825575,-0.8352436655714882,-16.17152089636,1,71.8,-16.17152089636,71.8,66.24321053760589,3.5315848164941563,16.228391210583457,12.061294701558404,0.09579343986873842,33.56,FALSE,FALSE,FALSE,TRUE,0,1,-8.034623023280325,South Atlantic,0,0,2024,FL-11,Barbie Hall,Daniel Webster,102.03483189296719,0,0,0,38.90301870294151,39.62439714531068,1.5590169094222497,0,0.721378442369172,-0.721378442369172,-0.4627136742452043,TRUE,TRUE,90,FL11
1293,2024,Florida,FL,FALSE,FL-12,124949,306487,431436,Rock Aboujaoude,Gus Bilirakis,False,True,56949.32,596927.76,431436,28.961190072223925,71.03880992777609,56949.32,596927.76,653877.08,8.70948405165081,91.2905159483492,0,0,0,0,12,-16.774650089323117,-15.901931586783682,-0.8352436655714882,-16.17152089636,1,71.8,-16.17152089636,71.8,79.2980774634256,1.681517049321586,12.3714510499335,4.444968249111787,0.13658813759342628,22.96,FALSE,FALSE,FALSE,TRUE,0,1,-16.556470463688257,South Atlantic,0,0,2024,FL-12,Rock Aboujaoude,Gus Bilirakis,75.8551124459598,0,0,0,29.309316972586014,28.961190072223925,1.5520118288343248,0,0.3481269003620895,0.3481269003620895,0.22430686022770743,TRUE,TRUE,91,FL12
1294,2024,Florida,FL,FALSE,FL-13,185930,225636,411593,Whitney Fox,Anna Paulina Luna,False,True,2185319.64,2764748.05,411566,45.17622932895332,54.82377067104669,2185319.64,2764748.05,4950067.69,44.14726781241249,55.85273218758752,45.76426641062848,5.21,46.675984401095526,5.21,13,-5.6806112208346775,-5.2195980880234245,-0.8352436655714882,-16.17152089636,1,71.8,-16.17152089636,71.8,79.54480718755984,3.1602476315844528,8.939068919403867,6.3723131538589035,0.09864710246263722,33.45,FALSE,FALSE,FALSE,TRUE,0,1,-5.565357937631864,South Atlantic,0,0,2024,FL-13,Whitney Fox,Anna Paulina Luna,1948.9812553008717,5.21,2.2825424421026654,0.9117179904670465,44.2384861081268,45.17622932895332,1.5458460284068647,0.02,0.9377432208265191,-0.9377432208265191,-0.606621360468189,TRUE,TRUE,92,FL13
1295,2024,Florida,FL,FALSE,FL-14,199423,145643,350185,Kathy Castor,Robert Rochford,True,False,509773.16,39396.58,345066,57.79271211884104,42.20728788115897,509773.16,39396.58,549169.74,92.82615608063185,7.1738439193681725,0,0,0,0,14,7.418463241510452,10.27184380499839,-0.8352436655714882,-16.17152089636,1,71.8,-16.17152089636,71.8,54.64328764832531,3.391362816073133,22.580459730070583,16.705279440352847,0.08448358753893213,39.379999999999995,FALSE,FALSE,TRUE,FALSE,1,0,8.131808382382436,South Atlantic,0,0,2024,FL-14,Kathy Castor,Robert Rochford,8616.695252705826,0,0,0,57.97667311516124,57.79271211884104,1.546471289228649,100,0.18396099632020224,0.18396099632020224,0.11895532597437264,TRUE,TRUE,93,FL14
1296,2024,Florida,FL,FALSE,FL-15,152361,195334,347695,Pat Kemp,Laurel Lee,False,True,428772.03,571220.63,347695,43.82030227642043,56.17969772357957,428772.03,571220.63,999992.66,42.87751772098007,57.12248227901993,41,0.8200000000000001,44,0.8200000000000001,15,-3.865575217370648,-3.1193800103467453,-0.8352436655714882,-16.17152089636,1,71.8,-16.17152089636,71.8,57.68824844103526,3.887926990784173,22.06607665139893,13.902033552232218,0.10140168864852932,31.94,FALSE,FALSE,FALSE,TRUE,0,1,-3.679026415614672,South Atlantic,0,0,2024,FL-15,Pat Kemp,Laurel Lee,1838.4815259129603,0.8200000000000001,0.9055385138137417,3,43.11503172746225,43.82030227642043,1.5525920044412729,0,0.7052705489581754,-0.7052705489581754,-0.4542536268000293,TRUE,TRUE,94,FL15
1297,2024,Florida,FL,FALSE,FL-16,168625,247516,416141,Jan Schneider,Vern Buchanan,False,True,19782.57,526408.42,416141,40.5211214468173,59.47887855318269,19782.57,526408.42,546190.99,3.62191437833861,96.3780856216614,0,0,0,0,16,-6.764251621528018,-7.722066713084168,-0.8352436655714882,-16.17152089636,1,71.8,-16.17152089636,71.8,67.86543995353625,2.3677367406742524,15.79783653211542,11.642004804773093,0.07886955833047335,33.54,FALSE,FALSE,FALSE,TRUE,0,1,-7.0037053944170555,South Atlantic,0,0.1353352832366127,2024,FL-16,Jan Schneider,Vern Buchanan,13.11826376401596,0,0,0,39.33137858857059,40.5211214468173,1.4448471680093935,0,1.18974285824671,-1.18974285824671,-0.8234385508647618,TRUE,TRUE,95,FL16
1298,2024,Florida,FL,FALSE,FL-17,164566,291347,455921,Manny Lopez,Greg Steube,False,True,44298.57,681863.83,455913,36.09592180964351,63.90407819035649,44298.57,681863.83,726162.3999999999,6.1003668050011965,93.8996331949988,0,0,0,0,17,-10.308315750957677,-9.701069986605027,-0.8352436655714882,-16.17152089636,1,71.8,-16.17152089636,71.8,81.82377030518107,1.50344099013087,10.319023954877036,4.8398505210815665,0.09076806785444325,31.39,FALSE,FALSE,FALSE,TRUE,0,1,-10.156504309869517,South Atlantic,0,0,2024,FL-17,Manny Lopez,Greg Steube,37.21447515556051,0,0,0,36.1861993239329,36.09592180964351,1.5541409415202618,0,0.09027751428939013,0.09027751428939013,0.058088370158423726,TRUE,TRUE,96,FL17
1299,2024,Florida,FL,FALSE,FL-18,119637,225170,344807,Andrea Doria Kale,Scott Franklin,False,True,15200.14,376418.98,344807,34.69680139904352,65.30319860095648,15200.14,376418.98,391619.12,3.881357988854068,96.11864201114592,0,0,0,0,18,-13.781291427571452,-12.21646574553801,-0.8352436655714882,-16.17152089636,1,71.8,-16.17152089636,71.8,61.98003467838325,1.2989242967526893,22.16032860293251,12.575795835227176,0.22019089944952272,18.83,FALSE,FALSE,FALSE,TRUE,0,1,-13.39008500706309,South Atlantic,0,0,2024,FL-18,Andrea Doria Kale,Scott Franklin,15.064939837641294,0,0,0,34.04852779003075,34.69680139904352,1.5781442923116082,0,0.6482736090127759,-0.6482736090127759,-0.4107822156510216,TRUE,TRUE,97,FL18
1300,2024,Florida,FL,FALSE,FL-19,140038,275708,415746,Kari Lerner,Byron Donalds,False,True,179823.63,4812440.63,415746,33.68354716581759,66.3164528341824,179823.63,4812440.63,4992264.26,3.602045497487347,96.39795450251265,0,0,0,0,19,-12.854640031780214,-13.057309893752176,-0.8352436655714882,-16.17152089636,1,71.8,-16.17152089636,71.8,78.4413222796534,1.601385605137752,13.110424213513811,5.2979867426273675,0.07091301710076212,36.32,FALSE,FALSE,FALSE,TRUE,0,1,-12.905307497273204,South Atlantic,0,0,2024,FL-19,Kari Lerner,Byron Donalds,12.974731765968867,0,0,0,33.44118906465691,33.68354716581759,1.562749674162753,0,0.2423581011606828,-0.2423581011606828,-0.15508440357892045,TRUE,TRUE,98,FL19
1301,2024,Florida,FL,FALSE,FL-21,171312,277435,448766,Thomas Witkop,Brian Mast,False,True,235547.71,3070108.2,448747,38.175631257702,61.824368742298,235547.71,3070108.2,3305655.91,7.12559674730332,92.87440325269668,0,0,0,0,21,-7.018447165578728,-6.430144523514571,-0.8352436655714882,-16.17152089636,1,71.8,-16.17152089636,71.8,70.41003508191457,1.953428474577371,13.99821914275566,11.813506293821982,0.09066477227571824,34.75,FALSE,FALSE,FALSE,TRUE,0,1,-6.8713715050626885,South Atlantic,0,0,2024,FL-21,Thomas Witkop,Brian Mast,50.77412900517966,0,0,0,38.365043635253564,38.175631257702,1.5503042560319553,0,0.18941237755156237,0.18941237755156237,0.1221775511578407,TRUE,TRUE,99,FL21
1302,2024,Florida,FL,FALSE,FL-22,201608,165248,366856,Lois Frankel,Dan Franzese,True,False,1261439.45,392695.79,366856,54.95562291471313,45.04437708528687,1261439.45,392695.79,1654135.24,76.25975310217076,23.740246897829223,0,0,0,0,22,6.592001977139248,9.248483461272272,-0.8352436655714882,-16.17152089636,1,71.8,-16.17152089636,71.8,60.51063486711913,2.6345299696565476,20.44829886102112,14.79774696199006,0.0698119292279277,36.08,FALSE,FALSE,TRUE,FALSE,1,0,7.256122348172505,South Atlantic,0,0,2024,FL-22,Lois Frankel,Dan Franzese,5815.549943204043,0,0,0,55.43738867009048,54.95562291471313,1.545450469768841,99.98,0.4817657553773458,0.4817657553773458,0.3117316049924301,TRUE,TRUE,100,FL22
1303,2024,Florida,FL,FALSE,FL-23,196311,178006,374317,Jared Moskowitz,Joe Kaufman,True,False,1576746.02,166713.53,374317,52.44512004530919,47.55487995469081,1576746.02,166713.53,1743459.55,90.43777471063208,9.562225289367912,0,0,0,0,23,4.380104174453706,6.19711678911122,-0.8352436655714882,-16.17152089636,1,71.8,-16.17152089636,71.8,62.37925976585347,3.1724063458925373,19.691704086315656,12.547265740999036,0.11698327139219092,43.95,FALSE,FALSE,TRUE,FALSE,1,0,4.8343573281180845,South Atlantic,0,0,2024,FL-23,Jared Moskowitz,Joe Kaufman,8178.991094611044,0,0,0,53.119975238632186,52.44512004530919,1.5689347177058344,97.58,0.6748551933229976,0.6748551933229976,0.43013592962605907,TRUE,TRUE,101,FL23
1304,2024,Florida,FL,FALSE,FL-24,194874,90692,285588,Frederica Wilson,Jesus Navarro,True,False,155799.83,12712.76,285566,68.24131724364946,31.75868275635055,155799.83,12712.76,168512.59,92.4558989924729,7.544101007527093,0,0,0,0,24,22.391230745555752,31.372460716296736,-0.8352436655714882,-16.17152089636,1,71.8,-16.17152089636,71.8,18.44563021292027,1.6136351862404807,34.914780085996995,43.642335388281616,0.10174584261513754,29.72,FALSE,FALSE,TRUE,FALSE,1,0,24.636538238240995,South Atlantic,0,0,2024,FL-24,Frederica Wilson,Jesus Navarro,8548.093258506351,0,0,0,70.28823431760223,68.24131724364946,1.4361015507868224,100,2.04691707395277,2.04691707395277,1.4253289210859001,TRUE,FALSE,102,FL24
1305,2024,Florida,FL,FALSE,FL-25,186942,156208,343191,Debbie Wasserman Schultz,Chris Eddy,True,False,2065806.1,259828.85,343150,54.478216523386266,45.52178347661373,2065806.1,259828.85,2325634.95,88.82761673322806,11.17238326677194,0,0,0,0,25,7.748266848563965,13.535008504930936,-0.8352436655714882,-16.17152089636,1,71.8,-16.17152089636,71.8,37.13280439651968,4.345727735710629,39.41960958313629,16.88121885101224,0.17495003512623064,39.629999999999995,FALSE,FALSE,TRUE,FALSE,1,0,9.194952262655708,South Atlantic,0,0,2024,FL-25,Debbie Wasserman Schultz,Chris Eddy,7890.345494505257,0,0,0,55.13691652662885,54.478216523386266,1.5386330378626532,99.94,0.6587000032425863,0.6587000032425863,0.42810727901540446,TRUE,TRUE,103,FL25
1306,2024,Florida,FL,FALSE,FL-26,89072,217199,306271,Joey Atkins,Mario Diaz-Balart,False,True,36675.0,1260616.07,306271,29.082740448818207,70.9172595511818,36675,1260616.07,1297291.07,2.827044820404105,97.1729551795959,0,0,0,0,26,-11.477538538331054,0.8648307492156846,-0.8352436655714882,-16.17152089636,1,71.8,-16.17152089636,71.8,26.07887716681251,1.0009556117292335,66.39700476110765,5.723923559537154,0.06759204914090293,28.31,FALSE,FALSE,FALSE,TRUE,0,1,-8.391946216444369,South Atlantic,0,0,2024,FL-26,Joey Atkins,Mario Diaz-Balart,7.992182416573678,0,0,0,29.99834823622788,29.082740448818207,1.5747455803376815,0,0.9156077874096731,0.9156077874096731,0.5814322001229775,TRUE,TRUE,104,FL26
1307,2024,Florida,FL,FALSE,FL-27,130708,199159,329867,Lucia Baez-Geller,Maria Elvira Salazar,False,True,592775.51,910896.0,329867,39.6244547044718,60.3755452955282,592775.51,910896,1503671.51,39.421875460019855,60.57812453998015,0,0,0,0,27,-2.429376340598374,7.848209271015612,-0.8352436655714882,-16.17152089636,1,71.8,-16.17152089636,71.8,20.22389205399824,1.997068330609867,70.43220041346213,5.9668094646233305,0.08853893925724032,41.18,FALSE,FALSE,FALSE,TRUE,0,1,0.14002006230512265,South Atlantic,0,0,2024,FL-27,Lucia Baez-Geller,Maria Elvira Salazar,1554.0842647853156,0,0,0,40.26419791029273,39.6244547044718,1.5783260254487197,0,0.6397432058209276,0.6397432058209276,0.4053302014322725,TRUE,TRUE,105,FL27
1308,2024,Florida,FL,FALSE,FL-28,115280,210057,325337,Phil Ehr,Carlos Gimenez,False,True,1102082.44,345944.23,325337,35.43402687059879,64.56597312940121,1102082.44,345944.23,1448026.67,76.10926392674799,23.890736073252015,32,0.8200000000000001,45,0.8200000000000001,28,-5.461499169053866,6.953172351369325,-0.8352436655714882,-16.17152089636,1,71.8,-16.17152089636,71.8,18.52680792813578,1.5232354332995512,69.41830685273158,9.422328194275478,0.09789326384671784,29.33,FALSE,FALSE,FALSE,TRUE,0,1,-2.357831288948068,South Atlantic,0,0,2024,FL-28,Phil Ehr,Carlos Gimenez,5792.620055471382,0.8200000000000001,0.9055385138137417,13,37.44625342941239,35.43402687059879,1.5382145276513188,0,2.0122265588135946,2.0122265588135946,1.3081572970748359,TRUE,FALSE,106,FL28
1309,2024,Georgia,GA,FALSE,GA-01,135281,220576,355857,Patti Hewitt,Buddy Carter,False,True,58290.26,719028.02,355857,38.01555119050629,61.9844488094937,58290.26,719028.02,777318.28,7.498892216969348,92.50110778303066,0,0,0,0,1,-9.067095124362735,-9.62217932008943,-0.8352436655714882,-16.17152089636,1,71.8,-16.17152089636,71.8,61.63590796732024,1.5640481488211355,5.596391923998642,28.430740642967095,0.11570939285995906,27.43,FALSE,FALSE,FALSE,TRUE,0,1,-9.205866173294408,South Atlantic,0,0,2024,GA-01,Patti Hewitt,Buddy Carter,56.23338448172346,0,0,0,38.47282461942675,38.01555119050629,1.5550558901939182,0,0.4572734289204661,0.4572734289204661,0.2940559447438531,TRUE,TRUE,107,GA01
1310,2024,Georgia,GA,FALSE,GA-02,176028,136473,312501,Sanford Bishop,Wayne Johnson,True,False,694444.19,53238.08,312501,56.32877974790481,43.6712202520952,694444.19,53238.08,747682.2699999999,92.8795850675983,7.120414932401702,49.20721524605399,1.91,40.597594917982,1.91,2,2.9517243236498203,3.522342861039384,-0.8352436655714882,-16.17152089636,1,71.8,-16.17152089636,71.8,43.0879228834989,1.2618676918602796,3.649946978858929,49.646939492061016,0.1301589215606303,20.82,FALSE,FALSE,TRUE,FALSE,1,0,3.094378957997211,South Atlantic,0,0,2024,GA-02,Sanford Bishop,Wayne Johnson,8626.617322329228,1.91,1.3820274961085253,-8.60962032807199,56.19405064621702,56.32877974790481,1.5516442174008065,100,0.13472910168778895,-0.13472910168778895,-0.08682989320417579,TRUE,TRUE,108,GA02
1311,2024,Georgia,GA,FALSE,GA-03,138749,273036,411785,Maura Keller,Brian Jack,False,False,121683.33,1228335.96,411785,33.694525055550834,66.30547494444916,121683.33,1228335.96,1350019.29,9.013451207797187,90.9865487922028,0,0,0,0,3,-17.492135633478476,-19.42653607998864,-0.8352436655714882,-16.17152089636,1,71.8,-16.17152089636,71.8,68.26462310138247,1.2932474842994794,4.436796577062599,23.49359404982138,0.10042132170306292,27.91,FALSE,FALSE,FALSE,FALSE,0,0,-17.975735745106018,South Atlantic,0,0,2024,GA-03,Maura Keller,Brian Jack,81.24230267534058,0,0,0,33.492211380871446,33.694525055550834,1.5989197522898018,0,0.2023136746793881,-0.2023136746793881,-0.1265314750097096,TRUE,TRUE,109,GA03
1312,2024,Georgia,GA,FALSE,GA-04,229290,74071,303361,Hank Johnson,Eugene Yu,True,False,133881.96,62085.15,303361,75.58321603633954,24.416783963660457,133881.96,62085.15,195967.11,68.3185867261093,31.68141327389071,0,0,0,0,4,26.915293396900505,27.34163766135095,-0.8352436655714882,-16.17152089636,1,71.8,-16.17152089636,71.8,25.982059188821648,7.68999351561436,8.139225248042996,55.83665852899984,0.1323302524031865,38.62,FALSE,FALSE,TRUE,FALSE,1,0,27.02187946301311,South Atlantic,0,0,2024,GA-04,Hank Johnson,Eugene Yu,4667.4292922529185,0,0,0,76.02512402848018,75.58321603633954,1.5636092443235412,100,0.44190799214064214,0.44190799214064214,0.2826204780669631,TRUE,TRUE,110,GA04
1313,2024,Georgia,GA,FALSE,GA-05,294470,49221,343691,Nikema Williams,John Salvesen,True,False,361641.41,0,343691,85.67870558146707,14.321294418532926,361641.41,0,361641.41,100,0,0,0,0,0,5,34.53616965437207,35.80579292143249,-0.8352436655714882,-16.17152089636,1,71.8,-16.17152089636,71.8,35.83892285663336,4.7580541220049195,6.166984764833939,50.10072618192155,0.12359040726570349,47.74,FALSE,FALSE,TRUE,FALSE,1,0,34.85357547113718,South Atlantic,0,0,2024,GA-05,Nikema Williams,John Salvesen,10000,0,0,0,85.70786994336633,85.67870558146707,1.5445958382073077,100,0.029164361899262303,0.029164361899262303,0.018881548931991884,TRUE,TRUE,111,GA05
1314,2024,Georgia,GA,FALSE,GA-06,277027,93909,370936,Lucy McBath,Jeff Criswell,True,False,1763263.15,11816.47,370936,74.68323376539348,25.316766234606508,1763263.15,11816.47,1775079.62,99.334313240552,0.6656867594480073,0,0,0,0,6,22.751420946954063,20.768783916809063,-0.8352436655714882,-16.17152089636,1,71.8,-16.17152089636,71.8,34.33382759037951,2.6185991153942707,7.526914734338343,52.92282907676275,0.05165317242587498,46.6,FALSE,FALSE,TRUE,FALSE,1,0,22.255761689417817,South Atlantic,0,0,2024,GA-06,Lucy McBath,Jeff Criswell,9867.305786972105,0,0,0,74.78112840663438,74.68323376539348,1.539370011359068,100,0.09789464124089875,0.09789464124089875,0.0635939641012431,TRUE,TRUE,112,GA06
1315,2024,Georgia,GA,FALSE,GA-07,149535,275907,425442,Bob Christian,Rich McCormick,False,True,37360.19,1020787.94,425442,35.148151804476285,64.85184819552371,37360.19,1020787.94,1058148.13,3.5307145512793188,96.46928544872068,0,0,0,0,7,-12.141229430786405,-16.87112724580046,-0.8352436655714882,-16.17152089636,1,71.8,-16.17152089636,71.8,73.21772387081307,8.487912137307932,7.194282332316959,8.602160607127605,0.07323139622867673,57.11000000000001,FALSE,FALSE,FALSE,TRUE,0,1,-13.32370388453992,South Atlantic,0,0,2024,GA-07,Bob Christian,Rich McCormick,12.465945242615522,0,0,0,35.27645414811094,35.148151804476285,1.4501889484959956,0,0.1283023436346582,0.1283023436346582,0.08847284608514067,TRUE,TRUE,113,GA07
1316,2024,Georgia,GA,FALSE,GA-08,104434,231547,335981,Darrius Butler,Austin Scott,False,True,16292.11,526832.06,335981,31.0833053059548,68.9166946940452,16292.11,526832.06,543124.17,2.9997026278539582,97.00029737214604,0,0,0,0,8,-16.22344418034013,-16.81138186848031,-0.8352436655714882,-16.17152089636,1,71.8,-16.17152089636,71.8,61.89424503296216,1.192857879204575,4.534152917146436,30.30508995794333,0.11095133342535596,22.44,FALSE,FALSE,FALSE,TRUE,0,1,-16.370428602375178,South Atlantic,0,0,2024,GA-08,Darrius Butler,Austin Scott,8.998215855553942,0,0,0,31.5348763634144,31.0833053059548,1.4662416482779197,0,0.4515710574596028,0.4515710574596028,0.30797860502050717,TRUE,TRUE,114,GA08
1317,2024,Georgia,GA,FALSE,GA-09,121754,271062,392816,Tambrei Cash,Andrew Clyde,False,True,61472.16,389686.1,392816,30.99517331269602,69.00482668730398,61472.16,389686.1,451158.26,13.625409407333027,86.37459059266696,0,0,0,0,9,-18.62375205667032,-22.17850251359121,-0.8352436655714882,-16.17152089636,1,71.8,-16.17152089636,71.8,70.13147127618744,5.459986530621112,9.6293386245302,12.434735066007198,0.06825209463324909,31.41,FALSE,FALSE,FALSE,TRUE,0,1,-19.51243967090054,South Atlantic,0,0,2024,GA-09,Tambrei Cash,Andrew Clyde,185.65178151743936,0,0,0,30.48638603757735,30.99517331269602,1.5778359272522353,0,0.5087872751186708,-0.5087872751186708,-0.3224589238531994,TRUE,TRUE,115,GA09
1318,2024,Georgia,GA,FALSE,GA-10,150274,256442,406716,Lexy Doherty,Mike Collins,False,True,225180.79,1233349.27,406716,36.9481407173556,63.051859282644394,225180.79,1233349.27,1458530.06,15.438885777918076,84.56111422208193,0,0,0,0,10,-13.023553133017316,-15.104326906606945,-0.8352436655714882,-16.17152089636,1,71.8,-16.17152089636,71.8,65.2754027350364,1.8526740120900695,5.079618560164216,24.8719165005309,0.13302115002523687,28.449999999999996,FALSE,FALSE,FALSE,TRUE,0,1,-13.543746576414724,South Atlantic,0,0,2024,GA-10,Lexy Doherty,Mike Collins,238.35919406360102,0,0,0,36.49031484412379,36.9481407173556,1.5595874078656824,0,0.4578258732318119,-0.4578258732318119,-0.2935557641224823,TRUE,TRUE,116,GA10
1319,2024,Georgia,GA,FALSE,GA-11,131064,269849,400913,Kate Stamper,Barry Loudermilk,False,True,2667.99,225983.42,400913,32.69138192076585,67.30861807923415,2667.99,225983.42,228651.41,1.1668373267411734,98.83316267325884,0,0,0,0,11,-13.42362593318706,-17.47200200188915,-0.8352436655714882,-16.17152089636,1,71.8,-16.17152089636,71.8,74.65671051435963,3.2729870773134064,7.291972896745008,12.395302720124862,0.06877370777588324,40.86,FALSE,FALSE,FALSE,TRUE,0,1,-14.435719950362582,South Atlantic,0,0,2024,GA-11,Kate Stamper,Barry Loudermilk,1.3615093470764879,0,0,0,33.67233006564595,32.69138192076585,1.552285523457528,0,0.9809481448801023,0.9809481448801023,0.6319379586141853,TRUE,TRUE,117,GA11
1320,2024,Georgia,GA,FALSE,GA-12,135417,205849,341266,Liz Johnson,Rick Allen,False,True,31475.07,626892.66,341266,39.68077687200014,60.319223127999855,31475.07,626892.66,658367.73,4.780773504801033,95.21922649519897,0,0,0,0,12,-7.404612254425032,-7.876538707377044,-0.8352436655714882,-16.17152089636,1,71.8,-16.17152089636,71.8,55.14127580189378,1.4955374813703186,4.050858600287061,36.60676485469709,0.1445628865766476,23.36,FALSE,FALSE,FALSE,TRUE,0,1,-7.522593867663035,South Atlantic,0,0,2024,GA-12,Liz Johnson,Rick Allen,22.85579530420755,0,0,0,40.11372782063188,39.68077687200014,1.410081594202251,0,0.432950948631742,0.432950948631742,0.3070396425369147,TRUE,TRUE,118,GA12
1321,2024,Georgia,GA,FALSE,GA-13,256902,100730,357632,David Scott,Jonathan Chavez,True,False,77358.17,0,357632,71.83417591267,28.165824087329995,77358.17,0,77358.17,100,0,0,0,0,0,13,18.233107810766025,13.982423913047633,-0.8352436655714882,-16.17152089636,1,71.8,-16.17152089636,71.8,28.490657426554144,6.0614020380409475,8.445760912088526,54.02000782428883,0.11717803982935598,30.75,FALSE,FALSE,TRUE,FALSE,1,0,17.170436836336428,South Atlantic,0.11943296826671962,0,2024,GA-13,David Scott,Jonathan Chavez,10000,0,0,0,71.27868294590819,71.83417591267,1.5097263096536304,100,0.5554929667618183,-0.5554929667618183,-0.3679428272593742,TRUE,TRUE,119,GA13
1322,2024,Georgia,GA,FALSE,GA-14,134759,243446,378205,Shawn Harris,Marjorie Taylor Greene,False,True,3496842.07,8830041.34,378205,35.63120529871366,64.36879470128633,3496842.07,8830041.34,12326883.41,28.367608856941395,71.6323911430586,0,0,0,0,14,-21.29334836310028,-24.33045819578633,-0.8352436655714882,-16.17152089636,1,71.8,-16.17152089636,71.8,76.14037760448959,1.3383382993271993,7.521266381579647,12.508813015273532,0.0797157160419907,25.929999999999996,FALSE,FALSE,FALSE,TRUE,0,1,-22.052625821271793,South Atlantic,0,0.6872892787909722,2024,GA-14,Shawn Harris,Marjorie Taylor Greene,804.7212322604199,0,0,0,33.78642687210141,35.63120529871366,1.569971681312399,0,1.844778426612251,-1.844778426612251,-1.1750393007535849,TRUE,FALSE,120,GA14
1323,2024,Hawaii,HI,FALSE,HI-01,164237,64373,251432,Ed Case,Patrick Largey,True,False,152921.51,0,228610,71.84156423603517,28.158435763964828,152921.51,0,152921.51,100,0,0,0,0,0,1,12.69507544268928,16.32170561052005,-0.8352436655714882,-16.17152089636,1,71.8,-16.17152089636,71.8,17.292056284112377,56.7761503604021,7.0010084776943415,2.2014934620524524,0.10218223897299224,37.95,FALSE,FALSE,TRUE,FALSE,1,0,13.601732984646972,Pacific,0,0,2024,HI-01,Ed Case,Patrick Largey,10000,0,0,0,71.09326731572956,71.84156423603517,1.5712315001452313,100,0.7482969203056058,-0.7482969203056058,-0.4762486751547685,TRUE,TRUE,121,HI01
1324,2024,Hawaii,HI,FALSE,HI-02,166251,75471,270804,Jill Tokuda,Steve Bond,True,False,663275.85,0,241722,68.77776950381016,31.22223049618984,663275.85,0,663275.85,100,0,0,0,0,0,2,12.827531596155772,16.334216290106603,-0.8352436655714882,-16.17152089636,1,71.8,-16.17152089636,71.8,31.99030939739395,35.60183245974513,9.41531854837188,1.7626481609364566,0.14754772659519472,31.35,FALSE,FALSE,TRUE,FALSE,1,0,13.70420276964348,Pacific,0,0,2024,HI-02,Jill Tokuda,Steve Bond,10000,0,0,0,68.00377594457443,68.77776950381016,1.5888080714961765,100,0.7739935592357341,-0.7739935592357341,-0.4871535921307766,TRUE,TRUE,122,HI02
1325,2024,Idaho,ID,FALSE,ID-01,118656,331049,489086,Kaylee Peterson,Russ Fulcher,False,True,174053.96,275899.51,449705,26.385297028051724,73.61470297194828,174053.96,275899.51,449953.47,38.68265756456996,61.31734243543006,0,0,0,0,1,-21.902186005817587,-23.03864278067203,-0.8352436655714882,-16.17152089636,1,71.8,-16.17152089636,71.8,86.149071473319,1.131476965382617,8.87497960901398,0.5520302567961958,0.7177627078681104,28.26,FALSE,FALSE,FALSE,TRUE,0,1,-22.1863001995312,Mountain,0,0,2024,ID-01,Kaylee Peterson,Russ Fulcher,1496.3479962577815,0,0,0,26.612557879865015,26.385297028051724,1.4927671283881159,0,0.22726085181329125,0.22726085181329125,0.15224132920094954,TRUE,TRUE,123,ID01
1326,2024,Idaho,ID,FALSE,ID-02,126229,250119,428514,David Roth,Mike Simpson,False,True,102146.67,625948.79,376348,33.54049975023117,66.45950024976884,102146.67,625948.79,728095.4600000001,14.029296378252376,85.97070362174762,0,0,0,0,2,-14.125827361187469,-15.614569983817413,-0.8352436655714882,-16.17152089636,1,71.8,-16.17152089636,71.8,84.99836428478169,1.227153166025828,10.023633517638585,0.6225986893740125,0.7819158846285312,32.31,FALSE,FALSE,FALSE,TRUE,0,1,-14.498013016844954,Mountain,0,0,2024,ID-02,David Roth,Mike Simpson,196.82115686884524,0,0,0,33.96605815669239,33.54049975023117,1.5671243592117485,0,0.4255584064612208,0.4255584064612208,0.2715536925705586,TRUE,TRUE,124,ID02
1327,2024,Illinois,IL,FALSE,IL-01,208398,108064,316507,Jonathan Jackson,Marcus Lewis,True,False,303724.26,0,316462,65.85245621907212,34.14754378092788,303724.26,0,303724.26,100,0,0,0,0,0,1,19.21131642721901,23.890772949125115,-0.8352436655714882,-16.17152089636,1,71.8,-16.17152089636,71.8,38.67941449839384,1.5764480366418632,7.364246281731429,50.28997874757445,0.0971125327709503,31.83,FALSE,FALSE,TRUE,FALSE,1,0,20.381180557695536,East North Central,0,0,2024,IL-01,Jonathan Jackson,Marcus Lewis,10000,0,0,0,66.92873515292851,65.85245621907212,1.5681119353628417,100,1.0762789338563863,1.0762789338563863,0.6863533843375464,TRUE,TRUE,125,IL01
1328,2024,Illinois,IL,FALSE,IL-02,195777,94004,289843,Robin Kelly,Ashley Ramos,True,False,666154.78,0,289781,67.56033004234231,32.43966995765768,666154.78,0,666154.78,100,0,0,0,0,0,2,18.02635450123696,20.95729952770119,-0.8352436655714882,-16.17152089636,1,71.8,-16.17152089636,71.8,39.11420953987963,0.95728127676974,10.635554100083445,47.445738951209,0.06050076874830015,23.74,FALSE,FALSE,TRUE,FALSE,1,0,18.759090757853016,East North Central,0,0,2024,IL-02,Robin Kelly,Ashley Ramos,10000,0,0,0,67.57463223108289,67.56033004234231,1.53636277520902,100,0.01430218874057232,0.01430218874057232,0.009309122149634565,TRUE,TRUE,126,IL02
1329,2024,Illinois,IL,FALSE,IL-03,174825,84987,259908,Delia Ramirez,John Booras,True,False,682287.73,9090.41,259812,67.2890397672163,32.710960232783705,682287.73,9090.41,691378.14,98.6851753802919,1.3148246197081093,0,0,0,0,3,18.86218034909715,22.62288121399329,-0.8352436655714882,-16.17152089636,1,71.8,-16.17152089636,71.8,49.22248778705154,7.065657987037263,35.710325244574,6.082741413131598,0.11404352556213168,35.49,FALSE,FALSE,TRUE,FALSE,1,0,19.802355565321182,East North Central,0,0,2024,IL-03,Delia Ramirez,John Booras,9738.76383983897,0,0,0,67.72380473455446,67.2890397672163,1.5635817136971772,100,0.43476496733816816,0.43476496733816816,0.2780570810783799,TRUE,TRUE,127,IL03
1330,2024,Illinois,IL,FALSE,IL-04,139343,56323,206396,Chuy Garcia,Lupe Castillo,True,False,375792.56,0,195666,71.21472304846013,28.785276951539867,375792.56,0,375792.56,100,0,0,0,0,0,4,21.376145448180445,25.792033616089636,-0.8352436655714882,-16.17152089636,1,71.8,-16.17152089636,71.8,31.94162062993312,4.375714510641502,56.36630407747406,6.32420357021429,0.05522126155482079,23.369999999999997,FALSE,FALSE,TRUE,FALSE,1,0,22.480117490157745,East North Central,0,0,2024,IL-04,Chuy Garcia,Lupe Castillo,10000,0,0,0,71.07368779829207,71.21472304846013,1.5467992362115763,100,0.14103525016805918,-0.14103525016805918,-0.09117876894837561,TRUE,TRUE,128,IL04
1331,2024,Illinois,IL,FALSE,IL-05,251025,112931,363965,Mike Quigley,Tom Hanson,True,False,363190.52,2600.0,363956,68.97124927189002,31.02875072811,363190.52,2600,365790.52,99.28921066625784,0.7107893337421648,0,0,0,0,5,17.892489847500464,19.46192833836583,-0.8352436655714882,-16.17152089636,1,71.8,-16.17152089636,71.8,76.12144048206912,8.382892844107607,10.342908874909648,3.008101280317181,0.06065225325804582,64.44,FALSE,FALSE,TRUE,FALSE,1,0,18.284849470216805,East North Central,0,0,2024,IL-05,Mike Quigley,Tom Hanson,9858.34735472853,0,0,0,69.2276703196341,68.97124927189002,1.4582825854677324,100,0.2564210477440838,0.2564210477440838,0.17583769449035752,TRUE,TRUE,129,IL05
1332,2024,Illinois,IL,FALSE,IL-06,196647,166116,362849,Sean Casten,Niki Conforti,True,False,1976036.77,137673.74,362763,54.20811935065043,45.79188064934957,1976036.77,137673.74,2113710.51,93.48663218786758,6.5133678121324206,0,0,0,0,6,3.272799839227517,3.3168428960291223,-0.8352436655714882,-16.17152089636,1,71.8,-16.17152089636,71.8,75.45765610057656,5.273524951585651,12.22381709602348,5.393478296920461,0.02892884057997719,43.41,FALSE,FALSE,TRUE,FALSE,1,0,3.283810603427918,East North Central,0,0,2024,IL-06,Sean Casten,Niki Conforti,8739.750397829639,0,0,0,54.592713592643214,54.20811935065043,1.5292066815883527,99.885,0.3845942419927866,0.3845942419927866,0.25149919015088085,TRUE,TRUE,130,IL06
1333,2024,Illinois,IL,FALSE,IL-07,222408,44598,267152,Danny Davis,Chad Koppie,True,False,365516.01,0,267006,83.29700456169525,16.702995438304757,365516.01,0,365516.01,100,0,0,0,0,0,7,34.72862699402834,38.66900969798919,-0.8352436655714882,-16.17152089636,1,71.8,-16.17152089636,71.8,35.456870495233666,7.1456250484383474,12.024704479947449,43.113450913962424,0.07196554511132516,45.98,FALSE,FALSE,TRUE,FALSE,1,0,35.713722670018555,East North Central,0,0,2024,IL-07,Danny Davis,Chad Koppie,10000,0,0,0,83.1651227115669,83.29700456169525,1.5623450867925381,100,0.13188185012835163,-0.13188185012835163,-0.08441275313836223,TRUE,TRUE,131,IL07
1334,2024,Illinois,IL,FALSE,IL-08,172920,130153,303073,Raja Krishnamoorthi,Mark Rice,True,False,8497640.82,128614.08,303073,57.05556087147321,42.94443912852679,8497640.82,128614.08,8626254.9,98.5090391891851,1.4909608108148995,0,0,0,0,8,5.580748528993581,7.254689269717957,-0.8352436655714882,-16.17152089636,1,71.8,-16.17152089636,71.8,63.39282471031251,12.476035953133389,17.469235208885767,4.605334850888132,0.04681817998361363,38.95,FALSE,FALSE,TRUE,FALSE,1,0,5.999233714174675,East North Central,0,0,2024,IL-08,Raja Krishnamoorthi,Mark Rice,9704.030801976407,0,0,0,57.0206508161745,57.05556087147321,1.5432828322950807,100,0.03491005529870961,-0.03491005529870961,-0.02262064643510185,TRUE,TRUE,132,IL08
1335,2024,Illinois,IL,FALSE,IL-09,231722,107106,338828,Jan Schakowsky,Seth Cohen,True,False,1049033.26,12008.78,338828,68.38927125267097,31.61072874732903,1049033.26,12008.78,1061042.04,98.86820884118784,1.1317911588121428,0,0,0,0,9,18.85746487373036,21.446278720175776,-0.8352436655714882,-16.17152089636,1,71.8,-16.17152089636,71.8,66.9712769090209,12.088011658373416,10.213535492347305,8.282617395440852,0.06908945385353035,54.8,FALSE,FALSE,TRUE,FALSE,1,0,19.504668335341712,East North Central,0,0,2024,IL-09,Jan Schakowsky,Seth Cohen,9774.922719464732,0,0,0,68.78466385748614,68.38927125267097,1.5429058792931978,100,0.39539260481517147,0.39539260481517147,0.2562648895967005,TRUE,TRUE,133,IL09
1336,2024,Illinois,IL,FALSE,IL-10,196358,131025,327621,Brad Schneider,Jim Carris,True,False,2242846.93,659770.29,327383,59.97806850080792,40.02193149919208,2242846.93,659770.29,2902617.22,77.26981410246026,22.730185897539737,0,0,0,0,10,10.910801191547904,11.158338484372187,-0.8352436655714882,-16.17152089636,1,71.8,-16.17152089636,71.8,67.74013504547052,6.740759533195425,16.745052886304205,6.743686819405956,0.1280199836071972,46.58,FALSE,FALSE,TRUE,FALSE,1,0,10.972685514753977,East North Central,0,0,2024,IL-10,Brad Schneider,Jim Carris,5970.624171428766,0,0,0,59.947340368859834,59.97806850080792,1.5283958098124608,100,0.030728131948087878,-0.030728131948087878,-0.02010482608680949,TRUE,TRUE,134,IL10
1337,2024,Illinois,IL,FALSE,IL-11,199825,159630,359684,Bill Foster,Jerry Evans,True,False,2047764.33,562494.4,359455,55.59110319789682,44.40889680210318,2047764.33,562494.4,2610258.73,78.45062661661896,21.54937338338104,41,1.33,34.3,1.33,11,5.543013270350215,4.615828745918833,-0.8352436655714882,-16.17152089636,1,71.8,-16.17152089636,71.8,71.96748824341431,6.583115194492017,13.80947744052972,6.013185705366502,0.06186169329201583,44.28,FALSE,FALSE,TRUE,FALSE,1,0,5.31121713924237,East North Central,0,0,2024,IL-11,Bill Foster,Jerry Evans,6154.500816540163,1.33,1.1532562594670797,-6.700000000000003,55.743239462622846,55.59110319789682,1.5529695561611132,99.995,0.1521362647260247,0.1521362647260247,0.097964743817709,TRUE,TRUE,135,IL11
1338,2024,Illinois,IL,FALSE,IL-12,94875,272754,367629,Brian Roberts,Mike Bost,False,True,0,1438593.17,367629,25.807267652987115,74.19273234701289,0,1438593.17,1438593.17,0,100,0,0,0,0,12,-24.05425689858493,-23.63550237582938,-0.8352436655714882,-16.17152089636,1,71.8,-16.17152089636,71.8,89.87275618784253,0.6643397183088843,2.0992719778080424,5.035241673256995,0.11334788108682448,23.81,FALSE,FALSE,FALSE,TRUE,0,1,-23.949568267896044,East North Central,0,0,2024,IL-12,Brian Roberts,Mike Bost,0,0,0,0,25.29974363325622,25.807267652987115,1.5498512139966187,0,0.5075240197308943,-0.5075240197308943,-0.3274662852456246,TRUE,TRUE,136,IL12
1339,2024,Illinois,IL,FALSE,IL-13,191339,137917,329500,Nikki Budzinski,Joshua Loyd,True,False,2577542.24,71948.0,329256,58.11253249750954,41.88746750249046,2577542.24,71948,2649490.24,97.284458764415,2.7155412355850004,0,0,0,0,13,3.4715318437339637,3.352955450035573,-0.8352436655714882,-16.17152089636,1,71.8,-16.17152089636,71.8,72.9255747878294,2.429096477256963,3.589647234011916,17.9875709210829,0.12783794082578392,30.85,FALSE,FALSE,TRUE,FALSE,1,0,3.441887745309366,East North Central,0,0,2024,IL-13,Nikki Budzinski,Joshua Loyd,9464.265917085164,0,0,0,57.50039233683376,58.11253249750954,1.569989083909324,100,0.6121401606757786,-0.6121401606757786,-0.38990090246457615,TRUE,TRUE,137,IL13
1340,2024,Illinois,IL,FALSE,IL-14,183446,149464,332929,Lauren Underwood,Jim Marter,True,False,3321444.51,302665.26,332910,55.10378180288967,44.89621819711033,3321444.51,302665.26,3624109.77,91.6485625654766,8.351437434523405,0,0,0,0,14,3.579120180984674,3.491709053970716,-0.8352436655714882,-16.17152089636,1,71.8,-16.17152089636,71.8,66.09881610930296,4.5790090673817705,17.839820824641105,9.446968363414369,0.08033677776487728,32.34,FALSE,FALSE,TRUE,FALSE,1,0,3.5572673992311845,East North Central,0,0,2024,IL-14,Lauren Underwood,Jim Marter,8399.459020318078,0,0,0,55.05276032648973,55.10378180288967,1.5422706376905124,99.95,0.05102147639993859,-0.05102147639993859,-0.03308205132942243,TRUE,TRUE,138,IL14
1341,2024,Illinois,IL,FALSE,IL-17,170261,142567,312828,Eric Sorensen,Joe McGraw,True,False,3415548.03,944499.02,312828,54.42639405679799,45.57360594320202,3415548.03,944499.02,4360047.05,78.33741220751276,21.66258779248724,52.3,0.7,46.6,0.7,17,1.719590843073938,2.467532227670766,-0.8352436655714882,-16.17152089636,1,71.8,-16.17152089636,71.8,76.24057842197604,1.3355750576048175,8.078417514006315,11.62269781521124,0.1197609065418726,24.01,FALSE,FALSE,TRUE,FALSE,1,0,1.906576189223145,East North Central,0,0,2024,IL-17,Eric Sorensen,Joe McGraw,6136.750151369769,0.7,0.8366600265340756,-5.699999999999996,54.04529860807186,54.42639405679799,1.5616521240414027,99.56,0.38109544872612844,-0.38109544872612844,-0.24403350967812903,TRUE,TRUE,139,IL17
1342,2024,Indiana,IN,FALSE,IN-01,172467,145056,322723,Frank Mrvan,Randy Niemeyer,True,False,1936701.11,521644.97,317523,54.316380230723446,45.68361976927656,1936701.11,521644.97,2458346.08,78.78065361732959,21.219346382670416,0,0,0,0,1,1.97663579740118,5.157669929735441,-0.8352436655714882,-16.17152089636,1,71.8,-16.17152089636,71.8,65.8467853364805,1.1402299821696054,14.01085313070401,17.165407274026588,0.07621481665320147,25.36,FALSE,FALSE,TRUE,FALSE,1,0,2.771894330484745,East North Central,0,0,2024,IN-01,Frank Mrvan,Randy Niemeyer,6206.391384373666,0,0,0,53.97201991589045,54.316380230723446,1.5458910411158493,99.455,0.344360314832997,-0.344360314832997,-0.222758464648603,TRUE,TRUE,140,IN01
1343,2024,Indiana,IN,FALSE,IN-02,101962,184848,294618,Lori Camp,Rudy Yakym,False,True,126229.6,2241307.75,286810,35.55036435270737,64.44963564729264,126229.6,2241307.75,2367537.35,5.331683574073288,94.66831642592672,0,0,0,0,2,-13.766620515804838,-14.493250180125749,-0.8352436655714882,-16.17152089636,1,71.8,-16.17152089636,71.8,83.61173424414015,1.0270500054287717,7.0378965073674875,5.96042333378113,0.1317627313898944,24.08,FALSE,FALSE,FALSE,TRUE,0,1,-13.948277931885066,East North Central,0,0,2024,IN-02,Lori Camp,Rudy Yakym,28.426849734042914,0,0,0,34.91825040457449,35.55036435270737,1.5687041320160924,0,0.6321139481328757,-0.6321139481328757,-0.40295294391842096,TRUE,TRUE,141,IN02
1344,2024,Indiana,IN,FALSE,IN-03,97871,202653,311539,Kiley Adolph,Marlin Stutzman,False,False,47777.01,0,300524,32.56678335174561,67.43321664825437,47777.01,0,47777.01,100,0,0,0,0,0,3,-17.546316854914934,-19.244595286830968,-0.8352436655714882,-16.17152089636,1,71.8,-16.17152089636,71.8,86.10374337355937,1.839662752618914,4.284706265491849,5.505961534982179,0.05391615856416566,24.64,FALSE,FALSE,FALSE,FALSE,0,0,-17.970886462893944,East North Central,0,0,2024,IN-03,Kiley Adolph,Marlin Stutzman,10000,0,0,0,33.593538594942274,32.56678335174561,1.601879113095326,0,1.0267552431966607,1.0267552431966607,0.6409692434360118,TRUE,TRUE,142,IN03
1345,2024,Indiana,IN,FALSE,IN-04,100091,209794,323595,Derrick Holder,Jim Baird,False,True,2587.06,128381.78,309885,32.29940139083854,67.70059860916146,2587.06,128381.78,130968.84,1.9753248177200011,98.02467518228,0,0,0,0,4,-17.17770166436638,-19.35815597467526,-0.8352436655714882,-16.17152089636,1,71.8,-16.17152089636,71.8,87.63441619918326,2.130169989684749,4.4087100284022664,4.012350040271871,0.066413260043239275,30.76,FALSE,FALSE,FALSE,TRUE,0,1,-17.7228152419436,East North Central,0,0,2024,IN-04,Derrick Holder,Jim Baird,3.901908135500556,0,0,0,31.95663285026698,32.29940139083854,1.5618383424939932,0,0.3427685405715586,-0.3427685405715586,-0.2194648007067203,TRUE,TRUE,143,IN04
1346,2024,Indiana,IN,FALSE,IN-05,136554,203293,359204,Deborah Pickett,Victoria Spartz,False,True,33605.88,999237.28,339847,40.18102263665708,59.81897736334292,33605.88,999237.28,1032843.16,3.25372537685199,96.746274623148,0,0,0,0,5,-10.402237602237165,-13.653722284029564,-0.8352436655714882,-16.17152089636,1,71.8,-16.17152089636,71.8,86.39141363624503,2.4320492637401827,3.3625285936698184,4.978734137580128,0.07288667774173066,39.25,FALSE,FALSE,FALSE,TRUE,0,1,-11.215108772685264,East North Central,0,2,2024,IN-05,Deborah Pickett,Victoria Spartz,10.586728827970623,0,0,0,40.99421559386853,40.18102263665708,1.5855307498401667,0,0.8131929572114487,0.8131929572114487,0.5128837503110075,TRUE,TRUE,144,IN05
1347,2024,Indiana,IN,FALSE,IN-06,99841,201357,314909,Cindy Wirth,Jefferson Shreve,False,False,22832.79,128724.61,301198,33.147962469870315,66.85203753012968,22832.79,128724.61,151557.4,15.065440552556325,84.93455944744368,0,0,0,0,6,-18.579759839050418,-20.982093071469865,-0.8352436655714882,-16.17152089636,1,71.8,-16.17152089636,71.8,87.73053539481913,2.6591566913443776,3.2518581007374223,4.2550870507468765,0.05836108969790409,27.389999999999997,FALSE,FALSE,FALSE,FALSE,0,0,-19.18034314715528,East North Central,0,0,2024,IN-06,Cindy Wirth,Jefferson Shreve,226.96749904260864,0,0,0,32.62145680428508,33.147962469870315,1.5896348272552008,0,0.5265056655852334,-0.5265056655852334,-0.3312117075934622,TRUE,TRUE,145,IN06
1348,2024,Indiana,IN,FALSE,IN-07,185987,78792,272148,Andre Carson,John Schmitz,True,False,347742.97,23378.11,264779,70.24235305670011,29.75764694329988,347742.97,23378.11,371121.08,93.70067849554653,6.29932150445348,0,0,0,0,7,19.29909816910889,17.901927667066765,-0.8352436655714882,-16.17152089636,1,71.8,-16.17152089636,71.8,55.72230418011187,1.6459263468881733,7.185284947471264,31.835060936447817,0.07181587111289299,34.61,FALSE,FALSE,TRUE,FALSE,1,0,18.94980554359836,East North Central,0,0,2024,IN-07,Andre Carson,John Schmitz,8779.817150525776,0,0,0,69.82862601134865,70.24235305670011,1.5548764728107105,100,0.41372704535146454,-0.41372704535146454,-0.26608354591897626,TRUE,TRUE,146,IN07
1349,2024,Indiana,IN,FALSE,IN-08,95311,219941,323633,Erik Hurt,Mark Messmer,False,False,16703.23,1008722.09,315252,30.23327369850152,69.76672630149848,16703.23,1008722.09,1025425.32,1.6289075054241882,98.37109249457582,0,0,0,0,8,-18.994061201600356,-19.11876874453125,-0.8352436655714882,-16.17152089636,1,71.8,-16.17152089636,71.8,91.46029271193268,0.7218406937691112,1.908833041497197,3.5003050883200437,0.09541572388902043,22.34,FALSE,FALSE,FALSE,FALSE,0,0,-19.02523808733308,East North Central,0,0,2024,IN-08,Erik Hurt,Mark Messmer,2.6533396612272515,0,0,0,30.641119957936837,30.23327369850152,1.598410494841704,0,0.40784625943531694,0.40784625943531694,0.25515739589516856,TRUE,TRUE,147,IN08
1350,2024,Indiana,IN,FALSE,IN-09,113400,222884,345738,Tim Peck,Erin Houchin,False,True,287751.53,362734.05,336284,33.72149730584863,66.27850269415137,287751.53,362734.05,650485.5800000001,44.23641950679368,55.76358049320631,0,0,0,0,9,-16.19891472229598,-16.080389398206968,-0.8352436655714882,-16.17152089636,1,71.8,-16.17152089636,71.8,91.55467781669316,1.1582038582794605,2.481840920117192,2.5716720068161907,0.04508697672106247,26,FALSE,FALSE,FALSE,TRUE,0,1,-16.16928339127373,East North Central,0,0,2024,IN-09,Tim Peck,Erin Houchin,1956.8608107810364,0,0,0,33.70608138422161,33.72149730584863,1.574137889179541,0,0.015415921627017326,-0.015415921627017326,-0.00979324729617701,TRUE,TRUE,148,IN09
1351,2024,Iowa,IA,FALSE,IA-01,206156,206955,414078,Christina Bohannan,Mariannette Miller-Meeks,False,True,5963508.86,2234639.1,413111,49.90329475613092,50.096705243869074,5963508.86,2234639.1,8198147.960000001,72.7421472398017,27.257852760198293,49.86242316330371,2.91,46.0458589444116,2.91,1,-3.742128323579472,-2.749394474680919,-0.8352436655714882,-16.17152089636,1,71.8,-16.17152089636,71.8,88.49997855273881,1.5729091395028854,4.361383051384339,3.4617529341503093,0.09552280173821802,31.49,FALSE,FALSE,FALSE,TRUE,0,1,-3.4939448613548336,West North Central,0,0,2024,IA-01,Christina Bohannan,Mariannette Miller-Meeks,5291.419985056989,2.91,1.705872210923198,-3.816564218892111,48.60429388071703,49.90329475613092,1.4850213572091007,17.544999999999998,1.2990008754138884,-1.2990008754138884,-0.8747354838419207,TRUE,TRUE,149,IA01
1352,2024,Iowa,IA,FALSE,IA-02,169740,233340,408802,Sarah Corkery,Ashley Hinson,False,True,477091.38,3253294.79,403080,42.11074724620423,57.88925275379577,477091.38,3253294.79,3730386.17,12.789329529387569,87.21067047061243,0,0,0,0,2,-4.509952604992641,-3.575205885018498,-0.8352436655714882,-16.17152089636,1,71.8,-16.17152089636,71.8,91.25811031353244,1.129307256491568,2.5123727891517507,3.0926997226903024,0.21378720129499648,28.32,FALSE,FALSE,FALSE,TRUE,0,1,-4.276265924999105,West North Central,0,0,2024,IA-02,Sarah Corkery,Ashley Hinson,163.56694981126486,0,0,0,42.93614720335375,42.11074724620423,1.5674876911717208,0,0.8253999571495214,0.8253999571495214,0.526575080492353,TRUE,TRUE,150,IA02
1353,2024,Iowa,IA,FALSE,IA-03,197962,213746,412905,Lanon Baccam,Zach Nunn,False,True,4359107.59,2778090.39,411708,48.08310744508243,51.91689255491756,4359107.59,2778090.39,7137197.98,61.07589564161143,38.92410435838856,46.561988451799735,3.06,42.99434855920257,3.06,3,-2.445777769439779,-2.7511252083126365,-0.8352436655714882,-16.17152089636,1,71.8,-16.17152089636,71.8,86.34108108846512,2.732261898256926,5.022949565597509,3.929259330091252,0.0630088519753019,35.410000000000004,FALSE,FALSE,FALSE,TRUE,0,1,-2.5221146291579934,West North Central,0,0,2024,IA-03,Lanon Baccam,Zach Nunn,3730.2650284250103,3.06,1.7492855684535902,-3.567639892597164,47.94967241502517,48.08310744508243,1.5729258644553734,9.365,0.13343503005726376,-0.13343503005726376,-0.08483237072553684,TRUE,TRUE,151,IA03
1354,2024,Iowa,IA,FALSE,IA-04,122175,250522,373824,Ryan Melton,Randy Feenstra,False,True,136824.14,2091313.01,372697,32.78132101948768,67.21867898051231,136824.14,2091313.01,2228137.15,6.140741381202679,93.85925861879733,0,0,0,0,4,-15.508601170491517,-15.55985993858512,-0.8352436655714882,-16.17152089636,1,71.8,-16.17152089636,71.8,89.23090550745178,1.374350343502413,5.7628002132730085,1.6167524925856966,0.3028749269642154,25.8,FALSE,FALSE,FALSE,TRUE,0,1,-15.521415862514916,West North Central,0,0,2024,IA-04,Ryan Melton,Randy Feenstra,37.70870471081499,0,0,0,32.16135011948391,32.78132101948768,1.4885828484507986,0,0.6199709000037643,-0.6199709000037643,-0.41648397376671503,TRUE,TRUE,152,IA04
1355,2024,Kansas,KS,FALSE,KS-01,93965,210493,304458,Paul Buskirk,Tracey Mann,False,True,47681.81,431712.29,304458,30.863041864559317,69.13695813544068,47681.81,431712.29,479394.1,9.94626550472774,90.05373449527227,0,0,0,0,1,-17.412865234889388,-19.31126132231813,-0.8352436655714882,-16.17152089636,1,71.8,-16.17152089636,71.8,82.28325808576916,1.3182477365072314,10.279271426891656,2.761731807602648,0.5201693956740272,29.409999999999997,FALSE,FALSE,FALSE,TRUE,0,1,-17.887464256746576,West North Central,0,0,2024,KS-01,Paul Buskirk,Tracey Mann,98.92819749053699,0,0,0,31.269370926019597,30.863041864559317,1.572275109773849,0,0.4063290614602799,0.4063290614602799,0.2584338192052948,TRUE,TRUE,153,KS01
1356,2024,Kansas,KS,FALSE,KS-02,115685,172847,302761,Nancy Boyda,Derek Schmidt,False,False,120511.25,817106.57,288532,40.09433962264151,59.905660377358494,120511.25,817106.57,937617.82,12.852918047142063,87.14708195285793,0,0,0,0,2,-10.605342359635635,-11.247598137992448,-0.8352436655714882,-16.17152089636,1,71.8,-16.17152089636,71.8,77.69663006208178,1.528442819811791,8.45014576378714,7.946203344259324,0.5575653671283778,26.91,FALSE,FALSE,FALSE,FALSE,0,0,-10.765906304224838,West North Central,0,0,2024,KS-02,Nancy Boyda,Derek Schmidt,165.19750232655016,0,0,0,40.06204398427063,40.09433962264151,1.6060436642334175,0,0.032295638370882784,-0.032295638370882784,-0.02010881714495468,TRUE,TRUE,154,KS02
1357,2024,Kansas,KS,FALSE,KS-03,209871,167570,393333,Sharice Davids,Prasanth Reddy,True,False,4289568.53,985590.01,377441,55.60365726034002,44.39634273965997,4289568.53,985590.01,5275158.54,81.31639072974667,18.683609270253328,0,0,0,0,3,0.0042096974047112,-4.024448078804589,-0.8352436655714882,-16.17152089636,1,71.8,-16.17152089636,71.8,82.91324371998641,3.2266740365514135,7.073605487349085,4.381309922820242,0.1736127212124697,51.28,FALSE,FALSE,TRUE,FALSE,1,0,-1.002954746647614,West North Central,0,0,2024,KS-03,Sharice Davids,Prasanth Reddy,6612.3554013128305,0,0,0,54.936763165307944,55.60365726034002,1.5696096919125633,99.83,0.6668940950320774,-0.6668940950320774,-0.42487893548839495,TRUE,TRUE,155,KS03
1358,2024,Kansas,KS,FALSE,KS-04,106632,198465,305097,Esau Freeman,Ron Estes,False,True,47782.04,406237.33,305097,34.95019616712062,65.04980383287938,47782.04,406237.33,454019.37,10.524229395763443,89.47577060423656,0,0,0,0,4,-13.400556927206935,-15.761648878081708,-0.8352436655714882,-16.17152089636,1,71.8,-16.17152089636,71.8,77.85069884083185,2.859520444420123,9.270703407309004,6.010578376409805,0.5257109646399937,30.380000000000003,FALSE,FALSE,FALSE,TRUE,0,1,-13.990829914925628,West North Central,0,0,2024,KS-04,Esau Freeman,Ron Estes,110.75940437465137,0,0,0,35.337156201087964,34.95019616712062,1.563027556502526,0,0.38696003396734113,0.38696003396734113,0.24757083287335874,TRUE,TRUE,156,KS04
1359,2024,Kentucky,KY,FALSE,KY-01,85524,252729,338253,Erin Marshall,James Comer,False,True,237977.68,6674292.65,338253,25.28403295757909,74.7159670424209,237977.68,6674292.65,6912270.33,3.4428294704729816,96.55717052952704,0,0,0,0,1,-23.96304822060537,-24.137376848417816,-0.8352436655714882,-16.17152089636,1,71.8,-16.17152089636,71.8,88.02778788073904,0.5119736042976547,2.3524334408211067,6.753979454927355,0.10858991471167116,20.29,FALSE,FALSE,FALSE,TRUE,0,1,-24.00663037755848,East South Central,0,0.32465246735834974,2024,KY-01,Erin Marshall,James Comer,11.85307476275727,0,0,0,25.314532588850312,25.28403295757909,1.5677169915195155,0,0.030499631271222682,0.030499631271222682,0.019454806853666108,TRUE,TRUE,157,KY01
1360,2024,Kentucky,KY,FALSE,KY-02,93029,252826,345855,Hank Linderman,Brett Guthrie,False,True,36067.58,993769.91,345855,26.898266614621736,73.10173338537827,36067.58,993769.91,1029837.49,3.502259371039212,96.4977406289608,0,0,0,0,2,-20.956126410497955,-21.9996074808625,-0.8352436655714882,-16.17152089636,1,71.8,-16.17152089636,71.8,88.87135047353722,1.2806154233835687,2.576455435703236,4.883768138260267,0.10237223594962935,23.04,FALSE,FALSE,FALSE,TRUE,0,1,-21.21699667808909,East South Central,0,0,2024,KY-02,Hank Linderman,Brett Guthrie,12.265820702031975,0,0,0,26.507028637757717,26.898266614621736,1.4291985120412147,0,0.3912379768640193,-0.3912379768640193,-0.2737464205061647,TRUE,TRUE,158,KY02
1361,2024,Kentucky,KY,FALSE,KY-03,203100,124713,327864,Morgan McGarvey,Mike Craven,True,False,1241661.21,0,327813,61.95605421383533,38.04394578616467,1241661.21,0,1241661.21,100,0,0,0,0,0,3,9.117663056733605,7.02807544360936,-0.8352436655714882,-16.17152089636,1,71.8,-16.17152089636,71.8,69.75039597811188,1.8670689534785436,3.997449570212156,20.242842075476553,0.12072279327186332,35.120000000000005,FALSE,FALSE,TRUE,FALSE,1,0,8.595266153452544,East South Central,0,0,2024,KY-03,Morgan McGarvey,Mike Craven,10000,0,0,0,61.97879354344676,61.95605421383533,1.584569309251409,100,0.02273932961143288,0.02273932961143288,0.014350479640537477,TRUE,TRUE,159,KY03
1362,2024,Kentucky,KY,FALSE,KY-06,130345,222293,352638,Randy Cravens,Andy Barr,False,True,30687.2,2446173.83,352638,36.96283440808988,63.03716559191012,30687.2,2446173.83,2476861.0300000003,1.2389552594317332,98.76104474056828,0,0,0,0,6,-7.876455669658362,-10.508461094250762,-0.8352436655714882,-16.17152089636,1,71.8,-16.17152089636,71.8,85.29931131908882,1.3584672435105067,3.0489140031785276,7.804167402436871,0.0669256577785626,34.9,FALSE,FALSE,FALSE,TRUE,0,1,-8.53445702580646,East South Central,0,0,2024,KY-06,Randy Cravens,Andy Barr,1.5350101348735534,0,0,0,37.723730422059035,36.96283440808988,1.5727814970820166,0,0.7608960139691519,0.7608960139691519,0.48379003401352516,TRUE,TRUE,160,KY06
1363,2024,Louisiana,LA,FALSE,LA-01,85911,265028,357720,Mel Manuel,Steve Scalise,False,"[False, False, True]",74059.16,"[0, 0, 2538505.69]",350939,24.480322791140345,75.51967720885966,74059.16,2538505.69,2612564.85,2.8347300163668665,97.16526998363312,0,0,0,0,1,-21.71030115878728,-23.28941186215496,-0.8352436655714882,-16.17152089636,1,71.8,-16.17152089636,71.8,75.59151846258573,1.888694258320457,7.77281771204281,11.850318398888447,0.444306005918247,35.099999999999994,FALSE,FALSE,FALSE,TRUE,0,1,-22.105078834629204,West South Central,0,0,2024,LA-01,Mel Manuel,Steve Scalise,8.035694265691296,0,0,0,25.205560548443916,24.480322791140345,1.5700857469028073,0,0.7252377573035709,0.7252377573035709,0.46190964966989484,TRUE,TRUE,161,LA01
1364,2024,Louisiana,LA,FALSE,LA-02,216491,88693,305184,Troy Carter,R,"[False, False]","[False, False, False]","[111044.69, 1102416.0]","[31909.29, 0, 0]",305184,70.93786043829297,29.062139561707035,1213460.69,31909.29,1245369.98,97.4377662451764,2.562233754823607,0,0,0,0,2,15.992399781141096,17.012501058167878,-0.8352436655714882,-16.17152089636,1,71.8,-16.17152089636,71.8,37.68954719454969,2.473469198190136,5.774881613944458,51.36141731017593,0.2666923891743968,26.75,FALSE,FALSE,FALSE,FALSE,0,0,16.24742510039779,West South Central,0,0,2024,LA-02,Troy Carter,R,9494.11829084964,0,0,0,69.67351281651278,70.93786043829297,1.577974842186296,100,1.264347621780189,-1.264347621780189,-0.801247008493764,TRUE,TRUE,162,LA02
1365,2024,Louisiana,LA,FALSE,LA-03,81157,239525,320682,D,Clay Higgins,"[False, False]","[True, False]","[0, 9707.25]","[371419.28, 0]",320682,25.30762562289121,74.69237437710878,9707.25,371419.28,381126.53,2.5469887913601816,97.45301120863982,0,0,0,0,3,-23.77365757167597,-23.08043836074456,-0.8352436655714882,-16.17152089636,1,71.8,-16.17152089636,71.8,71.16348145955773,1.2270446633687089,3.60537961749327,21.020076670472,0.8866785054895495,23.19,FALSE,FALSE,FALSE,TRUE,0,1,-23.60035276894312,West South Central,0,0,2024,LA-03,D,Clay Higgins,6.487151903314399,0,0,0,24.832676235202225,25.30762562289121,1.4924072051558028,0,0.47494938768898365,-0.47494938768898365,-0.31824383187656907,TRUE,TRUE,163,LA03
1366,2024,Louisiana,LA,FALSE,LA-05,82981,236870,319851,D,Julia Letlow,False,"[True, False]",0,"[999148.28, 0]",319851,25.943642508543043,74.05635749145696,0,999148.28,999148.28,0,100,0,0,0,0,5,-19.41276560662912,-18.94065574363149,-0.8352436655714882,-16.17152089636,1,71.8,-16.17152089636,71.8,65.9439898337712,1.0378596115048278,3.2824451013368865,27.44230973430109,0.20859950607473277,25.319999999999997,FALSE,FALSE,FALSE,TRUE,0,1,-19.29473814087971,West South Central,0,0,2024,LA-05,D,Julia Letlow,0,0,0,0,26.826150898011395,25.943642508543043,1.5138845724430723,0,0.8825083894683523,0.8825083894683523,0.5829429835883594,TRUE,TRUE,164,LA05
1367,2024,Louisiana,LA,FALSE,LA-06,184296,111737,296033,Cleo Fields,Elbert Guillory,"[False, False, False, False]",False,"[1107541.71, 0.0, 15886.23, 0]",174674.67,296033,62.25522154624653,37.74477845375347,1123427.94,174674.67,1298102.61,86.54384725410883,13.456152745891176,0,0,0,0,6,7.75163435752151,8.765281512229024,-0.8352436655714882,-16.17152089636,1,71.8,-16.17152089636,71.8,40.74777733682662,1.1101194698290646,2.3861642696681673,53.38288347337025,0.19447741601825896,22.42,FALSE,FALSE,FALSE,FALSE,0,0,8.005046146198389,West South Central,0,0,2024,LA-06,Cleo Fields,Elbert Guillory,7489.8374975425195,0,0,0,60.91770771865538,62.25522154624653,1.6087603050824086,100,1.3375138275911524,-1.3375138275911524,-0.8313941010140963,TRUE,TRUE,165,LA06
1368,2024,Maine,ME,FALSE,ME-01,249798,154849,425530,Chellie Pingree,Ronald Russell,True,False,324930.03,122597.69,404647,61.73232471759336,38.26767528240664,324930.03,122597.69,447527.72,72.6055650809742,27.394434919025795,57.57695087617538,4.45,27.5284270000434,4.45,1,9.462787290359016,6.631204164416225,-0.8352436655714882,-16.17152089636,1,71.8,-16.17152089636,71.8,93.87797103991096,1.195485075227867,1.835463313104342,1.011151298658301,0.13386569405246176,41.27,FALSE,FALSE,TRUE,FALSE,1,0,8.754891508873317,New England,0,0,2024,ME-01,Chellie Pingree,Ronald Russell,5271.56808072758,4.45,2.1095023109728985,-30.04852387613198,62.18517685782727,61.73232471759336,1.5645416560402645,100,0.4528521402339152,0.4528521402339152,0.2894471607614778,TRUE,TRUE,166,ME01
1369,2024,Maine,ME,FALSE,ME-02,197151,194445,402936,Jared Golden,Austin Theriault,True,False,6258176.78,2273223.17,391596,50.3455091471823,49.6544908528177,6258176.78,2273223.17,8531399.95,73.35462897856524,26.64537102143477,47.9812062793757,5.15,42.639472194242806,5.15,2,-5.410175726539528,-6.006476982006333,-0.8352436655714882,-16.17152089636,1,71.8,-16.17152089636,71.8,94.62380497992548,0.5984552508867004,1.5425886250292566,0.8485317681796086,0.5520047530741948,26.92,FALSE,FALSE,TRUE,FALSE,1,0,-5.559251040406229,New England,0,0,2024,ME-02,Jared Golden,Austin Theriault,5380.9015925829635,5.15,2.2693611435820435,-5.341734085132892,50.06884754596225,50.3455091471823,1.5705434521523192,51.51,0.2766616012200487,-0.2766616012200487,-0.17615660416202011,TRUE,TRUE,167,ME02
1370,2024,Maryland,MD,FALSE,MD-01,154985,246356,414680,Blane Miller,Andy Harris,False,True,0,823912.58,401341,38.61678722084213,61.38321277915787,0,823912.58,823912.58,0,100,0,0,0,0,1,-9.686828544264252,-13.349169413722636,-0.8352436655714882,-16.17152089636,1,71.8,-16.17152089636,71.8,77.57375959499994,2.0594105275172763,3.651513294939346,14.35376741703357,0.06697406475502432,33.61,FALSE,FALSE,FALSE,TRUE,0,1,-10.602413761628847,South Atlantic,0,0,2024,MD-01,Blane Miller,Andy Harris,0,0,0,0,39.06320550001932,38.61678722084213,1.5449448085822834,0,0.4464182791771947,0.4464182791771947,0.2889541922127625,TRUE,TRUE,168,MD01
1371,2024,Maryland,MD,FALSE,MD-02,223797,152079,384794,Johnny Olszewski,Kimberly Klacik,False,False,1243084.77,161707.95,375876,59.54011429301153,40.45988570698847,1243084.77,161707.95,1404792.72,88.48883912211618,11.511160877883825,0,0,0,0,2,8.355610210423116,4.807297765708725,-0.8352436655714882,-16.17152089636,1,71.8,-16.17152089636,71.8,65.62703992730678,4.28534873074091,4.240263617357943,23.326759146272472,0.09608873585867991,45.14,FALSE,FALSE,FALSE,FALSE,0,0,7.468532099244518,South Atlantic,0,0,2024,MD-02,Johnny Olszewski,Kimberly Klacik,7830.274649179758,0,0,0,59.06541236794135,59.54011429301153,1.5874312908516732,100,0.4747019250701783,-0.4747019250701783,-0.29903777744956495,TRUE,TRUE,169,MD02
1372,2024,Maryland,MD,FALSE,MD-03,236681,151186,399200,Sarah Elfreth,Robert Steinberger,False,False,1967896.39,31642.69,387867,61.02117478413992,38.97882521586008,1967896.39,31642.69,1999539.08,98.41750079723374,1.5824992027662694,0,0,0,0,3,10.755854472127282,6.24545109526597,-0.8352436655714882,-16.17152089636,1,71.8,-16.17152089636,71.8,64.52071371285408,8.630063095736602,5.960914710746148,17.4435935470592,0.1206555143118732,51.690000000000005,FALSE,FALSE,FALSE,FALSE,0,0,9.628253627911954,South Atlantic,0,0,2024,MD-03,Sarah Elfreth,Robert Steinberger,9686.004463173504,0,0,0,61.42679319028093,61.02117478413992,1.5882612157726466,100,0.4056184061410093,0.4056184061410093,0.2553851986769612,TRUE,TRUE,170,MD03
1373,2024,Maryland,MD,FALSE,MD-04,239596,30454,270970,Glenn Ivey,George McDermott,False,False,0,0,270050,88.72282910572117,11.277170894278838,0,0,0,0,0,0,0,0,0,4,38.91759708535584,41.21359687664066,-0.8352436655714882,-16.17152089636,1,71.8,-16.17152089636,71.8,14.028796084038506,4.717127445085821,12.113093783793545,65.86897080662602,0.14850570121672696,32.45,FALSE,FALSE,FALSE,FALSE,0,0,39.49159703317704,South Atlantic,0,0,2024,MD-04,Glenn Ivey,George McDermott,0,0,0,0,87.6682118541041,88.72282910572117,1.5625712269339587,100,1.0546172516170742,-1.0546172516170742,-0.6749242744514244,TRUE,TRUE,171,MD04
1374,2024,Maryland,MD,FALSE,MD-05,283619,133985,418603,Steny Hoyer,Michelle Talkington,True,False,466145.6,10498.32,417604,67.91577666880585,32.084223331194146,466145.6,10498.32,476643.92,97.79745013845977,2.202549861540246,0,0,0,0,5,16.284677161388437,11.504912847078453,-0.8352436655714882,-16.17152089636,1,71.8,-16.17152089636,71.8,46.48677999799142,2.591913610823158,5.390812639047049,41.7877344118363,0.16068604771899006,40.73,FALSE,FALSE,TRUE,FALSE,1,0,15.08973608281094,South Atlantic,0,0,2024,MD-05,Steny Hoyer,Michelle Talkington,9564.341253584524,0,0,0,67.85796709019625,67.91577666880585,1.5449337007714534,100,0.057809578609592904,-0.057809578609592904,-0.03741880870404085,TRUE,TRUE,172,MD05
1375,2024,Maryland,MD,FALSE,MD-06,199788,175974,376624,April McClain Delaney,Neil Parrott,False,False,1661758.77,801562.12,375762,53.16876107749054,46.83123892250946,1661758.77,801562.12,2463320.89,67.46010139182475,32.539898608175235,39.590345528699615,1.79,41.08018993541052,1.79,6,2.744538138450203,-0.4718695876598247,-0.8352436655714882,-16.17152089636,1,71.8,-16.17152089636,71.8,68.474972350066,7.601947982446751,8.69759891540904,12.531128474080417,0.12647614970209425,39.55,FALSE,FALSE,FALSE,FALSE,0,0,1.940436206922696,South Atlantic,0,0,2024,MD-06,April McClain Delaney,Neil Parrott,4550.8652797952755,1.79,1.3379088160259651,1.4898444067109082,53.24204522705906,53.16876107749054,1.5562895119624536,98.13499999999999,0.07328414956852214,0.07328414956852214,0.04708902103703836,TRUE,TRUE,173,MD06
1376,2024,Maryland,MD,FALSE,MD-07,232849,49799,290137,Kweisi Mfume,Scott Collier,True,False,180408.93,0,282648,82.38126574396422,17.618734256035776,180408.93,0,180408.93,100,0,0,0,0,0,7,29.980767863318285,30.460028515312025,-0.8352436655714882,-16.17152089636,1,71.8,-16.17152089636,71.8,34.12773967997849,2.2207879521312357,4.818788938191923,55.89906324234683,0.19667428622652505,31.28,FALSE,FALSE,TRUE,FALSE,1,0,30.10058302631672,South Atlantic,0,0,2024,MD-07,Kweisi Mfume,Scott Collier,10000,0,0,0,81.55037579666491,82.38126574396422,1.4755425180673185,100,0.8308899472993119,-0.8308899472993119,-0.5631081023592736,TRUE,TRUE,174,MD07
1377,2024,Maryland,MD,FALSE,MD-08,292101,77821,380320,Jamie Raskin,Cheryl Riley,True,False,3946956.34,5368.52,369922,78.96286244127141,21.037137558728595,3946956.34,5368.52,3952324.86,99.86416804817,0.135831951829992,0,0,0,0,8,29.52736902943868,29.377009677030703,-0.8352436655714882,-16.17152089636,1,71.8,-16.17152089636,71.8,52.988632918469634,12.99142842518476,13.684792837203076,17.307533299997242,0.15690273605298077,63.080000000000005,FALSE,FALSE,TRUE,FALSE,1,0,29.489779191336684,South Atlantic,0,0,2024,MD-08,Jamie Raskin,Cheryl Riley,9972.852059953138,0,0,0,79.50541384427295,78.96286244127141,1.5579178223473498,100,0.5425514030015393,0.5425514030015393,0.348254185951904,TRUE,TRUE,175,MD08
1378,2024,Massachusetts,MA,FALSE,MA-08,265432,110638,397767,Stephen Lynch,Robert Burke,True,False,277606.06,1147.1,376070,70.58047703884915,29.41952296115085,277606.06,1147.1,278753.16,99.58848896995464,0.4115110300453634,0,0,0,0,8,15.763042379129054,13.682584586580523,-0.8352436655714882,-16.17152089636,1,71.8,-16.17152089636,71.8,74.40046583877762,7.768414541219649,5.658144143926212,10.301499288973824,0.12527192647488256,50.42,FALSE,FALSE,TRUE,FALSE,1,0,15.242927930991922,New England,0,0,2024,MA-08,Stephen Lynch,Robert Burke,9917.867135318776,0,0,0,69.64007261989074,70.58047703884915,1.4965717331261656,100,0.9404044189584084,-0.9404044189584084,-0.6283724315666528,TRUE,TRUE,176,MA08
1379,2024,Massachusetts,MA,FALSE,MA-09,251931,193822,465097,Bill Keating,Dan Sullivan,True,False,332908.89,0,445753,56.51807166749299,43.48192833250701,332908.89,0,332908.89,100,0,0,0,0,0,9,6.986457396392019,4.219175283163366,-0.8352436655714882,-16.17152089636,1,71.8,-16.17152089636,71.8,89.97726856629947,1.1830714816909076,4.098462914386908,2.7191849735988085,0.16623272257119573,41.03,FALSE,FALSE,TRUE,FALSE,1,0,6.294636868084856,New England,0,0,2024,MA-09,Bill Keating,Dan Sullivan,10000,0,0,0,58.01976605288338,56.51807166749299,1.562219400537905,100,1.5016943853903868,1.5016943853903868,0.9612570327018867,TRUE,TRUE,177,MA09
1380,2024,Michigan,MI,FALSE,MI-01,180937,282264,477184,Callie Barr,Jack Bergman,False,True,969169.32,645798.34,463201,39.0623077238607,60.9376922761393,969169.32,645798.34,1614967.66,60.01168593060248,39.988314069397525,0,0,0,0,1,-12.313988408881585,-13.42687226953842,-0.8352436655714882,-16.17152089636,1,71.8,-16.17152089636,71.8,92.29399433116367,0.4643420773694087,1.7509009680990557,1.191240784215196,1.6383093991190534,26.479999999999997,FALSE,FALSE,FALSE,TRUE,0,1,-12.592209374045794,East North Central,0,0,2024,MI-01,Callie Barr,Jack Bergman,3601.402448233272,0,0,0,38.54927946791643,39.0623077238607,1.577315586905072,0,0.5130282559442705,-0.5130282559442705,-0.325254032993428,TRUE,TRUE,178,MI01
1381,2024,Michigan,MI,FALSE,MI-02,135824,279167,428550,Michael Lynch,John Moolenaar,False,True,13299.07,1147704.43,414991,32.72938449267574,67.27061550732427,13299.07,1147704.43,1161003.5,1.1454806122462164,98.85451938775378,0,0,0,0,2,-16.625881675042976,-16.04538722360119,-0.8352436655714882,-16.17152089636,1,71.8,-16.17152089636,71.8,90.91613640071787,0.4712024800130528,3.5638766519823792,2.189264154021863,0.5725240659161364,21.22,FALSE,FALSE,FALSE,TRUE,0,1,-16.48075806218253,East North Central,0,0,2024,MI-02,Michael Lynch,John Moolenaar,1.312125833031967,0,0,0,32.43882156012006,32.72938449267574,1.5675195144070468,0,0.2905629325556802,-0.2905629325556802,-0.18536479443166157,TRUE,TRUE,179,MI02
1382,2024,Michigan,MI,FALSE,MI-03,225510,183952,420289,Hillary Scholten,Paul Hudson,True,False,3741953.07,607659.44,409462,55.07470778729162,44.92529221270839,3741953.07,607659.44,4349612.51,86.02957301132096,13.970426988679044,0,0,0,0,3,2.0595543355519936,-1.022902340359316,-0.8352436655714882,-16.17152089636,1,71.8,-16.17152089636,71.8,78.3733557528944,2.058746256108454,6.954793056942182,9.741649589266634,0.20177604960327888,36.65,FALSE,FALSE,TRUE,FALSE,1,0,1.2889401665741662,East North Central,0,0,2024,MI-03,Hillary Scholten,Paul Hudson,7401.087432510204,0,0,0,55.00554444756617,55.07470778729162,1.552748545355691,99.905,0.06916333972544919,-0.06916333972544919,-0.044542524243425266,TRUE,TRUE,180,MI03
1383,2024,Michigan,MI,FALSE,MI-04,184641,234489,425817,Jessica Swartz,Bill Huizenga,False,True,1104226.96,1270050.63,419130,44.05339632095054,55.94660367904945,1104226.96,1270050.63,2374277.59,46.50791317118063,53.492086828819374,0,0,0,0,4,-4.27775975542562,-6.147053785774652,-0.8352436655714882,-16.17152089636,1,71.8,-16.17152089636,71.8,81.84154278854517,1.8079230328050968,6.185552805578951,7.596135794878155,0.20185632032462356,31.76,FALSE,FALSE,FALSE,TRUE,0,1,-4.745083263012878,East North Central,0,0.5352614285189903,2024,MI-04,Jessica Swartz,Bill Huizenga,2162.985987538077,0,0,0,44.16509021505381,44.05339632095054,1.5507339212675946,0.015,0.11169389410326858,0.11169389410326858,0.07202647247953937,TRUE,TRUE,181,MI04
1384,2024,Michigan,MI,FALSE,MI-05,134282,269215,409876,Libbi Urban,Tim Walberg,False,True,101370.99,766725.43,403497,33.27955350349569,66.72044649650431,101370.99,766725.43,868096.42,11.677388325135588,88.32261167486442,0,0,0,0,5,-14.564530484364743,-14.526484430864896,-0.8352436655714882,-16.17152089636,1,71.8,-16.17152089636,71.8,89.30397333056919,0.5898304404669157,3.8412540249908886,3.831724451547971,0.17370573345950266,22.9,FALSE,FALSE,FALSE,TRUE,0,1,-14.55501897098978,East North Central,0,0,2024,MI-05,Libbi Urban,Tim Walberg,136.36139809601295,0,0,0,33.32242104531987,33.27955350349569,1.5730592203391158,0,0.04286754182417951,0.04286754182417951,0.02725106675573107,TRUE,TRUE,182,MI05
1385,2024,Michigan,MI,FALSE,MI-06,281162,158658,453306,Debbie Dingell,Heather Smiley,True,False,475303.26,1435.6,439820,63.92660633895685,36.07339366104315,475303.26,1435.6,476738.86,99.69887078221396,0.3011292177860223,0,0,0,0,6,11.243783571466372,9.81471750446611,-0.8352436655714882,-16.17152089636,1,71.8,-16.17152089636,71.8,75.70150294053583,7.196340666521454,4.047919843171422,9.881594423872794,0.15996514920496624,51.06,FALSE,FALSE,TRUE,FALSE,1,0,10.886517054716306,East North Central,0,0,2024,MI-06,Debbie Dingell,Heather Smiley,9939.864835248596,0,0,0,64.12377168499793,63.92660633895685,1.5545431499920979,100,0.19716534604108205,0.19716534604108205,0.12683169717230705,TRUE,TRUE,183,MI06
1386,2024,Michigan,MI,FALSE,MI-07,209959,226722,450912,Curtis Hertel,Tom Barrett,False,False,6011245.96,3479823.74,436681,48.08063552112412,51.919364478875885,6011245.96,3479823.74,9491069.7,63.33581092550612,36.6641890744939,44.57817483586664,6.44,47.27753159556142,6.44,7,-2.0036910782675648,-3.120643367284984,-0.8352436655714882,-16.17152089636,1,71.8,-16.17152089636,71.8,85.23989488174196,1.9448546281233057,4.803904392441496,5.27927251491261,0.17002461102073166,36.27,FALSE,FALSE,FALSE,FALSE,0,0,-2.2829291505219196,East North Central,0,0,2024,MI-07,Curtis Hertel,Tom Barrett,4011.42494559146,6.44,2.5377155080899043,2.69935675969478,48.16864027813446,48.08063552112412,1.5638459249239363,12.145,0.08800475701033861,0.08800475701033861,0.05627457002493328,TRUE,TRUE,184,MI07
1387,2024,Michigan,MI,FALSE,MI-08,217490,189317,424350,Kristen McDonald Rivet,Paul Junge,False,False,4942450.14,703023.06,406807,53.46269852780311,46.53730147219689,4942450.14,703023.06,5645473.199999999,87.54713670414732,12.452863295852689,40.01873593343732,2.76,41.01875576761951,2.76,8,-1.2399399363541974,-0.5564137220743461,-0.8352436655714882,-16.17152089636,1,71.8,-16.17152089636,71.8,78.07607087631455,0.8641983572867786,4.541057789499756,14.081379236479746,0.18877144597588813,23.91,FALSE,FALSE,FALSE,FALSE,0,0,-1.0690583827842346,East North Central,0,0,2024,MI-08,Kristen McDonald Rivet,Paul Junge,7664.501145094659,2.76,1.6613247725836149,1.00001983418219,52.88064159147727,53.46269852780311,1.5601378838851863,96.83500000000001,0.5820569363258414,-0.5820569363258414,-0.3730804452208765,TRUE,TRUE,185,MI08
1388,2024,Michigan,MI,FALSE,MI-09,138138,312593,468238,Clinton St. Mosley,Lisa McClain,False,True,99354.86,965057.12,450731,30.647548094096035,69.35245190590396,99354.86,965057.12,1064411.98,9.334248567927618,90.66575143207238,0,0,0,0,9,-17.211491675977506,-18.500712275031056,-0.8352436655714882,-16.17152089636,1,71.8,-16.17152089636,71.8,91.54139533334444,1.0474160185200607,3.1882151125027063,2.3208367336742004,0.11608347351065072,28.08,FALSE,FALSE,FALSE,TRUE,0,1,-17.533796825740893,East North Central,0,0,2024,MI-09,Clinton St. Mosley,Lisa McClain,87.12819632785879,0,0,0,30.594413033764056,30.647548094096035,1.5696713648535003,0,0.05313506033197868,-0.05313506033197868,-0.03385107323846597,TRUE,TRUE,186,MI09
1389,2024,Michigan,MI,FALSE,MI-10,191363,217437,425301,Carl Marlinga,John James,False,True,2370780.39,4647146.12,408800,46.81090998043052,53.18909001956948,2370780.39,4647146.12,7017926.51,33.78177851566018,66.21822148433982,45.1326248054605,4.09,47.21730696061618,4.09,10,-2.765890527701494,-3.9329855320370655,-0.8352436655714882,-16.17152089636,1,71.8,-16.17152089636,71.8,76.55112808538912,5.150983583876637,2.316123533420672,13.269372340770778,0.12332162176472898,29.34,FALSE,FALSE,FALSE,TRUE,0,1,-3.0576642787853867,East North Central,0,0,2024,MI-10,Carl Marlinga,John James,1141.2085596811196,4.09,2.0223748416156684,2.084682155155676,46.711519775539045,46.81090998043052,1.4598781181143474,1.3050000000000002,0.09939020489147765,-0.09939020489147765,-0.06808116626876706,TRUE,TRUE,187,MI10
1390,2024,Michigan,MI,FALSE,MI-11,260780,177432,447925,Haley Stevens,Nick Somberg,True,False,1469802.92,11081.82,438212,59.51000885416191,40.48999114583809,1469802.92,11081.82,1480884.74,99.25167572460772,0.7483242753922902,0,0,0,0,11,7.780280828713657,6.190793221986276,-0.8352436655714882,-16.17152089636,1,71.8,-16.17152089636,71.8,74.36223025342854,5.773900407329532,3.782149815699238,13.316094229012762,0.11755492608262774,49.59,FALSE,FALSE,TRUE,FALSE,1,0,7.382908927031812,East North Central,0,0,2024,MI-11,Haley Stevens,Nick Somberg,9850.895134142685,0,0,0,60.150504864429,59.51000885416191,1.5578214738510605,100,0.6404960102670927,0.6404960102670927,0.41114853082859026,TRUE,TRUE,188,MI11
1391,2024,Michigan,MI,FALSE,MI-12,253354,92490,363499,Rashida Tlaib,James Hooper,True,False,8097297.14,13321.35,345844,73.25672846717018,26.743271532829837,8097297.14,13321.35,8110618.489999999,99.83575420275996,0.1642457972400573,0,0,0,0,12,22.281124230171702,23.374343367660536,-0.8352436655714882,-16.17152089636,1,71.8,-16.17152089636,71.8,48.29248636948762,1.3632295310533205,2.592026016538474,44.71556891565663,0.15654139788972213,26.39,FALSE,FALSE,TRUE,FALSE,1,0,22.554429014543913,East North Central,0.5352614285189903,0,2024,MI-12,Rashida Tlaib,James Hooper,9967.177817233902,0,0,0,73.1409571121679,73.25672846717018,1.540508896656662,100,0.11577135500228053,-0.11577135500228053,-0.07515137059807767,TRUE,TRUE,189,MI12
1392,2024,Michigan,MI,FALSE,MI-13,220788,78917,321649,Shri Thanedar,Martell Bivings,True,False,1071523.16,62983.76,299705,73.6684406332894,26.3315593667106,1071523.16,62983.76,1134506.92,94.44835823478272,5.551641765217264,0,0,0,0,13,22.802653816271963,25.433196096662503,-0.8352436655714882,-16.17152089636,1,71.8,-16.17152089636,71.8,41.82691351821292,1.9943570936682689,6.77564476802088,46.32858632724881,0.19773669208565217,21.42,FALSE,FALSE,TRUE,FALSE,1,0,23.460289386369595,East North Central,0,0,2024,MI-13,Shri Thanedar,Martell Bivings,8920.492373245848,0,0,0,75.11876038167426,73.6684406332894,1.4673087467674686,100,1.4503197483848567,1.4503197483848567,0.9884216607990381,TRUE,TRUE,190,MI13
1393,2024,Minnesota,MN,FALSE,MN-01,156375,220929,377601,Rachel Bohman,Brad Finstad,False,True,313875.02,911084.11,377304,41.44535970994212,58.55464029005788,313875.02,911084.11,1224959.13,25.623305489383963,74.37669451061605,0,0,0,0,1,-6.97256377684738,-8.73702811769072,-0.8352436655714882,-16.17152089636,1,71.8,-16.17152089636,71.8,88.72529823857963,2.326326498874872,4.482150652874089,2.7207302746586675,0.22652454390622748,31.35,FALSE,FALSE,FALSE,TRUE,0,1,-7.413679862058215,West North Central,0,0,2024,MN-01,Rachel Bohman,Brad Finstad,656.5537842022943,0,0,0,41.617917570682316,41.44535970994212,1.555518144750889,0,0.17255786074019852,0.17255786074019852,0.1109327212430769,TRUE,TRUE,191,MN01
1394,2024,Minnesota,MN,FALSE,MN-02,231751,175621,417319,Angie Craig,Joe Teirab,True,False,5738584.27,2347642.15,407372,56.889280559292246,43.11071944070776,5738584.27,2347642.15,8086226.42,70.96739532059752,29.032604679402485,49,1.39,41,1.39,2,1.394855160344619,-1.6971263088254602,-0.8352436655714882,-16.17152089636,1,71.8,-16.17152089636,71.8,82.25967225315985,4.615264853698687,5.011325512116304,5.4142213496820695,0.28100180942381336,42.45,FALSE,FALSE,TRUE,FALSE,1,0,0.6218597930520993,West North Central,0,0,2024,MN-02,Angie Craig,Joe Teirab,5036.371198589966,1.39,1.1789826122551597,-8,55.2881218618061,56.889280559292246,1.5521194910005138,99.95,1.6011586974861487,-1.6011586974861487,-1.0315949943093774,TRUE,FALSE,192,MN02
1395,2024,Minnesota,MN,FALSE,MN-03,240209,170427,411140,Kelly Morrison,Tad Jude,False,False,1926943.45,325199.48,410636,58.49681956769499,41.50318043230501,1926943.45,325199.48,2252142.93,85.56044220514904,14.439557794850971,0,0,0,0,3,8.428846830480161,4.926122057451366,-0.8352436655714882,-16.17152089636,1,71.8,-16.17152089636,71.8,79.84415278907697,6.711427815296552,3.325132568146398,7.2219009439048065,0.2624898307244445,50.36000000000001,FALSE,FALSE,FALSE,FALSE,0,0,7.553165637222962,West North Central,0,0,2024,MN-03,Kelly Morrison,Tad Jude,7320.58927034065,0,0,0,58.65909598785657,58.49681956769499,1.5825188276464082,100,0.16227642016157517,0.16227642016157517,0.10254312133709008,TRUE,TRUE,193,MN03
1396,2024,Minnesota,MN,FALSE,MN-04,242802,117618,361043,Betty McCollum,May Lor Xiong,True,False,1076598.19,76334.64,360420,67.36640585983021,32.633594140169805,1076598.19,76334.64,1152932.8299999998,93.37909043669092,6.62090956330908,0,0,0,0,4,16.92867596753475,15.984166062418971,-0.8352436655714882,-16.17152089636,1,71.8,-16.17152089636,71.8,72.47345185538718,10.803124162576944,4.826295230625087,8.549588159009156,0.35580088451434844,46.63,FALSE,FALSE,TRUE,FALSE,1,0,16.692548491255806,West North Central,0,0,2024,MN-04,Betty McCollum,May Lor Xiong,8719.6545307837,0,0,0,67.57989203958147,67.36640585983021,1.4696679190765796,100,0.21348617975125705,0.21348617975125705,0.14526150906620763,TRUE,TRUE,194,MN04
1397,2024,Minnesota,MN,FALSE,MN-05,261066,86213,351047,Ilhan Omar,Dalia Al-Aqidi,True,False,7949065.52,2215178.56,347279,75.1747154305328,24.8252845694672,7949065.52,2215178.56,10164244.08,78.20616523408005,21.793834765919947,0,0,0,0,5,29.93672189590564,29.12192930322136,-0.8352436655714882,-16.17152089636,1,71.8,-16.17152089636,71.8,70.70214658028013,4.459448954013769,6.303031682015635,14.147596592320395,0.6295068041721891,49.68,FALSE,FALSE,TRUE,FALSE,1,0,29.733023747734578,West North Central,0.5352614285189903,0,2024,MN-05,Ilhan Omar,Dalia Al-Aqidi,6116.204280620231,0,0,0,75.8297910317686,75.1747154305328,1.5559232789900017,100,0.6550756012357937,0.6550756012357937,0.42102050279819947,TRUE,TRUE,195,MN05
1398,2024,Minnesota,MN,FALSE,MN-06,155836,260095,416496,Jeanne Hendricks,Tom Emmer,False,True,49274.78,2088654.11,415931,37.466791366837285,62.53320863316271,49274.78,2088654.11,2137928.89,2.3047904086276696,97.69520959137232,0,0,0,0,6,-11.28933909237618,-14.075702277896523,-0.8352436655714882,-16.17152089636,1,71.8,-16.17152089636,71.8,88.9990247196069,2.6655163359465845,2.6096252672643385,3.568776023106643,0.20687197569301172,34.54,FALSE,FALSE,FALSE,TRUE,0,1,-11.985929888756266,West North Central,0,0,2024,MN-06,Jeanne Hendricks,Tom Emmer,5.3120588277021,0,0,0,37.25915303870286,37.466791366837285,1.4507641620223184,0,0.20763832813442207,-0.20763832813442207,-0.14312341976037024,TRUE,TRUE,196,MN06
1399,2024,Minnesota,MN,FALSE,MN-07,114979,275098,390510,AJ Peters,Michelle Fischbach,False,True,0,848441.43,390077,29.47597525616737,70.52402474383263,0,848441.43,848441.43,0,100,0,0,0,0,7,-19.185885851097503,-19.483104889647286,-0.8352436655714882,-16.17152089636,1,71.8,-16.17152089636,71.8,92.57787069725568,0.8109787173887973,3.271629509209072,1.07584883059101,0.5944697203611459,23.76,FALSE,FALSE,FALSE,TRUE,0,1,-19.26019061073495,West North Central,0,0,2024,MN-07,AJ Peters,Michelle Fischbach,0,0,0,0,29.79382652160166,29.47597525616737,1.5684515181907206,0,0.3178512654342889,0.3178512654342889,0.2026529106879533,TRUE,TRUE,197,MN07
1400,2024,Minnesota,MN,FALSE,MN-08,176724,244498,421606,Jennifer Schultz,Pete Stauber,False,True,1169068.11,1250576.51,421222,41.9550735716558,58.0449264283442,1169068.11,1250576.51,2419644.62,48.31569480645468,51.68430519354532,0,0,0,0,8,-8.038044741641642,-8.062240494416727,-0.8352436655714882,-16.17152089636,1,71.8,-16.17152089636,71.8,91.3478036230389,0.847127367116152,1.5069838633169514,1.0075948742093448,2.8305762899559683,26.790000000000003,FALSE,FALSE,FALSE,TRUE,0,1,-8.044093679835413,West North Central,0,0,2024,MN-08,Jennifer Schultz,Pete Stauber,2334.4063646304717,0,0,0,42.074722465815725,41.9550735716558,1.449023538852872,0,0.11964889415992275,0.11964889415992275,0.08257208454642738,TRUE,TRUE,198,MN08
1401,2024,Mississippi,MS,FALSE,MS-01,96697,223589,320286,Dianne Black,Trent Kelly,False,True,9759.9,584616.67,320286,30.19082944618248,69.80917055381752,9759.9,584616.67,594376.5700000001,1.6420398267044742,98.35796017329552,0,0,0,0,1,-18.35068011284727,-18.35266298764453,-0.8352436655714882,-16.17152089636,1,71.8,-16.17152089636,71.8,67.30894845786516,0.6713523692224451,2.228882746493287,27.719092784385897,0.09308517738688728,23.119999999999997,FALSE,FALSE,FALSE,TRUE,0,1,-18.351175831546584,East South Central,0,0,2024,MS-01,Dianne Black,Trent Kelly,2.69629479248366,0,0,0,29.086319020511723,30.19082944618248,1.4932595147876484,0,1.1045104256707567,-1.1045104256707567,-0.7396640803107996,TRUE,TRUE,199,MS01
1402,2024,Mississippi,MS,FALSE,MS-02,177885,108956,286841,Bennie Thompson,Ron Eller,True,False,435270.81,32565.12,286841,62.0151930860651,37.9848069139349,435270.81,32565.12,467835.93,93.0392007300508,6.960799269949189,0,0,0,0,2,10.930262232443448,12.004390324897416,-0.8352436655714882,-16.17152089636,1,71.8,-16.17152089636,71.8,33.94636556366697,0.2941291232425181,1.2536255176988438,62.81839988554419,0.292271074453873,21.2,FALSE,FALSE,TRUE,FALSE,1,0,11.19879425555694,East South Central,0,0,2024,MS-02,Bennie Thompson,Ron Eller,8656.292872486683,0,0,0,61.84253758327389,62.0151930860651,1.5784134627471178,100,0.17265550279121555,-0.17265550279121555,-0.10938547273331081,TRUE,TRUE,200,MS02
1403,2024,Mississippi,MS,FALSE,MS-04,75771,215095,290866,Craig Raybon,Mike Ezell,False,True,0,644867.78,290866,26.050139926976684,73.94986007302332,0,644867.78,644867.78,0,100,0,0,0,0,4,-21.55033979529749,-22.302437130612027,-0.8352436655714882,-16.17152089636,1,71.8,-16.17152089636,71.8,70.72681491089575,1.3708072630103536,3.5813580135344183,21.33292223291319,0.22787721564520613,23.5,FALSE,FALSE,FALSE,TRUE,0,1,-21.73836412912613,East South Central,0,0,2024,MS-04,Craig Raybon,Mike Ezell,0,0,0,0,26.014293760475898,26.050139926976684,1.5740877686760377,0,0.03584616650078587,-0.03584616650078587,-0.022772660593720268,TRUE,TRUE,201,MS04
1404,2024,Missouri,MO,FALSE,MO-01,233312,56453,307265,Wesley Bell,Andrew Jones,False,False,5136025.24,16030.83,289765,80.51766086311322,19.482339136886782,5136025.24,16030.83,5152056.07,99.68884597174036,0.3111540282596342,0,0,0,0,1,27.393554768498497,27.09165991690751,-0.8352436655714882,-16.17152089636,1,71.8,-16.17152089636,71.8,47.26518840283336,2.215985417158814,2.892063704732724,44.57638891337383,0.0976655466273654,36.22,FALSE,FALSE,FALSE,FALSE,0,0,27.31808105560075,West North Central,0,0,2024,MO-01,Wesley Bell,Andrew Jones,9937.866011177375,0,0,0,79.19905033107477,80.51766086311322,1.5769093548492052,100,1.3186105320384485,-1.3186105320384485,-0.8361993211490225,TRUE,TRUE,202,MO01
1405,2024,Missouri,MO,FALSE,MO-02,182056,233444,428392,Ray Hartmann,Ann Wagner,False,True,670224.91,2589627.27,415500,43.81612515042118,56.18387484957882,670224.91,2589627.27,3259852.18,20.559978581605503,79.4400214183945,0,0,0,0,2,-6.210594952746924,-9.774680618714733,-0.8352436655714882,-16.17152089636,1,71.8,-16.17152089636,71.8,89.78628179243528,3.134970128375631,2.324956415680708,3.0014608499114535,0.06167267314861392,48.68,FALSE,FALSE,FALSE,TRUE,0,1,-7.101616369238877,West North Central,0,0,2024,MO-02,Ray Hartmann,Ann Wagner,422.712719276077,0,0,0,43.72893489895064,43.81612515042118,1.570919673817877,0,0.08719025147053827,-0.08719025147053827,-0.05550267968739348,TRUE,TRUE,203,MO02
1406,2024,Missouri,MO,FALSE,MO-03,138532,240620,392463,Bethany Mann,Bob Onder,False,False,32792.66,654649.56,379152,36.537325399839645,63.46267460016036,32792.66,654649.56,687442.2200000001,4.770242363059982,95.22975763694002,0,0,0,0,3,-15.680939078256335,-17.374687107004668,-0.8352436655714882,-16.17152089636,1,71.8,-16.17152089636,71.8,88.98567120406342,1.5022178282203298,2.5607041314307897,4.623101907299093,0.12308366039526113,34.58,FALSE,FALSE,FALSE,FALSE,0,0,-16.10437608544342,West North Central,0,0,2024,MO-03,Bethany Mann,Bob Onder,22.75521220233208,0,0,0,36.242554089800805,36.537325399839645,1.5590406875642504,0,0.29477131003883983,-0.29477131003883983,-0.1890722367864385,TRUE,TRUE,204,MO03
1407,2024,Missouri,MO,FALSE,MO-04,96568,259886,365696,Jeanette Cass,Mark Alford,False,True,5843.6,602673.46,356454,27.091293687263995,72.908706312736,5843.6,602673.46,608517.0599999999,0.960301753906456,99.03969824609356,0,0,0,0,4,-22.338047376723253,-23.073997725517472,-0.8352436655714882,-16.17152089636,1,71.8,-16.17152089636,71.8,88.30323181094715,0.8630864064312498,3.862054546926003,4.1362054546926,0.21412770778817877,24.11,FALSE,FALSE,FALSE,TRUE,0,1,-22.522034963921808,West North Central,0,0,2024,MO-04,Jeanette Cass,Mark Alford,0.9221794585558156,0,0,0,27.06240279617742,27.091293687263995,1.5820688329010488,0,0.02889089108657572,-0.02889089108657572,-0.018261462766824325,TRUE,TRUE,205,MO04
1408,2024,Missouri,MO,FALSE,MO-05,199900,120957,331929,Emanuel Cleaver,Sean Smith,True,False,462883.3,56720.57,320857,62.30189773014146,37.69810226985854,462883.3,56720.57,519603.87,89.08388230441778,10.916117695582212,0,0,0,0,5,11.14898043519932,9.6643471770767,-0.8352436655714882,-16.17152089636,1,71.8,-16.17152089636,71.8,66.26242422647401,1.9308541902430896,7.300400908843681,21.17237325753788,0.16755708784026807,33.26,FALSE,FALSE,TRUE,FALSE,1,0,10.777822120668665,West North Central,0,0,2024,MO-05,Emanuel Cleaver,Sean Smith,7935.93808642736,0,0,0,62.748245839171545,62.30189773014146,1.5699723446608016,100,0.44634810903008315,0.44634810903008315,0.2843031665799937,TRUE,TRUE,206,MO05
1409,2024,Missouri,MO,FALSE,MO-06,100999,265210,375186,Pam May,Sam Graves,False,True,11805.56,865694.71,366209,27.57960618116977,72.42039381883023,11805.56,865694.71,877500.27,1.3453625490052554,98.65463745099474,0,0,0,0,6,-21.147890274014564,-21.308817197134186,-0.8352436655714882,-16.17152089636,1,71.8,-16.17152089636,71.8,90.15075718904204,0.9819635868640464,3.17883273779139,3.467415347966649,0.194657137995576,25.83,FALSE,FALSE,FALSE,TRUE,0,1,-21.18812200479447,West North Central,0,0,2024,MO-06,Pam May,Sam Graves,1.8100003882659184,0,0,0,27.632773935686767,27.57960618116977,1.5585092108926129,0,0.0531677545169984,0.0531677545169984,0.03411449489383984,TRUE,TRUE,207,MO06
1410,2024,Missouri,MO,FALSE,MO-07,96655,263231,367868,Missi Hesketh,Eric Burlison,False,True,33770.39,438101.97,359886,26.857115864468195,73.1428841355318,33770.39,438101.97,471872.36,7.156678979883459,92.84332102011656,0,0,0,0,7,-23.353589509515587,-24.981307944114462,-0.8352436655714882,-16.17152089636,1,71.8,-16.17152089636,71.8,89.63103735196178,1.0989048082781574,4.161694787670528,1.7024501307175204,0.4096209445079232,26.540000000000003,FALSE,FALSE,FALSE,TRUE,0,1,-23.760519118165305,West North Central,0,0,2024,MO-07,Missi Hesketh,Eric Burlison,51.21805402110575,0,0,0,26.700550049012328,26.857115864468195,1.5710381010578844,0,0.1565658154558669,-0.1565658154558669,-0.09965755467702579,TRUE,TRUE,208,MO07
1411,2024,Missouri,MO,FALSE,MO-08,77649,271249,356064,Randi McCallian,Jason Smith,False,True,47675.26,2285776.58,348898,22.255501607919797,77.7444983920802,47675.26,2285776.58,2333451.84,2.0431216613409946,97.956878338659,0,0,0,0,8,-28.316174706843444,-27.547534029820486,-0.8352436655714882,-16.17152089636,1,71.8,-16.17152089636,71.8,91.21357354192844,0.5613423580432052,1.90052554073954,3.4940353152568937,0.18728299490671313,19.67,FALSE,FALSE,FALSE,TRUE,0,1,-28.124014537587705,West North Central,0,0,2024,MO-08,Randi McCallian,Jason Smith,4.1743461230407855,0,0,0,22.26173800999013,22.255501607919797,1.4815248701666583,0,0.006236402070332048,0.006236402070332048,0.004209448113841321,TRUE,TRUE,209,MO08
1412,2024,Montana,MT,FALSE,MT-01,143783,168529,322266,Monica Tranel,Ryan Zinke,False,True,5352238.77,7952758.75,312312,46.03825661517969,53.9617433848203,5352238.77,7952758.75,13304997.52,40.227281229887815,59.77271877011218,41.97832092596478,6.5200000000000005,45.85331355428923,6.5200000000000005,1,-5.797310086711413,-7.51182955404569,-0.8352436655714882,-16.17152089636,1,71.8,-16.17152089636,71.8,89.18015372117728,0.8141330643361512,3.4714473179136056,0.29994376054489785,3.499343873023808,37.23,FALSE,FALSE,FALSE,TRUE,0,1,-6.225939953544982,Mountain,0,0,2024,MT-01,Monica Tranel,Ryan Zinke,1618.2341551484844,6.5200000000000005,2.553429066960741,3.874992628324449,45.98893893506667,46.03825661517969,1.501079730588793,0.36,0.0493176801130204,-0.0493176801130204,-0.03285480385087588,TRUE,TRUE,210,MT01
1413,2024,Montana,MT,FALSE,MT-02,93713,181832,275545,John Driscoll,Troy Downing,False,False,0,1419719.25,275545,34.010052804442104,65.9899471955579,0,1419719.25,1419719.25,0,100,31,0.7,52,0.7,2,-16.038411887699475,-17.099989506605553,-0.8352436655714882,-16.17152089636,1,71.8,-16.17152089636,71.8,86.62166729297097,0.5296407376683046,3.540628242306502,0.5112061202929686,5.879224895241741,30.680000000000003,FALSE,FALSE,FALSE,FALSE,0,0,-16.303806292425996,Mountain,0,0,2024,MT-02,John Driscoll,Troy Downing,0,0.7,0.8366600265340756,21,34.147835608252265,34.010052804442104,1.6085237409128852,0,0.13778280381016117,0.13778280381016117,0.08565792366357323,TRUE,TRUE,211,MT02
1414,2024,Nebraska,NE,FALSE,NE-01,124498,187559,312057,Carol Blood,Mike Flood,False,True,116996.93,1033441.99,312057,39.89591645116117,60.10408354883884,116996.93,1033441.99,1150438.92,10.169764597324296,89.83023540267571,39,1.33,53,1.33,1,-7.935022209947121,-10.906802627479976,-0.8352436655714882,-16.17152089636,1,71.8,-16.17152089636,71.8,85.22301640013241,2.1778010039537707,7.119493817418661,2.762850795646896,0.32125687849910783,35.33,FALSE,FALSE,FALSE,TRUE,0,1,-8.677967314330335,West North Central,0,0,2024,NE-01,Carol Blood,Mike Flood,103.42411196499059,1.33,1.1532562594670797,14,39.82542373998679,39.89591645116117,1.5914884589482394,0,0.07049271117438138,-0.07049271117438138,-0.04429357359020223,TRUE,TRUE,212,NE01
1415,2024,Nebraska,NE,FALSE,NE-02,154369,160198,314567,Tony Vargas,Don Bacon,False,True,6659264.45,3235410.5,314567,49.0734883188637,50.92651168113629,6659264.45,3235410.5,9894674.95,67.30149786274687,32.69850213725313,49.80314224372235,13.29,45.64296414648332,13.29,2,0.9600423371967396,-2.1442621342110613,-0.8352436655714882,-16.17152089636,1,71.8,-16.17152089636,71.8,78.47041192292507,2.4159542419357303,7.542358276742924,8.65598774898508,0.1782243445292543,41.57,FALSE,FALSE,FALSE,TRUE,0,1,0.1839662193447894,West North Central,0,0,2024,NE-02,Tony Vargas,Don Bacon,4529.491614569321,13.29,3.645545226711637,-4.160178097239026,49.20998309185554,49.0734883188637,1.4970526792473597,30.03,0.13649477299183843,0.13649477299183843,0.09117566461352643,TRUE,TRUE,213,NE02
1416,2024,Nebraska,NE,FALSE,NE-03,59287,243481,302768,Daniel Ebers,Adrian Smith,False,True,0,455652.43,302768,19.58165988479628,80.41834011520372,0,455652.43,455652.43,0,100,22,1.33,68,1.33,3,-28.71792529707688,-29.40310484262803,-0.8352436655714882,-16.17152089636,1,71.8,-16.17152089636,71.8,87.84027510327948,0.6759728684862375,7.771793916665088,1.1002447560541873,1.1391784362129524,23.799999999999997,FALSE,FALSE,FALSE,TRUE,0,1,-28.88922018346467,West North Central,0,0,2024,NE-03,Daniel Ebers,Adrian Smith,0,1.33,1.1532562594670797,46,19.001665252166863,19.58165988479628,1.578837687789117,0,0.5799946326294183,-0.5799946326294183,-0.36735545212478316,TRUE,TRUE,214,NE03
1417,2024,Nevada,NV,FALSE,NV-01,167885,143650,322899,Dina Titus,Mark Robertson,True,False,1369087.85,279320.03,311535,53.88961111913589,46.11038888086411,1369087.85,279320.03,1648407.88,83.05516290058016,16.944837099419836,46.7,1.33,31.7,1.33,1,2.082892142425777,4.245666658365785,-0.8352436655714882,-16.17152089636,1,71.8,-16.17152089636,71.8,50.466548510573936,8.950324024339638,25.813357326518027,10.401743642646334,0.319564399595115,24.1,FALSE,FALSE,TRUE,FALSE,1,0,2.623585771410779,Mountain,0,0,2024,NV-01,Dina Titus,Mark Robertson,6898.160084441906,1.33,1.1532562594670797,-15.000000000000004,53.60100398416595,53.88961111913589,1.484233259646003,99.18,0.2886071349699435,-0.2886071349699435,-0.1944486374323519,TRUE,TRUE,215,NV01
1418,2024,Nevada,NV,FALSE,NV-03,191304,181084,372388,Susie Lee,Drew Johnson,True,False,4217867.76,496836.7,372388,51.37222466889373,48.62777533110626,4217867.76,496836.7,4714704.46,89.46197573537833,10.538024264621669,47.4,1.33,34.6,1.33,3,1.1124734331745856,2.4738385598938706,-0.8352436655714882,-16.17152089636,1,71.8,-16.17152089636,71.8,49.88067772978812,17.74597384400619,17.197419256871598,9.97630810166292,0.3635748710577492,33.35,FALSE,FALSE,TRUE,FALSE,1,0,1.4528147148544068,Mountain,0,0,2024,NV-03,Susie Lee,Drew Johnson,8003.445102477422,1.33,1.1532562594670797,-12.799999999999997,52.236868868758,51.37222466889373,1.552895818616865,92.565,0.8646441998642729,0.8646441998642729,0.556794724732014,TRUE,TRUE,216,NV03
1419,2024,Nevada,NV,FALSE,NV-04,174926,148061,332206,Steven Horsford,John Lee,True,False,2742293.7,595400.55,322987,54.15883611414701,45.84116388585299,2742293.7,595400.55,3337694.25,82.16132139724903,17.83867860275099,45.7,1.33,36.1,1.33,4,1.957107263050915,4.4508643137465285,-0.8352436655714882,-16.17152089636,1,71.8,-16.17152089636,71.8,46.09830835746967,6.606877898413846,26.003916565832437,16.616751440423847,0.5597440544304098,20.02,FALSE,FALSE,TRUE,FALSE,1,0,2.5805465257248184,Mountain,0.6065306597126334,0,2024,NV-04,Steven Horsford,John Lee,6750.48273374205,1.33,1.1532562594670797,-9.600000000000001,53.59182278481562,54.15883611414701,1.567839767503394,98.845,0.5670133293313881,-0.5670133293313881,-0.3616526006572038,TRUE,TRUE,217,NV04
1420,2024,New Hampshire,NH,FALSE,NH-01,218577,185936,416562,Chris Pappas,Russell Prescott,True,False,2722901.15,686051.6,404513,54.03460457389503,45.96539542610497,2722901.15,686051.6,3408952.75,79.87500413433422,20.12499586566578,51.21435217808521,8.36,40.39468492384434,8.36,1,0.7423651161242404,-2.003811218942332,-0.8352436655714882,-16.17152089636,1,71.8,-16.17152089636,71.8,91.57732412982816,2.079922914077136,3.316449892359109,1.1369457210506897,0.06537258793060834,39.65,FALSE,FALSE,TRUE,FALSE,1,0,0.05582103235759728,New England,0,0,2024,NH-01,Chris Pappas,Russell Prescott,6380.016285459908,8.36,2.891366458960192,-10.81966725424087,54.09274636242085,54.03460457389503,1.5742084408587171,99.565,0.058141788525816196,0.058141788525816196,0.03693398346543,TRUE,TRUE,218,NH01
1421,2024,New Hampshire,NH,FALSE,NH-02,211641,187810,414424,Maggie Goodlander,Lily Williams,False,False,3928838.51,650977.86,399451,52.98296912512424,47.017030874875765,3928838.51,650977.86,4579816.37,85.78593971006745,14.21406028993254,52.91006219795809,7.029999999999999,40.09191924139339,7.029999999999999,2,2.2210340526568686,0.1740945096740702,-0.8352436655714882,-16.17152089636,1,71.8,-16.17152089636,71.8,91.59443898226988,1.790424223514601,3.3892893811698888,1.131758533992664,0.08326288942180363,38.46,FALSE,FALSE,FALSE,FALSE,0,0,1.709299166911169,New England,0,0,2024,NH-02,Maggie Goodlander,Lily Williams,7359.227451939328,7.029999999999999,2.65141471671257,-12.8181429565647,53.40577455331711,52.98296912512424,1.6013453462379534,98.425,0.4228054281928664,0.4228054281928664,0.26403138410222676,TRUE,TRUE,219,NH02
1422,2024,New Jersey,NJ,FALSE,NJ-01,208808,144390,361060,Donald Norcross,Teddy Liddell,True,False,1061942.93,9974.43,353198,59.11924756085821,40.88075243914178,1061942.93,9974.43,1071917.36,99.06947770675156,0.9305222932484274,0,0,0,0,1,10.110664133889363,10.959158875198028,-0.8352436655714882,-16.17152089636,1,71.8,-16.17152089636,71.8,66.2242927530459,4.1803555501675564,11.510958322870032,15.82639869071638,0.03273209043755358,34.12,FALSE,FALSE,TRUE,FALSE,1,0,10.32278781921653,Mid-Atlantic,0,0,2024,NJ-01,Donald Norcross,Teddy Liddell,9814.761413088543,0,0,0,59.49520970552413,59.11924756085821,1.5520399601912727,100,0.3759621446659196,0.3759621446659196,0.2422374128946952,TRUE,TRUE,220,NJ01
1423,2024,New Jersey,NJ,FALSE,NJ-02,153117,215946,371620,Joe Salerno,Jeff Van Drew,False,True,912368.05,2675941.97,369063,41.48803862755139,58.51196137244861,912368.05,2675941.97,3588310.0200000005,25.426121068546912,74.57387893145308,42,1.15,50,1.15,2,-4.760671538258229,-4.7745878265547645,-0.8352436655714882,-16.17152089636,1,71.8,-16.17152089636,71.8,71.65947187180537,3.167022553584241,12.16003095959328,10.655887887915313,0.19794961189204557,29.26,FALSE,FALSE,FALSE,TRUE,0,1,-4.764150610332363,Mid-Atlantic,0,0,2024,NJ-02,Joe Salerno,Jeff Van Drew,646.4876325924051,1.15,1.0723805294763609,8,41.17841849428007,41.48803862755139,1.5606224707419003,0,0.30962013327131643,-0.30962013327131643,-0.19839528077801347,TRUE,TRUE,221,NJ02
1424,2024,New Jersey,NJ,FALSE,NJ-03,202034,169454,379484,Herb Conaway,Rajesh Mohan,False,False,878820.61,191967.76,371488,54.38506761995004,45.61493238004996,878820.61,191967.76,1070788.37,82.07229688159575,17.927703118404246,0,0,0,0,3,4.821777379679368,3.8018073160021535,-0.8352436655714882,-16.17152089636,1,71.8,-16.17152089636,71.8,69.28174881561739,6.657832514875153,8.996977334338002,12.624695784723846,0.02650245537454205,45.21,FALSE,FALSE,FALSE,FALSE,0,0,4.5667848637600645,Mid-Atlantic,0,0,2024,NJ-03,Herb Conaway,Rajesh Mohan,6735.861915420791,0,0,0,54.219703220731645,54.38506761995004,1.5871245781717043,99.57000000000001,0.1653643992183973,-0.1653643992183973,-0.10419119046652885,TRUE,TRUE,222,NJ03
1425,2024,New Jersey,NJ,FALSE,NJ-04,124803,265652,394228,Matthew Jenkins,Chris Smith,False,True,44774.79,489738.53,390455,31.963478505845742,68.03652149415426,44774.79,489738.53,534513.3200000001,8.376739797616269,91.62326020238372,0,0,0,0,4,-13.634230362009228,-15.54808645379353,-0.8352436655714882,-16.17152089636,1,71.8,-16.17152089636,71.8,85.00528094634558,2.2054992254612027,8.023341782847487,3.4470497113082663,0.03344599352203915,39.03,FALSE,FALSE,FALSE,TRUE,0,1,-14.112694384955304,Mid-Atlantic,0,0,2024,NJ-04,Matthew Jenkins,Chris Smith,70.16976963696824,0,0,0,31.325713156916716,31.963478505845742,1.4656724294100016,0,0.637765348929026,-0.637765348929026,-0.4351349838693186,TRUE,TRUE,223,NJ04
1426,2024,New Jersey,NJ,FALSE,NJ-05,208359,165287,381889,Josh Gottheimer,Mary Jo Guinchard,True,False,6661250.49,6595.0,373646,55.76374429272627,44.23625570727373,6661250.49,6595,6667845.49,99.90109248917224,0.0989075108277591,0,0,0,0,5,4.008924271707492,2.86927538993352,-0.8352436655714882,-16.17152089636,1,71.8,-16.17152089636,71.8,64.75866543530947,13.482638405693642,14.37344461332432,5.829187141594631,0.08602632477829245,53.45,FALSE,FALSE,TRUE,FALSE,1,0,3.7240120512639994,Mid-Atlantic,0,0,2024,NJ-05,Josh Gottheimer,Mary Jo Guinchard,9980.228280530147,0,0,0,55.60701278045004,55.76374429272627,1.5505482705547307,99.97500000000001,0.15673151227623094,-0.15673151227623094,-0.10108134990222395,TRUE,TRUE,224,NJ05
1427,2024,New Jersey,NJ,FALSE,NJ-06,170275,122519,303681,Frank Pallone,Scott Fegler,True,False,1295550.79,77348.45,292794,58.15522176000874,41.84477823999126,1295550.79,77348.45,1372899.24,94.36605049034772,5.633949509652289,0,0,0,0,6,7.479238598942615,8.688447739472622,-0.8352436655714882,-16.17152089636,1,71.8,-16.17152089636,71.8,53.236526056493275,13.698133824079134,18.518561117980276,12.649548072960098,0.04984137025428684,41.52,FALSE,FALSE,TRUE,FALSE,1,0,7.781540884075117,Mid-Atlantic,0,0,2024,NJ-06,Frank Pallone,Scott Fegler,8904.951485146854,0,0,0,57.93002228259563,58.15522176000874,1.5366406804243253,100,0.2251994774131134,-0.2251994774131134,-0.14655311438906277,TRUE,TRUE,225,NJ06
1428,2024,New Jersey,NJ,FALSE,NJ-07,200025,223331,431398,Sue Altman,Tom Kean,False,True,5390086.1,3382308.65,423356,47.24747021419326,52.75252978580674,5390086.1,3382308.65,8772394.75,61.443724930413104,38.556275069586896,44.99171530580272,3.39,46.99171530580272,3.39,7,-0.3099228339712354,-4.07126603353543,-0.8352436655714882,-16.17152089636,1,71.8,-16.17152089636,71.8,76.31580768498814,6.162350132350651,10.353627099877166,5.403366723759104,0.03702358090690472,53.66,FALSE,FALSE,FALSE,TRUE,0,1,-1.250258633862284,Mid-Atlantic,0,0,2024,NJ-07,Sue Altman,Tom Kean,3775.331333324269,3.39,1.841195263952197,2,46.739334545386534,47.24747021419326,1.5657138644764539,1.76,0.5081356688067231,-0.5081356688067231,-0.32453929184349045,TRUE,TRUE,226,NJ07
1429,2024,New Jersey,NJ,FALSE,NJ-08,116434,68152,196765,Rob Menendez Jr.,Anthony Valdes,True,False,1558693.85,7459.58,184586,63.07845665435082,36.921543345649184,1558693.85,7459.58,1566153.4300000002,99.52370056106189,0.4762994389381121,0,0,0,0,8,20.63344227292425,26.797986485183607,-0.8352436655714882,-16.17152089636,1,71.8,-16.17152089636,71.8,34.849817448004764,8.050251373514214,44.86579803800347,10.331393110849303,0.10684832437098296,39.05,FALSE,FALSE,TRUE,FALSE,1,0,22.17457832598909,Mid-Atlantic,0,0,2024,NJ-08,Rob Menendez Jr.,Anthony Valdes,9904.96697336791,0,0,0,66.07200865221307,63.07845665435082,1.6027452874942323,100,2.993551997862248,2.993551997862248,1.867765278251065,TRUE,FALSE,227,NJ08
1430,2024,New Jersey,NJ,FALSE,NJ-09,130514,117939,257013,Nellie Pou,Billy Prempeh,False,False,316010.45,48175.61,248453,52.530659722361975,47.469340277638025,316010.45,48175.61,364186.06,86.77170400206971,13.228295997930289,0,0,0,0,9,7.283776899047943,11.23048232168628,-0.8352436655714882,-16.17152089636,1,71.8,-16.17152089636,71.8,46.00335440270487,8.212743856249269,34.95045378868905,9.452271612186705,0.02976673146918322,32.86,FALSE,FALSE,FALSE,FALSE,0,0,8.270453254707528,Mid-Atlantic,0,0,2024,NJ-09,Nellie Pou,Billy Prempeh,7529.328615422801,0,0,0,53.47470683392535,52.530659722361975,1.5712145896464371,98.655,0.9440471115633784,0.9440471115633784,0.6008390692042981,TRUE,TRUE,228,NJ09
1431,2024,New Jersey,NJ,FALSE,NJ-10,182020,54405,244577,LaMonica McIver,Carmen Bucco,False,False,420778.28,14992.07,236425,76.98847414613513,23.01152585386486,420778.28,14992.07,435770.35,96.55963972766848,3.440360272331516,0,0,0,0,10,29.00542514162596,32.28508405376211,-0.8352436655714882,-16.17152089636,1,71.8,-16.17152089636,71.8,22.251755535999713,6.366424613223341,17.878031405087313,51.35763446138619,0.1546507984969938,31.480000000000004,FALSE,FALSE,FALSE,FALSE,0,0,29.82533986966,Mid-Atlantic,0,0,2024,NJ-10,LaMonica McIver,Carmen Bucco,9323.764024337133,0,0,0,76.79875266083472,76.98847414613513,1.5916395882284753,100,0.1897214853004101,-0.1897214853004101,-0.11919877257612929,TRUE,TRUE,229,NJ10
1432,2024,New Jersey,NJ,FALSE,NJ-11,222583,164556,393751,Mikie Sherrill,Joseph Belnome,True,False,3281322.3,81785.45,387139,57.49433665944274,42.50566334055726,3281322.3,81785.45,3363107.75,97.56815849863864,2.4318415013613524,0,0,0,0,11,6.3038306815235146,4.43440159497267,-0.8352436655714882,-16.17152089636,1,71.8,-16.17152089636,71.8,68.83687600211395,9.715780327663271,13.897114807549332,5.693171741058232,0.05893997617320112,58.040000000000006,FALSE,FALSE,TRUE,FALSE,1,0,5.836473409885803,Mid-Atlantic,0,0,2024,NJ-11,Mikie Sherrill,Joseph Belnome,9519.54555281547,0,0,0,57.772796445767916,57.49433665944274,1.5486777822998228,100,0.278459786325179,0.278459786325179,0.17980485644448238,TRUE,TRUE,230,NJ11
1433,2024,New Jersey,NJ,FALSE,NJ-12,196871,117222,321660,Bonnie Watson Coleman,Darius Mayfield,True,False,401537.2,54933.59,314093,62.67920647706252,37.32079352293747,401537.2,54933.59,456470.79,87.96558482964485,12.03441517035515,0,0,0,0,12,15.173644726184882,15.1216712426855,-0.8352436655714882,-16.17152089636,1,71.8,-16.17152089636,71.8,49.8590764395051,16.204806235115825,14.711377322332076,17.345425096020463,0.04931322316037623,48.49,FALSE,FALSE,TRUE,FALSE,1,0,15.160651355310035,Mid-Atlantic,0,0,2024,NJ-12,Bonnie Watson Coleman,Darius Mayfield,7737.944114421445,0,0,0,63.019587854851956,62.67920647706252,1.4680765149537642,100,0.3403813777894342,0.3403813777894342,0.23185533882077955,TRUE,TRUE,231,NJ12
1434,2024,New Mexico,NM,FALSE,NM-01,193203,149546,342749,Melanie Stansbury,Steve Jones,True,False,961451.84,21132.55,342749,56.36865461314257,43.63134538685744,961451.84,21132.55,982584.39,97.84928905699388,2.150710943006126,52.97465237445925,2.6,36.008871668939264,2.6,1,5.141055444333098,3.4641876329192343,-0.8352436655714882,-16.17152089636,1,71.8,-16.17152089636,71.8,51.75275456325777,2.1178699382561703,37.1125497117222,2.3399871146486,4.006322217740537,37.91,FALSE,FALSE,TRUE,FALSE,1,0,4.721838491479632,Mountain,0,0,2024,NM-01,Melanie Stansbury,Steve Jones,9574.483368959143,2.6,1.61245154965971,-16.965780705519983,56.57648183148024,56.36865461314257,1.5807103112497984,100,0.2078272183376697,0.2078272183376697,0.13147710675294438,TRUE,TRUE,232,NM01
1435,2024,New Mexico,NM,FALSE,NM-02,138177,127145,265322,Gabe Vasquez,Yvette Herrell,True,False,5307622.94,3011980.37,265322,52.07898327315489,47.92101672684512,5307622.94,3011980.37,8319603.31,63.79658671490191,36.20341328509809,49.49167922808343,6.5,44.24081018126415,6.5,2,0.7301110921891265,2.266458976398212,-0.8352436655714882,-16.17152089636,1,71.8,-16.17152089636,71.8,35.461950489014825,0.9836806690804584,54.306882535530775,2.1744307609094906,5.062907932817476,22.81,FALSE,FALSE,TRUE,FALSE,1,0,1.114198063241398,Mountain,0,0,2024,NM-02,Gabe Vasquez,Yvette Herrell,4070.004476471999,6.5,2.5495097567963922,-5.250869046819275,52.06887734786416,52.07898327315489,1.4896942612390187,91.515,0.01010592529073051,-0.01010592529073051,-0.006783892207737406,TRUE,TRUE,233,NM02
1436,2024,New Mexico,NM,FALSE,NM-03,162342,126085,288427,Teresa Leger Fernandez,Sharon Clahchischilliage,True,False,1720654.63,73223.3,288427,56.28529922649405,43.714700773505946,1720654.63,73223.3,1793877.93,95.91815592491292,4.081844075087094,51.997428337388136,2.6,35.05657657746103,2.6,3,3.2149210384467395,4.707691709286443,-0.8352436655714882,-16.17152089636,1,71.8,-16.17152089636,71.8,41.15062646613474,0.7855343987572668,37.34299118946188,1.1789880826291963,17.574591443657276,25.69,FALSE,FALSE,TRUE,FALSE,1,0,3.5881137061566655,Mountain,0,0,2024,NM-03,Teresa Leger Fernandez,Sharon Clahchischilliage,9200.292636035909,2.6,1.61245154965971,-16.940851759927106,56.42665795728859,56.28529922649405,1.5797045659436288,100,0.14135873079454342,0.14135873079454342,0.08948428322741693,TRUE,TRUE,234,NM03
1437,2024,New York,NY,FALSE,NY-01,183540,226285,410100,John Avlon,Nick LaLota,False,True,4388801.31,1234508.92,409825,44.78496919416825,55.21503080583175,4388801.31,1234508.92,5623310.23,78.04657987009193,21.953420129908075,43.081098653793774,3.6,47.6721200001879,3.6,1,-3.156371477299423,-6.232722538252965,-0.8352436655714882,-16.17152089636,1,71.8,-16.17152089636,71.8,79.02881791358033,4.5305249098801355,10.394108307381993,4.313998732529694,0.1534933798526736,45.09,FALSE,FALSE,FALSE,TRUE,0,1,-3.925459242537809,Mid-Atlantic,0,0,2024,NY-01,John Avlon,Nick LaLota,6091.26862941864,3.6,1.8973665961010275,4.591021346394129,44.57917118441202,44.78496919416825,1.588525294109686,0.045,0.2057980097562293,-0.2057980097562293,-0.12955286926770157,TRUE,TRUE,235,NY01
1438,2024,New York,NY,FALSE,NY-02,136371,202597,339157,Rob Lubin,Andrew Garbarino,False,True,856225.84,1112351.8,338968,40.23123126666824,59.76876873333176,856225.84,1112351.8,1968577.64,43.49464418380775,56.50535581619224,0,0,0,0,2,-3.5056936357933424,-5.0411897103108885,-0.8352436655714882,-16.17152089636,1,71.8,-16.17152089636,71.8,64.7037151417627,2.9763033517726885,20.72901372025277,9.933773638404428,0.1585676178917731,32.62,FALSE,FALSE,FALSE,TRUE,0,1,-3.889567654422729,Mid-Atlantic,0,0,2024,NY-02,Rob Lubin,Andrew Garbarino,1891.7840726760414,0,0,0,40.663704349164455,40.23123126666824,1.5654184932368047,0,0.43247308249621597,0.43247308249621597,0.2762667519035082,TRUE,TRUE,236,NY02
1439,2024,New York,NY,FALSE,NY-03,187651,174693,363124,Tom Suozzi,Michael LiPetri,True,False,7242273.42,749325.54,362344,51.78807983573621,48.2119201642638,7242273.42,749325.54,7991598.96,90.62358429457528,9.37641570542474,48.42418321859206,5.36,37,0.52,3,3.440925029463351,3.182328647200201,-0.8352436655714882,-16.17152089636,1,71.8,-16.17152089636,71.8,62.13986455463728,20.350522268135904,12.033330463728191,3.8632059228650135,0.1929809458218549,52.38,FALSE,FALSE,TRUE,FALSE,1,0,3.3762759338975634,Mid-Atlantic,0,0,2024,NY-03,Tom Suozzi,Michael LiPetri,8212.634030395991,5.36,2.3151673805580453,-11.424183218592063,53.08428065954262,51.78807983573621,1.556500800619687,97.72999999999999,1.2962008238064087,1.2962008238064087,0.8327659216688835,TRUE,TRUE,237,NY03
1440,2024,New York,NY,FALSE,NY-04,191760,183157,375518,Laura Gillen,Anthony D'Esposito,False,True,0,2044340.93,374917,51.14732060696101,48.852679393039,0,2044340.93,2044340.93,0,100,51.344885551669634,4.77,42.07607498575062,4.77,4,5.077000881933671,5.1303300468524,-0.8352436655714882,-16.17152089636,1,71.8,-16.17152089636,71.8,56.032947098334674,7.283081018556349,16.718328094555847,18.334631678533363,0.03831480240638749,43.36,FALSE,FALSE,FALSE,TRUE,0,1,5.090333173163353,Mid-Atlantic,0,0,2024,NY-04,Laura Gillen,Anthony D'Esposito,0,4.77,2.1840329667841556,-9.268810565919011,49.309552607671485,51.14732060696101,1.4575176601310624,31.635,1.8377679992895253,-1.8377679992895253,-1.2608890098280319,TRUE,FALSE,238,NY04
1441,2024,New York,NY,FALSE,NY-05,168425,56689,231736,Gregory Meeks,Paul King,True,False,1088534.52,47893.61,225114,74.81764794726227,25.182352052737723,1088534.52,47893.61,1136428.13,95.78560150565792,4.214398494342092,0,0,0,0,5,29.090712870753546,34.2276346972774,-0.8352436655714882,-16.17152089636,1,71.8,-16.17152089636,71.8,16.706786132091654,15.936068395176417,17.577722229395974,46.74801056918247,0.5043681714196508,27.68,FALSE,FALSE,TRUE,FALSE,1,0,30.374943327384507,Mid-Atlantic,0,0,2024,NY-05,Gregory Meeks,Paul King,9174.881455800698,0,0,0,76.09559264332233,74.81764794726227,1.4662494851384376,100,1.277944696060061,1.277944696060061,0.8715738412957753,TRUE,TRUE,239,NY05
1442,2024,New York,NY,FALSE,NY-06,120205,74559,198690,Grace Meng,Thomas Zmich,True,False,1502379.33,7142.44,194764,61.7182846932698,38.2817153067302,1502379.33,7142.44,1509521.77,99.52684087490834,0.4731591250916506,0,0,0,0,6,12.53137005151222,19.536616069156985,-0.8352436655714882,-16.17152089636,1,71.8,-16.17152089636,71.8,33.06878491538872,37.35507423410092,21.42353573497693,5.7867930542661625,0.3192264110993999,37.44,FALSE,FALSE,TRUE,FALSE,1,0,14.28268155592341,Mid-Atlantic,0,0,2024,NY-06,Grace Meng,Thomas Zmich,9905.592054539327,0,0,0,63.011702205950726,61.7182846932698,1.4495807657780666,100,1.293417512680925,1.293417512680925,0.8922700571200526,TRUE,TRUE,240,NY06
1443,2024,New York,NY,FALSE,NY-07,172795,48435,221779,Nydia Velazquez,William Kregler,True,False,264837.1,17117.96,221230,78.1064955024183,21.893504497581706,264837.1,17117.96,281955.06,93.92883390707723,6.071166092922751,0,0,0,0,7,28.27895592361592,36.08008198291369,-0.8352436655714882,-16.17152089636,1,71.8,-16.17152089636,71.8,41.530533505175796,11.254586798230132,31.469540376137974,12.780030701790391,0.15946050222875296,41.510000000000005,FALSE,FALSE,TRUE,FALSE,1,0,30.229237438440364,Mid-Atlantic,0,0,2024,NY-07,Nydia Velazquez,William Kregler,8822.625839143302,0,0,0,77.94996341714138,78.1064955024183,1.540088864653438,100,0.15653208527692186,-0.15653208527692186,-0.1016383462470822,TRUE,TRUE,241,NY07
1444,2024,New York,NY,FALSE,NY-08,168036,54863,223804,Hakeem Jeffries,John Delaney,True,False,15936793.65,0,222899,75.38661007900438,24.61338992099561,15936793.65,0,15936793.65,100,0,0,0,0,0,8,25.664327755219368,30.53744580808263,-0.8352436655714882,-16.17152089636,1,71.8,-16.17152089636,71.8,30.13665296789544,7.324915798906158,14.162971603374224,45.74591354324383,0.1512143497203597,35.21,FALSE,FALSE,TRUE,FALSE,1,0,26.88260726843518,Mid-Atlantic,0,0,2024,NY-08,Hakeem Jeffries,John Delaney,10000,0,0,0,75.01135646259269,75.38661007900438,1.5433466028575356,100,0.3752536164116975,-0.3752536164116975,-0.24314280131041746,TRUE,TRUE,242,NY08
1445,2024,New York,NY,FALSE,NY-09,173207,60064,235772,Yvette Clarke,Menachem Raitport,True,False,339924.94,0,233271,74.25140716162745,25.74859283837253,339924.94,0,339924.94,100,0,0,0,0,0,9,23.966824164411896,29.65459272578436,-0.8352436655714882,-16.17152089636,1,71.8,-16.17152089636,71.8,33.52800227090569,7.174225220411435,9.965685947101257,46.98478827144002,0.11709357467272244,36.94,FALSE,FALSE,TRUE,FALSE,1,0,25.388766304755016,Mid-Atlantic,0,0,2024,NY-09,Yvette Clarke,Menachem Raitport,10000,0,0,0,74.1989788300121,74.25140716162745,1.551639444563522,100,0.05242833161535998,-0.05242833161535998,-0.033788991249902214,TRUE,TRUE,243,NY09
1446,2024,New York,NY,FALSE,NY-10,206206,37555,254556,Dan Goldman,Alex Dodenhoff,True,False,2912947.98,2071.0,243761,84.59351577980071,15.406484220199292,2912947.98,2071,2915018.98,99.92895415041174,0.0710458495882589,0,0,0,0,10,33.464338891744795,37.42822161947446,-0.8352436655714882,-16.17152089636,1,71.8,-16.17152089636,71.8,56.83350849535821,16.503248459370372,17.16667462857689,6.8784932881096825,0.15665058360801926,60.57,FALSE,FALSE,TRUE,FALSE,1,0,34.45530957367721,Mid-Atlantic,0,0,2024,NY-10,Dan Goldman,Alex Dodenhoff,9985.795877595092,0,0,0,84.51332023554183,84.59351577980071,1.572494473748195,100,0.08019554425888487,-0.08019554425888487,-0.0509989355115067,TRUE,TRUE,244,NY10
1447,2024,New York,NY,FALSE,NY-11,93586,167099,261728,Andrea Morse,Nicole Malliotakis,False,True,273868.12,1564360.49,260685,35.90003260640236,64.09996739359764,273868.12,1564360.49,1838228.61,14.898479901256678,85.10152009874334,0,0,0,0,11,-6.125528195327995,-5.170943413071171,-0.8352436655714882,-16.17152089636,1,71.8,-16.17152089636,71.8,58.92066294008041,16.876728449543986,15.48180837501226,6.848092576247916,0.18985976267529664,36.4,FALSE,FALSE,FALSE,TRUE,0,1,-5.886881999763789,Mid-Atlantic,0,0,2024,NY-11,Andrea Morse,Nicole Malliotakis,221.9647033681492,0,0,0,36.74155926038296,35.90003260640236,1.5744143719839574,0,0.8415266539805941,0.8415266539805941,0.5345013796591339,TRUE,TRUE,245,NY11
1448,2024,New York,NY,FALSE,NY-12,260165,62989,324020,Jerrold Nadler,Michael Zumbluskas,True,False,715915.56,0.0,323154,80.50805498307308,19.49194501692692,715915.56,0,715915.56,100,0,0,0,0,0,12,33.776876037677575,35.589760438504406,-0.8352436655714882,-16.17152089636,1,71.8,-16.17152089636,71.8,70.8102501237653,10.439987886415194,10.87665723088529,5.185629806672265,0.08196617263309076,79.23,FALSE,FALSE,TRUE,FALSE,1,0,34.230097137884286,Mid-Atlantic,0,0,2024,NY-12,Jerrold Nadler,Michael Zumbluskas,10000,0,0,0,81.84134367361158,80.50805498307308,1.4441536839592517,100,1.3332886905384953,1.3332886905384953,0.9232318591489432,TRUE,TRUE,246,NY12
1449,2024,New York,NY,FALSE,NY-13,181800,35822,218973,Adriano Espaillat,Ruben Vargas,True,False,996539.42,0,217622,83.53934804385587,16.46065195614414,996539.42,0,996539.42,100,0,0,0,0,0,13,36.56198429079833,43.47408095239046,-0.8352436655714882,-16.17152089636,1,71.8,-16.17152089636,71.8,19.55671268675693,5.08346602089878,44.9251407401032,27.714161642795947,0.1285145904159804,34.4,FALSE,FALSE,TRUE,FALSE,1,0,38.29000845619636,Mid-Atlantic,0,0,2024,NY-13,Adriano Espaillat,Ruben Vargas,10000,0,0,0,83.84607757760344,83.53934804385587,1.5393009500423251,100,0.3067295337475713,0.3067295337475713,0.19926547420056964,TRUE,TRUE,247,NY13
1450,2024,New York,NY,FALSE,NY-14,132714,59078,192551,Alexandria Ocasio-Cortez,Tina Forte,True,False,14866494.81,1911997.13,191792,69.19683824142821,30.803161758571783,14866494.81,1911997.13,16778491.94,88.60447567732955,11.39552432267044,0,0,0,0,14,25.53940547204773,32.66623003238315,-0.8352436655714882,-16.17152089636,1,71.8,-16.17152089636,71.8,24.177610462023807,11.528585315749895,45.6429632618624,16.771519231121953,0.24348416206599297,27.65,FALSE,FALSE,TRUE,FALSE,1,0,27.32111161213158,Mid-Atlantic,0.7788007830714049,0,2024,NY-14,Alexandria Ocasio-Cortez,Tina Forte,7850.753110054483,0,0,0,71.3039698244832,69.19683824142821,1.4509562083371497,100,2.1071315830549935,2.1071315830549935,1.4522365119963514,TRUE,FALSE,248,NY14
1451,2024,New York,NY,FALSE,NY-15,130392,36010,171095,Ritchie Torres,Gonzalo Duran,True,False,6102405.56,0,166402,78.35963510053966,21.640364899460344,6102405.56,0,6102405.56,100,0,0,0,0,0,15,33.221242699083284,40.66184885250818,-0.8352436655714882,-16.17152089636,1,71.8,-16.17152089636,71.8,11.57053736122229,2.9689294539379807,48.00164445063167,35.63019872620332,0.31170605227438836,21.790000000000003,FALSE,FALSE,TRUE,FALSE,1,0,35.081394237439504,Mid-Atlantic,0,0,2024,NY-15,Ritchie Torres,Gonzalo Duran,10000,0,0,0,79.43906730771468,78.35963510053966,1.5489865443203616,100,1.0794322071750173,1.0794322071750173,0.6968635144914267,TRUE,TRUE,249,NY15
1452,2024,New York,NY,FALSE,NY-16,217668,86408,305079,George Latimer,Miram Levitt Flisser,False,False,6468157.18,22817.54,304076,71.58341993449007,28.41658006550994,6468157.18,22817.54,6490974.72,99.64847282597336,0.351527174026646,0,0,0,0,16,20.23556170950173,21.593653749610347,-0.8352436655714882,-16.17152089636,1,71.8,-16.17152089636,71.8,46.37767803258902,5.683275497887749,24.050807181653592,21.90819251659626,0.13069553409776705,47.3,FALSE,FALSE,FALSE,FALSE,0,0,20.575084719528885,Mid-Atlantic,0,0,2024,NY-16,George Latimer,Miram Levitt Flisser,9929.81813654875,0,0,0,70.71042621711256,71.58341993449007,1.5932639600543133,100,0.8729937173775113,-0.8729937173775113,-0.5479278633452247,TRUE,TRUE,250,NY16
1453,2024,New York,NY,FALSE,NY-17,173899,197845,379508,Mondaire Jones,Mike Lawler,False,True,7755364.69,3863417.03,371744,46.779235172591896,53.2207648274081,7755364.69,3863417.03,11618781.72,66.7485187078633,33.25148129213671,43.97467487177151,6.24,47.96825702426701,6.24,17,2.8200183573233417,3.084379551504689,-0.8352436655714882,-16.17152089636,1,71.8,-16.17152089636,71.8,70.96192426138998,4.840492513028774,14.97844645581664,7.686273479475809,0.05986574309526535,48.49,FALSE,FALSE,FALSE,TRUE,0,1,2.8861086558686786,Mid-Atlantic,0,0,2024,NY-17,Mondaire Jones,Mike Lawler,4455.364749693977,6.24,2.4979991993593593,3.993582152495499,47.65744083429658,46.779235172591896,1.5428039152846562,6.550000000000001,0.8782056617046834,0.8782056617046834,0.5692270112904461,TRUE,TRUE,251,NY17
1454,2024,New York,NY,FALSE,NY-18,207106,155129,362509,Pat Ryan,Alison Esposito,True,False,6063033.91,1295965.79,362235,57.17448617610115,42.825513823898845,6063033.91,1295965.79,7358999.7,82.38937569191638,17.61062430808361,50.6639363042333,3.99,41.78412370140615,3.99,18,2.3448985884371254,-0.3552189945607509,-0.8352436655714882,-16.17152089636,1,71.8,-16.17152089636,71.8,70.38977411647032,2.477807568348522,14.839235107801734,9.887961213603024,0.08300455656812625,34.56,FALSE,FALSE,TRUE,FALSE,1,0,1.6698691926876563,Mid-Atlantic,0,0,2024,NY-18,Pat Ryan,Alison Esposito,6788.009226903742,3.99,1.997498435543818,-8.879812602827151,55.62415333781445,57.17448617610115,1.5761854952586607,99.99,1.5503328382866997,-1.5503328382866997,-0.9835979603608023,TRUE,TRUE,252,NY18
1455,2024,New York,NY,FALSE,NY-19,192647,184290,377343,Josh Riley,Marc Molinaro,False,True,8164381.39,2541463.77,376937,51.10854068451757,48.89145931548243,8164381.39,2541463.77,10705845.16,76.26097022684755,23.73902977315245,46.49604759438048,4.78,42.8538775387886,4.78,19,0.0104946181284191,-2.140943250162472,-0.8352436655714882,-16.17152089636,1,71.8,-16.17152089636,71.8,85.9006724385122,2.5764290543078197,5.5801945793421925,3.959843108566651,0.0818095421604904,33.6,FALSE,FALSE,FALSE,TRUE,0,1,-0.5273648489443037,Mid-Atlantic,0,0,2024,NY-19,Josh Riley,Marc Molinaro,5815.735579940128,4.78,2.186321110907545,-3.642170055591876,49.96191146382804,51.10854068451757,1.4576156598205483,48.864999999999995,1.1466292206895332,-1.1466292206895332,-0.7866471610429174,TRUE,TRUE,253,NY19
1456,2024,New York,NY,FALSE,NY-20,221997,141151,363445,Paul Tonko,Kevin Waltz,True,False,560327.99,0,363148,61.13127430138676,38.86872569861324,560327.99,0,560327.99,100,0,0,0,0,0,20,7.504645218967212,5.236976151811042,-0.8352436655714882,-16.17152089636,1,71.8,-16.17152089636,71.8,79.69113407431705,3.732830479782287,5.995012123539777,8.242523542414258,0.08076865385027471,40.79,FALSE,FALSE,TRUE,FALSE,1,0,6.93772795217817,Mid-Atlantic,0,0,2024,NY-20,Paul Tonko,Kevin Waltz,10000,0,0,0,60.536836623720994,61.13127430138676,1.5407180007376553,100,0.5944376776657663,-0.5944376776657663,-0.38581861014226165,TRUE,TRUE,254,NY20
1457,2024,New York,NY,FALSE,NY-21,132447,215996,348640,Paula Collins,Elise Stefanik,False,True,133398.87,5531699.86,348443,38.0110950715038,61.98890492849619,133398.87,5531699.86,5665098.73,2.354749252534209,97.64525074746578,0,0,0,0,21,-10.255388696277096,-11.110954591553991,-0.8352436655714882,-16.17152089636,1,71.8,-16.17152089636,71.8,91.9994871887589,0.7573827560645682,2.9473497356227942,2.3472619660065317,0.5700094179756776,24.87,FALSE,FALSE,FALSE,TRUE,0,1,-10.46928017009632,Mid-Atlantic,0,0,2024,NY-21,Paula Collins,Elise Stefanik,5.544844042310416,0,0,0,37.41014569612234,38.0110950715038,1.5725694287286403,0,0.600949375381461,-0.600949375381461,-0.3821448925579741,TRUE,TRUE,255,NY21
1458,2024,New York,NY,FALSE,NY-22,194450,161939,356792,John Mannion,Brandon Williams,False,True,3371163.52,1876099.42,356389,54.5611677128082,45.43883228719181,3371163.52,1876099.42,5247262.94,64.24613286103022,35.75386713896979,46.01191670177327,1.49,45.99106247367004,1.49,22,3.5370488775932998,1.933630232656256,-0.8352436655714882,-16.17152089636,1,71.8,-16.17152089636,71.8,83.08048582114186,2.549574106781282,4.492722551752067,7.297526314177497,0.275988334303206,33.629999999999995,FALSE,FALSE,FALSE,TRUE,0,1,3.136194216359039,Mid-Atlantic,0,0,2024,NY-22,John Mannion,Brandon Williams,4127.565587597147,1.49,1.2206555615733703,-0.02085422810323223,53.314625344207784,54.5611677128082,1.5592115188511382,98.34,1.2465423686004158,-1.2465423686004158,-0.7994697021728624,TRUE,TRUE,256,NY22
1459,2024,New York,NY,FALSE,NY-23,128397,246969,375594,Thomas Carle,Nick Langworthy,False,True,24394.86,889803.56,375366,34.20581512443855,65.79418487556146,24394.86,889803.56,914198.42,2.668442590395202,97.3315574096048,0,0,0,0,23,-11.546661306557162,-14.492942642535716,-0.8352436655714882,-16.17152089636,1,71.8,-16.17152089636,71.8,92.6938085220476,0.7086581693684775,2.7989935239038073,2.001237470610073,0.44961432165986054,29.54,FALSE,FALSE,FALSE,TRUE,0,1,-12.2832316405518,Mid-Atlantic,0,0,2024,NY-23,Thomas Carle,Nick Langworthy,7.120585858235055,0,0,0,34.458833490930594,34.20581512443855,1.5719457646386819,0,0.2530183664920429,0.2530183664920429,0.1609587125610534,TRUE,TRUE,257,NY23
1460,2024,New York,NY,FALSE,NY-24,123317,235867,359407,David Wagenhauser,Claudia Tenney,False,True,84480.99,1609727.64,359184,34.332542652233954,65.66745734776605,84480.99,1609727.64,1694208.63,4.9864573054382335,95.01354269456176,0,0,0,0,24,-12.630731967818477,-14.139212474790504,-0.8352436655714882,-16.17152089636,1,71.8,-16.17152089636,71.8,91.98965472394214,0.6990140379008507,3.028347439280769,2.412141705916925,0.19640220141679576,25.01,FALSE,FALSE,FALSE,TRUE,0,1,-13.007852094561484,Mid-Atlantic,0,0,2024,NY-24,David Wagenhauser,Claudia Tenney,24.86475645895833,0,0,0,34.70545277551459,34.332542652233954,1.5557422414649502,0,0.3729101232806329,0.3729101232806329,0.2396991695291924,TRUE,TRUE,258,NY24
1461,2024,New York,NY,FALSE,NY-25,219175,141195,360633,Joe Morelle,Gregg Sadwick,True,False,507094.16,37150.21,360370,60.81943558009824,39.18056441990177,507094.16,37150.21,544244.37,93.17398359123126,6.82601640876873,0,0,0,0,25,8.277278333473404,6.578488731226379,-0.8352436655714882,-16.17152089636,1,71.8,-16.17152089636,71.8,74.63488536511463,2.6153923846076155,7.965020368312965,12.31996768003232,0.07962158704507963,40.849999999999994,FALSE,FALSE,TRUE,FALSE,1,0,7.852580932911648,Mid-Atlantic,0,0,2024,NY-25,Joe Morelle,Gregg Sadwick,8681.391218259032,0,0,0,59.43072930814997,60.81943558009824,1.5502590363014337,100,1.3887062719482657,-1.3887062719482657,-0.8957898257193222,TRUE,TRUE,259,NY25
1462,2024,New York,NY,FALSE,NY-26,209131,111772,321304,Tim Kennedy,Anthony Marecki,True,False,1858362.7,0,320903,65.16953721217938,34.83046278782062,1858362.7,0,1858362.7,100,0,0,0,0,0,26,10.522780785801524,8.134598301316366,-0.8352436655714882,-16.17152089636,1,71.8,-16.17152089636,71.8,72.80794919615346,3.4344091376456976,6.214120799730329,15.11817585868698,0.25730542441843723,34.29,FALSE,FALSE,TRUE,FALSE,1,0,9.925735164680235,Mid-Atlantic,0,0,2024,NY-26,Tim Kennedy,Anthony Marecki,10000,0,0,0,64.0554835430656,65.16953721217938,1.5933383869678999,100,1.1140536691137726,-1.1140536691137726,-0.6991946457988756,TRUE,TRUE,260,NY26
1463,2024,North Carolina,NC,FALSE,NC-01,186341,180034,376324,Don Davis,Laurie Buckhout,True,False,3771941.34,1933890.21,366375,50.86073012623677,49.13926987376322,3771941.34,1933890.21,5705831.55,66.1067770218348,33.893222978165205,47.163476304367975,2.09,37.22717269022999,2.09,1,-1.424999626784917,1.331221144939711,-0.8352436655714882,-16.17152089636,1,71.8,-16.17152089636,71.8,52.178273157859365,0.6798702516085899,3.859554794641688,40.424335251732394,0.5700368941036643,19.15,FALSE,FALSE,TRUE,FALSE,1,0,-0.73594443385376,South Atlantic,0,0,2024,NC-01,Don Davis,Laurie Buckhout,4370.105968214586,2.09,1.445683229480096,-9.936303614137984,51.05266791534047,50.86073012623677,1.5707490455601136,74.71,0.1919377891037044,0.1919377891037044,0.12219506970017689,TRUE,TRUE,261,NC01
1464,2024,North Carolina,NC,FALSE,NC-02,268662,128164,405517,Deborah Ross,Alan Swain,True,False,1148574.63,31756.0,396826,67.70272109186394,32.297278908136065,1148574.63,31756,1180330.63,97.30956740485504,2.6904325951449723,0,0,0,0,2,15.686989736659562,14.401147952470076,-0.8352436655714882,-16.17152089636,1,71.8,-16.17152089636,71.8,61.50372160883424,4.328347685226198,7.224278232068571,23.987337309557947,0.18151543694779265,52.91,FALSE,FALSE,TRUE,FALSE,1,0,15.36552929061219,South Atlantic,0,0,2024,NC-02,Deborah Ross,Alan Swain,9469.151908520027,0,0,0,68.35138692581478,67.70272109186394,1.4703210476864041,100,0.6486658339508438,0.6486658339508438,0.44117292272428504,TRUE,TRUE,262,NC02
1465,2024,North Carolina,NC,FALSE,NC-04,308064,112084,428780,Valerie Foushee,Eric Blankenburg,True,False,336576.51,0,420148,73.32273389377076,26.67726610622924,336576.51,0,336576.51,100,0,0,0,0,0,4,21.130566321640096,21.52695489997071,-0.8352436655714882,-16.17152089636,1,71.8,-16.17152089636,71.8,61.97967379021073,7.350238951183958,6.149246284481298,21.566112309849032,0.20758127784428235,59.23,FALSE,FALSE,TRUE,FALSE,1,0,21.22966346622275,South Atlantic,0,0,2024,NC-04,Valerie Foushee,Eric Blankenburg,10000,0,0,0,73.58842878108565,73.32273389377076,1.5697995827379903,100,0.26569488731489344,0.26569488731489344,0.16925401830689596,TRUE,TRUE,263,NC04
1466,2024,North Carolina,NC,FALSE,NC-05,162390,238304,400694,Chuck Hubbard,Virginia Foxx,False,True,385458.36,1503229.0,400694,40.52718533344647,59.47281466655353,385458.36,1503229,1888687.36,20.408796509338632,79.59120349066137,0,0,0,0,5,-10.048157160685648,-8.392348799103658,-0.8352436655714882,-16.17152089636,1,71.8,-16.17152089636,71.8,74.38936320173322,1.5906936695148584,4.428353684999948,17.4254129067874,0.15814928876219972,25.88,FALSE,FALSE,FALSE,TRUE,0,1,-9.63420507029015,South Atlantic,0,0,2024,NC-05,Chuck Hubbard,Virginia Foxx,416.51897495959275,0,0,0,40.23657602003069,40.52718533344647,1.5488643846133872,0,0.29060931341577856,-0.29060931341577856,-0.1876273457526223,TRUE,TRUE,264,NC05
1467,2024,North Carolina,NC,FALSE,NC-07,179512,254022,433534,Marlando Pridgen,David Rouzer,False,True,0,737144.38,433534,41.406671679729854,58.59332832027015,0,737144.38,737144.38,0,100,0,0,0,0,7,-7.851222330406763,-7.618224617221998,-0.8352436655714882,-16.17152089636,1,71.8,-16.17152089636,71.8,71.22911616655877,1.0443798712215882,4.9229554461491105,18.318888002261737,1.948404991209008,31.44,FALSE,FALSE,FALSE,TRUE,0,1,-7.792972902110572,South Atlantic,0,0,2024,NC-07,Marlando Pridgen,David Rouzer,0,0,0,0,41.47644738653869,41.406671679729854,1.5608633950387687,0,0.0697757068088336,0.0697757068088336,0.0447032757835291,TRUE,TRUE,265,NC07
1468,2024,North Carolina,NC,FALSE,NC-08,161709,238640,400349,Justin Dues,Mark Harris,False,False,0,583022.33,400349,40.39200797304352,59.60799202695648,0,583022.33,583022.33,0,100,0,0,0,0,8,-11.250610630576816,-11.90106596646929,-0.8352436655714882,-16.17152089636,1,71.8,-16.17152089636,71.8,66.39113695579395,2.7619685302979575,5.437693774471987,17.432970407999886,5.662035487110813,33.5,FALSE,FALSE,FALSE,FALSE,0,0,-11.413224464549934,South Atlantic,0,0,2024,NC-08,Justin Dues,Mark Harris,0,0,0,0,40.228005134864055,40.39200797304352,1.578247983939147,0,0.1640028381794636,-0.1640028381794636,-0.10391449242984561,TRUE,TRUE,266,NC08
1469,2024,North Carolina,NC,FALSE,NC-09,140852,210042,373077,Nigel Bristow,Richard Hudson,False,True,25749.26,1273708.1,350894,40.14089725102168,59.85910274897832,25749.26,1273708.1,1299457.36,1.981539432736754,98.01846056726323,0,0,0,0,9,-9.307421242971827,-9.695417639687877,-0.8352436655714882,-16.17152089636,1,71.8,-16.17152089636,71.8,65.2326149696946,1.6820482817421951,7.506787055898228,21.684509815813037,0.8007120611602031,27.17,FALSE,FALSE,FALSE,TRUE,0,1,-9.40442034215084,South Atlantic,0,0,2024,NC-09,Nigel Bristow,Richard Hudson,3.9264985234906966,0,0,0,40.09024537272827,40.14089725102168,1.5529024955016812,0,0.050651878293408004,-0.050651878293408004,-0.03261755225465356,TRUE,TRUE,267,NC09
1470,2024,North Carolina,NC,FALSE,NC-10,155383,233814,406695,Ralph Scott Jr.,Pat Harrigan,False,False,0,961205.43,389197,39.92399735866413,60.07600264133588,0,961205.43,961205.43,0,100,0,0,0,0,10,-10.397686242319168,-10.023017860738436,-0.8352436655714882,-16.17152089636,1,71.8,-16.17152089636,71.8,73.73443646404938,1.9703807284052628,6.065276806712007,16.104507863867173,0.11282018686836584,30.34,FALSE,FALSE,FALSE,FALSE,0,0,-10.304019146923984,South Atlantic,0,0,2024,NC-10,Ralph Scott Jr.,Pat Harrigan,0,0,0,0,40.0203730053703,39.92399735866413,1.565117603679759,0,0.09637564670617138,0.09637564670617138,0.06157725558742801,TRUE,TRUE,268,NC10
1471,2024,North Carolina,NC,FALSE,NC-11,186977,245546,432523,Caleb Rudow,Chuck Edwards,False,True,634423.71,542026.69,432523,43.22937739727136,56.77062260272864,634423.71,542026.69,1176450.4,53.92694073630303,46.07305926369696,0,0,0,0,11,-7.84290542406945,-9.485807070090791,-0.8352436655714882,-16.17152089636,1,71.8,-16.17152089636,71.8,88.72503477721806,0.7937681884434931,3.882084871369998,3.3289733698750346,1.1281613197559528,33.48,FALSE,FALSE,FALSE,TRUE,0,1,-8.253630835574786,South Atlantic,0,0,2024,NC-11,Caleb Rudow,Chuck Edwards,2908.114937176739,0,0,0,43.08674656909018,43.22937739727136,1.584925080371855,0,0.14263082818117567,-0.14263082818117567,-0.08999215795595311,TRUE,TRUE,269,NC11
1472,2024,North Carolina,NC,FALSE,NC-12,259627,91128,350755,Alma Adams,Addul Ali,True,False,199253.7,42141.89,350755,74.01947228122194,25.980527718778063,199253.7,42141.89,241395.59000000003,82.54239441573891,17.457605584261085,0,0,0,0,12,23.200648307417588,23.166547176520616,-0.8352436655714882,-16.17152089636,1,71.8,-16.17152089636,71.8,43.77873441506935,3.855706067630321,8.160381354300632,41.46611938114637,0.19310297028178017,43.4,FALSE,FALSE,TRUE,FALSE,1,0,23.192123024693345,South Atlantic,0,0,2024,NC-12,Alma Adams,Addul Ali,6813.246875883407,0,0,0,73.8148381478861,74.01947228122194,1.5445979989016598,100,0.20463413333582992,-0.20463413333582992,-0.13248374883389863,TRUE,TRUE,270,NC12
1473,2024,North Carolina,NC,FALSE,NC-13,171835,243655,415490,Frank Pierce,Brad Knott,False,False,27947.61,1319843.89,415490,41.35719271221931,58.6428072877807,27947.61,1319843.89,1347791.5,2.0735855657199203,97.92641443428008,0,0,0,0,13,-11.01806054210894,-11.446288645701172,-0.8352436655714882,-16.17152089636,1,71.8,-16.17152089636,71.8,68.86200708971815,0.971189452242822,7.520127664136465,19.970895951268293,0.27311408048956665,29.07,FALSE,FALSE,FALSE,FALSE,0,0,-11.125117568006996,South Atlantic,0,0,2024,NC-13,Frank Pierce,Brad Knott,4.299757098362002,0,0,0,40.707552803544964,41.35719271221931,1.5973157085704075,0,0.6496399086743452,-0.6496399086743452,-0.4067072684433629,TRUE,TRUE,271,NC13
1474,2024,North Carolina,NC,FALSE,NC-14,168269,232987,401256,Pam Genant,Tim Moore,False,False,41129.96,1784636.17,401256,41.93557230296868,58.06442769703132,41129.96,1784636.17,1825766.13,2.2527507397675297,97.74724926023246,0,0,0,0,14,-10.434854537676353,-12.258235273192774,-0.8352436655714882,-16.17152089636,1,71.8,-16.17152089636,71.8,73.80695626697636,2.546783692818705,5.348245754919281,15.543499171368715,0.15496022746325872,33.489999999999995,FALSE,FALSE,FALSE,FALSE,0,0,-10.89069972155546,South Atlantic,0,0,2024,NC-14,Pam Genant,Tim Moore,5.074885895523153,0,0,0,40.97424068966041,41.93557230296868,1.5726408079200718,0,0.9613316133082677,-0.9613316133082677,-0.6112849218123091,TRUE,TRUE,272,NC14
1475,2024,North Dakota,ND,FALSE,ND-00,109231,249101,359787,Trygve Hammer,Julie Fedorchak,False,False,1161589.67,1331059.57,358332,30.48318319323979,69.5168168067602,1161589.67,1331059.57,2492649.24,46.60060675043072,53.399393249569286,0,0,0,0,0,-19.487243347103103,-20.92253182723262,-0.8352436655714882,-16.17152089636,1,71.8,-16.17152089636,71.8,87.59351320874073,0.8692946628711306,3.388134824043896,2.1222685204285106,3.7240260186751377,31.430000000000003,FALSE,FALSE,FALSE,FALSE,0,0,-19.84606546713548,West North Central,0,0,2024,ND-00,Trygve Hammer,Julie Fedorchak,2171.616549508289,0,0,0,31.022063829973266,30.48318319323979,1.5980128347367262,0,0.5388806367334773,0.5388806367334773,0.33721921690463663,TRUE,TRUE,273,ND00
1476,2024,Ohio,OH,FALSE,OH-01,213916,177993,391909,Greg Landsman,Orlando Sonza,True,False,2684339.3,0,391909,54.58307923523063,45.41692076476937,2684339.3,0,2684339.3,100,0,0,0,0,0,1,2.0250476219907085,0.9418200123225872,-0.8352436655714882,-16.17152089636,1,71.8,-16.17152089636,71.8,74.07002094935166,2.6376750822036192,2.8500663935921233,17.284323100708594,0.09682043729427788,45.08,FALSE,FALSE,TRUE,FALSE,1,0,1.7542407195736782,East North Central,0,0,2024,OH-01,Greg Landsman,Orlando Sonza,10000,0,0,0,54.81951941784417,54.58307923523063,1.5617068591767116,99.91,0.23644018261354205,0.23644018261354205,0.15139856831914456,TRUE,TRUE,274,OH01
1477,2024,Ohio,OH,FALSE,OH-02,96401,268211,364616,Samantha Meadows,David Taylor,False,False,132781.86,346814.85,364612,26.4393382554606,73.5606617445394,132781.86,346814.85,479596.71,27.68614905636029,72.31385094363971,0,0,0,0,2,-25.25737489199103,-23.721538863822342,-0.8352436655714882,-16.17152089636,1,71.8,-16.17152089636,71.8,94.23696517134591,0.5048394156500219,1.1762034364623066,2.0960379649771768,0.09362895290249754,20.31,FALSE,FALSE,FALSE,FALSE,0,0,-24.87341588494886,East North Central,0,0,2024,OH-02,Samantha Meadows,David Taylor,766.5228495709997,0,0,0,26.455662625192172,26.4393382554606,1.5552717267085665,0,0.016324369731570698,0.016324369731570698,0.010496152827337823,TRUE,TRUE,275,OH02
1478,2024,Ohio,OH,FALSE,OH-03,242632,100355,342987,Joyce Beatty,Michael Young,True,False,490790.16,0.0,342987,70.74087356080551,29.25912643919449,490790.16,0,490790.16,100,0,0,0,0,0,3,19.94392501454609,19.00890899004612,-0.8352436655714882,-16.17152089636,1,71.8,-16.17152089636,71.8,62.71487126259042,4.043586783453545,3.76327003258594,25.891170728435203,0.05330960879220196,44.24,FALSE,FALSE,TRUE,FALSE,1,0,19.710171008421096,East North Central,0,0,2024,OH-03,Joyce Beatty,Michael Young,10000,0,0,0,71.09018101802009,70.74087356080551,1.5378538209701935,100,0.3493074572145787,0.3493074572145787,0.22713957103816884,TRUE,TRUE,276,OH03
1479,2024,Ohio,OH,FALSE,OH-04,125905,273297,399202,Tamie Wilson,Jim Jordan,False,True,2298856.55,11973481.49,399202,31.539170645437647,68.46082935456235,2298856.55,11973481.49,14272338.04,16.107077505852015,83.892922494148,0,0,0,0,4,-20.392070243673626,-20.73923082739264,-0.8352436655714882,-16.17152089636,1,71.8,-16.17152089636,71.8,89.09743288209432,1.7883631115446803,2.089708810519704,4.384212425331747,0.11860057997354036,28.17,FALSE,FALSE,FALSE,TRUE,0,1,-20.478860389603376,East North Central,0,0.4723665527410147,2024,OH-04,Tamie Wilson,Jim Jordan,259.43794577952394,0,0,0,30.410646852231718,31.539170645437647,1.4454348557689802,0,1.1285237932059289,-1.1285237932059289,-0.7807503663702279,TRUE,TRUE,277,OH04
1480,2024,Ohio,OH,FALSE,OH-05,123024,255633,378657,Keith Mundy,Bob Latta,False,True,8587.03,688702.68,378657,32.489561793390855,67.51043820660915,8587.03,688702.68,697289.7100000001,1.2314866943899114,98.76851330561009,0,0,0,0,5,-15.879076598811842,-14.277328458030588,-0.8352436655714882,-16.17152089636,1,71.8,-16.17152089636,71.8,87.48973898623662,0.6220197639099706,6.202359578955714,3.5728973799523325,0.0954666552150725,24,FALSE,FALSE,FALSE,TRUE,0,1,-15.478639563616529,East North Central,0,0,2024,OH-05,Keith Mundy,Bob Latta,1.5165594784593912,0,0,0,32.31411060308146,32.489561793390855,1.5552477732816274,0,0.1754511903093956,-0.1754511903093956,-0.11281237197285127,TRUE,TRUE,278,OH05
1481,2024,Ohio,OH,FALSE,OH-06,122515,245860,368375,Michael Kripchak,Michael Rulli,False,True,64038.2,595457.91,368375,33.25822870715982,66.74177129284018,64038.2,595457.91,659496.11,9.71017099706623,90.28982900293376,0,0,0,0,6,-16.82956601425218,-13.939862291365202,-0.8352436655714882,-16.17152089636,1,71.8,-16.17152089636,71.8,89.39891526502306,0.3839267016556738,2.558266761687849,5.5938039262795805,0.07110354982037426,20.15,FALSE,FALSE,FALSE,TRUE,0,1,-16.107140083530435,East North Central,0,0,2024,OH-06,Michael Kripchak,Michael Rulli,94.28742079226619,0,0,0,33.11803613449496,33.25822870715982,1.577631134437416,0,0.14019257266486562,-0.14019257266486562,-0.08886270662683032,TRUE,TRUE,279,OH06
1482,2024,Ohio,OH,FALSE,OH-07,144613,204494,400371,Matt Diemer,Max Miller,False,True,83713.43,780037.64,349107,41.42368958514152,58.57631041485848,83713.43,780037.64,863751.0700000001,9.69184674931864,90.30815325068136,0,0,0,0,7,-6.937198335240922,-7.106951685633149,-0.8352436655714882,-16.17152089636,1,71.8,-16.17152089636,71.8,89.45421106184922,2.173627975148104,3.363438232945859,3.191307479969259,0.0707113797184492,37.05,FALSE,FALSE,FALSE,TRUE,0,1,-6.9796366728389785,East North Central,0,0,2024,OH-07,Matt Diemer,Max Miller,93.9318934122783,0,0,0,41.578902510625035,41.42368958514152,1.5808860039470771,0,0.15521292548351795,0.15521292548351795,0.09818097262926617,TRUE,TRUE,280,OH07
1483,2024,Ohio,OH,FALSE,OH-08,140625,237503,378128,Vanessa Enoch,Warren Davidson,False,True,0.0,370971.65,378128,37.189787585156346,62.81021241484365,0,370971.65,370971.65,0,100,0,0,0,0,8,-13.444512675094998,-14.639033968680415,-0.8352436655714882,-16.17152089636,1,71.8,-16.17152089636,71.8,80.14954006252113,2.1181966862419,2.5113690472082864,12.151251457791334,0.1036843303820966,29.67,FALSE,FALSE,FALSE,TRUE,0,1,-13.743142998491352,East North Central,0,0,2024,OH-08,Vanessa Enoch,Warren Davidson,0,0,0,0,35.680626214392476,37.189787585156346,1.3910537862055736,0,1.50916137076387,-1.50916137076387,-1.0849051170627,TRUE,FALSE,281,OH08
1484,2024,Ohio,OH,FALSE,OH-09,181098,178716,375195,Marcy Kaptur,Derrick Merrin,True,False,2892844.74,666547.86,359814,50.33100435224866,49.66899564775134,2892844.74,666547.86,3559392.6,81.27355043666721,18.7264495633328,47,1.12,37,1.12,9,-3.754015398466336,-1.6092589081106323,-0.8352436655714882,-16.17152089636,1,71.8,-16.17152089636,71.8,79.55228255294205,1.000053291765756,6.025633339328658,11.149636616772252,0.07144427346669598,26.540000000000003,FALSE,FALSE,TRUE,FALSE,1,0,-3.21782627587741,East North Central,0,0,2024,OH-09,Marcy Kaptur,Derrick Merrin,6605.3900005814885,1.12,1.0583005244258363,-10,50.85640047828017,50.33100435224866,1.5390825070939274,71.26,0.5253961260315094,0.5253961260315094,0.34136969500326175,TRUE,TRUE,282,OH09
1485,2024,Ohio,OH,FALSE,OH-10,145420,213695,370746,Amy Cox,Mike Turner,False,True,163088.67,650980.25,359115,40.4939921752085,59.506007824791496,163088.67,650980.25,814068.92,20.03376691988192,79.96623308011807,0,0,0,0,10,-4.060260367723032,-4.305424359240924,-0.8352436655714882,-16.17152089636,1,71.8,-16.17152089636,71.8,76.49011336098835,1.558650788201347,2.7813551402651733,15.97738474240478,0.04119781819034397,31.05,FALSE,FALSE,FALSE,TRUE,0,1,-4.121551365602505,East North Central,0,0,2024,OH-10,Amy Cox,Mike Turner,401.3518170001551,0,0,0,40.85289651252668,40.4939921752085,1.5648201815718354,0,0.3589043373181795,0.3589043373181795,0.22935819817818695,TRUE,TRUE,283,OH10
1486,2024,Ohio,OH,FALSE,OH-11,236883,59394,302413,Shontel Brown,Alan Rapoport,True,False,568030.66,32606.9,296277,79.9532194534169,20.046780546583097,568030.66,32606.9,600637.56,94.57128521899295,5.428714781007035,0,0,0,0,11,26.83489099503557,30.03467764406215,-0.8352436655714882,-16.17152089636,1,71.8,-16.17152089636,71.8,46.22129542077536,1.978083209509658,6.697453734972308,42.3650884776442,0.06956639200324193,31.66,FALSE,FALSE,TRUE,FALSE,1,0,27.634837657292216,East North Central,0,0,2024,OH-11,Shontel Brown,Alan Rapoport,8943.727987972115,0,0,0,79.03801339830248,79.9532194534169,1.5579471978925867,100,0.9152060551144245,-0.9152060551144245,-0.5874435644240131,TRUE,TRUE,284,OH11
1487,2024,Ohio,OH,FALSE,OH-12,119738,260450,380188,Jerrad Christian,Troy Balderson,False,True,331117.1,944302.26,380188,31.494418550822225,68.50558144917778,331117.1,944302.26,1275419.36,25.961429658712408,74.0385703412876,0,0,0,0,12,-17.941819555011683,-16.522809092534082,-0.8352436655714882,-16.17152089636,1,71.8,-16.17152089636,71.8,91.07232437002156,1.4126714441025203,1.58816573108091,3.71284726733849,0.05131604267784216,26.52,FALSE,FALSE,FALSE,TRUE,0,1,-17.587066939392283,East North Central,0,0,2024,OH-12,Jerrad Christian,Troy Balderson,673.9958299242722,0,0,0,31.787639144910866,31.494418550822225,1.556745553105355,0,0.2932205940886412,0.2932205940886412,0.1883548621698212,TRUE,TRUE,285,OH12
1488,2024,Ohio,OH,FALSE,OH-13,197466,188924,386390,Emilia Sykes,Kevin Coughlin,True,False,3357642.35,777812.05,386390,51.10535986956184,48.89464013043816,3357642.35,777812.05,4135454.4,81.19161826569771,18.80838173430228,44.99793324196042,2.24,45.99030213535272,2.24,13,-0.8394441138681046,-0.0130711573821216,-0.8352436655714882,-16.17152089636,1,71.8,-16.17152089636,71.8,81.26652965442776,2.1515668911746344,2.0119601416933985,11.513499459292955,0.07700728174231873,32.46,FALSE,FALSE,TRUE,FALSE,1,0,-0.6328508747466088,East North Central,0,0,2024,OH-13,Emilia Sykes,Kevin Coughlin,6592.078876602778,2.24,1.4966629547095767,0.9923688933923032,51.64213063970458,51.10535986956184,1.5584254830086401,85.615,0.5367707701427449,0.5367707701427449,0.34443146367606525,TRUE,TRUE,286,OH13
1489,2024,Ohio,OH,FALSE,OH-14,140431,243427,383858,Brian Kenderes,David Joyce,False,True,0,763099.48,383858,36.5841014125015,63.415898587498496,0,763099.48,763099.48,0,100,0,0,0,0,14,-9.843777194363676,-8.250516626009116,-0.8352436655714882,-16.17152089636,1,71.8,-16.17152089636,71.8,90.1013480748715,0.734490673390877,2.4313839588788673,4.860828241683639,0.05802864255002748,27.06,FALSE,FALSE,FALSE,TRUE,0,1,-9.445462052275037,East North Central,0,0,2024,OH-14,Brian Kenderes,David Joyce,0,0,0,0,37.21698820711788,36.5841014125015,1.560979494345291,0,0.6328867946163825,0.6328867946163825,0.40544209383213525,TRUE,TRUE,287,OH14
1490,2024,Ohio,OH,FALSE,OH-15,151411,196338,347749,Adam Miller,Mike Carey,False,True,167153.79,918127.39,347749,43.54031212167397,56.45968787832604,167153.79,918127.39,1085281.18,15.40188783150188,84.59811216849813,0,0,0,0,15,-5.705636420321639,-6.556225605434754,-0.8352436655714882,-16.17152089636,1,71.8,-16.17152089636,71.8,79.96044146349128,2.835086641225372,3.4300358575613368,10.571870493800867,0.0778601380533569,32.53,FALSE,FALSE,FALSE,TRUE,0,1,-5.918283716599918,East North Central,0,0,2024,OH-15,Adam Miller,Mike Carey,237.21814877416566,0,0,0,43.115312827207724,43.54031212167397,1.5614286701061817,0,0.4249992944662466,-0.4249992944662466,-0.27218617321619015,TRUE,TRUE,288,OH15
1491,2024,Oklahoma,OK,FALSE,OK-01,107903,188832,312501,Dennis Baker,Kevin Hern,False,True,364924.87,699899.89,296735,36.36342190843682,63.63657809156318,364924.87,699899.89,1064824.76,34.27088509850203,65.72911490149798,0,0,0,0,1,-13.22771657767511,-15.86189952189553,-0.8352436655714882,-16.17152089636,1,71.8,-16.17152089636,71.8,68.68702904072475,2.5960968588603843,7.785115570231141,8.376725086783507,5.279506392346118,32.08,FALSE,FALSE,FALSE,TRUE,0,1,-13.886262313730215,West South Central,0,0,2024,OK-01,Dennis Baker,Kevin Hern,1174.4935654347282,0,0,0,36.27327085390934,36.36342190843682,1.563778362981137,0,0.09015105452748173,-0.09015105452748173,-0.05764950881889723,TRUE,TRUE,289,OK01
1492,2024,Oklahoma,OK,FALSE,OK-02,68841,238123,321025,Brandon Wade,Josh Brecheen,False,True,12167.41,237651.42,306964,22.42640830846614,77.57359169153386,12167.41,237651.42,249818.83,4.870493549265281,95.12950645073472,0,0,0,0,2,-29.457269572081294,-27.19323085680758,-0.8352436655714882,-16.17152089636,1,71.8,-16.17152089636,71.8,67.9554674192991,0.7966822733668506,3.737873264817451,3.139991277802006,15.091377366719056,19.11,FALSE,FALSE,FALSE,TRUE,0,1,-28.89125989326287,West South Central,0,0,2024,OK-02,Brandon Wade,Josh Brecheen,23.721707413434714,0,0,0,22.442458466478616,22.42640830846614,1.5815930089550634,0,0.01605015801247589,0.01605015801247589,0.010148096205281034,TRUE,TRUE,290,OK02
1493,2024,Oklahoma,OK,FALSE,OK-04,86641,199962,306473,Mary Brannon,Tom Cole,False,True,0.0,2981087.98,286603,30.230318594013323,69.76968140598669,0,2981087.98,2981087.98,0,100,0,0,0,0,4,-18.47330326290613,-19.90466962761614,-0.8352436655714882,-16.17152089636,1,71.8,-16.17152089636,71.8,71.60918910210094,2.183167486351051,7.80552136743619,6.945641720689431,4.533759868186114,26.92,FALSE,FALSE,FALSE,TRUE,0,1,-18.831144854083632,West South Central,0,0,2024,OK-04,Mary Brannon,Tom Cole,0,0,0,0,30.95824733844297,30.230318594013323,1.4366378267721405,0,0.7279287444296472,0.7279287444296472,0.5066891118029159,TRUE,TRUE,291,OK04
1494,2024,Oklahoma,OK,FALSE,OK-05,134471,207636,342107,Madison Horn,Stephanie Bice,False,True,562642.1,910892.35,342107,39.30670813517408,60.69329186482592,562642.1,910892.35,1473534.45,38.18316565316813,61.81683434683186,0,0,0,0,5,-10.932479438595507,-14.370302014184285,-0.8352436655714882,-16.17152089636,1,71.8,-16.17152089636,71.8,70.12491454640215,2.6791818114132164,6.60666301162169,11.118274548026614,3.3990226138986466,37,FALSE,FALSE,FALSE,TRUE,0,1,-11.7919350824927,West South Central,0,0,2024,OK-05,Madison Horn,Stephanie Bice,1457.9541392972785,0,0,0,39.03153318196881,39.30670813517408,1.5674531292724194,0,0.27517495320526564,-0.27517495320526564,-0.17555545876704867,TRUE,TRUE,292,OK05
1495,2024,Oregon,OR,FALSE,OR-01,241556,98908,351991,Suzanne Bonamici,Bob Todd,True,False,408656.33,0,340464,70.94905775647352,29.050942243526485,408656.33,0,408656.33,100,0,0,0,0,0,1,17.90246787231188,17.23775511044,-0.8352436655714882,-16.17152089636,1,71.8,-16.17152089636,71.8,74.38325747065815,7.599643808497383,10.9681758943961,2.2147314996350183,0.3286745624997611,46.26,FALSE,FALSE,TRUE,FALSE,1,0,17.73628968184391,Pacific,0,0,2024,OR-01,Suzanne Bonamici,Bob Todd,10000,0,0,0,70.30773349953651,70.94905775647352,1.5553864851894905,100,0.6413242569370112,-0.6413242569370112,-0.41232469424400303,TRUE,TRUE,293,OR01
1496,2024,Oregon,OR,FALSE,OR-02,115337,224601,351489,Dan Ruby,Cliff Bentz,False,True,21346.6,562166.16,339938,33.92883408150898,66.07116591849102,21346.6,562166.16,583512.76,3.658291894079574,96.34170810592045,0,0,0,0,2,-14.781876600515446,-16.476383049767414,-0.8352436655714882,-16.17152089636,1,71.8,-16.17152089636,71.8,83.46264608067183,0.8858666369395983,9.93515783215354,0.6413614997305984,1.3462646080671832,23.07,FALSE,FALSE,FALSE,TRUE,0,1,-15.205503212828438,Pacific,0,0,2024,OR-02,Dan Ruby,Cliff Bentz,13.383099582288319,0,0,0,33.544947072482636,33.92883408150898,1.5600755513254876,0,0.38388700902634554,-0.38388700902634554,-0.24606949881381288,TRUE,TRUE,294,OR02
1497,2024,Oregon,OR,FALSE,OR-03,226405,84344,334369,Maxine Dexter,Joanna Harbour,False,False,1530978.36,15329.54,310749,72.85783703246028,27.14216296753972,1530978.36,15329.54,1546307.9,99.0086359902837,0.9913640097163054,0,0,0,0,3,21.92698993520812,22.91428584920751,-0.8352436655714882,-16.17152089636,1,71.8,-16.17152089636,71.8,73.20952830206696,7.174491376363348,9.660841184143433,5.063796386303783,0.4663696313540953,40.239999999999995,FALSE,FALSE,FALSE,FALSE,0,0,22.173813913707967,Pacific,0,0,2024,OR-03,Maxine Dexter,Joanna Harbour,9802.7100006565,0,0,0,72.76568774950701,72.85783703246028,1.5692603584475404,100,0.0921492829532724,-0.0921492829532724,-0.05872147502944325,TRUE,TRUE,295,OR03
1498,2024,Oregon,OR,FALSE,OR-04,195862,166430,378765,Val Hoyle,Monique DeSpain,True,False,1401537.43,662547.39,362292,54.061916906804456,45.93808309319554,1401537.43,662547.39,2064084.82,67.90115485661097,32.09884514338902,0,0,0,0,4,4.269501905509934,3.367642059450389,-0.8352436655714882,-16.17152089636,1,71.8,-16.17152089636,71.8,85.1829525483304,2.191388400702988,6.6019332161687165,0.7901581722319859,0.8938488576449912,31.91,FALSE,FALSE,TRUE,FALSE,1,0,4.044036943995048,Pacific,0,0,2024,OR-04,Val Hoyle,Monique DeSpain,4610.566830861464,0,0,0,54.67039843128021,54.061916906804456,1.5688714758918136,99.86500000000001,0.6084815244757564,0.6084815244757564,0.3878466361496371,TRUE,TRUE,296,OR04
1499,2024,Oregon,OR,FALSE,OR-05,191365,180420,401293,Janelle Bynum,Lori Chavez-DeRemer,False,True,6586068.9,2853774.22,371785,51.47195287599016,48.528047124009845,6586068.9,2853774.22,9439843.12,69.7688384889176,30.2311615110824,46.04149151903064,2,44.281118639272975,2,5,2.2767400110910145,0.4955343820959186,-0.8352436655714882,-16.17152089636,1,71.8,-16.17152089636,71.8,85.74618629361179,2.7209672591447234,6.8983691091159844,0.825453724090945,0.3748055730521955,36.88,FALSE,FALSE,FALSE,TRUE,0,1,1.8314386038422408,Pacific,0,0,2024,OR-05,Janelle Bynum,Lori Chavez-DeRemer,4867.69082409267,2,1.4142135623730951,-1.7603728797576679,50.97761528586279,51.47195287599016,1.577956213980655,73.5,0.49433759012737255,-0.49433759012737255,-0.31327712755750325,TRUE,TRUE,297,OR05
1500,2024,Oregon,OR,FALSE,OR-06,180869,157634,339065,Andrea Salinas,Mike Erickson,True,False,3687290.61,531924.88,338503,53.4320227590302,46.5679772409698,3687290.61,531924.88,4219215.49,87.39280130961028,12.607198690389716,44.8,1.33,42.5,1.33,6,4.503672586637542,2.671878251493631,-0.8352436655714882,-16.17152089636,1,71.8,-16.17152089636,71.8,76.89105938316372,3.5555815494989664,13.938667290521307,1.2475143291613051,0.6312629157406324,34.36,FALSE,FALSE,TRUE,FALSE,1,0,4.045724002851564,Pacific,0,0,2024,OR-06,Andrea Salinas,Mike Erickson,7637.50172074102,1.33,1.1532562594670797,-2.299999999999997,53.79775053419242,53.4320227590302,1.4980548675793328,99.48,0.3657277751622203,0.3657277751622203,0.2441351001737274,TRUE,TRUE,298,OR06
1501,2024,Pennsylvania,PA,FALSE,PA-01,202042,261390,463432,Ashley Ehasz,Brian Fitzpatrick,False,True,3592806.96,2294159.91,463432,43.59690310552573,56.40309689447427,3592806.96,2294159.91,5886966.87,61.02984846592147,38.97015153407853,41.130305570669066,3.01,53.09443022206227,3.01,1,0.0746601943188522,-0.7465565395454163,-0.8352436655714882,-16.17152089636,1,71.8,-16.17152089636,71.8,85.11678796097935,4.701466251707961,4.7351575408081485,3.542519938266668,0.05019661759876397,43.23,FALSE,FALSE,FALSE,TRUE,0,1,-0.13064398914721492,Mid-Atlantic,0,0,2024,PA-01,Ashley Ehasz,Brian Fitzpatrick,3724.642403773337,3.01,1.7349351572897471,11.964124651393206,44.70746508890037,43.59690310552573,1.4531508637123165,0.04,1.1105619833746374,1.1105619833746374,0.7642441064498433,TRUE,TRUE,299,PA01
1502,2024,Pennsylvania,PA,FALSE,PA-02,193691,77355,271046,Brendan Boyle,Haroon Bashir,True,False,635500.61,15219.06,271046,71.46056388952428,28.539436110475712,635500.61,15219.06,650719.67,97.66119564204966,2.338804357950329,0,0,0,0,2,19.265049698510943,24.077165343087906,-0.8352436655714882,-16.17152089636,1,71.8,-16.17152089636,71.8,43.47696640987822,8.06327455208927,21.12912482347019,25.06145489944901,0.09460626751831894,26.8,FALSE,FALSE,TRUE,FALSE,1,0,20.468078609655183,Mid-Atlantic,0,0,2024,PA-02,Brendan Boyle,Haroon Bashir,9537.7091342347,0,0,0,71.33163490010809,71.46056388952428,1.5404344542304653,100,0.12892898941619535,-0.12892898941619535,-0.08369651111225158,TRUE,TRUE,300,PA02
1503,2024,Pennsylvania,PA,FALSE,PA-04,269066,186457,455523,Madeleine Dean,David Winkler,True,False,806676.21,18892.0,455523,59.06748945717341,40.93251054282659,806676.21,18892,825568.21,97.71163669201846,2.288363307981542,0,0,0,0,4,7.29904378420018,6.132675940556155,-0.8352436655714882,-16.17152089636,1,71.8,-16.17152089636,71.8,80.95904920002852,4.329317350877371,4.6694707254229,8.162492828602758,0.0392092961676732,47.65,FALSE,FALSE,TRUE,FALSE,1,0,7.007451823289173,Mid-Atlantic,0,0,2024,PA-04,Madeleine Dean,David Winkler,9547.563945033007,0,0,0,59.63556585037235,59.06748945717341,1.535272695542557,100,0.5680763931989432,0.5680763931989432,0.37001660672287806,TRUE,TRUE,301,PA04
1504,2024,Pennsylvania,PA,FALSE,PA-05,267754,142355,410109,Mary Gay Scanlon,Alfe Goodwin,True,False,827747.24,14204.45,410109,65.28849647288891,34.711503527111084,827747.24,14204.45,841951.69,98.31291389176974,1.6870861082302715,0,0,0,0,5,14.012240667501338,13.848863727038813,-0.8352436655714882,-16.17152089636,1,71.8,-16.17152089636,71.8,64.99693321541665,5.408238952443443,4.261225857986477,23.021745642313068,0.0588394716572048,41.16,FALSE,FALSE,TRUE,FALSE,1,0,13.971396432385706,Mid-Atlantic,0,0,2024,PA-05,Mary Gay Scanlon,Alfe Goodwin,9665.429037890532,0,0,0,65.28663106978449,65.28849647288891,1.5314639445497884,100,0.001865403104417851,-0.001865403104417851,-0.0012180522506301853,TRUE,TRUE,302,PA05
1505,2024,Pennsylvania,PA,FALSE,PA-06,235625,183638,419263,Chrissy Houlahan,Neil Young Jr.,True,False,1321366.29,38794.32,419263,56.19980775789898,43.80019224210102,1321366.29,38794.32,1360160.61,97.14781330125416,2.852186698745819,0,0,0,0,6,5.176573362202305,3.5172670840074645,-0.8352436655714882,-16.17152089636,1,71.8,-16.17152089636,71.8,77.78656154506074,3.1442538800224047,11.759534326411094,5.252121693384288,0.03474117822224427,47.71,FALSE,FALSE,TRUE,FALSE,1,0,4.761746792653595,Mid-Atlantic,0,0,2024,PA-06,Chrissy Houlahan,Neil Young Jr.,9437.697629215334,0,0,0,56.77364053653864,56.19980775789898,1.5536355569818774,100,0.5738327786396624,0.5738327786396624,0.3693483816464661,TRUE,TRUE,303,PA06
1506,2024,Pennsylvania,PA,FALSE,PA-07,199626,203688,403314,Susan Wild,Ryan Mackenzie,True,False,6604896.42,886645.14,403314,49.49642214254898,50.50357785745102,6604896.42,886645.14,7491541.56,88.16471706258545,11.835282937414554,50.21935331100011,4.0600000000000005,44.614174994623184,4.0600000000000005,7,-1.9562636834240836,-2.5925462212395587,-0.8352436655714882,-16.17152089636,1,71.8,-16.17152089636,71.8,75.4589458187415,2.4359860879233635,15.481045910882408,4.952273752880476,0.03019888367081157,31.05,FALSE,FALSE,TRUE,FALSE,1,0,-2.115334317877952,Mid-Atlantic,0,0,2024,PA-07,Susan Wild,Ryan Mackenzie,7773.017334725747,4.0600000000000005,2.0149441679609885,-5.605178316376929,49.98414509715425,49.49642214254898,1.5573949851399846,49.995,0.4877229546052675,0.4877229546052675,0.31316586945438835,TRUE,TRUE,304,PA07
1507,2024,Pennsylvania,PA,FALSE,PA-08,189411,195663,385074,Matt Cartwright,Rob Bresnahan,True,False,5891382.71,1782977.17,385074,49.18820798080369,50.81179201919631,5891382.71,1782977.17,7674359.88,76.76708940055597,23.23291059944403,50,1.12,43,1.12,8,-3.737290733625315,-5.284846689071209,-0.8352436655714882,-16.17152089636,1,71.8,-16.17152089636,71.8,80.77029995660664,1.516055543501844,10.065395150791929,5.885055055326535,0.06763262095899328,26.41,FALSE,FALSE,TRUE,FALSE,1,0,-4.124179722486788,Mid-Atlantic,0,0,2024,PA-08,Matt Cartwright,Rob Bresnahan,5893.186015032953,1.12,1.0583005244258363,-7,49.22009456508796,49.18820798080369,1.5382972028629551,30.725,0.0318865842842726,0.0318865842842726,0.02072849396392833,TRUE,TRUE,305,PA08
1508,2024,Pennsylvania,PA,FALSE,PA-09,115523,276212,391735,Amanda Waldman,Dan Meuser,False,True,13849.12,886293.01,391735,29.490088963202165,70.50991103679783,13849.12,886293.01,900142.13,1.5385481401698198,98.4614518598302,0,0,0,0,9,-20.80255623568188,-21.70547217348184,-0.8352436655714882,-16.17152089636,1,71.8,-16.17152089636,71.8,90.77303886124812,0.6863220385816232,4.861833843221412,2.2710839685562583,0.03127166472804407,22.2,FALSE,FALSE,FALSE,TRUE,0,1,-21.02828522013187,Mid-Atlantic,0,0,2024,PA-09,Amanda Waldman,Dan Meuser,2.3671303796200114,0,0,0,29.155396257780723,29.490088963202165,1.444207829036298,0,0.3346927054214426,-0.3346927054214426,-0.2317482973657461,TRUE,TRUE,306,PA09
1509,2024,Pennsylvania,PA,FALSE,PA-10,200434,205567,406001,Janelle Stelson,Scott Perry,False,True,5380074.63,3601588.21,406001,49.36785869985542,50.63214130014458,5380074.63,3601588.21,8981662.84,59.90065231618069,40.09934768381932,47.99973747489176,4.640000000000001,39.012504432762256,4.640000000000001,10,-4.3669449856621085,-6.297174109910024,-0.8352436655714882,-16.17152089636,1,71.8,-16.17152089636,71.8,77.69718763088804,3.1695764249983824,7.640626968641352,9.11525639584972,0.03933026182717159,33.19,FALSE,FALSE,FALSE,TRUE,0,1,-4.8495022667240875,Mid-Atlantic,0,0,2024,PA-10,Janelle Stelson,Scott Perry,3588.088147903963,4.640000000000001,2.154065922853802,-8.987233042129503,47.99396101169785,49.36785869985542,1.5744236804174854,9.85,1.3738976881575695,-1.3738976881575695,-0.8726353047441824,TRUE,TRUE,307,PA10
1510,2024,Pennsylvania,PA,FALSE,PA-11,149641,253672,403313,Jim Atkinson,Lloyd Smucker,False,True,13438.06,314514.69,403313,37.102944859203646,62.897055140796354,13438.06,314514.69,327952.75,4.097559785670344,95.90244021432966,0,0,0,0,11,-13.06078237338177,-14.495303144422865,-0.8352436655714882,-16.17152089636,1,71.8,-16.17152089636,71.8,85.90629051513876,1.7974610798107613,7.497374533487953,3.1642430275477285,0.04566772369487803,29.39,FALSE,FALSE,FALSE,TRUE,0,1,-13.419412566142045,Mid-Atlantic,0,0,2024,PA-11,Jim Atkinson,Lloyd Smucker,16.7899961971428,0,0,0,36.62848518877819,37.102944859203646,1.565132191164303,0,0.47445967042545334,-0.47445967042545334,-0.3031435127997095,TRUE,TRUE,308,PA11
1511,2024,Pennsylvania,PA,FALSE,PA-12,234802,181426,416228,Summer Lee,James Hayes,True,False,2498511.25,124694.75,416228,56.4118704171752,43.5881295828248,2498511.25,124694.75,2623206,95.24647511480228,4.753524885197731,0,0,0,0,12,7.814553658625421,7.933276122943411,-0.8352436655714882,-16.17152089636,1,71.8,-16.17152089636,71.8,79.15950210878201,2.6196605407626072,2.36836263761749,13.504653235398385,0.05748211759482892,39.71,FALSE,FALSE,TRUE,FALSE,1,0,7.8442342747049185,Mid-Atlantic,0,0,2024,PA-12,Summer Lee,James Hayes,9071.89102179465,0,0,0,57.17396535555739,56.4118704171752,1.5622815117914133,100,0.7620949383821909,0.7620949383821909,0.4878089720900066,TRUE,TRUE,309,PA12
1512,2024,Pennsylvania,PA,FALSE,PA-13,104823,301460,406283,Beth Farnham,John Joyce,False,True,58184.56,273900.17,406283,25.800488821831085,74.1995111781689,58184.56,273900.17,332084.73,17.520998330757333,82.47900166924266,0,0,0,0,13,-25.15300016544203,-25.100415471912125,-0.8352436655714882,-16.17152089636,1,71.8,-16.17152089636,71.8,93.23165141049556,0.4947092896520395,2.596849369091735,2.118613749024476,0.04276498063927822,21.14,FALSE,FALSE,FALSE,TRUE,0,1,-25.139853992059557,Mid-Atlantic,0,0,2024,PA-13,Beth Farnham,John Joyce,306.98538250640127,0,0,0,25.243208039414874,25.800488821831085,1.5583704032132897,0,0.5572807824162105,-0.5572807824162105,-0.35760482954958756,TRUE,TRUE,310,PA13
1513,2024,Pennsylvania,PA,FALSE,PA-14,134755,268380,403135,Christopher Dziados,Guy Reschenthaler,False,True,259515.01,2608838.88,403135,33.426767708087866,66.57323229191215,259515.01,2608838.88,2868353.89,9.047524118441329,90.95247588155868,0,0,0,0,14,-18.193183804322864,-17.691574527826205,-0.8352436655714882,-16.17152089636,1,71.8,-16.17152089636,71.8,93.8760489459134,0.5734727249583033,1.2502488747596932,2.9757261431103306,0.01942039108424532,26.13,FALSE,FALSE,FALSE,TRUE,0,1,-18.0677814851987,Mid-Atlantic,0,0,2024,PA-14,Christopher Dziados,Guy Reschenthaler,81.85769267377755,0,0,0,32.91862080558315,33.426767708087866,1.5711000285604901,0,0.5081469025047127,-0.5081469025047127,-0.32343383188039204,TRUE,TRUE,311,PA14
1514,2024,Pennsylvania,PA,FALSE,PA-15,111408,279027,390435,Zacheray Womer,Glenn Thompson,False,True,136080.36,1265805.78,390435,28.53432709669984,71.46567290330017,136080.36,1265805.78,1401886.14,9.7069480977963,90.29305190220369,0,0,0,0,15,-21.03545747296974,-20.070861435017747,-0.8352436655714882,-16.17152089636,1,71.8,-16.17152089636,71.8,93.82855372996876,0.9464751420536452,1.877628754392584,1.927547286688886,0.08797523513605683,24.45,FALSE,FALSE,FALSE,TRUE,0,1,-20.79430846348174,Mid-Atlantic,0,0,2024,PA-15,Zacheray Womer,Glenn Thompson,94.2248413733112,0,0,0,28.47112834367233,28.53432709669984,1.558045399409807,0,0.06319875302751043,-0.06319875302751043,-0.040562844350652646,TRUE,TRUE,312,PA15
1515,2024,Pennsylvania,PA,FALSE,PA-16,146709,256923,403632,Preston Nouri,Mike Kelly,False,True,656391.88,544088.32,403632,36.3472172672137,63.65278273278629,656391.88,544088.32,1200480.2,54.67744324312888,45.32255675687112,0,0,0,0,16,-12.725148157588135,-12.65869821057948,-0.8352436655714882,-16.17152089636,1,71.8,-16.17152089636,71.8,91.85297580551548,0.7009601512362569,2.1320663980233157,3.698820954181384,0.05638193788037079,28.95,FALSE,FALSE,FALSE,TRUE,0,1,-12.708535670835971,Mid-Atlantic,0,0.6065306597126334,2024,PA-16,Preston Nouri,Mike Kelly,2989.6227996055795,0,0,0,37.46538870256927,36.3472172672137,1.5504031542088061,0,1.1181714353555705,1.1181714353555705,0.721213338814568,TRUE,TRUE,313,PA16
1516,2024,Pennsylvania,PA,FALSE,PA-17,242838,207900,450738,Chris Deluzio,Rob Mercuri,True,False,3366021.96,874988.8,450738,53.87564394393195,46.12435605606805,3366021.96,874988.8,4241010.76,79.3683900014439,20.6316099985561,46.11509270124942,1.64,41.8849072987506,1.64,17,0.6819685472979629,-0.5735558305525643,-0.8352436655714882,-16.17152089636,1,71.8,-16.17152089636,71.8,87.73631169642145,1.6972189840103034,1.9181527089834505,6.8582783120120405,0.02901664129831652,43.34,FALSE,FALSE,TRUE,FALSE,1,0,0.36808745283533106,Mid-Atlantic,0,0,2024,PA-17,Chris Deluzio,Rob Mercuri,6299.3413314213,1.64,1.2806248474865698,-4.230185402498819,53.59394239728805,53.87564394393195,1.5740405091672836,98.885,0.2817015466438946,-0.2817015466438946,-0.17896715173672592,TRUE,TRUE,314,PA17
1517,2024,Rhode Island,RI,FALSE,RI-01,139352,70742,221118,Gabe Amo,Allen Waters,False,False,1895824.57,20911.0,210094,66.32840538044876,33.67159461955125,1895824.57,20911,1916735.57,98.90903052422615,1.0909694757738544,0,1.64,0,1.64,1,12.492360171927425,12.100280015393146,-0.8352436655714882,-16.17152089636,1,71.8,-16.17152089636,71.8,73.82881093867478,2.759647400590996,13.250703775031786,7.244324213607898,0.2310530272942317,36.5,FALSE,FALSE,FALSE,FALSE,0,0,12.394340132793856,New England,0,0,2024,RI-01,Gabe Amo,Allen Waters,9782.9963192423,1.64,1.2806248474865698,0,65.69526601221835,66.32840538044876,1.583054428899799,100,0.6331393682304025,-0.6331393682304025,-0.39994794662267275,TRUE,TRUE,315,RI01
1518,2024,Rhode Island,RI,FALSE,RI-02,153439,109381,263480,Seth Magaziner,Steve Corvi,True,False,1169643.62,3619.55,262820,58.38178220835552,41.61821779164448,1169643.62,3619.55,1173263.1700000002,99.69149717705704,0.3085028229429549,0,1.64,0,1.64,2,4.704581339661061,2.8193444518676216,-0.8352436655714882,-16.17152089636,1,71.8,-16.17152089636,71.8,81.30964333636732,2.3925364311116533,10.28047029679744,3.894117536665697,0.12573777106342252,36.059999999999995,FALSE,FALSE,TRUE,FALSE,1,0,4.233272117712701,New England,0,0,2024,RI-02,Seth Magaziner,Steve Corvi,9938.394609403173,1.64,1.2806248474865698,0,57.85532601900266,58.38178220835552,1.5591003966294543,100,0.5264561893528565,-0.5264561893528565,-0.3376666380760196,TRUE,TRUE,316,RI02
1519,2024,South Carolina,SC,FALSE,SC-01,162582,227502,390777,Michael Moore,Nancy Mace,False,True,991604.43,1181000.83,390084,41.67871535361615,58.32128464638385,991604.43,1181000.83,2172605.26,45.64126066784907,54.35873933215093,0,0,0,0,1,-6.659698689344047,-8.918763637425016,-0.8352436655714882,-16.17152089636,1,71.8,-16.17152089636,71.8,73.72547866951142,1.616773921372676,5.134394008029407,17.173144020996794,0.12777199528332878,41.03,FALSE,FALSE,FALSE,TRUE,0,1,-7.2244649263642895,South Atlantic,0,0.8824969025845955,2024,SC-01,Michael Moore,Nancy Mace,2083.124675350546,0,0,0,42.49143309814493,41.67871535361615,1.5787442503498792,0,0.8127177445287828,0.8127177445287828,0.514787461204479,TRUE,TRUE,317,SC01
1520,2024,South Carolina,SC,FALSE,SC-02,142985,211514,355285,David Robinson,Joe Wilson,False,True,13806.7,466814.45,354499,40.33438740306743,59.66561259693257,13806.7,466814.45,480621.15,2.8726784079310703,97.12732159206892,0,0,0,0,2,-7.643994388924781,-10.142933079681292,-0.8352436655714882,-16.17152089636,1,71.8,-16.17152089636,71.8,65.25302023625356,1.6498403812964435,4.289227302399199,26.328412129233023,0.10891629183843188,34.94,FALSE,FALSE,FALSE,TRUE,0,1,-8.268729061613907,South Atlantic,0,0,2024,SC-02,David Robinson,Joe Wilson,8.252281235393388,0,0,0,40.11712630134989,40.33438740306743,1.5517680668466207,0,0.21726110171753987,-0.21726110171753987,-0.14000874638375602,TRUE,TRUE,318,SC02
1521,2024,South Carolina,SC,FALSE,SC-03,87735,248451,346713,Byron Best,Sheri Biggs,False,False,44024.47,403495.6,336186,26.09716050043725,73.90283949956275,44024.47,403495.6,447520.07,9.83742919060591,90.1625708093941,0,0,0,0,3,-21.27158776748132,-20.794481502748894,-0.8352436655714882,-16.17152089636,1,71.8,-16.17152089636,71.8,76.63358635489224,0.77225976262735,3.252935906606571,16.554971422221914,0.24983853381761612,25.24,FALSE,FALSE,FALSE,FALSE,0,0,-21.152311201298215,South Atlantic,0,0,2024,SC-03,Byron Best,Sheri Biggs,96.77501308018525,0,0,0,26.790657866844352,26.09716050043725,1.602409203998232,0,0.6934973664071009,0.6934973664071009,0.4327841881316765,TRUE,TRUE,319,SC03
1522,2024,South Carolina,SC,FALSE,SC-04,128976,206916,346414,Kathryn Harvey,William Timmons,False,True,508352.22,344475.8,335892,38.39805651816655,61.601943481833445,508352.22,344475.8,852828.02,59.60782339210665,40.39217660789334,0,0,0,0,4,-11.716705631775234,-13.723557521979096,-0.8352436655714882,-16.17152089636,1,71.8,-16.17152089636,71.8,70.78460236065503,2.1611478671605817,6.1937088741145745,18.128550912969946,0.15421364521155848,34.949999999999996,FALSE,FALSE,FALSE,TRUE,0,1,-12.2184186043262,South Atlantic,0,0.7788007830714049,2024,SC-04,Kathryn Harvey,William Timmons,3553.092609544577,0,0,0,38.333739632229154,38.39805651816655,1.5670816364134381,0,0.06431688593739437,-0.06431688593739437,-0.041042460356178825,TRUE,TRUE,320,SC04
1523,2024,South Carolina,SC,FALSE,SC-05,130592,228260,359409,Evangeline Hundley,Ralph Norman,False,True,22192.33,164177.58,358852,36.39160433827873,63.60839566172126,22192.33,164177.58,186369.91,11.907678659071092,88.09232134092892,0,0,0,0,5,-11.479335779827082,-11.677402456749943,-0.8352436655714882,-16.17152089636,1,71.8,-16.17152089636,71.8,68.43170713611939,1.42994421539429,3.786040070234197,23.76251090785118,0.2289323907536751,27.69,FALSE,FALSE,FALSE,TRUE,0,1,-11.528852449057798,South Atlantic,0,0,2024,SC-05,Evangeline Hundley,Ralph Norman,141.79281104769711,0,0,0,35.67587365996029,36.39160433827873,1.4735816808990927,0,0.7157306783184438,-0.7157306783184438,-0.485708181362398,TRUE,TRUE,321,SC05
1524,2024,South Carolina,SC,FALSE,SC-06,182056,112360,305977,Jim Clyburn,Duke Buckner,True,False,736486.77,207325.86,294416,61.83631324384544,38.16368675615456,736486.77,207325.86,943812.63,78.03315473750335,21.966845262496644,0,0,0,0,6,14.0177890815606,15.33605723531091,-0.8352436655714882,-16.17152089636,1,71.8,-16.17152089636,71.8,45.84961344864985,1.1855516004338271,3.3279220779220777,47.207931255040464,0.164249562001168,27.860000000000003,FALSE,FALSE,TRUE,FALSE,1,0,14.347356119998178,South Atlantic,0,0,2024,SC-06,Jim Clyburn,Duke Buckner,6089.173238287141,0,0,0,61.81679499226634,61.83631324384544,1.4581250967984047,100,0.019518251579100365,-0.019518251579100365,-0.013385855316499563,TRUE,TRUE,322,SC06
1525,2024,South Carolina,SC,FALSE,SC-07,129522,240326,370329,Mal Hyman,Russell Fry,False,True,35420.89,988164.43,369848,35.02033267720793,64.97966732279207,35420.89,988164.43,1023585.32,3.460472645309137,96.53952735469086,0,0,0,0,7,-11.69333091986465,-10.864049998369822,-0.8352436655714882,-16.17152089636,1,71.8,-16.17152089636,71.8,69.29373261660248,0.8862189773213522,2.994624518613607,24.503068838254173,0.3339618100128369,22.9,FALSE,FALSE,FALSE,TRUE,0,1,-11.486010689490945,South Atlantic,0,0,2024,SC-07,Mal Hyman,Russell Fry,11.974870928932816,0,0,0,35.09618866669563,35.02033267720793,1.572366753871205,0,0.07585598948769956,0.07585598948769956,0.04824319091009797,TRUE,TRUE,323,SC07
1526,2024,South Dakota,SD,FALSE,SD-00,117818,303630,421448,Sheryl Johnson,Dusty Johnson,False,True,194881.89,2374815.53,421448,27.955524762248253,72.04447523775175,194881.89,2374815.53,2569697.42,7.583845805472304,92.41615419452768,0,0,0,0,0,-15.70461478588797,-17.08460386102803,-0.8352436655714882,-16.17152089636,1,71.8,-16.17152089636,71.8,85.99282096612356,0.9317215347125996,2.6997527354388646,1.4941886855559272,6.152199101724879,30.37,FALSE,FALSE,FALSE,TRUE,0,1,-16.049612054672984,West North Central,0,0,2024,SD-00,Sheryl Johnson,Dusty Johnson,57.51471720117986,0,0,0,29.260491925952703,27.955524762248253,1.6179214694987138,0,1.3049671637044504,1.3049671637044504,0.806570150842224,TRUE,TRUE,324,SD00
1527,2024,Tennessee,TN,FALSE,TN-01,64021,257825,330199,Kevin Jenkins,Diana Harshbarger,False,True,0,889466.21,321846,19.89181161176463,80.10818838823536,0,889466.21,889466.21,0,100,0,0,0,0,1,-29.85057763619389,-30.70542078336124,-0.8352436655714882,-16.17152089636,1,71.8,-16.17152089636,71.8,92.76486418367928,0.6044049854874509,2.551769555355009,2.142816491459141,0.09577469369171604,22.55,FALSE,FALSE,FALSE,TRUE,0,1,-30.06428842298573,East South Central,0,0,2024,TN-01,Kevin Jenkins,Diana Harshbarger,0,0,0,0,19.91075664416914,19.89181161176463,1.5660381876664045,0,0.018945032404509732,0.018945032404509732,0.012097426840363473,TRUE,TRUE,325,TN01
1528,2024,Tennessee,TN,FALSE,TN-02,111316,250782,362098,Jane George,Tim Burchett,False,True,258725.83,1073274.11,362098,30.74195383570193,69.25804616429807,258725.83,1073274.11,1331999.9400000002,19.423861986059844,80.57613801394015,0,0,0,0,2,-17.163266266178987,-19.788881981654995,-0.8352436655714882,-16.17152089636,1,71.8,-16.17152089636,71.8,88.23716576706899,1.264685091608074,2.8821568038942655,5.376264726094237,0.0682283748033924,32.71,FALSE,FALSE,FALSE,TRUE,0,1,-17.81967019504799,East South Central,0,0,2024,TN-02,Jane George,Tim Burchett,377.2864144535007,0,0,0,31.040279381319333,30.74195383570193,1.5586190701458826,0,0.2983255456174021,0.2983255456174021,0.19140375690994182,TRUE,TRUE,326,TN02
1529,2024,Tennessee,TN,FALSE,TN-03,102841,236519,350328,Jack Allen,Chuck Fleischmann,False,True,164519.81,1026695.07,339360,30.30439651107968,69.69560348892033,164519.81,1026695.07,1191214.88,13.811094267056168,86.18890573294384,0,0,0,0,3,-18.51983492420647,-19.636764218926132,-0.8352436655714882,-16.17152089636,1,71.8,-16.17152089636,71.8,83.81959796836223,1.1237124644347731,3.121148133094084,9.614425024701516,0.08443127030233334,27.4,FALSE,FALSE,FALSE,TRUE,0,1,-18.799067247886384,East South Central,0,0,2024,TN-03,Jack Allen,Chuck Fleischmann,190.74632485351177,0,0,0,30.434378466412383,30.30439651107968,1.5783000068325892,0,0.12998195533270263,0.12998195533270263,0.08235567051257693,TRUE,TRUE,327,TN03
1530,2024,Tennessee,TN,FALSE,TN-04,83832,219133,313255,Victoria Broderick,Scott DesJarlais,False,True,110272.54,152104.88,302965,27.670522997706005,72.329477002294,110272.54,152104.88,262377.42,42.02821264116402,57.97178735883599,0,0,0,0,4,-21.4930212916672,-22.622713687165454,-0.8352436655714882,-16.17152089636,1,71.8,-16.17152089636,71.8,82.208807000217,1.7071657903864916,4.082947308706357,9.288171157424577,0.0871438848060365,24.36,FALSE,FALSE,FALSE,TRUE,0,1,-21.775444390541765,East South Central,0,0.22313016014842985,2024,TN-04,Victoria Broderick,Scott DesJarlais,1766.370657810899,0,0,0,28.04530760920735,27.670522997706005,1.5715799909275467,0,0.3747846115013438,0.3747846115013438,0.2384763191596413,TRUE,TRUE,328,TN04
1531,2024,Tennessee,TN,FALSE,TN-05,142387,205075,360714,Maryam Abolfazli,Andy Ogles,False,True,418611.7,680413.07,347462,40.97915743304304,59.020842566956965,418611.7,680413.07,1099024.77,38.089378094726655,61.91062190527335,0,0,0,0,5,-8.046933047049428,-10.183707429759489,-0.8352436655714882,-16.17152089636,1,71.8,-16.17152089636,71.8,77.32558974027745,2.5591893269030654,5.024005856137102,12.612583518131778,0.08629907923726685,46.04,FALSE,FALSE,FALSE,TRUE,0,1,-8.581126642726943,East South Central,0,0,2024,TN-05,Maryam Abolfazli,Andy Ogles,1450.8007236430428,0,0,0,40.8042912732543,40.97915743304304,1.5746239763883831,0,0.17486615978874198,-0.17486615978874198,-0.11105264647996889,TRUE,TRUE,329,TN05
1532,2024,Tennessee,TN,FALSE,TN-06,106144,225543,331687,Lore Bergman,John Rose,False,True,8845.74,1287826.89,331687,32.00125419446647,67.99874580553353,8845.74,1287826.89,1296672.63,0.6821876081397662,99.31781239186024,0,0,0,0,6,-17.11500636765441,-17.75289257704577,-0.8352436655714882,-16.17152089636,1,71.8,-16.17152089636,71.8,84.51266074306095,0.8999431561896873,3.721676607346769,8.663902168281155,0.1002731521150425,27.18,FALSE,FALSE,FALSE,TRUE,0,1,-17.274477920002248,East South Central,0,0,2024,TN-06,Lore Bergman,John Rose,0.4653799326994552,0,0,0,31.975471055465466,32.00125419446647,1.5570144978659652,0,0.025783139001003264,-0.025783139001003264,-0.016559344204142915,TRUE,TRUE,330,TN06
1533,2024,Tennessee,TN,FALSE,TN-07,122764,191992,322656,Megan Barry,Mark Green,False,True,1207217.05,1354529.89,314756,39.00291019075093,60.99708980924908,1207217.05,1354529.89,2561746.94,47.12475815429295,52.87524184570705,0,0,0,0,7,-10.013092987114604,-10.215532293617564,-0.8352436655714882,-16.17152089636,1,71.8,-16.17152089636,71.8,74.8724947070084,1.526343202310653,4.713130001285199,15.807443332859838,0.1445849144666085,32.21,FALSE,FALSE,FALSE,TRUE,0,1,-10.063702813740344,East South Central,0,1,2024,TN-07,Megan Barry,Mark Green,2220.7428311005997,0,0,0,39.60226367315036,39.00291019075093,1.568793853942858,0,0.5993534823994295,0.5993534823994295,0.38204731672875386,TRUE,TRUE,331,TN07
1534,2024,Tennessee,TN,FALSE,TN-08,85043,240411,332315,Sarah Freeman,David Kustoff,False,True,18242.06,1062985.23,325454,26.130574520515957,73.86942547948404,18242.06,1062985.23,1081227.29,1.6871623726774414,98.31283762732257,0,0,0,0,8,-21.193738832514377,-21.29740290288093,-0.8352436655714882,-16.17152089636,1,71.8,-16.17152089636,71.8,76.70747649584028,1.4117097354375563,2.2084376197110274,17.18616600043633,0.17813859766959672,28.48,FALSE,FALSE,FALSE,TRUE,0,1,-21.219654850106014,East South Central,0,0,2024,TN-08,Sarah Freeman,David Kustoff,2.8465168717785736,0,0,0,26.358411388696283,26.130574520515957,1.5633467614455254,0,0.22783686818032578,0.22783686818032578,0.14573661698039392,TRUE,TRUE,332,TN08
1535,2024,Tennessee,TN,FALSE,TN-09,159522,57411,223703,Steve Cohen,Charlotte Bergmann,True,False,120903.16,48447.35,216933,73.53514679647634,26.46485320352367,120903.16,48447.35,169350.51,71.39226211955311,28.607737880446887,0,0,0,0,9,22.193682866281613,23.169019282065413,-0.8352436655714882,-16.17152089636,1,71.8,-16.17152089636,71.8,29.010541168347224,1.489047917471921,3.5237298248642484,64.13638598163458,0.0761786106972782,26.889999999999997,FALSE,FALSE,TRUE,FALSE,1,0,22.437516970227563,East South Central,0,0,2024,TN-09,Steve Cohen,Charlotte Bergmann,5096.855090546977,0,0,0,71.70880535270216,73.53514679647634,1.4008552076811482,100,1.826341443774183,-1.826341443774183,-1.3037332008047762,TRUE,FALSE,333,TN09
1536,2024,Texas,TX,FALSE,TX-02,112252,214631,326883,Peter Filler,Dan Crenshaw,False,True,8114.5,2749760.1,326883,34.340115576521264,65.65988442347873,8114.5,2749760.1,2757874.6,0.2942302017647937,99.7057697982352,0,0,0,0,2,-13.817384773836231,-17.766807788028373,-0.8352436655714882,-16.17152089636,1,71.8,-16.17152089636,71.8,56.570019579144926,3.81735399634677,23.32003599164314,13.959698627915149,0.12859675071153007,39.25,FALSE,FALSE,FALSE,TRUE,0,1,-14.804740527384268,West South Central,0,0,2024,TX-02,Peter Filler,Dan Crenshaw,0.08657141163055121,0,0,0,33.82366001746186,34.340115576521264,1.5448700609992354,0,0.516455559059402,-0.516455559059402,-0.3343035586600429,TRUE,TRUE,334,TX02
1537,2024,Texas,TX,FALSE,TX-03,142953,237794,380747,Sandeep Srivastava,Keith Self,False,False,147270.56,0,380747,37.54540416602101,62.454595833979,147270.56,0,147270.56,100,0,0,0,0,0,3,-9.59022000849621,-14.962017150770237,-0.8352436655714882,-16.17152089636,1,71.8,-16.17152089636,71.8,63.23820932229442,10.185901716967198,13.266477973420402,10.81540924172877,0.20406432531563715,48.42,FALSE,FALSE,FALSE,FALSE,0,0,-10.933169294064715,West South Central,0,0,2024,TX-03,Sandeep Srivastava,Keith Self,10000,0,0,0,37.70517243502114,37.54540416602101,1.4673170924837247,0,0.15976826900013208,0.15976826900013208,0.10888462338409256,TRUE,TRUE,335,TX03
1538,2024,Texas,TX,FALSE,TX-04,111696,241603,353299,Simon Cardell,Pat Fallon,False,True,16344.56,312813.35,353299,31.6151475096165,68.3848524903835,16344.56,312813.35,329157.91,4.965568046048173,95.03443195395182,0,0,0,0,4,-15.41471353529144,-19.116377244612263,-0.8352436655714882,-16.17152089636,1,71.8,-16.17152089636,71.8,69.10318027691693,7.473407655641971,10.87571511662456,9.63933091914883,0.2897381552196986,43.16,FALSE,FALSE,FALSE,TRUE,0,1,-16.340129462621647,West South Central,0,0.7788007830714049,2024,TX-04,Simon Cardell,Pat Fallon,24.656866019934668,0,0,0,31.729535119119316,31.6151475096165,1.5583158493253857,0,0.1143876095028169,0.1143876095028169,0.07340463716154637,TRUE,TRUE,336,TX04
1539,2024,Texas,TX,FALSE,TX-05,107712,192185,299897,Ruth Torres,Lance Gooden,False,True,24043.31,393366.05,299897,35.91633127373732,64.08366872626269,24043.31,393366.05,417409.36,5.760127180665044,94.23987281933496,0,0,0,0,5,-13.624612738200383,-16.068639394307148,-0.8352436655714882,-16.17152089636,1,71.8,-16.17152089636,71.8,56.87865065301568,4.510824215490488,20.237204549076964,15.646687105635715,0.17963791147488725,22.62,FALSE,FALSE,FALSE,TRUE,0,1,-14.235619402227076,West South Central,0,0,2024,TX-05,Ruth Torres,Lance Gooden,33.179065137436226,0,0,0,34.96126214558459,35.91633127373732,1.5469888302772687,0,0.9550691281527293,-0.9550691281527293,-0.6173729954996191,TRUE,TRUE,337,TX05
1540,2024,Texas,TX,FALSE,TX-06,98319,188119,286438,John Love III,Jake Ellzey,False,True,133773.65,5190701.36,286438,34.32470552091552,65.67529447908449,133773.65,5190701.36,5324475.010000001,2.5124289201988383,97.48757107980114,0,0,0,0,6,-14.401812796180032,-17.35044512248915,-0.8352436655714882,-16.17152089636,1,71.8,-16.17152089636,71.8,55.40142485947713,2.8950966446157396,23.56641024983378,15.522326810125934,0.2633878983618654,24.21,FALSE,FALSE,FALSE,TRUE,0,1,-15.13897087775731,West South Central,0,0,2024,TX-06,John Love III,Jake Ellzey,6.312299079051501,0,0,0,33.66521370195797,34.32470552091552,1.584700757829901,0,0.6594918189575552,-0.6594918189575552,-0.41616173633984205,TRUE,TRUE,338,TX06
1541,2024,Texas,TX,FALSE,TX-07,149820,94651,244471,Lizzie Fletcher,Caroline Kane,True,False,921386.5,167381.55,244471,61.28334240053013,38.71665759946988,921386.5,167381.55,1088768.05,84.62651893578251,15.373481064217486,0,0,0,0,7,12.801794778533896,14.602695880474975,-0.8352436655714882,-16.17152089636,1,71.8,-16.17152089636,71.8,35.65484943010378,18.537776342294716,21.445691992554377,21.948654092968304,0.1104944200317884,49.05,FALSE,FALSE,TRUE,FALSE,1,0,13.252020054019166,West South Central,0,0,2024,TX-07,Lizzie Fletcher,Caroline Kane,7161.647707188356,0,0,0,62.28068048151867,61.28334240053013,1.5392279480804847,100,0.9973380809885413,0.9973380809885413,0.647946967330138,TRUE,TRUE,339,TX07
1542,2024,Texas,TX,FALSE,TX-08,108754,233423,342177,Laura Jones,Morgan Luttrell,False,True,45787.73,1152415.02,342177,31.78296612571856,68.21703387428144,45787.73,1152415.02,1198202.75,3.821367460557072,96.17863253944292,0,0,0,0,8,-16.038054253313625,-17.754184130815347,-0.8352436655714882,-16.17152089636,1,71.8,-16.17152089636,71.8,54.75125133405938,6.0291302205584225,24.180155741773376,12.64479203218833,0.2009043422610011,31.52,FALSE,FALSE,FALSE,TRUE,0,1,-16.467086722689054,West South Central,0,0,2024,TX-08,Laura Jones,Morgan Luttrell,14.602849268604405,0,0,0,30.079108799152717,31.78296612571856,1.452869809923917,0,1.703857326565842,-1.703857326565842,-1.1727529300475097,TRUE,FALSE,340,TX08
1543,2024,Texas,TX,FALSE,TX-10,118280,221229,347818,Theresa Boisseau,Michael McCaul,False,True,67384.72,1464364.63,339509,34.83854625356029,65.16145374643972,67384.72,1464364.63,1531749.35,4.399200169401085,95.60079983059892,0,0,0,0,10,-11.821439608165017,-15.088812025856974,-0.8352436655714882,-16.17152089636,1,71.8,-16.17152089636,71.8,64.24696881476277,3.879881708117789,18.93643492619146,10.586273964990276,0.14600658710929965,39.52,FALSE,FALSE,FALSE,TRUE,0,1,-12.638282712588008,West South Central,0,0,2024,TX-10,Theresa Boisseau,Michael McCaul,19.352962130458533,0,0,0,35.00466858290748,34.83854625356029,1.5412325581546815,0,0.16612232934718918,0.16612232934718918,0.10778537506765852,TRUE,TRUE,341,TX10
1544,2024,Texas,TX,FALSE,TX-12,124154,215564,339718,Trey Hunt,Craig Goldman,False,False,13620.56,2308291.71,339718,36.54619419636286,63.45380580363713,13620.56,2308291.71,2321912.27,0.5866095879669045,99.4133904120331,0,0,0,0,12,-11.485239967360137,-14.645936723865937,-0.8352436655714882,-16.17152089636,1,71.8,-16.17152089636,71.8,63.03742315074972,3.552799955490027,18.949425543160764,11.854605391270482,0.1672601329735444,33.53,FALSE,FALSE,FALSE,FALSE,0,0,-12.275414156486589,West South Central,0,0,2024,TX-12,Trey Hunt,Craig Goldman,0.3441108086947015,0,0,0,36.35088000152648,36.54619419636286,1.5559795048197387,0,0.195314194836385,-0.195314194836385,-0.1255249148407082,TRUE,TRUE,342,TX12
1545,2024,Texas,TX,FALSE,TX-14,95875,210320,306195,Rhonda Hart,Randy Weber,False,True,23802.0,653898.12,306195,31.31174578291612,68.6882542170839,23802,653898.12,677700.12,3.512172906211084,96.48782709378892,0,0,0,0,14,-16.741229224053747,-15.888144718256214,-0.8352436655714882,-16.17152089636,1,71.8,-16.17152089636,71.8,59.163183832449576,2.558038237379901,20.09676339406244,16.099693654582044,0.20429027578287273,25.05,FALSE,FALSE,FALSE,TRUE,0,1,-16.527958097604362,West South Central,0,0,2024,TX-14,Rhonda Hart,Randy Weber,12.335358523123212,0,0,0,30.89918415253566,31.31174578291612,1.548522674550663,0,0.4125616303804591,-0.4125616303804591,-0.26642272480780604,TRUE,TRUE,343,TX14
1546,2024,Texas,TX,FALSE,TX-15,95965,127804,223769,Michelle Vallejo,Monica De La Cruz,False,True,1842671.53,5449445.09,223769,42.88574378041641,57.1142562195836,1842671.53,5449445.09,7292116.62,25.269364520942062,74.73063547905792,45,0.97,48,0.97,15,-3.724932545805501,5.750022583150091,-0.8352436655714882,-16.17152089636,1,71.8,-16.17152089636,71.8,21.55741253040534,1.2364288366758147,74.61991953434513,1.7387349181829967,0.1311796722046315,21.790000000000003,FALSE,FALSE,FALSE,TRUE,0,1,-1.356193763566603,West South Central,0,0,2024,TX-15,Michelle Vallejo,Monica De La Cruz,638.5407832922455,0.97,0.9848857801796105,3,42.60843156690267,42.88574378041641,1.4672066552411143,0,0.2773122135137456,-0.2773122135137456,-0.1890069217742018,TRUE,TRUE,344,TX15
1547,2024,Texas,TX,FALSE,TX-16,131391,89281,220828,Veronica Escobar,Irene Armendariz-Jackson,True,False,688375.63,60237.57,220672,59.54131017981439,40.45868982018562,688375.63,60237.57,748613.2,91.9534453840782,8.046554615921814,0,0,0,0,16,15.72098347724728,21.19716617118487,-0.8352436655714882,-16.17152089636,1,71.8,-16.17152089636,71.8,14.36045988952263,1.2853732357083636,79.31496039396269,3.563244798273916,0.2649059543906264,26.119999999999997,FALSE,FALSE,TRUE,FALSE,1,0,17.090029150731677,West South Central,0,0,2024,TX-16,Veronica Escobar,Irene Armendariz-Jackson,8455.436118002652,0,0,0,61.84513361184044,59.54131017981439,1.3980344982548787,100,2.30382343202605,2.30382343202605,1.6479017040722803,TRUE,FALSE,345,TX16
1548,2024,Texas,TX,FALSE,TX-17,97941,193101,291042,Mark Lorenzen,Pete Sessions,False,True,21108.56,591425.04,291042,33.651844063743376,66.34815593625663,21108.56,591425.04,612533.6000000001,3.4461064666493395,96.55389353335066,0,0,0,0,17,-13.710772027278402,-15.864595638839162,-0.8352436655714882,-16.17152089636,1,71.8,-16.17152089636,71.8,61.10747132339141,1.6055005259001391,19.508416172934385,14.86792292464223,0.18663257464417632,25.42,FALSE,FALSE,FALSE,TRUE,0,1,-14.249227930168592,West South Central,0,0,2024,TX-17,Mark Lorenzen,Pete Sessions,11.875649779482396,0,0,0,33.69246876131741,33.651844063743376,1.5504668845282137,0,0.04062469757403164,0.04062469757403164,0.026201589972296116,TRUE,TRUE,346,TX17
1549,2024,Texas,TX,FALSE,TX-18,151834,66810,218720,Sylvester Turner,Lana Centonze,False,False,546066.71,34224.5,218644,69.44347889720277,30.55652110279724,546066.71,34224.5,580291.21,94.10218534931798,5.897814650682026,0,0,0,0,18,22.336664667781346,25.8706299412,-0.8352436655714882,-16.17152089636,1,71.8,-16.17152089636,71.8,23.164553501391136,5.476634609924902,30.471219382937516,38.62329157474801,0.19936447316676165,26.88,FALSE,FALSE,FALSE,FALSE,0,0,23.220155986136007,West South Central,0,0,2024,TX-18,Sylvester Turner,Lana Centonze,8855.221287517395,0,0,0,69.93734375512005,69.44347889720277,1.5980221595595014,100,0.49386485791728774,0.49386485791728774,0.3090475654313972,TRUE,TRUE,347,TX18
1550,2024,Texas,TX,FALSE,TX-21,153765,263744,426423,Kristin Hook,Chip Roy,False,True,500223.61,2495623.47,417509,36.82914619804603,63.17085380195397,500223.61,2495623.47,2995847.08,16.697234426264508,83.3027655737355,0,0,0,0,21,-12.264329121187536,-15.864102403726548,-0.8352436655714882,-16.17152089636,1,71.8,-16.17152089636,71.8,65.16283823695336,1.935508492012398,27.033237982093432,3.504821763975815,0.12942105647403948,44.73,FALSE,FALSE,FALSE,TRUE,0,1,-13.16427244182229,West South Central,0,0,2024,TX-21,Kristin Hook,Chip Roy,278.79763748563266,0,0,0,36.34876270326171,36.82914619804603,1.545201617257629,0,0.48038349478431996,-0.48038349478431996,-0.31088725860699534,TRUE,TRUE,348,TX21
1551,2024,Texas,TX,FALSE,TX-22,127604,209285,336889,Marquette Greene-Scott,Troy Nehls,False,True,67348.52,418299.57,336889,37.8771642885342,62.1228357114658,67348.52,418299.57,485648.09,13.867761736692922,86.13223826330707,0,0,0,0,22,-10.398917788366916,-13.89980856892376,-0.8352436655714882,-16.17152089636,1,71.8,-16.17152089636,71.8,47.342665689099555,12.391610352359898,24.902195926424813,12.998042971273549,0.1562970667303222,44.81,FALSE,FALSE,FALSE,TRUE,0,1,-11.274140483506129,West South Central,0,1,2024,TX-22,Marquette Greene-Scott,Troy Nehls,192.31481558568427,0,0,0,37.66427882296834,37.8771642885342,1.5674274444904253,0,0.2128854655658614,-0.2128854655658614,-0.1358183859253983,TRUE,TRUE,349,TX22
1552,2024,Texas,TX,FALSE,TX-23,109373,180720,290093,Santos Limon,Tony Gonzales,False,True,20665.12,2300625.86,290093,37.70273670857277,62.29726329142723,20665.12,2300625.86,2321290.98,0.8902425494282495,99.10975745057176,0,0,0,0,23,-5.909841401760716,-3.2036781882690235,-0.8352436655714882,-16.17152089636,1,71.8,-16.17152089636,71.8,33.43456826892179,2.3555736689891917,57.70939956580009,4.192497903457141,0.3301565157417059,29.630000000000003,FALSE,FALSE,FALSE,TRUE,0,1,-5.233300598387793,West South Central,0,0,2024,TX-23,Santos Limon,Tony Gonzales,0.7925317968125093,0,0,0,38.0186575171332,37.70273670857277,1.5636811795248884,0,0.3159208085604277,0.3159208085604277,0.20203658693162607,TRUE,TRUE,350,TX23
1553,2024,Texas,TX,FALSE,TX-24,149518,227108,376626,Sam Eppler,Beth Van Duyne,False,True,1139074.63,892291.53,376626,39.69933037018156,60.30066962981844,1139074.63,892291.53,2031366.16,56.07431355457846,43.92568644542154,0,0,0,0,24,-8.540951711255623,-13.731067056978873,-0.8352436655714882,-16.17152089636,1,71.8,-16.17152089636,71.8,69.36430141215656,6.750709120082737,13.555220112394585,7.398232713059216,0.1403031155656611,52.8,FALSE,FALSE,FALSE,TRUE,0,1,-9.838480547686435,West South Central,0,0,2024,TX-24,Sam Eppler,Beth Van Duyne,3144.3286406171815,0,0,0,39.83806790259249,39.69933037018156,1.5599568876899121,0,0.13873753241092857,0.13873753241092857,0.08893677351326057,TRUE,TRUE,351,TX24
1554,2024,Texas,TX,FALSE,TX-26,138558,241096,388427,Ernest Lineberger III,Brandon Gill,False,False,77218.3,899780.23,379654,36.49586202173558,63.50413797826442,77218.3,899780.23,976998.53,7.903624993171689,92.0963750068283,0,0,0,0,26,-11.67883639847956,-17.262286252549707,-0.8352436655714882,-16.17152089636,1,71.8,-16.17152089636,71.8,64.74469657435652,7.779933665589112,14.90895654640782,9.793606819765834,0.17056419272703074,45.79,FALSE,FALSE,FALSE,FALSE,0,0,-13.074698861997096,West South Central,0,0,2024,TX-26,Ernest Lineberger III,Brandon Gill,62.467288032688174,0,0,0,36.33542297383219,36.49586202173558,1.607157158439467,0,0.16043904790339525,-0.16043904790339525,-0.0998278525910807,TRUE,TRUE,352,TX26
1555,2024,Texas,TX,FALSE,TX-27,94596,183980,278576,Tanya Lloyd,Michael Cloud,False,True,52054.67,576143.83,278576,33.95698121876974,66.04301878123026,52054.67,576143.83,628198.5,8.286341021189958,91.71365897881005,0,0,0,0,27,-13.632358826126726,-12.37546076431574,-0.8352436655714882,-16.17152089636,1,71.8,-16.17152089636,71.8,43.678921683552936,1.347534869628887,48.88294553232316,4.5039261019956935,0.16393324364195103,19.93,FALSE,FALSE,FALSE,TRUE,0,1,-13.31813431067398,West South Central,0,0,2024,TX-27,Tanya Lloyd,Michael Cloud,68.66344751945545,0,0,0,33.47715060771659,33.95698121876974,1.5480275954429663,0,0.4798306110531527,-0.4798306110531527,-0.3099625694436343,TRUE,TRUE,353,TX27
1556,2024,Texas,TX,FALSE,TX-28,125280,112018,237298,Henry Cuellar,Jay Furman,True,False,1261629.11,280085.73,237298,52.79437669091185,47.20562330908815,1261629.11,280085.73,1541714.84,81.83284465238721,18.16715534761279,0,0,0,0,28,1.2969171395566974,8.907245060568243,-0.8352436655714882,-16.17152089636,1,71.8,-16.17152089636,71.8,23.562969455980195,1.1532784680980348,68.5872236124426,5.22198249759306,0.1597099765361821,19.92,FALSE,FALSE,TRUE,FALSE,1,0,3.199499119809584,West South Central,1.3140622115903953,0,2024,TX-28,Henry Cuellar,Jay Furman,6696.6144639017375,0,0,0,52.50692305362274,52.79437669091185,1.5617241671702813,94.41000000000001,0.28745363728910434,-0.28745363728910434,-0.18406172058536255,TRUE,TRUE,354,TX28
1557,2024,Texas,TX,FALSE,TX-29,99379,52830,152209,Sylvia Garcia,Alan Garza,True,False,215469.14,6323.18,152209,65.2911457272566,34.7088542727434,215469.14,6323.18,221792.32,97.14905367327418,2.850946326725831,0,0,0,0,29,16.31611899668662,24.52480371194808,-0.8352436655714882,-16.17152089636,1,71.8,-16.17152089636,71.8,13.122266248134618,2.8894149127772346,64.87469767920547,17.942160242885812,0.15977975608501002,11.83,FALSE,FALSE,TRUE,FALSE,1,0,18.368290175501983,West South Central,0,0,2024,TX-29,Sylvia Garcia,Alan Garza,9437.938629612709,0,0,0,66.2917798718861,65.2911457272566,1.5437226716834813,100,1.000634144629501,1.000634144629501,0.6481955360144294,TRUE,TRUE,355,TX29
1558,2024,Texas,TX,FALSE,TX-31,126470,229087,355557,Stuart Whitlow,John Carter,False,True,108836.57,641743.21,355557,35.56954299873157,64.43045700126844,108836.57,641743.21,750579.78,14.500333328990026,85.49966667100996,0,0,0,0,31,-12.586727623516012,-17.100579423793064,-0.8352436655714882,-16.17152089636,1,71.8,-16.17152089636,71.8,65.45523997079945,3.913552790180466,19.506986061830467,7.772099893044497,0.15754715379522266,36.53,FALSE,FALSE,FALSE,TRUE,0,1,-13.715190573585277,West South Central,0,0,2024,TX-31,Stuart Whitlow,John Carter,210.25966665181897,0,0,0,35.57726444705169,35.56954299873157,1.5594073123332424,0,0.0077214483201188955,0.0077214483201188955,0.0049515275829800885,TRUE,TRUE,356,TX31
1559,2024,Texas,TX,FALSE,TX-32,140536,85941,232464,Julie Johnson,Darrell Day,False,False,1513181.22,111281.55,226477,62.05310031482225,37.94689968517774,1513181.22,111281.55,1624462.77,93.14963986524604,6.850360134753966,0,0,0,0,32,14.49250654599205,12.603498674994183,-0.8352436655714882,-16.17152089636,1,71.8,-16.17152089636,71.8,43.152807612924136,7.352245017326009,23.626911173434713,22.93807871709689,0.1988230516918895,39.07,FALSE,FALSE,FALSE,FALSE,0,0,14.020254578242584,West South Central,0,0,2024,TX-32,Julie Johnson,Darrell Day,8676.855407025036,0,0,0,62.455615339533615,62.05310031482225,1.5737283933054715,100,0.4025150247113629,0.4025150247113629,0.2557715971978603,TRUE,TRUE,357,TX32
1560,2024,Texas,TX,FALSE,TX-33,114289,51864,166153,Marc Veasey,Patrick Gillespie,True,False,624198.22,0,166153,68.78539659229746,31.21460340770254,624198.22,0,624198.22,100,0,0,0,0,0,33,23.032232922799885,25.61721455192974,-0.8352436655714882,-16.17152089636,1,71.8,-16.17152089636,71.8,21.904079990689343,5.984121281429793,45.1207602353977,24.923465386113964,0.23681454081761735,22.2,FALSE,FALSE,TRUE,FALSE,1,0,23.67847833008235,West South Central,0,0,2024,TX-33,Marc Veasey,Patrick Gillespie,10000,0,0,0,70.77684044457811,68.78539659229746,1.4315663177765774,100,1.9914438522806535,1.9914438522806535,1.391094375127269,TRUE,FALSE,358,TX33
1561,2024,Texas,TX,FALSE,TX-34,102780,97603,200383,Vicente Gonzalez,Mayra Flores,True,False,1562807.29,5765366.29,200383,51.29177624848416,48.708223751515845,1562807.29,5765366.29,7328173.58,21.326013541289505,78.6739864587105,48.99999800474167,2.91,45.99999800474167,2.91,34,5.577092687929621,17.701471623496595,-0.8352436655714882,-16.17152089636,1,71.8,-16.17152089636,71.8,11.353140551140935,0.6198351791604793,86.76241540746115,0.7610777967965358,0.10972941723250622,17.89,FALSE,FALSE,TRUE,FALSE,1,0,8.608187421821365,West South Central,0.7788007830714049,0,2024,TX-34,Vicente Gonzalez,Mayra Flores,454.7988535632633,2.91,1.705872210923198,-3,52.23354110695917,51.29177624848416,1.4365461525676868,93.8,0.9417648584750111,0.9417648584750111,0.6555757758229332,TRUE,TRUE,359,TX34
1562,2024,Texas,TX,FALSE,TX-35,170509,82610,253119,Greg Casar,Steven Wright,True,False,679817.98,440.81,253119,67.36317700370181,32.63682299629818,679817.98,440.81,680258.79,99.9351996612936,0.0648003387063914,0,0,0,0,35,20.77422475500609,21.348388255941764,-0.8352436655714882,-16.17152089636,1,71.8,-16.17152089636,71.8,35.566585147951955,3.01372582639221,45.67406351240378,13.029337713084203,0.10811005928907258,29.6,FALSE,FALSE,TRUE,FALSE,1,0,20.917765630240012,West South Central,0,0,2024,TX-35,Greg Casar,Steven Wright,9987.044131342616,0,0,0,68.53851805066657,67.36317700370181,1.5553872523817636,100,1.1753410469647605,1.1753410469647605,0.7556581456900598,TRUE,TRUE,360,TX35
1563,2024,Texas,TX,FALSE,TX-36,91009,206009,297018,Dayna Steele,Brian Babin,False,True,0,330048.27,297018,30.640903918281047,69.35909608171895,0,330048.27,330048.27,0,100,0,0,0,0,36,-18.26153859639516,-18.327824645585444,-0.8352436655714882,-16.17152089636,1,71.8,-16.17152089636,71.8,57.614140156381374,3.640559843054346,24.206948569450898,12.33426565271448,0.11229213259123973,23.45,FALSE,FALSE,FALSE,TRUE,0,1,-18.27811010869273,West South Central,0,0,2024,TX-36,Dayna Steele,Brian Babin,0,0,0,0,28.724473148315855,30.640903918281047,1.4462336849697621,0,1.9164307699651921,-1.9164307699651921,-1.3251183331449377,TRUE,FALSE,361,TX36
1564,2024,Texas,TX,FALSE,TX-37,252980,80366,340857,Lloyd Doggett,Jenny Garcia Sharon,True,False,677058.91,0.0,333346,75.89111613758676,24.108883862413222,677058.91,0,677058.91,100,0,0,0,0,0,37,24.636633200502693,23.259324224973604,-0.8352436655714882,-16.17152089636,1,71.8,-16.17152089636,71.8,60.1323147478612,7.087784930191772,22.720337469789843,6.895429978731342,0.12004504783238246,60.309999999999995,FALSE,FALSE,TRUE,FALSE,1,0,24.292305956620417,West South Central,0,0,2024,TX-37,Lloyd Doggett,Jenny Garcia Sharon,10000,0,0,0,76.63277966677613,75.89111613758676,1.3987205896178052,100,0.741663529189367,0.741663529189367,0.530244235120628,TRUE,TRUE,362,TX37
1565,2024,Texas,TX,FALSE,TX-38,127640,215030,342764,Melissa McDonough,Wesley Hunt,False,True,77625.64,1368341.65,342670,37.24866489625588,62.75133510374413,77625.64,1368341.65,1445967.2899999998,5.368422960660473,94.63157703933952,0,0,0,0,38,-11.460088703674408,-15.149465947537609,-0.8352436655714882,-16.17152089636,1,71.8,-16.17152089636,71.8,57.15426440585313,9.066291816753058,20.19347722103455,10.985250046368153,0.11284544274265187,49.8,FALSE,FALSE,FALSE,TRUE,0,1,-12.382433014640208,West South Central,0,0,2024,TX-38,Melissa McDonough,Wesley Hunt,28.819965084546556,0,0,0,36.63506172288946,37.24866489625588,1.5625055283869527,0,0.6136031733664211,-0.6136031733664211,-0.39270464149965106,TRUE,TRUE,363,TX38
1566,2024,Utah,UT,FALSE,UT-01,117319,230975,365895,Bill Campbell,Blake Moore,False,True,0.0,952219.03,348294,33.683899234554715,66.31610076544528,0,952219.03,952219.03,0,100,27.6,0.7,57.8,0.7,1,-12.643581810577828,-11.59969500821601,-0.8352436655714882,-16.17152089636,1,71.8,-16.17152089636,71.8,84.2289047666718,1.9644938688041156,10.04253745145182,1.0182179743214284,0.332562444537577,36.91,FALSE,FALSE,FALSE,TRUE,0,1,-12.382610109987374,Mountain,0,0,2024,UT-01,Bill Campbell,Blake Moore,0,0.7,0.8366600265340756,30.199999999999996,34.056074194925024,33.683899234554715,1.5793069606281933,0,0.37217496037030884,0.37217496037030884,0.23565713926966458,TRUE,TRUE,364,UT01
1567,2024,Utah,UT,FALSE,UT-02,121114,205234,353838,Nathaniel Woodward,Celeste Maloy,False,True,0,857462.82,326348,37.11191733977227,62.88808266022773,0,857462.82,857462.82,0,100,25.4,0.7,58.4,0.7,2,-11.169847553223365,-11.53914989408657,-0.8352436655714882,-16.17152089636,1,71.8,-16.17152089636,71.8,79.81344345112373,3.4340543289912673,12.395665405139788,1.1438226850694415,0.659672232902575,32.04,FALSE,FALSE,FALSE,TRUE,0,1,-11.262173138439168,Mountain,0,0,2024,UT-02,Nathaniel Woodward,Celeste Maloy,0,0.7,0.8366600265340756,33,36.75595607334252,37.11191733977227,1.5869717947135051,0,0.3559612664297518,-0.3559612664297518,-0.22430220096886674,TRUE,TRUE,365,UT02
1568,2024,Utah,UT,FALSE,UT-03,122780,242496,365276,Glenn Wright,Mike Kennedy,False,False,53294.56,543311.67,365276,33.61293925689068,66.38706074310932,53294.56,543311.67,596606.23,8.932953985411785,91.06704601458824,32.9,0.7,61.4,0.7,3,-12.308499088027176,-14.987569143930216,-0.8352436655714882,-16.17152089636,1,71.8,-16.17152089636,71.8,84.89832925476665,2.480238023978451,7.826270664248868,0.627277688773085,1.452439217619408,42.5,FALSE,FALSE,FALSE,FALSE,0,0,-12.978266602002936,Mountain,0,0,2024,UT-03,Glenn Wright,Mike Kennedy,79.7976669054843,0.7,0.8366600265340756,28.5,34.123986124078385,33.61293925689068,1.5703666158745404,0,0.5110468671877086,0.5110468671877086,0.3254315661206957,TRUE,TRUE,366,UT03
1569,2024,Utah,UT,FALSE,UT-04,109838,230627,363668,Katrina Fallick-Wang,Burgess Owens,False,True,11086.31,999345.62,340465,32.2611722203457,67.7388277796543,11086.31,999345.62,1010431.93,1.0971852403753708,98.90281475962462,28.4,0.7,57.9,0.7,4,-15.829842607425045,-16.2654164388956,-0.8352436655714882,-16.17152089636,1,71.8,-16.17152089636,71.8,80.98640609884636,3.165653561270015,11.992304249267244,1.0619558468935446,0.4318933279429388,33.48,FALSE,FALSE,FALSE,TRUE,0,1,-15.938736065292684,Mountain,0,0,2024,UT-04,Katrina Fallick-Wang,Burgess Owens,1.20381545169756,0.7,0.8366600265340756,29.5,32.63735595497798,32.2611722203457,1.5811203126855897,0,0.37618373463227783,0.37618373463227783,0.23792227043956968,TRUE,TRUE,367,UT04
1570,2024,Vermont,VT,FALSE,VT-00,218398,104451,372885,Becca Balint,Mark Coester,True,False,1019541.81,14194.59,322849,67.64710437387139,32.35289562612863,1019541.81,14194.59,1033736.4,98.62686561100102,1.373134388998975,0,0,0,0,0,16.02935162860009,14.074803134923124,-0.8352436655714882,-16.17152089636,1,71.8,-16.17152089636,71.8,93.22092691219,1.2476116190779172,2.220403720220699,1.008821438222144,0.1215031899378494,41.72,FALSE,FALSE,TRUE,FALSE,1,0,15.540714505180848,New England,0,0,2024,VT-00,Becca Balint,Mark Coester,9727.258620250455,0,0,0,68.13676197885773,67.64710437387139,1.5762051629757898,100,0.48965760498634836,0.48965760498634836,0.3106560088040198,TRUE,TRUE,368,VT00
1571,2024,Virginia,VA,FALSE,VA-01,208445,269657,478906,Leslie Mehta,Rob Wittman,False,True,634444.06,1413780.54,478102,43.5984371535781,56.401562846421896,634444.06,1413780.54,2048224.6,30.975316867105292,69.02468313289471,0,0,0,0,1,-5.404597428364198,-8.366972142031031,-0.8352436655714882,-16.17152089636,1,71.8,-16.17152089636,71.8,75.53780290120122,4.0975934161852114,4.124527203956939,13.351012095265803,0.1333388752649736,46.9,FALSE,FALSE,FALSE,TRUE,0,1,-6.145191106780906,South Atlantic,0,0,2024,VA-01,Leslie Mehta,Rob Wittman,959.4702550175776,0,0,0,42.969742957273475,43.5984371535781,1.552889891652154,0,0.6286941963046218,-0.6286941963046218,-0.40485432977848806,TRUE,TRUE,369,VA01
1572,2024,Virginia,VA,FALSE,VA-02,191666,207368,408702,Missy Cotter Smasal,Jen Kiggans,False,True,2642920.22,3666558.91,399034,48.03249848383848,51.967501516161526,2642920.22,3666558.91,6309479.130000001,41.888088787449554,58.11191121255044,45.44419297651031,5.359999999999999,46.27365965868152,5.359999999999999,2,-1.294878540344058,-4.049191715271313,-0.8352436655714882,-16.17152089636,1,71.8,-16.17152089636,71.8,63.04207381768069,4.721011944220944,6.216358910260627,22.46647066066841,0.1467514789006796,37.419999999999995,FALSE,FALSE,FALSE,TRUE,0,1,-1.9834568340758716,South Atlantic,0,0,2024,VA-02,Missy Cotter Smasal,Jen Kiggans,1754.611982265257,5.359999999999999,2.315167380558045,0.8294666821712084,47.07747997477538,48.03249848383848,1.582003138615845,3.125,0.9550185090631018,-0.9550185090631018,-0.6036767473790754,TRUE,TRUE,370,VA02
1573,2024,Virginia,VA,FALSE,VA-03,219926,93801,314397,Bobby Scott,John Sitka,True,False,382400.0,3005.0,313727,70.1010751385759,29.898924861424103,382400,3005,385405,99.22030072261649,0.7796992773835316,0,0,0,0,3,17.241485204821892,16.458901799530544,-0.8352436655714882,-16.17152089636,1,71.8,-16.17152089636,71.8,43.483554552444424,2.6342512599300294,6.506085166646402,43.419166690926275,0.24213945794325303,28.49,FALSE,FALSE,TRUE,FALSE,1,0,17.045839353499055,South Atlantic,0,0,2024,VA-03,Bobby Scott,John Sitka,9844.66807548645,0,0,0,69.55094853242385,70.1010751385759,1.5519741122158701,100,0.5501266061520482,-0.5501266061520482,-0.35446893206652214,TRUE,TRUE,371,VA03
1574,2024,Virginia,VA,FALSE,VA-04,252885,121814,375508,Jennifer McClellan,Bill Moher,False,False,1941934.59,8542.0,374699,67.49017211148148,32.509827888518515,1941934.59,8542,1950476.59,99.56205575376836,0.4379442462316351,0,0,0,0,4,15.800226991824635,15.338967657115056,-0.8352436655714882,-16.17152089636,1,71.8,-16.17152089636,71.8,46.89682757435218,1.926694059428851,5.5905035486078285,42.32776773229581,0.1823062149395233,31.15,FALSE,FALSE,FALSE,FALSE,0,0,15.68491215814724,South Atlantic,0,0,2024,VA-04,Jennifer McClellan,Bill Moher,9912.60294591648,0,0,0,67.03862505079508,67.49017211148148,1.5944307218397793,100,0.4515470606864085,-0.4515470606864085,-0.28320268450759534,TRUE,TRUE,372,VA04
1575,2024,Virginia,VA,FALSE,VA-05,184229,249564,435839,Gloria Witt,John McGuire,False,False,344421.33,0,433793,42.469334452146526,57.53066554785347,344421.33,0,344421.33,100,0,0,0,0,0,5,-6.462392086897843,-7.066896554085552,-0.8352436655714882,-16.17152089636,1,71.8,-16.17152089636,71.8,72.97458917707843,1.484464076415854,2.8488506526124433,20.30170867252968,0.10381202210191436,32.7,FALSE,FALSE,FALSE,FALSE,0,0,-6.61351820369477,South Atlantic,0,0,2024,VA-05,Gloria Witt,John McGuire,10000,0,0,0,43.50709274441606,42.469334452146526,1.6088392771873812,0.01,1.0377582922695368,1.0377582922695368,0.6450354034641518,TRUE,TRUE,373,VA05
1576,2024,Virginia,VA,FALSE,VA-06,141612,256933,407035,Ken Mitchell,Ben Cline,False,True,211860.02,522502.02,398545,35.5322485541156,64.4677514458844,211860.02,522502.02,734362.04,28.8495331267395,71.1504668732605,0,0,0,0,6,-13.20126899565406,-14.712701241823716,-0.8352436655714882,-16.17152089636,1,71.8,-16.17152089636,71.8,84.0498204021204,1.3614330735001632,4.504602971935037,7.830103221169531,0.09969379762159084,27.43,FALSE,FALSE,FALSE,TRUE,0,1,-13.579127057196471,South Atlantic,0,0,2024,VA-06,Ken Mitchell,Ben Cline,832.2955616308399,0,0,0,35.223760491677396,35.5322485541156,1.5627377982470463,0,0.3084880624382009,-0.3084880624382009,-0.19740231712846393,TRUE,TRUE,374,VA06
1577,2024,Virginia,VA,FALSE,VA-07,203336,192847,397299,Eugene Vindman,Derrick Anderson,False,False,17428791.3,2011768.45,396183,51.32375695070207,48.67624304929792,17428791.3,2011768.45,19440559.75,89.6516948283858,10.348305171614207,43.785038629996144,3.76,42.05149448758886,3.76,7,1.1831399886182652,0.0363267916936038,-0.8352436655714882,-16.17152089636,1,71.8,-16.17152089636,71.8,57.94192736425746,4.746314275440489,11.95433297375045,21.393203883495147,0.12189859762675297,36.84,FALSE,FALSE,FALSE,FALSE,0,0,0.8964366893870999,South Atlantic,0,0,2024,VA-07,Eugene Vindman,Derrick Anderson,8037.426385602017,3.76,1.9390719429665315,-1.7335441424072826,51.401530775430736,51.32375695070207,1.586910510577436,81.465,0.07777382472866634,0.07777382472866634,0.049009584478942325,TRUE,TRUE,375,VA07
1578,2024,Virginia,VA,FALSE,VA-08,274593,94676,383915,Don Beyer,Heerak Christian Kim,True,False,1137331.96,0.0,369269,74.36123801348069,25.63876198651932,1137331.96,0,1137331.96,100,0,0,0,0,0,8,26.114278521819323,26.663737818318783,-0.8352436655714882,-16.17152089636,1,71.8,-16.17152089636,71.8,58.84830586037383,10.80060009624185,13.280809186378947,13.494239642206768,0.11794344375984828,65.10000000000001,FALSE,FALSE,TRUE,FALSE,1,0,26.251643345944185,South Atlantic,0,0,2024,VA-08,Don Beyer,Heerak Christian Kim,10000,0,0,0,74.86321107727836,74.36123801348069,1.5557724382393678,100,0.5019730637976778,0.5019730637976778,0.3226519839660801,TRUE,TRUE,376,VA08
1579,2024,Virginia,VA,FALSE,VA-09,109570,290645,400963,Karen Baker,Morgan Griffith,False,True,206639.46,319487.87,400215,27.377784440863035,72.62221555913696,206639.46,319487.87,526127.33,39.275560917924565,60.72443908207544,0,0,0,0,9,-23.45941943522965,-22.69166090460081,-0.8352436655714882,-16.17152089636,1,71.8,-16.17152089636,71.8,89.46038756729375,1.1016281533586556,2.1049822547423225,5.785065859594344,0.1097793068403534,23.1,FALSE,FALSE,FALSE,TRUE,0,1,-23.26747980257244,South Atlantic,0,0,2024,VA-09,Karen Baker,Morgan Griffith,1542.5696854176035,0,0,0,27.188129319091246,27.377784440863035,1.5645558377015953,0,0.18965512177178923,-0.18965512177178923,-0.12121978468368463,TRUE,TRUE,377,VA09
1580,2024,Virginia,VA,FALSE,VA-10,215131,196343,413012,Suhas Subramanyam,Mike Clancy,False,False,2342712.88,454000.06,411474,52.28301180633528,47.716988193664726,2342712.88,454000.06,2796712.94,83.7666550075032,16.233344992496797,0,0,0,0,10,6.894795433020384,2.9516222377809385,-0.8352436655714882,-16.17152089636,1,71.8,-16.17152089636,71.8,61.275070423616285,13.65047627088722,12.261960501370094,9.522731284971943,0.11455830768404164,54.36,FALSE,FALSE,FALSE,FALSE,0,0,5.909002134210523,South Atlantic,0,0,2024,VA-10,Suhas Subramanyam,Mike Clancy,7016.852491146062,0,0,0,53.298532063504815,52.28301180633528,1.6021405816266665,97.94500000000001,1.015520257169534,1.015520257169534,0.6338521530604188,TRUE,TRUE,378,VA10
1581,2024,Virginia,VA,FALSE,VA-11,273529,134802,410186,Gerry Connolly,Michael Von Meter,True,False,1412164.46,63794.55,408331,66.98707666084623,33.01292333915378,1412164.46,63794.55,1475959.01,95.67775598320983,4.322244016790141,0,0,0,0,11,18.662372531534068,17.125271304836822,-0.8352436655714882,-16.17152089636,1,71.8,-16.17152089636,71.8,56.90540960305731,20.264126434293136,10.462268324595009,8.848329677984129,0.1063659553639504,67.5,FALSE,FALSE,TRUE,FALSE,1,0,18.278097224859756,South Atlantic,0,0,2024,VA-11,Gerry Connolly,Michael Von Meter,9154.232989982645,0,0,0,67.94798227702158,66.98707666084623,1.539808285766537,100,0.9609056161753529,0.9609056161753529,0.6240423727146015,TRUE,TRUE,379,VA11
1582,2024,Washington,WA,FALSE,WA-01,227213,132538,360658,Suzan DelBene,Jeb Brewer,True,False,1635590.56,13741.0,359751,63.15840678691651,36.8415932130835,1635590.56,13741,1649331.56,99.16687460949332,0.833125390506685,0,0,0,0,1,13.470685021183805,12.88715161611588,-0.8352436655714882,-16.17152089636,1,71.8,-16.17152089636,71.8,71.47434766759562,13.970124214594527,7.136753644320583,2.647350493683439,0.3907918925381091,50.17,FALSE,FALSE,TRUE,FALSE,1,0,13.324801669916823,Pacific,0,0,2024,WA-01,Suzan DelBene,Jeb Brewer,9834.069019814971,0,0,0,63.48742501856907,63.15840678691651,1.5440826519549726,100,0.3290182316525616,0.3290182316525616,0.21308330304468454,TRUE,TRUE,380,WA01
1583,2024,Washington,WA,FALSE,WA-02,263750,148167,413220,Rick Larsen,Cody Hart,True,False,966214.09,0,411917,64.02988951657737,35.97011048342263,966214.09,0,966214.09,100,0,0,0,0,0,2,9.50309631553514,8.64040935438559,-0.8352436655714882,-16.17152089636,1,71.8,-16.17152089636,71.8,77.92273753334702,6.307202955058486,7.935050277036733,2.3443806005882752,1.1105410766810315,34.64,FALSE,FALSE,TRUE,FALSE,1,0,9.287424575247751,Pacific,0,0,2024,WA-02,Rick Larsen,Cody Hart,10000,0,0,0,63.00249674401643,64.02988951657737,1.5327332374995517,100,1.0273927725609369,-1.0273927725609369,-0.6703010983418028,TRUE,TRUE,381,WA02
1584,2024,Washington,WA,FALSE,WA-03,215177,199054,415904,Marie Gluesenkamp Perez,Joe Kent,True,False,9323061.58,326850.81,414231,51.946136334557295,48.05386366544271,9323061.58,326850.81,9649912.39,96.61291422356632,3.3870857764336653,45.99807698101023,3.33,45.99826513261404,3.33,3,-4.425789279029452,-5.220416315605519,-0.8352436655714882,-16.17152089636,1,71.8,-16.17152089636,71.8,82.6431508583236,3.7502480209637583,7.3022503198615185,1.647372346175688,0.5959345087816527,27.589999999999996,FALSE,FALSE,TRUE,FALSE,1,0,-4.624446038173469,Pacific,0,0,2024,WA-03,Marie Gluesenkamp Perez,Joe Kent,9334.055194770184,3.33,1.8248287590894658,1.881516038082509e-4,51.85356024887228,51.946136334557295,1.4773919943694853,89.47500000000001,0.09257608568501752,-0.09257608568501752,-0.0626618297904929,TRUE,TRUE,382,WA03
1585,2024,Washington,WA,FALSE,WA-05,156074,240619,397286,Carmela Conroy,Michael Baumgartner,False,False,554099.69,1043109.32,396693,39.34377465697656,60.65622534302345,554099.69,1043109.32,1597209.0099999998,34.69174582229535,65.30825417770465,0,0,0,0,5,-7.4037845398983535,-8.767673117061285,-0.8352436655714882,-16.17152089636,1,71.8,-16.17152089636,71.8,84.92250483514,2.144077202730276,6.426914615747601,1.581472939831584,1.0290041937777896,30.83,FALSE,FALSE,FALSE,FALSE,0,0,-7.7447566841890865,Pacific,0,0,2024,WA-05,Carmela Conroy,Michael Baumgartner,1203.517228198747,0,0,0,40.04277471004562,39.34377465697656,1.5960128214044496,0,0.6990000530690637,0.6990000530690637,0.4379664396768203,TRUE,TRUE,383,WA05
1586,2024,Washington,WA,FALSE,WA-06,239687,182182,422622,Emily Randall,Drew MacEwen,False,False,1548226.76,236610.22,421869,56.81550433902467,43.18449566097532,1548226.76,236610.22,1784836.98,86.74331478721379,13.256685212786213,0,0,0,0,6,6.60430943804311,5.407342034142268,-0.8352436655714882,-16.17152089636,1,71.8,-16.17152089636,71.8,79.25558880766653,4.295409573337258,6.573288197681074,3.1869695334347248,1.3105692652373708,33.379999999999995,FALSE,FALSE,FALSE,FALSE,0,0,6.305067587067899,Pacific,0,0,2024,WA-06,Emily Randall,Drew MacEwen,7524.402660273663,0,0,0,56.893161819444494,56.81550433902467,1.5877593916365473,100,0.07765748041982334,0.07765748041982334,0.04891010617155263,TRUE,TRUE,384,WA06
1587,2024,Washington,WA,FALSE,WA-07,352286,66220,419819,Pramila Jayapal,Dan Alexander,True,False,2393461.1,0,418506,84.17704883562004,15.822951164379962,2393461.1,0,2393461.1,100,0,0,0,0,0,7,36.235482522076246,37.21012263043999,-0.8352436655714882,-16.17152089636,1,71.8,-16.17152089636,71.8,70.72105176507728,11.691653328943058,7.278408502650289,4.62404592137221,0.3467525259640077,64.63,FALSE,FALSE,TRUE,FALSE,1,0,36.479142549167186,Pacific,0,0,2024,WA-07,Pramila Jayapal,Dan Alexander,10000,0,0,0,84.56799997255976,84.17704883562004,1.5442009210970804,100,0.3909511369397194,0.3909511369397194,0.25317374934731124,TRUE,TRUE,385,WA07
1588,2024,Washington,WA,FALSE,WA-08,224607,190675,416277,Kim Schrier,Carmen Goers,True,False,5080931.14,147981.7,415282,54.08541665663332,45.91458334336668,5080931.14,147981.7,5228912.84,97.16993370270062,2.8300662972993837,0,0,0,0,8,1.1823417759575603,0.6487234729270668,-0.8352436655714882,-16.17152089636,1,71.8,-16.17152089636,71.8,77.93695212344758,7.800037460059603,7.558957868559697,1.8388809456254251,0.6952364527178014,40.62,FALSE,FALSE,TRUE,FALSE,1,0,1.0489372001999369,Pacific,0,0,2024,WA-08,Kim Schrier,Carmen Goers,9441.996015787234,0,0,0,53.785753726492636,54.08541665663332,1.545811505584333,99.215,0.2996629301406841,-0.2996629301406841,-0.1938547675820335,TRUE,TRUE,386,WA08
1589,2024,Washington,WA,FALSE,WA-10,203732,143492,348044,Marilyn Strickland,Don Hewett,True,False,1150466.21,39.57,347224,58.67451558648021,41.3254844135198,1150466.21,39.57,1150505.78,99.99656064309386,0.0034393569061426,0,0,0,0,10,6.862264002775994,6.053082589970046,-0.8352436655714882,-16.17152089636,1,71.8,-16.17152089636,71.8,67.73709457300289,8.625922257591245,9.483076716648217,6.888838277640362,0.7921837400182553,30.42,FALSE,FALSE,TRUE,FALSE,1,0,6.659968649574507,Pacific,0,0,2024,WA-10,Marilyn Strickland,Don Hewett,9999.312140447948,0,0,0,58.51127640111307,58.67451558648021,1.5733517555900152,100,0.16323918536713933,-0.16323918536713933,-0.1037525046685595,TRUE,TRUE,387,WA10
1590,2024,West Virginia,WV,FALSE,WV-01,90038,228491,344319,Chris Reed,Carol Miller,False,True,0,581652.27,318529,28.266814010655235,71.73318598934478,0,581652.27,581652.27,0,100,0,0,0,0,1,-23.044539299707807,-23.79174541839646,-0.8352436655714882,-16.17152089636,1,71.8,-16.17152089636,71.8,92.9108108263716,0.4480761369590125,1.0416726640450926,3.35819606533592,0.07067310737130586,20.78,FALSE,FALSE,FALSE,TRUE,0,1,-23.23134082937997,South Atlantic,0,0,2024,WV-01,Chris Reed,Carol Miller,0,0,0,0,28.705227758129734,28.266814010655235,1.576482245443634,0,0.4384137474744989,0.4384137474744989,0.2780962162698673,TRUE,TRUE,388,WV01
1591,2024,West Virginia,WV,FALSE,WV-02,110775,268190,378965,Steve Wendelin,Riley Moore,False,False,31206.98,820122.37,378965,29.230931616376186,70.76906838362382,31206.98,820122.37,851329.35,3.665676509332141,96.33432349066786,0,0,0,0,2,-21.113024017030916,-22.753825616259416,-0.8352436655714882,-16.17152089636,1,71.8,-16.17152089636,71.8,92.08097048137802,0.7071761656580811,2.132164829566765,3.0789383820458704,0.08593037120800748,24.67,FALSE,FALSE,FALSE,FALSE,0,0,-21.52322441683804,South Atlantic,0,0,2024,WV-02,Steve Wendelin,Riley Moore,13.43718427106947,0,0,0,29.593322138468093,29.230931616376186,1.6265124460715448,0,0.36239052209190703,0.36239052209190703,0.22280218203505017,TRUE,TRUE,389,WV02
1592,2024,Wisconsin,WI,FALSE,WI-01,172402,212515,393493,Peter Barca,Bryan Steil,False,True,1890259.4,2320624.1,384917,44.78939615553482,55.21060384446517,1890259.4,2320624.1,4210883.5,44.88985268768418,55.11014731231582,43.58445125214999,2,50.81166156088752,2,1,-3.287876161319872,-2.534523323699688,-0.8352436655714882,-16.17152089636,1,71.8,-16.17152089636,71.8,81.89732328887246,1.444887724523776,8.70592413025912,5.624463262710482,0.1454852467451526,29.74,FALSE,FALSE,FALSE,TRUE,0,1,-3.099537951914826,East North Central,0,0,2024,WI-01,Peter Barca,Bryan Steil,2015.0988743219868,2,1.4142135623730951,7.227210308737533,44.628613862251505,44.78939615553482,1.5645044461141535,0.04,0.16078229328331162,-0.16078229328331162,-0.10276883116737413,TRUE,TRUE,390,WI01
1593,2024,Wisconsin,WI,FALSE,WI-02,320317,136357,457257,Mark Pocan,Erik Olsen,True,False,493254.97,128023.17,456674,70.14128240276433,29.85871759723566,493254.97,128023.17,621278.14,79.3935820758155,20.606417924184488,0,0,0,0,2,18.90009872872832,19.000953344859543,-0.8352436655714882,-16.17152089636,1,71.8,-16.17152089636,71.8,86.4464304919611,3.337746989927342,4.188095821601293,3.431191916484919,0.1491592601277551,46.81,FALSE,FALSE,TRUE,FALSE,1,0,18.925312382761124,East North Central,0,0,2024,WI-02,Mark Pocan,Erik Olsen,6303.340874829252,0,0,0,70.46389824167035,70.14128240276433,1.462133798546795,100,0.3226158389060174,0.3226158389060174,0.22064727539070852,TRUE,TRUE,391,WI02
1594,2024,Wisconsin,WI,FALSE,WI-03,200808,212064,413181,Rebecca Cooke,Derrick Van Orden,False,True,5788499.69,5011673.47,412872,48.63686566296576,51.36313433703423,5788499.69,5011673.47,10800173.16,53.59636002354614,46.40363997645385,47.68801907158652,3.67,48.15643646803475,3.67,3,-4.649831682440173,-3.5075788019198413,-0.8352436655714882,-16.17152089636,1,71.8,-16.17152089636,71.8,93.2481013096206,1.832084839887203,1.9786170267979173,1.1475182948981886,0.3349307129387748,27.389999999999997,FALSE,FALSE,FALSE,TRUE,0,1,-4.36426846231009,East North Central,0,0,2024,WI-03,Rebecca Cooke,Derrick Van Orden,2872.5698077735747,3.67,1.9157244060668017,0.4684173964482312,47.6119623047946,48.63686566296576,1.5570815795553044,6.145,1.0249033581711586,-1.0249033581711586,-0.658220719857123,TRUE,TRUE,392,WI03
1595,2024,Wisconsin,WI,FALSE,WI-04,249938,74921,334282,Gwen Moore,Tim Rogers,True,False,392401.61,0,324859,76.93737898596005,23.062621014039937,392401.61,0,392401.61,100,0,0,0,0,0,4,24.59676063124403,25.25682680929784,-0.8352436655714882,-16.17152089636,1,71.8,-16.17152089636,71.8,50.31403762947295,3.607648560931163,12.026019418239148,30.680739221973003,0.4159647098370936,32.519999999999996,FALSE,FALSE,TRUE,FALSE,1,0,24.761777175757487,East North Central,0,0,2024,WI-04,Gwen Moore,Tim Rogers,10000,0,0,0,76.15630261528564,76.93737898596005,1.4027074061643852,100,0.7810763706744126,-0.7810763706744126,-0.5568348518314427,TRUE,TRUE,393,WI04
1596,2024,Wisconsin,WI,FALSE,WI-05,165653,300521,466682,Ben Steinhoff,Scott Fitzgerald,False,True,88302.73,532106.8,466174,35.53458579843578,64.46541420156422,88302.73,532106.8,620409.53,14.232974467687496,85.7670255323125,0,0,0,0,5,-13.876463543505912,-15.519433844474364,-0.8352436655714882,-16.17152089636,1,71.8,-16.17152089636,71.8,90.23740145919452,2.050830288276924,4.488439210943785,1.5306078123723987,0.12128099137653926,39.46,FALSE,FALSE,FALSE,TRUE,0,1,-14.287206118748024,East North Central,0,0,2024,WI-05,Ben Steinhoff,Scott Fitzgerald,202.57756219784417,0,0,0,35.59005004280656,35.53458579843578,1.5555025565121474,0,0.05546424437078201,0.05546424437078201,0.03565680052313618,TRUE,TRUE,394,WI05
1597,2024,Wisconsin,WI,FALSE,WI-06,159042,251889,411349,John Zarbano,Glenn Grothman,False,True,77421.24,731502.63,410931,38.702847923374,61.297152076626006,77421.24,731502.63,808923.87,9.570893241164956,90.42910675883503,0,0,0,0,6,-10.23231753580395,-10.216198090193783,-0.8352436655714882,-16.17152089636,1,71.8,-16.17152089636,71.8,90.78967473971538,1.963855338005376,3.6191544482799336,1.8200823742681125,0.2559436576675441,27.65,FALSE,FALSE,FALSE,TRUE,0,1,-10.22828767440141,East North Central,0,0,2024,WI-06,John Zarbano,Glenn Grothman,91.60199743377704,0,0,0,38.950211460363555,38.702847923374,1.584150807270147,0,0.24736353698955327,0.24736353698955327,0.15614898269427838,TRUE,TRUE,395,WI06
1598,2024,Wisconsin,WI,FALSE,WI-07,156524,273553,430384,Kyle Kilbourn,Tom Tiffany,False,True,218083.15,1005255.88,430077,36.39441309346931,63.60558690653069,218083.15,1005255.88,1223339.03,17.826877476475183,82.17312252352481,0,0,0,0,7,-12.40425056949531,-11.87304426853924,-0.8352436655714882,-16.17152089636,1,71.8,-16.17152089636,71.8,93.33572843037489,1.112688742814709,1.579560768998047,0.5868560741494541,1.3521411479963696,24.81,FALSE,FALSE,FALSE,TRUE,0,1,-12.271448994256293,East North Central,0,0,2024,WI-07,Kyle Kilbourn,Tom Tiffany,317.7975605612582,0,0,0,36.68879311394249,36.39441309346931,1.576863619183228,0,0.29438002047317724,0.29438002047317724,0.1866870520011477,TRUE,TRUE,396,WI07
1599,2024,Wisconsin,WI,FALSE,WI-08,178666,240040,418978,Kristin Lyerly,Tony Wied,False,False,2662325.57,349521.18,418706,42.67099110115451,57.32900889884549,2662325.57,349521.18,3011846.75,88.39512070127738,11.60487929872262,0,0,0,0,8,-10.137743872826768,-10.221959822334036,-0.8352436655714882,-16.17152089636,1,71.8,-16.17152089636,71.8,89.47125713801097,1.844575111663934,3.7363247017583534,1.2465016678916718,1.6300814157290666,28.22,FALSE,FALSE,FALSE,FALSE,0,0,-10.158797860203585,East North Central,0,0,2024,WI-08,Kristin Lyerly,Tony Wied,7813.697363793396,0,0,0,42.81533482658089,42.67099110115451,1.5969972145837046,0,0.1443437254263742,0.1443437254263742,0.09038445659656384,TRUE,TRUE,397,WI08
1600,2024,Wyoming,WY,FALSE,WY-00,60778,184680,271123,Kyle Cameron,Harriet Hageman,False,True,14615.56,2484952.21,245458,24.76105891843004,75.23894108156996,14615.56,2484952.21,2499567.77,0.5847234940143271,99.41527650598567,0,0,0,0,0,-24.750269299791565,-26.818608559866664,-0.8352436655714882,-16.17152089636,1,71.8,-16.17152089636,71.8,86.90346406475703,0.6359416023911405,7.776884431241085,0.7840251469479346,1.472659053537198,28.99,FALSE,FALSE,FALSE,TRUE,0,1,-25.267354114810335,Mountain,0,0,2024,WY-00,Kyle Cameron,Harriet Hageman,0.34190156445232284,0,0,0,24.828662411874856,24.76105891843004,1.6097177339816553,0,0.06760349344481398,0.06760349344481398,0.04199711043599921,TRUE,TRUE,398,WY00
