...1,cd,dem_cand,rep_cand,dem_inc_any,rep_inc_any,state_po,district_number,fec_dem_fuzzymatch,fec_rep_fuzzymatch,dem_funds,rep_funds,2p_funds,dem_funds_2p_pct,rep_funds_2p_pct,state,district,cvap_white_pct,cvap_hisp_pct,cvap_aapi_pct,cvap_natam_pct,cvap_black_pct,college,lean_20,lean_24,pvi,generic_ballot_avg,dem_inc_dummy,rep_inc_dummy,dem_poll_avg,dem_effn,rep_poll_avg,rep_effn,census_region,year,dem_scandal_score,rep_scandal_score,fips,geoid,demo_cluster,dem_funds_2p_pct_sqrd,effn,sqrt_effn,poll_margin,baseline,y_pred,y_pred_sd,chance,index,sims
0,AK-AL,Bill Hill,Nick Begich,FALSE,TRUE,AK,0,"HILL, BILL","BEGICH, NICHOLAS III",1110188.31,2641852.76,3752041.07,29.588916786563857,70.41108321343614,Alaska,AK-00,64.4639480048031,6.05138274633968,6.481397278121224,12.640422850716105,3.0774712844201857,30.75,-7.5316836480557825,-6.096508673942708,-6.4553024174709766,-6.26129612947058,0,1,0,0,0,0,Pacific,2026,0,0,02,0200,0,875.5039966022003,0,0,0,-0.19400628800039676,49.5674210985112,5.6795390010639215,46.660000000000004,1,
1,AL-01,Clyde Jones Jr.,Jerry Carl,FALSE,FALSE,AL,1,"JONES, CLYDE W MR. JR","CARL, JERRY LEE, JR",83967.63,674069.54,758037.17,11.076980565478076,88.92301943452192,Alabama,AL-01,69.15601694366734,2.6771138231846328,1.2990025099065798,0.4694388309157203,24.385648224726538,17.996871416324304,-17.482017399263093,-17.42218229424825,-17.43714107050196,-6.26129612947058,0,0,0,0,0,0,East South Central,2026,0,0,01,0101,0,122.699498447979,0,0,0,-11.175844941031379,40.787850644503365,5.625804284453039,4.995,2,
2,AL-02,Shomari Figures,Hampton Harris,TRUE,FALSE,AL,2,"FIGURES, SHOMARI C.","HARRIS, HAMPTON",490903.4,38740.3,529643.7000000001,92.68559221982626,7.314407780173728,Alabama,AL-02,53.493739295059314,2.6917404815526327,1.03213760346947,0.1831811782734105,40.524511873301854,16.170152600906842,-6.640349721909786,-6.482160146451349,-6.521707540315958,-6.26129612947058,1,0,0,0,0,0,East South Central,2026,0,0,01,0102,4,8590.619005139919,0,0,0,-0.26041141084537855,56.15890114710566,5.440460397927401,87.92,3,
3,AL-03,Lee McInnis,Mike Rogers,FALSE,TRUE,AL,3,"MCINNIS, VICTOR LEE","ROGERS, MICHAEL",60787.05,1356433.59,1417220.64,4.289173349888554,95.71082665011144,Alabama,AL-03,74.92571338449461,2.0472280070397546,0.8538032238061272,0.16470301483581673,19.752354052339356,15.301623289807925,-22.97781840752035,-22.76884933057064,-22.821091599808067,-6.26129612947058,0,1,0,0,0,0,East South Central,2026,0,0,01,0103,3,18.397008025394197,0,0,0,-16.559795470337487,33.69145048264405,5.609112424830313,0.28500000000000003,4,
4,AL-04,Amanda Pusczek,Robert Aderholt,FALSE,TRUE,AL,4,"PUSCZEK, AMANDA NOELLE","ADERHOLT, ROBERT B. REP.",15462,523823.01,539285.01,2.867129572171865,97.13287042782814,Alabama,AL-04,86.9970800279077,3.6464581956713538,0.4894921611115828,0.17405396226554395,6.737715629418258,13.622183949554154,-33.63427299010048,-32.744761648830625,-32.967139484148085,-6.26129612947058,0,1,0,0,0,0,East South Central,2026,0,0,01,0104,3,8.22043198362242,0,0,0,-26.705843354677505,24.367879871533276,5.5963542960199355,0.015,5,
5,AL-05,Andrew Sneed,Dale Strong,FALSE,TRUE,AL,5,"SNEED, ANDREW RANKIN GUYTON","STRONG, DALE WHITNEY",618618.06,687028.52,1305646.58,47.38020759032663,52.61979240967337,Alabama,AL-05,73.15105461259853,3.7923442937291383,1.319863646047866,0.5356508770683901,17.968716710460907,24.334814452989484,-16.056271306062705,-14.006039126962882,-14.518597171737838,-6.26129612947058,0,1,0,0,0,0,East South Central,2026,0,0,01,0105,3,2244.884071302445,0,0,0,-8.257301042267258,42.32391504771997,5.633633577494096,8.495,6,
6,AL-06,Keith Pilkington,Gary Palmer,FALSE,TRUE,AL,6,no_match,"PALMER, GARY",0,550131.2,550131.2,0,100,Alabama,AL-06,74.22095263600318,2.7739962953870876,1.3637513297179882,0.13948090785333303,19.762770871923053,26.276269145783107,-18.912435438442124,-16.644597871775154,-17.211557263441897,-6.26129612947058,0,1,0,0,0,0,East South Central,2026,0,0,01,0106,3,0,0,0,0,-10.950261133971317,39.64282113489705,5.587085879584084,3.3000000000000003,7,
7,AR-01,Terri Green,Rick Crawford,FALSE,FALSE,AR,1,"GREEN, TERRI YARBROUGH DR.","CRAWFORD, ERIC ALAN RICK",42411.53,340155.71,382567.24,11.086032876207591,88.91396712379242,Arkansas,AR-01,78.3957679768715,2.443255213138956,0.4583520066081424,0.2400724083691421,15.943725340292971,17.57,-23.343454996921203,-22.33788206427918,-22.589275297439684,-6.26129612947058,0,0,0,0,0,0,West South Central,2026,0,0,05,0501,3,122.90012493235555,0,0,0,-16.327979167969104,34.87368942104111,5.580607866829756,0.555,8,
8,AR-02,Chris Jones,French Hill,FALSE,TRUE,AR,2,"JONES, CHRIS","HILL, JAMES FRENCH",1137965.66,1792110.49,2930076.15,38.837409055051346,61.16259094494865,Arkansas,AR-02,72.7542733091185,3.4469252548529195,1.0554177761228634,0.211821241138987,20.171494411151,32.53,-9.010669794571475,-7.20715574417072,-7.658034256770909,-6.26129612947058,0,1,0,0,0,0,West South Central,2026,0,0,05,0502,0,1508.3443421093843,0,0,0,-1.3967381273003294,48.834116030939725,5.5521980253178755,41.095,9,
9,AR-03,Robb Ryerse,Steve Womack,FALSE,FALSE,AR,3,"RYERSE, ROBB","WOMACK, STEPHEN A THE HON",114390.67,879733.85,994124.52,11.506674234330324,88.49332576566967,Arkansas,AR-03,80.42773542844415,9.752721208026758,2.733817717259445,0.7309938829194839,2.6732543862394222,31.07,-14.340126369002247,-12.045314516278616,-12.619017479459524,-6.26129612947058,0,0,0,0,0,0,West South Central,2026,0,0,05,0503,3,132.40355193500136,0,0,0,-6.357721349988944,45.03273275718119,5.547248949421243,18.075,10,
10,AR-04,James Russell,Bruce Westerman,FALSE,FALSE,AR,4,"RUSSELL, JAMES RICHARD MR III","WESTERMAN, BRUCE",4353.42,863973.98,868327.4,0.5013569766426811,99.49864302335732,Arkansas,AR-04,72.99945602001563,4.195910758931815,0.5709131953242529,0.3221353783673158,19.51647798652985,18.06,-20.391524406217897,-19.580435954954844,-19.783208067770605,-6.26129612947058,0,0,0,0,0,0,West South Central,2026,0,0,05,0504,3,0.25135881802828985,0,0,0,-13.521911938300025,38.011973520414195,5.552293597001614,1.7000000000000002,11,
11,AZ-01,Amish Shah,Jay Feely,FALSE,FALSE,AZ,1,"SHAH, AMISH DR.","FEELY, THOMAS JAMES",1194233.07,1278495.21,2472728.2800000003,48.296170657295185,51.70382934270481,Arizona,AZ-01,76.78919911119698,12.79280584806621,3.327858822013976,1.2216210994106849,3.238334460438605,50.61,-1.5175915449112196,-0.8183640956369089,-0.9931709579554866,-6.26129612947058,0,0,0,0,0,0,Mountain,2026,0,0,04,0401,0,2332.5201001585806,0,0,0,5.268125171515093,57.49543531842057,5.356157155588733,92.355,12,
12,AZ-02,Jonathan Nez,Elijah Crane,FALSE,TRUE,AZ,2,"NEZ, JONATHAN MICHAEL","CRANE, ELI",3207490.98,8581510.99,11789001.97,27.207485316927126,72.79251468307287,Arizona,AZ-02,61.65272226886983,14.154285795303275,1.196314331039111,17.555290548108566,2.311025972655222,25.05,-6.26922897438012,-6.810069835406189,-6.674859620149672,-6.26129612947058,0,1,0,0,0,0,Mountain,2026,0,0,04,0402,0,740.2472572708052,0,0,0,-0.4135634906790919,51.901652609638454,5.399372376445261,64.12,13,
13,AZ-03,Yassamin Ansari,Nicholas Glenn,TRUE,FALSE,AZ,3,"ANSARI, YASSAMIN",no_match,1122769.98,0,1122769.98,100,0,Arizona,AZ-03,29.427764455102583,50.881961097788434,2.75406341593392,2.200266453503864,11.967386091127098,18.02,23.459129498606195,20.90375077357009,21.542595454829115,-6.26129612947058,1,0,0,0,0,0,Mountain,2026,0,0,04,0403,1,10000,0,0,0,27.803891584299695,80.8120521049617,5.406234718040998,100,14,
14,AZ-04,Greg Stanton,Zuhdi Jasser,FALSE,TRUE,AZ,4,"STANTON, GREG","JASSER, M. ZUHDI",1477893.54,549443.66,2027337.2,72.89825984547612,27.10174015452387,Arizona,AZ-04,64.4137778571368,20.664404934996472,4.360040473093045,1.7296295351546225,5.171372939145813,37.21,2.982997896148653,4.131390408465421,3.844292280386229,-6.26129612947058,0,1,0,0,0,0,Mountain,2026,0,0,04,0404,0,5314.156288498556,0,0,0,10.105588409856809,61.88347336056365,5.256147212648476,98.68,15,
15,AZ-05,Elizabeth Lee,Mark Lamb,FALSE,TRUE,AZ,5,"LEE, ELIZABETH","LAMB, MARK",147610.62,1111290.56,1258901.1800000002,11.72535401070956,88.27464598929043,Arizona,AZ-05,72.35594115327287,15.303557941032958,4.749045846172356,0.7024978443810199,3.532708593734334,39.69,-10.58864813540854,-9.346392647590667,-9.656956519545137,-6.26129612947058,0,1,0,0,0,0,Mountain,2026,0,0,04,0405,0,137.48392667646277,0,0,0,-3.395660390074557,47.368585889049264,5.675570973761953,31.44,16,
16,AZ-06,JoAnna Mendoza,Juan Ciscomani,FALSE,TRUE,AZ,6,"MENDOZA, JOANNA","CISCOMANI, JUAN",5916360.74,2300890.11,8217250.85,71.9992713864881,28.0007286135119,Arizona,AZ-06,68.78801247912268,21.19922478177292,2.793149087700501,0.7504805722749188,3.3941007783695207,38,-2.2330459068923503,0.3711607096416927,-0.27989094449181806,-6.26129612947058,0,1,46.99999989983704,2.8322871296601577,44.99868061390355,2.8322871296601577,Mountain,2026,0,0,04,0406,0,5183.895080185164,2.8322871296601577,1.6829400255683973,-2.0013192859334907,5.981405184978762,58.6245999127893,5.671106210174728,94.055,17,
17,AZ-07,Adelita Grijalva,Daniel Butierez,TRUE,FALSE,AZ,7,"GRIJALVA, ADELITA","BUTIEREZ, DANIEL",1841371.59,39892.43,1881264.02,97.87948796256678,2.1205120374332145,Arizona,AZ-07,37.2926915580427,51.72053401004432,1.850076001635548,2.830121217566371,3.891393754480796,20.91,14.362636693903234,11.944105165220831,12.548738047391431,-6.26129612947058,1,0,0,0,0,0,Mountain,2026,0,0,04,0407,1,9580.394163814257,0,0,0,18.81003417686201,73.83597780790902,5.640606576248064,99.995,18,
18,AZ-08,Bernadette Greene-Placentia,Abraham Hamadeh,FALSE,TRUE,AZ,8,"GREENE PLACENTIA, BERNADETTE","HAMADEH, ABRAHAM",209257.94,558599.65,767857.5900000001,27.252180967567178,72.74781903243282,Arizona,AZ-08,71.74240375530427,16.980999789665567,3.33012823723053,1.0099391365604644,3.8401057681713926,31.480000000000004,-9.132718304933723,-7.489918940932021,-7.900618781932446,-6.26129612947058,0,1,0,0,0,0,Mountain,2026,0,0,04,0408,0,742.6813674890307,0,0,0,-1.6393226524618658,49.70106962342433,5.620215840097092,47.510000000000005,19,
19,AZ-09,Dani Sterbinsky,Paul Gosar,FALSE,TRUE,AZ,9,"STERBINSKY, DANIELLE","GOSAR, PAUL DR.",354107.15,490055.85,844163,41.947722181616584,58.052277818383416,Arizona,AZ-09,64.47480152153669,24.744069321464085,2.0190349921871302,1.1446249033255993,4.538725002762126,21.77,-15.340271154940446,-14.92125135959553,-15.02600630843176,-6.26129612947058,0,1,0,0,0,0,Mountain,2026,0,0,04,0409,0,1759.611396226088,0,0,0,-8.764710178961181,42.75069229278406,5.587414404978828,9.39,20,
20,CA-01,Mike McGuire,James Gallagher,FALSE,TRUE,CA,1,"MCGUIRE, MIKE","GALLAGHER, JAMES",1527504.6,959754.47,2487259.0700000003,61.413168351618474,38.58683164838152,California,CA-01,70.84344760168271,19.166401224329896,3.610381907450326,1.1703261096404995,1.7383727103310158,19.602523222503656,6.889954064656834,7.063047685509716,7.019774280296495,-6.26129612947058,0,1,0,0,0,0,Pacific,2026,0,0,06,0601,0,3771.5772469842327,0,0,0,13.281070409767075,61.17250186702885,5.664620070459719,97.48,21,
21,CA-02,Jared Huffman,Robin Littau,TRUE,FALSE,CA,2,"HUFFMAN, JARED",no_match,607581.82,0,607581.82,100,0,California,CA-02,78.63444726835155,10.641264347481869,3.793883195339444,1.4551976725244735,1.5729026359255864,28.716505117086776,12.286254571722743,13.474872342928537,13.177717900127089,-6.26129612947058,1,0,0,0,0,0,Pacific,2026,0,0,06,0602,3,10000,0,0,0,19.43901402959767,74.42880034982166,5.242798293766799,100,22,
22,CA-03,Ami Bera,Robb Tucker,TRUE,FALSE,CA,3,"BERA, AMERISH","TUCKER, ROBB",571221.94,51399,622620.94,91.74473637202117,8.255263627978849,California,CA-03,65.68707995092416,14.93067493765992,9.226693496726469,0.29387601472275404,5.86159597838636,26.110866724881657,4.892422010844001,6.0242677866498084,5.741306342698357,-6.26129612947058,1,0,0,0,0,0,Pacific,2026,0,0,06,0603,0,8417.096651971664,0,0,0,12.002602472168936,65.51401266882687,5.224550876608516,99.725,23,
23,CA-05,Michael Masuda,Tom McClintock,FALSE,TRUE,CA,5,"MASUDA, MICHAEL","MCCLINTOCK, THOMAS",340049.25,770054.44,1110103.69,30.632206077974573,69.36779392202543,California,CA-05,62.91777770306973,24.737288180577995,5.411536140900944,0.8705453117065342,2.633753448120277,19.34712525051928,-9.687488329286452,-9.851392433026774,-9.810416407091694,-6.26129612947058,0,1,0,0,0,0,Pacific,2026,0,0,06,0605,0,938.3320492035024,0,0,0,-3.549120277621114,45.8777204017953,5.585014770246529,22.235,24,
24,CA-06,Richard Pan,Kevin Kiley,FALSE,TRUE,CA,6,"PAN, RICHARD DR.",no_match,769475.7,0,769475.7,100,0,California,CA-06,57.66105203726357,18.728333490166555,11.677990025406984,0.3063893855274301,6.947021737084784,22.99290656202588,4.18957631832059,5.085139900214401,4.861249004740948,-6.26129612947058,0,1,39,0.7,35,0.7,Pacific,2026,0,0,06,0606,0,10000,0.7,0.8366600265340756,-4,11.122545134211528,63.408124065477374,5.633953126666452,99.03999999999999,25,
25,CA-08,John Garamendi,Rudy Recile,TRUE,FALSE,CA,8,"GARAMENDI, JOHN","RECILE, RUDY",154592.65,8551,163143.65,94.75860690869672,5.241393091303278,California,CA-08,38.312977743021214,23.791314948133497,18.340540208999396,0.24495710375600893,14.406084443115516,22.16003504935723,19.529488980260105,18.343778871241874,18.64020639849643,-6.26129612947058,1,0,0,0,0,0,Pacific,2026,0,0,06,0608,2,8979.193583276905,0,0,0,24.90150252796701,77.16593114184772,5.041487246752286,100,26,
26,CA-09,Josh Harder,John McBride,TRUE,FALSE,CA,9,"HARDER, JOSH","MCBRIDE, JOHN",2899433.12,10309.45,2909742.5700000003,99.64569202422604,0.35430797577395307,California,CA-09,32.9683487467112,31.313708190884316,19.678839821656453,0.3426653852819309,11.52852393931278,14.3298958314311,11.124363299683118,6.648093174595054,7.76716070586707,-6.26129612947058,1,0,0,0,0,0,Pacific,2026,0,0,06,0609,2,9929.263938986904,0,0,0,14.02845683533765,68.365694121382,5.234368912789383,99.935,27,
27,CA-10,Mark DeSaulnier,Jeff Frese,TRUE,FALSE,CA,10,"DESAULNIER, MARK",no_match,260665.22,0,260665.22,100,0,California,CA-10,56.67726838933503,15.968757112174895,18.34123521862945,0.19220802071639084,4.707662119337274,36.96817371713849,17.455162480496703,18.122722924336607,17.95583281337663,-6.26129612947058,1,0,0,0,0,0,Pacific,2026,0,0,06,0610,0,10000,0,0,0,24.21712894284721,77.78569182611102,5.216161504201894,100,28,
28,CA-13,Adam Gray,Kevin Lincoln,TRUE,FALSE,CA,13,"GRAY, ADAM C.","LINCOLN, KEVIN J II",2422914.26,1194408.82,3617323.08,66.98086420303933,33.01913579696066,California,CA-13,29.370716065276735,54.70705336814123,8.838584319755869,0.28585392602129006,4.378881617375342,7.211882439915307,6.784173859276542,1.0039789518789275,2.4490276787283314,-6.26129612947058,1,0,0,0,0,0,Pacific,2026,0,0,06,0613,1,4486.4361693859955,0,0,0,8.710323808198911,59.093945589458144,5.299639407354178,95.75,29,
29,CA-15,Kevin Mullin,Charles Hoelter,TRUE,FALSE,CA,15,"MULLIN, KEVIN",no_match,347674.85,0,347674.85,100,0,California,CA-15,34.777999054400624,20.5246234488179,38.56776488551493,0.14347730868498235,3.0633735792983323,35.19055884482685,26.95694481453203,25.569180179830106,25.916121338505583,-6.26129612947058,1,0,0,0,0,0,Pacific,2026,0,0,06,0615,2,10000,0,0,0,32.17741746797616,83.7399135423754,5.390947940330804,100,30,
30,CA-16,Sam Liccardo,Peter Soule,TRUE,FALSE,CA,16,"LICCARDO, SAM T.","SOULE, PETER SUNDIN MR.",1505069.67,300,1505369.67,99.98007134021772,0.01992865978228457,California,CA-16,49.58565973642519,15.927858491016572,28.838331509585576,0.1769069930171571,2.175416157090088,42.95829730079056,24.704698898313787,25.704701737720576,25.45470102786888,-6.26129612947058,1,0,0,0,0,0,Pacific,2026,0,0,06,0616,0,9996.014665195025,0,0,0,31.71599715733946,83.79137215058921,5.658867648988267,100,31,
31,CA-17,Ro Khanna,Ritesh Tandon,TRUE,FALSE,CA,17,"KHANNA, ROHIT","TANDON, RITESH",12735789.84,37628.48,12773418.32,99.70541573870572,0.2945842612942782,California,CA-17,29.33413783919468,16.392356880057132,48.404697874266105,0.24088036824998765,2.666654096262583,45.00669433213213,22.327721451578206,21.1230181151442,21.4241939492527,-6.26129612947058,1,0,0,0,0,0,Pacific,2026,0,0,06,0617,2,9941.169927628147,0,0,0,27.68549007872328,76.84492430315767,5.052386711976972,100,32,
32,CA-18,Zoe Lofgren,Shane Lewis,TRUE,FALSE,CA,18,"LOFGREN, ZOE","LEWIS, SHANE",1105068.2,14339.97,1119408.17,98.7189686135666,1.2810313864334222,California,CA-18,28.559519401879875,52.40836508258787,13.316533100837225,0.2904608916862736,2.8780948058617684,14.50297369508835,19.55726278738089,15.433968535609049,16.464792098552007,-6.26129612947058,1,0,0,0,0,0,Pacific,2026,0,0,06,0618,1,9745.434764126348,0,0,0,22.726088228022586,72.63582028627681,5.23304222604456,99.995,33,
33,CA-19,Jimmy Panetta,Peter Coe Verbica,TRUE,FALSE,CA,19,"PANETTA, JIMMY","VERBICA, PETER COE",1297933.47,72319,1370252.47,94.72221349106565,5.277786508934372,California,CA-19,56.78977309613504,19.205122355215003,17.945493362417388,0.17565434489461668,2.2759015964698484,32.428666690529504,17.990006208165845,18.572073207213343,18.42655645745147,-6.26129612947058,1,0,0,0,0,0,Pacific,2026,0,0,06,0619,0,8972.297728647018,0,0,0,24.687852586922048,77.48126439385297,5.269652422928045,100,34,
34,CA-20,Sandra Van Scotter,Vince Fong,FALSE,TRUE,CA,20,"VAN SCOTTER, SANDRA","FONG, VINCE",7179.07,784599.97,791779.0399999999,0.9067011927974248,99.09329880720256,California,CA-20,53.539599024405206,33.61583654185394,6.313371477657959,0.4987268181190655,3.2682808976699236,16.56066862673846,-15.671424828008014,-15.74156287278469,-15.724028361590522,-6.26129612947058,0,1,0,0,0,0,Pacific,2026,0,0,06,0620,0,0.8221070530202729,0,0,0,-9.462732232119942,38.90793958210593,5.663195666994931,2.785,35,
35,CA-21,Jim Costa,Kyle Kirkland,TRUE,FALSE,CA,21,"COSTA, JIM","KIRKLAND, KYLE",526721.78,211511.35,738233.13,71.34897616962816,28.65102383037185,California,CA-21,27.21779216169562,55.42678127748884,9.585024460254017,0.4318849717698465,5.233766835026113,10.0818236100813,8.525360621848755,3.833909069287621,5.006771957427905,-6.26129612947058,1,0,0,0,0,0,Pacific,2026,1,0,06,0621,1,5090.6764004541665,0,0,0,11.268068086898484,59.0989077945031,5.270471893634195,95.95,36,
36,CA-22,Randy Villegas,David Valadao,FALSE,TRUE,CA,22,"VILLEGAS, RANDY","VALADAO, DAVID",2396295.54,1423592.37,3819887.91,62.73209048168118,37.267909518318824,California,CA-22,22.131731749263547,64.46911039594447,4.9244331574607205,0.5380777585607149,6.308791441352686,6.196120481834767,6.443674626912497,-0.17842839017434642,1.4770973640973644,-6.26129612947058,0,1,48,0.8783269243776128,44,0.8783269243776128,Pacific,2026,0,0,06,0622,1,3935.315176201835,0.8783269243776128,0.9371909754034194,-4,7.738393493567944,53.049905735083094,5.582759335803309,71.23,37,
37,CA-23,Tessa Lynn Hodge,Jay Obernolte,FALSE,TRUE,CA,23,"HODGE, TESSA LYNN","OBERNOLTE, JAY",70273.12,498759.83,569032.95,12.3495695635903,87.6504304364097,California,CA-23,45.35084919771292,38.36558759406158,4.0989122117591865,0.5102492030961014,8.499282882619614,11.736469209944158,-8.46280159143916,-9.199080109699054,-9.01501048013408,-6.26129612947058,0,1,0,0,0,0,Pacific,2026,0,0,06,0623,1,152.51186840595594,0,0,0,-2.7537143506635005,44.463786020323454,5.614303878497828,15.545,38,
38,CA-24,Salud Carbajal,Bob Smith,TRUE,FALSE,CA,24,"CARBAJAL, SALUD O.","SMITH, ROBERT BOB J",1065070.44,169881.92,1234952.36,86.24384830520913,13.756151694790884,California,CA-24,60.885584762046896,28.783836725556405,4.9819972762718505,0.2374867078335168,1.9002667761132772,24.51745034595917,12.574221528737231,13.629244536677334,13.365488784692308,-6.26129612947058,1,0,0,0,0,0,Pacific,2026,0,0,06,0624,0,7438.001370491923,0,0,0,19.62678491416289,70.95377245272806,5.215625607227062,99.99,39,
39,CA-25,Raul Ruiz,Joe Males,TRUE,FALSE,CA,25,"RUIZ, RAUL DR.","MALES, JOE",1107923.8,880028.13,1987951.93,55.73192104298015,44.268078957019846,California,CA-25,36.964961846275834,52.70780314240119,3.308191187100417,0.6078966495603962,4.193806101792654,14.433412231084308,6.09240028187228,3.7346678548222982,4.324100961584794,-6.26129612947058,1,0,0,0,0,0,Pacific,2026,0,0,06,0625,1,3106.047023140973,0,0,0,10.585397091055373,64.81634632365086,5.211794489452915,99.655,40,
40,CA-26,Jacqui Irwin,Sam Gallucci,FALSE,FALSE,CA,26,"IRWIN, JACQUI V","GALLUCCI, SAMUEL",651832.31,144557.49,796389.8,81.84840011763083,18.151599882369162,California,CA-26,51.97177111803216,34.22722144536961,7.74407296764762,0.20915432530350217,2.758930273946482,25.606773882635952,9.152415665377902,8.61553219236555,8.749753060618637,-6.26129612947058,0,0,0,0,0,0,Pacific,2026,0,0,06,0626,0,6699.160601815791,0,0,0,15.011049190089217,66.07155017710153,5.64969320386007,99.7,41,
41,CA-27,George Whitesides,Jason Gibbs,TRUE,FALSE,CA,27,"WHITESIDES, GEORGE","GIBBS, JASON",2806000.81,366711.94,3172712.75,88.44169110487547,11.558308895124528,California,CA-27,36.358386103395986,40.37680171585183,9.85492399274314,0.20366557215128392,10.580814213326423,18.36882981384975,7.770706621579436,5.779206864189938,6.277081803537312,-6.26129612947058,1,0,0,0,0,0,Pacific,2026,0,0,06,0627,1,7821.932725490209,0,0,0,12.538377933007892,66.2768456942552,5.358526045866848,99.775,42,
42,CA-28,Judy Chu,April A. Verlato,TRUE,FALSE,CA,28,"CHU, JUDY","VERLATO, APRIL",550348.25,250,550598.25,99.95459484297308,0.0454051570269248,California,CA-28,31.58973111178056,25.897967696336295,34.81024880464085,0.23733382769834463,4.9303254312176055,33.36363539422892,14.41198275369782,13.832907457572908,13.977676281604136,-6.26129612947058,1,0,0,0,0,0,Pacific,2026,0,0,06,0628,2,9990.9210302229,0,0,0,20.238972411074716,73.98292928751314,5.211928531391992,99.995,43,
43,CA-30,Laura Friedman,Scott Alan Meyers,TRUE,FALSE,CA,30,"FRIEDMAN, LAURA","MEYERS, SCOTT ALAN",536826.25,18294,555120.25,96.70449780925846,3.2955021907415554,California,CA-30,59.53279956743407,20.088741777502552,11.908715436283297,0.19691979445811436,4.609165355999203,38.57786884146783,20.62173615821677,21.45517682608608,21.246816659118757,-6.26129612947058,1,0,0,0,0,0,Pacific,2026,0,0,06,0630,0,9351.759896540874,0,0,0,27.508112788589337,79.59701281706798,5.379895224178442,100,44,
44,CA-31,Gil Cisneros,Eric Ching,TRUE,FALSE,CA,31,"CISNEROS, GILBERT","CHING, ERIC J",240263.63,81321.33,321584.96,74.7123341837877,25.2876658162123,California,CA-31,22.188528032828724,52.5940841577692,18.365476786177208,0.37941130959199215,4.441403259159226,19.50824216834069,10.53708290876598,7.053776773018278,7.924603306955204,-6.26129612947058,1,0,0,0,0,0,Pacific,2026,0,0,06,0631,1,5581.9328791899725,0,0,0,14.185899436425784,65.14676612498323,5.219734304688507,99.665,45,
45,CA-32,Brad Sherman,Larry Thompson,TRUE,FALSE,CA,32,"SHERMAN, BRAD","THOMPSON, LARRY",1435452.56,6864,1442316.56,99.52409892596673,0.47590107403328985,California,CA-32,58.917295143710234,20.781398894606443,12.213237496256363,0.17479375969942007,4.4362765117482095,36.08422426946733,14.874682604991712,13.631644722852135,13.94240419338703,-6.26129612947058,1,0,0,0,0,0,Pacific,2026,0,0,06,0632,0,9905.046267025611,0,0,0,20.20370032285761,72.35040500067669,5.1369615829181585,99.995,46,
46,CA-33,Pete Aguilar,Stephanie M. Vargas,TRUE,FALSE,CA,33,"AGUILAR, PETE","HERMAN, THOMAS",1908333.45,0,1908333.45,100,0,California,CA-33,22.988121550423873,55.3795630502087,7.610062630305714,0.24504786058385317,11.438073710730714,13.76265777414336,10.957281555491804,5.812216411664053,7.098482697620991,-6.26129612947058,1,0,0,0,0,0,Pacific,2026,0,0,06,0633,1,10000,0,0,0,13.35977882709157,64.69555245702442,5.201485292950512,99.645,47,
47,CA-35,Norma Torres,Mike Cargile,TRUE,FALSE,CA,35,"TORRES, NORMA","CARGILE, MIKE",268061.08,4759,272820.08,98.25562693185928,1.744373068140732,California,CA-35,22.901223099867092,53.934804755206486,13.475330784102765,0.22702170793003976,7.310425645286747,16.582292809161558,9.741851836785528,4.748667592563372,5.996963653618911,-6.26129612947058,1,0,0,0,0,0,Pacific,2026,0,0,06,0635,1,9654.168223772711,0,0,0,12.25825978308949,64.68708006492237,5.088165032487436,99.655,48,
48,CA-36,Ted Lieu,Houston Brignano,TRUE,FALSE,CA,36,"LIEU, TED","BRIGNANO, HOUSTON",963243.7,5139.13,968382.83,99.46930802149808,0.530691978501932,California,CA-36,59.42468503026296,14.729491221647258,16.56603299327348,0.15700674473289727,4.548095610186131,47.803231772344994,20.257632283372764,20.962460473063224,20.78625342564061,-6.26129612947058,1,0,0,0,0,0,Pacific,2026,0,0,06,0636,0,9894.143238275663,0,0,0,27.04754955511119,80.25987069174161,5.244036282046686,100,49,
49,CA-38,Hilda Solis,Pedro Antonio Casas,FALSE,FALSE,CA,38,"SOLIS, HILDA",no_match,858285.17,0,858285.17,100,0,California,CA-38,17.540520960608976,52.90204686266665,26.2616913378675,0.238097812570959,1.569153249786447,18.788430396489257,11.980308790449747,7.148493437297958,8.356447275585905,-6.26129612947058,0,0,0,0,0,0,Pacific,2026,0,0,06,0638,1,10000,0,0,0,14.617743405056485,66.62962708021044,5.651572390907171,99.75,50,
50,CA-39,Mark Takano,Steve Manos,TRUE,FALSE,CA,39,"TAKANO, MARK",no_match,477989.83,0,477989.83,100,0,California,CA-39,24.692528530123926,55.91066520908469,6.9261026369292695,0.1908478836113977,10.043625292452926,11.444432050079069,11.040453779830628,5.674452524018342,7.015952837971414,-6.26129612947058,1,0,0,0,0,0,Pacific,2026,0,0,06,0639,1,10000,0,0,0,13.277248967441993,65.42641117720632,5.203988318506504,99.715,51,
51,CA-41,Linda Sanchez,Mitch Clemmons,TRUE,FALSE,CA,41,"SANCHEZ, LINDA","CLEMMONS, MITCHELL",343262.38,1209,344471.38,99.64902744605372,0.3509725539462814,California,CA-41,27.151763301110904,55.586446876342336,11.074768380773731,0.1483702912629011,4.140969510200704,19.064887386346378,10.913193928152523,8.05641205806598,8.770607525587616,-6.26129612947058,1,0,0,0,0,0,Pacific,2026,0,0,06,0641,1,9929.928670944368,0,0,0,15.031903655058196,67.44546659042544,5.2700433943917915,99.86500000000001,52,
52,CA-42,Robert Garcia,Brian Burley,TRUE,FALSE,CA,42,"GARCIA, ROBERT","BURLEY, BRIAN J MR.",1958611.91,44856.86,2003468.77,97.76104021826104,2.2389597817389486,California,CA-42,53.40661714760696,24.873898499964294,12.176781944645333,0.3183891231391447,5.8271251421216546,31.60208084123849,7.837573176484014,7.534949812494823,7.61060565349212,-6.26129612947058,1,0,0,0,0,0,Pacific,2026,0,0,06,0642,0,9557.220984556454,0,0,0,13.871901782962698,66.79721889893946,5.32558503742171,99.835,53,
53,CA-43,Maxine Waters,Cristian Morales,TRUE,FALSE,CA,43,"WATERS, MAXINE MS",no_match,338656.57,0,338656.57,100,0,California,CA-43,10.021316013975124,47.23856501616716,10.24563393639599,0.22176093055907464,29.830099513474185,13.785604547960752,30.340470164124476,26.046968179517073,27.12034367566892,-6.26129612947058,1,0,0,0,0,0,Pacific,2026,0.11943296826671962,0,06,0643,1,10000,0,0,0,33.3816398051395,81.76043205141312,5.214851030453277,100,54,
54,CA-44,Nanette Barragan,Genevieve Angel,TRUE,FALSE,CA,44,"BARRAGAN, NANETTE","ANGEL, GENEVIEVE",170768.62,10897.97,181666.59,94.00111489955307,5.998885100446922,California,CA-44,11.71588580669466,62.375612176453835,12.036560602023282,0.13759613352567696,11.790771181535012,11.70619397225054,24.89924334944252,18.911429840612065,20.40838321781968,-6.26129612947058,1,0,0,0,0,0,Pacific,2026,0,0,06,0644,1,8836.209602358978,0,0,0,26.66967934729026,77.50913244868644,5.29785037141783,100,55,
55,CA-45,Derek Tran,Chuong V. Vo,TRUE,FALSE,CA,45,"TRAN, DEREK","VO, CHUONG",3582677.71,468762.84,4051440.55,88.42972433595256,11.570275664047449,California,CA-45,25.605315948860767,28.3476705198912,40.95560509282829,0.17484538759084556,2.568929041575475,23.23408870936347,2.8874444530368564,2.7860171233674507,2.811373955784802,-6.26129612947058,1,0,0,0,0,0,Pacific,2026,0,0,06,0645,2,7819.81614613256,0,0,0,9.072670085255382,64.4278781381988,5.392727280651375,99.52499999999999,56,
56,CA-46,Lou Correa,David Pan,TRUE,FALSE,CA,46,"CORREA, LOU","PAN, DAVID",417355.23,70667,488022.23,85.51971700141611,14.480282998583895,California,CA-46,25.47634329932538,52.42918250737239,17.604167134219963,0.1961479592981763,2.147079549892051,15.443471495577048,12.166556948447855,9.098020020114475,9.86515425219782,-6.26129612947058,1,0,0,0,0,0,Pacific,2026,0,0,06,0646,1,7313.6219960023,0,0,0,16.1264503816684,67.89896951532201,5.115448203719621,99.91,57,
57,CA-47,Dave Min,Jenny Rae Le Roux,TRUE,FALSE,CA,47,"MIN, DAVE","LE ROUX, JENNY RAE",2584623.86,224597.42,2809221.28,92.00499364008805,7.995006359911955,California,CA-47,54.032808305097525,15.636615259128398,24.183126549909257,0.14419108991841412,2.1131919384423883,41.81402246413917,5.959473820771763,5.986406946248756,5.979673664879508,-6.26129612947058,1,0,0,0,0,0,Pacific,2026,0,0,06,0647,0,8464.918854712641,0,0,0,12.240969794350088,67.49317730375897,5.401951074583856,99.895,58,
58,CA-48,Marni von Wilpert,Jim Desmond,FALSE,FALSE,CA,48,"VON WILPERT, MARNI","DESMOND, JIM",1684545.71,2024358.38,3708904.09,45.41896121126173,54.58103878873827,California,CA-48,50.453173940679584,32.59903966181392,8.035174109159971,0.5462210615795802,4.767994853690103,20.572494462773612,1.4455367328582795,2.510842060572884,2.2445157286442328,-6.26129612947058,0,0,48,1.0144483114,46,1.0144483114,Pacific,2026,0,0,06,0648,0,2062.8820375100977,1.0144483114,1.0071982483106292,-2,8.505811858114813,57.782578809628625,5.650998925080382,91.985,59,
59,CA-49,Mike Levin,Armen Kurdian,TRUE,FALSE,CA,49,"LEVIN, MIKE","KURDIAN, ARMEN",2555546.84,42017.17,2597564.01,98.38243947643856,1.617560523561458,California,CA-49,63.83467712975668,17.967748885839676,11.61788553349285,0.20846799647702313,2.5250520697488934,36.44286801463964,5.4846144325145545,6.989986144328377,6.613643216374921,-6.26129612947058,1,0,0,0,0,0,Pacific,2026,0,0,06,0649,0,9679.104397335097,0,0,0,12.874939345845501,67.94518236896073,5.266443129049154,99.91,60,
60,CA-50,Scott Peters,Steve Cohen,TRUE,FALSE,CA,50,"PETERS, SCOTT",no_match,335980.15,0,335980.15,100,0,California,CA-50,62.16304659058372,16.197417305582086,14.21139963825916,0.2084367069134472,3.118191793782824,38.80571734181216,8.548877042696013,10.16587077554805,9.76162234233504,-6.26129612947058,1,0,0,0,0,0,Pacific,2026,0,0,06,0650,0,10000,0,0,0,16.022918471805617,70.83749466982471,5.214804396476996,99.98,61,
61,CA-51,Sara Jacobs,Ricardo Cabrera,TRUE,FALSE,CA,51,"JACOBS, SARA",no_match,414676.44,0,414676.44,100,0,California,CA-51,57.02255282080467,23.46931828298998,8.530409386330746,0.23601992203661448,6.6600562467595275,27.436758159028543,9.411797040193171,10.143561486511778,9.960620374932128,-6.26129612947058,1,0,0,0,0,0,Pacific,2026,0,0,06,0651,0,10000,0,0,0,16.221916504402706,71.8259240041533,5.271348119586019,99.995,62,
62,CA-52,Juan Vargas,Jeff Belle,TRUE,FALSE,CA,52,"VARGAS, JUAN C.","BELLE, JEFFERY MR",136002.51,18498.1,154500.61000000002,88.02716701247975,11.972832987520242,California,CA-52,21.885430356642825,52.59771449360969,14.326621795906854,0.2015300751956538,7.984351782396573,15.527301746876509,14.705925880215185,9.777881337371632,11.00989247308252,-6.26129612947058,1,0,0,0,0,0,Pacific,2026,0,0,06,0652,1,7748.782132243004,0,0,0,17.2711886025531,68.95158897518056,5.214662665227094,99.945,63,
63,CO-01,Melat Kiros,Christy Peterson,FALSE,FALSE,CO,1,"KIROS, MELAT","PETERSON, CHRISTY",1042236.67,1906.95,1044143.62,99.81736707829523,0.1826329217047747,Colorado,CO-01,64.39717331681855,20.208130584800497,3.261670942817541,0.322554484060279,8.513963844407089,54.25,29.08937987530832,29.556422150568515,29.439661581753462,-6.26129612947058,0,0,0,0,0,0,Mountain,2026,0,0,08,0801,0,9963.506770443137,0,0,0,35.70095771122404,87.65382602965039,5.701184704303945,100,64,
64,CO-02,Joe Neguse,Kelley Dennison,TRUE,FALSE,CO,2,"NEGUSE, JOSEPH",no_match,1556318.19,0,1556318.19,100,0,Colorado,CO-02,83.40108508527558,10.499318958332232,2.528400230479302,0.2664256149198344,0.8697598116695124,57.84,18.18460078497123,21.20911049693357,20.452983068942984,-6.26129612947058,1,0,0,0,0,0,Mountain,2026,0,0,08,0802,3,10000,0,0,0,26.714279198413564,80.10857996346073,5.256571395601578,100,65,
65,CO-03,Dwayne Romero,Jeff Hurd,FALSE,TRUE,CO,3,"ROMERO, DWAYNE","HURD, JEFFREY",354146.68,1900425.04,2254571.72,15.707935873514812,84.29206412648517,Colorado,CO-03,73.99307636571817,21.07915664051668,0.6989829234911575,1.0981206000483044,0.9009669830308342,31.59,-6.495568580958498,-4.238270899702165,-4.802595320016248,-6.26129612947058,0,1,45,0.7,46,0.7,Mountain,2026,0,0,08,0803,0,246.73924940645352,0.7,0.8366600265340756,1,1.4587008094543314,49.6218754193741,5.632707224540657,46.61,66,
66,CO-04,Eileen Laubacher,Lauren Boebert,FALSE,TRUE,CO,4,"LAUBACHER, EILEEN","BOEBERT, LAUREN",10327015.55,797123.63,11124139.180000002,92.83428931352152,7.165710686478483,Colorado,CO-04,80.8414188292897,11.788527283381203,2.7885524475775867,0.2944210976622461,1.8705985124365052,46.19,-11.783262179516832,-8.606634241964052,-9.400791226352249,-6.26129612947058,0,1,0,0,0,0,Mountain,2026,0,0.6872892787909722,08,0804,3,8618.205272346617,0,0,0,-3.139495096881669,54.5674939764859,5.615328893099102,79.975,67,
67,CO-05,Jessica Killin,Jeff Crank,FALSE,TRUE,CO,5,"KILLIN, JESSICA WILLOW","CRANK, JEFF",2221080.26,893034.34,3114114.5999999996,71.32300975693059,28.67699024306941,Colorado,CO-05,72.22744965431563,14.91882573905884,2.8606713738059097,0.2692331724672785,5.765449205899974,40.29,-7.518044908239588,-3.918467809732362,-4.818362084359169,-6.26129612947058,0,1,44,0.8617914834240615,45,0.8617914834240615,Mountain,2026,0,0,08,0805,0,5086.971720787216,0.8617914834240615,0.9283272501785464,1,1.4429340451114108,53.361091412691906,5.6582181764389246,72.855,68,
68,CO-06,Jason Crow,Mel Tewahade,TRUE,FALSE,CO,6,"CROW, JASON","TEWAHADE, BEMELEKOT W",2852189.98,9765.07,2861955.05,99.65879722674192,0.34120277325809156,Colorado,CO-06,66.45162056603512,15.349501052135649,4.93207143040959,0.2739709757048715,9.553352086356286,43.89,9.948397297397328,10.930194390616826,10.684745117311952,-6.26129612947058,1,0,0,0,0,0,Mountain,2026,0,0,08,0806,0,9931.875864680864,0,0,0,16.94604124678253,72.19841427322149,5.24415064814369,99.995,69,
69,CO-07,Brittany Pettersen,Tim Bennett,TRUE,FALSE,CO,7,"PETTERSEN, BRITTANY LOUISE","BENNETT, TIMOTHY",837257.59,25165.4,862422.99,97.08201192549376,2.9179880745062237,Colorado,CO-07,80.87027300602293,12.626419859157624,2.4924822033883567,0.311147209675652,1.2466759077445917,46.68,5.018386333394396,8.457494388603685,7.597717374801363,-6.26129612947058,1,0,0,0,0,0,Mountain,2026,0,0,08,0807,3,9424.917039501712,0,0,0,13.859013504271942,69.5871558353617,5.287481639609375,99.96000000000001,70,
70,CO-08,Manny Rutinel,Gabe Evans,FALSE,TRUE,CO,8,"RUTINEL, MANNY","EVANS, TIMOTHY GABRIEL JOSEPH",4220418.5,2098932.57,6319351.07,66.78563120247725,33.214368797522745,Colorado,CO-08,61.98501428153212,30.66810668818787,2.7977560983328984,0.3467524349814458,1.8981382578904475,27.96,0.077259715783164,-0.1899701804292917,-0.12316270637617778,-6.26129612947058,0,1,0,0,0,0,Mountain,2026,0,0,08,0808,0,4460.320535113303,0,0,0,6.138133423094402,56.336943331589055,5.672197279950563,87.41,71,
71,CT-01,John Larson,TBDCT-01,TRUE,FALSE,CT,1,"LARSON, JOHN B",no_match,1477613.64,0,1477613.64,100,0,Connecticut,CT-01,64.40137564038754,15.736225820575475,3.759622185382137,0.0376093196268257,13.83255806991217,38.440000000000005,11.982017220107087,12.384450004840936,12.283841808657474,-6.26129612947058,1,0,0,0,0,0,New England,2026,0,0,09,0901,0,10000,0,0,0,18.545137938128054,72.0964725123197,5.217250587977323,99.99,72,
72,CT-02,Joe Courtney,TBDCT-02,TRUE,FALSE,CT,2,"COURTNEY, JOSEPH",no_match,323038.81,0,323038.81,100,0,Connecticut,CT-02,83.8649026544923,7.447090227316061,2.7738349963632256,0.202494191753349,3.363839868934884,38.45,3.56969532683388,4.678290573163956,4.401141761581437,-6.26129612947058,1,0,0,0,0,0,New England,2026,0,0,09,0902,3,10000,0,0,0,10.662437891052017,70.78584028805395,5.209115341988715,99.985,73,
73,CT-03,Rosa DeLauro,Christopher Lancia,TRUE,FALSE,CT,3,"DELAURO, ROSA L","LANCIA, CHRISTOPHER JOHN MR.",518586.55,13648.55,532235.1,97.43561632819782,2.564383671802179,Connecticut,CT-03,68.19044643923594,13.507290585176271,3.1931568647267983,0.0707466992530251,13.02915315282206,39.36,7.71451615207922,7.916112610624609,7.865713495988261,-6.26129612947058,1,0,0,0,0,0,New England,2026,0,0,09,0903,0,9493.69932925577,0,0,0,14.12700962545884,69.40145157760674,5.21113036271622,99.95,74,
74,CT-04,Jim Himes,TBDCT-04,TRUE,FALSE,CT,4,"HIMES, JIM",no_match,416581.56,0,416581.56,100,0,Connecticut,CT-04,65.71202279714056,16.4993488280947,4.838472624243191,0.1055347570659296,11.230367881507126,53.010000000000005,13.441533683571857,12.614760845623252,12.821454055110404,-6.26129612947058,1,0,0,0,0,0,New England,2026,0,0,09,0904,0,10000,0,0,0,19.082750184580984,72.73057719301983,5.225507395367676,99.99,75,
75,CT-05,Jahana Hayes,TBDCT-05,TRUE,FALSE,CT,5,"HAYES, JAHANA",no_match,610502.93,0,610502.93,100,0,Connecticut,CT-05,70.17940953822861,16.079863739591218,3.236373959121877,0.0537471612414837,8.237320211960636,37.940000000000005,3.1856353220412785,3.58766924852516,3.4871607669041897,-6.26129612947058,1,0,0,0,0,0,New England,2026,0,0,09,0905,0,10000,0,0,0,9.748456896374769,65.0577125830316,5.285768422388423,99.67,76,
76,DE-AL,Sarah McBride,TBDDE-AL,TRUE,FALSE,DE,0,"MCBRIDE, SARAH ELIZABETH",no_match,4017847.45,0,4017847.45,100,0,Delaware,DE-00,66.18528125384432,6.8483236794509725,3.0071429132302248,0.148276304321083,21.10784516446499,34.46,7.356909240777995,8.229289509930439,8.011194442642328,-6.26129612947058,1,0,0,0,0,0,South Atlantic,2026,0,0,10,1000,0,10000,0,0,0,14.272490572112908,68.85839304497881,5.4461984004636195,99.925,77,
77,FL-01,TBDFL-01,Jimmy Patronis,FALSE,TRUE,FL,1,no_match,"PATRONIS, JIMMY JR.",0,2927247.32,2927247.32,0,100,Florida,FL-01,75.14793293484956,5.955611794675413,2.39073608498027,0.1773197249463046,12.343617322388903,21.077253663335576,-18.708100263541567,-18.015602692372234,-18.188727085164565,-6.26129612947058,0,1,0,0,0,0,South Atlantic,2026,0,0,12,1201,3,0,0,0,0,-11.927430955693985,36.69701933620939,5.642747036121789,1.105,78,
78,FL-02,TBDFL-02,TBDFL-02,FALSE,FALSE,FL,2,no_match,no_match,0,0,0,0,0,Florida,FL-02,67.5089378575143,5.594773790951638,1.5842758710348417,0.22425897035881437,22.461160946437857,20.039556931423903,-7.8216439323285485,-8.414076139423194,-8.265968087649533,-6.26129612947058,0,0,0,0,0,0,South Atlantic,2026,0,0,12,1202,0,0,0,0,0,-2.004671958178953,47.421564293203005,5.641260860507507,31.355,79,
79,FL-03,Seth Harp,Kat Cammack,FALSE,TRUE,FL,3,"HARP, SETH ALLAN","CAMMACK, KAT",30764.99,827025.31,857790.3,3.5865397405403163,96.41346025945968,Florida,FL-03,69.86636621831109,10.31713574004536,2.3015335474620575,0.11573943109866788,14.824346015637754,18.909752624768156,-9.38975836091054,-9.881589486442977,-9.758631705059868,-6.26129612947058,0,1,0,0,0,0,South Atlantic,2026,0,0,12,1203,0,12.863267310474999,0,0,0,-3.497335575589288,45.28041411489699,5.605146289569704,19.245,80,
80,FL-04,TBDFL-04,Aaron Bean,FALSE,TRUE,FL,4,no_match,"BEAN, AARON P.",0,852743.83,852743.83,0,100,Florida,FL-04,57.67429085602785,7.827628390697298,2.3475808055107152,0.10565124641510323,29.423113864072175,17.197806595188244,-5.662199666401939,-5.231817399256471,-5.339412966042838,-6.26129612947058,0,1,0,0,0,0,South Atlantic,2026,0,0,12,1204,0,0,0,0,0,0.9218831634277418,48.59941522507994,5.635688445565219,39.565,81,
81,FL-05,Rachel Grage,John Rutherford,FALSE,TRUE,FL,5,"GRAGE, RACHEL","RUTHERFORD, JOHN",246786.89,273968.27,520755.16,47.39019580718124,52.60980419281876,Florida,FL-05,70.55129609346477,10.136413422284178,4.787414119287066,0.05924524544458826,11.710312323674865,30.47991778176873,-10.2612325286387,-10.09570333756824,-10.137085635335854,-6.26129612947058,0,1,0,0,0,0,South Atlantic,2026,0,0.6065306597126334,12,1205,0,2245.8306586429785,0,0,0,-3.8757895058652743,47.37641952245249,5.586709787900143,31.06,82,
82,FL-06,TBDFL-06,Randy Fine,FALSE,TRUE,FL,6,no_match,"FINE, RANDY",0,2439869.69,2439869.69,0,100,Florida,FL-06,76.33437668745638,9.935743208012218,1.3561540615769758,0.12470737862305106,10.258651767796716,17.672785844199883,-14.21351453849573,-14.403239670540785,-14.35580838752952,-6.26129612947058,0,1,0,0,0,0,South Atlantic,2026,0,0,12,1206,3,0,0,0,0,-8.09451225805894,40.09994448219843,5.672709516955716,4.105,83,
83,FL-07,TBDFL-07,Cory Mills,FALSE,TRUE,FL,7,no_match,"MILLS, CORY",0,697565.01,697565.01,0,100,Florida,FL-07,66.55836182005244,19.398791941853904,2.991603332116425,0.1236268295111347,9.057449138760743,25.552545069822106,-5.072419445577125,-5.558665715859732,-5.43710414828908,-6.26129612947058,0,1,0,0,0,0,South Atlantic,2026,0,0.8824969025845955,12,1207,0,0,0,0,0,0.8241919811814995,51.46433235349098,5.615380644255841,60.62499999999999,84,
84,FL-08,TBDFL-08,Mike Haridopolos,FALSE,TRUE,FL,8,no_match,"HARIDOPOLOS, MIKE",0,857145.1,857145.1,0,100,Florida,FL-08,70.8655457468389,14.265508863926105,2.905251004257571,0.1068000865946648,9.293211138639665,24.600153804455665,-7.71526849449409,-7.447581905460716,-7.514503552719059,-6.26129612947058,0,1,0,0,0,0,South Atlantic,2026,0,0,12,1208,0,0,0,0,0,-1.2532074232484796,46.70658737608727,5.640290924903405,27.084999999999997,85,
85,FL-09,Darren Soto,TBDFL-09,TRUE,FALSE,FL,9,"SOTO, DARREN",no_match,663585.66,0,663585.66,100,0,Florida,FL-09,52.7410936832973,33.90614456669926,2.6491730586501783,0.1953743613754355,8.760517509674044,20.04471949864067,-5.695149438609235,-8.216486898129524,-7.586152533249452,-6.26129612947058,1,0,0,0,0,0,South Atlantic,2026,0,0,12,1209,0,10000,0,0,0,-1.3248564037788721,54.511702999437176,5.249822682426577,81.255,86,
86,FL-11,TBDFL-11,TBDFL-11,FALSE,FALSE,FL,11,no_match,no_match,0,0,0,0,0,Florida,FL-11,65.7553320993213,17.95154001367419,3.9708506345156502,0.09171711107775944,10.48209848750146,26.473737346900823,-7.1073838358771155,-7.169701841378689,-7.154122340003296,-6.26129612947058,0,0,0,0,0,0,South Atlantic,2026,0,0,12,1211,0,0,0,0,0,-0.892826210532716,48.390555178989345,5.667517027154254,38.285000000000004,87,
87,FL-12,TBDFL-12,Gus Bilirakis,FALSE,TRUE,FL,12,no_match,"BILIRAKIS, GUS M",0,609406.79,609406.79,0,100,Florida,FL-12,63.254284200994384,22.547113396777664,3.009448307676536,0.10558868253344496,8.932153291530694,23.213563659628917,-5.232129297601503,-7.02645127649393,-6.577870781770823,-6.26129612947058,0,1,0,0,0,0,South Atlantic,2026,0,0,12,1212,0,0,0,0,0,-0.3165746523002433,47.22332131031915,5.584170522374041,30.035,88,
88,FL-13,TBDFL-13,Anna Paulina Luna,FALSE,TRUE,FL,13,no_match,"PAULINA LUNA, ANNA",0,1673657.08,1673657.08,0,100,Florida,FL-13,78.99128190244875,9.663679565732703,3.4021171827752315,0.08933739540147513,5.887674844308105,25.37813967761902,-6.207063030555318,-5.977577479026763,-6.034948866908902,-6.26129612947058,0,1,0,0,0,0,South Atlantic,2026,0,0,12,1213,3,0,0,0,0,0.2263472625616778,48.96554149383951,5.573517371865629,41.995,89,
89,FL-14,Kathy Castor,TBDFL-14,TRUE,FALSE,FL,14,"CASTOR, KATHY",no_match,1147929.37,0,1147929.37,100,0,Florida,FL-14,58.81961513203162,22.37334666511052,2.9078487354263527,0.06497499420799314,13.311338223587144,25.392426637523336,-3.710408847011905,-4.560583564427361,-4.348039885073497,-6.26129612947058,1,0,0,0,0,0,South Atlantic,2026,0,0,12,1214,0,10000,0,0,0,1.9132562443970826,57.6209860046335,5.251544992815947,93.03,90,
90,FL-15,TBDFL-15,Laurel Lee,FALSE,TRUE,FL,15,no_match,"LEE, LAUREL",0,438887,438887,0,100,Florida,FL-15,66.06972263412342,15.886377453045942,2.959738041551808,0.16082910620832516,12.457179250472034,18.7523983757976,-7.638192706841856,-9.297211252852776,-8.882456616350046,-6.26129612947058,0,1,0,0,0,0,South Atlantic,2026,0,0,12,1215,0,0,0,0,0,-2.6211604868794662,45.215377366878826,5.5914713557577445,18.995,91,
91,FL-16,TBDFL-16,TBDFL-16,FALSE,FALSE,FL,16,no_match,no_match,0,0,0,0,0,Florida,FL-16,74.6154187944129,10.92347095844587,2.0237524715709827,0.0901349803067763,10.349812589063834,25.31616526148773,-5.041718213331137,-6.155518467198327,-5.8770684037315295,-6.26129612947058,0,0,0,0,0,0,South Atlantic,2026,0,0,12,1216,3,0,0,0,0,0.3842277257390503,49.407785821951975,5.65339406249171,45.235,92,
92,FL-17,TBDFL-17,Greg Steube,FALSE,TRUE,FL,17,no_match,"STEUBE, GREG",0,452689.37,452689.37,0,100,Florida,FL-17,81.21528518309023,9.28340272433074,1.569565633992625,0.10060921895718776,6.31798076833916,24.987648632390023,-9.268099882967974,-10.37018438337725,-10.094663258274933,-6.26129612947058,0,1,0,0,0,0,South Atlantic,2026,0,0,12,1217,3,0,0,0,0,-3.833367128804353,44.341158272577154,5.612813500817863,15.17,93,
93,FL-18,TBDFL-18,Scott Franklin,FALSE,TRUE,FL,18,no_match,"FRANKLIN, SCOTT MR.",0,363367.81,363367.81,0,100,Florida,FL-18,57.059644459212485,25.17278617710583,1.752948994849643,0.09918591128094369,13.974912776208672,15.453333588463035,-7.385520145191002,-7.802404090926864,-7.698183104492898,-6.26129612947058,0,1,0,0,0,0,South Atlantic,2026,0,0,12,1218,0,0,0,0,0,-1.4368869750223183,46.785929996092634,5.584382518118038,27.525,94,
94,FL-19,TBDFL-19,TBDFL-19,FALSE,FALSE,FL,19,no_match,no_match,0,0,0,0,0,Florida,FL-19,76.9771202199046,15.925620502870078,1.5126525992400357,0.0658096855040828,4.247877758913413,27.339657096087993,-13.363540354071787,-14.457689026643926,-14.184151858500892,-6.26129612947058,0,0,0,0,0,0,South Atlantic,2026,0,0,12,1219,3,0,0,0,0,-7.922855729030312,42.05840090312424,5.662825559857234,8.094999999999999,95,
95,FL-20,Debbie Wasserman Schultz,TBDFL-20,TRUE,FALSE,FL,20,"WASSERMAN SCHULTZ, DEBBIE",no_match,2430060.01,0,2430060.01,100,0,Florida,FL-20,31.980516659877484,22.258538440599175,2.952617953168166,0.087841059807213,40.43121272787998,19.986390273859957,22.03547547974734,19.500753556216033,20.13443403709886,-6.26129612947058,1,0,0,0,0,0,South Atlantic,2026,0,0,12,1220,4,10000,0,0,0,26.39573016656944,76.95589626807141,5.251661581530567,100,96,
96,FL-21,TBDFL-21,Brian Mast,FALSE,TRUE,FL,21,no_match,"MAST, BRIAN",0,2995030.97,2995030.97,0,100,Florida,FL-21,70.01205486272852,13.953994974956675,1.9887247724153296,0.09909228193965362,12.159523832922222,26.176379739735392,-6.71289417108521,-7.430051017046488,-7.250761805556168,-6.26129612947058,0,1,0,0,0,0,South Atlantic,2026,0,0,12,1221,0,0,0,0,0,-0.9894656760855884,46.67641457798225,5.56197772441625,26.6,97,
97,FL-22,TBDFL-22,TBDFL-22,FALSE,FALSE,FL,22,no_match,no_match,0,0,0,0,0,Florida,FL-22,53.93120462315747,26.98494056771863,3.7039331759987832,0.1992028132468932,13.186062186574745,27.190634418537613,-0.817399741642447,-4.551960254962147,-3.618320126632222,-6.26129612947058,0,0,0,0,0,0,South Atlantic,2026,0,0,12,1222,0,0,0,0,0,2.642976002838358,51.53033384711179,5.6405803805639225,60.91,98,
98,FL-23,Lois Frankel,TBDFL-23,TRUE,FALSE,FL,23,"FRANKEL, LOIS J.",no_match,1613481.38,0,1613481.38,100,0,Florida,FL-23,52.60574363763717,20.624795703945832,2.422974550548681,0.08405323371468597,22.563436843334113,22.98717947059531,11.144840170440418,7.719602850321266,8.575912180351054,-6.26129612947058,1,0,0,0,0,0,South Atlantic,2026,0,0,12,1223,0,10000,0,0,0,14.837208309821634,69.41736361244321,5.245346489992125,99.965,99,
99,FL-24,TBDFL-24,TBDFL-24,FALSE,FALSE,FL,24,no_match,no_match,0,0,0,0,0,Florida,FL-24,13.035464896989716,36.19437903299795,1.4381683435782948,0.10173603677992192,47.88138271302894,15.28395833228341,26.182139955451795,20.28829859545801,21.761758935456456,-6.26129612947058,0,0,0,0,0,0,South Atlantic,2026,0,0,12,1224,4,0,0,0,0,28.023055064927036,73.37895327386227,5.653375632548314,99.995,100,
100,FL-25,Jared Moskowitz,TBDFL-25,TRUE,FALSE,FL,25,"MOSKOWITZ, JARED",no_match,1935774.96,0,1935774.96,100,0,Florida,FL-25,63.39877440066181,25.745225137269735,2.3371721037343702,0.11998874639707705,6.80675290702549,36.740388356993066,0.2784442236769422,-3.858568405062144,-2.8243152478773723,-6.26129612947058,1,0,0,0,0,0,South Atlantic,2026,0,0,12,1225,0,10000,0,0,0,3.4369808815932075,56.65123367163385,5.293013113826585,90.05,101,
101,FL-26,TBDFL-26,Mario Diaz-Balart,FALSE,TRUE,FL,26,no_match,"DIAZ-BALART, MARIO",0,1092297.28,1092297.28,0,100,Florida,FL-26,15.821256550269212,69.73976844771857,2.813491542368645,0.09785689170927608,10.407991222533347,23.202844636073245,-2.8554345694920684,-8.50183679441188,-7.090236238181927,-6.26129612947058,0,1,0,0,0,0,South Atlantic,2026,0,0,12,1226,1,0,0,0,0,-0.8289401087113468,43.3638800484592,5.591241592752315,11.145,102,
102,FL-27,TBDFL-27,Maria Elvira Salazar,FALSE,TRUE,FL,27,no_match,"SALAZAR, MARIA ELVIRA",0,539868.05,539868.05,0,100,Florida,FL-27,20.069855707194463,70.56014862201,2.0160222596766126,0.10591840080027236,5.950554600515302,30.56907875116805,-2.387444997691709,-6.598333151200897,-5.5456111128236,-6.26129612947058,0,1,0,0,0,0,South Atlantic,2026,0,0,12,1227,1,0,0,0,0,0.7156850166469795,45.647312434832436,5.581680420045365,20.94,103,
103,FL-28,TBDFL-28,Carlos Gimenez,FALSE,TRUE,FL,28,no_match,"GIMENEZ, CARLOS",0,190544.8,190544.8,0,100,Florida,FL-28,18.635530949547302,69.30574228952318,1.513459062272788,0.09789147450556682,9.397987741225307,20.30065142014307,-5.584879437119767,-12.062606340412607,-10.443174614589395,-6.26129612947058,0,1,0,0,0,0,South Atlantic,2026,0,0,12,1228,1,0,0,0,0,-4.1818784851188155,39.268009882500834,5.611025219372875,2.935,104,
104,GA-01,Amanda Hollowell,Jim Kingston,FALSE,FALSE,GA,1,"HOLLOWELL, AMANDA","KINGSTON, JAMES MORRIS",128987.47,1742078.39,1871065.86,6.893796351989449,93.10620364801056,Georgia,GA-01,61.63590796732024,5.596391923998642,1.5640481488211355,0.115709392859959,28.43074064296709,27.43,-9.067095124362735,-7.196352480949663,-7.664038141802932,-6.26129612947058,0,0,0,0,0,0,South Atlantic,2026,0,0,13,1301,0,47.52442814270304,0,0,0,-1.402742012332352,50.02002463110415,5.6838959171607595,49.730000000000004,105,
105,GA-02,Sanford Bishop,Matt Day,TRUE,FALSE,GA,2,"BISHOP, SANFORD","DAY, MATT",377718.14,10762.5,388480.64,97.22959167283084,2.770408327169148,Georgia,GA-02,43.0879228834989,3.649946978858929,1.2618676918602796,0.1301589215606303,49.646939492061016,20.82,2.9517243236498203,4.575307557517526,4.1694117490505995,-6.26129612947058,1,0,0,0,0,0,South Atlantic,2026,0.4723665527410147,0,13,1302,4,9453.593496865415,0,0,0,10.43070787852118,65.15834557911813,5.22459684756455,99.715,106,
106,GA-03,Maura Keller,Brian Jack,FALSE,TRUE,GA,3,"KELLER, MAURA","JACK, BRIAN",141513.84,879476.19,1020990.03,13.860452682383196,86.1395473176168,Georgia,GA-03,68.26462310138247,4.436796577062599,1.2932474842994794,0.1004213217030629,23.49359404982138,27.91,-17.492135633478476,-14.188107359402627,-15.014114427921587,-6.26129612947058,0,1,0,0,0,0,South Atlantic,2026,0,0,13,1303,0,192.11214856058353,0,0,0,-8.752818298451007,42.185183952474944,5.1880630699378845,6.47,107,
107,GA-04,Hank Johnson,James Duffie,TRUE,FALSE,GA,4,"JOHNSON, HENRY C. 'HANK'",no_match,77702.5,0,77702.5,100,0,Georgia,GA-04,25.982059188821648,8.139225248042996,7.68999351561436,0.1323302524031865,55.83665852899984,38.62,26.915293396900505,27.269315144161304,27.180809707346103,-6.26129612947058,1,0,0,0,0,0,South Atlantic,2026,0,0,13,1304,4,10000,0,0,0,33.44210583681668,87.3498280052496,5.241730074483537,100,108,
108,GA-05,Nikema Williams,John Oscar Salvesen,TRUE,FALSE,GA,5,"WILLIAMS, NIKEMA N.",no_match,180134.96,0,180134.96,100,0,Georgia,GA-05,35.83892285663336,6.166984764833939,4.75805412200492,0.1235904072657034,50.10072618192155,47.74,34.53616965437207,36.9154203217797,36.32060765492779,-6.26129612947058,1,0,0,0,0,0,South Atlantic,2026,0,0,13,1305,4,10000,0,0,0,42.58190378439837,95.1743789569724,5.256411997214584,100,109,
109,GA-06,Lucy McBath,Kevin Martin,TRUE,FALSE,GA,6,"MCBATH, LUCIA KAY MS.","MARTIN, KEVIN EUGENE",533440.41,0,533440.41,100,0,Georgia,GA-06,34.33382759037951,7.526914734338343,2.6185991153942707,0.0516531724258749,52.92282907676275,46.6,22.751420946954063,25.922630358353796,25.12982800550386,-6.26129612947058,1,0,0,0,0,0,South Atlantic,2026,0,0,13,1306,4,10000,0,0,0,31.39112413497444,85.66433705558441,5.25454778782306,100,110,
110,GA-07,Tony Kozycki,Rich McCormick,FALSE,TRUE,GA,7,"KOZYCKI, ANTHONY LAWRENCE","MCCORMICK, RICHARD DEAN DR.",76129,382097.92,458226.92,16.61382094268927,83.38617905731073,Georgia,GA-07,73.21772387081307,7.194282332316959,8.487912137307932,0.0732313962286767,8.602160607127605,57.11000000000001,-12.141229430786405,-10.401401807066591,-10.836358712996544,-6.26129612947058,0,1,0,0,0,0,South Atlantic,2026,0,0,13,1307,0,276.0190463157406,0,0,0,-4.575062583525964,45.904606514753624,5.594844663513978,22.5,111,
111,GA-08,Kelly Esti,Austin Scott,FALSE,TRUE,GA,8,"ESTI, KELLY DR","SCOTT, JAMES AUSTIN",18342.58,386901.05,405243.63,4.5263092722765315,95.47369072772346,Georgia,GA-08,61.89424503296216,4.534152917146436,1.192857879204575,0.1109513334253559,30.30508995794333,22.44,-16.22344418034013,-14.610849871220118,-15.01399844850012,-6.26129612947058,0,1,0,0,0,0,South Atlantic,2026,0,0,13,1308,0,20.487475628296504,0,0,0,-8.75270231902954,40.92391197849719,5.590522827420609,5.27,112,
112,GA-09,Caitlyn Gegen,Andrew Clyde,FALSE,TRUE,GA,9,"GEGEN, CAITLYN","CLYDE, ANDREW",35206.42,552361.46,587567.88,5.991889822159782,94.0081101778402,Georgia,GA-09,70.13147127618744,9.6293386245302,5.459986530621112,0.068252094633249,12.434735066007198,31.41,-18.62375205667032,-16.41755761396604,-16.96910622464211,-6.26129612947058,0,1,0,0,0,0,South Atlantic,2026,0,0,13,1309,0,35.90274364090198,0,0,0,-10.707810095171531,39.72208157187002,5.578582036267166,3.3649999999999998,113,
113,GA-10,Pamela Delancy,Houston Gaines,FALSE,FALSE,GA,10,"DELANCY, PAMELA MRS","GAINES, HOUSTON",15480,2051172,2066652,0.74903757381504,99.25096242618496,Georgia,GA-10,65.2754027350364,5.079618560164216,1.852674012090069,0.1330211500252368,24.8719165005309,28.45,-13.023553133017316,-9.706876188884271,-10.536045424917532,-6.26129612947058,0,0,0,0,0,0,South Atlantic,2026,0,0,13,1310,0,0.5610572869867215,0,0,0,-4.274749295446952,47.431612225876,5.683107853149871,31.65,114,
114,GA-11,Chris Harden,John Cowan,FALSE,FALSE,GA,11,"HARDEN, CHRISTOPHER MATTHEW","COWAN, JOHN",74313.25,464917.88,539231.13,13.78133528752318,86.21866471247682,Georgia,GA-11,74.65671051435963,7.291972896745008,3.2729870773134064,0.0687737077758832,12.395302720124862,40.86,-13.42362593318706,-11.031807398159572,-11.629762031916444,-6.26129612947058,0,0,0,0,0,0,South Atlantic,2026,0,0,13,1311,0,189.92520230713163,0,0,0,-5.368465902445864,46.5730531884463,5.653845667214338,26.21,115,
115,GA-12,Ceretta Smith,Rick Allen,FALSE,TRUE,GA,12,"SMITH, CERETTA","ALLEN, RICHARD W",24942.73,481284.24,506226.97,4.927183156598709,95.0728168434013,Georgia,GA-12,55.14127580189378,4.050858600287061,1.4955374813703186,0.1445628865766476,36.60676485469709,23.36,-7.404612254425032,-6.365463571420385,-6.625250742171547,-6.26129612947058,0,1,0,0,0,0,South Atlantic,2026,0,0,13,1312,4,24.277133858670023,0,0,0,-0.36395461270096696,48.170459724776705,5.58441427870505,36.515,116,
116,GA-13,Jasmine Clark,Jonathan Chavez,FALSE,FALSE,GA,13,"CLARK, JASMINE",no_match,1562231.39,0,1562231.39,100,0,Georgia,GA-13,28.490657426554144,8.445760912088526,6.061402038040948,0.1171780398293559,54.02000782428883,30.75,18.233107810766025,22.112280825900942,21.142487572117215,-6.26129612947058,0,0,0,0,0,0,South Atlantic,2026,0,0,13,1313,4,10000,0,0,0,27.403783701587795,80.18900992831225,5.60969412492461,100,117,
117,GA-14,Shawn Harris,Clay Fuller,FALSE,TRUE,GA,14,"HARRIS, SHAWN","FULLER, CLAY",8084825.57,1080792.2,9165617.77,88.20819035747331,11.791809642526692,Georgia,GA-14,76.14037760448959,7.521266381579647,1.3383382993271993,0.0797157160419907,12.508813015273532,25.93,-21.29334836310028,-17.75812541904701,-18.641931155060327,-6.26129612947058,0,1,0,0,0,0,South Atlantic,2026,0,0,13,1314,3,7780.684846140248,0,0,0,-12.380635025589747,45.607477547999885,5.374972564343604,19.75,118,
118,HI-01,Ed Case,Adriel Lam,TRUE,FALSE,HI,1,"CASE, EDWARD",no_match,571198.02,0,571198.02,100,0,Hawaii,HI-01,17.292056284112377,7.0010084776943415,56.7761503604021,0.1021822389729922,2.2014934620524524,37.95,12.69507544268928,13.333221241876783,13.173684792079907,-6.26129612947058,1,0,0,0,0,0,Pacific,2026,0,0,15,1501,2,10000,0,0,0,19.434980921550487,78.23757016244112,5.25414379902142,100,119,
119,HI-02,Jill Tokuda,Brenton Awa,TRUE,FALSE,HI,2,"TOKUDA, JILL NAOMI","AWA, BRENTON",634721.65,103289.97,738011.62,86.00428947175655,13.995710528243444,Hawaii,HI-02,31.99030939739395,9.41531854837188,35.60183245974513,0.1475477265951947,1.7626481609364566,31.35,12.827531596155772,11.78152986855433,12.04303030045469,-6.26129612947058,1,0,0,0,0,0,Pacific,2026,0,0,15,1502,2,7396.737807541695,0,0,0,18.30432642992527,71.21287947546531,5.342623569748203,99.985,120,
120,IA-01,Christina Bohannan,Mariannette Miller-Meeks,FALSE,TRUE,IA,1,"BRIDGFORD, MICHAEL","MILLER-MEEKS, MARIANNETTE JANE",61852.37,2945343.16,3007195.5300000003,2.0568123816012722,97.94318761839872,Iowa,IA-01,88.49997855273881,4.361383051384339,1.5729091395028854,0.095522801738218,3.4617529341503093,31.49,-3.742128323579472,-3.545298221603744,-3.594505747097676,-6.26129612947058,0,1,43,1.118126371,39,1.118126371,West North Central,2026,0,0,19,1901,3,4.230477173108297,1.118126371,1.0574149474071188,-4,2.6667903823729038,52.434605474716825,5.080363051920838,69.25,121,
121,IA-02,Lindsay James,Joe Mitchell,FALSE,FALSE,IA,2,"JAMES, LINDSAY","MITCHELL, JOE",1410099.46,1397807.43,2807906.8899999997,50.218882435948586,49.78111756405143,Iowa,IA-02,91.25811031353244,2.5123727891517507,1.129307256491568,0.2137872012949964,3.0926997226903024,28.32,-4.509952604992641,-4.313744874435365,-4.362796807074684,-6.26129612947058,0,0,45.99205293320115,1.8656554576240616,44.99046351984138,1.8656554576240616,West North Central,2026,0,0,19,1902,3,2521.9361531156255,1.8656554576240616,1.3658899873796797,-1.001589413359774,1.898499322395896,52.576555731005605,5.676404684437787,67.815,122,
122,IA-03,Sarah Trone Garriott,Zach Nunn,FALSE,TRUE,IA,3,"TRONE GARRIOTT, SARAH","NUNN, ZACH",4755754.76,1010301.85,5766056.609999999,82.47846113324927,17.52153886675074,Iowa,IA-03,86.34108108846512,5.022949565597509,2.732261898256926,0.0630088519753019,3.929259330091252,35.410000000000004,-2.445777769439779,-1.4820718467311167,-1.7229983274082823,-6.26129612947058,0,1,42,0.9227578168954084,48,0.9227578168954084,West North Central,2026,0,0,19,1903,3,6802.6965509089105,0.9227578168954084,0.9606028403536023,6,4.5382978020622975,55.64528934982434,5.652481996148461,84.64,123,
123,IA-04,Dave Dawson,Chris McGowan,FALSE,FALSE,IA,4,"DAWSON, DAVE","MCGOWAN, CHRIS",124916.51,562523.63,687440.14,18.171256336588083,81.82874366341191,Iowa,IA-04,89.23090550745178,5.7628002132730085,1.374350343502413,0.3028749269642154,1.6167524925856966,25.8,-15.508601170491517,-15.200726816088462,-15.277695404689226,-6.26129612947058,0,0,0,0,0,0,West North Central,2026,0,0,19,1904,3,330.1945568499926,0,0,0,-9.016399275218646,41.69817855195501,5.6918254648334665,7.24,124,
124,ID-01,Kaylee Peterson,Russ Fulcher,FALSE,TRUE,ID,1,"PETERSON, KAYLEE JADE","FULCHER, RUSSELL",165973.63,353594.66,519568.29,31.94452648370823,68.05547351629177,Idaho,ID-01,86.149071473319,8.87497960901398,1.131476965382617,0.7177627078681104,0.5520302567961958,28.26,-21.902186005817587,-22.348836765834143,-22.237174075830005,-6.26129612947058,0,1,0,0,0,0,Mountain,2026,0,0,16,1601,3,1020.4527722683365,0,0,0,-15.975877946359425,34.67169325033688,5.150348691463223,0.35000000000000003,125,
125,ID-02,Ellie Gilbreath,Mike Simpson,FALSE,TRUE,ID,2,"GILBREATH, ELINOR","SIMPSON, MICHAEL",106892.02,506593.33,613485.35,17.423728211276764,82.57627178872325,Idaho,ID-02,84.99836428478169,10.023633517638585,1.227153166025828,0.7819158846285312,0.6225986893740125,32.31,-14.125827361187469,-13.030515183887452,-13.304343228212456,-6.26129612947058,0,1,0,0,0,0,Mountain,2026,0,0,16,1602,3,303.58630478044176,0,0,0,-7.0430470987418765,44.25153496377624,5.55369737367065,14.280000000000001,126,
126,IL-01,Jonathan Jackson,Christian Maxwell,TRUE,FALSE,IL,1,"JACKSON, JONATHAN","MAXWELL, CHRISTIAN",269361.17,63315.86,332677.02999999997,80.96776925055511,19.032230749444892,Illinois,IL-01,38.67941449839384,7.364246281731429,1.5764480366418632,0.0971125327709503,50.28997874757445,31.83,19.21131642721901,16.978659752876986,17.536823921462492,-6.26129612947058,1,0,0,0,0,0,East North Central,2026,0,0,17,1701,4,6555.779657411137,0,0,0,23.798120050933072,71.49332993691394,5.330540454363324,99.99,127,
127,IL-02,Donna Miller,Michael Noack,FALSE,FALSE,IL,2,"MILLER, DONNA","COLEMAN, CALVIN",2315377.99,1960,2317337.99,99.91542019297756,0.08457980702245337,Illinois,IL-02,39.11420953987963,10.635554100083445,0.95728127676974,0.0605007687483001,47.445738951209,23.74,18.02635450123696,17.53859494998259,17.66053483779618,-6.26129612947058,0,0,0,0,0,0,East North Central,2026,0,0,17,1702,4,9983.091192339269,0,0,0,23.92183096726676,74.67517422216613,5.6705734417028175,99.99,128,
128,IL-03,Delia Ramirez,Angel Oakley,TRUE,FALSE,IL,3,"RAMIREZ, DELIA","OAKLEY, ANGEL",1037672.68,8079.52,1045752.2,99.22739631817174,0.7726036818282572,Illinois,IL-03,49.22248778705154,35.710325244574,7.065657987037263,0.1140435255621316,6.082741413131598,35.49,18.86218034909715,16.666956512787387,17.215762471864828,-6.26129612947058,1,0,0,0,0,0,East North Central,2026,0,0,17,1703,0,9846.076180083523,0,0,0,23.477058601335408,74.72459671123087,5.31187216131604,100,129,
129,IL-04,Patty Garcia,Lupe Castillo,FALSE,FALSE,IL,4,"GARCIA, PATTY",no_match,177909.59,0,177909.59,100,0,Illinois,IL-04,31.94162062993312,56.36630407747406,4.375714510641502,0.0552212615548207,6.32420357021429,23.37,21.376145448180445,15.126191886275429,16.688680276751683,-6.26129612947058,0,0,0,0,0,0,East North Central,2026,0,0,17,1704,1,10000,0,0,0,22.949976406222262,73.42829537100864,5.613040544069813,99.99,130,
130,IL-05,Mike Quigley,Tommy Hanson,TRUE,FALSE,IL,5,"QUIGLEY, MIKE",no_match,244577.28,0,244577.28,100,0,Illinois,IL-05,76.12144048206912,10.342908874909648,8.382892844107607,0.0606522532580458,3.008101280317181,64.44,17.892489847500464,19.533125515660807,19.12296659862072,-6.26129612947058,1,0,0,0,0,0,East North Central,2026,0,0,17,1705,0,10000,0,0,0,25.3842627280913,78.52903099293299,5.062391428067482,100,131,
131,IL-06,Sean Casten,Niki Conforti,TRUE,FALSE,IL,6,"CASTEN, SEAN","CONFORTI, NIKI",1336291.12,308087.72,1644378.84,81.26418848834129,18.73581151165871,Illinois,IL-06,75.45765610057656,12.22381709602348,5.273524951585651,0.0289288405799771,5.393478296920461,43.41,3.272799839227517,3.5377850246776745,3.471538728315135,-6.26129612947058,1,0,0,0,0,0,East North Central,2026,0,0,17,1706,0,6603.868330668661,0,0,0,9.732834857785715,62.58821422535179,5.115939333785576,99.07000000000001,132,
132,IL-07,La Shawn Ford,Chad Koppie,FALSE,FALSE,IL,7,"FORD, LA SHAWN K","KOPPIE, CHAD",480391.56,0,480391.56,100,0,Illinois,IL-07,35.456870495233666,12.024704479947449,7.1456250484383474,0.0719655451113251,43.11345091396242,45.98,34.72862699402834,33.82804397593559,34.053189730458776,-6.26129612947058,0,0,0,0,0,0,East North Central,2026,0,0,17,1707,4,10000,0,0,0,40.314485859929356,89.26894833687334,5.62647571024729,100,133,
133,IL-08,Melissa Bean,Jennifer Davis,FALSE,FALSE,IL,8,"BEAN, MELISSA LUBURICH","DAVIS, JENNIFER",1451374.09,462009.04,1913383.13,75.8538144945388,24.146185505461208,Illinois,IL-08,63.39282471031251,17.469235208885767,12.476035953133389,0.0468181799836136,4.605334850888132,38.95,5.580748528993581,4.250216727915792,4.582849678185239,-6.26129612947058,0,0,0,0,0,0,East North Central,2026,0,0,17,1708,0,5753.801173371904,0,0,0,10.844145807655819,61.368341534219496,5.6517815662946616,97.78999999999999,134,
134,IL-09,Daniel Biss,John Elleson,FALSE,FALSE,IL,9,"BISS, DANIEL",no_match,2733768.41,0,2733768.41,100,0,Illinois,IL-09,66.9712769090209,10.213535492347305,12.088011658373416,0.0690894538535303,8.282617395440852,54.8,18.85746487373036,19.243132543743293,19.14671562624006,-6.26129612947058,0,0,0,0,0,0,East North Central,2026,0,0,17,1709,0,10000,0,0,0,25.40801175571064,75.54716426069355,5.621545596988962,99.995,135,
135,IL-10,Brad Schneider,Carl Lambrecht,TRUE,FALSE,IL,10,"SCHNEIDER, BRADLEY S.",no_match,1641829.4,0,1641829.4,100,0,Illinois,IL-10,67.74013504547052,16.745052886304205,6.740759533195425,0.1280199836071972,6.743686819405956,46.58,10.910801191547904,11.922732180065855,11.669749432936367,-6.26129612947058,1,0,0,0,0,0,East North Central,2026,0,0,17,1710,0,10000,0,0,0,17.931045562406947,70.067474793832,5.2206624861968605,99.97500000000001,136,
136,IL-11,Bill Foster,Jeff Walter,TRUE,FALSE,IL,11,"FOSTER, G. WILLIAM (BILL)","WALTER, JEFFREY D",1197851.17,141490.48,1339341.65,89.4358187098863,10.564181290113693,Illinois,IL-11,71.96748824341431,13.80947744052972,6.583115194492017,0.0618616932920158,6.013185705366502,44.28,5.543013270350215,6.553330900863045,6.300751493234838,-6.26129612947058,1,0,0,0,0,0,East North Central,2026,0,0,17,1711,0,7998.765668307649,0,0,0,12.562047622705418,65.57509241605457,5.221538888159964,99.75,137,
137,IL-12,Julie Fortier,Mike Bost,FALSE,TRUE,IL,12,"FORTIER, JULIE DR.","BOST, MICHAEL",79765.79,512599.08,592364.87,13.465651668371216,86.53434833162879,Illinois,IL-12,89.87275618784253,2.0992719778080424,0.6643397183088843,0.1133478810868244,5.035241673256995,23.81,-24.05425689858493,-21.290575677059422,-21.9814959824408,-6.26129612947058,0,1,0,0,0,0,East North Central,2026,0,0,17,1712,3,181.3237748539085,0,0,0,-15.720199852970222,32.97115433862956,5.568824926122684,0.22999999999999998,138,
138,IL-13,Nikki Budzinski,Jeff Wilson,TRUE,FALSE,IL,13,"BUDZINSKI, NIKKI","WILSON, JEFF",1648862.64,86115.08,1734977.72,95.03653107430104,4.963468925698942,Illinois,IL-13,72.9255747878294,3.589647234011916,2.429096477256963,0.1278379408257839,17.9875709210829,30.85,3.4715318437339637,6.075034171262828,5.424158589380612,-6.26129612947058,1,0,0,0,0,0,East North Central,2026,0,0,17,1713,0,9031.942238636588,0,0,0,11.685454718851192,67.21891968622911,5.32728928565353,99.9,139,
139,IL-14,Lauren Underwood,James Marter,TRUE,FALSE,IL,14,"UNDERWOOD, LAUREN","MARTER, JAMES THOMAS",1800961.23,140265.64,1941226.87,92.77438190416146,7.225618095838536,Illinois,IL-14,66.09881610930296,17.839820824641105,4.5790090673817705,0.0803367777648772,9.446968363414369,32.34,3.579120180984674,3.381648740490917,3.431016600614356,-6.26129612947058,1,0,0,0,0,0,East North Central,2026,0,0,17,1714,0,8607.085937699201,0,0,0,9.692312730084936,63.92832591278651,5.209419223719997,99.46000000000001,140,
140,IL-15,Jennifer Todd,Mary Miller,FALSE,TRUE,IL,15,"TODD, JENNIFER ANN","MILLER, MARY",113062.52,1159985.77,1273048.29,8.881243617239374,91.11875638276062,Illinois,IL-15,92.38627865163106,2.1653560306814907,0.6509712753959112,0.1008668678246781,2.874014864045625,25.07,-22.045431178205384,-19.466763476955364,-20.11143040226787,-6.26129612947058,0,1,0,0,0,0,East North Central,2026,0,0,17,1715,3,78.87648818875512,0,0,0,-13.850134272797291,35.06915923982994,5.605363021466425,0.565,141,
141,IL-16,Paul Nolley,Darin LaHood,FALSE,TRUE,IL,16,"NOLLEY, PAUL","LAHOOD, DARIN MCKAY",350687.39,844857.11,1195544.5,29.332859630068143,70.66714036993186,Illinois,IL-16,89.48122472559214,5.17673199129005,1.3660400835444164,0.0568813047149269,2.269386304048349,30.77,-13.275348155450502,-10.774905961983071,-11.400016510349928,-6.26129612947058,0,1,0,0,0,0,East North Central,2026,0,0,17,1716,3,860.4166540772814,0,0,0,-5.138720380879349,41.717082619703504,5.583144830686873,6.67,142,
142,IL-17,Eric Sorensen,Dillan Vancil,TRUE,FALSE,IL,17,"SORENSEN, ERIC","VANCIL, DILLAN",1287165.4,281531.32,1568696.72,82.05317086402782,17.946829135972187,Illinois,IL-17,76.24057842197604,8.078417514006315,1.3355750576048175,0.1197609065418725,11.62269781521124,24.01,1.719590843073938,3.164115463521135,2.802984308409336,-6.26129612947058,1,0,0,0,0,0,East North Central,2026,0,0,17,1717,3,6732.722848841344,0,0,0,9.064280437879916,63.2974928616712,5.282435764629912,99.3,143,
143,IN-01,Frank Mrvan,Barb Regnitz,TRUE,FALSE,IN,1,"MRVAN, FRANK J.","REGNITZ, BARB",1245119.28,176912.2,1422031.48,87.55919243081736,12.440807569182647,Indiana,IN-01,65.8467853364805,14.01085313070401,1.1402299821696054,0.0762148166532014,17.165407274026588,25.36,1.97663579740118,0.951168931096305,1.2075356476725236,-6.26129612947058,1,0,0,0,0,0,East North Central,2026,0,0,18,1801,0,7666.612179136904,0,0,0,7.468831777143103,60.42590314598725,5.288158438069303,97.67,144,
144,IN-02,Jamee Decio,Rudy Yakym,FALSE,TRUE,IN,2,"DECIO, JAMEE MS.","YAKYM, RUDY C. III",52895.5,2834507.63,2887403.13,1.8319402459053231,98.16805975409468,Indiana,IN-02,83.61173424414015,7.037896507367488,1.0270500054287717,0.1317627313898944,5.96042333378113,24.08,-13.766620515804838,-12.71007631871175,-12.974212367985022,-6.26129612947058,0,1,0,0,0,0,East North Central,2026,0,0,18,1802,3,3.356005064567656,0,0,0,-6.712916238514442,41.25224742938949,5.615639029710846,5.935,145,
145,IN-03,Kelly Thompson,Marlin Stutzman,FALSE,TRUE,IN,3,"THOMPSON, KELLY ELIZABETH","STUTZMAN, MARLIN A",118432.5,363505.14,481937.64,24.57423744698588,75.42576255301412,Indiana,IN-03,86.10374337355937,4.284706265491849,1.839662752618914,0.0539161585641656,5.505961534982179,24.64,-17.546316854914934,-15.114420124181391,-15.722394306864777,-6.26129612947058,0,1,0,0,0,0,East North Central,2026,0,0,18,1803,3,603.8931461008431,0,0,0,-9.461098177394197,37.08951300281398,5.65006503858733,1.3599999999999999,146,
146,IN-04,Drew Cox,Jim Baird,FALSE,TRUE,IN,4,"COX, DREW","BAIRD, JAMES R DR.",19877.01,159099.8,178976.81,11.105913665574889,88.89408633442511,Indiana,IN-04,87.63441619918326,4.408710028402266,2.130169989684749,0.0664132600432392,4.012350040271871,30.76,-17.17770166436638,-14.189275399860414,-14.936381965986904,-6.26129612947058,0,1,0,0,0,0,East North Central,2026,0,0,18,1804,3,123.34131834720306,0,0,0,-8.675085836516324,40.34420368430024,5.59909188362477,4.52,147,
147,IN-05,J.D. Ford,Victoria Spartz,FALSE,TRUE,IN,5,"FORD, JAMES (J.D.) DAVID","SPARTZ, VICTORIA",530401.41,1101195.38,1631596.79,32.50811801364233,67.49188198635765,Indiana,IN-05,86.39141363624503,3.3625285936698184,2.4320492637401827,0.0728866777417306,4.978734137580128,39.25,-10.402237602237165,-7.813665058842723,-8.460808194691333,-6.26129612947058,0,1,0,0.92023196841898,0,0.92023196841898,East North Central,2026,0,1.5576015661428098,18,1805,3,1056.777736788897,0.92023196841898,0.9592872189386138,0,-2.1995120652207536,51.28691143645471,5.647061673162327,59.34,148,
148,IN-06,Cinde Wirth,Jefferson Shreve,FALSE,TRUE,IN,6,"WIRTH, CYNTHIA (CINDE)","SHREVE, JEFFERSON",32126.71,126148.62,158275.33,20.297989585616406,79.7020104143836,Indiana,IN-06,87.73053539481913,3.2518581007374223,2.6591566913443776,0.058361089697904,4.2550870507468765,27.39,-18.579759839050418,-15.7997063796344,-16.494719744488407,-6.26129612947058,0,1,0,0,0,0,East North Central,2026,0,0,18,1806,3,412.0083812177921,0,0,0,-10.233423615017827,40.41355290400131,5.353676212987453,3.64,149,
149,IN-07,Andre Carson,Patrick McAuley,TRUE,FALSE,IN,7,"CARSON, ANDRE",no_match,399064.92,0,399064.92,100,0,Indiana,IN-07,55.72230418011187,7.185284947471264,1.6459263468881733,0.0718158711128929,31.835060936447817,34.61,19.29909816910889,21.830587761653625,21.19771536351744,-6.26129612947058,1,0,0,0,0,0,East North Central,2026,0,0,18,1807,0,10000,0,0,0,27.45901149298802,79.74513970112152,5.263881038770429,100,150,
150,IN-08,Mary Allen,Mark Messmer,FALSE,TRUE,IN,8,"ALLEN, MARY THERESA","MESSMER, MARK MR.",268728.38,257027.37,525755.75,51.11278003141193,48.88721996858808,Indiana,IN-08,91.46029271193268,1.908833041497197,0.7218406937691112,0.0954157238890204,3.500305088320044,22.34,-18.994061201600356,-17.495697045637524,-17.870288084628232,-6.26129612947058,0,1,0,0,0,0,East North Central,2026,0,0,18,1808,3,2612.5162825395023,0,0,0,-11.608991955157652,38.421524460750234,5.630795554306344,2.1950000000000003,151,
151,IN-09,Brad Meyer,Erin Houchin,FALSE,TRUE,IN,9,"MEYER, BRADLEY ALLEN MR.","HOUCHIN, ERIN",94168.58,342705.65,436874.23,21.55507776231159,78.4449222376884,Indiana,IN-09,91.55467781669316,2.481840920117192,1.1582038582794605,0.0450869767210624,2.5716720068161907,26,-16.19891472229598,-14.44286339028453,-14.881876223287392,-6.26129612947058,0,1,0,0,0,0,East North Central,2026,0,0,18,1809,3,464.62137733929967,0,0,0,-8.620580093816812,40.15919989364929,5.613105602105062,4.21,152,
152,KS-01,Lauren Reinhold,Tracey Mann,FALSE,TRUE,KS,1,"REINHOLD, LAUREN","MANN, TRACEY ROBERT",43658,345108.7,388766.7,11.22987128269988,88.77012871730012,Kansas,KS-01,82.28325808576916,10.279271426891656,1.3182477365072314,0.5201693956740272,2.761731807602648,29.41,-17.412865234889388,-15.174236911128013,-15.733893992068356,-6.26129612947058,0,1,0,0,0,0,West North Central,2026,0,0,20,2001,3,126.11000902600746,0,0,0,-9.472597862597777,40.889813632976406,5.586245952598102,5.19,153,
153,KS-02,Don Coover,Derek Schmidt,FALSE,TRUE,KS,2,"COOVER, DON","SCHMIDT, DEREK",718291.26,898090.09,1616381.35,44.43822987687899,55.561770123121,Kansas,KS-02,77.69663006208178,8.45014576378714,1.528442819811791,0.5575653671283778,7.946203344259324,26.91,-10.605342359635635,-9.277623301875032,-9.609553066315184,-6.26129612947058,0,1,0,0,0,0,West North Central,2026,0,0,20,2002,3,1974.7562745903408,0,0,0,-3.3482569368446047,47.616008526974035,5.628511554489365,32.875,154,
154,KS-03,Sharice Davids,Chase LaPorte,TRUE,FALSE,KS,3,"DAVIDS, SHARICE",no_match,2852001.23,0,2852001.23,100,0,Kansas,KS-03,82.91324371998641,7.073605487349085,3.226674036551413,0.1736127212124697,4.381309922820242,51.28,0.0042096974047112,2.83706828547664,2.128853638458658,-6.26129612947058,1,0,0,0,0,0,West North Central,2026,0,0,20,2003,3,10000,0,0,0,8.390149767929238,67.3858587305045,5.234938620269877,99.89,155,
155,KS-04,Katy Tyndell,Ron Estes,FALSE,TRUE,KS,4,"TYNDELL, KATY","ESTES, RON",233629.11,311847.75,545476.86,42.83025131441872,57.16974868558128,Kansas,KS-04,77.85069884083185,9.270703407309004,2.859520444420123,0.5257109646399937,6.010578376409805,30.380000000000003,-13.400556927206935,-11.099828893296454,-11.675010901774074,-6.26129612947058,0,1,0,0,0,0,West North Central,2026,0,0,20,2004,3,1834.4304276562664,0,0,0,-5.413714772303495,45.922356860102624,5.59223453472312,22.45,156,
156,KY-01,Drew Williams,James Comer,FALSE,TRUE,KY,1,"WILLIAMS, JOHN ANDREW","COMER, JAMES",111983.09,1450577.63,1562560.72,7.166639258665097,92.8333607413349,Kentucky,KY-01,88.02778788073904,2.3524334408211067,0.5119736042976547,0.1085899147116711,6.753979454927355,20.29,-23.96304822060537,-23.204969967338823,-23.39448953065546,-6.26129612947058,0,1,0,0,0,0,East South Central,2026,0,0.25283959580474646,21,2101,3,51.360718263839814,0,0,0,-17.13319340118488,32.95939629448607,5.593774781687969,0.22,157,
157,KY-02,Megan Wingfield,Brett Guthrie,FALSE,TRUE,KY,2,no_match,"GUTHRIE, S. BRETT BRETT HON.",0,1670800.28,1670800.28,0,100,Kentucky,KY-02,88.87135047353722,2.576455435703236,1.2806154233835687,0.1023722359496293,4.883768138260267,23.04,-20.956126410497955,-20.2159553151528,-20.40099808898909,-6.26129612947058,0,1,0,0,0,0,East South Central,2026,0,0,21,2102,3,0,0,0,0,-14.139701959518511,35.41191930678015,5.613382373992177,0.66,158,
158,KY-03,Morgan McGarvey,Maria Rodriguez,TRUE,FALSE,KY,3,"MCGARVEY, MORGAN","RODRIGUEZ, MARIA TERESA",931583.92,32568.7,964152.62,96.62203894648962,3.3779610535103872,Kentucky,KY-03,69.75039597811188,3.997449570212156,1.867068953478544,0.1207227932718633,20.242842075476556,35.120000000000005,9.117663056733605,10.384550926706318,10.06782895921314,-6.26129612947058,1,0,0,0,0,0,East South Central,2026,0,0,21,2103,0,9335.818410176958,0,0,0,16.329125088683718,71.52428564030002,5.306558396015982,99.99,159,
159,KY-04,Melissa Strange,Ed Gallrein,FALSE,FALSE,KY,4,"STRANGE, MELISSA CLAIRE","GALLREIN, ED",74463.82,3511193.99,3585657.81,2.0767129476864388,97.92328705231355,Kentucky,KY-04,91.76425943689588,2.467489573121669,0.834853004732942,0.0592056949905306,2.8582120231481967,30.76,-18.82927498924942,-17.330041638405156,-17.704849976116222,-6.26129612947058,0,0,0,0,0,0,East South Central,2026,0,0,21,2104,3,4.3127366670884975,0,0,0,-11.443553846645642,39.9605392142393,5.680830143835899,3.94,160,
160,KY-05,Ned Pillersdorf,Hal Rogers,FALSE,TRUE,KY,5,"PILLERSDORF, NED","ROGERS, HAROLD DALLAS",119155.69,403297.33,522453.02,22.80696740924189,77.19303259075812,Kentucky,KY-05,95.57225746637916,1.0809365570451854,0.3086902021243719,0.1059060873430072,1.538589747596279,15.05,-32.33647024278145,-31.58484010897301,-31.772747642425124,-6.26129612947058,0,1,0,0,0,0,East South Central,2026,0,0,21,2105,3,520.15776240622165,0,0,0,-25.511451512954544,25.41969660564768,5.578607938290278,0.01,161,
161,KY-06,Zach Dembo,Ralph Alvarado,FALSE,FALSE,KY,6,"DEMBO, ZACH","ALVARADO, RALPH A",1399355.45,1199993.02,2599348.4699999997,53.83485385474307,46.165146145256934,Kentucky,KY-06,85.29931131908882,3.048914003178528,1.3584672435105067,0.0669256577785626,7.804167402436871,34.9,-7.876455669658362,-6.906651086057956,-7.149102231958058,-6.26129612947058,0,0,38.93939095425192,1.7038639742,41.848477385629806,1.7038639742,East South Central,2026,0,0,21,2106,3,2898.191489561545,1.7038639742,1.3053214064742829,2.9090864313778866,-0.8878061024874784,50.89743612504403,5.700390451464593,56.074999999999996,162,
162,LA-01,Lauren Jewett,Steve Scalise,FALSE,TRUE,LA,1,"JEWETT, LAUREN","SCALISE, STEVE MR",139975.19,1407069.04,1547044.23,9.04791131925168,90.95208868074832,Louisiana,LA-01,75.12155350019725,7.490641301012581,1.85630999868496,0.9668171656511638,11.936878095822555,23.45152053955423,-22.23220143066738,-18.788832479418865,-19.64967471723099,-6.26129612947058,0,1,0,0,0,0,West South Central,2026,0,0,22,2201,3,81.86469924104269,0,0,0,-13.38837858776041,34.871932238059344,5.5817410653400925,0.51,163,
163,LA-02,Troy Carter,TBDLA-02,TRUE,FALSE,LA,2,"CARTER, TROY A. SR.",no_match,421437.74,0,421437.74,100,0,Louisiana,LA-02,30.26991451260614,5.718325546410543,2.5261090940650632,0.20033847800616203,58.91777443478512,18.047735092861583,24.297890948218416,25.102816779031933,24.90158532132855,-6.26129612947058,1,0,0,0,0,0,West South Central,2026,0,0,22,2202,4,10000,0,0,0,31.16288145079913,84.79259251407265,5.306496889029815,100,164,
164,LA-03,TBDLA-03,Clay Higgins,FALSE,TRUE,LA,3,no_match,"HIGGINS, CLAY CAPTAIN",0,202552.82,202552.82,0,100,Louisiana,LA-03,66.55872197265677,3.225926589331919,1.2075499805805958,0.2741771581697167,26.690241882423045,15.400091402116232,-18.7336071431707,-17.574617723851198,-17.864365078681075,-6.26129612947058,0,1,0,0,0,0,West South Central,2026,0,0,22,2203,0,0,0,0,0,-11.603068949210495,36.936829356365386,5.589082617508737,1.2349999999999999,165,
165,LA-04,TBDLA-04,Mike Johnson,FALSE,TRUE,LA,4,no_match,"JOHNSON, JAMES MICHAEL",0,12263644.76,12263644.76,0,100,Louisiana,LA-04,62.859978915614946,3.2605118331271243,0.9223978472103668,0.5012381356334907,30.199421675381423,13.95068575516001,-17.471751379983587,-16.543814048623823,-16.775798381463765,-6.26129612947058,0,1,0,0,0,0,West South Central,2026,0,0,22,2204,0,0,0,0,0,-10.514502251993186,35.05656206502202,5.642757637379032,0.615,166,
166,LA-05,TBDLA-05,TBDLA-05,FALSE,FALSE,LA,5,no_match,no_match,0,0,0,0,0,Louisiana,LA-05,61.01977146682957,2.5897204937862583,0.5768547181987914,0.3073222414334572,33.39700649845908,13.15257858032957,-16.99818089960538,-16.445097325469497,-16.583368219003468,-6.26129612947058,0,0,0,0,0,0,West South Central,2026,0,0,22,2205,0,0,0,0,0,-10.322072089532888,39.0476770037378,5.710974676767577,2.945,167,
167,LA-06,Cleo Fields,TBDLA-06,TRUE,FALSE,LA,6,"FIELDS, CLEO",no_match,644289.04,0,644289.04,100,0,Louisiana,LA-06,67.45497050982776,3.960108844289128,1.6590811773968537,0.2631324502396508,24.481850076660635,21.42478046279085,-18.611557766894123,-15.447689305186609,-16.238656420613488,-6.26129612947058,1,0,0,0,0,0,West South Central,2026,0,0,22,2206,0,10000,0,0,0,-9.977360291142908,48.363433459958515,5.404576894197969,37.18,168,
168,MA-01,Richard Neal,TBDMA-01,TRUE,FALSE,MA,1,"NEAL, RICHARD E",no_match,571136.15,0,571136.15,100,0,Massachusetts,MA-01,75.716824987392215,15.911770298535844,1.599907405110907,0.0618401580727035,4.965235579586134,31.51,8.782479685101805,7.707418678600376,7.976183930225734,-6.26129612947058,1,0,0,0,0,0,New England,2026,0,0,25,2501,3,10000,0,0,0,14.237480059696313,70.38531525775414,5.437996632075925,99.98,169,
169,MA-02,Jim McGovern,TBDMA-02,TRUE,FALSE,MA,2,"MCGOVERN, JAMES P",no_match,557563.09,0,557563.09,100,0,Massachusetts,MA-02,80.46174719435807,9.045547991198257,4.442883363120142,0.0535473851313891,3.9948759801237617,45.18,13.48710044215759,12.893680266199048,13.042035310188684,-6.26129612947058,1,0,0,0,0,0,New England,2026,0,0,25,2502,3,10000,0,0,0,19.303331439659264,75.28877108518274,5.301210558524645,100,170,
170,MA-03,Lori Trahan,Gary Grossi,TRUE,FALSE,MA,3,"TRAHAN, LORI","GROSSI, GARY J.",780983.24,2115.72,783098.96,99.72982724941942,0.2701727505805907,Massachusetts,MA-03,71.28287010164303,17.013991251119247,6.596267901055981,0.0443120373100029,3.4991860867527147,38.48,11.728235838253418,10.446173818071728,10.76668932311715,-6.26129612947058,1,0,0,0,0,0,New England,2026,0,0,25,2503,0,9946.038443199039,0,0,0,17.02798545258773,73.26453931991836,5.325486365322875,99.995,171,
171,MA-04,Jake Auchincloss,Tom Stalcup,TRUE,FALSE,MA,4,"AUCHINCLOSS, JAKE","STALCUP, THOMAS PHD",2189396.84,8258.05,2197654.8899999997,99.62423353923418,0.3757664607658212,Massachusetts,MA-04,84.90446357972664,4.639272897894636,5.079287843109995,0.0608235508789003,3.3833534630323148,48.77,12.230030532384925,10.815645201078354,11.169241533904996,-6.26129612947058,1,0,0,0,0,0,New England,2026,0,0,25,2504,3,9924.9879082798725,0,0,0,17.430537663375574,70.98975324817408,5.426285195749844,99.96000000000001,172,
172,MA-05,Katherine Clark,TBDMA-05,TRUE,FALSE,MA,5,"CLARK, KATHERINE",no_match,1050962.9,0,1050962.9,100,0,Massachusetts,MA-05,75.47363366101676,7.54375704214167,10.17992380005643,0.1253804858633969,4.535559662238799,60.47,23.723624657176224,23.92327861372241,23.873365124585867,-6.26129612947058,1,0,0,0,0,0,New England,2026,0,0,25,2505,0,10000,0,0,0,30.134661254056446,84.35982539823627,5.306640030885292,100,173,
173,MA-06,TBDMA-06,Micah Jones,FALSE,FALSE,MA,6,no_match,"JONES, MICAH Q.",0,390668.24,390668.24,0,100,Massachusetts,MA-06,84.2253386595529,7.604872740421845,3.863158002462978,0.0515110475846094,2.6809624037579187,48.85,11.781057341317997,11.294393957877162,11.41605980373737,-6.26129612947058,0,0,0,0,0,0,New England,2026,0,0,25,2506,3,0,0,0,0,17.67735593320795,67.23561930938573,5.696168277035109,99.815,174,
174,MA-07,Ayanna Pressley,TBDMA-07,TRUE,FALSE,MA,7,"PRESSLEY, AYANNA",no_match,936695.74,0,936695.74,100,0,Massachusetts,MA-07,48.958753368129486,16.07827250287351,9.175067362589738,0.1079685704056829,22.66567428539127,48.3,34.45213941148983,33.3200755961169,33.60309154996013,-6.26129612947058,1,0,0,0,0,0,New England,2026,0,0,25,2507,0,10000,0,0,0,39.86438767943071,93.02413601595647,5.391370933877879,100,175,
175,MA-08,Stephen Lynch,TBDMA-08,TRUE,FALSE,MA,8,"LYNCH, STEPHEN",no_match,493331.26,0,493331.26,100,0,Massachusetts,MA-08,74.40046583877762,5.658144143926212,7.768414541219649,0.1252719264748825,10.301499288973824,50.42,15.763042379129054,14.243151676741064,14.623124352338062,-6.26129612947058,1,0,0,0,0,0,New England,2026,0,0,25,2508,0,10000,0,0,0,20.88442048180864,79.71061402057686,5.289187990945504,100,176,
176,MA-09,Bill Keating,Tyler MacAllister,TRUE,FALSE,MA,9,"KEATING, WILLIAM R","MACALLISTER, ROBERT TYLER",216689.68,160597.47,377287.15,57.43362317004434,42.56637682995565,Massachusetts,MA-09,89.97726856629947,4.098462914386908,1.1830714816909076,0.1662327225711957,2.7191849735988085,41.03,6.986457396392019,6.221069809553605,6.412416706263208,-6.26129612947058,1,0,0,0,0,0,New England,2026,0,0,25,2509,3,3298.6210704386544,0,0,0,12.673712835733788,65.52464476580698,5.208695787859731,99.75500000000001,177,
177,MD-01,Dan Schwartz,Andy Harris,FALSE,TRUE,MD,1,"SCHWARTZ, DANIEL","HARRIS, ANDREW P",667987.33,1833468.76,2501456.09,26.70393986408132,73.29606013591868,Maryland,MD-01,77.57375959499994,3.651513294939346,2.0594105275172763,0.0669740647550243,14.35376741703357,33.61,-9.686828544264252,-7.902524636355501,-8.348600613332689,-6.26129612947058,0,1,0,0,0,0,South Atlantic,2026,0,0,24,2401,3,713.1004042644715,0,0,0,-2.087304483862109,47.38795875366617,5.573415058394919,31.105,178,
178,MD-02,Johnny Olszewski,Dave Wallace,TRUE,FALSE,MD,2,"OLSZEWSKI, JOHN ANTHONY JR.","WALLACE, DAVID DRAIN II",698489.9,18994.47,717484.37,97.35262943776742,2.647370562232596,Maryland,MD-02,65.62703992730678,4.240263617357943,4.28534873074091,0.0960887358586799,23.326759146272472,45.14,8.355610210423116,10.219162881433618,9.753274713680993,-6.26129612947058,1,0,0,0,0,0,South Atlantic,2026,0,0,24,2402,0,9477.534458447259,0,0,0,16.014570843151574,73.61722361892129,5.389092724839435,99.99,179,
179,MD-03,Sarah Elfreth,Berney Flowers,TRUE,FALSE,MD,3,"ELFRETH, SARAH KELLY","FLOWERS, BERNARD",692846.73,5110.39,697957.12,99.26780745499092,0.7321925450090688,Maryland,MD-03,64.52071371285408,5.960914710746148,8.630063095736602,0.1206555143118732,17.4435935470592,51.690000000000005,10.755854472127282,12.99519108401114,12.435356931040175,-6.26129612947058,1,0,0,0,0,0,South Atlantic,2026,0,0,24,2403,0,9854.09759692115,0,0,0,18.696653060510755,72.5315880895447,5.366990933576068,99.99,180,
180,MD-04,Glenn Ivey,George McDermott,TRUE,FALSE,MD,4,"IVEY, GLENN FREDERICK",no_match,335894.63,0,335894.63,100,0,Maryland,MD-04,14.028796084038506,12.113093783793545,4.717127445085821,0.1485057012167269,65.86897080662602,32.45,38.91759708535584,38.58264395991848,38.666382241277816,-6.26129612947058,1,0,0,0,0,0,South Atlantic,2026,0,0,24,2404,4,10000,0,0,0,44.927678370748396,100.61506112785244,5.153002459460479,100,181,
181,MD-05,Adrian Boafo,Chris Chaffee,FALSE,FALSE,MD,5,"BOAFO, ADRIAN",no_match,1560121.13,0,1560121.13,100,0,Maryland,MD-05,46.48677999799142,5.390812639047049,2.591913610823158,0.16068604771899,41.7877344118363,40.73,16.284677161388437,17.775137488451442,17.40252240668569,-6.26129612947058,0,0,0,0,0,0,South Atlantic,2026,0,0,24,2405,4,10000,0,0,0,23.66381853615627,76.45647506735625,5.666845485729124,99.995,182,
182,MD-06,April McClain Delaney,Robin Ficker,TRUE,FALSE,MD,6,"DELANEY, APRIL MCCLAIN","FICKER, ROBIN",869217.38,1071.72,870289.1,99.8768547141404,0.12314528585960688,Maryland,MD-06,68.474972350066,8.69759891540904,7.601947982446751,0.1264761497020942,12.531128474080417,39.55,2.744538138450203,3.713003103005924,3.4708868618669935,-6.26129612947058,1,0,0,0,0,0,South Atlantic,2026,0,0,24,2406,0,9975.386107589511,0,0,0,9.732182991337574,65.70901347739499,5.392567121042878,99.72,183,
183,MD-07,Kweisi Mfume,Scott Collier,TRUE,FALSE,MD,7,"MFUME, KWEISI",no_match,181108.15,0,181108.15,100,0,Maryland,MD-07,34.12773967997849,4.818788938191923,2.220787952131236,0.196674286226525,55.89906324234683,31.28,29.980767863318285,30.99871254549199,30.74422637494856,-6.26129612947058,1,0,0,0,0,0,South Atlantic,2026,0,0,24,2407,4,10000,0,0,0,37.00552250441914,89.04306921657522,5.089332581474885,100,184,
184,MD-08,Jamie Raskin,Cheryl Riley,TRUE,FALSE,MD,8,"RASKIN, JAMIE","RILEY, CHERYL",6525800.72,16589.6,6542390.319999999,99.74642906967374,0.25357093032627254,Maryland,MD-08,52.988632918469634,13.684792837203076,12.99142842518476,0.1569027360529807,17.307533299997242,63.080000000000005,29.52736902943868,29.77788462711588,29.71525572769658,-6.26129612947058,1,0,0,0,0,0,South Atlantic,2026,0,0,24,2408,0,9949.350112151455,0,0,0,35.97655185716716,86.84403118409446,5.138658839691127,100,185,
185,ME-01,Chellie Pingree,TBDME-01,TRUE,FALSE,ME,1,"PINGREE, CHELLIE M",no_match,180392.1,0,180392.1,100,0,Maine,ME-01,93.87797103991096,1.8354633131043416,1.195485075227867,0.1338656940524617,1.011151298658301,41.27,9.462787290359016,11.791562839680417,11.209368952350069,-6.26129612947058,1,0,0,0,0,0,New England,2026,0,0,23,2301,3,10000,0,0,0,17.47066508182065,74.19625683970254,5.223271118120905,100,186,
186,ME-02,Matt Dunlap,Paul LePage,FALSE,FALSE,ME,2,"DUNLAP, MATT","LEPAGE, PAUL",1181075.25,1418549.45,2599624.7,45.43252916469058,54.567470835309415,Maine,ME-02,94.62380497992548,1.5425886250292566,0.5984552508867004,0.5520047530741948,0.8485317681796086,26.92,-5.410175726539528,-3.867301452551835,-4.2530200210487585,-6.26129612947058,0,0,48.97170937867051,2.643032641069055,48.0062694006118,2.643032641069055,New England,2026,0,0.25283959580474646,23,2302,3,2064.11470630046,2.643032641069055,1.6257406438509971,-0.9654399780587113,2.0082761084218212,54.29502678883492,5.707427437163112,78.205,187,
187,MI-01,Callie Barr,Jack Bergman,FALSE,TRUE,MI,1,"BARR, CALLIE","BERGMAN, JOHN",749606.84,491107.03,1240713.87,60.417382131788365,39.58261786821163,Michigan,MI-01,92.29399433116367,1.7509009680990557,0.4643420773694087,1.6383093991190534,1.191240784215196,26.48,-12.313988408881585,-10.009807344513112,-10.58585261060523,-6.26129612947058,0,1,0,0,0,0,East North Central,2026,0,0,26,2601,3,3650.26006365854,0,0,0,-4.32455648113465,47.728370385626654,5.1648578911617005,31.97,188,
188,MI-02,Ben Ambrose,John Moolenaar,FALSE,TRUE,MI,2,"AMBROSE, BENJAMIN","MOOLENAAR, JOHN MR.",84843.96,1049484.96,1134328.92,7.479661190336222,92.52033880966378,Michigan,MI-02,90.91613640071787,3.5638766519823792,0.4712024800130527,0.5725240659161364,2.189264154021863,21.22,-16.625881675042976,-14.520054229982804,-15.046511091247847,-6.26129612947058,0,1,0,0,0,0,East North Central,2026,0,0,26,2602,3,55.94533152222186,0,0,0,-8.785214961777267,39.37754220442599,5.593381824489008,3.29,189,
189,MI-03,Hillary Scholten,Terri DeBoer,TRUE,FALSE,MI,3,"SCHOLTEN, HILLARY","DEBOER, TERRI",1549311.66,448788.76,1998100.42,77.539228984297,22.460771015703006,Michigan,MI-03,78.3733557528944,6.954793056942182,2.058746256108454,0.2017760496032788,9.741649589266634,36.65,2.0595543355519936,4.736246584983164,4.067073522625371,-6.26129612947058,1,0,0,0,0,0,East North Central,2026,0,0,26,2603,3,6012.332031479244,0,0,0,10.328369652095951,64.82444837536657,5.27927885667318,99.65,190,
190,MI-04,Sean McCann,Bill Huizenga,FALSE,TRUE,MI,4,"MCCANN, SEAN","HUIZENGA, WILLIAM P",2274399.15,1669140.88,3943540.03,57.674047497877176,42.325952502122824,Michigan,MI-04,81.84154278854517,6.185552805578951,1.8079230328050968,0.2018563203246235,7.596135794878155,31.76,-4.27775975542562,-2.060635075442825,-2.6149162454385237,-6.26129612947058,0,1,47.98756697331091,2.968884673156425,45.0062138711187,2.968884673156425,East North Central,2026,0,0.4168620196785084,26,2604,3,3326.2957547873925,2.968884673156425,1.723045174438681,-2.981353102192209,3.646379884032056,53.053802250988994,5.579991723804592,71.15,191,
191,MI-05,Christian Vukasovich,Tim Walberg,FALSE,TRUE,MI,5,"VUKASOVICH, CHRISTIAN A","WALBERG, TIMOTHY L REP",52756.03,862339.35,915095.38,5.765085383777153,94.23491461622284,Michigan,MI-05,89.30397333056919,3.8412540249908886,0.5898304404669157,0.1737057334595026,3.831724451547971,22.9,-14.564530484364743,-12.954532423618351,-13.35703193880495,-6.26129612947058,0,1,0,0,0,0,East North Central,2026,0,0,26,2605,3,33.236209482240966,0,0,0,-7.09573580933437,40.904936184086786,5.5748937796948415,5.1499999999999995,192,
192,MI-06,Debbie Dingell,Heather Smiley,TRUE,FALSE,MI,6,"DINGELL, DEBBIE",no_match,389399.79,0,389399.79,100,0,Michigan,MI-06,75.70150294053583,4.047919843171422,7.196340666521454,0.1599651492049662,9.881594423872794,51.06,11.243783571466372,12.7114376459023,12.34452412729332,-6.26129612947058,1,0,0,0,0,0,East North Central,2026,0,0,26,2606,0,10000,0,0,0,18.6058202567639,73.47206069763472,5.106472935949114,99.99,193,
193,MI-07,William Lawrence,Tom Barrett,FALSE,TRUE,MI,7,"LAWRENCE, WILLIAM","BARRETT, THOMAS MORE",1065694.2,3353986.21,4419680.41,24.112471969438168,75.88752803056182,Michigan,MI-07,85.23989488174196,4.803904392441496,1.9448546281233052,0.1700246110207316,5.27927251491261,36.27,-2.0036910782675648,0.0981253104920867,-0.42732878669782615,-6.26129612947058,0,1,48,0.8011832972392752,46,0.8011832972392752,East North Central,2026,0,0,26,2607,3,581.4113044769414,0.8011832972392752,0.8950884298432614,-2,5.833967342772754,53.039315820655915,5.6120063024616265,71.21499999999999,194,
194,MI-08,Kristen McDonald Rivet,Thomas Smith,TRUE,FALSE,MI,8,"MCDONALD RIVET, KRISTEN",no_match,3620745.62,0,3620745.62,100,0,Michigan,MI-08,78.07607087631455,4.541057789499756,0.8641983572867786,0.1887714459758881,14.081379236479746,23.91,-1.2399399363541974,-0.2545182149644063,-0.5008736453118541,-6.26129612947058,1,0,0,0,0,0,East North Central,2026,0,0,26,2608,3,10000,0,0,0,5.760422484158726,62.642153618273184,5.359784739403183,99.00999999999999,195,
195,MI-09,Ray Pooley,Lisa McClain,FALSE,TRUE,MI,9,"POOLEY, STEVEN RAYMOND","MCCLAIN, LISA",8083.69,2697168.59,2705252.28,0.29881464511694267,99.70118535488308,Michigan,MI-09,91.54139533334444,3.1882151125027063,1.0474160185200607,0.1160834735106507,2.3208367336742004,28.08,-17.211491675977506,-15.6376756721329,-16.03112967309405,-6.26129612947058,0,1,0,0,0,0,East North Central,2026,0,0,26,2609,3,0.08929019213636438,0,0,0,-9.76983354362347,38.24486651861958,5.573731433467549,2.07,196,
196,MI-10,Christina Hines,Mike Bouchard,FALSE,FALSE,MI,10,"HINES, CHRISTINA","BOUCHARD, MICHAEL",1135198.13,1290223.21,2425421.34,46.80416186987124,53.19583813012877,Michigan,MI-10,76.55112808538912,2.316123533420672,5.150983583876637,0.1233216217647289,13.269372340770778,29.34,-2.765890527701494,-2.5923617343448484,-2.6357439326840097,-6.26129612947058,0,0,41,1.0038639742,43,1.0038639742,East North Central,2026,0,0,26,2610,3,2190.6295683411086,1.0038639742,1.0019301244098813,2,3.62555219678657,53.966894792729924,5.670919517435183,76.68,197,
197,MI-11,Jeremy Moss,Ethan Baker,FALSE,FALSE,MI,11,"MOSS, JEREMY","BAKER, ETHAN D",1280252.47,140876,1421128.47,90.08703273673773,9.912967263262273,Michigan,MI-11,74.36223025342854,3.782149815699238,5.773900407329532,0.1175549260826277,13.316094229012762,49.59,7.780280828713657,8.96170112300797,8.666346049434392,-6.26129612947058,0,0,0,0,0,0,East North Central,2026,0,0,26,2611,0,8115.673467310055,0,0,0,14.927642178904971,67.37576949986578,5.667065599777847,99.81,198,
198,MI-12,Rashida Tlaib,James Hooper,TRUE,FALSE,MI,12,"TLAIB, RASHIDA","HOOPER, JAMES D",2317690.61,775,2318465.61,99.96657271961864,0.03342728038135532,Michigan,MI-12,48.29248636948762,2.592026016538474,1.3632295310533205,0.1565413978897221,44.71556891565663,26.39,22.281124230171702,20.69864937405024,21.094268088080607,-6.26129612947058,1,0,0,0,0,0,East North Central,2026,0.4168620196785084,0,26,2612,4,9993.315661306802,0,0,0,27.355564217551187,79.4881584808373,5.12553568922439,100,199,
199,MI-13,Donovan McKinney,T.P. Nykoriak,FALSE,FALSE,MI,13,"MCKINNEY, DONAVAN","BIVINGS, MARTELL DE'ANGELO",1204321.37,0,1204321.37,100,0,Michigan,MI-13,41.82691351821292,6.77564476802088,1.9943570936682689,0.1977366920856521,46.32858632724881,21.42,22.802653816271963,21.748445243254217,22.011997386508657,-6.26129612947058,0,0,0,0,0,0,East North Central,2026,0,0,26,2613,4,10000,0,0,0,28.273293515979237,79.60387922619508,5.6552594627568125,100,200,
200,MN-01,Jake Johnson,Brad Finstad,FALSE,TRUE,MN,1,no_match,"FINSTAD, BRAD",0,829373.5,829373.5,0,100,Minnesota,MN-01,88.72529823857963,4.482150652874089,2.326326498874872,0.2265245439062274,2.7207302746586675,31.35,-6.97256377684738,-5.366802659469457,-5.768242938813938,-6.26129612947058,0,1,41.931272128311576,1.926621791095408,51.45017702649259,1.926621791095408,West North Central,2026,0,0,27,2701,3,0,1.926621791095408,1.3880280224460195,9.518904898181013,0.4930531906566422,49.4381512534822,5.623317498268855,45.47,201,
201,MN-02,TBDMN-02,Eric Pratt,FALSE,FALSE,MN,2,no_match,"PRATT, ERIC",0,351113.48,351113.48,0,100,Minnesota,MN-02,82.25967225315985,5.011325512116304,4.615264853698687,0.2810018094238133,5.4142213496820695,42.45,1.394855160344619,3.725422261673288,3.142780486341121,-6.26129612947058,0,0,0,0,0,0,West North Central,2026,0,0,27,2702,3,0,0,0,0,9.4040766158117,58.60443121536848,5.694832778520218,93.805,202,
202,MN-03,Kelly Morrison,TBDMN-03,TRUE,FALSE,MN,3,no_match,no_match,0,0,0,0,0,Minnesota,MN-03,79.84415278907697,3.325132568146398,6.711427815296552,0.2624898307244445,7.2219009439048065,50.36000000000001,8.428846830480161,11.610129090569622,10.814808525547257,-6.26129612947058,1,0,0,0,0,0,West North Central,2026,0,0,27,2703,3,0,0,0,0,17.076104655017836,66.12873912586862,5.394336607022429,99.79,203,
203,MN-04,Betty McCollum,TBDMN-04,TRUE,FALSE,MN,4,"MCCOLLUM, BETTY",no_match,790361.53,0,790361.53,100,0,Minnesota,MN-04,72.47345185538718,4.826295230625087,10.803124162576944,0.3558008845143484,8.549588159009156,46.63,16.92867596753475,18.98354456244713,18.469827413719035,-6.26129612947058,1,0,0,0,0,0,West North Central,2026,0,0,27,2704,0,10000,0,0,0,24.731123543189614,78.30491414527793,5.229780030805942,100,204,
204,MN-05,Ilhan Omar,TBDMN-05,TRUE,FALSE,MN,5,"LE, JULIE T",no_match,3933,0,3933,100,0,Minnesota,MN-05,70.70214658028013,6.303031682015635,4.459448954013769,0.6295068041721891,14.147596592320395,49.68,29.93672189590564,32.52154611438349,31.875340059764028,-6.26129612947058,1,0,0,0,0,0,West North Central,2026,0.4168620196785084,0,27,2705,0,10000,0,0,0,38.13663618923461,87.8938841600266,5.242513891866568,100,205,
205,MN-06,TBDMN-06,Tom Emmer,FALSE,TRUE,MN,6,no_match,"EMMER, THOMAS EARL JR.",0,2668454.96,2668454.96,0,100,Minnesota,MN-06,88.9990247196069,2.6096252672643385,2.6655163359465845,0.2068719756930117,3.568776023106643,34.54,-11.28933909237618,-9.28299058275487,-9.784577710160198,-6.26129612947058,0,1,0,0,0,0,West North Central,2026,0,0,27,2706,3,0,0,0,0,-3.523281580689618,45.38766685721812,5.563650118527467,19.475,206,
206,MN-07,TBDMN-07,Michelle Fischbach,FALSE,TRUE,MN,7,no_match,"FISCHBACH, MICHELLE",0,470264.29,470264.29,0,100,Minnesota,MN-07,92.57787069725568,3.271629509209072,0.8109787173887973,0.5944697203611459,1.07584883059101,23.76,-19.185885851097503,-17.798817317560058,-18.14558445094442,-6.26129612947058,0,1,0,0,0,0,West North Central,2026,0,0,27,2707,3,0,0,0,0,-11.88428832147384,37.63524153849641,5.59167045303392,1.6049999999999998,207,
207,MN-08,TBDMN-08,Pete Stauber,FALSE,TRUE,MN,8,no_match,"STAUBER, PETER ALLEN",0,851815.31,851815.31,0,100,Minnesota,MN-08,91.3478036230389,1.5069838633169514,0.847127367116152,2.8305762899559683,1.0075948742093448,26.790000000000003,-8.038044741641642,-6.515640338146604,-6.896241439020364,-6.26129612947058,0,1,0,0,0,0,West North Central,2026,0,0,27,2708,3,0,0,0,0,-0.6349453095497841,47.72666123726394,5.585364880980635,33.69,208,
208,MO-01,Wesley Bell,Paul Berry,TRUE,FALSE,MO,1,"BELL, WESLEY",no_match,2875721.28,0,2875721.28,100,0,Missouri,MO-01,48.22411135585481,2.8251859342551167,2.024763241090814,0.10357382171656115,43.872961109079675,24.952925151642216,27.64727852604593,30.056303606940297,29.454047336716705,-6.26129612947058,1,0,0,0,0,0,West North Central,2026,0,0,29,2901,4,10000,0,0,0,35.715343466187285,89.5923429897828,5.412702494059743,100,209,
209,MO-02,Fred Wellman,Ann Wagner,FALSE,TRUE,MO,2,"WELLMAN, FREDERICK PAUL","WAGNER, ANN L.",1101034.17,2003885.76,3104919.9299999997,35.46095212832107,64.53904787167893,Missouri,MO-02,90.1452303654072,2.1770739794156246,3.072287076051668,0.07080196173240312,2.915659321682669,31.89256226517005,-7.908452567161426,-5.034047585325851,-5.752648830784745,-6.26129612947058,0,1,41,0.6450160156000058,44,0.6450160156000058,West North Central,2026,0,0,29,2902,3,1257.4791258470784,0.6450160156000058,0.8031288910255974,3,0.508647298685835,50.55078171004583,5.548291008334623,53.505,210,
210,MO-03,Bethany Mann,Bob Onder,FALSE,TRUE,MO,3,"MANN, BETHANY","FRASER, JOHN G",43143.69,3695.7,46839.39,92.10984600781522,7.890153992184783,Missouri,MO-03,87.47797854272538,2.8242466869894645,1.830051851469125,0.09466934896488734,5.553657353625019,24.874633496684773,-11.663318453328294,-9.385050916383292,-9.954617800619545,-6.26129612947058,0,1,0,0,0,0,West North Central,2026,0,0,29,2903,3,8484.223731583434,0,0,0,-3.693321671148965,51.4477127590563,5.175459946096717,61.42999999999999,211,
211,MO-04,Jordan Herrera,Mark Alford,FALSE,TRUE,MO,4,"HERRERA, JORDAN","ALFORD, MARK",30935.58,775766.94,806702.5199999999,3.834818812763843,96.16518118723616,Missouri,MO-04,84.96506890814814,4.437771774606586,1.250623470614031,0.2008495937816966,6.468695917062507,22.557965167714368,-11.851267642431637,-9.93357962150079,-10.413001626733502,-6.26129612947058,0,1,0,0,0,0,West North Central,2026,0,0,29,2904,3,14.705835326727492,0,0,0,-4.151705497262922,44.167963957896106,5.585231912794641,14.305000000000001,212,
212,MO-05,Emanuel Cleaver,Rick Brattin,TRUE,FALSE,MO,5,"CLEAVER II, EMANUEL","BURKS, TAYLOR",486831.72,131259.96,618091.6799999999,78.76367467039842,21.23632532960159,Missouri,MO-05,73.78018382378755,5.3012589612341054,0.8906817208378095,0.1748362226950056,17.047058327891644,15.178406672089862,-9.551740672030434,-8.560558036685386,-8.808353695521648,-6.26129612947058,1,0,0,0,0,0,West North Central,2026,0,0,29,2905,3,6203.716447584361,0,0,0,-2.547057566051068,51.87194433947592,5.27757208521052,64.31,213,
213,MO-06,Josh Smead,Chris Stigall,FALSE,FALSE,MO,6,"SMEAD, JOSH","OSHEL, CODY",63748.57,2351,66099.57,96.44324463835392,3.556755361646074,Missouri,MO-06,86.86171799205351,4.470159512651653,1.5162786551983023,0.19214880991151895,4.631797628393457,19.649910011438894,-14.918981414364978,-12.748572423955082,-13.291174671557556,-6.26129612947058,0,0,0,0,0,0,West North Central,2026,0,0,29,2906,3,9301.299436373381,0,0,0,-7.029878542086976,48.73052275154778,5.686689032072812,40.72,214,
214,MO-07,Missi Hesketh,Eric Burlison,FALSE,TRUE,MO,7,"HESKETH, MISSI","BURLISON, ERIC",42039.85,1175086.8,1217126.65,3.454024279231746,96.54597572076824,Missouri,MO-07,89.65877049318723,4.149627703581137,1.1030442196970975,0.3876610329748257,1.7000692251844598,17.80189147282805,-23.35378825457612,-20.839360968114025,-21.46796778972955,-6.26129612947058,0,1,0,0,0,0,West North Central,2026,0,0,29,2907,3,11.930283721522384,0,0,0,-15.20667166025897,35.26538249880372,5.18348931269538,0.44,215,
215,MO-08,Chris Reichard,Jason Smith,FALSE,TRUE,MO,8,"REICHARD, CHRISTOPHER","SMITH, JASON T",5564.67,1563069.75,1568634.42,0.3547461364516023,99.6452538635484,Missouri,MO-08,91.23861504925736,1.8927322191993785,0.5719934436202031,0.18655266226195105,3.487892664627655,13.476632098906212,-28.292200953516925,-26.461519556324888,-26.919189905622897,-6.26129612947058,0,1,0,0,0,0,West North Central,2026,0,0,29,2908,3,0.12584482132733885,0,0,0,-20.657893776152317,28.745858742546712,5.577552632683155,0.055,216,
216,MS-01,Cliff Johnson,Trent Kelly,FALSE,TRUE,MS,1,"JOHNSON, CLIFF","KELLY, JOHN TRENT",524874.66,503554.65,1028429.31,51.03653259357224,48.96346740642777,Mississippi,MS-01,67.30894845786516,2.228882746493287,0.6713523692224451,0.0930851773868872,27.719092784385897,23.12,-18.35068011284727,-18.016228026881983,-18.099841048373307,-6.26129612947058,0,1,0,0,0,0,East South Central,2026,0,0,28,2801,0,2604.7276591747614,0,0,0,-11.838544918902727,37.777388711913424,5.586949309410942,1.815,217,
217,MS-02,Bennie Thompson,Ron Eller,TRUE,FALSE,MS,2,"FOSTER, BENNIE","ELLER, RON",0,42318.44,42318.44,0,100,Mississippi,MS-02,33.94636556366697,1.2536255176988438,0.2941291232425181,0.292271074453873,62.8183998855442,21.2,10.930262232443448,11.03674872958208,11.01012710529742,-6.26129612947058,1,0,0,0,0,0,East South Central,2026,0,0,28,2802,4,0,0,0,0,17.271423234768,65.20359478547789,5.142164617617376,99.675,218,
218,MS-03,Michael Chiaradio,Michael Guest,FALSE,TRUE,MS,3,"CHIARADIO, MICHAEL ALEXIS","GUEST, MICHAEL PATRICK",134823.27,451811.18,586634.45,22.982501283380135,77.01749871661987,Mississippi,MS-03,61.74972997994137,1.5944639608444005,0.8441490869554296,0.8884646713290728,33.24278840115831,27.74,-14.58760356412288,-13.981618134213877,-14.133114491691128,-6.26129612947058,0,1,0,0,0,0,East South Central,2026,0,0,28,2803,0,528.1953652405696,0,0,0,-7.871818362220548,40.382195287989006,5.614720395721915,4.375,219,
219,MS-04,Jeffrey Hulum III,Mike Ezell,FALSE,TRUE,MS,4,"HULUM, JEFFREY III","EZELL, WALTER MICHAEL",24945.18,464028.64,488973.82,5.101536928909609,94.8984630710904,Mississippi,MS-04,70.72681491089575,3.5813580135344183,1.3708072630103536,0.2278772156452061,21.33292223291319,23.5,-21.55033979529749,-20.74594519583728,-20.947043845702332,-6.26129612947058,0,1,0,0,0,0,East South Central,2026,0,0,28,2804,0,26.025679037028485,0,0,0,-14.685747716231752,34.167692705890644,5.635474718670099,0.365,220,
220,MT-01,Sam Forstag,Aaron Flint,FALSE,FALSE,MT,1,"FORSTAG, SAMUEL KELLEY","FLINT, AARON",1218648.73,824179.47,2042828.2,59.65497881809151,40.34502118190849,Montana,MT-01,89.18015372117728,3.4714473179136056,0.8141330643361512,3.499343873023808,0.2999437605448978,37.23,-5.797310086711413,-5.211152378823421,-5.357691805795419,-6.26129612947058,0,0,43,0.7,48,0.7,Mountain,2026,0,0,30,3001,3,3558.7164977869465,0.7,0.8366600265340756,5,0.903604323675161,53.73236875752273,5.716314067322464,75.065,221,
221,MT-02,Brian Miller,Troy Downing,FALSE,TRUE,MT,2,"MILLER, BRIAN JAMES","DOWNING, TROY",13338.91,1227705.56,1241044.47,1.074813217611775,98.92518678238822,Montana,MT-02,86.62166729297097,3.540628242306502,0.5296407376683046,5.879224895241741,0.5112061202929686,30.680000000000003,-16.038411887699475,-14.50386559504981,-14.887502168212226,-6.26129612947058,0,1,0,0,0,0,Mountain,2026,0,0,30,3002,3,1.155223452752977,0,0,0,-8.626206038741646,41.490384621425925,5.6618946358252655,6.550000000000001,222,
222,NC-01,Don Davis,Laurie Buckhout,TRUE,FALSE,NC,1,"DAVIS, DON","BUCKHOUT, LAURIE",2211710.61,557046.77,2768757.38,79.88098292671638,20.11901707328361,North Carolina,NC-01,61.42505218421498,3.298589444855688,0.8315283264979563,0.5482547991527438,31.64543112452923,16.373350220237832,-5.745662318930009,-5.105806356137542,-5.265770346835659,-6.26129612947058,1,0,44.812016774960505,1.6342638201897983,41,1.6342638201897983,South Atlantic,2026,0,0,37,3701,0,6380.9714333383545,1.6342638201897983,1.2783832837571831,-3.8120167749605045,0.9955257826349211,56.2100874653256,5.15035360062545,89.34,223,
223,NC-02,Deborah Ross,Eugene Douglass,TRUE,FALSE,NC,2,"ROSS, DEBORAH",no_match,958372.09,0,958372.09,100,0,North Carolina,NC-02,61.37551800507979,7.287477915912466,4.277900015535637,0.18191146132529817,24.019719419183986,36.27660877182831,15.686977476252244,17.955142000739535,17.388100869617713,-6.26129612947058,1,0,0,0,0,0,South Atlantic,2026,0,0,37,3702,0,10000,0,0,0,23.649396999088292,77.94418251714268,5.304896009166276,100,224,
224,NC-03,Raymond Smith Jr.,Greg Murphy,FALSE,TRUE,NC,3,"SMITH, RAYMOND EDWARD DR. JR.","MURPHY, GREGORY FRANCIS DR.",186152.61,1013137.57,1199290.18,15.5218989619343,84.4781010380657,North Carolina,NC-03,59.28911854081469,7.382465811589066,1.2209054418990424,0.3749435515646337,28.557960623730473,14.353984910009515,-6.4861858446491425,-6.131982552990586,-6.220533375905225,-6.26129612947058,0,1,0,0,0,0,South Atlantic,2026,0,0,37,3703,0,240.92934738449708,0,0,0,0.04076275356535497,49.18615179952096,5.609674476362778,43.585,225,
225,NC-04,Valerie Foushee,Max Ganorkar,TRUE,FALSE,NC,4,"FOUSHEE, VALERIE","GANORKAR, MAHESH",407799.93,6245.32,414045.25,98.49163346276764,1.5083665372323436,North Carolina,NC-04,61.91091459157552,6.187758901559228,7.391016988596695,0.2042355131487084,21.559413544333257,39.77142718700115,21.12813687651606,23.767566647174796,23.107709204510115,-6.26129612947058,1,0,0,0,0,0,South Atlantic,2026,0,0,37,3704,0,9700.60186216417,0,0,0,29.369005333980695,83.05984934263628,5.347842428209981,100,226,
226,NC-05,Chuck Hubbard,Virginia Foxx,FALSE,TRUE,NC,5,"HUBBARD, CHUCK","FOXX, VIRGINIA ANN",391242.52,1111524.2,1502766.72,26.034813972989767,73.96518602701023,North Carolina,NC-05,74.28730330888087,4.466070890234141,1.5996909077678485,0.15229376236628817,17.44863767252163,17.7905120302553,-10.051626466670974,-8.210130533341285,-8.670504516673708,-6.26129612947058,0,1,0,0,0,0,South Atlantic,2026,0,0,37,3705,3,677.8115386081832,0,0,0,-2.409208387203128,48.48938902735585,5.154056339722026,37.830000000000005,227,
227,NC-06,Cyril Jefferson,Addison McDowell,FALSE,TRUE,NC,6,"JEFFERSON, CYRIL","MCDOWELL, ADDISON",181071.42,590164.62,771236.04,23.478080718323277,76.52191928167672,North Carolina,NC-06,69.30082219405496,5.746955879697581,2.5792114874757983,0.12818289571776165,19.81543093230263,19.860028412863866,-10.501497641079403,-7.929391522488302,-8.572418052136078,-6.26129612947058,0,1,0,0,0,0,South Atlantic,2026,0,0,37,3706,0,551.2202742161032,0,0,0,-2.3111219226654978,47.50796077140581,5.6747758964802975,32.305,228,
228,NC-07,Kimberly Hardy,David Rouzer,FALSE,TRUE,NC,7,"HARDY, KIMBERLY DR.","ROUZER, DAVID",283990.97,780612.17,1064603.14,26.675759194172574,73.32424080582742,North Carolina,NC-07,71.30764422263151,4.903644886282699,1.060501190717598,1.9626310752992715,18.26867482600105,22.065815840806355,-7.851195665248994,-6.259270587945537,-6.657251857271401,-6.26129612947058,0,1,0,0,0,0,South Atlantic,2026,0,0,37,3707,0,711.5961285854826,0,0,0,-0.3959557278008212,49.64919247530178,5.583089488063171,47.11,229,
229,NC-08,Colby Watson,Mark Harris,FALSE,TRUE,NC,8,"WATSON, COLBY","HARRIS, MARK E",10409.45,785722.13,796131.58,1.3075037169107149,98.6924962830893,North Carolina,NC-08,66.3646071923023,5.476366772123688,2.75255561963429,5.646468523898841,17.42988078323215,22.45776928074641,-11.250925217291616,-9.060332784372328,-9.60798089260215,-6.26129612947058,0,1,0,0,0,0,South Atlantic,2026,0,0,37,3708,0,1.709565969735335,0,0,0,-3.34668476313157,46.6154062554892,5.619836793611356,26.82,230,
230,NC-09,Richard Ojeda,Richard Hudson,FALSE,TRUE,NC,9,"OJEDA, RICHARD N.","HUDSON, RICHARD L. JR.",2218666.12,909855.49,3128521.6100000003,70.91739794630985,29.08260205369014,North Carolina,NC-09,65.21678715345944,7.504444769067971,1.7331927159231402,0.8018399028029657,21.68637566938757,18.2521027215453,-9.305244372359937,-7.265765137147014,-7.7756349459502445,-6.26129612947058,0,1,0,0,0,0,South Atlantic,2026,0,0,37,3709,0,5029.277331475272,0,0,0,-1.5143388164796647,54.35821491650852,5.322976792759237,80.135,231,
231,NC-10,Ashley Bell,Pat Harrigan,FALSE,TRUE,NC,10,"BELL, ASHLEY","HARRIGAN, PAT",63998.04,618528.05,682526.0900000001,9.376643755845288,90.6233562441547,North Carolina,NC-10,73.74804478544719,6.036537354749185,2.0000564937839185,0.1113986801639732,16.086958056896304,20.843794272785725,-10.397537928607823,-8.192641814639273,-8.743865843131411,-6.26129612947058,0,1,37,0.9227578168954084,52,0.9227578168954084,South Atlantic,2026,0,0,37,3710,3,87.92144812403244,0.9227578168954084,0.9606028403536023,15,-2.4825697136608316,46.79940109308528,5.619776672009326,27.575,232,
232,NC-11,Jamie Ager,TBDNC-11,FALSE,FALSE,NC,11,"AGER, JAMIE",no_match,2799701.44,0,2799701.44,100,0,North Carolina,NC-11,88.74042218016189,3.902083980717238,0.7976323612742842,1.120839640998968,3.3058537906647105,24.807639719247824,-7.843347389424714,-4.057124900974166,-5.003680523086803,-6.26129612947058,0,0,0,0,0,0,South Atlantic,2026,0,0,37,3711,3,10000,0,0,0,1.2576156063837765,57.535532576528695,5.672312370477365,91.25999999999999,233,
233,NC-12,Alma Adams,Jack Codiga,TRUE,FALSE,NC,12,"ADAMS, ALMA SHEALEY","CODIGA, JOHN JACK",94894.06,25650.28,120544.34,78.72129043968386,21.278709560316145,North Carolina,NC-12,43.84427652070399,8.09513994964856,3.8532141900911294,0.18549516422004383,41.47829822151937,29.107885487376244,23.20173846247078,24.268134495919433,24.00153548755727,-6.26129612947058,1,0,0,0,0,0,South Atlantic,2026,0,0,37,3712,4,6197.04156848906,0,0,0,30.26283161702785,81.26865631721573,5.217943070653406,100,234,
234,NC-13,Paul Barringer,Brad Knott,FALSE,TRUE,NC,13,"BARRINGER, PAUL","KNOTT, BRAD",552413.58,485864.57,1038278.15,53.2047775444374,46.795222455562616,North Carolina,NC-13,69.03609201387667,7.440063613142025,0.9772428206517532,0.27602051946041417,19.92502234200508,19.655505963211095,-11.017414681321071,-7.602680414415708,-8.456363981142049,-6.26129612947058,0,1,0,0,0,0,South Atlantic,2026,0,0,37,3713,0,2830.74835355307,0,0,0,-2.1950678516714692,49.214322648642586,5.667230676557774,44.019999999999996,235,
235,NC-14,Lakesha Womack,Tim Moore,FALSE,TRUE,NC,14,"WOMACK, LAKESHA","MOORE, TIM",22688.23,1100993.28,1123681.51,2.019097920370693,97.9809020796293,North Carolina,NC-14,73.75692655207709,5.392651678255039,2.561677196202308,0.14964881939787528,15.548829986235132,23.41048969761841,-10.431040120076418,-6.858512490617322,-7.751644397982096,-6.26129612947058,0,1,40,0.9227578168954084,48,0.9227578168954084,South Atlantic,2026,0,0,37,3714,3,4.076756412045257,0.9227578168954084,0.9606028403536023,8,-1.4903482685115161,48.58624589964638,5.612112111909628,39.184999999999995,236,
236,ND-AL,Trygve Hammer,Julie Fedorchak,FALSE,TRUE,ND,0,"HAMMER, TRYGVE","FEDORCHAK, JULIE",186248.43,383136.23,569384.6599999999,32.71047555092194,67.28952444907806,North Dakota,ND-00,87.59351320874073,3.388134824043896,0.8692946628711306,3.7240260186751377,2.1222685204285106,31.430000000000003,-19.487243347103103,-17.94643919796092,-18.331640235246468,-6.26129612947058,0,1,0,0,0,0,West North Central,2026,0,0,38,3800,3,1069.9752107674622,0,0,0,-12.070344105775888,37.63267930336693,5.269658190184063,1.175,237,
237,NE-01,Chris Backemeyer,Mike Flood,FALSE,TRUE,NE,1,"BACKEMEYER, CHRISTOPHER","FLOOD, MIKE",462913.63,1077618.07,1540531.7000000002,30.048951930038175,69.95104806996181,Nebraska,NE-01,85.22301640013241,7.119493817418661,2.1778010039537707,0.3212568784991078,2.762850795646896,35.33,-7.935022209947121,-5.864109072626114,-6.381837356956366,-6.26129612947058,0,1,38,0.7,45,0.7,West North Central,2026,0,0,31,3101,3,902.939512093745,0.7,0.8366600265340756,7,-0.120541227485786,49.158794326867486,5.616067736886658,43.455,238,
238,NE-02,Denise Powell,Brinker Harding,FALSE,FALSE,NE,2,"POWELL, DENISE","HARDING, BRINKER",2287847.99,1368206.51,3656054.5,62.57696623504929,37.42303376495072,Nebraska,NE-02,78.47041192292507,7.542358276742924,2.4159542419357303,0.1782243445292543,8.65598774898508,41.57,0.9600423371967396,3.0922185944969343,2.5591745301718856,-6.26129612947058,0,0,0,0,0,0,West North Central,2026,0,0,31,3102,3,3915.876703182499,0,0,0,8.820470659642465,59.92102330847318,5.683645960909042,96.09,239,
239,NE-03,Becky Stille,Adrian Smith,FALSE,TRUE,NE,3,"STILLE, BECKY LYNN","SMITH, ADRIAN",18320.65,386745.93,405066.58,4.52287374584198,95.47712625415802,Nebraska,NE-03,87.84027510327948,7.771793916665088,0.6759728684862375,1.1391784362129524,1.1002447560541873,23.8,-28.71792529707688,-26.46533702952136,-27.02848409641024,-6.26129612947058,0,1,0,0,0,0,West North Central,2026,0,0,31,3103,3,20.456386920826663,0,0,0,-20.76718796693966,28.57944763973192,5.590410448892938,0.045,240,
240,NH-01,TBDNH-01,TBDNH-01,FALSE,FALSE,NH,1,no_match,no_match,0,0,0,0,0,New Hampshire,NH-01,91.57732412982816,3.316449892359109,2.079922914077136,0.0653725879306083,1.1369457210506897,39.65,0.7423651161242404,1.7600311304677092,1.505614626881842,-6.26129612947058,0,0,0,0,0,0,New England,2026,0,0,33,3301,3,0,0,0,0,7.766910756352422,57.39479629112415,5.689711278972284,90.96,241,
241,NH-02,Maggie Goodlander,Lily Tang Williams,TRUE,FALSE,NH,2,"GOODLANDER, MAGGIE","WILLIAMS, LILY TANG",2770024.57,973931.18,3743955.75,73.98657342571423,26.01342657428577,New Hampshire,NH-02,91.59443898226988,3.3892893811698888,1.790424223514601,0.0832628894218036,1.131758533992664,38.46,2.2210340526568686,2.563507499158362,2.477889137532989,-6.26129612947058,1,0,49.99905701128345,5.896731298701643,31.002448244345576,5.896731298701643,New England,2026,0,0,33,3302,3,5474.013047278602,5.896731298701643,2.4283186155654373,-18.99660876693787,8.739185267003569,62.0173385974904,5.404350174018452,98.665,242,
242,NJ-01,Donald Norcross,Damon Galdo,TRUE,FALSE,NJ,1,"NORCROSS, DONALD W","GALDO, DAMON",725335.16,10524.73,735859.89,98.56973723625568,1.4302627637443317,New Jersey,NJ-01,66.2242927530459,11.510958322870032,4.1803555501675564,0.0327320904375535,15.82639869071638,34.12,10.110664133889363,10.2594118903261,10.222224951216916,-6.26129612947058,1,0,0,0,0,0,Mid-Atlantic,2026,0,0,34,3401,0,9715.993098824489,0,0,0,16.483521080687495,68.28414088616088,5.237012685302755,99.94,243,
243,NJ-02,Zack Mullock,Jeff Van Drew,FALSE,TRUE,NJ,2,"MULLOCK, ZACK","VAN DREW, JEFF MR",346863.28,1558847.34,1905710.62,18.20125660001832,81.79874339998167,New Jersey,NJ-02,71.65947187180537,12.16003095959328,3.167022553584241,0.1979496118920455,10.655887887915313,29.26,-4.760671538258229,-5.6176263220853855,-5.4033876261285965,-6.26129612947058,0,1,0,0,0,0,Mid-Atlantic,2026,0,0,34,3402,0,331.2857418197104,0,0,0,0.8579085033419833,48.594879849249445,5.5948754899578566,39.46,244,
244,NJ-03,Herb Conaway,Michael McGuire,TRUE,FALSE,NJ,3,"CONAWAY, HERB MD","MCGUIRE, MICHAEL PATRICK",430919.43,58190,489109.43,88.10286687786821,11.89713312213179,New Jersey,NJ-03,69.28174881561739,8.996977334338002,6.657832514875153,0.026502455374542,12.624695784723846,45.21,4.821777379679368,4.997819812856314,4.953809204562077,-6.26129612947058,1,0,0,0,0,0,Mid-Atlantic,2026,0,0,34,3403,0,7762.115152099367,0,0,0,11.215105334032657,65.254333393332,5.433402258152171,99.58,245,
245,NJ-04,Rachel Peace,Chris Smith,FALSE,TRUE,NJ,4,"PEACE, RACHEL","SMITH, CHRISTOPHER H",27640,355752.32,383392.32,7.209325424150384,92.79067457584962,New Jersey,NJ-04,85.00528094634558,8.023341782847487,2.2054992254612027,0.0334459935220391,3.4470497113082663,39.03,-13.634230362009228,-14.518424567103205,-14.29737601582971,-6.26129612947058,0,1,0,0,0,0,Mid-Atlantic,2026,0,0,34,3404,3,51.974373071301116,0,0,0,-8.036079886359131,38.71091604927507,5.555110143512638,2.3449999999999998,246,
246,NJ-05,Josh Gottheimer,Sean Kirrane,TRUE,FALSE,NJ,5,"GOTTHEIMER, JOSH","KIRRANE, SEAN JOSEPH",3247855.95,30602.77,3278458.72,99.06655008912236,0.9334499108776332,New Jersey,NJ-05,64.75866543530947,14.37344461332432,13.482638405693642,0.0860263247782924,5.829187141594631,53.45,4.008924271707492,1.5214026152436162,2.1432830293595853,-6.26129612947058,1,0,0,0,0,0,Mid-Atlantic,2026,0,0,34,3405,0,9814.18134656059,0,0,0,8.404579158830165,65.07733706130202,5.2314781806913215,99.695,247,
247,NJ-06,Frank Pallone,Hillary Herzig,TRUE,FALSE,NJ,6,"PALLONE, FRANK JR","HERZIG, HILLARY",735236.52,4859.1,740095.62,99.34344970181016,0.6565502981898474,New Jersey,NJ-06,53.23652605649328,18.51856111798028,13.698133824079134,0.0498413702542868,12.649548072960098,41.52,7.479238598942615,4.044807323882075,4.90341514264721,-6.26129612947058,1,0,0,0,0,0,Mid-Atlantic,2026,0,0,34,3406,0,9869.120998656084,0,0,0,11.16471127211779,66.09612981954845,5.20368596449351,99.815,248,
248,NJ-07,Rebecca Bennett,Tom Kean,FALSE,TRUE,NJ,7,"BENNETT, REBECCA","KEAN, THOMAS H. JR.",3902262.38,1956555.61,5858817.99,66.60494295368953,33.39505704631046,New Jersey,NJ-07,76.31580768498814,10.353627099877166,6.162350132350651,0.0370235809069047,5.403366723759104,53.66,-0.3099228339712354,0.1515700578646104,0.03619683490564894,-6.26129612947058,0,1,47,0.7,43,0.7,Mid-Atlantic,2026,0,0,34,3407,0,4436.218425864236,0.7,0.8366600265340756,-4,6.297492964376229,55.628753551494206,5.603931290880751,84.95,249,
249,NJ-08,Rob Menendez,TBDNJ-08,TRUE,FALSE,NJ,8,"MENENDEZ, ROBERT",no_match,1127127.43,0,1127127.43,100,0,New Jersey,NJ-08,34.849817448004764,44.86579803800348,8.050251373514214,0.1068483243709829,10.331393110849303,39.05,20.63344227292425,13.15603770064886,15.025388843717709,-6.26129612947058,1,0,0,0,0,0,Mid-Atlantic,2026,0.9401288745957188,0,34,3408,1,10000,0,0,0,21.286684973188287,72.23939216680806,5.7067660039815395,99.98,250,
250,NJ-09,Nellie Pou,Rosie Pino,TRUE,FALSE,NJ,9,"POU, NELIDA","PINO, ROSEMARY",1476223.36,376780.12,1853003.48,79.66651848921515,20.33348151078486,New Jersey,NJ-09,46.00335440270487,34.95045378868905,8.212743856249269,0.0297667314691832,9.452271612186705,32.86,7.283776899047943,0.1646831096768437,1.9444565570196184,-6.26129612947058,1,0,0,0,0,0,Mid-Atlantic,2026,0,0,34,3409,0,6346.7541681924595,0,0,0,8.205752686490198,59.258183887432224,5.400544468747791,95.91499999999999,251,
251,NJ-10,LaMonica McIver,Carmen Bucco,TRUE,FALSE,NJ,10,"MCIVER, LAMONICA","BUCCO, CARMEN",1582475.4,1360,1583835.4,99.91413249129296,0.08586750870702853,New Jersey,NJ-10,22.251755535999717,17.878031405087313,6.366424613223341,0.1546507984969937,51.35763446138619,31.480000000000004,29.00542514162596,26.58379277315776,27.18920086527481,-6.26129612947058,1,0,0,0,0,0,Mid-Atlantic,2026,0,0,34,3410,4,9982.8338714876445,0,0,0,33.45049699474539,85.50225700306862,5.18054873284671,100,252,
252,NJ-11,Analilia Mejia,Joe Hathaway,TRUE,FALSE,NJ,11,"MEJIA, ANALILIA","HATHAWAY, JOE",1453168.86,615711,2068879.86,70.2394028815187,29.760597118481304,New Jersey,NJ-11,68.83687600211395,13.897114807549332,9.715780327663271,0.0589399761732011,5.693171741058232,58.040000000000006,6.3038306815235146,5.198275943517018,5.474664628018642,-6.26129612947058,1,0,0,0,0,0,Mid-Atlantic,2026,0,0,34,3411,0,4933.573717152298,0,0,0,11.735960757489222,63.16105492931882,5.670563668586426,98.94,253,
253,NJ-12,Adam Hamawy,Gregg Mele,FALSE,FALSE,NJ,12,"HAMAWY, ADAM","MELE, GREGG",1476865.43,25678.52,1502543.95,98.29099707865451,1.7090029213454954,New Jersey,NJ-12,49.8590764395051,14.711377322332076,16.204806235115825,0.0493132231603762,17.345425096020463,48.49,15.173644726184882,13.01864815830315,13.557397300273584,-6.26129612947058,0,0,0,0,0,0,Mid-Atlantic,2026,0,0,34,3412,0,9661.12010671607,0,0,0,19.818693429744165,71.84549171260687,5.665483476785238,99.99,254,
254,NM-01,Melanie Stansbury,Didi Okpareke,TRUE,FALSE,NM,1,"STANSBURY, MELANIE","OKPAREKE, NDIDIAMAKA",1126431.34,98440.06,1224871.4,91.96323303817854,8.03676696182146,New Mexico,NM-01,51.75275456325777,37.1125497117222,2.1178699382561703,4.006322217740537,2.3399871146486,37.91,5.141055444333098,7.248256141686731,6.721455967348323,-6.26129612947058,1,0,0,0,0,0,Mountain,2026,0,0,35,3501,0,8457.236230834334,0,0,0,12.982752096818903,66.45296630143005,5.339407785997397,99.81,255,
255,NM-02,Gabe Vasquez,Greg Cunningham,TRUE,FALSE,NM,2,"VASQUEZ, GABRIEL","CUNNINGHAM, GREG",2449659.68,858443.65,3308103.33,74.05027702082087,25.94972297917913,New Mexico,NM-02,35.461950489014825,54.306882535530775,0.9836806690804584,5.062907932817476,2.1744307609094906,22.81,0.7301110921891265,-0.1732891143866339,0.0525609372573062,-6.26129612947058,1,0,43,0.9342638201897988,41,0.9342638201897988,Mountain,2026,0,0,35,3502,1,5483.443526860312,0.9342638201897988,0.966573235812889,-2,6.313857066727886,59.71289536719559,5.399490852186921,96.56,256,
256,NM-03,Teresa Leger Fernandez,Martin Zamora,TRUE,FALSE,NM,3,"LEGER FERNANDEZ, TERESA","ZAMORA, MARTIN R",1017871.37,426423.09,1444294.46,70.47533575667111,29.52466424332889,New Mexico,NM-03,41.15062646613474,37.34299118946188,0.7855343987572668,17.574591443657276,1.1789880826291963,25.69,3.2149210384467395,3.410340424202176,3.361485577763317,-6.26129612947058,1,0,0,0,0,0,Mountain,2026,0,0,35,3503,1,4966.7729500155265,0,0,0,9.622781707233896,62.01941195272223,5.281120401151813,98.725,257,
257,NV-01,Dina Titus,TBDNV-01,TRUE,FALSE,NV,1,"TITUS, DINA",no_match,669878.5,0,669878.5,100,0,Nevada,NV-01,50.466548510573936,25.813357326518027,8.950324024339638,0.319564399595115,10.401743642646334,24.1,2.082892142425777,1.9001196081636635,1.945812741729192,-6.26129612947058,1,0,0,0,0,0,Mountain,2026,0,0,32,3201,0,10000,0,0,0,8.207108871199772,62.709009181275434,5.23503767829256,99.15,258,
258,NV-02,TBDNV-02,TBDNV-02,FALSE,FALSE,NV,2,no_match,no_match,0,0,0,0,0,Nevada,NV-02,72.29993073431959,16.828803495676926,4.0649650053241535,1.3997870338781544,2.1630879398456857,28.17,-7.941422046495546,-6.384606726769071,-6.77381055670069,-6.26129612947058,0,0,0,0,0,0,Mountain,2026,0,0,32,3202,0,0,0,0,0,-0.5125144272301103,49.16068478972711,5.696605695073641,43.575,259,
259,NV-03,Susie Lee,TBDNV-03,TRUE,FALSE,NV,3,"LEE, SUSIE",no_match,2850971.75,0,2850971.75,100,0,Nevada,NV-03,49.88067772978812,17.197419256871598,17.74597384400619,0.3635748710577492,9.97630810166292,33.35,1.1124734331745856,0.3753505030971453,0.5596312356165054,-6.26129612947058,1,0,0,0,0,0,Mountain,2026,0,0,32,3203,0,10000,0,0,0,6.820927365087085,61.66717755336942,5.234208011202507,98.61999999999999,260,
260,NV-04,Steven Horsford,TBDNV-04,TRUE,FALSE,NV,4,"HORSFORD, STEVEN ALEXZANDER",no_match,1336757.39,0,1336757.39,100,0,Nevada,NV-04,46.09830835746967,26.00391656583244,6.606877898413846,0.5597440544304098,16.616751440423847,20.02,1.957107263050915,1.929721264259726,1.9365677639575232,-6.26129612947058,1,0,0,0,0,0,Mountain,2026,0.4723665527410147,0,32,3204,0,10000,0,0,0,8.197863893428103,62.66116890618609,5.226316468661643,99.08,261,
261,NY-01,Christopher Gallant,Nick LaLota,FALSE,TRUE,NY,1,"GALLANT, CHRISTOPHER",no_match,632983.07,0,632983.07,100,0,New York,NY-01,79.02881791358033,10.394108307381993,4.530524909880136,0.1534933798526736,4.313998732529694,45.09,-3.156371477299423,-4.345439379472175,-4.048172403928987,-6.26129612947058,0,1,38,1.118126371,41,1.118126371,Mid-Atlantic,2026,0,0,36,3601,3,10000,1.118126371,1.0574149474071188,3,2.2131237255415925,54.42670836992653,5.626548901698128,79.325,262,
262,NY-02,Patrick Halpin,Andrew Garbarino,FALSE,TRUE,NY,2,"HALPIN, PATRICK","GARBARINO, ANDREW",444898.14,756542.04,1201440.1800000002,37.03040296188529,62.9695970381147,New York,NY-02,64.7037151417627,20.72901372025277,2.9763033517726885,0.1585676178917731,9.933773638404428,32.62,-3.5056936357933424,-6.288219490373841,-5.592588026728716,-6.26129612947058,0,1,0,0,0,0,Mid-Atlantic,2026,0,0,36,3602,0,1371.2507435196026,0,0,0,0.6687081027418635,47.89960536664228,5.623654705212213,34.599999999999994,263,
263,NY-03,Tom Suozzi,Michael LiPetri,TRUE,FALSE,NY,3,"SUOZZI, THOMAS","LIPETRI, MIKE",3675610.56,461044.19,4136654.75,88.8546611244267,11.145338875573312,New York,NY-03,62.13986455463728,12.033330463728191,20.350522268135904,0.1929809458218549,3.8632059228650135,52.38,3.440925029463351,-1.4233687989684114,-0.20729534186047083,-6.26129612947058,1,0,0,0,0,0,Mid-Atlantic,2026,0.6065306597126334,0,36,3603,0,7895.150803536705,0,0,0,6.054000787610109,58.30312901451612,5.134673559332353,95.005,264,
264,NY-04,Laura Gillen,Jeanine Driscoll,TRUE,FALSE,NY,4,"GILLEN, LAURA","DRISCOLL, JEANINE",3004110.1,71913.27,3076023.37,97.66213512220487,2.337864877795125,New York,NY-04,56.032947098334674,16.718328094555847,7.283081018556349,0.0383148024063874,18.334631678533363,43.36,5.077000881933671,1.3964579445680627,2.3165936789094648,-6.26129612947058,1,0,0,0,0,0,Mid-Atlantic,2026,0,0,36,3604,0,9537.892636627803,0,0,0,8.577889808380045,62.724028162910734,5.374005764194904,99.02499999999999,265,
265,NY-05,Greg Meeks,George Marsh,TRUE,FALSE,NY,5,"MEEKS, GREGORY W.",no_match,580263.47,0,580263.47,100,0,New York,NY-05,16.706786132091654,17.577722229395974,15.936068395176417,0.5043681714196508,46.74801056918247,27.68,29.090712870753546,22.15033663518326,23.88543069407583,-6.26129612947058,1,0,0,0,0,0,Mid-Atlantic,2026,0,0,36,3605,4,10000,0,0,0,30.14672682354641,82.12383271732001,5.361005504152824,100,266,
266,NY-06,Grace Meng,Joseph Chou,TRUE,FALSE,NY,6,"MENG, GRACE",no_match,1343717.32,0,1343717.32,100,0,New York,NY-06,33.06878491538872,21.42353573497693,37.35507423410092,0.3192264110993999,5.7867930542661625,37.44,12.53137005151222,4.013329550156463,6.142839675495402,-6.26129612947058,1,0,0,0,0,0,Mid-Atlantic,2026,0,0,36,3606,2,10000,0,0,0,12.404135804965982,66.67920235958542,5.278937400896931,99.835,267,
267,NY-07,Claire Valdez,Melvin Rivera,FALSE,FALSE,NY,7,"VALDEZ, CLAIRE",no_match,1563863.88,0,1563863.88,100,0,New York,NY-07,41.530533505175796,31.469540376137974,11.254586798230132,0.1594605022287529,12.780030701790391,41.510000000000005,28.27895592361592,24.34520548966362,25.328643098151694,-6.26129612947058,0,0,0,0,0,0,Mid-Atlantic,2026,0,0,36,3607,0,10000,0,0,0,31.589939227622274,82.25723008175274,5.639437143515122,100,268,
268,NY-08,Hakeem Jeffries,Lewis Mizrahi,TRUE,FALSE,NY,8,"JEFFRIES, HAKEEM",no_match,10862973.8,0,10862973.8,100,0,New York,NY-08,30.13665296789544,14.162971603374224,7.324915798906158,0.1512143497203597,45.74591354324383,35.21,25.664327755219368,23.10205659119928,23.742624382204305,-6.26129612947058,1,0,0,0,0,0,Mid-Atlantic,2026,0,0,36,3608,4,10000,0,0,0,30.003920511674885,80.56959103092083,5.255275423714205,100,269,
269,NY-09,Yvette Clarke,Joel Anabilah-Azumah,TRUE,FALSE,NY,9,"CLARKE, YVETTE D",no_match,427086.71,0,427086.71,100,0,New York,NY-09,33.52800227090569,9.965685947101257,7.174225220411435,0.1170935746727224,46.98478827144002,36.94,23.966824164411896,21.48219803399308,22.10335456659778,-6.26129612947058,1,0,0,0,0,0,Mid-Atlantic,2026,0,0,36,3609,4,10000,0,0,0,28.36465069606836,80.2011531545879,5.225918158191022,100,270,
270,NY-10,Brad Lander,Jennifer Moore,FALSE,FALSE,NY,10,"LANDER, BRAD MR.",no_match,2406129.84,0,2406129.84,100,0,New York,NY-10,56.83350849535821,17.16667462857689,16.503248459370372,0.1566505836080192,6.8784932881096825,60.57,33.464338891744795,31.69623763335041,32.13826294794901,-6.26129612947058,0,0,0,0,0,0,Mid-Atlantic,2026,0,0,36,3610,0,10000,0,0,0,38.39955907741959,88.29800380984958,5.668959407758071,100,271,
271,NY-11,Michael DeCillis,Nicole Malliotakis,FALSE,TRUE,NY,11,"DECILLIS, MICHAEL","MALLIOTAKIS, NICOLE",67615.8,1096872.23,1164488.03,5.806483043024495,94.1935169569755,New York,NY-11,58.92066294008041,15.48180837501226,16.876728449543986,0.1898597626752966,6.848092576247916,36.4,-6.125528195327995,-11.662914904913016,-10.27856822751676,-6.26129612947058,0,1,0,0,0,0,Mid-Atlantic,2026,0,0,36,3611,0,33.715245328931005,0,0,0,-4.017272098046179,41.763461788460894,5.597682780992664,7.13,272,
272,NY-12,Micah Lasher,Caroline Shinkle,FALSE,FALSE,NY,12,"LASHER, MICAH CHARLES","SHINKLE, CAROLINE",2793975.34,126721.3,2920696.6399999997,95.66126456734652,4.338735432653492,New York,NY-12,70.8102501237653,10.87665723088529,10.439987886415194,0.0819661726330907,5.185629806672265,79.23,33.776876037677575,33.19976313926184,33.34404136386577,-6.26129612947058,0,0,0,0,0,0,Mid-Atlantic,2026,0,0,36,3612,0,9151.077538623867,0,0,0,39.60533749333635,88.90921713778631,5.650900773946262,100,273,
273,NY-13,Darializa Chevalier,Jomo Williams,FALSE,FALSE,NY,13,"AVILA CHEVALIER, DARIALIZA",no_match,1254162.47,0,1254162.47,100,0,New York,NY-13,19.55671268675693,44.9251407401032,5.08346602089878,0.1285145904159804,27.714161642795947,34.4,36.56198429079833,30.88655178021795,32.305409907863044,-6.26129612947058,0,0,0,0,0,0,Mid-Atlantic,2026,0,0,36,3613,1,10000,0,0,0,38.566706037333624,87.53219146049491,5.67173198166978,100,274,
274,NY-14,Alexandria Ocasio-Cortez,Diamant Hysenaj,TRUE,FALSE,NY,14,"OCASIO-CORTEZ, ALEXANDRIA","HYSENAJ, DIAMANT",31963298.55,333157.09,32296455.64,98.96844070534053,1.031559294659493,New York,NY-14,24.177610462023807,45.6429632618624,11.528585315749895,0.2434841620659929,16.771519231121953,27.65,25.53940547204773,16.93310750581785,19.08468199737532,-6.26129612947058,1,0,0,0,0,0,Mid-Atlantic,2026,0.6065306597126334,0,36,3614,1,9794.752255646503,0,0,0,25.3459781268459,75.08044268871805,5.256233124161731,99.995,275,
275,NY-15,Ritchie Torres,Stylo Sapaskis,TRUE,FALSE,NY,15,"TORRES, RITCHIE JOHN",no_match,2310384.33,0,2310384.33,100,0,New York,NY-15,11.57053736122229,48.00164445063167,2.9689294539379807,0.3117060522743883,35.63019872620332,21.790000000000003,33.221242699083284,25.154042435406417,27.170842501325637,-6.26129612947058,1,0,0,0,0,0,Mid-Atlantic,2026,0,0,36,3615,1,10000,0,0,0,33.43213863079622,83.84696378285948,5.1474875267102504,100,276,
276,NY-16,George Latimer,Joseph Cinquemani,TRUE,FALSE,NY,16,"LATIMER, GEORGE",no_match,314059.13,0,314059.13,100,0,New York,NY-16,46.37767803258902,24.050807181653592,5.683275497887749,0.130695534097767,21.90819251659626,47.3,20.23556170950173,17.404900495712504,18.11256579915981,-6.26129612947058,1,0,0,0,0,0,Mid-Atlantic,2026,0,0,36,3616,0,10000,0,0,0,24.37386192863039,78.09049073504133,5.40422013026254,100,277,
277,NY-17,Cait Conley,Mike Lawler,FALSE,TRUE,NY,17,"CONLEY, CAIT","LAWLER, MICHAEL VINCENT",3706160.25,3186004.97,6892165.220000001,53.77352590511462,46.226474094885376,New York,NY-17,70.96192426138998,14.97844645581664,4.840492513028774,0.0598657430952653,7.686273479475809,48.49,2.8200183573233417,1.0299154773195198,1.4774411973204753,-6.26129612947058,0,1,45.156077500178526,1.5792798357898046,49.86993541651791,1.5792798357898046,Mid-Atlantic,2026,0,0,36,3617,0,2891.592088268033,1.5792798357898046,1.2566940104057966,4.713857916339386,7.738737326791055,53.83937184216241,5.592516953555,76.19500000000001,278,
278,NY-18,Pat Ryan,Jacqueline Auringer,TRUE,FALSE,NY,18,"RYAN, PATRICK","AURINGER, JACKIE MARY",3604130.15,80898.05,3685028.2,97.80468301436608,2.195316985633923,New York,NY-18,70.38977411647032,14.839235107801734,2.477807568348522,0.0830045565681262,9.887961213603024,34.56,2.3448985884371254,2.427024020396253,2.406492662406471,-6.26129612947058,1,0,0,0,0,0,Mid-Atlantic,2026,0,0,36,3618,0,9565.756019540628,0,0,0,8.66778879187705,64.8204288861813,5.327947222035346,99.595,279,
279,NY-19,Josh Riley,Pete Oberacker,TRUE,FALSE,NY,19,"RILEY, JOSH","OBERACKER, PETER KARL JR",3492055.66,455096.53,3947152.19,88.47025632421838,11.5297436757816,New York,NY-19,85.9006724385122,5.5801945793421925,2.57642905430782,0.0818095421604904,3.959843108566651,33.6,0.0104946181284191,1.6503595633770232,1.2403933270648722,-6.26129612947058,1,0,0,0,0,0,Mid-Atlantic,2026,0,0,36,3619,3,7826.986254072903,0,0,0,7.501689456535452,62.91666457014612,5.375208158951625,99.03999999999999,280,
280,NY-20,Paul Tonko,Ralph Ambrosio,TRUE,FALSE,NY,20,"TONKO, PAUL DAVID","AMBROSIO, RALPH",338374.26,27690.52,366064.78,92.43562300639792,7.56437699360206,New York,NY-20,79.69113407431705,5.995012123539777,3.732830479782287,0.0807686538502747,8.242523542414258,40.79,7.504645218967212,7.910504588821603,7.809039746358005,-6.26129612947058,1,0,0,0,0,0,Mid-Atlantic,2026,0,0,36,3620,3,8544.34440058092,0,0,0,14.070335875828585,70.50531843298927,5.2218716472987445,99.99,281,
281,NY-21,Blake Gendebien,Anthony Constantino,FALSE,FALSE,NY,21,"GENDEBIEN, BLAKE","CONSTANTINO, ANTHONY THOMAS",5333625.81,0,5333625.81,100,0,New York,NY-21,91.9994871887589,2.9473497356227942,0.7573827560645682,0.5700094179756776,2.347261966006532,24.87,-10.255388696277096,-9.629938813190163,-9.786301283961896,-6.26129612947058,0,0,44,0.92023196841898,45,0.92023196841898,Mid-Atlantic,2026,0,0,36,3621,3,10000,0.92023196841898,0.9592872189386138,1,-3.525005154491316,51.03495156588478,5.677335839061328,57.330000000000005,282,
282,NY-22,John Mannion,Kailee Buller,TRUE,FALSE,NY,22,"MANNION, JOHN W","BULLER, KAILEE",1703048.58,217988.61,1921037.19,88.65255648694652,11.347443513053488,New York,NY-22,83.08048582114186,4.492722551752067,2.549574106781282,0.275988334303206,7.297526314177497,33.629999999999995,3.5370488775932998,4.597061350766801,4.332058232473425,-6.26129612947058,1,0,0,0,0,0,Mid-Atlantic,2026,0,0,36,3622,3,7859.275771671244,0,0,0,10.593354361944005,66.55064879412632,5.3689171256970525,99.83,283,
283,NY-23,Aaron Gies,Nick Langworthy,FALSE,TRUE,NY,23,"GIES, AARON DR.","LANGWORTHY, NICK",221174.36,893794.6,1114968.96,19.83681769939138,80.16318230060861,New York,NY-23,92.6938085220476,2.7989935239038077,0.7086581693684775,0.4496143216598605,2.001237470610073,29.54,-11.546661306557162,-9.843922173513462,-10.269606956774387,-6.26129612947058,0,1,0,0,0,0,Mid-Atlantic,2026,0,0,36,3623,3,393.49933643888704,0,0,0,-4.0083108273038075,43.80111241692466,5.584393892263749,12.78,284,
284,NY-24,Alissa Ellman,Claudia Tenney,FALSE,TRUE,NY,24,"ELLMAN, ALISSA","TENNEY, CLAUDIA",157890.41,1058433.42,1216323.8299999998,12.980951791432055,87.01904820856795,New York,NY-24,91.98965472394214,3.028347439280769,0.6990140379008507,0.1964022014167957,2.412141705916925,25.01,-12.630731967818477,-10.868516339180466,-11.309070246339967,-6.26129612947058,0,1,0,0,0,0,Mid-Atlantic,2026,0,0,36,3624,3,168.5051094114831,0,0,0,-5.0477741168693875,43.625447101728916,5.562011972547234,12.08,285,
285,NY-25,Joseph Morelle,Virginia McIntyre,TRUE,FALSE,NY,25,"MORELLE, JOSEPH D","MCINTYRE, VIRGINIA",735140.1,30416.43,765556.53,96.0268864795654,3.973113520434605,New York,NY-25,74.63488536511463,7.965020368312965,2.6153923846076155,0.0796215870450796,12.31996768003232,40.85,8.277278333473404,10.07710317223927,9.627146962547805,-6.26129612947058,1,0,0,0,0,0,Mid-Atlantic,2026,0,0,36,3625,0,9221.162926959341,0,0,0,15.888443092018385,69.02130992818206,5.694625420753565,99.91499999999999,286,
286,NY-26,Tim Kennedy,Dennis Hannon,TRUE,FALSE,NY,26,"KENNEDY, TIMOTHY",no_match,1713469.97,0,1713469.97,100,0,New York,NY-26,72.80794919615346,6.214120799730329,3.4344091376456976,0.2573054244184372,15.11817585868698,34.29,10.522780785801524,10.530408909331882,10.528501878449292,-6.26129612947058,1,0,0,0,0,0,Mid-Atlantic,2026,0,0,36,3626,0,10000,0,0,0,16.78979800791987,72.40681180550298,5.363503984878844,99.995,287,
287,OH-01,Greg Landsman,Eric Conroy,TRUE,FALSE,OH,1,"LANDSMAN, GREG","CONROY, ERIC",2810230.49,572462.71,3382693.2,83.076717983173893,16.923282016826118,Ohio,OH-01,75.94651682488715,2.547967850230783,2.305790155748829,0.08605471447181794,16.12879635645019,27.756510177883733,-2.185245259161526,-0.5598072550318918,-0.9661667560643004,-6.26129612947058,1,0,0,0,0,0,East North Central,2026,0,0,39,3901,3,6901.741070855808,0,0,0,5.295129373406279,57.9475736582099,5.318890669448742,93.55499999999999,288,
288,OH-02,Jennifer Mazzuckelli,David Taylor,FALSE,TRUE,OH,2,no_match,"TAYLOR, DAVID",0,624834.38,624834.38,0,100,Ohio,OH-02,94.18827963450197,1.217289937670171,0.5733623889335493,0.08890227789575021,1.969275503738644,14.700531293884582,-22.36189029142297,-20.490043894385703,-20.958005493645015,-6.26129612947058,0,1,0,0,0,0,East North Central,2026,0,0,39,3902,3,0,0,0,0,-14.696709364174435,33.45393187290417,5.619713737455166,0.325,289,
289,OH-03,Joyce Beatty,Cleophus Dulaney,TRUE,FALSE,OH,3,"BEATTY, JOYCE",no_match,306097.61,0,306097.61,100,0,Ohio,OH-03,62.720867706224105,3.754022797766475,4.0255340633655745,0.06019853157951414,25.88854621428912,29.36456101352461,19.94358573949011,21.077087502230164,20.79371206154515,-6.26129612947058,1,0,0,0,0,0,East North Central,2026,0,0,39,3903,0,10000,0,0,0,27.05500819101573,78.890368856182,5.223082543129703,100,290,
290,OH-04,Joshua Kolasinski,Jim Jordan,FALSE,TRUE,OH,4,"KOLASINSKI, JOSHUA","JORDAN, JAMES D.",7668.01,3289988.27,3297656.28,0.23252908577846085,99.76747091422156,Ohio,OH-04,89.75074978452552,2.1907545191292996,0.9052429068466704,0.11553100081855298,4.4681989667227375,15.474311286981854,-22.79681895288208,-20.756660855088104,-21.2667003795366,-6.26129612947058,0,1,0,0,0,0,East North Central,2026,0,0.36787944117144233,39,3904,3,0.054069775732966806,0,0,0,-15.005404250066022,33.942419412130846,5.586280906935065,0.305,291,
291,OH-05,Brian Shaver,Bob Latta,FALSE,TRUE,OH,5,no_match,"LATTA, ROBERT EDWARD",0,610476.79,610476.79,0,100,Ohio,OH-05,86.23232853588762,6.4329608892858134,0.7000704977533952,0.08996233031877743,4.320808941274226,16.263088047617654,-13.02994048716537,-11.235913931470854,-11.684420570394485,-6.26129612947058,0,1,0,0,0,0,East North Central,2026,0,0,39,3905,3,0,0,0,0,-5.423124440923905,40.59837612773586,5.579567890952378,4.75,292,
292,OH-06,Elizabeth Kirtley,Michael Rulli,FALSE,TRUE,OH,6,no_match,"RULLI, MICHAEL",0,269129.94,269129.94,0,100,Ohio,OH-06,89.64716874674089,2.490989634995912,0.353176698562783,0.0838938594629806,5.486658408878931,13.643384813483069,-17.421060547103167,-16.698316716039194,-16.87900267380519,-6.26129612947058,0,1,0,0,0,0,East North Central,2026,0,0,39,3906,3,0,0,0,0,-10.61770654433461,37.45306528177889,5.651391016327412,1.5,293,
293,OH-07,Brian Poindexter,Max Miller,FALSE,TRUE,OH,7,"POINDEXTER, BRIAN","MILLER, MAX",439659.22,924384.95,1364044.17,32.23203688484663,67.76796311515338,Ohio,OH-07,89.43293520769474,3.3489456717048935,2.1874339393298805,0.06820764189831942,3.2181455448684075,26.556778662007535,-7.118675151896383,-4.823517174656573,-5.397306668966525,-6.26129612947058,0,1,43,0.9280004852610164,44,0.9280004852610164,East North Central,2026,0,0,39,3907,3,1038.9042017461136,0.9280004852610164,0.963327818170438,1,0.8639894605040546,48.58300942466149,5.637449499115567,39.6,294,
294,OH-08,Vanessa Enoch,Warren Davidson,FALSE,TRUE,OH,8,"ENOCH, VANESSA L. DR.","DAVIDSON, WARREN",25395.53,166376.09,191771.62,13.242590326973303,86.7574096730267,Ohio,OH-08,79.06503257072835,2.593559827649083,2.490031749762784,0.12202140732508682,12.70388031531991,23.026888539070914,-9.739524914307324,-7.137463278344143,-7.787978687334938,-6.26129612947058,0,1,0,0,0,0,East North Central,2026,0,0,39,3908,3,175.3661985680469,0,0,0,-1.5266825578643584,47.16524939204989,5.039222009836012,27.889999999999997,295,
295,OH-09,Marcy Kaptur,Derek Merrin,TRUE,FALSE,OH,9,"KAPTUR, MARCY HON. M.C.","MERRIN, DEREK",2303405.52,451830.75,2755236.27,83.60101618435793,16.398983815642058,Ohio,OH-09,80.03741457896886,5.7741605145675905,0.976025219701888,0.06743325279270716,11.03730079581278,18.273688716637427,-5.69382564442521,-4.589736528605641,-4.865758807560534,-6.26129612947058,1,0,0,0,0,0,East North Central,2026,0,0,39,3909,3,6989.129907057277,0,0,0,1.3955373219100462,57.30802595658305,5.221086635538363,92.29,296,
296,OH-10,Kristina Knickerbocker,Mike Turner,FALSE,TRUE,OH,10,"KNICKERBOCKER, KRISTINA","TURNER, MICHAEL R REP.",321737.5,376197.66,697935.1599999999,46.09847997914305,53.90152002085695,Ohio,OH-10,76.80551238213657,2.8105060147536105,1.588670403534984,0.0384382698099144,15.595241676443358,21.230357782505664,-5.198879114433289,-3.181632661962567,-3.685944275080248,-6.26129612947058,0,1,41.886878724507234,1.5068074990240672,48.886878724507234,1.5068074990240672,East North Central,2026,0,0,39,3910,3,2125.0698563874525,1.5068074990240672,1.2275208751887143,7,2.5753518543903318,48.07427972959335,5.568478762353905,35.385,297,
297,OH-11,Shontel Brown,Mike Kirchner,TRUE,FALSE,OH,11,"BROWN, M SHONTEL",no_match,448898.41,0,448898.41,100,0,Ohio,OH-11,46.22657120664618,6.699537334098816,1.985579683225828,0.0697375975144372,42.35030900678802,22.07983187899793,26.834411222004867,28.48376847736292,28.071429163523405,-6.26129612947058,1,0,0,0,0,0,East North Central,2026,0,0,39,3911,4,10000,0,0,0,34.332725292993985,85.19047379992632,5.320600500861003,100,298,
298,OH-12,Jerrad Christian,Troy Balderson,FALSE,TRUE,OH,12,"CHRISTIAN, JERRAD SHANE","BALDERSON, WILLIAM TROY",82127.23,628215.29,710342.52,11.561637898291655,88.43836210170835,Ohio,OH-12,89.82201316149163,1.684024189408133,2.252755312268724,0.05733983184760939,4.179973730356107,21.023273169412985,-16.958603242446216,-14.427582143746244,-15.060337418421236,-6.26129612947058,0,1,0,0,0,0,East North Central,2026,0,0,39,3912,3,133.6714708912139,0,0,0,-8.799041288950656,39.52738930444066,5.193966210639877,2.385,299,
299,OH-13,Emilia Sykes,Carey Coleman,TRUE,FALSE,OH,13,"SYKES, EMILIA","COLEMAN, CAREY",1922344.38,65571.79,1987916.17,96.70148112935767,3.298518870642317,Ohio,OH-13,80.63671879520741,2.0717499020419905,2.275932419719898,0.06993457892935616,11.9599703067367,23.175870509518997,0.730426067206146,2.4110369884279166,1.990884258122474,-6.26129612947058,1,0,0,0,0,0,East North Central,2026,0,0,39,3913,3,9351.176452611518,0,0,0,8.252180387593054,62.665236645629605,5.291710954488011,99.02,300,
300,OH-14,Maria Jukic,David Joyce,FALSE,TRUE,OH,14,"JUKIC, MARIA","JOYCE, DAVID P.",61305.75,383806.12,445111.87,13.773110566563862,86.22688943343614,Ohio,OH-14,90.62896050487548,2.478952745518972,0.6467746941520316,0.05593202803714145,4.423964772521533,19.064431950185824,-10.890466701036845,-9.516424837172906,-9.85993530313889,-6.26129612947058,0,1,0,0,0,0,East North Central,2026,0,0,39,3914,3,189.6985746787931,0,0,0,-3.5986391736683103,42.972368850748495,5.58880962548858,9.89,301,
301,OH-15,Don Leonard,Mike Carey,FALSE,TRUE,OH,15,"LEONARD, DON RALPH","CAREY, MIKE",583487.97,900358.7,1483846.67,39.32265926101381,60.67734073898619,Ohio,OH-15,80.32048576554796,3.3158431335768417,2.7343417553768905,0.08475886277227482,10.529030778930474,21.718629370772383,-6.000550754787888,-4.30697226025945,-4.730366883891559,-6.26129612947058,0,1,0,0,0,0,East North Central,2026,0,0,39,3915,3,1546.2715313577953,0,0,0,1.5309292455790207,49.49437799768021,5.624684548563696,46.065,302,
302,OK-01,John Croisant,Mark Tedford,FALSE,FALSE,OK,1,"CROISANT, JOHN THOMAS","TEDFORD, MARK",140971.56,402461,543432.56,25.940948403974907,74.05905159602509,Oklahoma,OK-01,68.68702904072475,7.785115570231141,2.5960968588603843,5.279506392346118,8.376725086783507,32.08,-13.22771657767511,-10.249326667420434,-10.993924144984105,-6.26129612947058,0,0,0,0,0,0,West South Central,2026,0,0,40,4001,0,672.9328040976883,0,0,0,-4.732628015513525,46.88780566020174,5.675615074622302,28.335,303,
303,OK-02,Brandon Wade,Josh Brecheen,FALSE,TRUE,OK,2,"WADE, BRANDON","BRECHEEN, JOSH",3230.26,108885.55,112115.81,2.8811815211431826,97.11881847885682,Oklahoma,OK-02,67.9554674192991,3.737873264817451,0.7966822733668506,15.091377366719056,3.139991277802006,19.11,-29.457269572081294,-27.50559283028878,-27.99351201573691,-6.26129612947058,0,1,0,0,0,0,West South Central,2026,0,0,40,4002,3,8.301206957776943,0,0,0,-21.73221588626633,30.42085938391585,5.201147049226057,0.065,304,
304,OK-03,Suzie Byrd,Frank Lucas,FALSE,TRUE,OK,3,no_match,"LUCAS, FRANK D.",0,219820.49,219820.49,0,100,Oklahoma,OK-03,70.79848633638008,12.540062805529477,1.3325491634922175,4.510775141096614,5.118686623429412,21.18,-25.1075512649572,-22.459052914442303,-23.121177502071024,-6.26129612947058,0,1,0,0,0,0,West South Central,2026,0,0,40,4003,3,0,0,0,0,-16.859881372600444,33.54380728281771,5.592837884558166,0.3,305,
305,OK-04,Mitchell Jacob,Tom Cole,FALSE,TRUE,OK,4,"JACOB, MITCHELL LEIGH","COLE, TOM",42046.32,2062049.37,2104095.69,1.998308356403696,98.00169164359632,Oklahoma,OK-04,71.60918910210094,7.80552136743619,2.183167486351051,4.533759868186114,6.945641720689431,26.92,-18.47330326290613,-16.19368689576448,-16.76359098754989,-6.26129612947058,0,1,0,0,0,0,West South Central,2026,0,0,40,4004,3,3.993236287272841,0,0,0,-10.50229485807931,39.14760908014899,5.597559622857244,2.665,306,
306,OK-05,Jena Nelson,Stephanie Bice,FALSE,TRUE,OK,5,"NELSON, JENA","BICE, STEPHANIE",439761.87,453943.55,893705.4199999999,49.206579725117926,50.793420274882074,Oklahoma,OK-05,70.12491454640215,6.60666301162169,2.6791818114132164,3.3990226138986466,11.118274548026614,37,-10.932479438595507,-8.309948446540567,-8.965581194554302,-6.26129612947058,0,1,0,0,0,0,West South Central,2026,0,0,40,4005,0,2421.2874882443866,0,0,0,-2.704285065083722,49.00319030341502,5.59753391113455,42.559999999999995,307,
307,OR-01,Suzanne Bonamici,Barbara Kahl,TRUE,FALSE,OR,1,"BONAMICI, SUZANNE MS.","KAHL, BARBARA J DR DVM",392016.09,3966.06,395982.15,98.99842455019753,1.001575449802472,Oregon,OR-01,74.38325747065815,10.9681758943961,7.599643808497383,0.3286745624997611,2.2147314996350183,46.26,17.90246787231188,20.30521970734456,19.70453174858639,-6.26129612947058,1,0,0,0,0,0,Pacific,2026,0,0,41,4101,0,9800.688063421152,0,0,0,25.96582787805697,79.87253072888863,5.197751246544303,100,308,
308,OR-02,Chris Beck,Cliff Bentz,FALSE,TRUE,OR,2,"BECK, CHRIS","BENTZ, CLIFF",86900,448526.26,535426.26,16.23005939230549,83.76994060769451,Oregon,OR-02,83.46264608067183,9.93515783215354,0.8858666369395983,1.3462646080671832,0.6413614997305984,23.07,-14.781876600515446,-13.189206336151322,-13.587373902242351,-6.26129612947058,0,1,0,0,0,0,Pacific,2026,0,0,41,4102,3,263.41482787776357,0,0,0,-7.326077772771772,42.04519124612885,5.607917862949757,7.535,309,
309,OR-03,Maxine Dexter,Loran Ayles,TRUE,FALSE,OR,3,"DEXTER, MAXINE",no_match,673580.97,0,673580.97,100,0,Oregon,OR-03,73.20952830206696,9.660841184143433,7.174491376363348,0.4663696313540953,5.063796386303783,40.24,21.92698993520812,24.55693577006344,23.899449311349613,-6.26129612947058,1,0,0,0,0,0,Pacific,2026,0,0,41,4103,0,10000,0,0,0,30.160745440820193,83.61723756340254,5.399968128385966,100,310,
310,OR-04,Val Hoyle,Monique DeSpain,TRUE,FALSE,OR,4,"HOYLE, VALERIE","DESPAIN, MONIQUE",612316.32,317313.7,929630.02,65.86666811814015,34.13333188185984,Oregon,OR-04,85.1829525483304,6.6019332161687165,2.191388400702988,0.8938488576449912,0.7901581722319859,31.91,4.269501905509934,6.971511269141843,6.296008928233865,-6.26129612947058,1,0,0,0,0,0,Pacific,2026,0,0,41,4104,3,4338.417968985221,0,0,0,12.557305057704445,64.71840765442026,5.181026656144614,99.63,311,
311,OR-05,Janelle Bynum,Patti Adair,TRUE,FALSE,OR,5,"BYNUM, JANELLE","ADAIR, PATTI",2165823.15,412318.89,2578142.04,84.00713057687076,15.992869423129225,Oregon,OR-05,85.74618629361179,6.8983691091159844,2.720967259144724,0.3748055730521955,0.825453724090945,36.88,2.2767400110910145,5.154381841034464,4.434971383548602,-6.26129612947058,1,0,0,0,0,0,Pacific,2026,0,0,41,4105,3,7057.197987759415,0,0,0,10.696267513019182,65.85639881067401,5.39629283537553,99.74499999999999,312,
312,OR-06,Andrea Salinas,David Russ,TRUE,FALSE,OR,6,"SALINAS, ANDREA","RUSS, DAVID HONORABLE",915858.3,790.84,916649.14,99.91372489587457,0.08627510412544544,Oregon,OR-06,76.89105938316372,13.938667290521307,3.5555815494989664,0.6312629157406324,1.2475143291613051,34.36,4.503672586637542,6.620947171983886,6.0916285256473,-6.26129612947058,1,0,0,0,0,0,Pacific,2026,0,0,41,4106,3,9982.752422568505,0,0,0,12.35292465511788,65.75189479025993,5.3640704926021865,99.7,313,
313,PA-01,Bob Harvie,Brian Fitzpatrick,FALSE,TRUE,PA,1,"HARVIE, ROBERT J","FITZPATRICK, BRIAN",1744286.49,1622227.6,3366514.09,51.8128379495361,48.1871620504639,Pennsylvania,PA-01,85.11678796097935,4.7351575408081485,4.701466251707961,0.0501966175987639,3.542519938266668,43.23,0.0746601943188522,0.9112440515127388,0.7020980872142671,-6.26129612947058,0,1,41.99999319477283,1.9799178544240617,47.9999523634098,1.9799178544240617,Mid-Atlantic,2026,0,0,42,4201,3,2684.570176384889,1.9799178544240617,1.4070955384848827,5.99995916863697,6.963394216684847,54.14344915999825,5.572565124378251,77.82,314,
314,PA-02,Brendan Boyle,Jessica Arriaga,TRUE,FALSE,PA,2,"BOYLE, BRENDAN F",no_match,495116.74,0,495116.74,100,0,Pennsylvania,PA-02,43.47696640987822,21.12912482347019,8.06327455208927,0.0946062675183189,25.06145489944901,26.8,19.265049698510943,18.834992620453317,18.942506889967724,-6.26129612947058,1,0,0,0,0,0,Mid-Atlantic,2026,0,0,42,4202,0,10000,0,0,0,25.203803019438304,79.20428600082673,5.216131363440691,100,315,
315,PA-04,Madeleine Dean,Aurora Stuski,TRUE,FALSE,PA,4,"DEAN, MADELEINE",no_match,615035.7,0,615035.7,100,0,Pennsylvania,PA-04,80.95904920002852,4.6694707254229,4.329317350877371,0.0392092961676732,8.162492828602758,47.65,7.29904378420018,8.734846385659495,8.375895735294666,-6.26129612947058,1,0,0,0,0,0,Mid-Atlantic,2026,0,0,42,4204,3,10000,0,0,0,14.637191864765246,69.85386093976413,5.221015384827555,99.98,316,
316,PA-05,Mary Gay Scanlon,Nicholas Manganaro,TRUE,FALSE,PA,5,"SCANLON, MARY GAY","MANGANARO, NICHOLAS WALN MORRIS",540398.47,3871.15,544269.62,99.28874406034274,0.7112559396572603,Pennsylvania,PA-05,64.99693321541665,4.261225857986477,5.408238952443443,0.0588394716572048,23.021745642313068,41.16,14.012240667501338,15.217241466468884,14.915991266726998,-6.26129612947058,1,0,0,0,0,0,Mid-Atlantic,2026,0,0,42,4205,0,9858.254697080245,0,0,0,21.177287396197578,74.16740078166724,5.232518831225868,99.995,317,
317,PA-06,Chrissy Houlahan,Marty Young,TRUE,FALSE,PA,6,"HOULAHAN, CHRISSY","YOUNG, MARTIN",1095495.07,307138.53,1402633.6,78.10272547299594,21.89727452700406,Pennsylvania,PA-06,77.78656154506074,11.759534326411094,3.1442538800224047,0.0347411782222442,5.252121693384288,47.71,5.176573362202305,6.513059016773916,6.178937603131013,-6.26129612947058,1,0,0,0,0,0,Mid-Atlantic,2026,0,0,42,4206,0,6100.03572631017,0,0,0,12.440233732601593,64.721751830621,5.225643014448277,99.6,318,
318,PA-07,Bob Brooks,Ryan Mackenzie,FALSE,TRUE,PA,7,"BROOKS, BOB","MACKENZIE, RYAN EDWARD",1942165.53,1493241.01,3435406.54,56.53379032107216,43.46620967892784,Pennsylvania,PA-07,75.4589458187415,15.481045910882408,2.4359860879233635,0.0301988836708115,4.952273752880476,31.05,-1.9562636834240836,-0.8693788320815159,-1.1411000449171578,-6.26129612947058,0,1,0,0.9280004852610164,0,0.9280004852610164,Mid-Atlantic,2026,0,0,42,4207,3,3196.069448066952,0.9280004852610164,0.963327818170438,0,5.120196084553422,53.766253081693115,5.5979305069597345,75.75,319,
319,PA-08,Paige Cognetti,Rob Bresnahan,FALSE,TRUE,PA,8,"COGNETTI, PAIGE","BRESNAHAN, ROB",3862341.76,1891896.85,5754238.609999999,67.12168232453607,32.87831767546393,Pennsylvania,PA-08,80.77029995660664,10.065395150791929,1.516055543501844,0.0676326209589932,5.885055055326535,26.41,-3.737290733625315,-3.533617008492556,-3.584535439775746,-6.26129612947058,0,1,46.72100571142595,3.0528066508189804,44.99999999978658,3.0528066508189804,Mid-Atlantic,2026,0,0,42,4208,3,4505.320238075938,3.0528066508189804,1.7472282766768,-1.7210057116393713,2.676760689694834,53.13192478313301,5.6497044833734895,71.52,320,
320,PA-09,Rachel Wallace,Dan Meuser,FALSE,TRUE,PA,9,"WALLACE, RACHEL","MEUSER, DANIEL",655064.65,890906.51,1545971.16,42.372371939978485,57.62762806002151,Pennsylvania,PA-09,90.77303886124812,4.861833843221412,0.6863220385816232,0.031271664728044,2.2710839685562583,22.2,-20.80255623568188,-18.39342565891737,-18.995708303108497,-6.26129612947058,0,1,0,0,0,0,Mid-Atlantic,2026,0,0,42,4209,3,1795.417903819876,0,0,0,-12.734412173637917,38.42257381349629,5.60280970663464,2.3,321,
321,PA-10,Janelle Stelson,Scott Perry,FALSE,TRUE,PA,10,"STELSON, JANELLE","PERRY, SCOTT",4909050.14,3100218.61,8009268.75,61.292114089691395,38.707885910308605,Pennsylvania,PA-10,77.69718763088804,7.640626968641352,3.1695764249983824,0.0393302618271715,9.11525639584972,33.19,-4.3669449856621085,-1.8956573990868648,-2.5134792957306757,-6.26129612947058,0,1,50.99994871098405,3.027655683764749,44.999982903463696,3.027655683764749,Mid-Atlantic,2026,0,0,42,4210,3,3756.7232495837466,3.027655683764749,1.740016001008252,-5.999965807520354,3.747816833739904,57.27719475165151,5.1949394584315876,92.435,322,
322,PA-11,Nancy Mannion,Lloyd Smucker,FALSE,TRUE,PA,11,"MANNION, NANCY","SMUCKER, LLOYD K.",157523,224612.38,382135.38,41.2217785225749,58.7782214774251,Pennsylvania,PA-11,85.90629051513876,7.497374533487953,1.7974610798107613,0.045667723694878,3.1642430275477285,29.39,-13.06078237338177,-10.03726444178544,-10.793143924684523,-6.26129612947058,0,1,0,0,0,0,Mid-Atlantic,2026,0,0,42,4211,3,1699.2350245642174,0,0,0,-4.5318477952139435,45.78825276024362,5.544580766698512,21.455,323,
323,PA-12,Summer Lee,James Hayes,TRUE,FALSE,PA,12,"LEE, SUMMER","HAYES, JAMES DR.",1148369.26,34913.76,1183283.02,97.049415954604,2.9505840453960035,Pennsylvania,PA-12,79.15950210878201,2.36836263761749,2.6196605407626072,0.0574821175948289,13.504653235398385,39.71,7.814553658625421,10.432561437577917,9.778059492839793,-6.26129612947058,1,0,0,0,0,0,Mid-Atlantic,2026,0,0,42,4212,3,9418.589137129746,0,0,0,16.039355622310374,66.67414510843291,5.109398079530334,99.835,324,
324,PA-13,Beth Farnham,John Joyce,FALSE,TRUE,PA,13,"FARNHAM, ELIZABETH RHOADS","JOYCE, JOHN",52357.71,439883.77,492241.48,10.636590398679932,89.36340960132007,Pennsylvania,PA-13,93.23165141049556,2.596849369091735,0.4947092896520395,0.0427649806392782,2.118613749024476,21.14,-25.15300016544203,-22.20157808923349,-22.939433608285626,-6.26129612947058,0,1,0,0,0,0,Mid-Atlantic,2026,0,0,42,4213,3,113.1370553092901,0,0,0,-16.678137478815046,34.73051128043721,5.170376240092172,0.335,325,
325,PA-14,Alan Bradstock,Guy Reschenthaler,FALSE,TRUE,PA,14,"BRADSTOCK, DAVID ALAN","RESCHENTHALER, GUY MR.",181512.12,2464837.61,2646349.73,6.858961910525712,93.14103808947428,Pennsylvania,PA-14,93.8760489459134,1.2502488747596932,0.5734727249583033,0.0194203910842453,2.9757261431103306,26.13,-18.193183804322864,-16.048004908807876,-16.584299632686623,-6.26129612947058,0,1,0,0,0,0,Mid-Atlantic,2026,0,0,42,4214,3,47.04535849004252,0,0,0,-10.323003503216043,40.027945906468545,5.6021734055852646,3.855,326,
326,PA-15,Ray Bilger,Glenn Thompson,FALSE,TRUE,PA,15,"BILGER, RAYMOND ALLEN","THOMPSON, GLENN MR.",136168.45,737504.09,873672.54,15.585753673796363,84.41424632620364,Pennsylvania,PA-15,93.82855372996876,1.877628754392584,0.9464751420536452,0.0879752351360568,1.9275472866888856,24.45,-21.03545747296974,-18.393471223863564,-19.053967786140102,-6.26129612947058,0,1,0,0,0,0,Mid-Atlantic,2026,0,0,42,4215,3,242.91571758025682,0,0,0,-12.792671656669523,36.9787943344336,5.569242468592678,1.18,327,
327,PA-16,Justin Wagner,Mike Kelly,FALSE,TRUE,PA,16,"WAGNER, JUSTIN",no_match,65921.3,0,65921.3,100,0,Pennsylvania,PA-16,91.85297580551548,2.132066398023316,0.7009601512362569,0.0563819378803707,3.698820954181384,28.95,-12.725148157588135,-10.729844719036038,-11.228670578674064,-6.26129612947058,0,1,0,0,0,0,Mid-Atlantic,2026,0,0.4723665527410147,42,4216,3,10000,0,0,0,-4.967374449203485,51.212322423163954,5.60220424261019,58.57,328,
328,PA-17,Chris Deluzio,Tony Guy,TRUE,FALSE,PA,17,"DELUZIO, CHRISTOPHER","GUY, TONY",2219098.08,112264.24,2331362.3200000003,95.18460777044729,4.815392229552719,Pennsylvania,PA-17,87.73631169642145,1.9181527089834505,1.6972189840103034,0.0290166412983165,6.8582783120120405,43.34,0.6819685472979629,3.528291796123206,2.816710983916895,-6.26129612947058,1,0,0,0,0,0,Mid-Atlantic,2026,0,0,42,4217,3,9060.109556413894,0,0,0,9.078007113387475,64.67469335465077,5.340001730858489,99.53,329,
329,RI-01,Gabe Amo,TBDRI-01,TRUE,FALSE,RI,1,"AMO, GABRIEL F",no_match,910235.06,0,910235.06,100,0,Rhode Island,RI-01,73.82881093867478,13.250703775031786,2.759647400590996,0.2310530272942316,7.244324213607898,36.5,12.492360171927425,12.0799089762413,12.183021775162832,-6.26129612947058,1,0,0,0,0,0,New England,2026,0,0,44,4401,0,10000,0,0,0,18.44431790463341,73.73721641178652,5.41734890037348,99.995,330,
330,RI-02,Seth Magaziner,TBDRI-02,TRUE,FALSE,RI,2,"MAGAZINER, SETH",no_match,696730.16,0,696730.16,100,0,Rhode Island,RI-02,81.30964333636732,10.28047029679744,2.3925364311116533,0.1257377710634225,3.894117536665697,36.06,4.704581339661061,4.217267317197376,4.339095822813297,-6.26129612947058,1,0,0,0,0,0,New England,2026,0,0,44,4402,3,10000,0,0,0,10.600391952283877,65.161480391419,5.3467542872069584,99.62,331,
331,SC-01,Nancy Lacore,Jenny Costa Honeycutt,FALSE,FALSE,SC,1,"LACORE, NANCY","HONEYCUTT, JENNY COSTA",2199086.81,450952.35,2650039.16,82.98318165230434,17.01681834769566,South Carolina,SC-01,73.72547866951142,5.134394008029407,1.616773921372676,0.1277719952833287,17.173144020996794,41.03,-6.659698689344047,-5.854662409269146,-6.055921479287871,-6.26129612947058,0,0,0,0.7,0,0.7,South Atlantic,2026,0,0,45,4501,0,6886.208437139339,0.7,0.8366600265340756,0,0.2053746501827085,54.304628628370835,5.67488487078951,78.265,332,
332,SC-02,Zyon Khalifa,Joe Wilson,FALSE,TRUE,SC,2,"KHALIFA, ZYON DESHON","WILSON, JOE THE HON.",12410.29,374200.55,386610.84,3.210021219270521,96.78997878072948,South Carolina,SC-02,65.25302023625356,4.289227302399199,1.6498403812964435,0.1089162918384318,26.328412129233023,34.94,-7.643994388924781,-6.311680828275996,-6.6447592184381925,-6.26129612947058,0,1,0,0,0,0,South Atlantic,2026,0,0,45,4502,0,10.304236228167003,0,0,0,-0.3834630889676127,49.24402242322627,5.560675404184243,44.11,333,
333,SC-03,Eunice Lehmacher,Sheri Biggs,FALSE,TRUE,SC,3,"LEHMACHER, EUNICE","BIGGS, SHERI",39975.04,89551.38,129526.42,30.86246033820745,69.13753966179254,South Carolina,SC-03,76.63358635489224,3.252935906606571,0.77225976262735,0.2498385338176161,16.554971422221914,25.24,-21.27158776748132,-21.059575508557277,-21.11257857328829,-6.26129612947058,0,1,0,0,0,0,South Atlantic,2026,0,0,45,4503,3,952.4914581274278,0,0,0,-14.85128244381771,35.31292813213582,5.622960542245811,0.72,334,
334,SC-04,Courtney McClain,William Timmons,FALSE,TRUE,SC,4,"MCCLAIN, COURTNEY","TIMMONS, WILLIAM R IV",32993.15,292757.85,325751,10.12833421846748,89.87166578153251,South Carolina,SC-04,70.78460236065503,6.193708874114575,2.1611478671605817,0.1542136452115584,18.128550912969946,34.95,-11.716705631775234,-11.231146130420342,-11.352536005759063,-6.26129612947058,0,1,0,0,0,0,South Atlantic,2026,0,0.6065306597126334,45,4504,0,102.58315404097925,0,0,0,-5.091239876288483,45.96419645134218,5.591466998768273,22.475,335,
335,SC-05,Mallory Dittmer,Wes Climer,FALSE,FALSE,SC,5,"DITTMER, MALLORY","CLIMER, WES",136238.83,642654.05,778892.88,17.491343610690084,82.50865638930992,South Carolina,SC-05,68.43170713611939,3.786040070234197,1.42994421539429,0.2289323907536751,23.76251090785118,27.69,-11.479335779827082,-10.79436530310555,-10.965607922285932,-6.26129612947058,0,0,0,0,0,0,South Atlantic,2026,0,0,45,4505,0,305.9471013072288,0,0,0,-4.704311792815352,46.32148290486216,5.682076750954898,24.975,336,
336,SC-06,Jim Clyburn,John Peterson,TRUE,FALSE,SC,6,"CLYBURN, JAMES E",no_match,457422.16,0,457422.16,100,0,South Carolina,SC-06,45.84961344864985,3.3279220779220777,1.1855516004338271,0.164249562001168,47.207931255040464,27.860000000000003,14.0177890815606,12.272345188393729,12.708706161685448,-6.26129612947058,1,0,0,0,0,0,South Atlantic,2026,0,0,45,4506,4,10000,0,0,0,18.970002291156028,72.10043540883979,5.198054531196931,99.995,337,
337,SC-07,John Vincent,Russell Fry,FALSE,TRUE,SC,7,"VINCENT, JOHN GREGORY","FRY, RUSSELL",282341.67,774347.82,1056689.49,26.7194547378341,73.2805452621659,South Carolina,SC-07,69.29373261660248,2.994624518613607,0.8862189773213522,0.3339618100128369,24.503068838254173,22.9,-11.69333091986465,-12.561978112488449,-12.3448163143325,-6.26129612947058,0,1,36.7,0.9769519249,41.1,0.9769519249,South Atlantic,2026,0,0,45,4507,0,713.929261487165,0.9769519249,0.9884087843094072,4.399999999999999,-6.08352018486192,43.20028435699867,5.596353237754537,10.870000000000001,338,
338,SD-AL,Nikki Gronli,Marty Jackley,FALSE,FALSE,SD,0,"GRONLI, NICOLE","JACKLEY, MARTY",245960.13,1246028.6,1491988.73,16.485387929170216,83.5146120708298,South Dakota,SD-00,85.99282096612356,2.6997527354388646,0.9317215347125996,6.152199101724879,1.4941886855559272,30.37,-15.70461478588797,-14.195045668494268,-14.572437947842694,-6.26129612947058,0,0,0,0,0,0,West North Central,2026,0,0,46,4600,3,271.768015175231,0,0,0,-8.311141818372114,42.237445548393836,5.726824159687798,8.49,339,
339,TN-01,TBDTN-01,Diana Harshbarger,FALSE,TRUE,TN,1,no_match,"HARSHBARGER, DIANA",0,477165.96,477165.96,0,100,Tennessee,TN-01,92.77061186765836,2.549950289719003,0.6149104808147604,0.0909592375695822,2.1441321528700974,16.185900975998315,-29.85156332374805,-28.470115115258167,-28.81547716738064,-6.26129612947058,0,1,0,0,0,0,East South Central,2026,0,0,47,4701,3,0,0,0,0,-22.55418103791006,28.044427818184168,5.587147581468899,0.045,340,
340,TN-02,Michaela Barnett,Tim Burchett,FALSE,TRUE,TN,2,"BARNETT, MICHAELA","BURCHETT, TIM",385550.31,2249399.13,2634949.44,14.632171082569236,85.36782891743077,Tennessee,TN-02,88.24379833398352,2.878976130920964,1.2759024255914817,0.06654886752185786,5.374066922590226,22.605535256161083,-17.161473310599888,-16.41449658480508,-16.60124076625378,-6.26129612947058,0,1,0,0,0,0,East South Central,2026,0,0,47,4702,3,214.10043058957538,0,0,0,-10.339944636783201,39.240834209439434,5.603072052504526,3,341,
341,TN-03,Anna Golladay,Chuck Fleischmann,FALSE,TRUE,TN,3,"GOLLADAY, ANNA","FLEISCHMANN, CHARLES J",52695.74,1482029.79,1534725.53,3.433561178851309,96.5664388211487,Tennessee,TN-03,83.68816846854446,3.207325927359269,1.1474463612653334,0.07938516192092245,9.587577545245408,19.55651598333528,-18.418255117747336,-17.35317553799865,-17.61944543293582,-6.26129612947058,0,1,0,0,0,0,East South Central,2026,0,0,47,4703,3,11.78934236891479,0,0,0,-11.35814930346524,38.78731768235212,5.556150048390325,2.35,342,
342,TN-04,Victoria Broderick,Scott DesJarlais,FALSE,TRUE,TN,4,"BRODERICK, VICTORIA","DESJARLAIS, SCOTT HON.",51210.22,228786.8,279997.02,18.28955893887728,81.71044106112271,Tennessee,TN-04,73.82549485237688,5.485730006805578,2.402586119517528,0.11149563429431952,15.48196521915408,19.253452225173625,-10.134154357461462,-11.388701411170146,-11.075064647742977,-6.26129612947058,0,1,0,0,0,0,East South Central,2026,0,0.17377394345044514,47,4704,3,334.50796617866587,0,0,0,-4.813768518272397,44.16101654233505,5.184796238608578,12.385,343,
343,TN-05,TBDTN-05,Andy Ogles,FALSE,TRUE,TN,5,no_match,"OGLES, ANDY",0,459935.17,459935.17,0,100,Tennessee,TN-05,66.64518554320391,3.3023762626656343,1.039928904410733,0.14950168990612403,26.616324614422492,18.17282557690633,-8.688024024496293,-10.945714778890457,-10.381292090291916,-6.26129612947058,0,1,0,0,0,0,East South Central,2026,0,0,47,4705,0,0,0,0,0,-4.119995960821337,44.81759435523317,5.590362906973819,16.675,344,
344,TN-06,TBDTN-06,TBDTN-06,FALSE,FALSE,TN,6,no_match,no_match,0,0,0,0,0,Tennessee,TN-06,82.70349459973436,3.486195292853588,1.259018295315595,0.0698722195306037,10.28917870479317,22.788906629804824,-12.549167931207172,-12.686541723795637,-12.65219827564852,-6.26129612947058,0,0,0,0,0,0,East South Central,2026,0,0,47,4706,3,0,0,0,0,-6.39090214617794,44.104376962983814,5.677937342233579,14.430000000000001,345,
345,TN-07,Joshua Sales,Matt Van Epps,FALSE,TRUE,TN,7,no_match,"VAN EPPS, MATTHEW ROBERT",0,1665149.83,1665149.83,0,100,Tennessee,TN-07,77.80546769512779,4.552685479621934,1.46391378816705,0.11316912515861466,13.550816833737953,23.841730523214498,-11.537122896393797,-10.614143662431928,-10.844888470922395,-6.26129612947058,0,1,0,0,0,0,East South Central,2026,0,0,47,4707,3,0,0,0,0,-4.583592341451816,43.90907045671137,5.659229365687302,13.364999999999998,346,
346,TN-08,TBDTN-08,David Kustoff,FALSE,TRUE,TN,8,no_match,"KUSTOFF, DAVID",0,1051629.39,1051629.39,0,100,Tennessee,TN-08,64.43325561872987,3.2381284501958443,1.994574957442716,0.12834593723991525,27.995772133832094,22.70993866960214,-10.195541409641107,-9.465838185540749,-9.648263991565836,-6.26129612947058,0,1,0,0,0,0,East South Central,2026,0,0,47,4708,0,0,0,0,0,-3.386967862095256,44.13282721942134,5.594056139008126,14.094999999999999,347,
347,TN-09,Justin Pearson,TBDTN-09,FALSE,FALSE,TN,9,"PEARSON, JUSTIN J.",no_match,2308939.64,0,2308939.64,100,0,Tennessee,TN-09,62.01865195913048,3.1365975445612064,1.487681964919259,0.1120467080286527,30.96821851061336,18.6332694107917,-7.600562199743003,-9.962275588663644,-9.371847241433484,-6.26129612947058,0,0,0,0,0,0,East South Central,2026,0,0,47,4709,0,10000,0,0,0,-3.110551111962904,52.642085073109975,5.665239157059631,68.12,348,
348,TX-01,Yolanda Prince,Nathaniel Moran,FALSE,TRUE,TX,1,"PRINCE, YOLANDA RENA","MORAN, NATHANIEL QUENTIN",2206.35,747700.31,749906.66,0.29421661623861295,99.7057833837614,Texas,TX-01,67.2090273585546,10.766425313182044,0.8608710872337462,0.18503370256725332,18.365666603559937,14.741916803647989,-24.429264764520532,-24.20285698437697,-24.259458929412855,-6.26129612947058,0,1,0,0,0,0,West South Central,2026,0,0,48,4801,0,0.08656341727089925,0,0,0,-17.998162799942275,32.14376115974982,5.624011061205702,0.185,349,
349,TX-02,Shaun Finnie,Steve Toth,FALSE,FALSE,TX,2,"FINNIE, SHAUN","TOTH, STEVE",764947.65,713027.92,1477975.57,51.75644750339141,48.24355249660859,Texas,TX-02,55.82809773290697,22.67207715876532,5.497523801514199,0.12041721698609088,13.658752898136592,26.4932083957633,-13.167852685847215,-10.816687447906991,-11.404478757392049,-6.26129612947058,0,0,0,0,0,0,West South Central,2026,0,0,48,4802,0,2678.729858171311,0,0,0,-5.143182627921469,47.547847833122354,5.653293459381551,32.455,350,
350,TX-03,Evan Hunt,Keith Self,FALSE,TRUE,TX,3,"HUNT, EVAN","SELF, KEITH ALAN",366005.53,460593.15,826598.68,44.27850404987339,55.72149595012661,Texas,TX-03,62.74350898408946,14.469663468914415,8.486647955454078,0.21135848818215455,11.96079670056946,26.901048698525983,-11.155029373327416,-11.240851161546727,-11.2193957144919,-6.26129612947058,0,1,0,0,0,0,West South Central,2026,0,0,48,4803,0,1960.5859208946542,0,0,0,-4.958099585021321,44.242864342479194,5.6338367393318105,14.774999999999999,351,
351,TX-04,Jason Pearce,Pat Fallon,FALSE,TRUE,TX,4,"PEARCE, JASON","FALLON, PATRICK",7474.27,258495.24,265969.51,2.810198056160648,97.18980194383934,Texas,TX-04,67.33529385945661,9.713931440108851,10.37268284832258,0.29755373158349063,9.566526211063806,33.303088803088805,-11.315290634137044,-11.829652008200398,-11.70106166468456,-6.26129612947058,0,1,0,0,0,0,West South Central,2026,0,0.6065306597126334,48,4804,0,7.897213114849084,0,0,0,-5.439765535213981,44.96589272965312,5.581111617682693,17.775,352,
352,TX-05,Chelsey Hockett,Lance Gooden,FALSE,TRUE,TX,5,"HOCKETT, CHELSEY ALEXANDRA","GOODEN, LANCE",12665.95,396592.89,409258.84,3.0948506817836847,96.90514931821632,Texas,TX-05,56.40826681729055,20.34335400608201,2.7914867072514373,0.32425976535384254,17.48169025870414,16.25169889850132,-10.484177737700158,-10.171058762666682,-10.249338506425053,-6.26129612947058,0,1,0,0,0,0,West South Central,2026,0,0,48,4805,0,9.578100742536938,0,0,0,-3.988042376954473,46.13207528171712,5.603393790204889,23.64,353,
353,TX-06,Danny Minton,Jake Ellzey,FALSE,TRUE,TX,6,"MINTON, DANNY","ELLZEY, JOHN KEVIN SR.",36158,1636528.75,1672686.75,2.1616719328947873,97.83832806710522,Texas,TX-06,56.9987490559373,22.76230306412991,3.7372197816995274,0.16451573242677295,14.282619683731676,19.11930861513698,-12.132732168264951,-10.88807677869437,-11.199240626087017,-6.26129612947058,0,1,0,0,0,0,West South Central,2026,0,0,48,4806,0,4.672825545465086,0,0,0,-4.937944496616437,45.065038479169374,5.644143002226113,18.65,354,
354,TX-07,Lizzie Fletcher,Alexander Hale,TRUE,FALSE,TX,7,"FLETCHER, ELIZABETH","HALE, ALEXANDER",268848.47,70457.15,339305.62,79.2349003827287,20.765099617271296,Texas,TX-07,38.87819841519182,23.099495584179845,17.22453485530771,0.10232310538625336,18.41575906726708,31.974117210146797,13.715690519749463,12.808608009127552,13.035378636783031,-6.26129612947058,1,0,0,0,0,0,West South Central,2026,0,0,48,4807,2,6278.16943866094,0,0,0,19.29667476625361,71.685452316526,5.27006135527029,99.985,355,
355,TX-08,Laura Jones,Jessica Hart Steinmann,FALSE,FALSE,TX,8,"JONES, LAURA","STEINMANN, JESSICA HART",19355,795136.58,814491.58,2.376329046888367,97.62367095311164,Texas,TX-08,49.24487438914479,25.147729434621436,5.65340128406905,0.15277385434021873,17.636828683819616,20.071208659597872,-11.59216818335819,-13.245766018652104,-12.832366559828628,-6.26129612947058,0,0,0,0,0,0,West South Central,2026,0,0,48,4808,0,5.646939739085375,0,0,0,-6.5710704303580485,44.34318915545864,5.3216077932273915,13.919999999999998,356,
356,TX-09,Leticia Gutierrez,Alex Mealer,FALSE,FALSE,TX,9,"GUTIERREZ, LETICIA","MEALER, ALEXANDRA",54607.9,1703956.31,1758564.21,3.1052548260378847,96.89474517396212,Texas,TX-09,34.3592466690473,51.013314535614406,1.6289552889453645,0.13379461946213173,11.359789267677352,8.032497323152194,-6.633734500592929,-9.28521555643217,-8.62234529247236,-6.26129612947058,0,0,0,0,0,0,West South Central,2026,0,0,48,4809,1,9.642607534631574,0,0,0,-2.3610491630017805,47.63849591899639,5.689197646330655,33.245000000000005,357,
357,TX-10,Caitlin Rourk,Chris Gober,FALSE,FALSE,TX,10,"ROURK, CAITLIN MCCLAY","GOBER, CHRIS",328047.88,701244.02,1029291.9,31.871219427647297,68.1287805723527,Texas,TX-10,67.8302145452053,16.301151552539583,3.866440468846391,0.20357803824799503,9.259544862567688,27.838052636945207,-9.797934063734653,-10.715676683379272,-10.486241028468116,-6.26129612947058,0,0,0,0,0,0,West South Central,2026,0,0,48,4810,0,1015.7746278052425,0,0,0,-4.224944898997537,47.4517410337871,5.669632976732988,31.869999999999997,358,
358,TX-11,Claire Reynolds,August Pfluger,FALSE,TRUE,TX,11,"REYNOLDS, CLAIRE ANNE","PFLUGER, AUGUST LEE II",84198.41,729051.78,813250.1900000001,10.353321897164266,89.64667810283574,Texas,TX-11,54.090932359080625,34.34089112270996,2.962951727851329,0.13840253143917777,6.597819306963543,19.93331845139022,-17.530782652321307,-16.640023976148555,-16.862713645191743,-6.26129612947058,0,1,0,0,0,0,West South Central,2026,0,0,48,4811,0,107.19127430630107,0,0,0,-10.601417515721163,39.51238480778693,5.6529389384390605,3.3000000000000003,359,
359,TX-12,Angela Rodriguez,Craig Goldman,FALSE,TRUE,TX,12,no_match,"GOLDMAN, CRAIG",0,373103.62,373103.62,0,100,Texas,TX-12,61.030657676668135,23.76596309349487,3.171739780001151,0.18262094461797143,9.590940219479196,19.879555163708822,-11.25966206150904,-11.325853584129604,-11.309305703474465,-6.26129612947058,0,1,0,0,0,0,West South Central,2026,0,0,48,4812,0,0,0,0,0,-5.048009574003885,44.5346872718192,5.6171578470529635,15.934999999999999,360,
360,TX-13,Mark Nair,Ronny Jackson,FALSE,TRUE,TX,13,"NAIR, MARK","JACKSON, RONNY LYNN",86472.92,2605375.31,2691848.23,3.212399534129753,96.78760046587026,Texas,TX-13,66.54864251145767,21.998919717681403,1.7385680659152865,0.31776197297849007,6.774887591024624,16.269022958541818,-24.675259960013605,-22.582880267288267,-23.105975190469604,-6.26129612947058,0,1,0,0,0,0,West South Central,2026,0,1.1417920882316237,48,4813,0,10.319510766877054,0,0,0,-16.844679060999024,36.37142989620816,5.610042742905489,0.95,361,
361,TX-14,Thurman Bartie,Randy Weber,FALSE,TRUE,TX,14,"BARTIE, THURMAN BILL MR","WEBER, RANDY",25723.19,251409.26,277132.45,9.281911952209132,90.71808804779089,Texas,TX-14,56.18758031985552,19.209895946922657,5.30611214949902,0.20529439649034897,17.11026958632909,20.327968528325027,-13.169375923459256,-11.536086454907869,-11.944408822045714,-6.26129612947058,0,1,0,0,0,0,West South Central,2026,0,0,48,4814,0,86.15388948856274,0,0,0,-5.6831126925751345,43.86998196494104,5.574745121660556,12.945,362,
362,TX-15,Bobby Pulido,Monica De La Cruz,FALSE,TRUE,TX,15,"PULIDO, BOBBY","DE LA CRUZ, MONICA",2439537.38,3312300.74,5751838.12,42.4131786935617,57.586821306438296,Texas,TX-15,21.25640024299228,74.750499001996,1.046819404668923,0.14449362145274666,2.0244294020654343,11.123711983039486,-3.464266536444846,-8.261078637156118,-7.0618756119783,-6.26129612947058,0,1,50.99067766156895,2.6095293127647494,45.00310744584316,2.6095293127647494,West South Central,2026,0,0,48,4815,1,1798.877726891996,2.6095293127647494,1.615403761529838,-5.987570215725789,-0.8005794825077199,48.03461665574423,5.6249182099155854,36.085,363,
363,TX-16,Veronica Escobar,Adam Bauman,TRUE,FALSE,TX,16,"ESCOBAR, VERONICA","BARRAZA, MANUEL",492367.85,4000,496367.85,99.19414603504237,0.8058539649576418,Texas,TX-16,14.414817805834131,79.1175841507367,1.326302364956033,0.26186226045100275,3.6192962501724097,16.187638218786443,15.82367307919835,9.06714934701818,10.756280280063224,-6.26129612947058,1,0,0,0,0,0,West South Central,2026,0,0,48,4816,1,9839.478607621311,0,0,0,17.017576409533802,68.71771549649009,5.28555391338545,99.92999999999999,364,
364,TX-17,Casey Shepard,Pete Sessions,FALSE,TRUE,TX,17,"SHEPARD, CASEY","SESSIONS, PETE",3498.66,498752.72,502251.37999999995,0.6965953981052277,99.30340460189475,Texas,TX-17,63.42486409772293,19.526482615550876,3.5916577815028083,0.14409352321335797,10.767551441930854,21.09208207501029,-10.02262024617405,-10.223801533020882,-10.173506211309174,-6.26129612947058,0,1,0,0,0,0,West South Central,2026,0,0,48,4817,0,0.48524514866138074,0,0,0,-3.9122100818385945,46.07760247075073,5.572370081756021,23.115,365,
365,TX-18,Christian Menefee,Ronald Whitfield,TRUE,FALSE,TX,18,"MENEFEE, CHRISTIAN",no_match,3399374.79,0,3399374.79,100,0,Texas,TX-18,16.983846006008434,24.51563306055978,5.8334429147995674,0.161843396283671,50.43363914991757,19.90619781554368,29.90413071818404,28.60865269543863,28.932522201124986,-6.26129612947058,1,0,0,0,0,0,West South Central,2026,0,0,48,4818,4,10000,0,0,0,35.19381833059556,87.82994407224128,5.670822056770864,100,366,
366,TX-19,Kyle Rable,Tom Sell,FALSE,FALSE,TX,19,"RABLE, KYLE","SELL, TOM",30075.77,1616486.38,1646562.15,1.8265797012277976,98.1734202987722,Texas,TX-19,56.905733289016645,33.79397122580692,1.2069601551571112,0.22864489548444591,5.900754966452023,15.114924155928886,-25.721643989123816,-25.333932253111534,-25.430860187114607,-6.26129612947058,0,0,0,0,0,0,West South Central,2026,0,0,48,4819,0,3.33639340493743,0,0,0,-19.169564057644028,33.66251413826582,5.655533415602404,0.29,367,
367,TX-20,Joaquin Castro,Edgardo Rafael Baez,TRUE,FALSE,TX,20,"CASTRO, JOAQUIN","BAEZ, EDGARDO RAFAEL DR",373773.02,16050.9,389823.92,95.882525628494,4.117474371505986,Texas,TX-20,20.289896708975192,65.31811835278299,1.9045539601277108,0.2093400521339087,10.417971450843392,13.28909424815266,18.18093613154679,15.189365288616962,15.93725799934942,-6.26129612947058,1,0,0,0,0,0,West South Central,2026,0,0,48,4820,1,9193.458720898807,0,0,0,22.19855412882,77.47214881225236,5.303295125371956,100,368,
368,TX-21,Kristin Hook,Mark Teixeira,FALSE,FALSE,TX,21,"HOOK, KRISTIN A DR.","TEIXEIRA, MARK CHARLES",236895.06,1005360.65,1242255.71,19.06975014025091,80.9302498597491,Texas,TX-21,60.40888128800217,31.176871836212495,2.047670179538311,0.12239023228034215,3.858392869381881,28.649020521485024,-10.770062302623252,-10.296476221384069,-10.414872741693864,-6.26129612947058,0,0,0,0,0,0,West South Central,2026,0,0,48,4821,0,363.6553704115996,0,0,0,-4.153576612223285,48.60813444248461,5.343457204144114,39.225,369,
369,TX-22,Marquette Greene-Scott,Trever Nehls,FALSE,FALSE,TX,22,"GREENE-SCOTT, MARQUETTE","NEHLS, TREVER",47126.63,119141.87,166268.5,28.343691077985305,71.65630892201469,Texas,TX-22,48.100373700041686,25.44020518917747,12.0481342104722,0.14151622389100446,12.05131224984624,28.384898181004445,-11.025495204275096,-10.579736445350465,-10.69117613508162,-6.26129612947058,0,0,0,0,0,0,West South Central,2026,0,0,48,4822,0,803.3648239242638,0,0,0,-4.4298800056110395,47.16641155931549,5.341794450470159,28.884999999999998,370,
370,TX-23,Katy Padilla Stout,Brandon Herrera,FALSE,FALSE,TX,23,"STOUT, KATY PADILLA","HERRERA, BRANDON",440407.26,85420.97,525828.23,83.75496690240462,16.24503309759539,Texas,TX-23,35.575244370838966,54.94876551518309,2.4855503732617046,0.1855092140144311,4.630902987068974,21.183059934895,-5.906137692777996,-6.734951367834434,-6.527747949070324,-6.26129612947058,0,0,40,1.0038639742,42,1.0038639742,West South Central,2026,0,0,48,4823,1,7014.8944808228935,1.0038639742,1.0019301244098813,2,-0.2664518195997445,53.34533302391026,5.645698695472006,72.885,371,
371,TX-24,Kevin Burge,Beth Van Duyne,FALSE,TRUE,TX,24,"BURGE, KEVIN BERYL","VAN DUYNE, ELIZABETH ANN",206359.75,570713.96,777073.71,26.55600715149661,73.4439928485034,Texas,TX-24,68.1823263357947,14.233444558764734,7.0036020365433345,0.17129095398071462,7.746557601320305,35.25210023089024,-8.553164084458139,-7.443260164451331,-7.720736144453033,-6.26129612947058,0,1,0,0,0,0,West South Central,2026,0,0,48,4824,0,705.2215158303391,0,0,0,-1.4594400149824533,48.94797269311629,5.610504795442076,41.65,372,
372,TX-25,Dione Sims,Roger Williams,FALSE,TRUE,TX,25,no_match,"WILLIAMS, ROGER",0,69715.09,69715.09,0,100,Texas,TX-25,54.922081746041904,20.369391595691955,2.6141615352118084,0.1746553984977807,19.591397810132207,17.078131431800227,-10.30090029232366,-11.42199667268229,-11.141722577592631,-6.26129612947058,0,1,0,0,0,0,West South Central,2026,0,0,48,4825,0,0,0,0,0,-4.880426448122051,45.211747633318375,5.5953202447766675,18.855,373,
373,TX-26,Steven Shook,Brandon Gill,FALSE,TRUE,TX,26,"SHOOK, STEVEN JAMES","GILL, BRANDON",17226.54,3384259.12,3401485.66,0.506441647030198,99.4935583529698,Texas,TX-26,63.64615664870698,15.488134690703232,7.40119248635507,0.17288249595381391,10.57841193327121,30.13612070213162,-11.64787794071492,-11.308793526728955,-11.393564630225448,-6.26129612947058,0,1,0,0,0,0,West South Central,2026,0,0,48,4826,0,0.25648314184665966,0,0,0,-5.1322685007548685,44.57674432613852,5.636716546747792,16.11,374,
374,TX-27,Tanya Lloyd,Michael Cloud,FALSE,TRUE,TX,27,"LLOYD, TANYA W","CLOUD, MICHAEL",139716.19,819031.94,958748.13,14.57277314324462,85.4272268567554,Texas,TX-27,52.227302322995165,37.292224575929176,1.5560175278424002,0.15587080480634533,6.928268937226576,16.632805266947845,-11.028561796336229,-9.969642982933053,-10.234372686283846,-6.26129612947058,0,1,0,0,0,0,West South Central,2026,0,0,48,4827,0,212.36571708447167,0,0,0,-3.9730765568132664,46.760931098614016,5.1633324101962765,25.485000000000003,375,
375,TX-28,Henry Cuellar,Tano Tijerina,TRUE,FALSE,TX,28,"CUELLAR, HENRY R.","TIJERINA, TANO",1123180.23,603666.24,1726846.47,65.04227500896475,34.95772499103525,Texas,TX-28,11.285598941288322,86.54370768855914,0.6507063651695324,0.28450487552015896,0.798094701186273,10.576129810042032,2.5862249805967323,-4.474786724930141,-2.7095337985484225,-6.26129612947058,1,0,38,0.7,46,0.7,West South Central,2026,1.023392679391142,0,48,4828,1,4230.4975383418005,0.7,0.8366600265340756,8,3.5517623309221573,56.67702478391582,5.243342935780064,90.22,376,
376,TX-29,Sylvia Garcia,Martha Fierro,TRUE,FALSE,TX,29,"GARCIA, SYLVIA R","FIERRO, MARTHA ELENA,",335398.27,0,335398.27,100,0,Texas,TX-29,17.360399620398393,44.1605563713108,4.129347831218927,0.2001879122383747,32.46490809769548,10.434130742392432,19.532381719616133,16.171826911277883,17.011965613362445,-6.26129612947058,1,0,0,0,0,0,West South Central,2026,0,0,48,4829,1,10000,0,0,0,23.273261742833025,76.75757192981787,5.244485393717992,100,377,
377,TX-30,Frederick Haynes III,Everett Jackson,FALSE,FALSE,TX,30,"HAYNES, FREDERICK III","JACKSON, EVERETT HONORABLE",372638.06,17014.79,389652.85,95.6333464518481,4.3666535481519,Texas,TX-30,17.55822156571894,25.764374628906697,4.156658784489696,0.17605597380055402,49.90514493068442,14.25110974902845,26.446711534275472,24.65259246391495,25.10112223150508,-6.26129612947058,0,0,0,0,0,0,West South Central,2026,0,0,48,4830,4,9145.736953579208,0,0,0,31.36241836097566,82.84943307403,5.666702011254328,100,378,
378,TX-31,Justin Early,John Carter,FALSE,TRUE,TX,31,"EARLY, JUSTIN","CARTER, JOHN R REP.",73873.57,406933.73,480807.3,15.364485938545444,84.63551406145456,Texas,TX-31,59.4214244504162,19.801525236520582,3.626904205547831,0.13530049474029965,13.582978346815164,21.271765083349333,-11.356226644289706,-10.32034261752311,-10.57931362421476,-6.26129612947058,0,1,0,0,0,0,West South Central,2026,0,0,48,4831,0,236.06742815576067,0,0,0,-4.318017494744181,45.94483573481686,5.5811859013175775,22.355,379,
379,TX-32,Dan Barros,Jace Yarbrough,FALSE,FALSE,TX,32,"BARRIOS, DAN F.","YARBROUGH, JACE",84875.49,472694.38,557569.87,15.222395356477923,84.77760464352208,Texas,TX-32,58.32288427852498,16.728355372196905,7.822366696772515,0.13632481130421173,14.175894831913205,25.65454863349191,-7.373049557551184,-8.306922574909962,-8.073454320570267,-6.26129612947058,0,0,0,0,0,0,West South Central,2026,0,0,48,4832,0,231.72132038892065,0,0,0,-1.8121581910996873,49.15297077767278,5.646769905107202,43.625,380,
380,TX-33,Colin Allred,Patrick Gillespie,TRUE,FALSE,TX,33,"ALLRED, COLIN",no_match,3123283.98,0,3123283.98,100,0,Texas,TX-33,33.83078103169602,39.37461761133788,4.529536385137295,0.2175620268653718,19.952241368289364,19.87080211882425,20.55775251509197,17.420957767990295,18.205156454765714,-6.26129612947058,1,0,0,0,0,0,West South Central,2026,0,0,48,4833,1,10000,0,0,0,24.466452584236293,78.08624909783313,5.196527113671383,100,381,
381,TX-34,Vicente Gonzalez,Eric Flores,TRUE,FALSE,TX,34,"GONZALEZ, VICENTE","FLORES, ERIC",1902919.86,1368959.9,3271879.76,58.159834700038,41.840165299962,Texas,TX-34,23.621812088608102,72.0568191839909,1.351530117294294,0.14190765579776957,1.9560406962294257,13.352098567042232,-0.7825541840859245,-4.361383697150103,-3.4666763188840584,-6.26129612947058,1,0,40.96614776850031,1.857021637085207,43.898443305500905,1.857021637085207,West South Central,2026,0.6065306597126334,0,48,4834,1,3382.566372335744,1.857021637085207,1.362725811410794,2.9322955370005914,2.7946198105865214,52.18742191716525,5.253151824450932,66.545,382,
382,TX-35,Johnny Garcia,Carlos De La Cruz,FALSE,FALSE,TX,35,"GARCIA, JOHNNY","DE LA CRUZ, CARLOS JR.",708832.64,765712.52,1474545.16,48.071273720772304,51.92872627922769,Texas,TX-35,36.874155237975096,51.84018454108021,1.722503559263998,0.13462127628899423,7.356773414550631,14.847851159680198,-3.22979389202532,-4.531453226680135,-4.206038393016431,-6.26129612947058,0,0,0,0,0,0,West South Central,2026,0,0,48,4835,1,2310.847357137414,0,0,0,2.0552577364541484,52.8025889582824,5.656587619863414,69.23,383,
383,TX-36,Rhonda Hart,Brian Babin,FALSE,TRUE,TX,36,"HART, RHONDA J","BABIN, BRIAN",0,233773.56,233773.56,0,100,Texas,TX-36,52.85622945175679,20.46538815134857,6.076604985680074,0.16173761052070051,18.09399319756202,18.37996130451561,-11.582249571521238,-11.88889146375233,-11.812230990694555,-6.26129612947058,0,1,0,0,0,0,West South Central,2026,0,0,48,4836,0,0,0,0,0,-5.5509348612239755,44.29049341560084,5.266675883419854,12.895000000000001,384,
384,TX-37,Greg Casar,Lauren Peña,TRUE,FALSE,TX,37,"CASAR, GREG","PENA, LAUREN B.",888990.46,117889.63,1006880.09,88.29159190147459,11.708408098525418,Texas,TX-37,53.5953517104309,28.48617241286695,5.450101614188385,0.12730870121847498,9.212781005756646,36.361387725936034,29.601707810362974,29.60200062176019,29.601927418910883,-6.26129612947058,1,0,0,0,0,0,West South Central,2026,0,0,48,4837,0,7795.405200496533,0,0,0,35.86322354838146,86.89612001939243,5.320279709797342,100,385,
385,TX-38,Melissa McDonough,Jon Bonck,FALSE,FALSE,TX,38,"MCDONOUGH, MELISSA A","BONCK, JON",37386.44,1014280.41,1051666.85,3.554969903254058,96.44503009674594,Texas,TX-38,55.833482396310494,20.894416748975353,9.775550042385731,0.09818713495773092,11.00959706332973,33.097687561118974,-11.322049216706697,-9.898528256740974,-10.254408496732404,-6.26129612947058,0,0,0,0,0,0,West South Central,2026,0,0,48,4838,0,12.637811013042167,0,0,0,-3.9931123672618245,48.53730495121892,5.377710731270228,38.73,386,
386,UT-01,Ben McAdams,Riley Owen,FALSE,FALSE,UT,1,"MCADAMS, BEN","OWEN, RILEY MONTGOMERY",1977494.37,98532.89,2076027.26,95.25377667728698,4.746223322713017,Utah,UT-01,73.19301870067483,16.01388253459911,5.4245181859773535,0.609058675511838,1.69099565366579,22.981512708097004,10.523865200809588,12.913908440891156,12.316397630870764,-6.26129612947058,0,0,0,0,0,0,Mountain,2026,0,0,49,4901,3,9073.28197128646,0,0,0,18.577693760341344,75.60701608823948,5.348496672835809,100,387,
387,UT-02,Peter Crosby,Blake Moore,FALSE,TRUE,UT,2,"CROSBY, PETER","MOORE, BLAKE",60049.49,999545.93,1059595.4200000002,5.667209282576928,94.33279071742308,Utah,UT-02,84.32960563811007,10.19318450353772,1.938969126621165,0.2846161331127761,1.055234295722765,19.970717815480825,-18.176555872710143,-14.200371318540796,-15.194417457083134,-6.26129612947058,0,1,0,0,0,0,Mountain,2026,0,0,49,4902,3,32.117261052526096,0,0,0,-8.933121327612554,41.52412224156167,5.604225042273991,6.4399999999999995,388,
388,UT-03,Kent Udell,Celeste Maloy,FALSE,TRUE,UT,3,"UDELL, KENT DR.","MALOY, CELESTE",47382.72,709248.13,756630.85,6.262329906320896,93.7376700936791,Utah,UT-03,85.70832474583831,8.40803046223811,1.4540177651339818,1.5251391174194944,0.44497302118774346,20.58092497855748,-23.43512009709331,-20.460706556925523,-21.20430994196747,-6.26129612947058,0,1,0,0,0,0,Mountain,2026,0,0,49,4903,3,39.21677585560108,0,0,0,-14.94301381249689,37.091177605775755,5.632534778970095,1.3599999999999999,389,
389,UT-04,Jonny Larsen,Mike Kennedy,FALSE,TRUE,UT,4,"LARSEN, JONNY","KENNEDY, MIKE",16973.37,430497.5,447470.87,3.793178760440875,96.20682123955912,Utah,UT-04,86.49925374986263,7.784931064921989,2.295827025953906,0.405031250332356,0.6787153862243288,22.729277163022964,-19.497435119485782,-15.966101164661495,-16.848934653367568,-6.26129612947058,0,1,0,0,0,0,Mountain,2026,0,0,49,4904,3,14.388205108659772,0,0,0,-10.587638523896988,40.40525929196672,5.673607218531196,4.635,390,
390,VA-01,Shannon Taylor,Rob Wittman,FALSE,TRUE,VA,1,"SUBLETTE, SEAN","WITTMAN, ROBERT J. MR.",65971.85,1442542.81,1508514.66,4.37329856641897,95.62670143358103,Virginia,VA-01,75.53780290120122,4.124527203956939,4.0975934161852114,0.1333388752649736,13.351012095265803,46.9,-5.404597428364198,-1.7521584885490498,-2.665268223502837,-6.26129612947058,0,1,41.9999997999414,2.0408841878954083,45.9999994998535,2.0408841878954083,South Atlantic,2026,0,0,51,5101,0,19.125740351042214,2.0408841878954083,1.428595179851664,3.9999996999121024,3.596027905967743,51.432461308020166,5.544413897231124,60.255,391,
391,VA-02,Elaine Luria,Jen Kiggans,FALSE,TRUE,VA,2,"LURIA, ELAINE","KIGGANS, JENNIFER",3378739.76,2987464.21,6366203.97,53.07306796832022,46.92693203167978,Virginia,VA-02,63.04207381768069,6.216358910260627,4.721011944220944,0.1467514789006796,22.46647066066841,37.42,-1.294878540344058,0.6239455133857206,0.14423949995327595,-6.26129612947058,0,1,47,0.8783269243776128,47,0.8783269243776128,South Atlantic,2026,0,0,51,5102,0,2816.7505435699372,0.8783269243776128,0.9371909754034194,0,6.405535629423856,54.451060753041496,5.129037964153965,81.935,392,
392,VA-03,Bobby Scott,Edwin Rivera,TRUE,FALSE,VA,3,"SCOTT, ROBERT C","RIVERA, EDWIN MR. JR.",382819.35,1954.63,384773.98,99.4920056704458,0.507994329554197,Virginia,VA-03,43.48355455244442,6.506085166646402,2.6342512599300294,0.242139457943253,43.41916669092628,28.49,17.241485204821892,18.33573126076842,18.062169746781787,-6.26129612947058,1,0,0,0,0,0,South Atlantic,2026,0.32465246735834974,0,51,5103,4,9898.659192328021,0,0,0,24.323465876252367,77.97027174550428,5.254016903733955,100,393,
393,VA-04,Jennifer McClellan,Robert Murray,TRUE,FALSE,VA,4,"MCCLELLAN, JENNIFER",no_match,525780.82,0,525780.82,100,0,Virginia,VA-04,46.89682757435218,5.5905035486078285,1.926694059428851,0.1823062149395232,42.32776773229581,31.15,15.800226991824635,17.33916742846474,16.954432319304715,-6.26129612947058,1,0,0,0,0,0,South Atlantic,2026,0,0,51,5104,4,10000,0,0,0,23.215728448775295,77.20319014221326,5.430674978270952,100,394,
394,VA-05,Tom Perriello,John McGuire,FALSE,TRUE,VA,5,"PERRIELLO, THOMAS","MCGUIRE, JOHN J. MR. III",1978288.86,1112510.9,3090799.76,64.00572711316634,35.99427288683367,Virginia,VA-05,72.97458917707843,2.8488506526124437,1.484464076415854,0.1038120221019143,20.30170867252968,32.7,-6.462392086897843,-5.453488663422647,-5.705714519291446,-6.26129612947058,0,1,0,0,0,0,South Atlantic,2026,0,0,51,5105,0,4096.733103285117,0,0,0,0.555581610179134,49.85499264658748,5.632660292001693,48.435,395,
395,VA-06,Beth Macy,Ben Cline,FALSE,TRUE,VA,6,"MACY, BETH","CLINE, BENJAMIN LEE",1643476.96,725922.38,2369399.34,69.36259887706393,30.63740112293608,Virginia,VA-06,84.0498204021204,4.504602971935037,1.3614330735001632,0.0996937976215908,7.830103221169531,27.43,-13.20126899565406,-11.328798649791963,-11.796916236257488,-6.26129612947058,0,1,0,0,0,0,South Atlantic,2026,0,0,51,5106,3,4811.17012298047,0,0,0,-5.535620106786908,45.887261399407436,5.597721963381772,22.21,396,
396,VA-07,Eugene Vindman,Doug Ollivant,TRUE,FALSE,VA,7,"VINDMAN, YEVGENY 'EUGENE'","OLLIVANT, DOUGLAS",11233363.54,243884.25,11477247.79,97.8750633038306,2.1249366961693874,Virginia,VA-07,57.94192736425746,11.95433297375045,4.746314275440489,0.1218985976267529,21.393203883495147,36.84,1.1831399886182652,2.207131609632576,1.9511337043789985,-6.26129612947058,1,0,0,0,0,0,South Atlantic,2026,0,0,51,5107,0,9579.528016728847,0,0,0,8.212429833849578,62.873006226909936,5.408755545966336,98.9,397,
397,VA-08,Don Beyer,Tony Sabio,TRUE,FALSE,VA,8,"BEYER, DONALD STERNOFF JR.","SABIO, TONY",1545925.08,12204.75,1558129.83,99.21670519586934,0.7832948041306673,Virginia,VA-08,58.84830586037383,13.280809186378947,10.80060009624185,0.1179434437598482,13.494239642206768,65.10000000000001,26.114278521819323,26.202166108224496,26.180194211623203,-6.26129612947058,1,0,0,0,0,0,South Atlantic,2026,0,0,51,5108,0,9843.954589924046,0,0,0,32.44149034109378,84.76174654565793,5.226716225107801,100,398,
398,VA-09,Joy Powers,Morgan Griffith,FALSE,TRUE,VA,9,"POWERS, JOY","GRIFFITH, H MORGAN",82744.94,549440.39,632185.3300000001,13.088715614454388,86.9112843855456,Virginia,VA-09,89.46038756729375,2.1049822547423225,1.1016281533586556,0.1097793068403534,5.785065859594344,23.1,-23.45941943522965,-21.46285445390185,-21.9619956992338,-6.26129612947058,0,1,0,0,0,0,South Atlantic,2026,0,0,51,5109,3,171.3144764360621,0,0,0,-15.70069956976322,34.265960029281494,5.5972108721441485,0.35000000000000003,399,
399,VA-10,Suhas Subramanyam,Dave Beckwith,TRUE,FALSE,VA,10,"SUBRAMANYAM, SUHAS","BECKWITH, DAVID",785369.44,55333.72,840703.1599999999,93.41816200619492,6.581837993805091,Virginia,VA-10,61.275070423616285,12.261960501370094,13.65047627088722,0.1145583076840416,9.522731284971943,54.36,6.894795433020384,5.03827938541798,5.5024083973185816,-6.26129612947058,1,0,0,0,0,0,South Atlantic,2026,0,0,51,5110,0,8726.95299261568,0,0,0,11.763704526789162,64.00144236606454,5.38131836466838,99.4,400,
400,VA-11,James Walkinshaw,Arthur Purves,TRUE,FALSE,VA,11,"WALKINSHAW, JAMES","LIPSMAN, KARINA",1802370.48,22180,1824550.48,98.78435810666087,1.21564189333912,Virginia,VA-11,56.90540960305731,10.462268324595009,20.264126434293136,0.1063659553639504,8.848329677984129,67.5,18.662372531534068,18.39563563889066,18.462319862051512,-6.26129612947058,1,0,0,0,0,0,South Atlantic,2026,0,0,51,5111,0,9758.349406545016,0,0,0,24.72361599152209,78.07049558056268,5.6748100806764,99.995,401,
401,VT-AL,Becca Balint,Mark Coester,TRUE,FALSE,VT,0,"BALINT, REBECCA 'BECCA'","COESTER, C. MARK MR",672729.25,15142.41,687871.66,97.79865767402018,2.20134232597982,Vermont,VT-00,93.22092691219,2.220403720220699,1.2476116190779172,0.1215031899378493,1.008821438222144,41.72,16.02935162860009,17.13527175427236,16.858791722854292,-6.26129612947058,1,0,0,0,0,0,New England,2026,0,0,50,5000,3,9564.577442840186,0,0,0,23.120087852324872,77.36232233246726,5.202331574579497,100,402,
402,WA-01,Suzan DelBene,Mary Silva,TRUE,FALSE,WA,1,"DELBENE, SUZAN K","SILVA, MARY",1769605.11,941.98,1770547.09,99.946797235424,0.05320276457600458,Washington,WA-01,71.47434766759562,7.136753644320583,13.970124214594527,0.3907918925381091,2.647350493683439,50.17,13.470685021183805,15.607136998527729,15.073024004191748,-6.26129612947058,1,0,0,0,0,0,Pacific,2026,0,0,53,5301,0,9989.362277618959,0,0,0,21.334320133662327,74.01516579041305,5.217766660921787,100,403,
403,WA-02,Rick Larsen,Edwin Feller,TRUE,FALSE,WA,2,"LARSEN, RICK","PELLETTI, RAYMOND",839246.79,2390,841636.79,99.71602952385196,0.2839704761480305,Washington,WA-02,77.92273753334702,7.935050277036733,6.307202955058486,1.1105410766810315,2.3443806005882752,34.64,9.50309631553514,12.97473290013408,12.106823753984346,-6.26129612947058,1,0,0,0,0,0,Pacific,2026,0,0,53,5302,3,9943.286544001716,0,0,0,18.368119883454924,72.79163617285698,5.207730580028204,100,404,
404,WA-03,Marie Gluesenkamp Perez,John Braun,TRUE,FALSE,WA,3,"GLUESENKAMP PEREZ, MARIE","BRAUN, JOHN",2540924.82,1531367.75,4072292.57,62.39543884245036,37.60456115754964,Washington,WA-03,82.6431508583236,7.3022503198615185,3.7502480209637583,0.5959345087816527,1.647372346175688,27.59,-4.425789279029452,-0.9480722278904352,-1.8175014906751896,-6.26129612947058,1,0,41.96701615240794,2.117931770489798,42.99175403810199,2.117931770489798,Pacific,2026,0,0,53,5303,3,3893.190788341963,2.117931770489798,1.4553115716195615,1.0247378856940443,4.44379463879539,59.061990827809204,5.327778151548426,95.765,405,
405,WA-04,John Duresky,Amanda McKinney,FALSE,FALSE,WA,4,"DURESKY, JOHN","MCKINNEY, AMANDA",170724.46,761549.12,932273.58,18.312699583313304,81.6873004166867,Washington,WA-04,65.95062081359255,26.569596471164843,1.8336464629962423,1.7844306485868322,1.0860153569678157,23.15,-10.962091329578412,-9.868107858079805,-10.141603725954456,-6.26129612947058,0,0,0,0,0,0,Pacific,2026,0,0,53,5304,0,335.35496602868324,0,0,0,-3.880307596483876,45.867565005877765,5.6939088699211045,22.41,406,
406,WA-05,Carmela Conroy,Michael Baumgartner,FALSE,TRUE,WA,5,"CONROY, CARMELA","BAUMGARTNER, MICHAEL JAMES",363169.3,1327829.26,1690998.56,21.476617933962046,78.52338206603795,Washington,WA-05,84.92250483514,6.426914615747601,2.144077202730276,1.0290041937777896,1.581472939831584,30.83,-7.4037845398983535,-4.804223842897613,-5.454114017147798,-6.26129612947058,0,1,47,0.7,53,0.7,Pacific,2026,0,0,53,5305,3,461.2451178813802,0.7,0.8366600265340756,6,0.8071821123227814,47.50361620631388,5.202122832952557,30.14,407,
407,WA-06,Emily Randall,Teresa Fox,TRUE,FALSE,WA,6,"RANDALL, EMILY","FOX, TERESA",876066.66,19080.02,895146.68,97.86850351721128,2.1314964827887204,Washington,WA-06,79.25558880766653,6.573288197681074,4.295409573337258,1.3105692652373708,3.1869695334347248,33.379999999999995,6.60430943804311,10.69577978430744,9.672912197741358,-6.26129612947058,1,0,0,0,0,0,Pacific,2026,0,0,53,5306,3,9578.243980698397,0,0,0,15.934208327211937,69.84473686397885,5.415523561425474,99.96000000000001,408,
408,WA-07,Pramila Jayapal,Nirav Sheth,TRUE,FALSE,WA,7,"JAYAPAL, PRAMILA","SHETH, NIRAV",2155249.89,5910.81,2161160.7,99.7264983580351,0.2735016419648941,Washington,WA-07,70.72105176507728,7.278408502650289,11.691653328943058,0.3467525259640077,4.62404592137221,64.63,36.235482522076246,39.530309705609504,38.706602909726186,-6.26129612947058,1,0,0,0,0,0,Pacific,2026,0,0,53,5307,0,9945.374474755177,0,0,0,44.967899039196766,94.28722991317429,5.2738652303492,100,409,
409,WA-08,Kim Schrier,TBDWA-08,TRUE,FALSE,WA,8,"SCHRIER, KIM DR.",no_match,2035067.49,0,2035067.49,100,0,Washington,WA-08,77.93695212344758,7.558957868559697,7.800037460059602,0.6952364527178014,1.8388809456254247,40.62,1.1823417759575603,3.733520048372263,3.0957254802685874,-6.26129612947058,1,0,0,0,0,0,Pacific,2026,0,0,53,5308,3,10000,0,0,0,9.357021609739167,64.04307470461272,5.225746821223006,99.45,410,
410,WA-09,Adam Smith,Doug Basler,TRUE,FALSE,WA,9,"SMITH, D. ADAM","BASLER, DOUGLAS MICHAEL",1317790.76,26481.88,1344272.64,98.03002164798951,1.9699783520104972,Washington,WA-09,50.40442354318532,8.770354666592835,22.87118961827955,0.388800335404562,11.574423820052289,40.43,20.817760342397143,22.0971975570392,21.777338253378687,-6.26129612947058,1,0,0,0,0,0,Pacific,2026,0,0,53,5309,0,9609.885144305294,0,0,0,28.038634382849267,82.4722035576102,5.041256684877376,100,411,
411,WA-10,Marilyn Strickland,Chris Chung,TRUE,FALSE,WA,10,"STRICKLAND, MARILYN",no_match,839106.37,0,839106.37,100,0,Washington,WA-10,67.73709457300289,9.483076716648217,8.625922257591245,0.7921837400182553,6.888838277640362,30.42,6.862264002775994,10.052180887566465,9.254701666368849,-6.26129612947058,1,0,0,0,0,0,Pacific,2026,0,0,53,5310,0,10000,0,0,0,15.515997795839429,68.88279242592144,5.307399969510895,99.945,412,
412,WI-01,TBDWI-01,Bryan Steil,FALSE,TRUE,WI,1,no_match,"STEIL, BRYAN GEORGE",0,1493422.77,1493422.77,0,100,Wisconsin,WI-01,81.89732328887246,8.70592413025912,1.444887724523776,0.1454852467451526,5.624463262710482,29.74,-3.287876161319872,-1.5374093831484146,-1.975026077691279,-6.26129612947058,0,1,0,0,0,0,East North Central,2026,0,0,55,5501,3,0,0,0,0,4.286270051779301,50.45123505968527,5.584111237142844,53.42,413,
413,WI-02,Mark Pocan,Erik Olsen,TRUE,FALSE,WI,2,"POCAN, MARK","OLSEN, ERIK",369281.35,50,369331.35,99.98646202116338,0.0135379788366192,Wisconsin,WI-02,86.4464304919611,4.188095821601293,3.337746989927342,0.1491592601277551,3.431191916484919,46.81,18.90009872872832,21.1228879229349,20.567190624383255,-6.26129612947058,1,0,0,0,0,0,East North Central,2026,0,0,55,5502,3,9997.292587509546,0,0,0,26.828486753853834,80.3009697585129,5.1014528588770425,100,414,
414,WI-03,Rebecca Cooke,Derrick Van Orden,FALSE,TRUE,WI,3,"COOKE, REBECCA","VAN ORDEN, DERRICK F. MR.",7251910.21,4403716.55,11655626.76,62.218105978541125,37.78189402145887,Wisconsin,WI-03,93.2481013096206,1.9786170267979173,1.832084839887203,0.3349307129387748,1.1475182948981886,27.39,-4.649831682440173,-3.006775579302108,-3.417539605086624,-6.26129612947058,0,1,49.9999222319508,4.248622339037972,46.00015541737271,4.248622339037972,East North Central,2026,0,0,55,5503,3,3871.092711556975,4.248622339037972,2.061218653864255,-3.999766814578088,2.8437565243839558,55.10296424058642,5.205505885662124,84.34,415,
415,WI-04,Gwen Moore,TBDWI-04,TRUE,FALSE,WI,4,"MOORE, GWEN S",no_match,381223.55,0,381223.55,100,0,Wisconsin,WI-04,50.31403762947295,12.026019418239148,3.607648560931164,0.4159647098370936,30.680739221973003,32.52,24.59676063124403,26.98485052229352,26.387828049531144,-6.26129612947058,1,0,0,0,0,0,East North Central,2026,0,0,55,5504,0,10000,0,0,0,32.649124179001724,84.61715620352813,5.271537093114233,100,416,
416,WI-05,TBDWI-05,Scott Fitzgerald,FALSE,TRUE,WI,5,no_match,"FITZGERALD, SCOTT",0,486503.72,486503.72,0,100,Wisconsin,WI-05,90.23740145919452,4.488439210943785,2.050830288276924,0.1212809913765392,1.5306078123723987,39.46,-13.876463543505912,-10.47671444149526,-11.326651716997922,-6.26129612947058,0,1,0,0,0,0,East North Central,2026,0,0,55,5505,3,0,0,0,0,-5.065355587527343,43.63817766190651,5.585698972712867,12.155000000000001,417,
417,WI-06,TBDWI-06,Glenn Grothman,FALSE,TRUE,WI,6,no_match,"GROTHMAN, GLENN S.",0,650550.52,650550.52,0,100,Wisconsin,WI-06,90.78967473971538,3.6191544482799336,1.963855338005376,0.2559436576675441,1.8200823742681125,27.65,-10.23231753580395,-7.597642164613816,-8.25631100741135,-6.26129612947058,0,1,0,0,0,0,East North Central,2026,0,0,55,5506,3,0,0,0,0,-1.9950148779407701,46.25395101514595,5.579349795058428,24.505,418,
418,WI-07,TBDWI-07,TBDWI-07,FALSE,FALSE,WI,7,no_match,no_match,0,0,0,0,0,Wisconsin,WI-07,93.33572843037489,1.579560768998047,1.112688742814709,1.3521411479963696,0.5868560741494541,24.81,-12.40425056949531,-10.671336033236052,-11.104564667300869,-6.26129612947058,0,0,0,0,0,0,East North Central,2026,0,0,55,5507,3,0,0,0,0,-4.843268537830289,44.569176651034425,5.670568750692831,16.205,419,
419,WI-08,TBDWI-08,Tony Wied,FALSE,TRUE,WI,8,no_match,"WIED, TONY",0,476248.71,476248.71,0,100,Wisconsin,WI-08,89.47125713801097,3.7363247017583534,1.844575111663934,1.6300814157290666,1.2465016678916718,28.22,-10.137743872826768,-7.481863251504386,-8.145833406834981,-6.26129612947058,0,1,0,0,0,0,East North Central,2026,0,0,55,5508,3,0,0,0,0,-1.8845372773644016,45.2777221413221,5.642529250279749,19.46,420,
420,WV-01,Vince George,Carol Miller,FALSE,TRUE,WV,1,"GEORGE, VINCENT RAYMOND MR.","MILLER, CAROL DEVINE",18330,500424.13,518754.13,3.5334658444068676,96.46653415559314,West Virginia,WV-01,92.9108108263716,1.0416726640450926,0.4480761369590125,0.0706731073713058,3.35819606533592,20.78,-23.044539299707807,-21.84932528255252,-22.148128786841344,-6.26129612947058,0,1,0,0,0,0,South Atlantic,2026,0,0,54,5401,3,12.485380873589937,0,0,0,-15.886832657370764,37.61799825067126,5.598238448897141,1.59,421,
421,WV-02,Ace Parsi,Riley Moore,FALSE,TRUE,WV,2,"PARSI, AHSAN","MOORE, RILEY",133184.89,463426.91,596611.8,22.323542712363384,77.67645728763661,West Virginia,WV-02,92.08097048137802,2.132164829566765,0.7071761656580811,0.0859303712080074,3.0789383820458704,24.67,-21.113024017030916,-19.44160288289092,-19.859458166425917,-6.26129612947058,0,1,0,0,0,0,South Atlantic,2026,0,0,54,5402,3,498.34055923071236,0,0,0,-13.598162036955337,38.444835960674084,5.6918777075723614,2.325,422,
422,WY-AL,Lisa Kinney,TBDWY-AL,FALSE,FALSE,WY,0,"KINNEY, LISA",no_match,13270,0,13270,100,0,Wyoming,WY-00,86.90346406475703,7.776884431241085,0.6359416023911405,1.472659053537198,0.7840251469479346,28.99,-24.750269299791565,-22.729119155675143,-23.23440669170425,-6.26129612947058,0,0,0,0,0,0,Mountain,2026,0,0,56,5600,3,10000,0,0,0,-16.97311056223367,41.64387959651694,5.749988307008095,7.225,423,
