,cd,dem_cand,rep_cand,dem_inc_any,rep_inc_any,state_po,district_number,fec_dem_fuzzymatch,fec_rep_fuzzymatch,dem_funds,rep_funds,2p_funds,dem_funds_2p_pct,rep_funds_2p_pct,state,district,cvap_hisp_pct,cvap_aapi_pct,cvap_natam_pct,cvap_black_pct,college,lean_20,lean_24,pvi,generic_ballot_avg,dem_inc_dummy,rep_inc_dummy,dem_poll_avg,dem_effn,rep_poll_avg,rep_effn,census_region,year,dem_scandal_score,rep_scandal_score,fips,geoid,demo_cluster
0,AK-AL,TBDAK-AL,Nick Begich,False,True,AK,0,no_match,"BEGICH, NICHOLAS III",0.0,2101711.89,2101711.89,0.0,100.0,Alaska,AK-00,6.05138274633968,6.481397278121224,12.640422850716105,3.0774712844201857,30.75,-7.5316836480557825,-6.096508673942708,-6.4553024174709766,-5.560322887306066,0,1,0.0,0.0,0.0,0.0,Pacific,2026,0.0,0.0,02,0200,0
1,AL-01,Clyde Jones Jr.,Jerry Carl,False,False,AL,1,"JONES, CLYDE W MR. JR","CARL, JERRY LEE, JR",37487.19,483437.38,520924.57,7.196279875990491,92.8037201240095,Alabama,AL-01,2.6771138231846328,1.2990025099065798,0.4694388309157203,24.385648224726538,17.996871416324304,-17.482017399263093,-17.42218229424825,-17.43714107050196,-5.560322887306066,0,0,0.0,0.0,0.0,0.0,East South Central,2026,0.0,0.0,01,0101,0
2,AL-02,Shomari Figures,Hampton Harris,True,False,AL,2,"FIGURES, SHOMARI C.","HARRIS, HAMPTON",237170.8,8958.91,246129.71,96.3600859075485,3.6399140924514968,Alabama,AL-02,2.6917404815526327,1.03213760346947,0.18318117827341046,40.524511873301854,16.170152600906842,-6.640349721909786,-6.482160146451349,-6.521707540315958,-5.560322887306066,1,0,0.0,0.0,0.0,0.0,East South Central,2026,0.0,0.0,01,0102,1
3,AL-03,Lee McInnis,Mike Rogers,False,True,AL,3,"MCINNIS, VICTOR LEE","ROGERS, MICHAEL",39858.33,1168569.57,1208427.9000000001,3.2983622771370964,96.7016377228629,Alabama,AL-03,2.0472280070397546,0.8538032238061272,0.16470301483581673,19.752354052339356,15.301623289807925,-22.97781840752035,-22.768849330570642,-22.821091599808067,-5.560322887306066,0,1,0.0,0.0,0.0,0.0,East South Central,2026,0.0,0.0,01,0103,0
4,AL-04,Amanda Pusczek,Robert Aderholt,False,True,AL,4,"PUSCZEK, AMANDA NOELLE","ADERHOLT, ROBERT B. REP.",13708.0,385094.98,398802.98,3.4372862509703417,96.56271374902965,Alabama,AL-04,3.6464581956713538,0.4894921611115828,0.17405396226554395,6.737715629418258,13.622183949554154,-33.63427299010048,-32.744761648830625,-32.967139484148085,-5.560322887306066,0,1,0.0,0.0,0.0,0.0,East South Central,2026,0.0,0.0,01,0104,0
5,AL-05,Andrew Sneed,Dale Strong,False,True,AL,5,"SNEED, ANDREW RANKIN GUYTON","STRONG, DALE WHITNEY",456644.53,639304.44,1095948.97,41.66658690322051,58.333413096779495,Alabama,AL-05,3.7923442937291387,1.3198636460478659,0.5356508770683901,17.968716710460907,24.334814452989484,-16.056271306062705,-14.006039126962882,-14.518597171737838,-5.560322887306066,0,1,0.0,0.0,0.0,0.0,East South Central,2026,0.0,0.0,01,0105,0
6,AL-06,Keith Pilkington,Gary Palmer,False,True,AL,6,no_match,"PALMER, GARY",0.0,414652.17,414652.17,0.0,100.0,Alabama,AL-06,2.7739962953870876,1.3637513297179882,0.13948090785333303,19.762770871923053,26.276269145783107,-18.912435438442124,-16.644597871775154,-17.211557263441897,-5.560322887306066,0,1,0.0,0.0,0.0,0.0,East South Central,2026,0.0,0.0,01,0106,0
7,AR-01,Terri Green,Rick Crawford,False,False,AR,1,"GREEN, TERRI YARBROUGH DR.","CRAWFORD, ERIC ALAN RICK",25013.73,261405.68,286419.41,8.73325240073639,91.26674759926362,Arkansas,AR-01,2.443255213138956,0.4583520066081424,0.2400724083691421,15.943725340292971,17.57,-23.343454996921203,-22.33788206427918,-22.589275297439684,-5.560322887306066,0,0,0.0,0.0,0.0,0.0,West South Central,2026,0.0,0.0,05,0501,0
8,AR-02,Chris Jones,French Hill,False,True,AR,2,"JONES, CHRIS","HILL, JAMES FRENCH",770577.52,1561074.6,2331652.12,33.0485630077612,66.95143699223878,Arkansas,AR-02,3.4469252548529195,1.0554177761228634,0.211821241138987,20.171494411151,32.53,-9.010669794571475,-7.20715574417072,-7.658034256770909,-5.560322887306066,0,1,0.0,0.0,0.0,0.0,West South Central,2026,0.0,0.0,05,0502,0
9,AR-03,Robb Ryerse,Steve Womack,True,False,AR,3,"RYERSE, ROBB","WOMACK, STEPHEN A THE HON",84515.42,712560.15,797075.5700000001,10.603187850808172,89.39681214919182,Arkansas,AR-03,9.752721208026758,2.733817717259445,0.7309938829194839,2.6732543862394222,31.07,-14.340126369002247,-12.045314516278616,-12.619017479459524,-5.560322887306066,1,0,0.0,0.0,0.0,0.0,West South Central,2026,0.0,0.0,05,0503,0
10,AR-04,James Russell,Bruce Westerman,True,False,AR,4,no_match,"WESTERMAN, BRUCE",0.0,768145.39,768145.39,0.0,100.0,Arkansas,AR-04,4.195910758931815,0.5709131953242529,0.3221353783673158,19.51647798652985,18.06,-20.391524406217894,-19.580435954954844,-19.783208067770605,-5.560322887306066,1,0,0.0,0.0,0.0,0.0,West South Central,2026,0.0,0.0,05,0504,0
11,AZ-01,TBDAZ-01,TBDAZ-01,False,False,AZ,1,no_match,no_match,0.0,0.0,0.0,0.0,0.0,Arizona,AZ-01,12.79280584806621,3.327858822013976,1.2216210994106849,3.238334460438605,50.61,-1.5175915449112196,-0.8183640956369089,-0.9931709579554866,-5.560322887306066,0,0,0.0,0.0,0.0,0.0,Mountain,2026,0.0,0.0,04,0401,3
12,AZ-02,Jonathan Nez,Elijah Crane,False,True,AZ,2,"NEZ, JONATHAN MICHAEL","CRANE, ELI",2146663.76,6673658.01,8820321.77,24.337703498542545,75.66229650145745,Arizona,AZ-02,14.154285795303275,1.196314331039111,17.555290548108566,2.311025972655222,25.05,-6.26922897438012,-6.810069835406189,-6.674859620149672,-5.560322887306066,0,1,0.0,0.0,0.0,0.0,Mountain,2026,0.0,0.0,04,0402,0
13,AZ-03,Yassamin Ansari,TBDAZ-03,True,False,AZ,3,"ANSARI, YASSAMIN",no_match,939512.45,0.0,939512.45,100.0,0.0,Arizona,AZ-03,50.881961097788434,2.75406341593392,2.200266453503864,11.967386091127098,18.02,23.459129498606195,20.90375077357009,21.542595454829115,-5.560322887306066,1,0,0.0,0.0,0.0,0.0,Mountain,2026,0.0,0.0,04,0403,2
14,AZ-04,Greg Stanton,Zuhdi Jasser,False,True,AZ,4,"STANTON, GREG","JASSER, M. ZUHDI",1173952.4,434912.47,1608864.8699999999,72.96774402190782,27.03225597809218,Arizona,AZ-04,20.664404934996472,4.360040473093045,1.7296295351546225,5.171372939145813,37.21,2.982997896148653,4.131390408465421,3.844292280386229,-5.560322887306066,0,1,0.0,0.0,0.0,0.0,Mountain,2026,0.0,0.0,04,0404,3
15,AZ-05,TBDAZ-05,TBDAZ-05,False,True,AZ,5,no_match,no_match,0.0,0.0,0.0,0.0,0.0,Arizona,AZ-05,15.303557941032958,4.749045846172356,0.7024978443810199,3.532708593734334,39.69,-10.58864813540854,-9.346392647590667,-9.656956519545135,-5.560322887306066,0,1,0.0,0.0,0.0,0.0,Mountain,2026,0.0,0.0,04,0405,3
16,AZ-06,JoAnna Mendoza,Juan Ciscomani,False,True,AZ,6,"MENDOZA, JOANNA","CISCOMANI, JUAN",4206477.55,1771664.87,5978142.42,70.36429135457098,29.635708645429027,Arizona,AZ-06,21.19922478177292,2.793149087700501,0.7504805722749188,3.3941007783695207,38.0,-2.2330459068923503,0.3711607096416927,-0.27989094449181806,-5.560322887306066,0,1,46.99999989983704,2.8322871296601577,44.99868061390355,2.8322871296601577,Mountain,2026,0.0,0.0,04,0406,3
17,AZ-07,Adelita Grijalva,Daniel Butierez,False,True,AZ,7,"GRIJALVA, ADELITA","BUTIEREZ, DANIEL",1686920.23,39072.43,1725992.66,97.73623428966378,2.263765710336219,Arizona,AZ-07,51.72053401004432,1.850076001635548,2.830121217566371,3.891393754480796,20.91,14.362636693903234,11.944105165220831,12.548738047391431,-5.560322887306066,0,1,0.0,0.0,0.0,0.0,Mountain,2026,0.0,0.0,04,0407,2
18,AZ-08,TBDAZ-08,Abraham Hamadeh,False,True,AZ,8,no_match,"HAMADEH, ABRAHAM",0.0,427905.6,427905.6,0.0,100.0,Arizona,AZ-08,16.980999789665567,3.33012823723053,1.0099391365604644,3.8401057681713926,31.480000000000004,-9.132718304933723,-7.489918940932021,-7.900618781932446,-5.560322887306066,0,1,0.0,0.0,0.0,0.0,Mountain,2026,0.0,0.0,04,0408,0
19,AZ-09,Dani Sterbinsky,Paul Gosar,False,True,AZ,9,"STERBINSKY, DANIELLE","GOSAR, PAUL DR.",260304.66,318493.86,578798.52,44.973276711212044,55.02672328878795,Arizona,AZ-09,24.744069321464085,2.0190349921871302,1.1446249033255993,4.538725002762126,21.77,-15.340271154940446,-14.92125135959553,-15.026006308431759,-5.560322887306066,0,1,0.0,0.0,0.0,0.0,Mountain,2026,0.0,0.0,04,0409,0
20,CA-01,Mike McGuire,James Gallagher,False,True,CA,1,"MCGUIRE, MIKE","GALLAGHER, JAMES",1278268.99,821467.3,2099736.29,60.877596681438504,39.122403318561496,California,CA-01,19.166401224329896,3.610381907450326,1.1703261096404995,1.7383727103310158,19.602523222503656,6.889954064656834,7.063047685509716,7.019774280296495,-5.560322887306066,0,1,0.0,0.0,0.0,0.0,Pacific,2026,0.0,0.0,06,0601,0
21,CA-02,Jared Huffman,Robin Littau,True,False,CA,2,"HUFFMAN, JARED",no_match,557786.57,0.0,557786.57,100.0,0.0,California,CA-02,10.641264347481867,3.793883195339444,1.4551976725244737,1.5729026359255864,28.716505117086776,12.286254571722743,13.474872342928535,13.177717900127087,-5.560322887306066,1,0,0.0,0.0,0.0,0.0,Pacific,2026,0.0,0.0,06,0602,0
22,CA-03,Ami Bera,Robb Tucker,True,False,CA,3,"BERA, AMERISH","TUCKER, ROBB",495798.0,22060.0,517858.0,95.740144981829,4.259855018171004,California,CA-03,14.930674937659921,9.226693496726469,0.29387601472275404,5.86159597838636,26.110866724881657,4.892422010844001,6.024267786649808,5.741306342698357,-5.560322887306066,1,0,0.0,0.0,0.0,0.0,Pacific,2026,0.0,0.0,06,0603,0
23,CA-05,Michael Masuda,Tom McClintock,False,True,CA,5,"MASUDA, MICHAEL","MCCLINTOCK, THOMAS",259478.58,690186.3,949664.88,27.32317320189834,72.67682679810167,California,CA-05,24.737288180577995,5.411536140900944,0.8705453117065342,2.633753448120277,19.34712525051928,-9.687488329286452,-9.851392433026774,-9.810416407091694,-5.560322887306066,0,1,0.0,0.0,0.0,0.0,Pacific,2026,0.0,0.0,06,0605,0
24,CA-06,Richard Pan,Kevin Kiley,False,True,CA,6,"PAN, RICHARD DR.",no_match,574702.18,0.0,574702.18,100.0,0.0,California,CA-06,18.728333490166555,11.677990025406983,0.3063893855274301,6.947021737084784,22.99290656202588,4.18957631832059,5.085139900214401,4.861249004740948,-5.560322887306066,0,1,0.0,0.0,0.0,0.0,Pacific,2026,0.0,0.0,06,0606,0
25,CA-08,John Garamendi,Rudy Recile,True,False,CA,8,"GARAMENDI, JOHN","RECILE, RUDY",151653.43,7712.0,159365.43,95.16080745993656,4.839192540063426,California,CA-08,23.791314948133497,18.340540208999396,0.24495710375600893,14.406084443115516,22.16003504935723,19.529488980260105,18.343778871241874,18.64020639849643,-5.560322887306066,1,0,0.0,0.0,0.0,0.0,Pacific,2026,0.0,0.0,06,0608,0
26,CA-09,Josh Harder,John McBride,True,False,CA,9,"HARDER, JOSH","MCBRIDE, JOHN",2666411.44,8164.45,2674575.89,99.69473851796367,0.3052614820363164,California,CA-09,31.313708190884316,19.678839821656453,0.3426653852819309,11.528523939312779,14.329895831431099,11.124363299683118,6.648093174595054,7.76716070586707,-5.560322887306066,1,0,0.0,0.0,0.0,0.0,Pacific,2026,0.0,0.0,06,0609,2
27,CA-10,Mark DeSaulnier,Jeff Frese,True,False,CA,10,"DESAULNIER, MARK",no_match,240874.22,0.0,240874.22,100.0,0.0,California,CA-10,15.968757112174897,18.34123521862945,0.19220802071639084,4.707662119337274,36.96817371713849,17.455162480496703,18.122722924336607,17.95583281337663,-5.560322887306066,1,0,0.0,0.0,0.0,0.0,Pacific,2026,0.0,0.0,06,0610,3
28,CA-13,Adam Gray,Kevin Lincoln,True,False,CA,13,"GRAY, ADAM C.","LINCOLN, KEVIN J II",2158209.3,930442.3,3088651.5999999996,69.87545309415928,30.124546905840727,California,CA-13,54.70705336814123,8.838584319755869,0.28585392602129006,4.378881617375342,7.211882439915307,6.784173859276542,1.0039789518789277,2.4490276787283314,-5.560322887306066,1,0,0.0,0.0,0.0,0.0,Pacific,2026,0.0,0.0,06,0613,2
29,CA-15,Kevin Mullin,Charles Hoelter,True,False,CA,15,"MULLIN, KEVIN",no_match,319849.85,0.0,319849.85,100.0,0.0,California,CA-15,20.5246234488179,38.56776488551493,0.14347730868498237,3.0633735792983323,35.19055884482685,26.95694481453203,25.569180179830106,25.916121338505583,-5.560322887306066,1,0,0.0,0.0,0.0,0.0,Pacific,2026,0.0,0.0,06,0615,3
30,CA-16,Sam Liccardo,Peter Soule,True,False,CA,16,"LICCARDO, SAM T.",no_match,1445562.01,0.0,1445562.01,100.0,0.0,California,CA-16,15.927858491016572,28.838331509585576,0.17690699301715707,2.175416157090088,42.95829730079056,24.704698898313787,25.704701737720576,25.45470102786888,-5.560322887306066,1,0,0.0,0.0,0.0,0.0,Pacific,2026,0.0,0.0,06,0616,3
31,CA-17,Ro Khanna,Ritesh Tandon,True,False,CA,17,"KHANNA, ROHIT","TANDON, RITESH",11635189.43,33708.48,11668897.91,99.7111254185272,0.2888745814727931,California,CA-17,16.392356880057132,48.404697874266105,0.24088036824998763,2.666654096262583,45.00669433213213,22.327721451578206,21.1230181151442,21.4241939492527,-5.560322887306066,1,0,0.0,0.0,0.0,0.0,Pacific,2026,0.0,0.0,06,0617,3
32,CA-18,Zoe Lofgren,Shane Lewis,True,False,CA,18,"LOFGREN, ZOE","LEWIS, SHANE",1048631.82,9030.49,1057662.31,99.14618400271821,0.8538159972817788,California,CA-18,52.40836508258787,13.316533100837225,0.2904608916862736,2.8780948058617684,14.50297369508835,19.557262787380886,15.433968535609047,16.464792098552007,-5.560322887306066,1,0,0.0,0.0,0.0,0.0,Pacific,2026,0.0,0.0,06,0618,2
33,CA-19,Jimmy Panetta,Peter Coe Verbica,True,False,CA,19,"PANETTA, JIMMY","VERBICA, PETER COE",1073104.7,64839.0,1137943.7,94.3020906921845,5.697909307815492,California,CA-19,19.205122355215003,17.945493362417388,0.17565434489461668,2.2759015964698484,32.428666690529504,17.990006208165845,18.572073207213343,18.42655645745147,-5.560322887306066,1,0,0.0,0.0,0.0,0.0,Pacific,2026,0.0,0.0,06,0619,3
34,CA-20,Sandra Van Scotter,Vince Fong,False,True,CA,20,"VAN SCOTTER, SANDRA","FONG, VINCE",4829.07,709908.57,714737.6399999999,0.6756423238042983,99.3243576761957,California,CA-20,33.61583654185394,6.313371477657959,0.4987268181190655,3.2682808976699236,16.56066862673846,-15.671424828008014,-15.74156287278469,-15.724028361590522,-5.560322887306066,0,1,0.0,0.0,0.0,0.0,Pacific,2026,0.0,0.0,06,0620,2
35,CA-21,Jim Costa,Kyle Kirkland,True,False,CA,21,"COSTA, JIM","KIRKLAND, KYLE",465135.45,184204.81,649340.26,71.63200538343332,28.367994616566666,California,CA-21,55.42678127748884,9.585024460254015,0.4318849717698465,5.233766835026113,10.0818236100813,8.525360621848755,3.833909069287621,5.006771957427905,-5.560322887306066,1,0,0.0,0.0,0.0,0.0,Pacific,2026,1.0,0.0,06,0621,2
36,CA-22,Randy Villegas,David Valadao,False,True,CA,22,"VILLEGAS, RANDY","VALADAO, DAVID",1649409.3,1170268.06,2819677.3600000003,58.496384139496016,41.50361586050398,California,CA-22,64.46911039594447,4.9244331574607205,0.5380777585607149,6.308791441352686,6.196120481834767,6.443674626912497,-0.17842839017434642,1.4770973640973644,-5.560322887306066,0,1,0.0,0.0,0.0,0.0,Pacific,2026,0.0,0.0,06,0622,2
37,CA-23,Tessa Lynn Hodge,Jay Obernolte,False,True,CA,23,"HODGE, TESSA LYNN","OBERNOLTE, JAY",56760.26,451398.29,508158.55,11.169793364689033,88.83020663531096,California,CA-23,38.36558759406158,4.0989122117591865,0.5102492030961014,8.499282882619614,11.736469209944158,-8.46280159143916,-9.199080109699054,-9.01501048013408,-5.560322887306066,0,1,0.0,0.0,0.0,0.0,Pacific,2026,0.0,0.0,06,0623,2
38,CA-24,Salud Carbajal,Bob Smith,True,False,CA,24,"CARBAJAL, SALUD O.","SMITH, ROBERT BOB J",1009873.22,159529.92,1169403.14,86.35800481945004,13.641995180549971,California,CA-24,28.783836725556405,4.9819972762718505,0.2374867078335168,1.9002667761132772,24.51745034595917,12.574221528737233,13.629244536677334,13.365488784692308,-5.560322887306066,1,0,0.0,0.0,0.0,0.0,Pacific,2026,0.0,0.0,06,0624,2
39,CA-25,Raul Ruiz,Joe Males,True,False,CA,25,"RUIZ, RAUL DR.","MALES, JOE",1014270.5,829223.06,1843493.56,55.01893372494342,44.981066275056584,California,CA-25,52.70780314240119,3.308191187100417,0.6078966495603962,4.193806101792654,14.433412231084308,6.09240028187228,3.7346678548222982,4.324100961584794,-5.560322887306066,1,0,0.0,0.0,0.0,0.0,Pacific,2026,0.0,0.0,06,0625,2
40,CA-26,Jacqui Irwin,Sam Gallucci,False,False,CA,26,"IRWIN, JACQUI V","GALLUCCI, SAMUEL",605014.31,113787.08,718801.39,84.16988592634748,15.83011407365253,California,CA-26,34.22722144536961,7.74407296764762,0.20915432530350217,2.758930273946482,25.606773882635952,9.152415665377902,8.61553219236555,8.749753060618637,-5.560322887306066,0,0,0.0,0.0,0.0,0.0,Pacific,2026,0.0,0.0,06,0626,2
41,CA-27,George Whitesides,Jason Gibbs,True,False,CA,27,"WHITESIDES, GEORGE","GIBBS, JASON",2519263.42,336900.44,2856163.86,88.20444286414296,11.795557135857045,California,CA-27,40.37680171585183,9.854923992743139,0.20366557215128392,10.580814213326423,18.36882981384975,7.770706621579436,5.779206864189938,6.277081803537312,-5.560322887306066,1,0,0.0,0.0,0.0,0.0,Pacific,2026,0.0,0.0,06,0627,2
42,CA-28,Judy Chu,April A. Verlato,True,False,CA,28,"CHU, JUDY","VERLATO, APRIL",522527.08,50.0,522577.08,99.99043203349063,0.009567966509361642,California,CA-28,25.897967696336295,34.81024880464085,0.23733382769834466,4.9303254312176055,33.36363539422892,14.41198275369782,13.832907457572908,13.977676281604136,-5.560322887306066,1,0,0.0,0.0,0.0,0.0,Pacific,2026,0.0,0.0,06,0628,3
43,CA-30,Laura Friedman,Scott Alan Meyers,True,False,CA,30,"FRIEDMAN, LAURA","MEYERS, SCOTT ALAN",507161.4,17869.0,525030.4,96.59657802671998,3.4034219732800235,California,CA-30,20.088741777502552,11.908715436283295,0.19691979445811436,4.609165355999203,38.57786884146783,20.62173615821677,21.45517682608608,21.246816659118757,-5.560322887306066,1,0,0.0,0.0,0.0,0.0,Pacific,2026,0.0,0.0,06,0630,3
44,CA-31,Gil Cisneros,Eric Ching,True,False,CA,31,"CISNEROS, GILBERT","CHING, ERIC J",193304.63,67137.33,260441.96000000002,74.2217690267728,25.778230973227203,California,CA-31,52.594084157769196,18.365476786177208,0.37941130959199215,4.441403259159226,19.50824216834069,10.537082908765981,7.053776773018278,7.924603306955204,-5.560322887306066,1,0,0.0,0.0,0.0,0.0,Pacific,2026,0.0,0.0,06,0631,2
45,CA-32,Brad Sherman,Larry Thompson,True,False,CA,32,"SHERMAN, BRAD","THOMPSON, LARRY",1216964.56,3829.0,1220793.56,99.68635155644169,0.3136484435583032,California,CA-32,20.781398894606443,12.213237496256363,0.17479375969942007,4.4362765117482095,36.08422426946733,14.874682604991712,13.631644722852137,13.94240419338703,-5.560322887306066,1,0,0.0,0.0,0.0,0.0,Pacific,2026,0.0,0.0,06,0632,3
46,CA-33,Pete Aguilar,Stephanie M. Vargas,True,False,CA,33,"AGUILAR, PETE","HERMAN, THOMAS",1746709.88,0.0,1746709.88,100.0,0.0,California,CA-33,55.3795630502087,7.610062630305714,0.24504786058385317,11.438073710730714,13.76265777414336,10.957281555491804,5.812216411664053,7.098482697620991,-5.560322887306066,1,0,0.0,0.0,0.0,0.0,Pacific,2026,0.0,0.0,06,0633,2
47,CA-35,Norma Torres,Mike Cargile,True,False,CA,35,"TORRES, NORMA","CARGILE, MIKE",214000.39,4495.0,218495.39,97.94274835729944,2.057251642700562,California,CA-35,53.934804755206486,13.475330784102765,0.22702170793003976,7.310425645286747,16.582292809161558,9.741851836785528,4.748667592563372,5.996963653618911,-5.560322887306066,1,0,0.0,0.0,0.0,0.0,Pacific,2026,0.0,0.0,06,0635,2
48,CA-36,Ted Lieu,Houston Brignano,True,False,CA,36,"LIEU, TED","BRIGNANO, HOUSTON",834723.45,5139.13,839862.58,99.38809870538583,0.6119012946141738,California,CA-36,14.729491221647258,16.56603299327348,0.15700674473289727,4.548095610186131,47.80323177234499,20.257632283372764,20.962460473063224,20.78625342564061,-5.560322887306066,1,0,0.0,0.0,0.0,0.0,Pacific,2026,0.0,0.0,06,0636,3
49,CA-38,Hilda Solis,Pedro Antonio Casas,False,False,CA,38,"SOLIS, HILDA",no_match,780106.17,0.0,780106.17,100.0,0.0,California,CA-38,52.90204686266665,26.2616913378675,0.238097812570959,1.5691532497864473,18.788430396489254,11.980308790449747,7.148493437297958,8.356447275585905,-5.560322887306066,0,0,0.0,0.0,0.0,0.0,Pacific,2026,0.0,0.0,06,0638,2
50,CA-39,Mark Takano,Steve Manos,True,False,CA,39,"TAKANO, MARK",no_match,415264.17,0.0,415264.17,100.0,0.0,California,CA-39,55.910665209084684,6.9261026369292695,0.19084788361139773,10.043625292452926,11.444432050079069,11.040453779830628,5.674452524018342,7.015952837971414,-5.560322887306066,1,0,0.0,0.0,0.0,0.0,Pacific,2026,0.0,0.0,06,0639,2
51,CA-41,Linda Sanchez,Mitch Clemmons,True,False,CA,41,"SANCHEZ, LINDA",no_match,264345.24,0.0,264345.24,100.0,0.0,California,CA-41,55.586446876342336,11.074768380773731,0.1483702912629011,4.140969510200704,19.064887386346378,10.913193928152523,8.05641205806598,8.770607525587616,-5.560322887306066,1,0,0.0,0.0,0.0,0.0,Pacific,2026,0.0,0.0,06,0641,2
52,CA-42,Robert Garcia,Brian Burley,True,False,CA,42,"GARCIA, ROBERT","BURLEY, BRIAN J MR.",1696344.31,37202.76,1733547.07,97.85395155148571,2.1460484485142937,California,CA-42,24.873898499964298,12.176781944645331,0.3183891231391447,5.8271251421216546,31.60208084123849,7.837573176484014,7.534949812494823,7.6106056534921205,-5.560322887306066,1,0,0.0,0.0,0.0,0.0,Pacific,2026,0.0,0.0,06,0642,3
53,CA-43,Maxine Waters,Cristian Morales,True,False,CA,43,"WATERS, MAXINE MS",no_match,297250.57,0.0,297250.57,100.0,0.0,California,CA-43,47.23856501616716,10.24563393639599,0.22176093055907464,29.830099513474185,13.785604547960752,30.340470164124476,26.046968179517073,27.12034367566892,-5.560322887306066,1,0,0.0,0.0,0.0,0.0,Pacific,2026,0.11943296826671962,0.0,06,0643,2
54,CA-44,Nanette Barragan,Genevieve Angel,True,False,CA,44,"BARRAGAN, NANETTE","ANGEL, GENEVIEVE",147112.3,9811.73,156924.03,93.74746493573993,6.252535064260075,California,CA-44,62.375612176453835,12.036560602023282,0.13759613352567696,11.790771181535012,11.70619397225054,24.89924334944252,18.911429840612065,20.40838321781968,-5.560322887306066,1,0,0.0,0.0,0.0,0.0,Pacific,2026,0.0,0.0,06,0644,2
55,CA-45,Derek Tran,Chuong V. Vo,True,False,CA,45,"TRAN, DEREK","VO, CHUONG",3087372.17,388945.96,3476318.13,88.81155448221305,11.188445517786947,California,CA-45,28.3476705198912,40.95560509282829,0.17484538759084556,2.568929041575475,23.23408870936347,2.8874444530368564,2.7860171233674507,2.811373955784802,-5.560322887306066,1,0,0.0,0.0,0.0,0.0,Pacific,2026,0.0,0.0,06,0645,3
56,CA-46,Lou Correa,David Pan,True,False,CA,46,"CORREA, LOU","PAN, DAVID",372379.23,67667.0,440046.23,84.62275202312266,15.377247976877339,California,CA-46,52.42918250737239,17.604167134219963,0.1961479592981763,2.147079549892051,15.443471495577047,12.166556948447855,9.098020020114475,9.86515425219782,-5.560322887306066,1,0,0.0,0.0,0.0,0.0,Pacific,2026,0.0,0.0,06,0646,2
57,CA-47,Dave Min,Jenny Rae Le Roux,True,False,CA,47,"MIN, DAVE","LE ROUX, JENNY RAE",2384076.61,118583.59,2502660.1999999997,95.26169833203885,4.7383016679611565,California,CA-47,15.636615259128398,24.183126549909254,0.14419108991841412,2.1131919384423883,41.81402246413917,5.959473820771763,5.986406946248756,5.979673664879508,-5.560322887306066,1,0,0.0,0.0,0.0,0.0,Pacific,2026,0.0,0.0,06,0647,3
58,CA-48,Marni von Wilpert,Jim Desmond,False,False,CA,48,"VON WILPERT, MARNI","DESMOND, JIM",1072757.66,1844921.67,2917679.33,36.76749699563454,63.23250300436546,California,CA-48,32.59903966181392,8.035174109159971,0.5462210615795802,4.767994853690103,20.572494462773612,1.4455367328582795,2.510842060572884,2.2445157286442328,-5.560322887306066,0,0,0.0,0.0,0.0,0.0,Pacific,2026,0.0,0.0,06,0648,2
59,CA-49,Mike Levin,Armen Kurdian,True,False,CA,49,"LEVIN, MIKE","KURDIAN, ARMEN",2334524.67,18595.98,2353120.65,99.20973112874599,0.7902688712540091,California,CA-49,17.967748885839676,11.61788553349285,0.20846799647702313,2.5250520697488934,36.44286801463964,5.4846144325145545,6.989986144328377,6.613643216374921,-5.560322887306066,1,0,0.0,0.0,0.0,0.0,Pacific,2026,0.0,0.0,06,0649,3
60,CA-50,Scott Peters,Steve Cohen,True,False,CA,50,"PETERS, SCOTT",no_match,278316.48,0.0,278316.48,100.0,0.0,California,CA-50,16.197417305582086,14.211399638259161,0.20843670691344718,3.118191793782824,38.80571734181216,8.548877042696013,10.16587077554805,9.761622342335041,-5.560322887306066,1,0,0.0,0.0,0.0,0.0,Pacific,2026,0.0,0.0,06,0650,3
61,CA-51,Sara Jacobs,Ricardo Cabrera,True,False,CA,51,"JACOBS, SARA",no_match,370573.18,0.0,370573.18,100.0,0.0,California,CA-51,23.46931828298998,8.530409386330746,0.23601992203661448,6.6600562467595275,27.436758159028543,9.411797040193171,10.143561486511778,9.960620374932127,-5.560322887306066,1,0,0.0,0.0,0.0,0.0,Pacific,2026,0.0,0.0,06,0651,0
62,CA-52,Juan Vargas,Jeff Belle,True,False,CA,52,"VARGAS, JUAN C.","BELLE, JEFFERY MR",118393.51,13597.47,131990.97999999998,89.69818240610078,10.301817593899221,California,CA-52,52.59771449360969,14.326621795906854,0.2015300751956538,7.9843517823965735,15.527301746876507,14.705925880215183,9.777881337371632,11.00989247308252,-5.560322887306066,1,0,0.0,0.0,0.0,0.0,Pacific,2026,0.0,0.0,06,0652,2
63,CO-01,Melat Kiros,Christy Peterson,False,False,CO,1,"KIROS, MELAT","PETERSON, CHRISTY",638665.74,0.0,638665.74,100.0,0.0,Colorado,CO-01,20.208130584800497,3.261670942817541,0.322554484060279,8.513963844407089,54.25,29.08937987530832,29.556422150568515,29.439661581753466,-5.560322887306066,0,0,0.0,0.0,0.0,0.0,Mountain,2026,0.0,0.0,08,0801,3
64,CO-02,Joe Neguse,Kelley Dennison,True,False,CO,2,"NEGUSE, JOSEPH",no_match,1496554.17,0.0,1496554.17,100.0,0.0,Colorado,CO-02,10.499318958332232,2.528400230479302,0.2664256149198344,0.8697598116695124,57.84,18.18460078497123,21.20911049693357,20.452983068942984,-5.560322887306066,1,0,0.0,0.0,0.0,0.0,Mountain,2026,0.0,0.0,08,0802,3
65,CO-03,Dwayne Romero,Jeff Hurd,False,True,CO,3,"ROMERO, DWAYNE","HURD, JEFFREY",326691.86,1809921.59,2136613.45,15.290171462694852,84.70982853730514,Colorado,CO-03,21.07915664051668,0.6989829234911575,1.0981206000483044,0.9009669830308342,31.59,-6.495568580958498,-4.238270899702165,-4.802595320016248,-5.560322887306066,0,1,0.0,0.0,0.0,0.0,Mountain,2026,0.0,0.0,08,0803,0
66,CO-04,Eileen Laubacher,Lauren Boebert,False,True,CO,4,"LAUBACHER, EILEEN","BOEBERT, LAUREN",9934225.13,767289.04,10701514.170000002,92.8300890153379,7.1699109846620885,Colorado,CO-04,11.788527283381203,2.7885524475775867,0.2944210976622461,1.8705985124365052,46.19,-11.783262179516832,-8.606634241964052,-9.400791226352247,-5.560322887306066,0,1,0.0,0.0,0.0,0.0,Mountain,2026,0.0,0.6872892787909722,08,0804,3
67,CO-05,Jessica Killin,Jeff Crank,False,True,CO,5,"KILLIN, JESSICA WILLOW","CRANK, JEFF",2048053.58,867935.12,2915988.7,70.23530578153475,29.764694218465248,Colorado,CO-05,14.91882573905884,2.8606713738059097,0.2692331724672785,5.765449205899974,40.29,-7.518044908239588,-3.918467809732362,-4.818362084359169,-5.560322887306066,0,1,0.0,0.0,0.0,0.0,Mountain,2026,0.0,0.0,08,0805,3
68,CO-06,Jason Crow,Mel Tewahade,True,False,CO,6,"CROW, JASON","TEWAHADE, BEMELEKOT W",2662171.25,9765.07,2671936.32,99.63453208345923,0.3654679165407655,Colorado,CO-06,15.349501052135649,4.93207143040959,0.2739709757048715,9.553352086356286,43.89,9.948397297397328,10.930194390616826,10.684745117311952,-5.560322887306066,1,0,0.0,0.0,0.0,0.0,Mountain,2026,0.0,0.0,08,0806,3
69,CO-07,Brittany Pettersen,Tim Bennett,True,False,CO,7,"PETTERSEN, BRITTANY LOUISE","BENNETT, TIMOTHY",767519.07,15321.53,782840.6,98.04282889773474,1.9571711022652631,Colorado,CO-07,12.626419859157624,2.4924822033883567,0.311147209675652,1.2466759077445917,46.68,5.018386333394396,8.457494388603685,7.597717374801363,-5.560322887306066,1,0,0.0,0.0,0.0,0.0,Mountain,2026,0.0,0.0,08,0807,3
70,CO-08,Manny Rutinel,Gabe Evans,False,True,CO,8,"RUTINEL, MANNY","EVANS, TIMOTHY GABRIEL JOSEPH",4037834.64,1928534.04,5966368.68,67.6765861542435,32.32341384575651,Colorado,CO-08,30.66810668818787,2.7977560983328984,0.3467524349814458,1.8981382578904475,27.96,0.077259715783164,-0.1899701804292917,-0.12316270637617778,-5.560322887306066,0,1,0.0,0.0,0.0,0.0,Mountain,2026,0.0,0.0,08,0808,2
71,CT-01,John Larson,TBDCT-01,True,False,CT,1,"LARSON, JOHN B",no_match,970961.88,0.0,970961.88,100.0,0.0,Connecticut,CT-01,15.736225820575475,3.759622185382137,0.0376093196268257,13.83255806991217,38.440000000000005,11.982017220107087,12.384450004840936,12.283841808657474,-5.560322887306066,1,0,0.0,0.0,0.0,0.0,New England,2026,0.0,0.0,09,0901,3
72,CT-02,Joe Courtney,TBDCT-02,True,False,CT,2,"COURTNEY, JOSEPH",no_match,238383.31,0.0,238383.31,100.0,0.0,Connecticut,CT-02,7.447090227316061,2.7738349963632256,0.202494191753349,3.363839868934884,38.45,3.56969532683388,4.678290573163956,4.401141761581437,-5.560322887306066,1,0,0.0,0.0,0.0,0.0,New England,2026,0.0,0.0,09,0902,0
73,CT-03,Rosa DeLauro,Christopher Lancia,True,False,CT,3,"DELAURO, ROSA L","LANCIA, CHRISTOPHER JOHN MR.",399856.43,9774.55,409630.98,97.61381573239407,2.3861842676059313,Connecticut,CT-03,13.507290585176271,3.1931568647267983,0.0707466992530251,13.02915315282206,39.36,7.71451615207922,7.916112610624609,7.8657134959882615,-5.560322887306066,1,0,0.0,0.0,0.0,0.0,New England,2026,0.0,0.0,09,0903,3
74,CT-04,Jim Himes,TBDCT-04,True,False,CT,4,"HIMES, JIM",no_match,345509.96,0.0,345509.96,100.0,0.0,Connecticut,CT-04,16.4993488280947,4.838472624243191,0.1055347570659296,11.230367881507126,53.010000000000005,13.441533683571857,12.614760845623252,12.821454055110403,-5.560322887306066,1,0,0.0,0.0,0.0,0.0,New England,2026,0.0,0.0,09,0904,3
75,CT-05,Jahana Hayes,TBDCT-05,True,False,CT,5,"HAYES, JAHANA",no_match,487815.36,0.0,487815.36,100.0,0.0,Connecticut,CT-05,16.079863739591218,3.236373959121877,0.0537471612414837,8.237320211960636,37.940000000000005,3.1856353220412785,3.58766924852516,3.4871607669041897,-5.560322887306066,1,0,0.0,0.0,0.0,0.0,New England,2026,0.0,0.0,09,0905,3
76,DE-AL,Sarah McBride,TBDDE-AL,True,False,DE,0,"MCBRIDE, SARAH ELIZABETH",no_match,3362478.67,0.0,3362478.67,100.0,0.0,Delaware,DE-00,6.8483236794509725,3.0071429132302248,0.148276304321083,21.10784516446499,34.46,7.356909240777995,8.229289509930439,8.011194442642328,-5.560322887306066,1,0,0.0,0.0,0.0,0.0,South Atlantic,2026,0.0,0.0,10,1000,0
77,FL-01,TBDFL-01,Jimmy Patronis,False,True,FL,1,no_match,"PATRONIS, JIMMY JR.",0.0,2572163.29,2572163.29,0.0,100.0,Florida,FL-01,5.955611794675413,2.39073608498027,0.1773197249463046,12.343617322388905,21.077253663335576,-18.708100263541567,-18.015602692372234,-18.188727085164565,-5.560322887306066,0,1,0.0,0.0,0.0,0.0,South Atlantic,2026,0.0,0.0,12,1201,0
78,FL-02,TBDFL-02,TBDFL-02,False,False,FL,2,no_match,no_match,0.0,0.0,0.0,0.0,0.0,Florida,FL-02,5.594773790951638,1.5842758710348415,0.22425897035881437,22.461160946437857,20.039556931423906,-7.8216439323285485,-8.414076139423194,-8.265968087649533,-5.560322887306066,0,0,0.0,0.0,0.0,0.0,South Atlantic,2026,0.0,0.0,12,1202,0
79,FL-03,Seth Harp,Kat Cammack,False,True,FL,3,"HARP, SETH ALLAN","CAMMACK, KAT",20994.63,641429.25,662423.88,3.169364908765065,96.83063509123494,Florida,FL-03,10.317135740045359,2.3015335474620575,0.11573943109866787,14.824346015637754,18.909752624768156,-9.389758360910541,-9.881589486442977,-9.758631705059868,-5.560322887306066,0,1,0.0,0.0,0.0,0.0,South Atlantic,2026,0.0,0.0,12,1203,0
80,FL-04,TBDFL-04,Aaron Bean,False,True,FL,4,no_match,"BEAN, AARON P.",0.0,553568.72,553568.72,0.0,100.0,Florida,FL-04,7.827628390697298,2.3475808055107152,0.10565124641510323,29.423113864072175,17.197806595188244,-5.662199666401939,-5.231817399256471,-5.339412966042838,-5.560322887306066,0,1,0.0,0.0,0.0,0.0,South Atlantic,2026,0.0,0.0,12,1204,1
81,FL-05,Rachel Grage,John Rutherford,False,True,FL,5,"GRAGE, RACHEL","RUTHERFORD, JOHN",159295.07,190474.68,349769.75,45.54283782402567,54.45716217597434,Florida,FL-05,10.136413422284178,4.787414119287066,0.059245245444588264,11.710312323674865,30.47991778176873,-10.2612325286387,-10.095703337568239,-10.137085635335854,-5.560322887306066,0,1,0.0,0.0,0.0,0.0,South Atlantic,2026,0.0,0.6065306597126334,12,1205,0
82,FL-06,TBDFL-06,Randy Fine,False,True,FL,6,no_match,"FINE, RANDY",0.0,2150104.37,2150104.37,0.0,100.0,Florida,FL-06,9.935743208012218,1.3561540615769758,0.12470737862305106,10.258651767796717,17.672785844199883,-14.21351453849573,-14.403239670540785,-14.355808387529521,-5.560322887306066,0,1,0.0,0.0,0.0,0.0,South Atlantic,2026,0.0,0.0,12,1206,0
83,FL-07,TBDFL-07,Cory Mills,False,True,FL,7,no_match,"MILLS, CORY",0.0,638046.07,638046.07,0.0,100.0,Florida,FL-07,19.398791941853904,2.991603332116425,0.1236268295111347,9.057449138760745,25.552545069822106,-5.072419445577125,-5.558665715859732,-5.43710414828908,-5.560322887306066,0,1,0.0,0.0,0.0,0.0,South Atlantic,2026,0.0,0.8824969025845955,12,1207,0
84,FL-08,TBDFL-08,Mike Haridopolos,False,True,FL,8,no_match,"HARIDOPOLOS, MIKE",0.0,721298.55,721298.55,0.0,100.0,Florida,FL-08,14.265508863926105,2.905251004257571,0.1068000865946648,9.293211138639663,24.600153804455662,-7.71526849449409,-7.447581905460716,-7.514503552719059,-5.560322887306066,0,1,0.0,0.0,0.0,0.0,South Atlantic,2026,0.0,0.0,12,1208,0
85,FL-09,Darren Soto,TBDFL-09,True,False,FL,9,"SOTO, DARREN",no_match,353345.92,0.0,353345.92,100.0,0.0,Florida,FL-09,33.90614456669926,2.6491730586501783,0.1953743613754355,8.760517509674044,20.044719498640674,-5.695149438609235,-8.216486898129524,-7.586152533249452,-5.560322887306066,1,0,0.0,0.0,0.0,0.0,South Atlantic,2026,0.0,0.0,12,1209,2
86,FL-11,TBDFL-11,TBDFL-11,False,False,FL,11,no_match,no_match,0.0,0.0,0.0,0.0,0.0,Florida,FL-11,17.95154001367419,3.9708506345156507,0.09171711107775944,10.48209848750146,26.473737346900823,-7.1073838358771155,-7.169701841378689,-7.154122340003296,-5.560322887306066,0,0,0.0,0.0,0.0,0.0,South Atlantic,2026,0.0,0.0,12,1211,0
87,FL-12,TBDFL-12,Gus Bilirakis,False,True,FL,12,no_match,"BILIRAKIS, GUS M",0.0,380060.54,380060.54,0.0,100.0,Florida,FL-12,22.547113396777664,3.009448307676536,0.10558868253344497,8.932153291530694,23.213563659628917,-5.232129297601503,-7.02645127649393,-6.577870781770823,-5.560322887306066,0,1,0.0,0.0,0.0,0.0,South Atlantic,2026,0.0,0.0,12,1212,0
88,FL-13,TBDFL-13,Anna Paulina Luna,False,True,FL,13,no_match,"PAULINA LUNA, ANNA",0.0,1061841.37,1061841.37,0.0,100.0,Florida,FL-13,9.663679565732705,3.4021171827752315,0.08933739540147513,5.887674844308105,25.37813967761902,-6.207063030555318,-5.977577479026763,-6.034948866908902,-5.560322887306066,0,1,0.0,0.0,0.0,0.0,South Atlantic,2026,0.0,0.0,12,1213,0
89,FL-14,Kathy Castor,TBDFL-14,True,False,FL,14,"CASTOR, KATHY",no_match,440833.19,0.0,440833.19,100.0,0.0,Florida,FL-14,22.373346665110518,2.9078487354263527,0.06497499420799314,13.311338223587143,25.392426637523336,-3.710408847011905,-4.560583564427361,-4.348039885073497,-5.560322887306066,1,0,0.0,0.0,0.0,0.0,South Atlantic,2026,0.0,0.0,12,1214,0
90,FL-15,TBDFL-15,Laurel Lee,False,True,FL,15,no_match,"LEE, LAUREL",0.0,367267.36,367267.36,0.0,100.0,Florida,FL-15,15.886377453045942,2.959738041551808,0.16082910620832516,12.457179250472034,18.7523983757976,-7.638192706841856,-9.297211252852776,-8.882456616350046,-5.560322887306066,0,1,0.0,0.0,0.0,0.0,South Atlantic,2026,0.0,0.0,12,1215,0
91,FL-16,TBDFL-16,TBDFL-16,False,False,FL,16,no_match,no_match,0.0,0.0,0.0,0.0,0.0,Florida,FL-16,10.92347095844587,2.0237524715709827,0.0901349803067763,10.349812589063834,25.316165261487726,-5.041718213331137,-6.155518467198327,-5.8770684037315295,-5.560322887306066,0,0,0.0,0.0,0.0,0.0,South Atlantic,2026,0.0,0.0,12,1216,0
92,FL-17,TBDFL-17,Greg Steube,False,True,FL,17,no_match,"STEUBE, GREG",0.0,336431.85,336431.85,0.0,100.0,Florida,FL-17,9.28340272433074,1.569565633992625,0.10060921895718776,6.31798076833916,24.987648632390023,-9.268099882967974,-10.37018438337725,-10.094663258274931,-5.560322887306066,0,1,0.0,0.0,0.0,0.0,South Atlantic,2026,0.0,0.0,12,1217,0
93,FL-18,TBDFL-18,Scott Franklin,False,True,FL,18,no_match,"FRANKLIN, SCOTT MR.",0.0,272129.21,272129.21,0.0,100.0,Florida,FL-18,25.172786177105834,1.752948994849643,0.09918591128094369,13.974912776208672,15.453333588463035,-7.385520145191002,-7.8024040909268635,-7.698183104492898,-5.560322887306066,0,1,0.0,0.0,0.0,0.0,South Atlantic,2026,0.0,0.0,12,1218,0
94,FL-19,TBDFL-19,TBDFL-19,False,False,FL,19,no_match,no_match,0.0,0.0,0.0,0.0,0.0,Florida,FL-19,15.925620502870078,1.5126525992400357,0.0658096855040828,4.247877758913413,27.339657096087993,-13.363540354071787,-14.457689026643926,-14.184151858500892,-5.560322887306066,0,0,0.0,0.0,0.0,0.0,South Atlantic,2026,0.0,0.0,12,1219,0
95,FL-20,Debbie Wasserman Schultz,TBDFL-20,True,False,FL,20,"WASSERMAN SCHULTZ, DEBBIE",no_match,1938353.11,0.0,1938353.11,100.0,0.0,Florida,FL-20,22.258538440599175,2.952617953168166,0.087841059807213,40.43121272787998,19.986390273859957,22.03547547974734,19.500753556216033,20.13443403709886,-5.560322887306066,1,0,0.0,0.0,0.0,0.0,South Atlantic,2026,0.0,0.0,12,1220,1
96,FL-21,TBDFL-21,Brian Mast,False,True,FL,21,no_match,"MAST, BRIAN",0.0,2348617.76,2348617.76,0.0,100.0,Florida,FL-21,13.953994974956677,1.9887247724153294,0.09909228193965362,12.159523832922222,26.176379739735392,-6.71289417108521,-7.4300510170464875,-7.250761805556168,-5.560322887306066,0,1,0.0,0.0,0.0,0.0,South Atlantic,2026,0.0,0.0,12,1221,0
97,FL-22,TBDFL-22,TBDFL-22,False,False,FL,22,no_match,no_match,0.0,0.0,0.0,0.0,0.0,Florida,FL-22,26.98494056771863,3.7039331759987832,0.1992028132468932,13.186062186574743,27.190634418537613,-0.817399741642447,-4.551960254962147,-3.618320126632222,-5.560322887306066,0,0,0.0,0.0,0.0,0.0,South Atlantic,2026,0.0,0.0,12,1222,0
98,FL-23,Lois Frankel,TBDFL-23,True,False,FL,23,"FRANKEL, LOIS J.",no_match,1365142.07,0.0,1365142.07,100.0,0.0,Florida,FL-23,20.624795703945832,2.422974550548681,0.08405323371468597,22.563436843334113,22.98717947059531,11.144840170440418,7.719602850321266,8.575912180351054,-5.560322887306066,1,0,0.0,0.0,0.0,0.0,South Atlantic,2026,0.0,0.0,12,1223,0
99,FL-24,TBDFL-24,TBDFL-24,False,False,FL,24,no_match,no_match,0.0,0.0,0.0,0.0,0.0,Florida,FL-24,36.19437903299795,1.4381683435782948,0.10173603677992192,47.88138271302894,15.28395833228341,26.182139955451795,20.28829859545801,21.761758935456456,-5.560322887306066,0,0,0.0,0.0,0.0,0.0,South Atlantic,2026,0.0,0.0,12,1224,1
100,FL-25,Jared Moskowitz,TBDFL-25,True,False,FL,25,"MOSKOWITZ, JARED",no_match,1258774.14,0.0,1258774.14,100.0,0.0,Florida,FL-25,25.745225137269735,2.3371721037343702,0.11998874639707705,6.80675290702549,36.740388356993066,0.2784442236769422,-3.858568405062144,-2.8243152478773723,-5.560322887306066,1,0,0.0,0.0,0.0,0.0,South Atlantic,2026,0.0,0.0,12,1225,3
101,FL-26,TBDFL-26,Mario Diaz-Balart,False,True,FL,26,no_match,"DIAZ-BALART, MARIO",0.0,878605.69,878605.69,0.0,100.0,Florida,FL-26,69.73976844771857,2.813491542368645,0.09785689170927607,10.407991222533349,23.202844636073245,-2.8554345694920684,-8.50183679441188,-7.090236238181927,-5.560322887306066,0,1,0.0,0.0,0.0,0.0,South Atlantic,2026,0.0,0.0,12,1226,2
102,FL-27,TBDFL-27,Maria Elvira Salazar,False,True,FL,27,no_match,"SALAZAR, MARIA ELVIRA",0.0,404646.52,404646.52,0.0,100.0,Florida,FL-27,70.56014862201,2.0160222596766126,0.10591840080027236,5.950554600515302,30.569078751168046,-2.387444997691709,-6.598333151200897,-5.5456111128236,-5.560322887306066,0,1,0.0,0.0,0.0,0.0,South Atlantic,2026,0.0,0.0,12,1227,2
103,FL-28,TBDFL-28,Carlos Gimenez,False,True,FL,28,no_match,"GIMENEZ, CARLOS",0.0,136997.21,136997.21,0.0,100.0,Florida,FL-28,69.30574228952318,1.5134590622727881,0.09789147450556682,9.397987741225307,20.30065142014307,-5.584879437119767,-12.062606340412607,-10.443174614589397,-5.560322887306066,0,1,0.0,0.0,0.0,0.0,South Atlantic,2026,0.0,0.0,12,1228,2
104,GA-01,Amanda Hollowell,Jim Kingston,False,False,GA,1,"HOLLOWELL, AMANDA","KINGSTON, JAMES MORRIS",101923.96,1681155.5,1783079.46,5.716175991394125,94.28382400860588,Georgia,GA-01,5.596391923998642,1.5640481488211355,0.115709392859959,28.43074064296709,27.43,-9.067095124362735,-7.196352480949663,-7.664038141802932,-5.560322887306066,0,0,0.0,0.0,0.0,0.0,South Atlantic,2026,0.0,0.0,13,1301,1
105,GA-02,Sanford Bishop,Matt Day,True,False,GA,2,"BISHOP, SANFORD","DAY, MATT",353817.87,10762.5,364580.37,97.04797600594898,2.952023994051024,Georgia,GA-02,3.649946978858929,1.2618676918602796,0.1301589215606303,49.646939492061016,20.82,2.9517243236498203,4.575307557517526,4.1694117490505995,-5.560322887306066,1,0,0.0,0.0,0.0,0.0,South Atlantic,2026,0.4723665527410147,0.0,13,1302,1
106,GA-03,Maura Keller,Brian Jack,False,True,GA,3,"KELLER, MAURA","JACK, BRIAN",95102.98,746046.34,841149.32,11.306313604343163,88.69368639565684,Georgia,GA-03,4.436796577062599,1.2932474842994794,0.1004213217030629,23.49359404982138,27.91,-17.492135633478476,-14.188107359402627,-15.014114427921589,-5.560322887306066,0,1,0.0,0.0,0.0,0.0,South Atlantic,2026,0.0,0.0,13,1303,0
107,GA-04,Hank Johnson,James Duffie,True,False,GA,4,"JOHNSON, HENRY C. 'HANK'",no_match,62103.3,0.0,62103.3,100.0,0.0,Georgia,GA-04,8.139225248042996,7.68999351561436,0.1323302524031865,55.83665852899984,38.62,26.915293396900505,27.269315144161304,27.180809707346103,-5.560322887306066,1,0,0.0,0.0,0.0,0.0,South Atlantic,2026,0.0,0.0,13,1304,1
108,GA-05,Nikema Williams,John Oscar Salvesen,True,False,GA,5,"WILLIAMS, NIKEMA N.",no_match,153849.58,0.0,153849.58,100.0,0.0,Georgia,GA-05,6.166984764833939,4.75805412200492,0.1235904072657034,50.10072618192155,47.74,34.53616965437207,36.9154203217797,36.32060765492779,-5.560322887306066,1,0,0.0,0.0,0.0,0.0,South Atlantic,2026,0.0,0.0,13,1305,1
109,GA-06,Lucy McBath,Kevin Martin,True,False,GA,6,"MCBATH, LUCIA KAY MS.","MARTIN, KEVIN EUGENE",462374.33,0.0,462374.33,100.0,0.0,Georgia,GA-06,7.526914734338343,2.6185991153942707,0.0516531724258749,52.92282907676275,46.6,22.751420946954063,25.922630358353796,25.12982800550386,-5.560322887306066,1,0,0.0,0.0,0.0,0.0,South Atlantic,2026,0.0,0.0,13,1306,1
110,GA-07,Tony Kozycki,Rich McCormick,False,True,GA,7,"KOZYCKI, ANTHONY LAWRENCE","MCCORMICK, RICHARD DEAN DR.",54041.0,360909.39,414950.39,13.023484566432145,86.97651543356785,Georgia,GA-07,7.194282332316959,8.487912137307932,0.0732313962286767,8.602160607127605,57.11000000000001,-12.141229430786405,-10.401401807066591,-10.836358712996544,-5.560322887306066,0,1,0.0,0.0,0.0,0.0,South Atlantic,2026,0.0,0.0,13,1307,3
111,GA-08,Kelly Esti,Austin Scott,False,True,GA,8,"ESTI, KELLY DR","SCOTT, JAMES AUSTIN",17655.0,310884.46,328539.46,5.373783715356444,94.62621628464356,Georgia,GA-08,4.534152917146436,1.192857879204575,0.1109513334253559,30.30508995794333,22.44,-16.22344418034013,-14.610849871220118,-15.013998448500121,-5.560322887306066,0,1,0.0,0.0,0.0,0.0,South Atlantic,2026,0.0,0.0,13,1308,1
112,GA-09,Caitlyn Gegen,Andrew Clyde,False,True,GA,9,"GEGEN, CAITLYN","CLYDE, ANDREW",14481.93,525547.01,540028.9400000001,2.6816951698921914,97.3183048301078,Georgia,GA-09,9.6293386245302,5.459986530621112,0.068252094633249,12.434735066007198,31.41,-18.62375205667032,-16.41755761396604,-16.96910622464211,-5.560322887306066,0,1,0.0,0.0,0.0,0.0,South Atlantic,2026,0.0,0.0,13,1309,0
113,GA-10,Pamela Delancy,Houston Gaines,False,False,GA,10,"DELANCY, PAMELA MRS","GAINES, HOUSTON",9875.0,1945061.79,1954936.79,0.5051314216660683,99.49486857833392,Georgia,GA-10,5.079618560164216,1.852674012090069,0.1330211500252368,24.8719165005309,28.45,-13.023553133017316,-9.706876188884271,-10.536045424917532,-5.560322887306066,0,0,0.0,0.0,0.0,0.0,South Atlantic,2026,0.0,0.0,13,1310,0
114,GA-11,Chris Harden,John Cowan,False,False,GA,11,"HARDEN, CHRISTOPHER MATTHEW","COWAN, JOHN",53658.59,419031.54,472690.13,11.351747496822071,88.64825250317793,Georgia,GA-11,7.291972896745008,3.2729870773134064,0.0687737077758832,12.395302720124862,40.86,-13.42362593318706,-11.031807398159572,-11.629762031916444,-5.560322887306066,0,0,0.0,0.0,0.0,0.0,South Atlantic,2026,0.0,0.0,13,1311,3
115,GA-12,Ceretta Smith,Rick Allen,False,True,GA,12,"SMITH, CERETTA","ALLEN, RICHARD W",21003.55,437072.15,458075.7,4.585170093065403,95.4148299069346,Georgia,GA-12,4.050858600287061,1.4955374813703186,0.1445628865766476,36.60676485469709,23.36,-7.404612254425032,-6.365463571420385,-6.625250742171547,-5.560322887306066,0,1,0.0,0.0,0.0,0.0,South Atlantic,2026,0.0,0.0,13,1312,1
116,GA-13,Jasmine Clark,Jonathan Chavez,False,False,GA,13,"CLARK, JASMINE",no_match,1162081.4,0.0,1162081.4,100.0,0.0,Georgia,GA-13,8.445760912088526,6.061402038040948,0.1171780398293559,54.02000782428883,30.75,18.233107810766025,22.112280825900942,21.142487572117215,-5.560322887306066,0,0,0.0,0.0,0.0,0.0,South Atlantic,2026,0.0,0.0,13,1313,1
117,GA-14,Shawn Harris,Clay Fuller,False,True,GA,14,"HARRIS, SHAWN","FULLER, CLAY",7895108.28,1016272.13,8911380.41,88.59579455434783,11.404205445652163,Georgia,GA-14,7.521266381579647,1.3383382993271993,0.0797157160419907,12.508813015273532,25.93,-21.29334836310028,-17.75812541904701,-18.641931155060327,-5.560322887306066,0,1,0.0,0.0,0.0,0.0,South Atlantic,2026,0.0,0.0,13,1314,0
118,HI-01,Ed Case,Adriel Lam,True,False,HI,1,"CASE, EDWARD",no_match,380148.44,0.0,380148.44,100.0,0.0,Hawaii,HI-01,7.0010084776943415,56.7761503604021,0.1021822389729922,2.2014934620524524,37.95,12.69507544268928,13.333221241876783,13.173684792079907,-5.560322887306066,1,0,0.0,0.0,0.0,0.0,Pacific,2026,0.0,0.0,15,1501,3
119,HI-02,Jill Tokuda,Brenton Awa,True,False,HI,2,"TOKUDA, JILL NAOMI","AWA, BRENTON",526803.81,89087.97,615891.78,85.5351259924268,14.464874007573215,Hawaii,HI-02,9.41531854837188,35.60183245974513,0.1475477265951947,1.7626481609364566,31.35,12.827531596155772,11.78152986855433,12.04303030045469,-5.560322887306066,1,0,0.0,0.0,0.0,0.0,Pacific,2026,0.0,0.0,15,1502,3
120,IA-01,Christina Bohannan,Mariannette Miller-Meeks,False,True,IA,1,"BOHANNAN, CHRISTINA","MILLER-MEEKS, MARIANNETTE JANE",4527552.51,2468743.95,6996296.46,64.713560036877,35.28643996312301,Iowa,IA-01,4.361383051384339,1.5729091395028854,0.095522801738218,3.4617529341503093,31.49,-3.742128323579472,-3.545298221603744,-3.594505747097676,-5.560322887306066,0,1,43.0,1.118126371,39.0,1.118126371,West North Central,2026,0.0,0.0,19,1901,0
121,IA-02,Lindsay James,Joe Mitchell,False,False,IA,2,"JAMES, LINDSAY","MITCHELL, JOE",821555.7,1223669.45,2045225.15,40.16945029255092,59.83054970744908,Iowa,IA-02,2.5123727891517507,1.129307256491568,0.2137872012949964,3.0926997226903024,28.32,-4.509952604992641,-4.313744874435365,-4.362796807074684,-5.560322887306066,0,0,36.0,1.0038639742,33.0,1.0038639742,West North Central,2026,0.0,0.0,19,1902,0
122,IA-03,Sarah Trone Garriott,Zach Nunn,False,True,IA,3,"TRONE GARRIOTT, SARAH","NUNN, ZACH",3600414.1,896610.48,4497024.58,80.06213966480033,19.937860335199677,Iowa,IA-03,5.022949565597509,2.732261898256926,0.0630088519753019,3.929259330091252,35.410000000000004,-2.445777769439779,-1.4820718467311167,-1.7229983274082823,-5.560322887306066,0,1,42.0,0.9227578168954084,48.0,0.9227578168954084,West North Central,2026,0.0,0.0,19,1903,0
123,IA-04,Dave Dawson,Chris McGowan,False,False,IA,4,"DAWSON, DAVE","MCGOWAN, CHRIS",96552.25,539803.01,636355.26,15.17269614460325,84.82730385539675,Iowa,IA-04,5.7628002132730085,1.374350343502413,0.3028749269642154,1.6167524925856966,25.8,-15.508601170491517,-15.200726816088462,-15.277695404689226,-5.560322887306066,0,0,0.0,0.0,0.0,0.0,West North Central,2026,0.0,0.0,19,1904,0
124,ID-01,Kaylee Peterson,Russ Fulcher,False,True,ID,1,"PETERSON, KAYLEE JADE","FULCHER, RUSSELL",131332.45,326717.81,458050.26,28.672061009200174,71.32793899079984,Idaho,ID-01,8.87497960901398,1.131476965382617,0.7177627078681104,0.5520302567961958,28.26,-21.902186005817587,-22.348836765834143,-22.237174075830005,-5.560322887306066,0,1,0.0,0.0,0.0,0.0,Mountain,2026,0.0,0.0,16,1601,0
125,ID-02,Ellie Gilbreath,Mike Simpson,False,True,ID,2,"GILBREATH, ELINOR","SIMPSON, MICHAEL",68749.0,422224.73,490973.73,14.002582174814119,85.99741782518589,Idaho,ID-02,10.023633517638585,1.227153166025828,0.7819158846285312,0.6225986893740125,32.31,-14.125827361187469,-13.030515183887452,-13.304343228212456,-5.560322887306066,0,1,0.0,0.0,0.0,0.0,Mountain,2026,0.0,0.0,16,1602,0
126,IL-01,Jonathan Jackson,Christian Maxwell,True,False,IL,1,"JACKSON, JONATHAN","MAXWELL, CHRISTIAN",228359.17,32134.62,260493.79,87.66395928286813,12.336040717131874,Illinois,IL-01,7.364246281731429,1.5764480366418632,0.0971125327709503,50.28997874757445,31.83,19.21131642721901,16.978659752876986,17.536823921462492,-5.560322887306066,1,0,0.0,0.0,0.0,0.0,East North Central,2026,0.0,0.0,17,1701,1
127,IL-02,Donna Miller,Michael Noack,False,False,IL,2,"MILLER, DONNA","COLEMAN, CALVIN",2280132.99,1960.0,2282092.99,99.91411392924878,0.0858860707512186,Illinois,IL-02,10.635554100083445,0.95728127676974,0.0605007687483001,47.445738951209,23.74,18.02635450123696,17.53859494998259,17.66053483779618,-5.560322887306066,0,0,0.0,0.0,0.0,0.0,East North Central,2026,0.0,0.0,17,1702,1
128,IL-03,Delia Ramirez,Angel Oakley,True,False,IL,3,"RAMIREZ, DELIA","OAKLEY, ANGEL",927805.2,5039.26,932844.46,99.45979633089101,0.540203669108996,Illinois,IL-03,35.710325244574,7.065657987037263,0.1140435255621316,6.082741413131598,35.49,18.86218034909715,16.666956512787387,17.215762471864828,-5.560322887306066,1,0,0.0,0.0,0.0,0.0,East North Central,2026,0.0,0.0,17,1703,2
129,IL-04,Patty Garcia,Lupe Castillo,False,False,IL,4,"GARCIA, PATTY",no_match,134906.59,0.0,134906.59,100.0,0.0,Illinois,IL-04,56.36630407747406,4.375714510641502,0.0552212615548207,6.32420357021429,23.37,21.376145448180445,15.126191886275429,16.688680276751683,-5.560322887306066,0,0,0.0,0.0,0.0,0.0,East North Central,2026,0.0,0.0,17,1704,2
130,IL-05,Mike Quigley,Tommy Hanson,True,False,IL,5,"QUIGLEY, MIKE",no_match,232561.28,0.0,232561.28,100.0,0.0,Illinois,IL-05,10.342908874909648,8.382892844107607,0.0606522532580458,3.008101280317181,64.44,17.892489847500464,19.533125515660807,19.12296659862072,-5.560322887306066,1,0,0.0,0.0,0.0,0.0,East North Central,2026,0.0,0.0,17,1705,3
131,IL-06,Sean Casten,Niki Conforti,True,False,IL,6,"CASTEN, SEAN","CONFORTI, NIKI",1162484.86,273640.5,1436125.36,80.94591825883501,19.054081741164993,Illinois,IL-06,12.22381709602348,5.273524951585651,0.0289288405799771,5.393478296920461,43.41,3.272799839227517,3.5377850246776745,3.471538728315135,-5.560322887306066,1,0,0.0,0.0,0.0,0.0,East North Central,2026,0.0,0.0,17,1706,3
132,IL-07,La Shawn Ford,Chad Koppie,False,False,IL,7,"FORD, LA SHAWN K",no_match,448882.04,0.0,448882.04,100.0,0.0,Illinois,IL-07,12.024704479947449,7.1456250484383474,0.0719655451113251,43.11345091396242,45.98,34.72862699402834,33.82804397593559,34.053189730458776,-5.560322887306066,0,0,0.0,0.0,0.0,0.0,East North Central,2026,0.0,0.0,17,1707,1
133,IL-08,Melissa Bean,Jennifer Davis,False,False,IL,8,"BEAN, MELISSA LUBURICH","DAVIS, JENNIFER",1287967.69,186038.58,1474006.27,87.3787117608394,12.621288239160611,Illinois,IL-08,17.469235208885767,12.476035953133389,0.0468181799836136,4.605334850888132,38.95,5.580748528993581,4.250216727915792,4.582849678185239,-5.560322887306066,0,0,0.0,0.0,0.0,0.0,East North Central,2026,0.0,0.0,17,1708,3
134,IL-09,Daniel Biss,John Elleson,False,False,IL,9,"BISS, DANIEL",no_match,2666560.4,0.0,2666560.4,100.0,0.0,Illinois,IL-09,10.213535492347305,12.088011658373416,0.0690894538535303,8.282617395440852,54.8,18.85746487373036,19.243132543743293,19.14671562624006,-5.560322887306066,0,0,0.0,0.0,0.0,0.0,East North Central,2026,0.0,0.0,17,1709,3
135,IL-10,Brad Schneider,Carl Lambrecht,True,False,IL,10,"SCHNEIDER, BRADLEY S.",no_match,1507286.43,0.0,1507286.43,100.0,0.0,Illinois,IL-10,16.745052886304205,6.740759533195425,0.1280199836071972,6.743686819405956,46.58,10.910801191547904,11.922732180065855,11.669749432936367,-5.560322887306066,1,0,0.0,0.0,0.0,0.0,East North Central,2026,0.0,0.0,17,1710,3
136,IL-11,Bill Foster,Jeff Walter,True,False,IL,11,"FOSTER, G. WILLIAM (BILL)","WALTER, JEFFREY D",966263.61,56879.66,1023143.27,94.44069450801352,5.559305491986474,Illinois,IL-11,13.80947744052972,6.583115194492017,0.0618616932920158,6.013185705366502,44.28,5.543013270350215,6.553330900863045,6.300751493234838,-5.560322887306066,1,0,0.0,0.0,0.0,0.0,East North Central,2026,0.0,0.0,17,1711,3
137,IL-12,Julie Fortier,Mike Bost,False,True,IL,12,"FORTIER, JULIE DR.","BOST, MICHAEL",37270.36,414050.97,451321.32999999996,8.258054189461864,91.74194581053814,Illinois,IL-12,2.0992719778080424,0.6643397183088843,0.1133478810868244,5.035241673256995,23.81,-24.05425689858493,-21.290575677059422,-21.981495982440798,-5.560322887306066,0,1,0.0,0.0,0.0,0.0,East North Central,2026,0.0,0.0,17,1712,0
138,IL-13,Nikki Budzinski,Jeff Wilson,True,False,IL,13,"BUDZINSKI, NIKKI","WILSON, JEFF",1410778.18,78132.51,1488910.69,94.75237094308189,5.2476290569181145,Illinois,IL-13,3.589647234011916,2.429096477256963,0.1278379408257839,17.9875709210829,30.85,3.4715318437339637,6.075034171262828,5.424158589380612,-5.560322887306066,1,0,0.0,0.0,0.0,0.0,East North Central,2026,0.0,0.0,17,1713,0
139,IL-14,Lauren Underwood,James Marter,True,False,IL,14,"UNDERWOOD, LAUREN","MARTER, JAMES THOMAS",1460303.97,98948.13,1559252.1,93.65412879674813,6.345871203251867,Illinois,IL-14,17.839820824641105,4.5790090673817705,0.0803367777648772,9.446968363414369,32.34,3.579120180984674,3.381648740490917,3.431016600614356,-5.560322887306066,1,0,0.0,0.0,0.0,0.0,East North Central,2026,0.0,0.0,17,1714,0
140,IL-15,Jennifer Todd,Mary Miller,False,True,IL,15,"TODD, JENNIFER ANN","MILLER, MARY",53065.31,964510.25,1017575.56,5.2148766230195225,94.78512337698048,Illinois,IL-15,2.1653560306814907,0.6509712753959112,0.1008668678246781,2.874014864045625,25.07,-22.045431178205384,-19.466763476955364,-20.11143040226787,-5.560322887306066,0,1,0.0,0.0,0.0,0.0,East North Central,2026,0.0,0.0,17,1715,0
141,IL-16,Paul Nolley,Darin LaHood,False,True,IL,16,"NOLLEY, PAUL","LAHOOD, DARIN MCKAY",192037.56,722448.91,914486.47,20.999497127606492,79.00050287239353,Illinois,IL-16,5.17673199129005,1.3660400835444164,0.0568813047149269,2.269386304048349,30.77,-13.275348155450502,-10.774905961983071,-11.400016510349928,-5.560322887306066,0,1,0.0,0.0,0.0,0.0,East North Central,2026,0.0,0.0,17,1716,0
142,IL-17,Eric Sorensen,Dillan Vancil,True,False,IL,17,"SORENSEN, ERIC","VANCIL, DILLAN",1092847.08,175899.11,1268746.19,86.1359891059062,13.864010894093798,Illinois,IL-17,8.078417514006315,1.3355750576048175,0.1197609065418725,11.62269781521124,24.01,1.719590843073938,3.164115463521135,2.8029843084093358,-5.560322887306066,1,0,0.0,0.0,0.0,0.0,East North Central,2026,0.0,0.0,17,1717,0
143,IN-01,Frank Mrvan,Barb Regnitz,True,False,IN,1,"MRVAN, FRANK J.","REGNITZ, BARB",997233.45,104263.67,1101497.1199999999,90.53436744346641,9.465632556533603,Indiana,IN-01,14.01085313070401,1.1402299821696054,0.0762148166532014,17.165407274026588,25.36,1.97663579740118,0.951168931096305,1.2075356476725236,-5.560322887306066,1,0,0.0,0.0,0.0,0.0,East North Central,2026,0.0,0.0,18,1801,0
144,IN-02,Jamee Decio,Rudy Yakym,False,True,IN,2,"DECIO, JAMEE MS.","YAKYM, RUDY C. III",27185.0,1970366.08,1997551.08,1.3609163876800587,98.63908361231995,Indiana,IN-02,7.037896507367488,1.0270500054287717,0.1317627313898944,5.96042333378113,24.08,-13.766620515804838,-12.71007631871175,-12.974212367985022,-5.560322887306066,0,1,0.0,0.0,0.0,0.0,East North Central,2026,0.0,0.0,18,1802,0
145,IN-03,Kelly Thompson,Marlin Stutzman,False,True,IN,3,"THOMPSON, KELLY ELIZABETH","STUTZMAN, MARLIN A",83522.48,332251.29,415773.76999999996,20.08844377075543,79.91155622924457,Indiana,IN-03,4.284706265491849,1.839662752618914,0.0539161585641656,5.505961534982179,24.64,-17.546316854914934,-15.114420124181391,-15.722394306864777,-5.560322887306066,0,1,0.0,0.0,0.0,0.0,East North Central,2026,0.0,0.0,18,1803,0
146,IN-04,Drew Cox,Jim Baird,False,True,IN,4,"COX, DREW","BAIRD, JAMES R DR.",6182.65,118985.01,125167.65999999999,4.939494754475717,95.06050524552428,Indiana,IN-04,4.408710028402266,2.130169989684749,0.0664132600432392,4.012350040271871,30.76,-17.17770166436638,-14.189275399860414,-14.936381965986905,-5.560322887306066,0,1,0.0,0.0,0.0,0.0,East North Central,2026,0.0,0.0,18,1804,0
147,IN-05,J.D. Ford,Victoria Spartz,False,True,IN,5,"FORD, JAMES (J.D.) DAVID","SPARTZ, VICTORIA",217174.71,953836.77,1171011.48,18.545907850536185,81.45409214946382,Indiana,IN-05,3.3625285936698184,2.4320492637401827,0.0728866777417306,4.978734137580128,39.25,-10.402237602237165,-7.813665058842723,-8.460808194691333,-5.560322887306066,0,1,0.0,0.0,0.0,0.0,East North Central,2026,0.0,1.5576015661428098,18,1805,0
148,IN-06,Cinde Wirth,Jefferson Shreve,False,True,IN,6,"WIRTH, CYNTHIA (CINDE)","SHREVE, JEFFERSON",18420.0,108535.32,126955.32,14.50904144859782,85.49095855140217,Indiana,IN-06,3.2518581007374223,2.6591566913443776,0.058361089697904,4.2550870507468765,27.39,-18.579759839050418,-15.7997063796344,-16.494719744488407,-5.560322887306066,0,1,0.0,0.0,0.0,0.0,East North Central,2026,0.0,0.0,18,1806,0
149,IN-07,Andre Carson,Patrick McAuley,True,False,IN,7,"CARSON, ANDRE",no_match,301668.35,0.0,301668.35,100.0,0.0,Indiana,IN-07,7.185284947471264,1.6459263468881733,0.0718158711128929,31.835060936447817,34.61,19.29909816910889,21.830587761653625,21.197715363517442,-5.560322887306066,1,0,0.0,0.0,0.0,0.0,East North Central,2026,0.0,0.0,18,1807,1
150,IN-08,Mary Allen,Mark Messmer,False,True,IN,8,"ALLEN, MARY THERESA","MESSMER, MARK MR.",189588.46,228529.66,418118.12,45.34327763647268,54.65672236352732,Indiana,IN-08,1.908833041497197,0.7218406937691112,0.0954157238890204,3.500305088320044,22.34,-18.994061201600356,-17.495697045637524,-17.870288084628232,-5.560322887306066,0,1,0.0,0.0,0.0,0.0,East North Central,2026,0.0,0.0,18,1808,0
151,IN-09,Brad Meyer,Erin Houchin,False,True,IN,9,"MEYER, BRADLEY ALLEN MR.","HOUCHIN, ERIN",54382.87,304629.73,359012.6,15.147900101556324,84.85209989844368,Indiana,IN-09,2.481840920117192,1.1582038582794605,0.0450869767210624,2.5716720068161907,26.0,-16.19891472229598,-14.44286339028453,-14.881876223287392,-5.560322887306066,0,1,0.0,0.0,0.0,0.0,East North Central,2026,0.0,0.0,18,1809,0
152,KS-01,TBDKS-01,Tracey Mann,False,True,KS,1,no_match,"MANN, TRACEY ROBERT",0.0,278978.73,278978.73,0.0,100.0,Kansas,KS-01,10.279271426891656,1.3182477365072314,0.5201693956740272,2.761731807602648,29.41,-17.412865234889388,-15.174236911128013,-15.733893992068356,-5.560322887306066,0,1,0.0,0.0,0.0,0.0,West North Central,2026,0.0,0.0,20,2001,0
153,KS-02,TBDKS-02,Derek Schmidt,False,True,KS,2,no_match,"SCHMIDT, DEREK",0.0,605282.02,605282.02,0.0,100.0,Kansas,KS-02,8.45014576378714,1.528442819811791,0.5575653671283778,7.946203344259324,26.91,-10.605342359635635,-9.277623301875032,-9.609553066315183,-5.560322887306066,0,1,0.0,0.0,0.0,0.0,West North Central,2026,0.0,0.0,20,2002,0
154,KS-03,Sharice Davids,Chase LaPorte,True,False,KS,3,"DAVIDS, SHARICE",no_match,2312748.89,0.0,2312748.89,100.0,0.0,Kansas,KS-03,7.073605487349085,3.226674036551413,0.1736127212124697,4.381309922820242,51.28,0.0042096974047112,2.83706828547664,2.128853638458658,-5.560322887306066,1,0,0.0,0.0,0.0,0.0,West North Central,2026,0.0,0.0,20,2003,3
155,KS-04,TBDKS-04,Ron Estes,False,True,KS,4,no_match,"ESTES, RON",0.0,241231.6,241231.6,0.0,100.0,Kansas,KS-04,9.270703407309004,2.859520444420123,0.5257109646399937,6.010578376409805,30.380000000000003,-13.400556927206935,-11.099828893296454,-11.675010901774074,-5.560322887306066,0,1,0.0,0.0,0.0,0.0,West North Central,2026,0.0,0.0,20,2004,0
156,KY-01,Drew Williams,James Comer,False,True,KY,1,"WILLIAMS, JOHN ANDREW","COMER, JAMES",77975.19,1141948.68,1219923.8699999999,6.39180787568326,93.60819212431674,Kentucky,KY-01,2.3524334408211067,0.5119736042976547,0.1085899147116711,6.753979454927355,20.29,-23.96304822060537,-23.204969967338823,-23.39448953065546,-5.560322887306066,0,1,0.0,0.0,0.0,0.0,East South Central,2026,0.0,0.25283959580474646,21,2101,0
157,KY-02,Megan Wingfield,Brett Guthrie,False,True,KY,2,no_match,"GUTHRIE, S. BRETT BRETT HON.",0.0,1521490.24,1521490.24,0.0,100.0,Kentucky,KY-02,2.576455435703236,1.2806154233835687,0.1023722359496293,4.883768138260267,23.04,-20.956126410497955,-20.2159553151528,-20.40099808898909,-5.560322887306066,0,1,0.0,0.0,0.0,0.0,East South Central,2026,0.0,0.0,21,2102,0
158,KY-03,Morgan McGarvey,Maria Rodriguez,True,False,KY,3,"MCGARVEY, MORGAN","RODRIGUEZ, MARIA TERESA",856366.6,20159.0,876525.6,97.70012421770681,2.299875782293181,Kentucky,KY-03,3.997449570212156,1.867068953478544,0.1207227932718633,20.242842075476556,35.120000000000005,9.117663056733605,10.384550926706318,10.06782895921314,-5.560322887306066,1,0,0.0,0.0,0.0,0.0,East South Central,2026,0.0,0.0,21,2103,0
159,KY-04,Melissa Strange,Ed Gallrein,False,False,KY,4,"STRANGE, MELISSA CLAIRE","GALLREIN, ED",48837.0,3138162.51,3186999.51,1.532381785650165,98.46761821434984,Kentucky,KY-04,2.467489573121669,0.834853004732942,0.0592056949905306,2.8582120231481967,30.76,-18.82927498924942,-17.330041638405156,-17.704849976116222,-5.560322887306066,0,0,0.0,0.0,0.0,0.0,East South Central,2026,0.0,0.0,21,2104,0
160,KY-05,Ned Pillersdorf,Hal Rogers,False,True,KY,5,"PILLERSDORF, NED","ROGERS, HAROLD DALLAS",107506.98,381284.74,488791.72,21.99443558495631,78.0055644150437,Kentucky,KY-05,1.0809365570451854,0.3086902021243719,0.1059060873430072,1.538589747596279,15.05,-32.33647024278145,-31.58484010897301,-31.772747642425124,-5.560322887306066,0,1,0.0,0.0,0.0,0.0,East South Central,2026,0.0,0.0,21,2105,0
161,KY-06,Zach Dembo,Ralph Alvarado,False,False,KY,6,"DEMBO, ZACH","ALVARADO, RALPH A",932303.14,994999.71,1927302.85,48.37346346475853,51.62653653524146,Kentucky,KY-06,3.048914003178528,1.3584672435105067,0.0669256577785626,7.804167402436871,34.9,-7.876455669658362,-6.906651086057956,-7.149102231958058,-5.560322887306066,0,0,37.0,1.0038639742,37.0,1.0038639742,East South Central,2026,0.0,0.0,21,2106,0
162,LA-01,Lauren Jewett,Steve Scalise,False,True,LA,1,"JEWETT, LAUREN","SCALISE, STEVE MR",70390.32,1100842.98,1171233.3,6.009931582375604,93.9900684176244,Louisiana,LA-01,7.490641301012581,1.85630999868496,0.9668171656511638,11.936878095822557,23.45152053955423,-22.23220143066738,-18.788832479418865,-19.649674717230994,-5.560322887306066,0,1,0.0,0.0,0.0,0.0,West South Central,2026,0.0,0.0,22,2201,0
163,LA-02,Troy Carter,TBDLA-02,True,False,LA,2,"CARTER, TROY A. SR.",no_match,310811.35,0.0,310811.35,100.0,0.0,Louisiana,LA-02,5.718325546410543,2.5261090940650632,0.20033847800616203,58.917774434785116,18.047735092861583,24.297890948218416,25.102816779031933,24.901585321328554,-5.560322887306066,1,0,0.0,0.0,0.0,0.0,West South Central,2026,0.0,0.0,22,2202,1
164,LA-03,TBDLA-03,Clay Higgins,False,True,LA,3,no_match,"HIGGINS, CLAY CAPTAIN",0.0,134630.79,134630.79,0.0,100.0,Louisiana,LA-03,3.225926589331919,1.2075499805805958,0.2741771581697167,26.690241882423045,15.400091402116232,-18.7336071431707,-17.574617723851198,-17.864365078681075,-5.560322887306066,0,1,0.0,0.0,0.0,0.0,West South Central,2026,0.0,0.0,22,2203,0
165,LA-04,TBDLA-04,Mike Johnson,False,True,LA,4,no_match,"JOHNSON, JAMES MICHAEL",0.0,9804394.27,9804394.27,0.0,100.0,Louisiana,LA-04,3.2605118331271243,0.9223978472103669,0.5012381356334907,30.199421675381426,13.95068575516001,-17.471751379983587,-16.543814048623823,-16.775798381463765,-5.560322887306066,0,1,0.0,0.0,0.0,0.0,West South Central,2026,0.0,0.0,22,2204,1
166,LA-05,TBDLA-05,TBDLA-05,False,False,LA,5,no_match,no_match,0.0,0.0,0.0,0.0,0.0,Louisiana,LA-05,2.5897204937862583,0.5768547181987914,0.3073222414334572,33.39700649845908,13.15257858032957,-16.99818089960538,-16.445097325469497,-16.583368219003468,-5.560322887306066,0,0,0.0,0.0,0.0,0.0,West South Central,2026,0.0,0.0,22,2205,1
167,LA-06,Cleo Fields,TBDLA-06,True,False,LA,6,"FIELDS, CLEO",no_match,289808.8,0.0,289808.8,100.0,0.0,Louisiana,LA-06,3.960108844289128,1.6590811773968535,0.2631324502396508,24.481850076660635,21.424780462790846,-18.611557766894123,-15.447689305186607,-16.238656420613488,-5.560322887306066,1,0,0.0,0.0,0.0,0.0,West South Central,2026,0.0,0.0,22,2206,0
168,MA-01,Richard Neal,TBDMA-01,True,False,MA,1,"NEAL, RICHARD E",no_match,343931.02,0.0,343931.02,100.0,0.0,Massachusetts,MA-01,15.911770298535844,1.599907405110907,0.0618401580727035,4.965235579586134,31.51,8.782479685101805,7.707418678600376,7.976183930225734,-5.560322887306066,1,0,0.0,0.0,0.0,0.0,New England,2026,0.0,0.0,25,2501,0
169,MA-02,Jim McGovern,TBDMA-02,True,False,MA,2,"MCGOVERN, JAMES P",no_match,376128.09,0.0,376128.09,100.0,0.0,Massachusetts,MA-02,9.045547991198257,4.442883363120142,0.0535473851313891,3.9948759801237617,45.18,13.48710044215759,12.893680266199048,13.042035310188684,-5.560322887306066,1,0,0.0,0.0,0.0,0.0,New England,2026,0.0,0.0,25,2502,3
170,MA-03,Lori Trahan,Gary Grossi,True,False,MA,3,"TRAHAN, LORI","GROSSI, GARY J.",664970.91,550.71,665521.62,99.91725137344149,0.08274862655851813,Massachusetts,MA-03,17.013991251119247,6.596267901055981,0.0443120373100029,3.4991860867527147,38.48,11.728235838253418,10.446173818071728,10.76668932311715,-5.560322887306066,1,0,0.0,0.0,0.0,0.0,New England,2026,0.0,0.0,25,2503,3
171,MA-04,Jake Auchincloss,Tom Stalcup,True,False,MA,4,"AUCHINCLOSS, JAKE",no_match,1799999.85,0.0,1799999.85,100.0,0.0,Massachusetts,MA-04,4.639272897894636,5.079287843109995,0.0608235508789003,3.3833534630323148,48.77,12.230030532384925,10.815645201078354,11.169241533904996,-5.560322887306066,1,0,0.0,0.0,0.0,0.0,New England,2026,0.0,0.0,25,2504,3
172,MA-05,Katherine Clark,TBDMA-05,True,False,MA,5,"CLARK, KATHERINE",no_match,923260.03,0.0,923260.03,100.0,0.0,Massachusetts,MA-05,7.54375704214167,10.17992380005643,0.1253804858633969,4.535559662238799,60.47,23.723624657176224,23.92327861372241,23.873365124585867,-5.560322887306066,1,0,0.0,0.0,0.0,0.0,New England,2026,0.0,0.0,25,2505,3
173,MA-06,TBDMA-06,Micah Jones,False,False,MA,6,no_match,"JONES, MICAH Q.",0.0,257951.75,257951.75,0.0,100.0,Massachusetts,MA-06,7.604872740421845,3.863158002462978,0.0515110475846094,2.6809624037579187,48.85,11.781057341317997,11.294393957877162,11.41605980373737,-5.560322887306066,0,0,0.0,0.0,0.0,0.0,New England,2026,0.0,0.0,25,2506,3
174,MA-07,Ayanna Pressley,TBDMA-07,True,False,MA,7,"PRESSLEY, AYANNA",no_match,768590.56,0.0,768590.56,100.0,0.0,Massachusetts,MA-07,16.07827250287351,9.175067362589738,0.1079685704056829,22.66567428539127,48.3,34.45213941148983,33.3200755961169,33.60309154996013,-5.560322887306066,1,0,0.0,0.0,0.0,0.0,New England,2026,0.0,0.0,25,2507,3
175,MA-08,Stephen Lynch,TBDMA-08,True,False,MA,8,"LYNCH, STEPHEN",no_match,284246.26,0.0,284246.26,100.0,0.0,Massachusetts,MA-08,5.658144143926212,7.768414541219649,0.1252719264748825,10.301499288973824,50.42,15.763042379129054,14.243151676741064,14.623124352338062,-5.560322887306066,1,0,0.0,0.0,0.0,0.0,New England,2026,0.0,0.0,25,2508,3
176,MA-09,Bill Keating,Tyler MacAllister,True,False,MA,9,"KEATING, WILLIAM R","MACALLISTER, ROBERT TYLER",186596.55,140947.6,327544.15,56.96836594394984,43.03163405605015,Massachusetts,MA-09,4.098462914386908,1.1830714816909076,0.1662327225711957,2.7191849735988085,41.03,6.986457396392019,6.221069809553605,6.412416706263208,-5.560322887306066,1,0,0.0,0.0,0.0,0.0,New England,2026,0.0,0.0,25,2509,0
177,MD-01,Dan Schwartz,Andy Harris,False,True,MD,1,"SCHWARTZ, DANIEL","HARRIS, ANDREW P",596746.04,1704860.17,2301606.21,25.927373562308908,74.07262643769108,Maryland,MD-01,3.651513294939346,2.0594105275172763,0.0669740647550243,14.35376741703357,33.61,-9.686828544264252,-7.902524636355501,-8.348600613332689,-5.560322887306066,0,1,0.0,0.0,0.0,0.0,South Atlantic,2026,0.0,0.0,24,2401,0
178,MD-02,Johnny Olszewski,Dave Wallace,True,False,MD,2,"OLSZEWSKI, JOHN ANTHONY JR.","WALLACE, DAVID DRAIN II",660934.9,16278.07,677212.97,97.59631449468549,2.4036855053145247,Maryland,MD-02,4.240263617357943,4.28534873074091,0.0960887358586799,23.326759146272472,45.14,8.355610210423116,10.219162881433618,9.753274713680993,-5.560322887306066,1,0,0.0,0.0,0.0,0.0,South Atlantic,2026,0.0,0.0,24,2402,3
179,MD-03,Sarah Elfreth,Berney Flowers,True,False,MD,3,"ELFRETH, SARAH KELLY","FLOWERS, BERNARD",661534.73,4859.36,666394.09,99.2707978547649,0.7292021452351115,Maryland,MD-03,5.960914710746148,8.630063095736602,0.1206555143118732,17.4435935470592,51.690000000000005,10.755854472127282,12.99519108401114,12.435356931040175,-5.560322887306066,1,0,0.0,0.0,0.0,0.0,South Atlantic,2026,0.0,0.0,24,2403,3
180,MD-04,Glenn Ivey,George McDermott,True,False,MD,4,"IVEY, GLENN FREDERICK",no_match,328533.63,0.0,328533.63,100.0,0.0,Maryland,MD-04,12.113093783793545,4.717127445085821,0.1485057012167269,65.86897080662602,32.45,38.91759708535584,38.58264395991848,38.666382241277816,-5.560322887306066,1,0,0.0,0.0,0.0,0.0,South Atlantic,2026,0.0,0.0,24,2404,1
181,MD-05,Adrian Boafo,Chris Chaffee,False,False,MD,5,"BOAFO, ADRIAN",no_match,1055839.25,0.0,1055839.25,100.0,0.0,Maryland,MD-05,5.390812639047049,2.591913610823158,0.16068604771899,41.7877344118363,40.73,16.284677161388437,17.775137488451442,17.40252240668569,-5.560322887306066,0,0,0.0,0.0,0.0,0.0,South Atlantic,2026,0.0,0.0,24,2405,1
182,MD-06,April McClain Delaney,Robin Ficker,True,False,MD,6,"DELANEY, APRIL MCCLAIN","FICKER, ROBIN",773138.88,849.34,773988.22,99.89026447973588,0.10973552026411978,Maryland,MD-06,8.69759891540904,7.601947982446751,0.1264761497020942,12.531128474080417,39.55,2.744538138450203,3.713003103005924,3.4708868618669935,-5.560322887306066,1,0,0.0,0.0,0.0,0.0,South Atlantic,2026,0.0,0.0,24,2406,3
183,MD-07,Kweisi Mfume,Scott Collier,True,False,MD,7,"MFUME, KWEISI",no_match,171714.15,0.0,171714.15,100.0,0.0,Maryland,MD-07,4.818788938191923,2.220787952131236,0.196674286226525,55.89906324234683,31.28,29.980767863318285,30.99871254549199,30.74422637494856,-5.560322887306066,1,0,0.0,0.0,0.0,0.0,South Atlantic,2026,0.0,0.0,24,2407,1
184,MD-08,Jamie Raskin,Cheryl Riley,True,False,MD,8,"RASKIN, JAMIE","RILEY, CHERYL",5802826.0,15661.62,5818487.62,99.73083005373826,0.2691699462617401,Maryland,MD-08,13.684792837203076,12.99142842518476,0.1569027360529807,17.307533299997242,63.080000000000005,29.52736902943868,29.777884627115878,29.71525572769658,-5.560322887306066,1,0,0.0,0.0,0.0,0.0,South Atlantic,2026,0.0,0.0,24,2408,3
185,ME-01,Chellie Pingree,TBDME-01,True,False,ME,1,"PINGREE, CHELLIE M",no_match,169444.92,0.0,169444.92,100.0,0.0,Maine,ME-01,1.8354633131043416,1.195485075227867,0.1338656940524617,1.011151298658301,41.27,9.462787290359016,11.791562839680417,11.209368952350067,-5.560322887306066,1,0,0.0,0.0,0.0,0.0,New England,2026,0.0,0.0,23,2301,0
186,ME-02,Matt Dunlap,Paul LePage,False,False,ME,2,"DUNLAP, MATT","LEPAGE, PAUL",910624.91,1338698.44,2249323.35,40.48439322874588,59.51560677125411,Maine,ME-02,1.5425886250292566,0.5984552508867004,0.5520047530741948,0.8485317681796086,26.92,-5.410175726539528,-3.867301452551835,-4.2530200210487585,-5.560322887306066,0,0,40.0199349384125,1.7647057166914424,49.99003253079374,1.7647057166914424,New England,2026,0.0,0.25283959580474646,23,2302,0
187,MI-01,TBDMI-01,Jack Bergman,False,True,MI,1,no_match,"BERGMAN, JOHN",0.0,368034.89,368034.89,0.0,100.0,Michigan,MI-01,1.7509009680990557,0.4643420773694087,1.6383093991190534,1.191240784215196,26.48,-12.313988408881585,-10.009807344513112,-10.58585261060523,-5.560322887306066,0,1,0.0,0.0,0.0,0.0,East North Central,2026,0.0,0.0,26,2601,0
188,MI-02,TBDMI-02,John Moolenaar,False,True,MI,2,no_match,"MOOLENAAR, JOHN MR.",0.0,773052.1,773052.1,0.0,100.0,Michigan,MI-02,3.5638766519823792,0.4712024800130527,0.5725240659161364,2.189264154021863,21.22,-16.625881675042976,-14.520054229982804,-15.046511091247847,-5.560322887306066,0,1,0.0,0.0,0.0,0.0,East North Central,2026,0.0,0.0,26,2602,0
189,MI-03,Hillary Scholten,TBDMI-03,True,False,MI,3,"SCHOLTEN, HILLARY",no_match,1279442.1,0.0,1279442.1,100.0,0.0,Michigan,MI-03,6.954793056942182,2.058746256108454,0.2017760496032788,9.741649589266634,36.65,2.0595543355519936,4.736246584983164,4.067073522625371,-5.560322887306066,1,0,0.0,0.0,0.0,0.0,East North Central,2026,0.0,0.0,26,2603,0
190,MI-04,TBDMI-04,Bill Huizenga,False,True,MI,4,no_match,"HUIZENGA, WILLIAM P",0.0,1141032.37,1141032.37,0.0,100.0,Michigan,MI-04,6.185552805578951,1.8079230328050968,0.2018563203246235,7.596135794878155,31.76,-4.27775975542562,-2.060635075442825,-2.6149162454385237,-5.560322887306066,0,1,0.0,0.0,0.0,0.0,East North Central,2026,0.0,0.4168620196785084,26,2604,0
191,MI-05,Christian Vukasovich,Tim Walberg,False,True,MI,5,"VUKASOVICH, CHRISTIAN A","WALBERG, TIMOTHY L REP",14769.0,677067.17,691836.17,2.1347539548271954,97.86524604517281,Michigan,MI-05,3.8412540249908886,0.5898304404669157,0.1737057334595026,3.831724451547971,22.9,-14.564530484364743,-12.954532423618351,-13.35703193880495,-5.560322887306066,0,1,0.0,0.0,0.0,0.0,East North Central,2026,0.0,0.0,26,2605,0
192,MI-06,Debbie Dingell,Heather Smiley,True,False,MI,6,"DINGELL, DEBBIE",no_match,272192.48,0.0,272192.48,100.0,0.0,Michigan,MI-06,4.047919843171422,7.196340666521454,0.1599651492049662,9.881594423872794,51.06,11.243783571466372,12.7114376459023,12.344524127293319,-5.560322887306066,1,0,0.0,0.0,0.0,0.0,East North Central,2026,0.0,0.0,26,2606,3
193,MI-07,TBDMI-07,Tom Barrett,False,True,MI,7,no_match,"BARRETT, THOMAS MORE",0.0,2618196.87,2618196.87,0.0,100.0,Michigan,MI-07,4.803904392441496,1.9448546281233052,0.1700246110207316,5.27927251491261,36.27,-2.0036910782675648,0.0981253104920867,-0.42732878669782615,-5.560322887306066,0,1,0.0,0.0,0.0,0.0,East North Central,2026,0.0,0.0,26,2607,0
194,MI-08,Kristen McDonald Rivet,TBDMI-08,True,False,MI,8,"MCDONALD RIVET, KRISTEN",no_match,2772607.25,0.0,2772607.25,100.0,0.0,Michigan,MI-08,4.541057789499756,0.8641983572867786,0.1887714459758881,14.081379236479746,23.91,-1.2399399363541974,-0.2545182149644063,-0.5008736453118541,-5.560322887306066,1,0,0.0,0.0,0.0,0.0,East North Central,2026,0.0,0.0,26,2608,0
195,MI-09,TBDMI-09,Lisa McClain,False,True,MI,9,no_match,"MCCLAIN, LISA",0.0,2204732.07,2204732.07,0.0,100.0,Michigan,MI-09,3.1882151125027063,1.0474160185200607,0.1160834735106507,2.3208367336742004,28.08,-17.211491675977506,-15.6376756721329,-16.03112967309405,-5.560322887306066,0,1,0.0,0.0,0.0,0.0,East North Central,2026,0.0,0.0,26,2609,0
196,MI-10,TBDMI-10,TBDMI-10,False,False,MI,10,no_match,no_match,0.0,0.0,0.0,0.0,0.0,Michigan,MI-10,2.316123533420672,5.150983583876637,0.1233216217647289,13.269372340770778,29.34,-2.765890527701494,-2.5923617343448484,-2.6357439326840097,-5.560322887306066,0,0,0.0,0.0,0.0,0.0,East North Central,2026,0.0,0.0,26,2610,0
197,MI-11,TBDMI-11,TBDMI-11,False,False,MI,11,no_match,no_match,0.0,0.0,0.0,0.0,0.0,Michigan,MI-11,3.782149815699238,5.773900407329532,0.1175549260826277,13.316094229012762,49.59,7.780280828713657,8.96170112300797,8.666346049434392,-5.560322887306066,0,0,0.0,0.0,0.0,0.0,East North Central,2026,0.0,0.0,26,2611,3
198,MI-12,Rashida Tlaib,TBDMI-12,True,False,MI,12,"TLAIB, RASHIDA",no_match,1918318.86,0.0,1918318.86,100.0,0.0,Michigan,MI-12,2.592026016538474,1.3632295310533205,0.1565413978897221,44.71556891565663,26.39,22.281124230171702,20.69864937405024,21.094268088080607,-5.560322887306066,1,0,0.0,0.0,0.0,0.0,East North Central,2026,0.4168620196785084,0.0,26,2612,1
199,MI-13,Shri Thanedar,TBDMI-13,True,False,MI,13,"THANEDAR, SHRI",no_match,154673.6,0.0,154673.6,100.0,0.0,Michigan,MI-13,6.77564476802088,1.9943570936682689,0.1977366920856521,46.32858632724881,21.42,22.802653816271963,21.748445243254217,22.011997386508654,-5.560322887306066,1,0,0.0,0.0,0.0,0.0,East North Central,2026,0.0,0.0,26,2613,1
200,MN-01,Jake Johnson,Brad Finstad,False,True,MN,1,no_match,"FINSTAD, BRAD",0.0,600940.18,600940.18,0.0,100.0,Minnesota,MN-01,4.482150652874089,2.326326498874872,0.2265245439062274,2.7207302746586675,31.35,-6.97256377684738,-5.366802659469457,-5.768242938813938,-5.560322887306066,0,1,41.931272128311576,1.926621791095408,51.45017702649259,1.926621791095408,West North Central,2026,0.0,0.0,27,2701,0
201,MN-02,TBDMN-02,Eric Pratt,False,False,MN,2,no_match,"PRATT, ERIC",0.0,151926.48,151926.48,0.0,100.0,Minnesota,MN-02,5.011325512116304,4.615264853698687,0.2810018094238133,5.4142213496820695,42.45,1.394855160344619,3.725422261673288,3.142780486341121,-5.560322887306066,0,0,0.0,0.0,0.0,0.0,West North Central,2026,0.0,0.0,27,2702,3
202,MN-03,Kelly Morrison,TBDMN-03,True,False,MN,3,no_match,no_match,0.0,0.0,0.0,0.0,0.0,Minnesota,MN-03,3.325132568146398,6.711427815296552,0.2624898307244445,7.2219009439048065,50.36000000000001,8.428846830480161,11.610129090569622,10.814808525547257,-5.560322887306066,1,0,0.0,0.0,0.0,0.0,West North Central,2026,0.0,0.0,27,2703,3
203,MN-04,Betty McCollum,TBDMN-04,True,False,MN,4,"MCCOLLUM, BETTY",no_match,669345.85,0.0,669345.85,100.0,0.0,Minnesota,MN-04,4.826295230625087,10.803124162576944,0.3558008845143484,8.549588159009156,46.63,16.92867596753475,18.98354456244713,18.469827413719035,-5.560322887306066,1,0,0.0,0.0,0.0,0.0,West North Central,2026,0.0,0.0,27,2704,3
204,MN-05,Ilhan Omar,TBDMN-05,True,False,MN,5,no_match,no_match,0.0,0.0,0.0,0.0,0.0,Minnesota,MN-05,6.303031682015635,4.459448954013769,0.6295068041721891,14.147596592320395,49.68,29.93672189590564,32.52154611438349,31.875340059764028,-5.560322887306066,1,0,0.0,0.0,0.0,0.0,West North Central,2026,0.4168620196785084,0.0,27,2705,3
205,MN-06,TBDMN-06,Tom Emmer,False,True,MN,6,no_match,"EMMER, THOMAS EARL JR.",0.0,2160874.45,2160874.45,0.0,100.0,Minnesota,MN-06,2.6096252672643385,2.6655163359465845,0.2068719756930117,3.568776023106643,34.54,-11.28933909237618,-9.28299058275487,-9.784577710160198,-5.560322887306066,0,1,0.0,0.0,0.0,0.0,West North Central,2026,0.0,0.0,27,2706,0
206,MN-07,TBDMN-07,Michelle Fischbach,False,True,MN,7,no_match,"FISCHBACH, MICHELLE",0.0,387612.58,387612.58,0.0,100.0,Minnesota,MN-07,3.271629509209072,0.8109787173887973,0.5944697203611459,1.07584883059101,23.76,-19.185885851097503,-17.798817317560058,-18.14558445094442,-5.560322887306066,0,1,0.0,0.0,0.0,0.0,West North Central,2026,0.0,0.0,27,2707,0
207,MN-08,TBDMN-08,Pete Stauber,False,True,MN,8,no_match,"STAUBER, PETER ALLEN",0.0,666311.41,666311.41,0.0,100.0,Minnesota,MN-08,1.5069838633169514,0.847127367116152,2.8305762899559683,1.0075948742093448,26.790000000000003,-8.038044741641642,-6.515640338146604,-6.896241439020364,-5.560322887306066,0,1,0.0,0.0,0.0,0.0,West North Central,2026,0.0,0.0,27,2708,0
208,MO-01,Wesley Bell,TBDMO-01,True,False,MO,1,"BELL, WESLEY",no_match,1459892.1,0.0,1459892.1,100.0,0.0,Missouri,MO-01,2.8251859342551167,2.024763241090814,0.10357382171656115,43.872961109079675,24.952925151642216,27.64727852604593,30.056303606940297,29.454047336716705,-5.560322887306066,1,0,0.0,0.0,0.0,0.0,West North Central,2026,0.0,0.0,29,2901,1
209,MO-02,TBDMO-02,Ann Wagner,False,True,MO,2,no_match,"WAGNER, ANN L.",0.0,1658312.56,1658312.56,0.0,100.0,Missouri,MO-02,2.1770739794156246,3.072287076051668,0.07080196173240312,2.915659321682669,31.89256226517005,-7.908452567161426,-5.034047585325851,-5.752648830784745,-5.560322887306066,0,1,0.0,0.0,0.0,0.0,West North Central,2026,0.0,0.0,29,2902,0
210,MO-03,TBDMO-03,Bob Onder,False,True,MO,3,no_match,"ONDER, ROBERT FOR JR.",0.0,339748.09,339748.09,0.0,100.0,Missouri,MO-03,2.8242466869894645,1.830051851469125,0.09466934896488734,5.553657353625019,24.874633496684773,-11.663318453328294,-9.385050916383292,-9.954617800619543,-5.560322887306066,0,1,0.0,0.0,0.0,0.0,West North Central,2026,0.0,0.0,29,2903,0
211,MO-04,TBDMO-04,Mark Alford,False,True,MO,4,no_match,"ALFORD, MARK",0.0,615125.94,615125.94,0.0,100.0,Missouri,MO-04,4.437771774606586,1.2506234706140307,0.2008495937816966,6.468695917062507,22.557965167714368,-11.851267642431637,-9.93357962150079,-10.413001626733502,-5.560322887306066,0,1,0.0,0.0,0.0,0.0,West North Central,2026,0.0,0.0,29,2904,0
212,MO-05,Emanuel Cleaver,TBDMO-05,True,False,MO,5,"CLEAVER II, EMANUEL",no_match,288443.17,0.0,288443.17,100.0,0.0,Missouri,MO-05,5.3012589612341054,0.8906817208378095,0.1748362226950056,17.047058327891644,15.178406672089862,-9.551740672030434,-8.560558036685386,-8.808353695521648,-5.560322887306066,1,0,0.0,0.0,0.0,0.0,West North Central,2026,0.0,0.0,29,2905,0
213,MO-06,TBDMO-06,TBDMO-06,False,False,MO,6,no_match,no_match,0.0,0.0,0.0,0.0,0.0,Missouri,MO-06,4.470159512651653,1.5162786551983025,0.19214880991151898,4.631797628393457,19.649910011438894,-14.918981414364978,-12.748572423955082,-13.291174671557556,-5.560322887306066,0,0,0.0,0.0,0.0,0.0,West North Central,2026,0.0,0.0,29,2906,0
214,MO-07,Missi Hesketh,Eric Burlison,False,True,MO,7,"HESKETH, MISSI","BURLISON, ERIC",26802.88,880207.75,907010.63,2.955078927796028,97.04492107220398,Missouri,MO-07,4.149627703581137,1.1030442196970975,0.3876610329748257,1.7000692251844598,17.80189147282805,-23.35378825457612,-20.839360968114025,-21.46796778972955,-5.560322887306066,0,1,0.0,0.0,0.0,0.0,West North Central,2026,0.0,0.0,29,2907,0
215,MO-08,TBDMO-08,Jason Smith,False,True,MO,8,no_match,"SMITH, JASON T",0.0,1299407.13,1299407.13,0.0,100.0,Missouri,MO-08,1.8927322191993783,0.5719934436202031,0.18655266226195102,3.487892664627655,13.476632098906212,-28.292200953516925,-26.461519556324888,-26.919189905622897,-5.560322887306066,0,1,0.0,0.0,0.0,0.0,West North Central,2026,0.0,0.0,29,2908,0
216,MS-01,Cliff Johnson,Trent Kelly,False,True,MS,1,"JOHNSON, CLIFF","KELLY, JOHN TRENT",358884.8,438370.05,797254.85,45.01506638686487,54.98493361313513,Mississippi,MS-01,2.228882746493287,0.6713523692224451,0.0930851773868872,27.719092784385897,23.12,-18.35068011284727,-18.016228026881983,-18.099841048373307,-5.560322887306066,0,1,0.0,0.0,0.0,0.0,East South Central,2026,0.0,0.0,28,2801,0
217,MS-02,Bennie Thompson,Ron Eller,True,False,MS,2,"THOMPSON, BENNIE G.","ELLER, RON",150222.67,28923.44,179146.11000000002,83.85483223721687,16.145167762783124,Mississippi,MS-02,1.2536255176988438,0.2941291232425181,0.292271074453873,62.8183998855442,21.2,10.930262232443448,11.03674872958208,11.010127105297421,-5.560322887306066,1,0,0.0,0.0,0.0,0.0,East South Central,2026,0.0,0.0,28,2802,1
218,MS-03,Michael Chiaradio,Michael Guest,False,True,MS,3,"CHIARADIO, MICHAEL ALEXIS","GUEST, MICHAEL PATRICK",99871.47,421331.39,521202.86,19.161727163200908,80.83827283679909,Mississippi,MS-03,1.5944639608444005,0.8441490869554296,0.8884646713290728,33.24278840115831,27.74,-14.58760356412288,-13.981618134213877,-14.133114491691128,-5.560322887306066,0,1,0.0,0.0,0.0,0.0,East South Central,2026,0.0,0.0,28,2803,1
219,MS-04,Jeffrey Hulum III,Mike Ezell,False,True,MS,4,"HULUM, JEFFREY III","EZELL, WALTER MICHAEL",9595.36,435005.47,444600.82999999996,2.1581966007575835,97.84180339924242,Mississippi,MS-04,3.5813580135344183,1.3708072630103536,0.2278772156452061,21.332922232913194,23.5,-21.55033979529749,-20.74594519583728,-20.947043845702332,-5.560322887306066,0,1,0.0,0.0,0.0,0.0,East South Central,2026,0.0,0.0,28,2804,0
220,MT-01,Sam Forstag,Aaron Flint,False,False,MT,1,"FORSTAG, SAMUEL KELLEY","FLINT, AARON",614371.76,478051.77,1092423.53,56.23933786926029,43.76066213073971,Montana,MT-01,3.4714473179136056,0.8141330643361512,3.499343873023808,0.2999437605448978,37.23,-5.797310086711413,-5.211152378823421,-5.357691805795419,-5.560322887306066,0,0,43.0,0.7,48.0,0.7,Mountain,2026,0.0,0.0,30,3001,0
221,MT-02,Brian Miller,Troy Downing,False,True,MT,2,"MILLER, BRIAN JAMES","DOWNING, TROY",11371.64,1063195.96,1074567.5999999999,1.0582526404108965,98.94174735958912,Montana,MT-02,3.540628242306502,0.5296407376683046,5.879224895241741,0.5112061202929686,30.680000000000003,-16.038411887699475,-14.50386559504981,-14.887502168212226,-5.560322887306066,0,1,0.0,0.0,0.0,0.0,Mountain,2026,0.0,0.0,30,3002,0
222,NC-01,Don Davis,Laurie Buckhout,True,False,NC,1,"DAVIS, DON","BUCKHOUT, LAURIE",1501475.18,212372.42,1713847.5999999999,87.60844196415131,12.391558035848698,North Carolina,NC-01,3.298589444855688,0.8315283264979563,0.5482547991527438,31.64543112452923,16.373350220237832,-5.745662318930009,-5.105806356137542,-5.265770346835659,-5.560322887306066,1,0,44.812016774960505,1.6342638201897983,41.0,1.6342638201897983,South Atlantic,2026,0.0,0.0,37,3701,1
223,NC-02,Deborah Ross,Eugene Douglass,True,False,NC,2,"ROSS, DEBORAH",no_match,844298.33,0.0,844298.33,100.0,0.0,North Carolina,NC-02,7.287477915912466,4.277900015535637,0.18191146132529815,24.019719419183982,36.27660877182831,15.686977476252245,17.955142000739535,17.388100869617713,-5.560322887306066,1,0,0.0,0.0,0.0,0.0,South Atlantic,2026,0.0,0.0,37,3702,0
224,NC-03,Raymond Smith Jr.,Greg Murphy,False,True,NC,3,"SMITH, RAYMOND EDWARD DR. JR.","MURPHY, GREGORY FRANCIS DR.",98416.76,836262.63,934679.39,10.529467221910178,89.47053277808982,North Carolina,NC-03,7.382465811589066,1.2209054418990424,0.3749435515646337,28.557960623730473,14.353984910009515,-6.4861858446491425,-6.131982552990586,-6.220533375905225,-5.560322887306066,0,1,0.0,0.0,0.0,0.0,South Atlantic,2026,0.0,0.0,37,3703,1
225,NC-04,Valerie Foushee,Max Ganorkar,True,False,NC,4,"FOUSHEE, VALERIE","GANORKAR, MAHESH",364223.1,2453.4,366676.5,99.33090885289893,0.6690911471010551,North Carolina,NC-04,6.187758901559228,7.391016988596695,0.2042355131487084,21.559413544333257,39.77142718700115,21.12813687651606,23.767566647174796,23.107709204510115,-5.560322887306066,1,0,0.0,0.0,0.0,0.0,South Atlantic,2026,0.0,0.0,37,3704,3
226,NC-05,Chuck Hubbard,Virginia Foxx,False,True,NC,5,"HUBBARD, CHUCK","FOXX, VIRGINIA ANN",245265.94,928442.67,1173708.61,20.896663610570258,79.10333638942973,North Carolina,NC-05,4.466070890234141,1.5996909077678483,0.15229376236628817,17.44863767252163,17.7905120302553,-10.051626466670974,-8.210130533341285,-8.670504516673708,-5.560322887306066,0,1,0.0,0.0,0.0,0.0,South Atlantic,2026,0.0,0.0,37,3705,0
227,NC-06,Cyril Jefferson,Addison McDowell,False,True,NC,6,"JEFFERSON, CYRIL","MCDOWELL, ADDISON",140460.31,478433.31,618893.62,22.69538826397984,77.30461173602016,North Carolina,NC-06,5.746955879697581,2.5792114874757983,0.12818289571776165,19.81543093230263,19.860028412863862,-10.501497641079403,-7.929391522488302,-8.572418052136078,-5.560322887306066,0,1,0.0,0.0,0.0,0.0,South Atlantic,2026,0.0,0.0,37,3706,0
228,NC-07,Kimberly Hardy,David Rouzer,False,True,NC,7,"HARDY, KIMBERLY DR.","ROUZER, DAVID",197492.67,572277.99,769770.66,25.656040202935248,74.34395979706476,North Carolina,NC-07,4.903644886282699,1.0605011907175979,1.9626310752992715,18.26867482600105,22.065815840806355,-7.851195665248994,-6.259270587945537,-6.657251857271401,-5.560322887306066,0,1,0.0,0.0,0.0,0.0,South Atlantic,2026,0.0,0.0,37,3707,0
229,NC-08,Colby Watson,Mark Harris,False,True,NC,8,"WATSON, COLBY","HARRIS, MARK E",5651.8,547770.48,553422.28,1.021245476419923,98.97875452358006,North Carolina,NC-08,5.476366772123688,2.75255561963429,5.646468523898841,17.42988078323215,22.45776928074641,-11.250925217291616,-9.060332784372328,-9.60798089260215,-5.560322887306066,0,1,0.0,0.0,0.0,0.0,South Atlantic,2026,0.0,0.0,37,3708,0
230,NC-09,Richard Ojeda,Richard Hudson,False,True,NC,9,"OJEDA, RICHARD N.","HUDSON, RICHARD L. JR.",1910100.82,679181.58,2589282.4,73.76950540427727,26.230494595722735,North Carolina,NC-09,7.5044447690679705,1.7331927159231402,0.8018399028029657,21.686375669387566,18.2521027215453,-9.305244372359937,-7.265765137147014,-7.7756349459502445,-5.560322887306066,0,1,0.0,0.0,0.0,0.0,South Atlantic,2026,0.0,0.0,37,3709,0
231,NC-10,Ashley Bell,Pat Harrigan,False,True,NC,10,"BELL, ASHLEY","HARRIGAN, PAT",16200.36,556414.94,572615.2999999999,2.829187414307652,97.17081258569235,North Carolina,NC-10,6.036537354749185,2.0000564937839185,0.1113986801639732,16.086958056896304,20.843794272785725,-10.397537928607825,-8.192641814639273,-8.743865843131411,-5.560322887306066,0,1,37.0,0.9227578168954084,52.0,0.9227578168954084,South Atlantic,2026,0.0,0.0,37,3710,0
232,NC-11,Jamie Ager,Chuck Edwards,False,True,NC,11,"AGER, JAMIE","EDWARDS, CHUCK",1542209.64,440619.17,1982828.8099999998,77.77825459374881,22.221745406251184,North Carolina,NC-11,3.902083980717238,0.7976323612742842,1.120839640998968,3.3058537906647105,24.807639719247824,-7.843347389424714,-4.057124900974166,-5.003680523086803,-5.560322887306066,0,1,0.0,0.0,0.0,0.0,South Atlantic,2026,0.0,1.0,37,3711,0
233,NC-12,Alma Adams,Jack Codiga,True,False,NC,12,"ADAMS, ALMA SHEALEY","CODIGA, JOHN JACK",86193.72,12047.47,98241.19,87.73684439286616,12.26315560713383,North Carolina,NC-12,8.09513994964856,3.8532141900911294,0.18549516422004386,41.47829822151937,29.107885487376244,23.20173846247078,24.268134495919433,24.00153548755727,-5.560322887306066,1,0,0.0,0.0,0.0,0.0,South Atlantic,2026,0.0,0.0,37,3712,1
234,NC-13,Paul Barringer,Brad Knott,False,True,NC,13,"BARRINGER, PAUL","KNOTT, BRAD",345610.44,437361.03,782971.47,44.1408727191554,55.85912728084461,North Carolina,NC-13,7.440063613142025,0.9772428206517532,0.27602051946041417,19.92502234200508,19.655505963211095,-11.017414681321071,-7.602680414415708,-8.456363981142049,-5.560322887306066,0,1,0.0,0.0,0.0,0.0,South Atlantic,2026,0.0,0.0,37,3713,0
235,NC-14,Lakesha Womack,Tim Moore,False,True,NC,14,"WOMACK, LAKESHA","MOORE, TIM",11312.19,1057057.53,1068369.72,1.0588272756363781,98.94117272436362,North Carolina,NC-14,5.392651678255039,2.561677196202308,0.14964881939787528,15.548829986235132,23.41048969761841,-10.431040120076418,-6.858512490617322,-7.751644397982096,-5.560322887306066,0,1,40.0,0.9227578168954084,48.0,0.9227578168954084,South Atlantic,2026,0.0,0.0,37,3714,0
236,ND-AL,Trygve Hammer,Julie Fedorchak,False,True,ND,0,"HAMMER, TRYGVE","FEDORCHAK, JULIE",125249.46,322638.78,447888.24000000005,27.964444880267454,72.03555511973254,North Dakota,ND-00,3.388134824043896,0.8692946628711306,3.7240260186751377,2.1222685204285106,31.430000000000003,-19.487243347103103,-17.94643919796092,-18.331640235246468,-5.560322887306066,0,1,0.0,0.0,0.0,0.0,West North Central,2026,0.0,0.0,38,3800,0
237,NE-01,Chris Backemeyer,Mike Flood,False,True,NE,1,"BACKEMEYER, CHRISTOPHER","FLOOD, MIKE",287489.4,943401.37,1230890.77,23.356207309930515,76.64379269006947,Nebraska,NE-01,7.119493817418661,2.1778010039537707,0.3212568784991078,2.762850795646896,35.33,-7.935022209947121,-5.864109072626114,-6.381837356956366,-5.560322887306066,0,1,38.0,0.7,45.0,0.7,West North Central,2026,0.0,0.0,31,3101,0
238,NE-02,Denise Powell,Brinker Harding,False,False,NE,2,"POWELL, DENISE","HARDING, BRINKER",1445202.7,1130040.0,2575242.7,56.11908733883606,43.88091266116393,Nebraska,NE-02,7.542358276742924,2.4159542419357303,0.1782243445292543,8.65598774898508,41.57,0.9600423371967396,3.0922185944969343,2.5591745301718856,-5.560322887306066,0,0,0.0,0.0,0.0,0.0,West North Central,2026,0.0,0.0,31,3102,3
239,NE-03,Becky Stille,Adrian Smith,False,True,NE,3,"STILLE, BECKY LYNN","SMITH, ADRIAN",9575.49,358232.34,367807.83,2.6033948216926213,97.39660517830738,Nebraska,NE-03,7.771793916665088,0.6759728684862375,1.1391784362129524,1.1002447560541873,23.8,-28.71792529707688,-26.46533702952136,-27.02848409641024,-5.560322887306066,0,1,0.0,0.0,0.0,0.0,West North Central,2026,0.0,0.0,31,3103,0
240,NH-01,TBDNH-01,TBDNH-01,False,False,NH,1,no_match,no_match,0.0,0.0,0.0,0.0,0.0,New Hampshire,NH-01,3.316449892359109,2.079922914077136,0.0653725879306083,1.1369457210506897,39.65,0.7423651161242404,1.7600311304677092,1.505614626881842,-5.560322887306066,0,0,0.0,0.0,0.0,0.0,New England,2026,0.0,0.0,33,3301,0
241,NH-02,Maggie Goodlander,Lily Tang Williams,True,False,NH,2,"GOODLANDER, MAGGIE","WILLIAMS, LILY TANG",2335869.56,744407.01,3080276.5700000003,75.83311131052105,24.166888689478945,New Hampshire,NH-02,3.3892893811698888,1.790424223514601,0.0832628894218036,1.131758533992664,38.46,2.2210340526568686,2.563507499158362,2.477889137532989,-5.560322887306066,1,0,49.99905701128345,5.896731298701643,31.002448244345576,5.896731298701643,New England,2026,0.0,0.0,33,3302,0
242,NJ-01,Donald Norcross,Damon Galdo,True,False,NJ,1,"NORCROSS, DONALD W","GALDO, DAMON",661967.16,4156.1,666123.26,99.37607643366184,0.6239235663381579,New Jersey,NJ-01,11.510958322870032,4.1803555501675564,0.0327320904375535,15.82639869071638,34.12,10.110664133889363,10.2594118903261,10.222224951216916,-5.560322887306066,1,0,0.0,0.0,0.0,0.0,Mid-Atlantic,2026,0.0,0.0,34,3401,0
243,NJ-02,Zack Mullock,Jeff Van Drew,False,True,NJ,2,"MULLOCK, ZACK","VAN DREW, JEFF MR",195148.0,1385320.77,1580468.77,12.347475869453591,87.65252413054641,New Jersey,NJ-02,12.16003095959328,3.167022553584241,0.1979496118920455,10.655887887915313,29.26,-4.760671538258229,-5.6176263220853855,-5.4033876261285965,-5.560322887306066,0,1,0.0,0.0,0.0,0.0,Mid-Atlantic,2026,0.0,0.0,34,3402,0
244,NJ-03,Herb Conaway,Michael McGuire,True,False,NJ,3,"CONAWAY, HERB MD","MCGUIRE, MICHAEL PATRICK",390570.23,50015.0,440585.23,88.64805340841771,11.351946591582292,New Jersey,NJ-03,8.996977334338002,6.657832514875153,0.026502455374542,12.624695784723846,45.21,4.821777379679368,4.997819812856314,4.953809204562077,-5.560322887306066,1,0,0.0,0.0,0.0,0.0,Mid-Atlantic,2026,0.0,0.0,34,3403,3
245,NJ-04,Rachel Peace,Chris Smith,False,True,NJ,4,"PEACE, RACHEL","SMITH, CHRISTOPHER H",16862.0,319013.47,335875.47,5.0203130344707825,94.97968696552923,New Jersey,NJ-04,8.023341782847487,2.2054992254612027,0.0334459935220391,3.4470497113082663,39.03,-13.634230362009228,-14.518424567103205,-14.29737601582971,-5.560322887306066,0,1,0.0,0.0,0.0,0.0,Mid-Atlantic,2026,0.0,0.0,34,3404,0
246,NJ-05,Josh Gottheimer,Sean Kirrane,True,False,NJ,5,"GOTTHEIMER, JOSH","KIRRANE, SEAN JOSEPH",2280632.95,22174.8,2302807.75,99.03705378792476,0.9629462120752372,New Jersey,NJ-05,14.37344461332432,13.482638405693642,0.0860263247782924,5.829187141594631,53.45,4.008924271707492,1.5214026152436162,2.1432830293595853,-5.560322887306066,1,0,0.0,0.0,0.0,0.0,Mid-Atlantic,2026,0.0,0.0,34,3405,3
247,NJ-06,Frank Pallone,Hillary Herzig,True,False,NJ,6,"PALLONE, FRANK JR","HERZIG, HILLARY",711174.52,3237.92,714412.4400000001,99.54677160996805,0.4532283900319541,New Jersey,NJ-06,18.51856111798028,13.698133824079134,0.0498413702542868,12.649548072960098,41.52,7.479238598942615,4.044807323882075,4.90341514264721,-5.560322887306066,1,0,0.0,0.0,0.0,0.0,Mid-Atlantic,2026,0.0,0.0,34,3406,3
248,NJ-07,Rebecca Bennett,Tom Kean,False,True,NJ,7,"BENNETT, REBECCA","KEAN, THOMAS H. JR.",2748172.82,1857293.32,4605466.14,59.671979696717514,40.328020303282486,New Jersey,NJ-07,10.353627099877166,6.162350132350651,0.0370235809069047,5.403366723759104,53.66,-0.3099228339712354,0.1515700578646104,0.03619683490564894,-5.560322887306066,0,1,47.0,0.7,43.0,0.7,Mid-Atlantic,2026,0.0,0.0,34,3407,3
249,NJ-08,Rob Menendez,TBDNJ-08,True,False,NJ,8,"MENENDEZ, ROBERT",no_match,959596.75,0.0,959596.75,100.0,0.0,New Jersey,NJ-08,44.86579803800348,8.050251373514214,0.1068483243709829,10.331393110849303,39.05,20.63344227292425,13.15603770064886,15.025388843717707,-5.560322887306066,1,0,0.0,0.0,0.0,0.0,Mid-Atlantic,2026,0.9401288745957187,0.0,34,3408,2
250,NJ-09,Nellie Pou,Rosie Pino,True,False,NJ,9,"POU, NELIDA","PINO, ROSEMARY",1306087.08,356512.93,1662600.01,78.55690317239925,21.443096827600762,New Jersey,NJ-09,34.95045378868905,8.212743856249269,0.0297667314691832,9.452271612186705,32.86,7.283776899047943,0.1646831096768437,1.9444565570196186,-5.560322887306066,1,0,0.0,0.0,0.0,0.0,Mid-Atlantic,2026,0.0,0.0,34,3409,2
251,NJ-10,LaMonica McIver,Carmen Bucco,True,False,NJ,10,"MCIVER, LAMONICA","BUCCO, CARMEN",1376905.23,1360.0,1378265.23,99.90132523331522,0.0986747666847839,New Jersey,NJ-10,17.878031405087313,6.366424613223341,0.1546507984969937,51.35763446138619,31.480000000000004,29.00542514162596,26.58379277315776,27.18920086527481,-5.560322887306066,1,0,0.0,0.0,0.0,0.0,Mid-Atlantic,2026,0.0,0.0,34,3410,1
252,NJ-11,Analilia Mejia,Joe Hathaway,True,False,NJ,11,"MEJIA, ANALILIA","HATHAWAY, JOE",1258123.11,583131.54,1841254.6500000001,68.32966368883304,31.670336311166952,New Jersey,NJ-11,13.897114807549332,9.715780327663271,0.0589399761732011,5.693171741058232,58.040000000000006,6.303830681523515,5.198275943517018,5.474664628018642,-5.560322887306066,1,0,0.0,0.0,0.0,0.0,Mid-Atlantic,2026,0.0,0.0,34,3411,3
253,NJ-12,Adam Hamawy,Gregg Mele,False,False,NJ,12,"HAMAWY, ADAM","MELE, GREGG",997419.13,22061.63,1019480.76,97.83599349143185,2.1640065085681464,New Jersey,NJ-12,14.711377322332076,16.204806235115825,0.0493132231603762,17.345425096020463,48.49,15.173644726184882,13.01864815830315,13.557397300273584,-5.560322887306066,0,0,0.0,0.0,0.0,0.0,Mid-Atlantic,2026,0.0,0.0,34,3412,3
254,NM-01,Melanie Stansbury,Didi Okpareke,True,False,NM,1,"STANSBURY, MELANIE","OKPAREKE, NDIDIAMAKA",964577.17,75885.59,1040462.76,92.70655395681821,7.293446043181786,New Mexico,NM-01,37.1125497117222,2.1178699382561703,4.006322217740537,2.3399871146486,37.91,5.141055444333098,7.248256141686731,6.721455967348323,-5.560322887306066,1,0,0.0,0.0,0.0,0.0,Mountain,2026,0.0,0.0,35,3501,2
255,NM-02,Gabe Vasquez,Greg Cunningham,True,False,NM,2,"VASQUEZ, GABRIEL","CUNNINGHAM, GREG",2053893.07,599101.67,2652994.74,77.41790961862216,22.58209038137784,New Mexico,NM-02,54.306882535530775,0.9836806690804584,5.062907932817476,2.1744307609094906,22.81,0.7301110921891265,-0.1732891143866339,0.052560937257306206,-5.560322887306066,1,0,43.0,0.9342638201897988,41.0,0.9342638201897988,Mountain,2026,0.0,0.0,35,3502,2
256,NM-03,Teresa Leger Fernandez,Martin Zamora,True,False,NM,3,"LEGER FERNANDEZ, TERESA","ZAMORA, MARTIN R",923899.27,419794.88,1343694.15,68.75815229232039,31.24184770767961,New Mexico,NM-03,37.34299118946188,0.7855343987572668,17.574591443657276,1.1789880826291963,25.69,3.2149210384467395,3.4103404242021758,3.361485577763317,-5.560322887306066,1,0,0.0,0.0,0.0,0.0,Mountain,2026,0.0,0.0,35,3503,2
257,NV-01,Dina Titus,TBDNV-01,True,False,NV,1,"TITUS, DINA",no_match,564755.77,0.0,564755.77,100.0,0.0,Nevada,NV-01,25.813357326518027,8.950324024339638,0.319564399595115,10.401743642646334,24.1,2.082892142425777,1.9001196081636635,1.945812741729192,-5.560322887306066,1,0,0.0,0.0,0.0,0.0,Mountain,2026,0.0,0.0,32,3201,0
258,NV-02,TBDNV-02,TBDNV-02,False,False,NV,2,no_match,no_match,0.0,0.0,0.0,0.0,0.0,Nevada,NV-02,16.828803495676926,4.0649650053241535,1.3997870338781544,2.1630879398456857,28.17,-7.941422046495546,-6.384606726769071,-6.77381055670069,-5.560322887306066,0,0,0.0,0.0,0.0,0.0,Mountain,2026,0.0,0.0,32,3202,0
259,NV-03,Susie Lee,TBDNV-03,True,False,NV,3,"LEE, SUSIE",no_match,2512043.0,0.0,2512043.0,100.0,0.0,Nevada,NV-03,17.197419256871598,17.74597384400619,0.3635748710577492,9.97630810166292,33.35,1.1124734331745856,0.3753505030971453,0.5596312356165054,-5.560322887306066,1,0,0.0,0.0,0.0,0.0,Mountain,2026,0.0,0.0,32,3203,3
260,NV-04,Steven Horsford,TBDNV-04,True,False,NV,4,"HORSFORD, STEVEN ALEXZANDER",no_match,1177801.99,0.0,1177801.99,100.0,0.0,Nevada,NV-04,26.00391656583244,6.606877898413846,0.5597440544304098,16.616751440423847,20.02,1.957107263050915,1.929721264259726,1.9365677639575232,-5.560322887306066,1,0,0.0,0.0,0.0,0.0,Mountain,2026,0.4723665527410147,0.0,32,3204,0
261,NY-01,Christopher Gallant,Nick LaLota,False,True,NY,1,"GALLANT, CHRISTOPHER",no_match,503865.91,0.0,503865.91,100.0,0.0,New York,NY-01,10.394108307381993,4.530524909880136,0.1534933798526736,4.313998732529694,45.09,-3.156371477299423,-4.345439379472175,-4.048172403928987,-5.560322887306066,0,1,38.0,1.118126371,41.0,1.118126371,Mid-Atlantic,2026,0.0,0.0,36,3601,3
262,NY-02,Patrick Halpin,Andrew Garbarino,False,True,NY,2,"HALPIN, PATRICK","GARBARINO, ANDREW",410946.66,655629.89,1066576.55,38.5295045161081,61.470495483891895,New York,NY-02,20.72901372025277,2.9763033517726885,0.1585676178917731,9.933773638404428,32.62,-3.5056936357933424,-6.288219490373841,-5.592588026728716,-5.560322887306066,0,1,0.0,0.0,0.0,0.0,Mid-Atlantic,2026,0.0,0.0,36,3602,0
263,NY-03,Tom Suozzi,Michael LiPetri,True,False,NY,3,"SUOZZI, THOMAS","LIPETRI, MIKE",3397572.98,386777.19,3784350.17,89.77956128198359,10.220438718016414,New York,NY-03,12.033330463728191,20.350522268135904,0.1929809458218549,3.8632059228650135,52.38,3.440925029463351,-1.4233687989684114,-0.20729534186047083,-5.560322887306066,1,0,0.0,0.0,0.0,0.0,Mid-Atlantic,2026,0.6065306597126334,0.0,36,3603,3
264,NY-04,Laura Gillen,Jeanine Driscoll,True,False,NY,4,"GILLEN, LAURA","DRISCOLL, JEANINE",2741619.46,46325.74,2787945.2,98.33835543108952,1.6616445689104649,New York,NY-04,16.718328094555847,7.283081018556349,0.0383148024063874,18.334631678533363,43.36,5.077000881933671,1.3964579445680627,2.3165936789094648,-5.560322887306066,1,0,0.0,0.0,0.0,0.0,Mid-Atlantic,2026,0.0,0.0,36,3604,3
265,NY-05,Greg Meeks,George Marsh,True,False,NY,5,"MEEKS, GREGORY W.",no_match,520156.47,0.0,520156.47,100.0,0.0,New York,NY-05,17.577722229395974,15.936068395176417,0.5043681714196508,46.74801056918247,27.68,29.090712870753546,22.15033663518326,23.88543069407583,-5.560322887306066,1,0,0.0,0.0,0.0,0.0,Mid-Atlantic,2026,0.0,0.0,36,3605,1
266,NY-06,Grace Meng,Joseph Chou,True,False,NY,6,"MENG, GRACE",no_match,1197665.32,0.0,1197665.32,100.0,0.0,New York,NY-06,21.42353573497693,37.35507423410092,0.3192264110993999,5.7867930542661625,37.44,12.53137005151222,4.013329550156463,6.142839675495402,-5.560322887306066,1,0,0.0,0.0,0.0,0.0,Mid-Atlantic,2026,0.0,0.0,36,3606,3
267,NY-07,Claire Valdez,Melvin Rivera,False,False,NY,7,"VALDEZ, CLAIRE",no_match,1293959.43,0.0,1293959.43,100.0,0.0,New York,NY-07,31.469540376137974,11.254586798230132,0.1594605022287529,12.780030701790391,41.510000000000005,28.27895592361592,24.34520548966362,25.328643098151698,-5.560322887306066,0,0,0.0,0.0,0.0,0.0,Mid-Atlantic,2026,0.0,0.0,36,3607,3
268,NY-08,Hakeem Jeffries,Lewis Mizrahi,True,False,NY,8,"JEFFRIES, HAKEEM",no_match,10320451.87,0.0,10320451.87,100.0,0.0,New York,NY-08,14.162971603374224,7.324915798906158,0.1512143497203597,45.74591354324383,35.21,25.664327755219368,23.10205659119928,23.742624382204305,-5.560322887306066,1,0,0.0,0.0,0.0,0.0,Mid-Atlantic,2026,0.0,0.0,36,3608,1
269,NY-09,Yvette Clarke,Joel Anabilah-Azumah,True,False,NY,9,"CLARKE, YVETTE D",no_match,378677.71,0.0,378677.71,100.0,0.0,New York,NY-09,9.965685947101257,7.174225220411435,0.1170935746727224,46.98478827144002,36.94,23.966824164411896,21.48219803399308,22.10335456659778,-5.560322887306066,1,0,0.0,0.0,0.0,0.0,Mid-Atlantic,2026,0.0,0.0,36,3609,1
270,NY-10,Brad Lander,Jennifer Moore,False,False,NY,10,"LANDER, BRAD MR.",no_match,2210841.8,0.0,2210841.8,100.0,0.0,New York,NY-10,17.16667462857689,16.503248459370372,0.1566505836080192,6.8784932881096825,60.57,33.464338891744795,31.69623763335041,32.13826294794901,-5.560322887306066,0,0,0.0,0.0,0.0,0.0,Mid-Atlantic,2026,0.0,0.0,36,3610,3
271,NY-11,Michael DeCillis,Nicole Malliotakis,False,True,NY,11,"DECILLIS, MICHAEL","MALLIOTAKIS, NICOLE",45866.86,1041317.3,1087184.1600000001,4.218867574376727,95.78113242562326,New York,NY-11,15.48180837501226,16.876728449543986,0.1898597626752966,6.848092576247916,36.4,-6.125528195327995,-11.662914904913016,-10.278568227516761,-5.560322887306066,0,1,0.0,0.0,0.0,0.0,Mid-Atlantic,2026,0.0,0.0,36,3611,3
272,NY-12,Micah Lasher,Caroline Shinkle,False,False,NY,12,"LASHER, MICAH CHARLES","SHINKLE, CAROLINE",2608078.38,105216.11,2713294.4899999998,96.12220087470122,3.8777991252987807,New York,NY-12,10.87665723088529,10.439987886415194,0.0819661726330907,5.185629806672265,79.23,33.776876037677575,33.19976313926184,33.34404136386577,-5.560322887306066,0,0,0.0,0.0,0.0,0.0,Mid-Atlantic,2026,0.0,0.0,36,3612,3
273,NY-13,Darializa Chevalier,Jomo Williams,False,False,NY,13,"AVILA CHEVALIER, DARIALIZA",no_match,911451.13,0.0,911451.13,100.0,0.0,New York,NY-13,44.9251407401032,5.08346602089878,0.1285145904159804,27.714161642795947,34.4,36.56198429079833,30.88655178021795,32.305409907863044,-5.560322887306066,0,0,0.0,0.0,0.0,0.0,Mid-Atlantic,2026,0.0,0.0,36,3613,2
274,NY-14,Alexandria Ocasio-Cortez,Diamant Hysenaj,True,False,NY,14,"OCASIO-CORTEZ, ALEXANDRIA","HYSENAJ, DIAMANT",30512780.44,309756.67,30822537.110000003,98.99503188561494,1.0049681143850522,New York,NY-14,45.6429632618624,11.528585315749895,0.2434841620659929,16.771519231121953,27.65,25.53940547204773,16.93310750581785,19.08468199737532,-5.560322887306066,1,0,0.0,0.0,0.0,0.0,Mid-Atlantic,2026,0.6065306597126334,0.0,36,3614,2
275,NY-15,Ritchie Torres,Stylo Sapaskis,True,False,NY,15,"TORRES, RITCHIE JOHN",no_match,2251559.54,0.0,2251559.54,100.0,0.0,New York,NY-15,48.00164445063167,2.9689294539379807,0.3117060522743883,35.63019872620332,21.790000000000003,33.221242699083284,25.154042435406417,27.170842501325637,-5.560322887306066,1,0,0.0,0.0,0.0,0.0,Mid-Atlantic,2026,0.0,0.0,36,3615,2
276,NY-16,George Latimer,Joseph Cinquemani,True,False,NY,16,"LATIMER, GEORGE",no_match,304430.73,0.0,304430.73,100.0,0.0,New York,NY-16,24.050807181653592,5.683275497887749,0.130695534097767,21.90819251659626,47.3,20.23556170950173,17.404900495712504,18.11256579915981,-5.560322887306066,1,0,0.0,0.0,0.0,0.0,Mid-Atlantic,2026,0.0,0.0,36,3616,3
277,NY-17,Cait Conley,Mike Lawler,False,True,NY,17,"CONLEY, CAIT","LAWLER, MICHAEL VINCENT",2897790.65,2957165.42,5854956.07,49.492952899303305,50.50704710069669,New York,NY-17,14.97844645581664,4.840492513028774,0.0598657430952653,7.686273479475809,48.49,2.8200183573233417,1.0299154773195198,1.4774411973204753,-5.560322887306066,0,1,0.0,0.0,0.0,0.0,Mid-Atlantic,2026,0.0,0.0,36,3617,3
278,NY-18,Pat Ryan,Jacqueline Auringer,True,False,NY,18,"RYAN, PATRICK","AURINGER, JACKIE MARY",3465411.98,48264.91,3513676.89,98.6263702807346,1.3736297192653932,New York,NY-18,14.839235107801734,2.477807568348522,0.0830045565681262,9.887961213603024,34.56,2.3448985884371254,2.427024020396253,2.406492662406471,-5.560322887306066,1,0,0.0,0.0,0.0,0.0,Mid-Atlantic,2026,0.0,0.0,36,3618,0
279,NY-19,Josh Riley,Pete Oberacker,True,False,NY,19,"RILEY, JOSH","OBERACKER, PETER KARL JR",3166327.16,421548.93,3587876.0900000003,88.25073889327098,11.749261106729021,New York,NY-19,5.5801945793421925,2.57642905430782,0.0818095421604904,3.959843108566651,33.6,0.0104946181284191,1.6503595633770232,1.2403933270648722,-5.560322887306066,1,0,0.0,0.0,0.0,0.0,Mid-Atlantic,2026,0.0,0.0,36,3619,0
280,NY-20,Paul Tonko,Ralph Ambrosio,True,False,NY,20,"TONKO, PAUL DAVID","AMBROSIO, RALPH",307271.35,23067.42,330338.76999999996,93.01704126342784,6.982958736572156,New York,NY-20,5.995012123539777,3.732830479782287,0.0807686538502747,8.242523542414258,40.79,7.504645218967212,7.910504588821603,7.809039746358005,-5.560322887306066,1,0,0.0,0.0,0.0,0.0,Mid-Atlantic,2026,0.0,0.0,36,3620,3
281,NY-21,Blake Gendebien,Anthony Constantino,False,False,NY,21,"GENDEBIEN, BLAKE","CONSTANTINO, ANTHONY THOMAS",4910182.75,0.0,4910182.75,100.0,0.0,New York,NY-21,2.9473497356227942,0.7573827560645682,0.5700094179756776,2.347261966006532,24.87,-10.255388696277096,-9.629938813190163,-9.786301283961896,-5.560322887306066,0,0,44.0,0.92023196841898,45.0,0.92023196841898,Mid-Atlantic,2026,0.0,0.0,36,3621,0
282,NY-22,John Mannion,Kailee Buller,True,False,NY,22,"MANNION, JOHN W","BULLER, KAILEE",1541198.59,197573.11,1738771.7000000002,88.63720234232015,11.362797657679842,New York,NY-22,4.492722551752067,2.549574106781282,0.275988334303206,7.297526314177497,33.629999999999995,3.5370488775933,4.597061350766801,4.332058232473425,-5.560322887306066,1,0,0.0,0.0,0.0,0.0,Mid-Atlantic,2026,0.0,0.0,36,3622,0
283,NY-23,Aaron Gies,Nick Langworthy,False,True,NY,23,"GIES, AARON DR.","LANGWORTHY, NICK",194125.31,822618.6,1016743.9099999999,19.092842169076775,80.90715783092323,New York,NY-23,2.7989935239038077,0.7086581693684775,0.4496143216598605,2.001237470610073,29.54,-11.546661306557162,-9.843922173513462,-10.269606956774387,-5.560322887306066,0,1,0.0,0.0,0.0,0.0,Mid-Atlantic,2026,0.0,0.0,36,3623,0
284,NY-24,Alissa Ellman,Claudia Tenney,False,True,NY,24,"ELLMAN, ALISSA","TENNEY, CLAUDIA",132820.41,983927.87,1116748.28,11.893495819845812,88.10650418015419,New York,NY-24,3.028347439280769,0.6990140379008507,0.1964022014167957,2.412141705916925,25.01,-12.630731967818477,-10.868516339180466,-11.309070246339969,-5.560322887306066,0,1,0.0,0.0,0.0,0.0,Mid-Atlantic,2026,0.0,0.0,36,3624,0
285,NY-25,Joseph Morelle,Virginia McIntyre,True,False,NY,25,"MORELLE, JOSEPH D","MCINTYRE, VIRGINIA",592795.1,24635.04,617430.14,96.01006844272291,3.989931557277071,New York,NY-25,7.965020368312965,2.6153923846076155,0.0796215870450796,12.31996768003232,40.85,8.277278333473404,10.07710317223927,9.627146962547803,-5.560322887306066,1,0,0.0,0.0,0.0,0.0,Mid-Atlantic,2026,0.0,0.0,36,3625,3
286,NY-26,Tim Kennedy,Dennis Hannon,True,False,NY,26,"KENNEDY, TIMOTHY",no_match,1509110.91,0.0,1509110.91,100.0,0.0,New York,NY-26,6.214120799730329,3.4344091376456976,0.2573054244184372,15.11817585868698,34.29,10.522780785801524,10.530408909331882,10.528501878449292,-5.560322887306066,1,0,0.0,0.0,0.0,0.0,Mid-Atlantic,2026,0.0,0.0,36,3626,0
287,OH-01,Greg Landsman,Eric Conroy,True,False,OH,1,"LANDSMAN, GREG","CONROY, ERIC",2175319.35,393009.1,2568328.45,84.69786448068976,15.302135519310234,Ohio,OH-01,2.547967850230783,2.305790155748829,0.08605471447181794,16.12879635645019,27.756510177883733,-2.185245259161526,-0.5598072550318918,-0.9661667560643004,-5.560322887306066,1,0,0.0,0.0,0.0,0.0,East North Central,2026,0.0,0.0,39,3901,0
288,OH-02,Jennifer Mazzuckelli,David Taylor,False,True,OH,2,no_match,"TAYLOR, DAVID",0.0,496168.13,496168.13,0.0,100.0,Ohio,OH-02,1.217289937670171,0.5733623889335493,0.08890227789575021,1.9692755037386438,14.700531293884582,-22.36189029142297,-20.490043894385703,-20.958005493645018,-5.560322887306066,0,1,0.0,0.0,0.0,0.0,East North Central,2026,0.0,0.0,39,3902,0
289,OH-03,Joyce Beatty,Cleophus Dulaney,True,False,OH,3,"BEATTY, JOYCE",no_match,253217.0,0.0,253217.0,100.0,0.0,Ohio,OH-03,3.7540227977664755,4.0255340633655745,0.060198531579514145,25.88854621428912,29.36456101352461,19.94358573949011,21.077087502230164,20.79371206154515,-5.560322887306066,1,0,0.0,0.0,0.0,0.0,East North Central,2026,0.0,0.0,39,3903,0
290,OH-04,Joshua Kolasinski,Jim Jordan,False,True,OH,4,"KOLASINSKI, JOSHUA","JORDAN, JAMES D.",4632.01,2455123.76,2459755.7699999996,0.18831178511678015,99.81168821488323,Ohio,OH-04,2.1907545191292996,0.9052429068466705,0.11553100081855298,4.4681989667227375,15.474311286981854,-22.79681895288208,-20.756660855088104,-21.266700379536598,-5.560322887306066,0,1,0.0,0.0,0.0,0.0,East North Central,2026,0.0,0.36787944117144233,39,3904,0
291,OH-05,Brian Shaver,Bob Latta,False,True,OH,5,no_match,"LATTA, ROBERT EDWARD",0.0,519297.7,519297.7,0.0,100.0,Ohio,OH-05,6.432960889285813,0.7000704977533952,0.08996233031877743,4.320808941274226,16.263088047617654,-13.02994048716537,-11.235913931470854,-11.684420570394483,-5.560322887306066,0,1,0.0,0.0,0.0,0.0,East North Central,2026,0.0,0.0,39,3905,0
292,OH-06,Elizabeth Kirtley,Michael Rulli,False,True,OH,6,no_match,"RULLI, MICHAEL",0.0,201992.79,201992.79,0.0,100.0,Ohio,OH-06,2.490989634995912,0.353176698562783,0.0838938594629806,5.486658408878931,13.643384813483067,-17.421060547103167,-16.698316716039194,-16.87900267380519,-5.560322887306066,0,1,0.0,0.0,0.0,0.0,East North Central,2026,0.0,0.0,39,3906,0
293,OH-07,Brian Poindexter,Max Miller,False,True,OH,7,"POINDEXTER, BRIAN","MILLER, MAX",167219.04,710803.69,878022.73,19.04495570405108,80.95504429594892,Ohio,OH-07,3.3489456717048935,2.1874339393298805,0.06820764189831942,3.2181455448684075,26.556778662007538,-7.118675151896383,-4.823517174656573,-5.397306668966525,-5.560322887306066,0,1,43.0,0.9280004852610164,44.0,0.9280004852610164,East North Central,2026,0.0,0.0,39,3907,0
294,OH-08,Vanessa Enoch,Warren Davidson,False,True,OH,8,no_match,"DAVIDSON, WARREN",0.0,137993.61,137993.61,0.0,100.0,Ohio,OH-08,2.593559827649083,2.490031749762784,0.12202140732508682,12.70388031531991,23.026888539070914,-9.739524914307324,-7.137463278344143,-7.787978687334938,-5.560322887306066,0,1,0.0,0.0,0.0,0.0,East North Central,2026,0.0,0.0,39,3908,0
295,OH-09,Marcy Kaptur,Derek Merrin,True,False,OH,9,"KAPTUR, MARCY HON. M.C.","MERRIN, DEREK",1733727.12,354198.22,2087925.34,83.03587713533857,16.964122864661434,Ohio,OH-09,5.7741605145675905,0.976025219701888,0.06743325279270716,11.03730079581278,18.273688716637427,-5.69382564442521,-4.589736528605641,-4.865758807560534,-5.560322887306066,1,0,0.0,0.0,0.0,0.0,East North Central,2026,0.0,0.0,39,3909,0
296,OH-10,Kristina Knickerbocker,Mike Turner,False,True,OH,10,"KNICKERBOCKER, KRISTINA","TURNER, MICHAEL R REP.",131972.21,317821.04,449793.25,29.340638170981887,70.65936182901811,Ohio,OH-10,2.8105060147536105,1.588670403534984,0.0384382698099144,15.595241676443358,21.230357782505664,-5.198879114433289,-3.181632661962567,-3.6859442750802476,-5.560322887306066,0,1,0.0,0.0,0.0,0.0,East North Central,2026,0.0,0.0,39,3910,0
297,OH-11,Shontel Brown,Mike Kirchner,True,False,OH,11,"BROWN, M SHONTEL",no_match,339455.53,0.0,339455.53,100.0,0.0,Ohio,OH-11,6.699537334098816,1.9855796832258281,0.0697375975144372,42.35030900678802,22.07983187899793,26.834411222004867,28.483768477362922,28.071429163523405,-5.560322887306066,1,0,0.0,0.0,0.0,0.0,East North Central,2026,0.0,0.0,39,3911,1
298,OH-12,Jerrad Christian,Troy Balderson,False,True,OH,12,"CHRISTIAN, JERRAD SHANE","BALDERSON, WILLIAM TROY",53578.81,531093.68,584672.49,9.163901315076412,90.8360986849236,Ohio,OH-12,1.684024189408133,2.252755312268724,0.05733983184760939,4.179973730356107,21.023273169412985,-16.958603242446216,-14.427582143746243,-15.060337418421236,-5.560322887306066,0,1,0.0,0.0,0.0,0.0,East North Central,2026,0.0,0.0,39,3912,0
299,OH-13,Emilia Sykes,Carey Coleman,True,False,OH,13,"SYKES, EMILIA","COLEMAN, CAREY",1606149.72,22715.43,1628865.15,98.60544441017723,1.394555589822767,Ohio,OH-13,2.0717499020419905,2.275932419719898,0.06993457892935616,11.9599703067367,23.175870509518997,0.730426067206146,2.4110369884279166,1.990884258122474,-5.560322887306066,1,0,0.0,0.0,0.0,0.0,East North Central,2026,0.0,0.0,39,3913,0
300,OH-14,Maria Jukic,David Joyce,False,True,OH,14,"JUKIC, MARIA","JOYCE, DAVID P.",20684.01,308344.03,329028.04000000004,6.286397353854705,93.71360264614529,Ohio,OH-14,2.478952745518972,0.6467746941520316,0.05593202803714145,4.423964772521533,19.064431950185824,-10.890466701036843,-9.516424837172906,-9.85993530313889,-5.560322887306066,0,1,0.0,0.0,0.0,0.0,East North Central,2026,0.0,0.0,39,3914,0
301,OH-15,Don Leonard,Mike Carey,False,True,OH,15,"LEONARD, DON RALPH","CAREY, MIKE",268191.07,665328.81,933519.8800000001,28.729015390652417,71.27098460934758,Ohio,OH-15,3.3158431335768417,2.7343417553768905,0.08475886277227482,10.529030778930474,21.718629370772383,-6.000550754787888,-4.30697226025945,-4.730366883891559,-5.560322887306066,0,1,0.0,0.0,0.0,0.0,East North Central,2026,0.0,0.0,39,3915,0
302,OK-01,John Croisant,Mark Tedford,False,False,OK,1,"CROISANT, JOHN THOMAS","TEDFORD, MARK",123217.81,335385.0,458602.81,26.86808874982689,73.1319112501731,Oklahoma,OK-01,7.785115570231141,2.5960968588603843,5.279506392346118,8.376725086783507,32.08,-13.22771657767511,-10.249326667420434,-10.993924144984103,-5.560322887306066,0,0,0.0,0.0,0.0,0.0,West South Central,2026,0.0,0.0,40,4001,0
303,OK-02,Brandon Wade,Josh Brecheen,False,True,OK,2,"WADE, BRANDON","BRECHEEN, JOSH",3020.26,97075.52,100095.78,3.0173699630493918,96.98263003695061,Oklahoma,OK-02,3.737873264817451,0.7966822733668506,15.091377366719056,3.139991277802006,19.11,-29.457269572081294,-27.50559283028878,-27.99351201573691,-5.560322887306066,0,1,0.0,0.0,0.0,0.0,West South Central,2026,0.0,0.0,40,4002,0
304,OK-03,Suzie Byrd,Frank Lucas,False,True,OK,3,no_match,"LUCAS, FRANK D.",0.0,170281.46,170281.46,0.0,100.0,Oklahoma,OK-03,12.540062805529477,1.3325491634922175,4.510775141096614,5.118686623429412,21.18,-25.1075512649572,-22.459052914442303,-23.121177502071024,-5.560322887306066,0,1,0.0,0.0,0.0,0.0,West South Central,2026,0.0,0.0,40,4003,0
305,OK-04,Mitchell Jacob,Tom Cole,False,True,OK,4,"JACOB, MITCHELL LEIGH","COLE, TOM",38040.82,1980551.72,2018592.54,1.8845219749003927,98.1154780250996,Oklahoma,OK-04,7.80552136743619,2.183167486351051,4.533759868186114,6.945641720689431,26.92,-18.47330326290613,-16.19368689576448,-16.76359098754989,-5.560322887306066,0,1,0.0,0.0,0.0,0.0,West South Central,2026,0.0,0.0,40,4004,0
306,OK-05,Jena Nelson,Stephanie Bice,False,True,OK,5,"NELSON, JENA","BICE, STEPHANIE",396783.54,388879.6,785663.1399999999,50.50301074325569,49.496989256744314,Oklahoma,OK-05,6.60666301162169,2.6791818114132164,3.3990226138986466,11.118274548026614,37.0,-10.932479438595507,-8.309948446540567,-8.965581194554302,-5.560322887306066,0,1,0.0,0.0,0.0,0.0,West South Central,2026,0.0,0.0,40,4005,0
307,OR-01,Suzanne Bonamici,Barbara Kahl,True,False,OR,1,"BONAMICI, SUZANNE MS.","KAHL, BARBARA J DR DVM",341917.81,1190.53,343108.34,99.65301630382986,0.3469836961701368,Oregon,OR-01,10.9681758943961,7.599643808497383,0.3286745624997611,2.2147314996350183,46.26,17.90246787231188,20.30521970734456,19.70453174858639,-5.560322887306066,1,0,0.0,0.0,0.0,0.0,Pacific,2026,0.0,0.0,41,4101,3
308,OR-02,Chris Beck,Cliff Bentz,False,True,OR,2,"BECK, CHRIS","BENTZ, CLIFF",30324.0,368283.77,398607.77,7.607478399129048,92.39252160087095,Oregon,OR-02,9.93515783215354,0.8858666369395983,1.3462646080671832,0.6413614997305984,23.07,-14.781876600515446,-13.189206336151322,-13.587373902242353,-5.560322887306066,0,1,0.0,0.0,0.0,0.0,Pacific,2026,0.0,0.0,41,4102,0
309,OR-03,Maxine Dexter,Loran Ayles,True,False,OR,3,"DEXTER, MAXINE",no_match,603799.87,0.0,603799.87,100.0,0.0,Oregon,OR-03,9.660841184143433,7.174491376363348,0.4663696313540953,5.063796386303783,40.24,21.92698993520812,24.55693577006344,23.899449311349613,-5.560322887306066,1,0,0.0,0.0,0.0,0.0,Pacific,2026,0.0,0.0,41,4103,3
310,OR-04,Val Hoyle,Monique DeSpain,True,False,OR,4,"HOYLE, VALERIE","DESPAIN, MONIQUE",531997.01,230468.66,762465.67,69.77324106933234,30.226758930667657,Oregon,OR-04,6.6019332161687165,2.191388400702988,0.8938488576449912,0.7901581722319859,31.91,4.269501905509934,6.971511269141843,6.296008928233865,-5.560322887306066,1,0,0.0,0.0,0.0,0.0,Pacific,2026,0.0,0.0,41,4104,0
311,OR-05,Janelle Bynum,Patti Adair,True,False,OR,5,"BYNUM, JANELLE","ADAIR, PATTI",1817903.19,291835.75,2109738.94,86.16721033740791,13.832789662592093,Oregon,OR-05,6.898369109115984,2.720967259144724,0.3748055730521955,0.825453724090945,36.88,2.2767400110910145,5.154381841034464,4.434971383548602,-5.560322887306066,1,0,0.0,0.0,0.0,0.0,Pacific,2026,0.0,0.0,41,4105,0
312,OR-06,Andrea Salinas,David Russ,True,False,OR,6,"SALINAS, ANDREA","RUSS, DAVID HONORABLE",809180.7,25.0,809205.7,99.9969105506795,0.00308944932048798,Oregon,OR-06,13.938667290521307,3.5555815494989664,0.6312629157406324,1.2475143291613051,34.36,4.503672586637542,6.620947171983886,6.0916285256473,-5.560322887306066,1,0,0.0,0.0,0.0,0.0,Pacific,2026,0.0,0.0,41,4106,0
313,PA-01,Bob Harvie,Brian Fitzpatrick,False,True,PA,1,"HARVIE, ROBERT J","FITZPATRICK, BRIAN",1337731.54,1383185.65,2720917.19,49.16472816285894,50.83527183714106,Pennsylvania,PA-01,4.7351575408081485,4.701466251707961,0.0501966175987639,3.542519938266668,43.23,0.0746601943188522,0.9112440515127388,0.7020980872142671,-5.560322887306066,0,1,41.99999319477283,1.9799178544240617,47.9999523634098,1.9799178544240617,Mid-Atlantic,2026,0.0,0.0,42,4201,3
314,PA-02,Brendan Boyle,Jessica Arriaga,True,False,PA,2,"BOYLE, BRENDAN F",no_match,460714.09,0.0,460714.09,100.0,0.0,Pennsylvania,PA-02,21.12912482347019,8.06327455208927,0.0946062675183189,25.06145489944901,26.8,19.265049698510943,18.834992620453317,18.942506889967724,-5.560322887306066,1,0,0.0,0.0,0.0,0.0,Mid-Atlantic,2026,0.0,0.0,42,4202,0
315,PA-04,Madeleine Dean,Aurora Stuski,True,False,PA,4,"DEAN, MADELEINE",no_match,481811.09,0.0,481811.09,100.0,0.0,Pennsylvania,PA-04,4.6694707254229,4.329317350877371,0.0392092961676732,8.162492828602758,47.65,7.29904378420018,8.734846385659495,8.375895735294666,-5.560322887306066,1,0,0.0,0.0,0.0,0.0,Mid-Atlantic,2026,0.0,0.0,42,4204,3
316,PA-05,Mary Gay Scanlon,Nicholas Manganaro,True,False,PA,5,"SCANLON, MARY GAY","MANGANARO, NICHOLAS WALN MORRIS",464923.47,1300.0,466223.47,99.72116375865848,0.2788362413415181,Pennsylvania,PA-05,4.261225857986477,5.408238952443443,0.0588394716572048,23.021745642313068,41.16,14.012240667501338,15.217241466468884,14.915991266726998,-5.560322887306066,1,0,0.0,0.0,0.0,0.0,Mid-Atlantic,2026,0.0,0.0,42,4205,3
317,PA-06,Chrissy Houlahan,Marty Young,True,False,PA,6,"HOULAHAN, CHRISSY","YOUNG, MARTIN",976545.24,253920.78,1230466.02,79.36385272955363,20.63614727044636,Pennsylvania,PA-06,11.759534326411094,3.1442538800224047,0.0347411782222442,5.252121693384288,47.71,5.176573362202305,6.513059016773916,6.178937603131013,-5.560322887306066,1,0,0.0,0.0,0.0,0.0,Mid-Atlantic,2026,0.0,0.0,42,4206,3
318,PA-07,Bob Brooks,Ryan Mackenzie,False,True,PA,7,"BROOKS, BOB","MACKENZIE, RYAN EDWARD",963216.78,1312455.88,2275672.66,42.326684190159405,57.67331580984059,Pennsylvania,PA-07,15.481045910882408,2.4359860879233635,0.0301988836708115,4.952273752880476,31.05,-1.9562636834240836,-0.8693788320815159,-1.1411000449171578,-5.560322887306066,0,1,0.0,0.0,0.0,0.0,Mid-Atlantic,2026,0.0,0.0,42,4207,0
319,PA-08,Paige Cognetti,Rob Bresnahan,False,True,PA,8,"COGNETTI, PAIGE","BRESNAHAN, ROB",2655732.28,1668945.07,4324677.35,61.40879573362854,38.59120426637146,Pennsylvania,PA-08,10.065395150791929,1.516055543501844,0.0676326209589932,5.885055055326535,26.41,-3.737290733625315,-3.533617008492556,-3.584535439775746,-5.560322887306066,0,1,46.72100571142595,3.0528066508189804,44.99999999978658,3.0528066508189804,Mid-Atlantic,2026,0.0,0.0,42,4208,0
320,PA-09,Rachel Wallace,Dan Meuser,False,True,PA,9,"WALLACE, RACHEL","MEUSER, DANIEL",475978.42,790411.21,1266389.63,37.5854641197591,62.414535880240905,Pennsylvania,PA-09,4.861833843221412,0.6863220385816232,0.031271664728044,2.2710839685562583,22.2,-20.80255623568188,-18.39342565891737,-18.995708303108497,-5.560322887306066,0,1,0.0,0.0,0.0,0.0,Mid-Atlantic,2026,0.0,0.0,42,4209,0
321,PA-10,Janelle Stelson,Scott Perry,False,True,PA,10,"STELSON, JANELLE","PERRY, SCOTT",3602797.51,2553883.2,6156680.71,58.51850501436836,41.481494985631635,Pennsylvania,PA-10,7.640626968641352,3.1695764249983824,0.0393302618271715,9.11525639584972,33.19,-4.3669449856621085,-1.8956573990868648,-2.5134792957306757,-5.560322887306066,0,1,50.99994871098405,3.027655683764749,44.999982903463696,3.027655683764749,Mid-Atlantic,2026,0.0,0.0,42,4210,0
322,PA-11,Nancy Mannion,Lloyd Smucker,False,True,PA,11,"MANNION, NANCY","SMUCKER, LLOYD K.",109135.3,182705.07,291840.37,37.39554606513143,62.60445393486857,Pennsylvania,PA-11,7.497374533487953,1.7974610798107613,0.045667723694878,3.1642430275477285,29.39,-13.06078237338177,-10.03726444178544,-10.793143924684523,-5.560322887306066,0,1,0.0,0.0,0.0,0.0,Mid-Atlantic,2026,0.0,0.0,42,4211,0
323,PA-12,Summer Lee,James Hayes,True,False,PA,12,"LEE, SUMMER","HAYES, JAMES DR.",1066943.27,21881.0,1088824.27,97.99040115077523,2.0095988492247696,Pennsylvania,PA-12,2.36836263761749,2.6196605407626072,0.0574821175948289,13.504653235398385,39.71,7.814553658625421,10.432561437577917,9.778059492839793,-5.560322887306066,1,0,0.0,0.0,0.0,0.0,Mid-Atlantic,2026,0.0,0.0,42,4212,0
324,PA-13,Beth Farnham,John Joyce,False,True,PA,13,"FARNHAM, ELIZABETH RHOADS","JOYCE, JOHN",34828.31,377071.55,411899.86,8.455528486948259,91.54447151305175,Pennsylvania,PA-13,2.596849369091735,0.4947092896520395,0.0427649806392782,2.118613749024476,21.14,-25.15300016544203,-22.20157808923349,-22.939433608285626,-5.560322887306066,0,1,0.0,0.0,0.0,0.0,Mid-Atlantic,2026,0.0,0.0,42,4213,0
325,PA-14,Alan Bradstock,Guy Reschenthaler,False,True,PA,14,"BRADSTOCK, DAVID ALAN","RESCHENTHALER, GUY MR.",117048.55,2144285.76,2261334.3099999996,5.1760834071455815,94.82391659285443,Pennsylvania,PA-14,1.2502488747596932,0.5734727249583033,0.0194203910842453,2.9757261431103306,26.13,-18.193183804322864,-16.048004908807876,-16.584299632686623,-5.560322887306066,0,1,0.0,0.0,0.0,0.0,Mid-Atlantic,2026,0.0,0.0,42,4214,0
326,PA-15,Ray Bilger,Glenn Thompson,False,True,PA,15,"BILGER, RAYMOND ALLEN","THOMPSON, GLENN MR.",75282.76,646869.56,722152.3200000001,10.424775759219328,89.57522424078067,Pennsylvania,PA-15,1.877628754392584,0.9464751420536452,0.0879752351360568,1.9275472866888856,24.45,-21.03545747296974,-18.393471223863564,-19.053967786140106,-5.560322887306066,0,1,0.0,0.0,0.0,0.0,Mid-Atlantic,2026,0.0,0.0,42,4215,0
327,PA-16,Justin Wagner,Mike Kelly,False,True,PA,16,"WAGNER, JUSTIN",no_match,30803.4,0.0,30803.4,100.0,0.0,Pennsylvania,PA-16,2.132066398023316,0.7009601512362569,0.0563819378803707,3.698820954181384,28.95,-12.725148157588135,-10.729844719036038,-11.228670578674063,-5.560322887306066,0,1,0.0,0.0,0.0,0.0,Mid-Atlantic,2026,0.0,0.4723665527410147,42,4216,0
328,PA-17,Chris Deluzio,Tony Guy,True,False,PA,17,"DELUZIO, CHRISTOPHER","GUY, TONY",1882662.66,51928.14,1934590.7999999998,97.31580755992431,2.6841924400757,Pennsylvania,PA-17,1.9181527089834505,1.6972189840103034,0.0290166412983165,6.8582783120120405,43.34,0.6819685472979629,3.528291796123206,2.816710983916895,-5.560322887306066,1,0,0.0,0.0,0.0,0.0,Mid-Atlantic,2026,0.0,0.0,42,4217,3
329,RI-01,Gabe Amo,TBDRI-01,True,False,RI,1,"AMO, GABRIEL F",no_match,709269.37,0.0,709269.37,100.0,0.0,Rhode Island,RI-01,13.250703775031786,2.759647400590996,0.2310530272942316,7.244324213607898,36.5,12.492360171927425,12.0799089762413,12.183021775162832,-5.560322887306066,1,0,0.0,0.0,0.0,0.0,New England,2026,0.0,0.0,44,4401,0
330,RI-02,Seth Magaziner,TBDRI-02,True,False,RI,2,"MAGAZINER, SETH",no_match,566328.03,0.0,566328.03,100.0,0.0,Rhode Island,RI-02,10.28047029679744,2.3925364311116533,0.1257377710634225,3.894117536665697,36.06,4.704581339661061,4.217267317197376,4.339095822813297,-5.560322887306066,1,0,0.0,0.0,0.0,0.0,New England,2026,0.0,0.0,44,4402,0
331,SC-01,Nancy Lacore,Jenny Costa Honeycutt,False,False,SC,1,"LACORE, NANCY","HONEYCUTT, JENNY COSTA",1596003.53,353723.92,1949727.45,81.85777607018868,18.14222392981132,South Carolina,SC-01,5.134394008029407,1.616773921372676,0.1277719952833287,17.173144020996794,41.03,-6.659698689344047,-5.854662409269146,-6.055921479287871,-5.560322887306066,0,0,0.0,0.0,0.0,0.0,South Atlantic,2026,0.0,0.0,45,4501,0
332,SC-02,Zyon Khalifa,Joe Wilson,False,True,SC,2,"KHALIFA, ZYON DESHON","WILSON, JOE THE HON.",6220.0,319417.36,325637.36,1.9101002415693336,98.08989975843066,South Carolina,SC-02,4.289227302399199,1.6498403812964435,0.1089162918384318,26.328412129233023,34.94,-7.643994388924781,-6.311680828275996,-6.6447592184381925,-5.560322887306066,0,1,0.0,0.0,0.0,0.0,South Atlantic,2026,0.0,0.0,45,4502,0
333,SC-03,Eunice Lehmacher,Sheri Biggs,False,True,SC,3,"LEHMACHER, EUNICE","BIGGS, SHERI",39975.04,73212.92,113187.95999999999,35.317395949180465,64.68260405081955,South Carolina,SC-03,3.252935906606571,0.77225976262735,0.2498385338176161,16.554971422221914,25.24,-21.27158776748132,-21.059575508557277,-21.11257857328829,-5.560322887306066,0,1,0.0,0.0,0.0,0.0,South Atlantic,2026,0.0,0.0,45,4503,0
334,SC-04,Courtney McClain,William Timmons,False,True,SC,4,"MCCLAIN, COURTNEY","TIMMONS, WILLIAM R IV",17509.53,230358.17,247867.7,7.0640628044719005,92.9359371955281,South Carolina,SC-04,6.193708874114575,2.1611478671605817,0.1542136452115584,18.128550912969946,34.95,-11.716705631775234,-11.231146130420342,-11.352536005759065,-5.560322887306066,0,1,0.0,0.0,0.0,0.0,South Atlantic,2026,0.0,0.6065306597126334,45,4504,0
335,SC-05,Mallory Dittmer,Wes Climer,False,False,SC,5,"DITTMER, MALLORY","CLIMER, WES",113185.01,610264.05,723449.06,15.645194148154673,84.35480585184533,South Carolina,SC-05,3.786040070234197,1.42994421539429,0.2289323907536751,23.76251090785118,27.69,-11.479335779827082,-10.79436530310555,-10.965607922285933,-5.560322887306066,0,0,0.0,0.0,0.0,0.0,South Atlantic,2026,0.0,0.0,45,4505,0
336,SC-06,Jim Clyburn,John Peterson,True,False,SC,6,"CLYBURN, JAMES E",no_match,349731.92,0.0,349731.92,100.0,0.0,South Carolina,SC-06,3.3279220779220777,1.1855516004338271,0.164249562001168,47.207931255040464,27.860000000000003,14.0177890815606,12.272345188393729,12.708706161685447,-5.560322887306066,1,0,0.0,0.0,0.0,0.0,South Atlantic,2026,0.0,0.0,45,4506,1
337,SC-07,John Vincent,Russell Fry,False,True,SC,7,"VINCENT, JOHN GREGORY","FRY, RUSSELL",220030.75,730487.5,950518.25,23.148503461138173,76.85149653886182,South Carolina,SC-07,2.994624518613607,0.8862189773213522,0.3339618100128369,24.503068838254173,22.9,-11.69333091986465,-12.561978112488449,-12.3448163143325,-5.560322887306066,0,1,0.0,0.0,0.0,0.0,South Atlantic,2026,0.0,0.0,45,4507,0
338,SD-AL,Nikki Gronli,Marty Jackley,False,False,SD,0,"GRONLI, NICOLE","JACKLEY, MARTY",202655.48,1195249.96,1397905.44,14.497080718134987,85.50291928186502,South Dakota,SD-00,2.6997527354388646,0.9317215347125996,6.152199101724879,1.4941886855559272,30.37,-15.70461478588797,-14.195045668494268,-14.572437947842694,-5.560322887306066,0,0,0.0,0.0,0.0,0.0,West North Central,2026,0.0,0.0,46,4600,0
339,TN-01,TBDTN-01,Diana Harshbarger,False,True,TN,1,no_match,"HARSHBARGER, DIANA",0.0,340308.02,340308.02,0.0,100.0,Tennessee,TN-01,2.549950289719003,0.6149104808147604,0.09095923756958219,2.1441321528700974,16.185900975998315,-29.85156332374805,-28.470115115258167,-28.81547716738064,-5.560322887306066,0,1,0.0,0.0,0.0,0.0,East South Central,2026,0.0,0.0,47,4701,0
340,TN-02,Michaela Barnett,Tim Burchett,False,True,TN,2,"BARNETT, MICHAELA","BURCHETT, TIM",180051.31,1035577.79,1215629.1,14.81136886242687,85.18863113757313,Tennessee,TN-02,2.878976130920964,1.2759024255914817,0.06654886752185786,5.374066922590226,22.605535256161083,-17.161473310599888,-16.41449658480508,-16.60124076625378,-5.560322887306066,0,1,0.0,0.0,0.0,0.0,East South Central,2026,0.0,0.0,47,4702,0
341,TN-03,Anna Golladay,Chuck Fleischmann,False,True,TN,3,"GOLLADAY, ANNA","FLEISCHMANN, CHARLES J",16496.54,1212150.7,1228647.24,1.3426587764930804,98.6573412235069,Tennessee,TN-03,3.207325927359269,1.1474463612653334,0.07938516192092245,9.587577545245408,19.55651598333528,-18.418255117747336,-17.35317553799865,-17.61944543293582,-5.560322887306066,0,1,0.0,0.0,0.0,0.0,East South Central,2026,0.0,0.0,47,4703,0
342,TN-04,Victoria Broderick,Scott DesJarlais,False,True,TN,4,"BRODERICK, VICTORIA","DESJARLAIS, SCOTT HON.",34603.71,151894.2,186497.91,18.554476026031605,81.4455239739684,Tennessee,TN-04,5.485730006805578,2.402586119517528,0.11149563429431952,15.48196521915408,19.253452225173625,-10.134154357461462,-11.388701411170146,-11.075064647742975,-5.560322887306066,0,1,0.0,0.0,0.0,0.0,East South Central,2026,0.0,0.17377394345044514,47,4704,0
343,TN-05,TBDTN-05,Andy Ogles,False,True,TN,5,no_match,"OGLES, ANDY",0.0,333763.79,333763.79,0.0,100.0,Tennessee,TN-05,3.3023762626656343,1.039928904410733,0.14950168990612403,26.616324614422492,18.17282557690633,-8.688024024496293,-10.945714778890455,-10.381292090291915,-5.560322887306066,0,1,0.0,0.0,0.0,0.0,East South Central,2026,0.0,0.0,47,4705,0
344,TN-06,TBDTN-06,TBDTN-06,False,False,TN,6,no_match,no_match,0.0,0.0,0.0,0.0,0.0,Tennessee,TN-06,3.486195292853588,1.259018295315595,0.0698722195306037,10.28917870479317,22.788906629804824,-12.549167931207172,-12.686541723795635,-12.65219827564852,-5.560322887306066,0,0,0.0,0.0,0.0,0.0,East South Central,2026,0.0,0.0,47,4706,0
345,TN-07,Joshua Sales,Matt Van Epps,False,True,TN,7,no_match,"VAN EPPS, MATTHEW ROBERT",0.0,1485062.12,1485062.12,0.0,100.0,Tennessee,TN-07,4.552685479621934,1.4639137881670499,0.11316912515861466,13.550816833737953,23.841730523214494,-11.537122896393797,-10.614143662431928,-10.844888470922395,-5.560322887306066,0,1,0.0,0.0,0.0,0.0,East South Central,2026,0.0,0.0,47,4707,0
346,TN-08,TBDTN-08,David Kustoff,False,True,TN,8,no_match,"KUSTOFF, DAVID",0.0,865444.67,865444.67,0.0,100.0,Tennessee,TN-08,3.2381284501958443,1.994574957442716,0.12834593723991525,27.995772133832098,22.70993866960214,-10.195541409641109,-9.465838185540747,-9.648263991565837,-5.560322887306066,0,1,0.0,0.0,0.0,0.0,East South Central,2026,0.0,0.0,47,4708,1
347,TN-09,Justin Pearson,TBDTN-09,False,False,TN,9,"PEARSON, JUSTIN J.",no_match,1086787.66,0.0,1086787.66,100.0,0.0,Tennessee,TN-09,3.1365975445612064,1.487681964919259,0.1120467080286527,30.96821851061336,18.6332694107917,-7.600562199743003,-9.962275588663644,-9.371847241433484,-5.560322887306066,0,0,0.0,0.0,0.0,0.0,East South Central,2026,0.0,0.0,47,4709,1
348,TX-01,Yolanda Prince,Nathaniel Moran,False,True,TX,1,"PRINCE, YOLANDA RENA","MORAN, NATHANIEL QUENTIN",1121.97,507214.89,508336.86,0.2207138785883046,99.7792861214117,Texas,TX-01,10.766425313182044,0.8608710872337462,0.18503370256725332,18.365666603559934,14.741916803647987,-24.429264764520532,-24.20285698437697,-24.259458929412858,-5.560322887306066,0,1,0.0,0.0,0.0,0.0,West South Central,2026,0.0,0.0,48,4801,0
349,TX-02,Shaun Finnie,Steve Toth,False,False,TX,2,"FINNIE, SHAUN","TOTH, STEVE",688326.11,658628.4,1346954.51,51.10240211453021,48.89759788546979,Texas,TX-02,22.672077158765322,5.497523801514199,0.12041721698609087,13.658752898136592,26.4932083957633,-13.167852685847215,-10.816687447906993,-11.404478757392049,-5.560322887306066,0,0,0.0,0.0,0.0,0.0,West South Central,2026,0.0,0.0,48,4802,0
350,TX-03,Evan Hunt,Keith Self,False,True,TX,3,"HUNT, EVAN","SELF, KEITH ALAN",256481.48,347916.78,604398.26,42.435840235542706,57.5641597644573,Texas,TX-03,14.469663468914417,8.486647955454078,0.21135848818215455,11.960796700569459,26.901048698525983,-11.155029373327416,-11.240851161546729,-11.2193957144919,-5.560322887306066,0,1,0.0,0.0,0.0,0.0,West South Central,2026,0.0,0.0,48,4803,0
351,TX-04,Jason Pearce,Pat Fallon,False,True,TX,4,"PEARCE, JASON","FALLON, PATRICK",3072.36,210978.87,214051.22999999998,1.4353386336532614,98.56466136634674,Texas,TX-04,9.713931440108853,10.37268284832258,0.29755373158349063,9.566526211063806,33.303088803088805,-11.315290634137043,-11.829652008200398,-11.701061664684559,-5.560322887306066,0,1,0.0,0.0,0.0,0.0,West South Central,2026,0.0,0.6065306597126334,48,4804,0
352,TX-05,Chelsey Hockett,Lance Gooden,False,True,TX,5,"HOCKETT, CHELSEY ALEXANDRA","GOODEN, LANCE",11104.66,332442.5,343547.16,3.2323538928396323,96.76764610716037,Texas,TX-05,20.34335400608201,2.7914867072514373,0.32425976535384254,17.48169025870414,16.25169889850132,-10.484177737700158,-10.171058762666682,-10.249338506425051,-5.560322887306066,0,1,0.0,0.0,0.0,0.0,West South Central,2026,0.0,0.0,48,4805,0
353,TX-06,Danny Minton,Jake Ellzey,False,True,TX,6,"MINTON, DANNY","ELLZEY, JOHN KEVIN SR.",22008.36,1390771.21,1412779.57,1.5578056525831556,98.44219434741683,Texas,TX-06,22.76230306412991,3.7372197816995274,0.16451573242677295,14.282619683731676,19.11930861513698,-12.132732168264951,-10.88807677869437,-11.199240626087015,-5.560322887306066,0,1,0.0,0.0,0.0,0.0,West South Central,2026,0.0,0.0,48,4806,0
354,TX-07,Lizzie Fletcher,Alexander Hale,True,False,TX,7,"FLETCHER, ELIZABETH","HALE, ALEXANDER",240867.97,55640.55,296508.52,81.2347550755034,18.765244924496606,Texas,TX-07,23.099495584179845,17.22453485530771,0.10232310538625336,18.41575906726708,31.974117210146797,13.715690519749465,12.808608009127553,13.035378636783031,-5.560322887306066,1,0,0.0,0.0,0.0,0.0,West South Central,2026,0.0,0.0,48,4807,3
355,TX-08,Laura Jones,Jessica Hart Steinmann,False,False,TX,8,"JONES, LAURA","STEINMANN, JESSICA HART",10769.36,745994.59,756763.95,1.4230804731118603,98.57691952688813,Texas,TX-08,25.147729434621436,5.65340128406905,0.15277385434021873,17.636828683819616,20.071208659597872,-11.59216818335819,-13.245766018652105,-12.832366559828627,-5.560322887306066,0,0,0.0,0.0,0.0,0.0,West South Central,2026,0.0,0.0,48,4808,0
356,TX-09,Leticia Gutierrez,Alex Mealer,False,False,TX,9,"GUTIERREZ, LETICIA","MEALER, ALEXANDRA",39524.26,1576037.67,1615561.93,2.4464713649200687,97.55352863507993,Texas,TX-09,51.013314535614406,1.6289552889453645,0.13379461946213173,11.359789267677353,8.032497323152194,-6.633734500592929,-9.28521555643217,-8.62234529247236,-5.560322887306066,0,0,0.0,0.0,0.0,0.0,West South Central,2026,0.0,0.0,48,4809,2
357,TX-10,Caitlin Rourk,Chris Gober,False,False,TX,10,"ROURK, CAITLIN MCCLAY","GOBER, CHRIS",217558.43,671992.66,889551.0900000001,24.457103413812913,75.54289658618708,Texas,TX-10,16.301151552539583,3.866440468846391,0.20357803824799506,9.259544862567688,27.838052636945207,-9.797934063734651,-10.715676683379272,-10.486241028468116,-5.560322887306066,0,0,0.0,0.0,0.0,0.0,West South Central,2026,0.0,0.0,48,4810,0
358,TX-11,Claire Reynolds,August Pfluger,False,True,TX,11,"REYNOLDS, CLAIRE ANNE","PFLUGER, AUGUST LEE II",42117.83,639605.83,681723.6599999999,6.178138220991187,93.82186177900881,Texas,TX-11,34.34089112270996,2.962951727851329,0.13840253143917777,6.597819306963543,19.93331845139022,-17.530782652321307,-16.640023976148555,-16.862713645191743,-5.560322887306066,0,1,0.0,0.0,0.0,0.0,West South Central,2026,0.0,0.0,48,4811,2
359,TX-12,Angela Rodriguez,Craig Goldman,False,True,TX,12,no_match,"GOLDMAN, CRAIG",0.0,325534.08,325534.08,0.0,100.0,Texas,TX-12,23.76596309349487,3.171739780001151,0.18262094461797146,9.590940219479197,19.879555163708822,-11.25966206150904,-11.325853584129604,-11.309305703474463,-5.560322887306066,0,1,0.0,0.0,0.0,0.0,West South Central,2026,0.0,0.0,48,4812,0
360,TX-13,Mark Nair,Ronny Jackson,False,True,TX,13,"NAIR, MARK","JACKSON, RONNY LYNN",37096.8,1965855.65,2002952.45,1.8521058750046715,98.14789412499533,Texas,TX-13,21.998919717681403,1.7385680659152865,0.31776197297849007,6.774887591024624,16.269022958541818,-24.675259960013605,-22.582880267288267,-23.105975190469604,-5.560322887306066,0,1,0.0,0.0,0.0,0.0,West South Central,2026,0.0,1.1417920882316237,48,4813,0
361,TX-14,Thurman Bartie,Randy Weber,False,True,TX,14,"BARTIE, THURMAN BILL MR","WEBER, RANDY",19223.19,211016.67,230239.86000000002,8.34920156744362,91.65079843255639,Texas,TX-14,19.209895946922657,5.30611214949902,0.20529439649034897,17.11026958632909,20.327968528325027,-13.169375923459256,-11.536086454907867,-11.944408822045714,-5.560322887306066,0,1,0.0,0.0,0.0,0.0,West South Central,2026,0.0,0.0,48,4814,0
362,TX-15,Bobby Pulido,Monica De La Cruz,False,True,TX,15,"PULIDO, BOBBY","DE LA CRUZ, MONICA",1373263.3,2592789.08,3966052.38,34.62544536539883,65.37455463460118,Texas,TX-15,74.750499001996,1.046819404668923,0.14449362145274666,2.0244294020654343,11.123711983039486,-3.464266536444846,-8.261078637156118,-7.0618756119783,-5.560322887306066,0,1,38.0,1.118126371,41.0,1.118126371,West South Central,2026,0.0,0.0,48,4815,2
363,TX-16,Veronica Escobar,Adam Bauman,True,False,TX,16,"ESCOBAR, VERONICA","BARRAZA, MANUEL",436314.18,4000.0,440314.18,99.09155775996132,0.9084422400386923,Texas,TX-16,79.1175841507367,1.326302364956033,0.26186226045100275,3.6192962501724093,16.187638218786443,15.82367307919835,9.06714934701818,10.756280280063223,-5.560322887306066,1,0,0.0,0.0,0.0,0.0,West South Central,2026,0.0,0.0,48,4816,2
364,TX-17,Casey Shepard,Pete Sessions,False,True,TX,17,"SHEPARD, CASEY","SESSIONS, PETE",2701.66,452176.72,454878.37999999995,0.5939301841516408,99.40606981584837,Texas,TX-17,19.526482615550876,3.5916577815028083,0.14409352321335797,10.767551441930854,21.092082075010286,-10.02262024617405,-10.223801533020882,-10.173506211309174,-5.560322887306066,0,1,0.0,0.0,0.0,0.0,West South Central,2026,0.0,0.0,48,4817,0
365,TX-18,Christian Menefee,Ronald Whitfield,True,False,TX,18,"MENEFEE, CHRISTIAN",no_match,3244875.25,0.0,3244875.25,100.0,0.0,Texas,TX-18,24.51563306055978,5.8334429147995674,0.161843396283671,50.43363914991757,19.906197815543678,29.904130718184042,28.60865269543863,28.932522201124982,-5.560322887306066,1,0,0.0,0.0,0.0,0.0,West South Central,2026,0.0,0.0,48,4818,1
366,TX-19,Kyle Rable,Tom Sell,False,False,TX,19,"RABLE, KYLE","SELL, TOM",19886.36,1562455.02,1582341.3800000001,1.256767992757669,98.74323200724233,Texas,TX-19,33.79397122580692,1.2069601551571112,0.22864489548444594,5.900754966452023,15.114924155928886,-25.721643989123816,-25.333932253111534,-25.430860187114607,-5.560322887306066,0,0,0.0,0.0,0.0,0.0,West South Central,2026,0.0,0.0,48,4819,2
367,TX-20,Joaquin Castro,Edgardo Rafael Baez,True,False,TX,20,"CASTRO, JOAQUIN","BAEZ, EDGARDO RAFAEL DR",297894.23,15018.09,312912.32,95.20054371780567,4.799456282194322,Texas,TX-20,65.31811835278299,1.9045539601277108,0.2093400521339087,10.417971450843392,13.28909424815266,18.180936131546794,15.189365288616962,15.93725799934942,-5.560322887306066,1,0,0.0,0.0,0.0,0.0,West South Central,2026,0.0,0.0,48,4820,2
368,TX-21,Kristin Hook,Mark Teixeira,False,False,TX,21,"HOOK, KRISTIN A DR.","TEIXEIRA, MARK CHARLES",151430.81,724310.95,875741.76,17.291719650322488,82.70828034967751,Texas,TX-21,31.176871836212495,2.0476701795383114,0.12239023228034215,3.8583928693818805,28.649020521485024,-10.770062302623252,-10.296476221384069,-10.414872741693864,-5.560322887306066,0,0,0.0,0.0,0.0,0.0,West South Central,2026,0.0,0.0,48,4821,2
369,TX-22,Marquette Greene-Scott,Trever Nehls,False,False,TX,22,"GREENE-SCOTT, MARQUETTE","NEHLS, TREVER",36012.15,115466.87,151479.02,23.773688263892918,76.22631173610709,Texas,TX-22,25.44020518917747,12.0481342104722,0.14151622389100446,12.051312249846239,28.384898181004445,-11.025495204275096,-10.579736445350463,-10.691176135081621,-5.560322887306066,0,0,0.0,0.0,0.0,0.0,West South Central,2026,0.0,0.0,48,4822,0
370,TX-23,Katy Padilla Stout,Brandon Herrera,False,False,TX,23,"STOUT, KATY PADILLA","HERRERA, BRANDON",211270.87,34270.2,245541.07,86.04298661726936,13.957013382730635,Texas,TX-23,54.948765515183084,2.4855503732617046,0.1855092140144311,4.630902987068974,21.183059934895002,-5.906137692777996,-6.734951367834434,-6.527747949070324,-5.560322887306066,0,0,40.0,1.0038639742,42.0,1.0038639742,West South Central,2026,0.0,0.0,48,4823,2
371,TX-24,Kevin Burge,Beth Van Duyne,False,True,TX,24,"BURGE, KEVIN BERYL","VAN DUYNE, ELIZABETH ANN",161071.39,494416.0,655487.39,24.572767143544898,75.4272328564551,Texas,TX-24,14.233444558764734,7.0036020365433345,0.17129095398071462,7.746557601320305,35.25210023089024,-8.553164084458139,-7.443260164451331,-7.720736144453033,-5.560322887306066,0,1,0.0,0.0,0.0,0.0,West South Central,2026,0.0,0.0,48,4824,0
372,TX-25,Dione Sims,Roger Williams,False,True,TX,25,no_match,"WILLIAMS, ROGER",0.0,54110.93,54110.93,0.0,100.0,Texas,TX-25,20.369391595691955,2.6141615352118084,0.1746553984977807,19.591397810132207,17.078131431800227,-10.30090029232366,-11.42199667268229,-11.141722577592633,-5.560322887306066,0,1,0.0,0.0,0.0,0.0,West South Central,2026,0.0,0.0,48,4825,0
373,TX-26,Steven Shook,Brandon Gill,False,True,TX,26,"SHOOK, STEVEN JAMES","GILL, BRANDON",12220.34,2320839.2,2333059.54,0.5237903186988533,99.47620968130116,Texas,TX-26,15.488134690703232,7.40119248635507,0.17288249595381391,10.57841193327121,30.13612070213162,-11.64787794071492,-11.308793526728955,-11.393564630225447,-5.560322887306066,0,1,0.0,0.0,0.0,0.0,West South Central,2026,0.0,0.0,48,4826,0
374,TX-27,Tanya Lloyd,Michael Cloud,False,True,TX,27,"LLOYD, TANYA W","CLOUD, MICHAEL",123150.66,701925.68,825076.3400000001,14.925971577369435,85.07402842263056,Texas,TX-27,37.292224575929176,1.5560175278424002,0.15587080480634533,6.9282689372265756,16.632805266947845,-11.028561796336227,-9.969642982933053,-10.234372686283846,-5.560322887306066,0,1,0.0,0.0,0.0,0.0,West South Central,2026,0.0,0.0,48,4827,2
375,TX-28,Henry Cuellar,Tano Tijerina,True,False,TX,28,"CUELLAR, HENRY R.","TIJERINA, TANO",784313.39,382361.99,1166675.38,67.2263599151291,32.773640084870905,Texas,TX-28,86.54370768855914,0.6507063651695324,0.28450487552015896,0.798094701186273,10.576129810042032,2.5862249805967323,-4.474786724930141,-2.7095337985484225,-5.560322887306066,1,0,38.0,0.7,46.0,0.7,West South Central,2026,1.0233926793911419,0.0,48,4828,2
376,TX-29,Sylvia Garcia,Martha Fierro,True,False,TX,29,"GARCIA, SYLVIA R","FIERRO, MARTHA ELENA,",325733.27,0.0,325733.27,100.0,0.0,Texas,TX-29,44.160556371310804,4.129347831218927,0.2001879122383747,32.46490809769548,10.434130742392432,19.532381719616133,16.171826911277883,17.011965613362445,-5.560322887306066,1,0,0.0,0.0,0.0,0.0,West South Central,2026,0.0,0.0,48,4829,2
377,TX-30,Frederick Haynes III,Everett Jackson,False,False,TX,30,"HAYNES, FREDERICK III","JACKSON, EVERETT HONORABLE",314426.42,16748.48,331174.89999999997,94.94270852048268,5.0572914795173185,Texas,TX-30,25.764374628906694,4.156658784489696,0.17605597380055402,49.90514493068442,14.25110974902845,26.446711534275472,24.65259246391495,25.10112223150508,-5.560322887306066,0,0,0.0,0.0,0.0,0.0,West South Central,2026,0.0,0.0,48,4830,1
378,TX-31,Justin Early,John Carter,False,True,TX,31,"EARLY, JUSTIN","CARTER, JOHN R REP.",43906.26,344453.57,388359.83,11.305561648845092,88.6944383511549,Texas,TX-31,19.801525236520582,3.626904205547831,0.13530049474029965,13.582978346815164,21.271765083349333,-11.356226644289706,-10.32034261752311,-10.579313624214759,-5.560322887306066,0,1,0.0,0.0,0.0,0.0,West South Central,2026,0.0,0.0,48,4831,0
379,TX-32,Dan Barros,Jace Yarbrough,False,False,TX,32,"BARRIOS, DAN F.","YARBROUGH, JACE",62146.34,300003.66,362150.0,17.160386580146348,82.83961341985363,Texas,TX-32,16.728355372196905,7.822366696772515,0.13632481130421173,14.175894831913205,25.65454863349191,-7.373049557551184,-8.306922574909962,-8.073454320570267,-5.560322887306066,0,0,0.0,0.0,0.0,0.0,West South Central,2026,0.0,0.0,48,4832,0
380,TX-33,Colin Allred,Patrick Gillespie,True,False,TX,33,"ALLRED, COLIN",no_match,2586807.9,0.0,2586807.9,100.0,0.0,Texas,TX-33,39.37461761133788,4.529536385137295,0.2175620268653718,19.952241368289364,19.87080211882425,20.55775251509197,17.420957767990295,18.205156454765714,-5.560322887306066,1,0,0.0,0.0,0.0,0.0,West South Central,2026,0.0,0.0,48,4833,2
381,TX-34,Vicente Gonzalez,Eric Flores,True,False,TX,34,"GONZALEZ, VICENTE","FLORES, ERIC",1347105.49,955012.27,2302117.76,58.51592448511409,41.484075514885916,Texas,TX-34,72.0568191839909,1.351530117294294,0.14190765579776957,1.9560406962294254,13.352098567042232,-0.7825541840859245,-4.361383697150103,-3.4666763188840584,-5.560322887306066,1,0,40.0,0.9342638201897988,41.0,0.9342638201897988,West South Central,2026,0.6065306597126334,0.0,48,4834,2
382,TX-35,Johnny Garcia,Carlos De La Cruz,False,False,TX,35,"GARCIA, JOHNNY","DE LA CRUZ, CARLOS JR.",284784.0,504348.14,789132.14,36.08825259607345,63.91174740392655,Texas,TX-35,51.84018454108021,1.7225035592639981,0.13462127628899423,7.356773414550631,14.847851159680198,-3.22979389202532,-4.531453226680135,-4.206038393016431,-5.560322887306066,0,0,0.0,0.0,0.0,0.0,West South Central,2026,0.0,0.0,48,4835,2
383,TX-36,Rhonda Hart,Brian Babin,False,True,TX,36,"HART, RHONDA J","BABIN, BRIAN",0.0,214131.45,214131.45,0.0,100.0,Texas,TX-36,20.46538815134857,6.076604985680074,0.16173761052070051,18.09399319756202,18.37996130451561,-11.582249571521238,-11.88889146375233,-11.812230990694557,-5.560322887306066,0,1,0.0,0.0,0.0,0.0,West South Central,2026,0.0,0.0,48,4836,0
384,TX-37,Greg Casar,Lauren Peña,True,False,TX,37,"CASAR, GREG","PENA, LAUREN B.",797895.92,112442.1,910338.02,87.64831331553087,12.351686684469138,Texas,TX-37,28.48617241286695,5.450101614188385,0.12730870121847498,9.212781005756646,36.361387725936034,29.601707810362974,29.60200062176019,29.601927418910883,-5.560322887306066,1,0,0.0,0.0,0.0,0.0,West South Central,2026,0.0,0.0,48,4837,3
385,TX-38,Melissa McDonough,Jon Bonck,False,False,TX,38,"MCDONOUGH, MELISSA A","BONCK, JON",29397.34,929528.31,958925.65,3.0656537344683605,96.93434626553164,Texas,TX-38,20.894416748975353,9.775550042385733,0.09818713495773092,11.00959706332973,33.097687561118974,-11.322049216706695,-9.898528256740974,-10.254408496732404,-5.560322887306066,0,0,0.0,0.0,0.0,0.0,West South Central,2026,0.0,0.0,48,4838,3
386,UT-01,Ben McAdams,Riley Owen,False,False,UT,1,"MCADAMS, BEN","OWEN, RILEY MONTGOMERY",1772350.91,68334.0,1840684.91,96.28757754090569,3.712422459094316,Utah,UT-01,16.01388253459911,5.4245181859773535,0.609058675511838,1.69099565366579,22.981512708097004,10.523865200809588,12.913908440891156,12.316397630870764,-5.560322887306066,0,0,0.0,0.0,0.0,0.0,Mountain,2026,0.0,0.0,49,4901,0
387,UT-02,Peter Crosby,Blake Moore,False,True,UT,2,"CROSBY, PETER","MOORE, BLAKE",20386.49,934010.9,954397.39,2.136058859088037,97.86394114091198,Utah,UT-02,10.193184503537719,1.938969126621165,0.2846161331127761,1.055234295722765,19.970717815480825,-18.176555872710146,-14.200371318540796,-15.194417457083134,-5.560322887306066,0,1,0.0,0.0,0.0,0.0,Mountain,2026,0.0,0.0,49,4902,0
388,UT-03,Kent Udell,Celeste Maloy,False,True,UT,3,"UDELL, KENT DR.","MALOY, CELESTE",14010.0,591499.1,605509.1,2.3137554827830003,97.686244517217,Utah,UT-03,8.40803046223811,1.4540177651339818,1.5251391174194944,0.44497302118774346,20.58092497855748,-23.43512009709331,-20.460706556925523,-21.20430994196747,-5.560322887306066,0,1,0.0,0.0,0.0,0.0,Mountain,2026,0.0,0.0,49,4903,0
389,UT-04,Jonny Larsen,Mike Kennedy,False,True,UT,4,"LARSEN, JONATHAN","KENNEDY, MIKE",10133.59,383623.94,393757.53,2.5735609424408974,97.4264390575591,Utah,UT-04,7.784931064921989,2.295827025953906,0.40503125033235604,0.6787153862243288,22.729277163022964,-19.497435119485786,-15.966101164661495,-16.848934653367568,-5.560322887306066,0,1,0.0,0.0,0.0,0.0,Mountain,2026,0.0,0.0,49,4904,0
390,VA-01,TBDVA-01,Rob Wittman,False,True,VA,1,no_match,"WITTMAN, ROBERT J. MR.",0.0,1191625.06,1191625.06,0.0,100.0,Virginia,VA-01,4.124527203956939,4.0975934161852114,0.1333388752649736,13.351012095265803,46.9,-5.404597428364198,-1.7521584885490498,-2.665268223502837,-5.560322887306066,0,1,0.0,0.0,0.0,0.0,South Atlantic,2026,0.0,0.0,51,5101,3
391,VA-02,TBDVA-02,Jen Kiggans,False,True,VA,2,no_match,"KIGGANS, JENNIFER",0.0,2218577.66,2218577.66,0.0,100.0,Virginia,VA-02,6.216358910260627,4.721011944220944,0.1467514789006796,22.46647066066841,37.42,-1.294878540344058,0.6239455133857206,0.14423949995327595,-5.560322887306066,0,1,0.0,0.0,0.0,0.0,South Atlantic,2026,0.0,0.0,51,5102,0
392,VA-03,Bobby Scott,TBDVA-03,True,False,VA,3,"SCOTT, ROBERT C",no_match,232984.15,0.0,232984.15,100.0,0.0,Virginia,VA-03,6.506085166646402,2.6342512599300294,0.242139457943253,43.41916669092628,28.49,17.241485204821892,18.33573126076842,18.062169746781787,-5.560322887306066,1,0,0.0,0.0,0.0,0.0,South Atlantic,2026,0.32465246735834974,0.0,51,5103,1
393,VA-04,Jennifer McClellan,TBDVA-04,True,False,VA,4,"MCCLELLAN, JENNIFER",no_match,444344.24,0.0,444344.24,100.0,0.0,Virginia,VA-04,5.5905035486078285,1.926694059428851,0.1823062149395232,42.32776773229581,31.15,15.800226991824635,17.33916742846474,16.954432319304715,-5.560322887306066,1,0,0.0,0.0,0.0,0.0,South Atlantic,2026,0.0,0.0,51,5104,1
394,VA-05,Tom Perriello,John McGuire,False,True,VA,5,"PERRIELLO, THOMAS","MCGUIRE, JOHN",1330625.8,929715.41,2260341.21,58.86835996765285,41.13164003234716,Virginia,VA-05,2.8488506526124437,1.484464076415854,0.1038120221019143,20.30170867252968,32.7,-6.462392086897843,-5.453488663422647,-5.705714519291446,-5.560322887306066,0,1,0.0,0.0,0.0,0.0,South Atlantic,2026,0.0,0.0,51,5105,0
395,VA-06,TBDVA-06,Ben Cline,False,True,VA,6,no_match,"CLINE, BENJAMIN LEE",0.0,487291.72,487291.72,0.0,100.0,Virginia,VA-06,4.504602971935037,1.3614330735001632,0.0996937976215908,7.830103221169531,27.43,-13.20126899565406,-11.328798649791963,-11.796916236257488,-5.560322887306066,0,1,0.0,0.0,0.0,0.0,South Atlantic,2026,0.0,0.0,51,5106,0
396,VA-07,Eugene Vindman,TBDVA-07,True,False,VA,7,"VINDMAN, YEVGENY 'EUGENE'",no_match,8787032.98,0.0,8787032.98,100.0,0.0,Virginia,VA-07,11.95433297375045,4.746314275440489,0.1218985976267529,21.393203883495147,36.84,1.1831399886182652,2.207131609632576,1.9511337043789982,-5.560322887306066,1,0,0.0,0.0,0.0,0.0,South Atlantic,2026,0.0,0.0,51,5107,0
397,VA-08,Don Beyer,TBDVA-08,True,False,VA,8,"BEYER, DONALD STERNOFF JR.",no_match,1205220.0,0.0,1205220.0,100.0,0.0,Virginia,VA-08,13.280809186378947,10.80060009624185,0.1179434437598482,13.494239642206768,65.10000000000001,26.114278521819323,26.202166108224496,26.180194211623203,-5.560322887306066,1,0,0.0,0.0,0.0,0.0,South Atlantic,2026,0.0,0.0,51,5108,3
398,VA-09,TBDVA-09,Morgan Griffith,False,True,VA,9,no_match,"GRIFFITH, H MORGAN",0.0,411785.65,411785.65,0.0,100.0,Virginia,VA-09,2.1049822547423225,1.1016281533586556,0.1097793068403534,5.785065859594344,23.1,-23.45941943522965,-21.46285445390185,-21.9619956992338,-5.560322887306066,0,1,0.0,0.0,0.0,0.0,South Atlantic,2026,0.0,0.0,51,5109,0
399,VA-10,Suhas Subramanyam,TBDVA-10,True,False,VA,10,"SUBRAMANYAM, SUHAS",no_match,658302.72,0.0,658302.72,100.0,0.0,Virginia,VA-10,12.261960501370094,13.65047627088722,0.1145583076840416,9.522731284971943,54.36,6.894795433020384,5.03827938541798,5.502408397318582,-5.560322887306066,1,0,0.0,0.0,0.0,0.0,South Atlantic,2026,0.0,0.0,51,5110,3
400,VA-11,James Walkinshaw,TBDVA-11,True,False,VA,11,"WALKINSHAW, JAMES",no_match,1515950.92,0.0,1515950.92,100.0,0.0,Virginia,VA-11,10.462268324595009,20.264126434293136,0.1063659553639504,8.848329677984129,67.5,18.662372531534068,18.39563563889066,18.462319862051512,-5.560322887306066,1,0,0.0,0.0,0.0,0.0,South Atlantic,2026,0.0,0.0,51,5111,3
401,VT-AL,Becca Balint,Mark Coester,True,False,VT,0,"BALINT, REBECCA 'BECCA'","COESTER, C. MARK MR",511283.3,11791.38,523074.68,97.74575592150627,2.2542440784937248,Vermont,VT-00,2.220403720220699,1.2476116190779172,0.1215031899378493,1.008821438222144,41.72,16.02935162860009,17.13527175427236,16.858791722854292,-5.560322887306066,1,0,0.0,0.0,0.0,0.0,New England,2026,0.0,0.0,50,5000,0
402,WA-01,Suzan DelBene,TBDWA-01,True,False,WA,1,"DELBENE, SUZAN K",no_match,1324767.79,0.0,1324767.79,100.0,0.0,Washington,WA-01,7.136753644320583,13.970124214594527,0.3907918925381091,2.647350493683439,50.17,13.470685021183805,15.607136998527729,15.073024004191748,-5.560322887306066,1,0,0.0,0.0,0.0,0.0,Pacific,2026,0.0,0.0,53,5301,3
403,WA-02,Rick Larsen,TBDWA-02,True,False,WA,2,"LARSEN, RICK",no_match,641334.53,0.0,641334.53,100.0,0.0,Washington,WA-02,7.935050277036733,6.307202955058486,1.1105410766810315,2.3443806005882752,34.64,9.50309631553514,12.97473290013408,12.106823753984346,-5.560322887306066,1,0,0.0,0.0,0.0,0.0,Pacific,2026,0.0,0.0,53,5302,0
404,WA-03,Marie Gluesenkamp Perez,TBDWA-03,True,False,WA,3,"GLUESENKAMP PEREZ, MARIE",no_match,1904067.19,0.0,1904067.19,100.0,0.0,Washington,WA-03,7.3022503198615185,3.7502480209637583,0.5959345087816527,1.647372346175688,27.59,-4.425789279029452,-0.9480722278904352,-1.8175014906751894,-5.560322887306066,1,0,0.0,0.0,0.0,0.0,Pacific,2026,0.0,0.0,53,5303,0
405,WA-04,TBDWA-04,TBDWA-04,False,False,WA,4,no_match,no_match,0.0,0.0,0.0,0.0,0.0,Washington,WA-04,26.569596471164843,1.8336464629962423,1.7844306485868322,1.0860153569678157,23.15,-10.962091329578412,-9.868107858079805,-10.141603725954457,-5.560322887306066,0,0,0.0,0.0,0.0,0.0,Pacific,2026,0.0,0.0,53,5304,0
406,WA-05,TBDWA-05,Michael Baumgartner,False,True,WA,5,no_match,"BAUMGARTNER, MICHAEL JAMES",0.0,1077979.01,1077979.01,0.0,100.0,Washington,WA-05,6.426914615747601,2.144077202730276,1.0290041937777896,1.581472939831584,30.83,-7.4037845398983535,-4.804223842897613,-5.454114017147798,-5.560322887306066,0,1,0.0,0.0,0.0,0.0,Pacific,2026,0.0,0.0,53,5305,0
407,WA-06,Emily Randall,TBDWA-06,True,False,WA,6,"RANDALL, EMILY",no_match,685743.01,0.0,685743.01,100.0,0.0,Washington,WA-06,6.573288197681074,4.295409573337258,1.3105692652373708,3.1869695334347248,33.379999999999995,6.60430943804311,10.69577978430744,9.672912197741358,-5.560322887306066,1,0,0.0,0.0,0.0,0.0,Pacific,2026,0.0,0.0,53,5306,0
408,WA-07,Pramila Jayapal,TBDWA-07,True,False,WA,7,"JAYAPAL, PRAMILA",no_match,1716318.07,0.0,1716318.07,100.0,0.0,Washington,WA-07,7.278408502650289,11.691653328943058,0.3467525259640077,4.62404592137221,64.63,36.235482522076246,39.530309705609504,38.706602909726186,-5.560322887306066,1,0,0.0,0.0,0.0,0.0,Pacific,2026,0.0,0.0,53,5307,3
409,WA-08,Kim Schrier,TBDWA-08,True,False,WA,8,"SCHRIER, KIM DR.",no_match,1674759.55,0.0,1674759.55,100.0,0.0,Washington,WA-08,7.558957868559697,7.800037460059602,0.6952364527178014,1.8388809456254247,40.62,1.1823417759575603,3.733520048372263,3.0957254802685874,-5.560322887306066,1,0,0.0,0.0,0.0,0.0,Pacific,2026,0.0,0.0,53,5308,3
410,WA-09,Adam Smith,TBDWA-09,True,False,WA,9,"SMITH, D. ADAM",no_match,707736.64,0.0,707736.64,100.0,0.0,Washington,WA-09,8.770354666592835,22.87118961827955,0.388800335404562,11.574423820052289,40.43,20.817760342397143,22.0971975570392,21.777338253378687,-5.560322887306066,1,0,0.0,0.0,0.0,0.0,Pacific,2026,0.0,0.0,53,5309,3
411,WA-10,Marilyn Strickland,TBDWA-10,True,False,WA,10,"STRICKLAND, MARILYN",no_match,687008.05,0.0,687008.05,100.0,0.0,Washington,WA-10,9.483076716648217,8.625922257591245,0.7921837400182553,6.888838277640362,30.42,6.862264002775994,10.052180887566465,9.254701666368847,-5.560322887306066,1,0,0.0,0.0,0.0,0.0,Pacific,2026,0.0,0.0,53,5310,0
412,WI-01,TBDWI-01,Bryan Steil,False,True,WI,1,no_match,"STEIL, BRYAN GEORGE",0.0,1138299.31,1138299.31,0.0,100.0,Wisconsin,WI-01,8.70592413025912,1.444887724523776,0.1454852467451526,5.624463262710482,29.74,-3.287876161319872,-1.5374093831484146,-1.975026077691279,-5.560322887306066,0,1,0.0,0.0,0.0,0.0,East North Central,2026,0.0,0.0,55,5501,0
413,WI-02,Mark Pocan,Erik Olsen,True,False,WI,2,"POCAN, MARK","OLSEN, ERIK",302466.66,50.0,302516.66,99.98347198465036,0.016528015349633968,Wisconsin,WI-02,4.188095821601293,3.337746989927342,0.1491592601277551,3.431191916484919,46.81,18.90009872872832,21.1228879229349,20.567190624383255,-5.560322887306066,1,0,0.0,0.0,0.0,0.0,East North Central,2026,0.0,0.0,55,5502,3
414,WI-03,Rebecca Cooke,Derrick Van Orden,False,True,WI,3,"COOKE, REBECCA","VAN ORDEN, DERRICK F. MR.",5442450.2,3209197.86,8651648.06,62.90651402202322,37.093485977976776,Wisconsin,WI-03,1.9786170267979173,1.832084839887203,0.3349307129387748,1.1475182948981886,27.39,-4.649831682440173,-3.006775579302108,-3.417539605086624,-5.560322887306066,0,1,49.99963122992984,2.9585903078379605,46.00073697624103,2.9585903078379605,East North Central,2026,0.0,0.0,55,5503,0
415,WI-04,Gwen Moore,TBDWI-04,True,False,WI,4,"MOORE, GWEN S",no_match,327378.28,0.0,327378.28,100.0,0.0,Wisconsin,WI-04,12.026019418239148,3.607648560931164,0.4159647098370936,30.680739221973003,32.52,24.59676063124403,26.98485052229352,26.387828049531144,-5.560322887306066,1,0,0.0,0.0,0.0,0.0,East North Central,2026,0.0,0.0,55,5504,1
416,WI-05,TBDWI-05,Scott Fitzgerald,False,True,WI,5,no_match,"FITZGERALD, SCOTT",0.0,383905.31,383905.31,0.0,100.0,Wisconsin,WI-05,4.488439210943785,2.050830288276924,0.1212809913765392,1.5306078123723987,39.46,-13.876463543505912,-10.47671444149526,-11.326651716997922,-5.560322887306066,0,1,0.0,0.0,0.0,0.0,East North Central,2026,0.0,0.0,55,5505,0
417,WI-06,TBDWI-06,Glenn Grothman,False,True,WI,6,no_match,"GROTHMAN, GLENN S.",0.0,437825.77,437825.77,0.0,100.0,Wisconsin,WI-06,3.6191544482799336,1.963855338005376,0.2559436576675441,1.8200823742681125,27.65,-10.23231753580395,-7.597642164613816,-8.25631100741135,-5.560322887306066,0,1,0.0,0.0,0.0,0.0,East North Central,2026,0.0,0.0,55,5506,0
418,WI-07,TBDWI-07,TBDWI-07,False,False,WI,7,no_match,no_match,0.0,0.0,0.0,0.0,0.0,Wisconsin,WI-07,1.579560768998047,1.112688742814709,1.3521411479963696,0.5868560741494541,24.81,-12.40425056949531,-10.671336033236052,-11.104564667300867,-5.560322887306066,0,0,0.0,0.0,0.0,0.0,East North Central,2026,0.0,0.0,55,5507,0
419,WI-08,TBDWI-08,Tony Wied,False,True,WI,8,no_match,"WIED, TONY",0.0,362979.01,362979.01,0.0,100.0,Wisconsin,WI-08,3.7363247017583534,1.844575111663934,1.6300814157290666,1.2465016678916718,28.22,-10.137743872826768,-7.481863251504386,-8.145833406834981,-5.560322887306066,0,1,0.0,0.0,0.0,0.0,East North Central,2026,0.0,0.0,55,5508,0
420,WV-01,Vince George,Carol Miller,False,True,WV,1,"GEORGE, VINCENT RAYMOND MR.","MILLER, CAROL DEVINE",16235.0,421286.53,437521.53,3.710674535262299,96.2893254647377,West Virginia,WV-01,1.0416726640450926,0.4480761369590125,0.0706731073713058,3.35819606533592,20.78,-23.044539299707807,-21.84932528255252,-22.148128786841344,-5.560322887306066,0,1,0.0,0.0,0.0,0.0,South Atlantic,2026,0.0,0.0,54,5401,0
421,WV-02,Ace Parsi,Riley Moore,False,True,WV,2,"PARSI, AHSAN","MOORE, RILEY",76223.63,428641.97,504865.6,15.097806228033757,84.90219377196624,West Virginia,WV-02,2.132164829566765,0.7071761656580811,0.0859303712080074,3.0789383820458704,24.67,-21.113024017030916,-19.44160288289092,-19.859458166425917,-5.560322887306066,0,1,0.0,0.0,0.0,0.0,South Atlantic,2026,0.0,0.0,54,5402,0
422,WY-AL,Lisa Kinney,TBDWY-AL,False,False,WY,0,no_match,no_match,0.0,0.0,0.0,0.0,0.0,Wyoming,WY-00,7.776884431241085,0.6359416023911405,1.472659053537198,0.7840251469479346,28.99,-24.750269299791565,-22.729119155675143,-23.23440669170425,-5.560322887306066,0,0,0.0,0.0,0.0,0.0,Mountain,2026,0.0,0.0,56,5600,0
