,cd,dem_cand,rep_cand,dem_inc_any,rep_inc_any,rating,chance,disp_dem_chance,disp_rep_chance,projected_2p_margin,y_pred,flip_indic,geoid,matchup,swing_24_to_26,disp_24_to_26_swing
0,AK-AL,Bill Hill,Nick Begich,False,True,Likely R,14.065,14.1%,85.9%,R+7.6,46.19263255484524,,200,"<b style=""color:#792ba6;"">Bill Hill (I)</b> vs <b style=""color:#e63929;"">Nick Begich* (R)</b>",6.078390194440431,D+6.1
1,AL-01,Clyde Jones Jr.,Jerry Carl,False,False,Safe R,0.005,<1%,>99%,R+25.7,37.1297390197432,,101,"<b style=""color:#366bbf;"">Clyde Jones Jr. (D)</b> vs <b style=""color:#e63929;"">Jerry Carl (R)</b>",10.603950364847435,D+10.6
2,AL-02,Shomari Figures,Rhett Marques,True,False,Tilt R,37.125,37.1%,62.9%,R+2.2,48.882077922189126,Flip,102,"<b style=""color:#366bbf;"">Shomari Figures* (D)</b> vs <b style=""color:#e63929;"">Rhett Marques (R)</b>",12.228583874145485,D+12.2
3,AL-03,Lee McInnis,Mike Rogers,False,True,Safe R,0.0,<1%,>99%,R+38.9,30.536820624594345,,103,"<b style=""color:#366bbf;"">Lee McInnis (D)</b> vs <b style=""color:#e63929;"">Mike Rogers* (R)</b>",8.111447647194495,D+8.1
4,AL-04,Amanda Pusczek,Robert Aderholt,False,True,Safe R,0.0,<1%,>99%,R+58.6,20.71141512941615,,104,"<b style=""color:#366bbf;"">Amanda Pusczek (D)</b> vs <b style=""color:#e63929;"">Robert Aderholt* (R)</b>",8.412461293358092,D+8.4
5,AL-05,Andrew Sneed,Dale Strong,False,True,Safe R,0.1949999999999999,<1%,>99%,R+20.9,39.56269141828428,,105,"<b style=""color:#366bbf;"">Andrew Sneed (D)</b> vs <b style=""color:#e63929;"">Dale Strong* (R)</b>",8.637568827358862,D+8.6
6,AL-06,Keith Pilkington,Gary Palmer,False,True,Safe R,0.0,<1%,>99%,R+27.4,36.27919315163591,,106,"<b style=""color:#366bbf;"">Keith Pilkington (D)</b> vs <b style=""color:#e63929;"">Gary Palmer* (R)</b>",7.347689783686661,D+7.3
7,AL-07,Terri Sewell,Ammie Akin,True,False,Safe D,100.0,>99%,<1%,D+30.9,65.43472780114708,,107,"<b style=""color:#366bbf;"">Terri Sewell* (D)</b> vs <b style=""color:#e63929;"">Ammie Akin (R)</b>",12.880597175721434,D+12.9
8,AR-01,Terri Green,Rick Crawford,False,True,Safe R,0.0,<1%,>99%,R+40.4,29.79824225363173,,501,"<b style=""color:#366bbf;"">Terri Green (D)</b> vs <b style=""color:#e63929;"">Rick Crawford* (R)</b>",5.772356372686346,D+5.8
9,AR-02,Chris Jones,French Hill,False,True,Likely R,18.75,18.8%,81.2%,R+6.1,46.97478785306242,,502,"<b style=""color:#366bbf;"">Chris Jones (D)</b> vs <b style=""color:#e63929;"">French Hill* (R)</b>",9.863994931330822,D+9.9
10,AR-03,Robb Ryerse,Steve Womack,False,True,Safe R,0.27,<1%,>99%,R+19.5,40.23666819366747,,503,"<b style=""color:#366bbf;"">Robb Ryerse (D)</b> vs <b style=""color:#e63929;"">Steve Womack* (R)</b>",6.064073156756706,D+6.1
11,AR-04,James Russell,Bruce Westerman,False,True,Safe R,0.0,<1%,>99%,R+34.6,32.70709248633567,,504,"<b style=""color:#366bbf;"">James Russell (D)</b> vs <b style=""color:#e63929;"">Bruce Westerman* (R)</b>",6.075164619445559,D+6.1
12,AZ-01,Amish Shah,Jay Feely,False,False,Likely D,78.94,78.9%,21.1%,D+5.4,52.71908119947354,Flip,401,"<b style=""color:#366bbf;"">Amish Shah (D)</b> vs <b style=""color:#e63929;"">Jay Feely (R)</b>",8.574998327085439,D+8.6
13,AZ-02,Jonathan Nez,Elijah Crane,False,True,Likely R,18.06,18.1%,81.9%,R+6.2,46.89498234684684,,402,"<b style=""color:#366bbf;"">Jonathan Nez (D)</b> vs <b style=""color:#e63929;"">Elijah Crane* (R)</b>",8.91021210137059,D+8.9
14,AZ-03,Yassamin Ansari,Nicholas Glenn,True,False,Safe D,100.0,>99%,<1%,D+53.3,76.64948517706901,,403,"<b style=""color:#366bbf;"">Yassamin Ansari* (D)</b> vs <b style=""color:#e63929;"">Nicholas Glenn (R)</b>",12.99157654386238,D+13.0
15,AZ-04,Greg Stanton,Zuhdi Jasser,True,False,Safe D,99.865,>99%,<1%,D+19.9,59.927447376511495,,404,"<b style=""color:#366bbf;"">Greg Stanton* (D)</b> vs <b style=""color:#e63929;"">Zuhdi Jasser (R)</b>",13.092221672956683,D+13.1
16,AZ-05,Elizabeth Lee,Mark Lamb,False,False,Safe R,4.71,4.7%,95.3%,R+12.2,43.92027664460116,,405,"<b style=""color:#366bbf;"">Elizabeth Lee (D)</b> vs <b style=""color:#e63929;"">Mark Lamb (R)</b>",8.033446321248192,D+8.0
17,AZ-06,JoAnna Mendoza,Juan Ciscomani,False,True,Likely D,83.72500000000001,83.7%,16.3%,D+7.0,53.50245747607425,Flip,406,"<b style=""color:#366bbf;"">JoAnna Mendoza (D)</b> vs <b style=""color:#e63929;"">Juan Ciscomani* (R)</b>",7.762701269729632,D+7.8
18,AZ-07,Adelita Grijalva,Daniel Butierez,True,False,Safe D,100.0,>99%,<1%,D+37.1,68.54939354509301,,407,"<b style=""color:#366bbf;"">Adelita Grijalva* (D)</b> vs <b style=""color:#e63929;"">Daniel Butierez (R)</b>",14.710684496608891,D+14.7
19,AZ-08,Bernadette Greene-Placentia,Abraham Hamadeh,False,True,Likely R,10.095,10.1%,89.9%,R+9.0,45.49136106107396,,408,"<b style=""color:#366bbf;"">Bernadette Greene-Placentia (D)</b> vs <b style=""color:#e63929;"">Abraham Hamadeh* (R)</b>",7.462667740876498,D+7.5
20,AZ-09,Dani Sterbinsky,Paul Gosar,False,True,Safe R,0.09,<1%,>99%,R+23.0,38.513511642432704,,409,"<b style=""color:#366bbf;"">Dani Sterbinsky (D)</b> vs <b style=""color:#e63929;"">Paul Gosar* (R)</b>",8.369633740920996,D+8.4
21,CA-01,Mike McGuire,James Gallagher,False,True,Safe D,99.535,>99%,<1%,D+18.7,59.35228085621252,Flip,601,"<b style=""color:#366bbf;"">Mike McGuire (D)</b> vs <b style=""color:#e63929;"">James Gallagher* (R)</b>",6.078574078270151,D+6.1
22,CA-02,Jared Huffman,Robin Littau,True,False,Safe D,100.0,>99%,<1%,D+40.9,70.45852724695382,,602,"<b style=""color:#366bbf;"">Jared Huffman* (D)</b> vs <b style=""color:#e63929;"">Robin Littau (R)</b>",15.467417544915108,D+15.5
23,CA-03,Ami Bera,Robb Tucker,True,False,Safe D,99.96,>99%,<1%,D+22.8,61.40288669909205,Flip,603,"<b style=""color:#366bbf;"">Ami Bera* (D)</b> vs <b style=""color:#e63929;"">Robb Tucker (R)</b>",12.25734556174902,D+12.3
24,CA-05,Michael Masuda,Tom McClintock,False,True,Very Likely R,5.865,5.9%,94.1%,R+10.8,44.58539215502871,,605,"<b style=""color:#366bbf;"">Michael Masuda (D)</b> vs <b style=""color:#e63929;"">Tom McClintock* (R)</b>",10.373676912975498,D+10.4
25,CA-06,Richard Pan,Kevin Kiley,False,True,Very Likely D,94.76,94.8%,5.2%,D+11.2,55.61786534212581,,606,"<b style=""color:#366bbf;"">Richard Pan (D)</b> vs <b style=""color:#792ba6;"">Kevin Kiley* (I)</b>",2.565558620687355,D+2.6
26,CA-08,John Garamendi,Rudy Recile,True,False,Safe D,100.0,>99%,<1%,D+47.8,73.87860780936865,,608,"<b style=""color:#366bbf;"">John Garamendi* (D)</b> vs <b style=""color:#e63929;"">Rudy Recile (R)</b>",12.56976561311808,D+12.6
27,CA-09,Josh Harder,John McBride,True,False,Safe D,100.0,>99%,<1%,D+29.3,64.64640937316017,,609,"<b style=""color:#366bbf;"">Josh Harder* (D)</b> vs <b style=""color:#e63929;"">John McBride (R)</b>",17.496740133994763,D+17.5
28,CA-10,Mark DeSaulnier,Jeff Frese,True,False,Safe D,100.0,>99%,<1%,D+47.0,73.50505259534324,,610,"<b style=""color:#366bbf;"">Mark DeSaulnier* (D)</b> vs <b style=""color:#e63929;"">Jeff Frese (R)</b>",12.26476707887781,D+12.3
29,CA-13,Adam Gray,Kevin Lincoln,True,False,Safe D,98.245,98.2%,1.8%,D+13.9,56.95592524330142,,613,"<b style=""color:#366bbf;"">Adam Gray* (D)</b> vs <b style=""color:#e63929;"">Kevin Lincoln (R)</b>",13.404000319709525,D+13.4
30,CA-15,Kevin Mullin,Charles Hoelter,True,False,Safe D,100.0,>99%,<1%,D+59.1,79.5742050684948,,615,"<b style=""color:#366bbf;"">Kevin Mullin* (D)</b> vs <b style=""color:#e63929;"">Charles Hoelter (R)</b>",9.510157514193935,D+9.5
31,CA-16,Sam Liccardo,Peter Soule,True,False,Safe D,100.0,>99%,<1%,D+59.6,79.79617574272648,,616,"<b style=""color:#366bbf;"">Sam Liccardo* (D)</b> vs <b style=""color:#e63929;"">Peter Soule (R)</b>",9.683055746876335,D+9.7
32,CA-17,Ro Khanna,Ritesh Tandon,True,False,Safe D,100.0,>99%,<1%,D+46.9,73.44124055860132,,617,"<b style=""color:#366bbf;"">Ro Khanna* (D)</b> vs <b style=""color:#e63929;"">Ritesh Tandon (R)</b>",6.136552623778783,D+6.1
33,CA-18,Zoe Lofgren,Shane Lewis,True,False,Safe D,100.0,>99%,<1%,D+39.8,69.91529050670914,,618,"<b style=""color:#366bbf;"">Zoe Lofgren* (D)</b> vs <b style=""color:#e63929;"">Shane Lewis (R)</b>",10.462751679064723,D+10.5
34,CA-19,Jimmy Panetta,Peter Coe Verbica,True,False,Safe D,100.0,>99%,<1%,D+47.9,73.95563878416849,,619,"<b style=""color:#366bbf;"">Jimmy Panetta* (D)</b> vs <b style=""color:#e63929;"">Peter Coe Verbica (R)</b>",12.26723889077482,D+12.3
35,CA-20,Sandra Van Scotter,Vince Fong,False,True,Safe R,0.0349999999999999,<1%,>99%,R+26.4,36.79323007482352,,620,"<b style=""color:#366bbf;"">Sandra Van Scotter (D)</b> vs <b style=""color:#e63929;"">Vince Fong* (R)</b>",6.569693632080956,D+6.6
36,CA-21,Jim Costa,Kyle Kirkland,True,False,Safe D,98.41,98.4%,1.6%,D+14.1,57.05884103030365,,621,"<b style=""color:#366bbf;"">Jim Costa* (D)</b> vs <b style=""color:#e63929;"">Kyle Kirkland (R)</b>",7.949971658896587,D+7.9
37,CA-22,Randy Villegas,David Valadao,False,True,Lean D,71.375,71.4%,28.6%,D+3.9,51.929446494750096,Flip,622,"<b style=""color:#366bbf;"">Randy Villegas (D)</b> vs <b style=""color:#e63929;"">David Valadao* (R)</b>",5.715857506713419,D+5.7
38,CA-23,Tessa Lynn Hodge,Jay Obernolte,False,True,Safe R,2.505,2.5%,97.5%,R+13.7,43.15627266885246,,623,"<b style=""color:#366bbf;"">Tessa Lynn Hodge (D)</b> vs <b style=""color:#e63929;"">Jay Obernolte* (R)</b>",6.210813293967561,D+6.2
39,CA-24,Salud Carbajal,Bob Smith,True,False,Safe D,100.0,>99%,<1%,D+35.4,67.68727851993401,,624,"<b style=""color:#366bbf;"">Salud Carbajal* (D)</b> vs <b style=""color:#e63929;"">Bob Smith (R)</b>",9.616175703377891,D+9.6
40,CA-25,Raul Ruiz,Joe Males,True,False,Safe D,100.0,>99%,<1%,D+26.3,63.13332666457404,,625,"<b style=""color:#366bbf;"">Raul Ruiz* (D)</b> vs <b style=""color:#e63929;"">Joe Males (R)</b>",20.297425356368024,D+20.3
41,CA-26,Jacqui Irwin,Sam Gallucci,False,False,Safe D,99.98,>99%,<1%,D+26.0,63.00029400006277,,626,"<b style=""color:#366bbf;"">Jacqui Irwin (D)</b> vs <b style=""color:#e63929;"">Sam Gallucci (R)</b>",10.269631352258983,D+10.3
42,CA-27,George Whitesides,Jason Gibbs,True,False,Safe D,99.99,>99%,<1%,D+25.9,62.95693687767539,,627,"<b style=""color:#366bbf;"">George Whitesides* (D)</b> vs <b style=""color:#e63929;"">Jason Gibbs (R)</b>",15.855567763835438,D+15.9
43,CA-28,Judy Chu,April A. Verlato,True,False,Safe D,100.0,>99%,<1%,D+39.9,69.92728234920166,,628,"<b style=""color:#366bbf;"">Judy Chu* (D)</b> vs <b style=""color:#e63929;"">April A. Verlato (R)</b>",13.688857520122042,D+13.7
44,CA-30,Laura Friedman,Scott Alan Meyers,True,False,Safe D,100.0,>99%,<1%,D+51.1,75.54479871120986,,630,"<b style=""color:#366bbf;"">Laura Friedman* (D)</b> vs <b style=""color:#e63929;"">Scott Alan Meyers (R)</b>",9.679351507112102,D+9.7
45,CA-31,Gil Cisneros,Eric Ching,True,False,Safe D,100.0,>99%,<1%,D+26.6,63.29368213370704,,631,"<b style=""color:#366bbf;"">Gil Cisneros* (D)</b> vs <b style=""color:#e63929;"">Eric Ching (R)</b>",13.979918458242054,D+14.0
46,CA-32,Brad Sherman,Larry Thompson,True,False,Safe D,100.0,>99%,<1%,D+36.5,68.22778227672433,,632,"<b style=""color:#366bbf;"">Brad Sherman* (D)</b> vs <b style=""color:#e63929;"">Larry Thompson (R)</b>",10.692382844608915,D+10.7
47,CA-33,Pete Aguilar,Stephanie M. Vargas,True,False,Safe D,99.98,>99%,<1%,D+25.1,62.55816366889632,,633,"<b style=""color:#366bbf;"">Pete Aguilar* (D)</b> vs <b style=""color:#e63929;"">Stephanie M. Vargas (R)</b>",14.992002251329069,D+15.0
48,CA-35,Norma Torres,Mike Cargile,True,False,Safe D,99.99,>99%,<1%,D+23.5,61.745183266180014,,635,"<b style=""color:#366bbf;"">Norma Torres* (D)</b> vs <b style=""color:#e63929;"">Mike Cargile (R)</b>",15.49313908409782,D+15.5
49,CA-36,Ted Lieu,Houston Brignano,True,False,Safe D,100.0,>99%,<1%,D+52.0,75.99867620150377,,636,"<b style=""color:#366bbf;"">Ted Lieu* (D)</b> vs <b style=""color:#e63929;"">Houston Brignano (R)</b>",11.572539193745627,D+11.6
50,CA-38,Hilda Solis,Pedro Antonio Casas,False,False,Safe D,99.99,>99%,<1%,D+26.8,63.3893593240892,,638,"<b style=""color:#366bbf;"">Hilda Solis (D)</b> vs <b style=""color:#e63929;"">Pedro Antonio Casas (R)</b>",13.981839510447017,D+14.0
51,CA-39,Mark Takano,Steve Manos,True,False,Safe D,99.975,>99%,<1%,D+25.0,62.50268056480889,,639,"<b style=""color:#366bbf;"">Mark Takano* (D)</b> vs <b style=""color:#e63929;"">Steve Manos (R)</b>",15.156563818445619,D+15.2
52,CA-41,Linda Sanchez,Mitch Clemmons,True,False,Safe D,100.0,>99%,<1%,D+28.8,64.38601947409902,Flip,641,"<b style=""color:#366bbf;"">Linda Sanchez* (D)</b> vs <b style=""color:#e63929;"">Mitch Clemmons (R)</b>",14.159322568930605,D+14.2
53,CA-42,Robert Garcia,Brian Burley,True,False,Safe D,100.0,>99%,<1%,D+28.3,64.15844168548404,,642,"<b style=""color:#366bbf;"">Robert Garcia* (D)</b> vs <b style=""color:#e63929;"">Brian Burley (R)</b>",14.747091482842947,D+14.7
54,CA-43,Maxine Waters,Cristian Morales,True,False,Safe D,100.0,>99%,<1%,D+57.8,78.92417167657698,,643,"<b style=""color:#366bbf;"">Maxine Waters* (D)</b> vs <b style=""color:#e63929;"">Cristian Morales (R)</b>",7.25451473098434,D+7.3
55,CA-44,Nanette Barragan,Genevieve Angel,True,False,Safe D,100.0,>99%,<1%,D+51.5,75.76211747591543,,644,"<b style=""color:#366bbf;"">Nanette Barragan* (D)</b> vs <b style=""color:#e63929;"">Genevieve Angel (R)</b>",15.201483007471268,D+15.2
56,CA-45,Derek Tran,Chuong V. Vo,True,False,Safe D,99.89,>99%,<1%,D+21.2,60.61934804878643,,645,"<b style=""color:#366bbf;"">Derek Tran* (D)</b> vs <b style=""color:#e63929;"">Chuong V. Vo (R)</b>",17.16676958770249,D+17.2
57,CA-46,Lou Correa,David Pan,True,False,Safe D,100.0,>99%,<1%,D+33.4,66.71130811881035,,646,"<b style=""color:#366bbf;"">Lou Correa* (D)</b> vs <b style=""color:#e63929;"">David Pan (R)</b>",16.726683934256286,D+16.7
58,CA-47,Dave Min,Jenny Rae Le Roux,True,False,Safe D,99.995,>99%,<1%,D+27.1,63.529974082779525,,647,"<b style=""color:#366bbf;"">Dave Min* (D)</b> vs <b style=""color:#e63929;"">Jenny Rae Le Roux (R)</b>",16.587242009926072,D+16.6
59,CA-48,Marni von Wilpert,Jim Desmond,False,False,Very Likely D,90.745,90.7%,9.3%,D+9.6,54.79313763638418,Flip,648,"<b style=""color:#366bbf;"">Marni von Wilpert (D)</b> vs <b style=""color:#e63929;"">Jim Desmond (R)</b>",6.064698888487129,D+6.1
60,CA-49,Mike Levin,Armen Kurdian,True,False,Safe D,99.995,>99%,<1%,D+26.6,63.29471725539937,,649,"<b style=""color:#366bbf;"">Mike Levin* (D)</b> vs <b style=""color:#e63929;"">Armen Kurdian (R)</b>",14.109569959006521,D+14.1
61,CA-50,Scott Peters,Steve Cohen,True,False,Safe D,100.0,>99%,<1%,D+33.2,66.6199142547888,,650,"<b style=""color:#366bbf;"">Scott Peters* (D)</b> vs <b style=""color:#e63929;"">Steve Cohen (R)</b>",14.408194695346026,D+14.4
62,CA-51,Sara Jacobs,Ricardo Cabrera,True,False,Safe D,100.0,>99%,<1%,D+33.2,66.5882353449006,,651,"<b style=""color:#366bbf;"">Sara Jacobs* (D)</b> vs <b style=""color:#e63929;"">Ricardo Cabrera (R)</b>",14.38945545364217,D+14.4
63,CA-52,Juan Vargas,Jeff Belle,True,False,Safe D,100.0,>99%,<1%,D+33.7,66.87307527324649,,652,"<b style=""color:#366bbf;"">Juan Vargas* (D)</b> vs <b style=""color:#e63929;"">Jeff Belle (R)</b>",15.690495608614256,D+15.7
64,CO-01,Melat Kiros,Christy Peterson,False,False,Safe D,100.0,>99%,<1%,D+64.0,81.99365433726103,,801,"<b style=""color:#366bbf;"">Melat Kiros (D)</b> vs <b style=""color:#e63929;"">Christy Peterson (R)</b>",6.374572110249574,D+6.4
65,CO-02,Joe Neguse,Kelley Dennison,True,False,Safe D,100.0,>99%,<1%,D+50.7,75.36564847208157,,802,"<b style=""color:#366bbf;"">Joe Neguse* (D)</b> vs <b style=""color:#e63929;"">Kelley Dennison (R)</b>",9.813183687160546,D+9.8
66,CO-03,Dwayne Romero,Jeff Hurd,False,True,Likely R,22.41,22.4%,77.6%,R+5.3,47.326348229337405,,803,"<b style=""color:#366bbf;"">Dwayne Romero (D)</b> vs <b style=""color:#e63929;"">Jeff Hurd* (R)</b>",4.629345994943677,D+4.6
67,CO-04,Eileen Laubacher,Lauren Boebert,False,True,Tilt R,36.855,36.9%,63.1%,R+2.3,48.85730020684781,,804,"<b style=""color:#366bbf;"">Eileen Laubacher (D)</b> vs <b style=""color:#e63929;"">Lauren Boebert* (R)</b>",16.42797663448826,D+16.4
68,CO-05,Jessica Killin,Jeff Crank,False,True,Tossup,48.835,48.8%,51.2%,R+0.2,49.90631973846423,,805,"<b style=""color:#366bbf;"">Jessica Killin (D)</b> vs <b style=""color:#e63929;"">Jeff Crank* (R)</b>",9.149682833257714,D+9.1
69,CO-06,Jason Crow,Mel Tewahade,True,False,Safe D,100.0,>99%,<1%,D+33.9,66.95608879265397,,806,"<b style=""color:#366bbf;"">Jason Crow* (D)</b> vs <b style=""color:#e63929;"">Mel Tewahade (R)</b>",13.551896540938827,D+13.6
70,CO-07,Brittany Pettersen,Tim Bennett,True,False,Safe D,99.995,>99%,<1%,D+29.0,64.52026727424693,,807,"<b style=""color:#366bbf;"">Brittany Pettersen* (D)</b> vs <b style=""color:#e63929;"">Tim Bennett (R)</b>",13.625653508151032,D+13.6
71,CO-08,Manny Rutinel,Gabe Evans,False,True,Likely D,75.495,75.5%,24.5%,D+4.9,52.44244278283801,Flip,808,"<b style=""color:#366bbf;"">Manny Rutinel (D)</b> vs <b style=""color:#e63929;"">Gabe Evans* (R)</b>",6.764933663399134,D+6.8
72,CT-01,Luke Bronin,Amy Chai,False,False,Safe D,100.0,>99%,<1%,D+33.8,66.87709485594173,,901,"<b style=""color:#366bbf;"">Luke Bronin (D)</b> vs <b style=""color:#e63929;"">Amy Chai (R)</b>",10.485397439066134,D+10.5
73,CT-02,Joe Courtney,George Austin,True,False,Safe D,100.0,>99%,<1%,D+29.4,64.71249211112718,,902,"<b style=""color:#366bbf;"">Joe Courtney* (D)</b> vs <b style=""color:#e63929;"">George Austin (R)</b>",21.568510812790976,D+21.6
74,CT-03,Rosa DeLauro,Christopher Lancia,True,False,Safe D,99.99,>99%,<1%,D+28.3,64.15481374342973,,903,"<b style=""color:#366bbf;"">Rosa DeLauro* (D)</b> vs <b style=""color:#e63929;"">Christopher Lancia (R)</b>",13.977510002474773,D+14.0
75,CT-04,Jim Himes,Michael Goldstein,True,False,Safe D,100.0,>99%,<1%,D+33.0,66.51294592477707,,904,"<b style=""color:#366bbf;"">Jim Himes* (D)</b> vs <b style=""color:#e63929;"">Michael Goldstein (R)</b>",9.296477895172188,D+9.3
76,CT-05,Jahana Hayes,Chris Shea,True,False,Safe D,99.605,>99%,<1%,D+17.7,58.82624748600199,,905,"<b style=""color:#366bbf;"">Jahana Hayes* (D)</b> vs <b style=""color:#e63929;"">Chris Shea (R)</b>",11.977264211818195,D+12.0
77,DE-AL,Sarah McBride,Joseph Arminio,True,False,Safe D,100.0,>99%,<1%,D+28.9,64.43578594459426,,1000,"<b style=""color:#366bbf;"">Sarah McBride* (D)</b> vs <b style=""color:#e63929;"">Joseph Arminio (R)</b>",13.913100606192174,D+13.9
78,FL-01,Gay Valimont,Jimmy Patronis,False,True,Safe R,0.0,<1%,>99%,R+28.9,35.573637709108986,,1201,"<b style=""color:#366bbf;"">Gay Valimont (D)</b> vs <b style=""color:#e63929;"">Jimmy Patronis* (R)</b>",8.678588539826983,D+8.7
79,FL-02,Amanda Green,Austin Rogers,False,False,Likely R,13.88,13.9%,86.1%,R+7.8,46.11693632661645,,1202,"<b style=""color:#366bbf;"">Amanda Green (D)</b> vs <b style=""color:#e63929;"">Austin Rogers (R)</b>",10.562132668943818,D+10.6
80,FL-03,Seth Harp,Kat Cammack,False,True,Safe R,2.75,2.8%,97.2%,R+13.4,43.31606189504553,,1203,"<b style=""color:#366bbf;"">Seth Harp (D)</b> vs <b style=""color:#e63929;"">Kat Cammack* (R)</b>",7.89541049984156,D+7.9
81,FL-04,LaShonda Holloway,Aaron Bean,False,True,Likely R,14.045,14.0%,86.0%,R+6.4,46.79711455894645,,1204,"<b style=""color:#366bbf;"">LaShonda Holloway (D)</b> vs <b style=""color:#e63929;"">Aaron Bean* (R)</b>",5.557971653270371,D+5.6
82,FL-05,Rachel Grage,John Rutherford,False,True,Very Likely R,7.439999999999999,7.4%,92.6%,R+10.1,44.96264794747335,,1205,"<b style=""color:#366bbf;"">Rachel Grage (D)</b> vs <b style=""color:#e63929;"">John Rutherford* (R)</b>",11.616810306947727,D+11.6
83,FL-06,Eric Yonce,Randy Fine,False,True,Safe R,0.09,<1%,>99%,R+23.1,38.466367017177774,,1206,"<b style=""color:#366bbf;"">Eric Yonce (D)</b> vs <b style=""color:#e63929;"">Randy Fine* (R)</b>",7.23932111230166,D+7.2
84,FL-07,Bale Dalton,Ryan Elijah,False,False,Tossup,56.69499999999999,56.7%,43.3%,D+1.2,50.59326013001723,Flip,1207,"<b style=""color:#366bbf;"">Bale Dalton (D)</b> vs <b style=""color:#e63929;"">Ryan Elijah (R)</b>",13.803959428618455,D+13.8
85,FL-08,Jennifer Jenkins,Mike Haridopolos,False,True,Likely R,15.784999999999998,15.8%,84.2%,R+7.1,46.44593279488795,,1208,"<b style=""color:#366bbf;"">Jennifer Jenkins (D)</b> vs <b style=""color:#e63929;"">Mike Haridopolos* (R)</b>",9.28713713756187,D+9.3
86,FL-09,Darren Soto,Dan Green,True,False,Tossup,48.955,49.0%,51.0%,R+0.2,49.90490426946697,Flip,1209,"<b style=""color:#366bbf;"">Darren Soto* (D)</b> vs <b style=""color:#e63929;"">Dan Green (R)</b>",17.74289007205752,D+17.7
87,FL-11,James Pericola,Joe Strada,False,False,Likely R,17.785,17.8%,82.2%,R+6.6,46.68232264570666,,1211,"<b style=""color:#366bbf;"">James Pericola (D)</b> vs <b style=""color:#e63929;"">Joe Strada (R)</b>",9.204156711035239,D+9.2
88,FL-12,Kimberly Overman,Gus Bilirakis,False,True,Very Likely R,8.834999999999999,8.8%,91.2%,R+9.4,45.28956203042844,,1212,"<b style=""color:#366bbf;"">Kimberly Overman (D)</b> vs <b style=""color:#e63929;"">Gus Bilirakis* (R)</b>",6.132134350709279,D+6.1
89,FL-13,Leela Gray,Anna Paulina Luna,False,True,Lean R,29.025,29.0%,71.0%,R+3.8,48.09109393877908,,1213,"<b style=""color:#366bbf;"">Leela Gray (D)</b> vs <b style=""color:#e63929;"">Anna Paulina Luna* (R)</b>",9.637450572476226,D+9.6
90,FL-14,Kathy Castor,Mike Beltran,True,False,Likely D,85.385,85.4%,14.6%,D+6.9,53.43789366992112,,1214,"<b style=""color:#366bbf;"">Kathy Castor* (D)</b> vs <b style=""color:#e63929;"">Mike Beltran (R)</b>",17.49706220556149,D+17.5
91,FL-15,Robert People,Laurel Lee,False,True,Safe R,1.895,1.9%,98.1%,R+14.4,42.795990485996704,,1215,"<b style=""color:#366bbf;"">Robert People (D)</b> vs <b style=""color:#e63929;"">Laurel Lee* (R)</b>",5.686511214563481,D+5.7
92,FL-16,Kelly Kirschner,Sydney Gruters,False,False,Lean R,30.09,30.1%,69.9%,R+3.7,48.14993669210877,,1216,"<b style=""color:#366bbf;"">Kelly Kirschner (D)</b> vs <b style=""color:#e63929;"">Sydney Gruters (R)</b>",10.111018055478723,D+10.1
93,FL-17,Matthew Montavon,Greg Steube,False,True,Safe R,1.495,1.5%,98.5%,R+15.1,42.45309285097847,,1217,"<b style=""color:#366bbf;"">Matthew Montavon (D)</b> vs <b style=""color:#e63929;"">Greg Steube* (R)</b>",7.1466622055759785,D+7.1
94,FL-18,Curtis Gibson,Scott Franklin,False,True,Very Likely R,6.205,6.2%,93.8%,R+10.7,44.65228154217883,,1218,"<b style=""color:#366bbf;"">Curtis Gibson (D)</b> vs <b style=""color:#e63929;"">Scott Franklin* (R)</b>",6.409479003075916,D+6.4
95,FL-19,Victor Arias,Jim Schwartzel,False,False,Safe R,0.2249999999999999,<1%,>99%,R+21.0,39.50077158441636,,1219,"<b style=""color:#366bbf;"">Victor Arias (D)</b> vs <b style=""color:#e63929;"">Jim Schwartzel (R)</b>",9.417028958985114,D+9.4
96,FL-20,Debbie Wasserman Schultz,Brent Andersen,True,False,Safe D,100.0,>99%,<1%,D+45.3,72.63445538296831,,1220,"<b style=""color:#366bbf;"">Debbie Wasserman Schultz* (D)</b> vs <b style=""color:#e63929;"">Brent Andersen (R)</b>",7.767511390369094,D+7.8
97,FL-21,James Martin,Brian Mast,False,True,Safe R,4.565,4.6%,95.4%,R+11.5,44.225702029483855,,1221,"<b style=""color:#366bbf;"">James Martin (D)</b> vs <b style=""color:#e63929;"">Brian Mast* (R)</b>",4.811613829925221,D+4.8
98,FL-22,Pia Dandiya,Casey Askar,False,False,Likely D,75.14999999999999,75.1%,24.9%,D+4.8,52.41458692757424,,1222,"<b style=""color:#366bbf;"">Pia Dandiya (D)</b> vs <b style=""color:#e63929;"">Casey Askar (R)</b>",15.433202101937297,D+15.4
99,FL-23,Lois Frankel,Deborah Adeimy,True,False,Safe D,100.0,>99%,<1%,D+28.9,64.43931488529287,,1223,"<b style=""color:#366bbf;"">Lois Frankel* (D)</b> vs <b style=""color:#e63929;"">Deborah Adeimy (R)</b>",14.93953180680775,D+14.9
100,FL-24,Oliver Gilbert,Te Mayonna Brown,False,False,Safe D,100.0,>99%,<1%,D+50.4,75.19977949558037,,1224,"<b style=""color:#366bbf;"">Oliver Gilbert (D)</b> vs <b style=""color:#e63929;"">Te Mayonna Brown (R)</b>",11.323069537109262,D+11.3
101,FL-25,Jared Moskowitz,Scott Singer,True,False,Lean D,73.7,73.7%,26.3%,D+4.2,52.12395231163286,,1225,"<b style=""color:#366bbf;"">Jared Moskowitz* (D)</b> vs <b style=""color:#e63929;"">Scott Singer (R)</b>",13.465149170254548,D+13.5
102,FL-26,Nicole Locklin,Mario Diaz-Balart,False,True,Safe R,0.815,<1%,>99%,R+16.9,41.54590795100448,,1226,"<b style=""color:#366bbf;"">Nicole Locklin (D)</b> vs <b style=""color:#e63929;"">Mario Diaz-Balart* (R)</b>",1.5955972276972545,D+1.6
103,FL-27,Eliott Rodriguez,Maria Elvira Salazar,False,True,Likely R,24.035,24.0%,76.0%,R+4.9,47.5711364366992,,1227,"<b style=""color:#366bbf;"">Eliott Rodriguez (D)</b> vs <b style=""color:#e63929;"">Maria Elvira Salazar* (R)</b>",9.839046912664713,D+9.8
104,FL-28,Phil Ehr,Carlos Gimenez,False,True,Safe R,0.005,<1%,>99%,R+24.6,37.70224575580257,,1228,"<b style=""color:#366bbf;"">Phil Ehr (D)</b> vs <b style=""color:#e63929;"">Carlos Gimenez* (R)</b>",1.029811929294894,D+1.0
105,GA-01,Amanda Hollowell,Jim Kingston,False,False,Likely R,10.44,10.4%,89.6%,R+9.0,45.476176768239526,,1301,"<b style=""color:#366bbf;"">Amanda Hollowell (D)</b> vs <b style=""color:#e63929;"">Jim Kingston (R)</b>",6.845166235242914,D+6.8
106,GA-02,Sanford Bishop,Matt Day,True,False,Safe D,99.81,>99%,<1%,D+19.3,59.672023048849205,,1302,"<b style=""color:#366bbf;"">Sanford Bishop* (D)</b> vs <b style=""color:#e63929;"">Matt Day (R)</b>",11.693538719527893,D+11.7
107,GA-03,Maura Keller,Brian Jack,False,True,Safe R,0.02,<1%,>99%,R+23.4,38.29658709499285,,1303,"<b style=""color:#366bbf;"">Maura Keller (D)</b> vs <b style=""color:#e63929;"">Brian Jack* (R)</b>",6.4694966456554965,D+6.5
108,GA-04,Hank Johnson,James Duffie,True,False,Safe D,100.0,>99%,<1%,D+63.7,81.87158246246727,,1304,"<b style=""color:#366bbf;"">Hank Johnson* (D)</b> vs <b style=""color:#e63929;"">James Duffie (R)</b>",10.704642373476474,D+10.7
109,GA-05,Nikema Williams,John Oscar Salvesen,True,False,Safe D,100.0,>99%,<1%,D+79.6,89.82395854292344,,1305,"<b style=""color:#366bbf;"">Nikema Williams* (D)</b> vs <b style=""color:#e63929;"">John Oscar Salvesen (R)</b>",7.317184179152008,D+7.3
110,GA-06,Lucy McBath,Kevin Martin,True,False,Safe D,100.0,>99%,<1%,D+59.8,79.87860600956392,,1306,"<b style=""color:#366bbf;"">Lucy McBath* (D)</b> vs <b style=""color:#e63929;"">Kevin Martin (R)</b>",9.412059039284799,D+9.4
111,GA-07,Tony Kozycki,Rich McCormick,False,True,Safe R,2.945,2.9%,97.1%,R+13.1,43.426630447210265,,1307,"<b style=""color:#366bbf;"">Tony Kozycki (D)</b> vs <b style=""color:#e63929;"">Rich McCormick* (R)</b>",9.156172245418247,D+9.2
112,GA-08,Kelly Esti,Austin Scott,False,True,Safe R,0.02,<1%,>99%,R+26.1,36.93391202795159,,1308,"<b style=""color:#366bbf;"">Kelly Esti (D)</b> vs <b style=""color:#e63929;"">Austin Scott* (R)</b>",4.589631535207957,D+4.6
113,GA-09,Caitlyn Gegen,Andrew Clyde,False,True,Safe R,0.0,<1%,>99%,R+29.0,35.48141164017677,,1309,"<b style=""color:#366bbf;"">Caitlyn Gegen (D)</b> vs <b style=""color:#e63929;"">Andrew Clyde* (R)</b>",5.298046245150168,D+5.3
114,GA-10,Pamela Delancy,Houston Gaines,False,False,Safe R,2.18,2.2%,97.8%,R+14.6,42.685086540944965,,1310,"<b style=""color:#366bbf;"">Pamela Delancy (D)</b> vs <b style=""color:#e63929;"">Houston Gaines (R)</b>",6.284033196523012,D+6.3
115,GA-11,Chris Harden,John Cowan,False,False,Safe R,4.65,4.6%,95.4%,R+12.1,43.92819153570472,,1311,"<b style=""color:#366bbf;"">Chris Harden (D)</b> vs <b style=""color:#e63929;"">John Cowan (R)</b>",11.420105604593118,D+11.4
116,GA-12,Ceretta Smith,Rick Allen,False,True,Safe R,4.21,4.2%,95.8%,R+11.9,44.07203031047968,,1312,"<b style=""color:#366bbf;"">Ceretta Smith (D)</b> vs <b style=""color:#e63929;"">Rick Allen* (R)</b>",2.3750955006646706,D+2.4
117,GA-13,Jasmine Clark,Jonathan Chavez,False,False,Safe D,100.0,>99%,<1%,D+50.0,75.0117008077515,,1313,"<b style=""color:#366bbf;"">Jasmine Clark (D)</b> vs <b style=""color:#e63929;"">Jonathan Chavez (R)</b>",7.298947700565634,D+7.3
118,GA-14,Shawn Harris,Clay Fuller,False,True,Safe R,0.18,<1%,>99%,R+19.7,40.14824692331017,,1314,"<b style=""color:#366bbf;"">Shawn Harris (D)</b> vs <b style=""color:#e63929;"">Clay Fuller* (R)</b>",17.312852421578896,D+17.3
119,HI-01,Ed Case,Adriel Lam,True,False,Safe D,100.0,>99%,<1%,D+46.2,73.1094073339716,,1501,"<b style=""color:#366bbf;"">Ed Case* (D)</b> vs <b style=""color:#e63929;"">Adriel Lam (R)</b>",21.05247992105417,D+21.1
120,HI-02,Jill Tokuda,Brenton Awa,True,False,Safe D,100.0,>99%,<1%,D+35.1,67.55881974717687,,1502,"<b style=""color:#366bbf;"">Jill Tokuda* (D)</b> vs <b style=""color:#e63929;"">Brenton Awa (R)</b>",13.054687494109615,D+13.1
121,IA-01,Christina Bohannan,Mariannette Miller-Meeks,False,True,Tilt D,61.55,61.6%,38.4%,D+1.8,50.89135225148894,Flip,1901,"<b style=""color:#366bbf;"">Christina Bohannan (D)</b> vs <b style=""color:#e63929;"">Mariannette Miller-Meeks* (R)</b>",10.373408683049902,D+10.4
122,IA-02,Lindsay James,Joe Mitchell,False,False,Tossup,51.665000000000006,51.7%,48.3%,D+0.4,50.1860738358601,Flip,1902,"<b style=""color:#366bbf;"">Lindsay James (D)</b> vs <b style=""color:#e63929;"">Joe Mitchell (R)</b>",10.499745157455465,D+10.5
123,IA-03,Sarah Trone Garriott,Zach Nunn,False,True,Lean D,74.59,74.6%,25.4%,D+4.6,52.31019240150732,Flip,1903,"<b style=""color:#366bbf;"">Sarah Trone Garriott (D)</b> vs <b style=""color:#e63929;"">Zach Nunn* (R)</b>",9.084636233341413,D+9.1
124,IA-04,Dave Dawson,Chris McGowan,False,False,Safe R,0.12,<1%,>99%,R+21.6,39.19157929976888,,1904,"<b style=""color:#366bbf;"">Dave Dawson (D)</b> vs <b style=""color:#e63929;"">Chris McGowan (R)</b>",10.284719968579232,D+10.3
125,ID-01,Kaylee Peterson,Russ Fulcher,False,True,Safe R,0.0,<1%,>99%,R+37.5,31.25112943051053,,1601,"<b style=""color:#366bbf;"">Kaylee Peterson (D)</b> vs <b style=""color:#e63929;"">Russ Fulcher* (R)</b>",8.700040129553884,D+8.7
126,ID-02,Ellie Gilbreath,Mike Simpson,False,True,Safe R,0.625,<1%,>99%,R+17.5,41.2345788084909,,1602,"<b style=""color:#366bbf;"">Ellie Gilbreath (D)</b> vs <b style=""color:#e63929;"">Mike Simpson* (R)</b>",10.030295721621243,D+10.0
127,IL-01,Jonathan Jackson,Christian Maxwell,True,False,Safe D,100.0,>99%,<1%,D+39.6,69.78161852069421,,1701,"<b style=""color:#366bbf;"">Jonathan Jackson* (D)</b> vs <b style=""color:#e63929;"">Christian Maxwell (R)</b>",7.106025272498982,D+7.1
128,IL-02,Donna Miller,Michael Noack,False,False,Safe D,100.0,>99%,<1%,D+43.2,71.59827325520045,,1702,"<b style=""color:#366bbf;"">Donna Miller (D)</b> vs <b style=""color:#e63929;"">Michael Noack (R)</b>",9.619464347300266,D+9.6
129,IL-03,Delia Ramirez,Angel Oakley,True,False,Safe D,100.0,>99%,<1%,D+43.3,71.63125993550508,,1703,"<b style=""color:#366bbf;"">Delia Ramirez* (D)</b> vs <b style=""color:#e63929;"">Angel Oakley (R)</b>",11.428714582299932,D+11.4
130,IL-04,Patty Garcia,Lupe Castillo,False,False,Safe D,100.0,>99%,<1%,D+42.3,71.12883289074622,,1704,"<b style=""color:#366bbf;"">Patty Garcia (D)</b> vs <b style=""color:#e63929;"">Lupe Castillo (R)</b>",13.505389745806127,D+13.5
131,IL-05,Mike Quigley,Tommy Hanson,True,False,Safe D,100.0,>99%,<1%,D+49.8,74.89240210206336,,1705,"<b style=""color:#366bbf;"">Mike Quigley* (D)</b> vs <b style=""color:#e63929;"">Tommy Hanson (R)</b>",12.218660909669637,D+12.2
132,IL-06,Sean Casten,Niki Conforti,True,False,Safe D,99.885,>99%,<1%,D+18.9,59.43905772862241,,1706,"<b style=""color:#366bbf;"">Sean Casten* (D)</b> vs <b style=""color:#e63929;"">Niki Conforti (R)</b>",13.302653144754004,D+13.3
133,IL-07,La Shawn Ford,Chad Koppie,False,False,Safe D,100.0,>99%,<1%,D+71.8,85.91267956207562,,1707,"<b style=""color:#366bbf;"">La Shawn Ford (D)</b> vs <b style=""color:#e63929;"">Chad Koppie (R)</b>",5.669378909144598,D+5.7
134,IL-08,Melissa Bean,Jennifer Davis,False,False,Safe D,99.45,>99%,<1%,D+18.2,59.09741731264547,,1708,"<b style=""color:#366bbf;"">Melissa Bean (D)</b> vs <b style=""color:#e63929;"">Jennifer Davis (R)</b>",11.194508906323904,D+11.2
135,IL-09,Daniel Biss,John Elleson,False,False,Safe D,100.0,>99%,<1%,D+43.5,71.7501651155165,,1709,"<b style=""color:#366bbf;"">Daniel Biss (D)</b> vs <b style=""color:#e63929;"">John Elleson (R)</b>",6.514172880410939,D+6.5
136,IL-10,Brad Schneider,Carl Lambrecht,True,False,Safe D,100.0,>99%,<1%,D+33.3,66.65527403877786,,1710,"<b style=""color:#366bbf;"">Brad Schneider* (D)</b> vs <b style=""color:#e63929;"">Carl Lambrecht (R)</b>",10.965191454288544,D+11.0
137,IL-11,Bill Foster,Jeff Walter,True,False,Safe D,99.985,>99%,<1%,D+23.9,61.93532236401845,,1711,"<b style=""color:#366bbf;"">Bill Foster* (D)</b> vs <b style=""color:#e63929;"">Jeff Walter (R)</b>",12.264090663175338,D+12.3
138,IL-12,Julie Fortier,Mike Bost,False,True,Safe R,0.0,<1%,>99%,R+37.8,31.09369070183792,,1712,"<b style=""color:#366bbf;"">Julie Fortier (D)</b> vs <b style=""color:#e63929;"">Mike Bost* (R)</b>",6.268640494659223,D+6.3
139,IL-13,Nikki Budzinski,Jeff Wilson,True,False,Safe D,99.995,>99%,<1%,D+27.1,63.5680836002668,,1713,"<b style=""color:#366bbf;"">Nikki Budzinski* (D)</b> vs <b style=""color:#e63929;"">Jeff Wilson (R)</b>",16.486206594872485,D+16.5
140,IL-14,Lauren Underwood,James Marter,True,False,Safe D,99.915,>99%,<1%,D+20.2,60.09635923163579,,1714,"<b style=""color:#366bbf;"">Lauren Underwood* (D)</b> vs <b style=""color:#e63929;"">James Marter (R)</b>",14.929528719154277,D+14.9
141,IL-15,Jennifer Todd,Mary Miller,False,True,Safe R,0.0,<1%,>99%,R+32.8,33.58502358567793,,1715,"<b style=""color:#366bbf;"">Jennifer Todd (D)</b> vs <b style=""color:#e63929;"">Mary Miller* (R)</b>",7.603681862131118,D+7.6
142,IL-16,Paul Nolley,Darin LaHood,False,True,Safe R,0.345,<1%,>99%,R+18.7,40.65390332188175,,1716,"<b style=""color:#366bbf;"">Paul Nolley (D)</b> vs <b style=""color:#e63929;"">Darin LaHood* (R)</b>",4.3577263045941805,D+4.4
143,IL-17,Eric Sorensen,Dillan Vancil,True,False,Safe D,99.86,>99%,<1%,D+19.4,59.71025908120172,,1717,"<b style=""color:#366bbf;"">Eric Sorensen* (D)</b> vs <b style=""color:#e63929;"">Dillan Vancil (R)</b>",14.592394972225705,D+14.6
144,IN-01,Frank Mrvan,Barb Regnitz,True,False,Safe D,98.7,98.7%,1.3%,D+14.8,57.38540981878994,,1801,"<b style=""color:#366bbf;"">Frank Mrvan* (D)</b> vs <b style=""color:#e63929;"">Barb Regnitz (R)</b>",14.368589512251802,D+14.4
145,IN-02,Jamee Decio,Rudy Yakym,False,True,Safe R,0.06,<1%,>99%,R+22.6,38.70497458563393,,1802,"<b style=""color:#366bbf;"">Jamee Decio (D)</b> vs <b style=""color:#e63929;"">Rudy Yakym* (R)</b>",4.330209545555888,D+4.3
146,IN-03,Kelly Thompson,Marlin Stutzman,False,True,Safe R,0.0,<1%,>99%,R+30.8,34.6048241687304,,1803,"<b style=""color:#366bbf;"">Kelly Thompson (D)</b> vs <b style=""color:#e63929;"">Marlin Stutzman* (R)</b>",0.9385963226881202,D+0.9
147,IN-04,Drew Cox,Jim Baird,False,True,Safe R,0.045,<1%,>99%,R+23.4,38.30159887195955,,1804,"<b style=""color:#366bbf;"">Drew Cox (D)</b> vs <b style=""color:#e63929;"">Jim Baird* (R)</b>",6.481856280504459,D+6.5
148,IN-05,J.D. Ford,Victoria Spartz,False,True,Tilt R,35.245,35.2%,64.8%,R+2.6,48.68207877470238,,1805,"<b style=""color:#366bbf;"">J.D. Ford (D)</b> vs <b style=""color:#e63929;"">Victoria Spartz* (R)</b>",14.491595403954747,D+14.5
149,IN-06,Cinde Wirth,Jefferson Shreve,False,True,Safe R,0.0349999999999999,<1%,>99%,R+23.3,38.33548177482125,,1806,"<b style=""color:#366bbf;"">Cinde Wirth (D)</b> vs <b style=""color:#e63929;"">Jefferson Shreve* (R)</b>",9.770484045775824,D+9.8
150,IN-07,Andre Carson,Patrick McAuley,True,False,Safe D,100.0,>99%,<1%,D+51.9,75.94384159920119,,1807,"<b style=""color:#366bbf;"">Andre Carson* (D)</b> vs <b style=""color:#e63929;"">Patrick McAuley (R)</b>",9.72661541195967,D+9.7
151,IN-08,Mary Allen,Mark Messmer,False,True,Safe R,0.005,<1%,>99%,R+26.7,36.63651574065321,,1808,"<b style=""color:#366bbf;"">Mary Allen (D)</b> vs <b style=""color:#e63929;"">Mark Messmer* (R)</b>",9.764533309445994,D+9.8
152,IN-09,Brad Meyer,Erin Houchin,False,True,Safe R,0.05,<1%,>99%,R+23.6,38.19234711389673,,1809,"<b style=""color:#366bbf;"">Brad Meyer (D)</b> vs <b style=""color:#e63929;"">Erin Houchin* (R)</b>",6.770528745227047,D+6.8
153,KS-01,Lauren Reinhold,Tracey Mann,False,True,Safe R,0.02,<1%,>99%,R+25.8,37.08585606924219,,2001,"<b style=""color:#366bbf;"">Lauren Reinhold (D)</b> vs <b style=""color:#e63929;"">Tracey Mann* (R)</b>",6.0202936976049415,D+6.0
154,KS-02,Don Coover,Derek Schmidt,False,True,Very Likely R,5.08,5.1%,94.9%,R+11.8,44.12202843266586,,2002,"<b style=""color:#366bbf;"">Don Coover (D)</b> vs <b style=""color:#e63929;"">Derek Schmidt* (R)</b>",8.299411205946313,D+8.3
155,KS-03,Sharice Davids,Chase LaPorte,True,False,Safe D,99.9,>99%,<1%,D+21.1,60.53014220174048,,2003,"<b style=""color:#366bbf;"">Sharice Davids* (D)</b> vs <b style=""color:#e63929;"">Chase LaPorte (R)</b>",16.88625556939222,D+16.9
156,KS-04,Katy Tyndell,Ron Estes,False,True,Safe R,1.955,2.0%,98.0%,R+14.4,42.79917825378922,,2004,"<b style=""color:#366bbf;"">Katy Tyndell (D)</b> vs <b style=""color:#e63929;"">Ron Estes* (R)</b>",9.298122031035888,D+9.3
157,KY-01,Drew Williams,James Comer,False,True,Safe R,0.0,<1%,>99%,R+38.9,30.573879316830727,,2101,"<b style=""color:#366bbf;"">Drew Williams (D)</b> vs <b style=""color:#e63929;"">James Comer* (R)</b>",9.057806305203655,D+9.1
158,KY-02,Megan Wingfield,Brett Guthrie,False,True,Safe R,0.0,<1%,>99%,R+35.8,32.10731269101683,,2102,"<b style=""color:#366bbf;"">Megan Wingfield (D)</b> vs <b style=""color:#e63929;"">Brett Guthrie* (R)</b>",6.146643749203804,D+6.1
159,KY-03,Morgan McGarvey,Maria Rodriguez,True,False,Safe D,100.0,>99%,<1%,D+35.0,67.48099199046331,,2103,"<b style=""color:#366bbf;"">Morgan McGarvey* (D)</b> vs <b style=""color:#e63929;"">Maria Rodriguez (R)</b>",15.692989864378518,D+15.7
160,KY-04,Melissa Strange,Ed Gallrein,False,False,Safe R,0.01,<1%,>99%,R+27.1,36.42721100061672,,2104,"<b style=""color:#366bbf;"">Melissa Strange (D)</b> vs <b style=""color:#e63929;"">Ed Gallrein (R)</b>",9.014613014908292,D+9.0
161,KY-05,Ned Pillersdorf,Hal Rogers,False,True,Safe R,0.0,<1%,>99%,R+54.0,22.99075432009603,,2105,"<b style=""color:#366bbf;"">Ned Pillersdorf (D)</b> vs <b style=""color:#e63929;"">Hal Rogers* (R)</b>",10.651296595002634,D+10.7
162,KY-06,Zach Dembo,Ralph Alvarado,False,False,Lean R,32.66,32.7%,67.3%,R+3.2,48.38546594778545,,2106,"<b style=""color:#366bbf;"">Zach Dembo (D)</b> vs <b style=""color:#e63929;"">Ralph Alvarado (R)</b>",12.084341804551343,D+12.1
163,LA-01,Lauren Jewett,Steve Scalise,False,True,Safe R,0.0,<1%,>99%,R+32.4,33.820802321419755,,2201,"<b style=""color:#366bbf;"">Lauren Jewett (D)</b> vs <b style=""color:#e63929;"">Steve Scalise* (R)</b>",6.719377338541783,D+6.7
164,LA-02,Troy Carter,TBD,True,False,Safe D,100.0,>99%,<1%,D+63.8,81.9165543515264,,2202,"<b style=""color:#366bbf;"">Troy Carter* (D)</b> vs <b style=""color:#e63929;"">TBD (R)</b>",15.12758288185347,D+15.1
165,LA-03,Caleb Walker,Clay Higgins,False,True,Safe R,0.0,<1%,>99%,R+29.9,35.02976622718473,,2203,"<b style=""color:#366bbf;"">Caleb Walker (D)</b> vs <b style=""color:#e63929;"">Clay Higgins* (R)</b>",6.708875638936384,D+6.7
166,LA-04,Matt Gromlich,Mike Johnson,False,True,Safe R,0.0,<1%,>99%,R+33.9,33.05878074130381,,2204,"<b style=""color:#366bbf;"">Matt Gromlich (D)</b> vs <b style=""color:#e63929;"">Mike Johnson* (R)</b>",0.7052973167198147,D+0.7
167,LA-05,Dan McKay,TBD,False,False,Safe R,0.895,<1%,>99%,R+17.2,41.37553928231658,,2205,"<b style=""color:#366bbf;"">Dan McKay (D)</b> vs <b style=""color:#e63929;"">TBD (R)</b>",17.14138095243669,D+17.1
168,LA-06,TBD,TBD,False,False,Safe R,0.235,<1%,>99%,R+20.7,39.64122557107807,Flip,2206,"<b style=""color:#366bbf;"">TBD (D)</b> vs <b style=""color:#e63929;"">TBD (R)</b>",11.677937489393884,D+11.7
169,MA-03,Lori Trahan,Gary Grossi,True,False,Safe D,100.0,>99%,<1%,D+34.5,67.26138237145393,,2503,"<b style=""color:#366bbf;"">Lori Trahan* (D)</b> vs <b style=""color:#e63929;"">Gary Grossi (R)</b>",15.130524843628947,D+15.1
170,MA-04,Jake Auchincloss,Tom Stalcup,True,False,Safe D,99.995,>99%,<1%,D+31.3,65.64170389798765,,2504,"<b style=""color:#366bbf;"">Jake Auchincloss* (D)</b> vs <b style=""color:#e63929;"">Tom Stalcup (R)</b>",11.152225130683135,D+11.2
171,MA-06,Dan Koh,Micah Jones,False,False,Safe D,99.995,>99%,<1%,D+31.5,65.764542173173,,2506,"<b style=""color:#366bbf;"">Dan Koh (D)</b> vs <b style=""color:#e63929;"">Micah Jones (R)</b>",10.440404167456208,D+10.4
172,MA-08,Stephen Lynch,Robert Burke,True,False,Safe D,100.0,>99%,<1%,D+47.2,73.5802458499223,,2508,"<b style=""color:#366bbf;"">Stephen Lynch* (D)</b> vs <b style=""color:#e63929;"">Robert Burke (R)</b>",20.17429608322702,D+20.2
173,MA-09,Bill Keating,Tyler MacAllister,True,False,Safe D,99.965,>99%,<1%,D+23.5,61.73679987849199,,2509,"<b style=""color:#366bbf;"">Bill Keating* (D)</b> vs <b style=""color:#e63929;"">Tyler MacAllister (R)</b>",12.531567874741313,D+12.5
174,MD-01,Dan Schwartz,Andy Harris,False,True,Very Likely R,5.73,5.7%,94.3%,R+10.9,44.53148832231935,,2401,"<b style=""color:#366bbf;"">Dan Schwartz (D)</b> vs <b style=""color:#e63929;"">Andy Harris* (R)</b>",6.368133654214233,D+6.4
175,MD-02,Johnny Olszewski,Dave Wallace,True,False,Safe D,100.0,>99%,<1%,D+36.5,68.25456075108312,,2402,"<b style=""color:#366bbf;"">Johnny Olszewski* (D)</b> vs <b style=""color:#e63929;"">Dave Wallace (R)</b>",17.570903476163537,D+17.6
176,MD-03,Sarah Elfreth,Berney Flowers,True,False,Safe D,100.0,>99%,<1%,D+35.8,67.91658656399667,,2403,"<b style=""color:#366bbf;"">Sarah Elfreth* (D)</b> vs <b style=""color:#e63929;"">Berney Flowers (R)</b>",11.342898696835604,D+11.3
177,MD-04,Glenn Ivey,George McDermott,True,False,Safe D,100.0,>99%,<1%,D+87.5,93.76121755136997,,2404,"<b style=""color:#366bbf;"">Glenn Ivey* (D)</b> vs <b style=""color:#e63929;"">George McDermott (R)</b>",11.857254919767513,D+11.9
178,MD-05,Adrian Boafo,Chris Chaffee,False,False,Safe D,100.0,>99%,<1%,D+42.5,71.27226177983687,,2405,"<b style=""color:#366bbf;"">Adrian Boafo (D)</b> vs <b style=""color:#e63929;"">Chris Chaffee (R)</b>",8.494356319635386,D+8.5
179,MD-06,April McClain Delaney,Robin Ficker,True,False,Safe D,99.905,>99%,<1%,D+21.3,60.64076870335869,,2406,"<b style=""color:#366bbf;"">April McClain Delaney* (D)</b> vs <b style=""color:#e63929;"">Robin Ficker (R)</b>",15.355638937570063,D+15.4
180,MD-07,Kweisi Mfume,Scott Collier,True,False,Safe D,100.0,>99%,<1%,D+69.2,84.59807806293321,,2407,"<b style=""color:#366bbf;"">Kweisi Mfume* (D)</b> vs <b style=""color:#e63929;"">Scott Collier (R)</b>",8.698838771746978,D+8.7
181,MD-08,Jamie Raskin,Cheryl Riley,True,False,Safe D,100.0,>99%,<1%,D+64.2,82.10303815998729,,2408,"<b style=""color:#366bbf;"">Jamie Raskin* (D)</b> vs <b style=""color:#e63929;"">Cheryl Riley (R)</b>",6.150414802607372,D+6.2
182,ME-01,Chellie Pingree,Ronald Russell,True,False,Safe D,100.0,>99%,<1%,D+29.3,64.62917095325024,,2301,"<b style=""color:#366bbf;"">Chellie Pingree* (D)</b> vs <b style=""color:#e63929;"">Ronald Russell (R)</b>",7.175323964004178,D+7.2
183,ME-02,Matt Dunlap,Paul LePage,False,False,Lean D,65.205,65.2%,34.8%,D+2.8,51.38552483323571,,2302,"<b style=""color:#366bbf;"">Matt Dunlap (D)</b> vs <b style=""color:#e63929;"">Paul LePage (R)</b>",12.005760308439633,D+12.0
184,MI-01,Callie Barr,Jack Bergman,False,True,Safe R,3.53,3.5%,96.5%,R+11.1,44.47177902038715,,2601,"<b style=""color:#366bbf;"">Callie Barr (D)</b> vs <b style=""color:#e63929;"">Jack Bergman* (R)</b>",10.463280466665069,D+10.5
185,MI-02,Ben Ambrose,John Moolenaar,False,True,Safe R,0.02,<1%,>99%,R+25.3,37.34155544814288,,2602,"<b style=""color:#366bbf;"">Ben Ambrose (D)</b> vs <b style=""color:#e63929;"">John Moolenaar* (R)</b>",5.2233270931159055,D+5.2
186,MI-03,Hillary Scholten,Terri DeBoer,True,False,Safe D,99.955,>99%,<1%,D+22.0,60.99240988477487,,2603,"<b style=""color:#366bbf;"">Hillary Scholten* (D)</b> vs <b style=""color:#e63929;"">Terri DeBoer (R)</b>",14.012434336447953,D+14.0
187,MI-04,Sean McCann,Bill Huizenga,False,True,Tilt D,60.55500000000001,60.6%,39.4%,D+1.8,50.88673450999675,Flip,2604,"<b style=""color:#366bbf;"">Sean McCann (D)</b> vs <b style=""color:#e63929;"">Bill Huizenga* (R)</b>",7.394846907743684,D+7.4
188,MI-05,Christian Vukasovich,Tim Walberg,False,True,Safe R,0.01,<1%,>99%,R+23.6,38.20965823278971,,2605,"<b style=""color:#366bbf;"">Christian Vukasovich (D)</b> vs <b style=""color:#e63929;"">Tim Walberg* (R)</b>",3.8284890496806554,D+3.8
189,MI-06,Debbie Dingell,Heather Smiley,True,False,Safe D,100.0,>99%,<1%,D+38.9,69.42873247353587,,2606,"<b style=""color:#366bbf;"">Debbie Dingell* (D)</b> vs <b style=""color:#e63929;"">Heather Smiley (R)</b>",14.934697392131682,D+14.9
190,MI-07,William Lawrence,Tom Barrett,False,True,Lean D,65.595,65.6%,34.4%,D+2.7,51.3638578653908,Flip,2607,"<b style=""color:#366bbf;"">William Lawrence (D)</b> vs <b style=""color:#e63929;"">Tom Barrett* (R)</b>",4.031572846661959,D+4.0
191,MI-08,Kristen McDonald Rivet,Thomas Smith,True,False,Safe D,99.11,>99%,<1%,D+16.2,58.081952728183445,,2608,"<b style=""color:#366bbf;"">Kristen McDonald Rivet* (D)</b> vs <b style=""color:#e63929;"">Thomas Smith (R)</b>",18.17304962316024,D+18.2
192,MI-09,Ray Pooley,Lisa McClain,False,True,Safe R,0.01,<1%,>99%,R+29.0,35.489722447652625,,2609,"<b style=""color:#366bbf;"">Ray Pooley (D)</b> vs <b style=""color:#e63929;"">Lisa McClain* (R)</b>",3.7549039764355925,D+3.8
193,MI-10,Christina Hines,Mike Bouchard,False,False,Tilt D,64.425,64.4%,35.6%,D+2.6,51.3099604243926,Flip,2610,"<b style=""color:#366bbf;"">Christina Hines (D)</b> vs <b style=""color:#e63929;"">Mike Bouchard (R)</b>",9.304752054339446,D+9.3
194,MI-11,Jeremy Moss,Ethan Baker,False,False,Safe D,99.985,>99%,<1%,D+26.5,63.27183739996191,,2611,"<b style=""color:#366bbf;"">Jeremy Moss (D)</b> vs <b style=""color:#e63929;"">Ethan Baker (R)</b>",10.120380290772417,D+10.1
195,MI-12,Rashida Tlaib,James Hooper,True,False,Safe D,100.0,>99%,<1%,D+51.2,75.57545041057611,,2612,"<b style=""color:#366bbf;"">Rashida Tlaib* (D)</b> vs <b style=""color:#e63929;"">James Hooper (R)</b>",11.253709809916273,D+11.3
196,MI-13,Donovan McKinney,T.P. Nykoriak,False,False,Safe D,100.0,>99%,<1%,D+50.9,75.45540918009056,,2613,"<b style=""color:#366bbf;"">Donovan McKinney (D)</b> vs <b style=""color:#e63929;"">T.P. Nykoriak (R)</b>",8.914035610537212,D+8.9
197,MN-01,Jake Johnson,Brad Finstad,False,True,Tilt R,39.27,39.3%,60.7%,R+1.8,49.07729343419165,,2701,"<b style=""color:#366bbf;"">Jake Johnson (D)</b> vs <b style=""color:#e63929;"">Brad Finstad* (R)</b>",10.38829992418674,D+10.4
198,MN-02,Matt Little,Eric Pratt,False,False,Safe D,97.645,97.6%,2.4%,D+14.6,57.28644508568821,,2702,"<b style=""color:#366bbf;"">Matt Little (D)</b> vs <b style=""color:#e63929;"">Eric Pratt (R)</b>",8.622153384894375,D+8.6
199,MN-03,Kelly Morrison,Tyler Bass,True,False,Safe D,100.0,>99%,<1%,D+33.8,66.92296357501485,,2703,"<b style=""color:#366bbf;"">Kelly Morrison* (D)</b> vs <b style=""color:#e63929;"">Tyler Bass (R)</b>",12.125776705754973,D+12.1
200,MN-04,Betty McCollum,Paul Wikstrom,True,False,Safe D,100.0,>99%,<1%,D+46.1,73.06095534713468,,2704,"<b style=""color:#366bbf;"">Betty McCollum* (D)</b> vs <b style=""color:#e63929;"">Paul Wikstrom (R)</b>",9.654929306239637,D+9.7
201,MN-05,Ilhan Omar,John Nagel,True,False,Safe D,100.0,>99%,<1%,D+64.4,82.21512462927114,,2705,"<b style=""color:#366bbf;"">Ilhan Omar* (D)</b> vs <b style=""color:#e63929;"">John Nagel (R)</b>",0.887264766639845,D+0.9
202,MN-06,Doug Chapin,Tom Emmer,False,True,Safe R,2.415,2.4%,97.6%,R+13.5,43.248061206484,,2706,"<b style=""color:#366bbf;"">Doug Chapin (D)</b> vs <b style=""color:#e63929;"">Tom Emmer* (R)</b>",6.562211315342282,D+6.6
203,MN-07,Erik Osberg,Michelle Fischbach,False,True,Safe R,0.005,<1%,>99%,R+28.0,36.00200756551716,,2707,"<b style=""color:#366bbf;"">Erik Osberg (D)</b> vs <b style=""color:#e63929;"">Michelle Fischbach* (R)</b>",9.101757503018973,D+9.1
204,MN-08,Trina Swanson,Pete Stauber,False,True,Very Likely R,9.525,9.5%,90.5%,R+9.1,45.43770773144578,,2708,"<b style=""color:#366bbf;"">Trina Swanson (D)</b> vs <b style=""color:#e63929;"">Pete Stauber* (R)</b>",5.406803876049295,D+5.4
205,MO-01,Wesley Bell,Paul Berry,True,False,Safe D,100.0,>99%,<1%,D+70.6,85.2808553362881,,2901,"<b style=""color:#366bbf;"">Wesley Bell* (D)</b> vs <b style=""color:#e63929;"">Paul Berry (R)</b>",12.374028945349977,D+12.4
206,MO-02,Fred Wellman,Ann Wagner,False,True,Tossup,48.5,48.5%,51.5%,R+0.2,49.88608150059466,,2902,"<b style=""color:#366bbf;"">Fred Wellman (D)</b> vs <b style=""color:#e63929;"">Ann Wagner* (R)</b>",7.808741252452762,D+7.8
207,MO-03,Bethany Mann,Bob Onder,False,True,Safe R,0.06,<1%,>99%,R+19.4,40.27900394999306,,2903,"<b style=""color:#366bbf;"">Bethany Mann (D)</b> vs <b style=""color:#e63929;"">Bob Onder* (R)</b>",7.6568092266876135,D+7.7
208,MO-04,Jordan Herrera,Mark Alford,False,True,Safe R,0.0,<1%,>99%,R+36.8,31.60502494825439,,2904,"<b style=""color:#366bbf;"">Jordan Herrera (D)</b> vs <b style=""color:#e63929;"">Mark Alford* (R)</b>",6.021404344583395,D+6.0
209,MO-05,Emanuel Cleaver,Rick Brattin,True,False,Safe D,100.0,>99%,<1%,D+32.3,66.14228589184546,,2905,"<b style=""color:#366bbf;"">Emanuel Cleaver* (D)</b> vs <b style=""color:#e63929;"">Rick Brattin (R)</b>",8.775199541672308,D+8.8
210,MO-06,Josh Smead,Chris Stigall,False,False,Safe R,0.0,<1%,>99%,R+29.6,35.20374321199745,,2906,"<b style=""color:#366bbf;"">Josh Smead (D)</b> vs <b style=""color:#e63929;"">Chris Stigall (R)</b>",9.726411142107288,D+9.7
211,MO-07,Missi Hesketh,Eric Burlison,False,True,Safe R,0.0,<1%,>99%,R+36.7,31.66544842360509,,2907,"<b style=""color:#366bbf;"">Missi Hesketh (D)</b> vs <b style=""color:#e63929;"">Eric Burlison* (R)</b>",6.4549112420992,D+6.5
212,MO-08,Chris Reichard,Jason Smith,False,True,Safe R,0.0,<1%,>99%,R+48.6,25.704908626432506,,2908,"<b style=""color:#366bbf;"">Chris Reichard (D)</b> vs <b style=""color:#e63929;"">Jason Smith* (R)</b>",6.017631807100983,D+6.0
213,MS-01,Cliff Johnson,Trent Kelly,False,True,Safe R,0.005,<1%,>99%,R+28.3,35.85706385512742,,2801,"<b style=""color:#366bbf;"">Cliff Johnson (D)</b> vs <b style=""color:#e63929;"">Trent Kelly* (R)</b>",9.246691500883344,D+9.2
214,MS-02,Bennie Thompson,Ron Eller,True,False,Safe D,100.0,>99%,<1%,D+31.9,65.94681785876892,,2802,"<b style=""color:#366bbf;"">Bennie Thompson* (D)</b> vs <b style=""color:#e63929;"">Ron Eller (R)</b>",11.320245995238224,D+11.3
215,MS-03,Michael Chiaradio,Michael Guest,False,True,Safe R,0.0849999999999999,<1%,>99%,R+22.6,38.683235102851576,,2803,"<b style=""color:#366bbf;"">Michael Chiaradio (D)</b> vs <b style=""color:#e63929;"">Michael Guest* (R)</b>",6.829814210995444,D+6.8
216,MS-04,Jeffrey Hulum III,Mike Ezell,False,True,Safe R,0.0,<1%,>99%,R+36.5,31.765870787353904,,2804,"<b style=""color:#366bbf;"">Jeffrey Hulum III (D)</b> vs <b style=""color:#e63929;"">Mike Ezell* (R)</b>",6.523739703246889,D+6.5
217,MT-01,Sam Forstag,Aaron Flint,False,False,Tossup,49.95,50.0%,50.0%,D+0.0,50.01600607214706,,3001,"<b style=""color:#366bbf;"">Sam Forstag (D)</b> vs <b style=""color:#e63929;"">Aaron Flint (R)</b>",11.954424638805492,D+12.0
218,MT-02,Brian Miller,Troy Downing,False,True,Safe R,0.025,<1%,>99%,R+24.4,37.77994619446957,,3002,"<b style=""color:#366bbf;"">Brian Miller (D)</b> vs <b style=""color:#e63929;"">Troy Downing* (R)</b>",6.067731315903288,D+6.1
219,NC-01,Don Davis,Laurie Buckhout,True,False,Tossup,54.945,54.9%,45.1%,D+0.8,50.37961044432922,,3701,"<b style=""color:#366bbf;"">Don Davis* (D)</b> vs <b style=""color:#e63929;"">Laurie Buckhout (R)</b>",12.470941337798052,D+12.5
220,NC-02,Deborah Ross,Eugene Douglass,True,False,Safe D,100.0,>99%,<1%,D+46.3,73.14216218922542,,3702,"<b style=""color:#366bbf;"">Deborah Ross* (D)</b> vs <b style=""color:#e63929;"">Eugene Douglass (R)</b>",11.874148113836299,D+11.9
221,NC-03,Raymond Smith Jr.,Greg Murphy,False,True,Likely R,13.215,13.2%,86.8%,R+7.8,46.12438057885233,,3703,"<b style=""color:#366bbf;"">Raymond Smith Jr. (D)</b> vs <b style=""color:#e63929;"">Greg Murphy* (R)</b>",6.01283400055037,D+6.0
222,NC-04,Valerie Foushee,Max Ganorkar,True,False,Safe D,100.0,>99%,<1%,D+56.6,78.2757093079772,,3704,"<b style=""color:#366bbf;"">Valerie Foushee* (D)</b> vs <b style=""color:#e63929;"">Max Ganorkar (R)</b>",10.516393058469333,D+10.5
223,NC-05,Chuck Hubbard,Virginia Foxx,False,True,Safe R,4.595,4.6%,95.4%,R+10.4,44.792589453863386,,3705,"<b style=""color:#366bbf;"">Chuck Hubbard (D)</b> vs <b style=""color:#e63929;"">Virginia Foxx* (R)</b>",7.505547711273877,D+7.5
224,NC-06,Cyril Jefferson,Addison McDowell,False,True,Safe R,4.835,4.8%,95.2%,R+11.9,44.03526926068213,,3706,"<b style=""color:#366bbf;"">Cyril Jefferson (D)</b> vs <b style=""color:#e63929;"">Addison McDowell* (R)</b>",5.429429303205396,D+5.4
225,NC-07,Kimberly Hardy,David Rouzer,False,True,Likely R,17.53,17.5%,82.5%,R+6.4,46.81234194895772,,3707,"<b style=""color:#366bbf;"">Kimberly Hardy (D)</b> vs <b style=""color:#e63929;"">David Rouzer* (R)</b>",7.643332810671069,D+7.6
226,NC-08,Colby Watson,Mark Harris,False,True,Safe R,1.91,1.9%,98.1%,R+14.6,42.69476174622918,,3708,"<b style=""color:#366bbf;"">Colby Watson (D)</b> vs <b style=""color:#e63929;"">Mark Harris* (R)</b>",5.010296798067557,D+5.0
227,NC-09,Richard Ojeda,Richard Hudson,False,True,Lean R,25.165,25.2%,74.8%,R+4.3,47.84003368500217,,3709,"<b style=""color:#366bbf;"">Richard Ojeda (D)</b> vs <b style=""color:#e63929;"">Richard Hudson* (R)</b>",11.7117053811629,D+11.7
228,NC-10,Ashley Bell,Pat Harrigan,False,True,Safe R,2.9000000000000004,2.9%,97.1%,R+13.2,43.42282941625118,,3710,"<b style=""color:#366bbf;"">Ashley Bell (D)</b> vs <b style=""color:#e63929;"">Pat Harrigan* (R)</b>",4.731050198645448,D+4.7
229,NC-11,Jamie Ager,Jennifer Balkcom,False,False,Lean D,67.07499999999999,67.1%,32.9%,D+3.2,51.59075364717036,Flip,3711,"<b style=""color:#366bbf;"">Jamie Ager (D)</b> vs <b style=""color:#e63929;"">Jennifer Balkcom (R)</b>",12.795864833153587,D+12.8
230,NC-12,Alma Adams,Jack Codiga,True,False,Safe D,100.0,>99%,<1%,D+53.6,76.7873543198709,,3712,"<b style=""color:#366bbf;"">Alma Adams* (D)</b> vs <b style=""color:#e63929;"">Jack Codiga (R)</b>",6.538547384767469,D+6.5
231,NC-13,Paul Barringer,Brad Knott,False,True,Likely R,12.61,12.6%,87.4%,R+8.1,45.938866038371245,,3713,"<b style=""color:#366bbf;"">Paul Barringer (D)</b> vs <b style=""color:#e63929;"">Brad Knott* (R)</b>",8.583200642438456,D+8.6
232,NC-14,Lakesha Womack,Tim Moore,False,True,Very Likely R,8.51,8.5%,91.5%,R+9.6,45.22174593175725,,3714,"<b style=""color:#366bbf;"">Lakesha Womack (D)</b> vs <b style=""color:#e63929;"">Tim Moore* (R)</b>",5.660624581613675,D+5.7
233,ND-AL,Trygve Hammer,Julie Fedorchak,False,True,Safe R,0.0,<1%,>99%,R+30.4,34.80622541292348,,3800,"<b style=""color:#366bbf;"">Trygve Hammer (D)</b> vs <b style=""color:#e63929;"">Julie Fedorchak* (R)</b>",7.005436958633339,D+7.0
234,NE-01,Chris Backemeyer,Mike Flood,False,True,Lean R,28.01,28.0%,72.0%,R+4.1,47.97044817329615,,3101,"<b style=""color:#366bbf;"">Chris Backemeyer (D)</b> vs <b style=""color:#e63929;"">Mike Flood* (R)</b>",9.16922222870906,D+9.2
235,NE-02,Denise Powell,Brinker Harding,False,False,Very Likely D,93.815,93.8%,6.2%,D+11.1,55.54962718359022,Flip,3102,"<b style=""color:#366bbf;"">Denise Powell (D)</b> vs <b style=""color:#e63929;"">Brinker Harding (R)</b>",6.4149249150511025,D+6.4
236,NE-03,Becky Stille,Adrian Smith,False,True,Safe R,0.0,<1%,>99%,R+49.1,25.473161857004797,,3103,"<b style=""color:#366bbf;"">Becky Stille (D)</b> vs <b style=""color:#e63929;"">Adrian Smith* (R)</b>",5.377105509916845,D+5.4
237,NH-01,Stefany Shaheen,Anthony DiLorenzo,False,False,Very Likely D,93.05,93.0%,7.0%,D+10.7,55.37225373970535,,3301,"<b style=""color:#366bbf;"">Stefany Shaheen (D)</b> vs <b style=""color:#e63929;"">Anthony DiLorenzo (R)</b>",8.724552955339817,D+8.7
238,NH-02,Maggie Goodlander,Lily Tang Williams,True,False,Safe D,98.37,98.4%,1.6%,D+14.8,57.39912348673094,,3302,"<b style=""color:#366bbf;"">Maggie Goodlander* (D)</b> vs <b style=""color:#e63929;"">Lily Tang Williams (R)</b>",11.171339712009697,D+11.2
239,NJ-01,Donald Norcross,Damon Galdo,True,False,Safe D,100.0,>99%,<1%,D+28.6,64.2880914055179,,3401,"<b style=""color:#366bbf;"">Donald Norcross* (D)</b> vs <b style=""color:#e63929;"">Damon Galdo (R)</b>",9.557466767248144,D+9.6
240,NJ-02,Zack Mullock,Jeff Van Drew,False,True,Likely R,12.485,12.5%,87.5%,R+8.0,45.99486088840863,,3402,"<b style=""color:#366bbf;"">Zack Mullock (D)</b> vs <b style=""color:#e63929;"">Jeff Van Drew* (R)</b>",4.725082157852569,D+4.7
241,NJ-03,Herb Conaway,Michael McGuire,True,False,Safe D,99.965,>99%,<1%,D+23.6,61.789361018801216,,3403,"<b style=""color:#366bbf;"">Herb Conaway* (D)</b> vs <b style=""color:#e63929;"">Michael McGuire (R)</b>",15.08319014875434,D+15.1
242,NJ-04,Rachel Peace,Chris Smith,False,True,Safe R,0.0,<1%,>99%,R+27.0,36.47619660699082,,3404,"<b style=""color:#366bbf;"">Rachel Peace (D)</b> vs <b style=""color:#e63929;"">Chris Smith* (R)</b>",3.4893500850525783,D+3.5
243,NJ-05,Josh Gottheimer,Sean Kirrane,True,False,Safe D,99.95,>99%,<1%,D+22.0,60.98498262618213,,3405,"<b style=""color:#366bbf;"">Josh Gottheimer* (D)</b> vs <b style=""color:#e63929;"">Sean Kirrane (R)</b>",20.427267758741564,D+20.4
244,NJ-06,Frank Pallone,Hillary Herzig,True,False,Safe D,99.975,>99%,<1%,D+23.8,61.876325424837226,,3406,"<b style=""color:#366bbf;"">Frank Pallone* (D)</b> vs <b style=""color:#e63929;"">Hillary Herzig (R)</b>",17.163143938774837,D+17.2
245,NJ-07,Rebecca Bennett,Tom Kean,False,True,Likely D,85.205,85.2%,14.8%,D+7.2,53.60761196440521,Flip,3407,"<b style=""color:#366bbf;"">Rebecca Bennett (D)</b> vs <b style=""color:#e63929;"">Tom Kean* (R)</b>",8.412191549945732,D+8.4
246,NJ-09,Nellie Pou,Rosie Pino,True,False,Safe D,98.08,98.1%,1.9%,D+13.8,56.91524891649753,,3409,"<b style=""color:#366bbf;"">Nellie Pou* (D)</b> vs <b style=""color:#e63929;"">Rosie Pino (R)</b>",15.001239350505912,D+15.0
247,NJ-10,LaMonica McIver,Carmen Bucco,True,False,Safe D,100.0,>99%,<1%,D+63.8,81.92091608003106,,3410,"<b style=""color:#366bbf;"">LaMonica McIver* (D)</b> vs <b style=""color:#e63929;"">Carmen Bucco (R)</b>",12.17435435061114,D+12.2
248,NJ-11,Analilia Mejia,Joe Hathaway,True,False,Safe D,99.89,>99%,<1%,D+21.9,60.96333060414397,,3411,"<b style=""color:#366bbf;"">Analilia Mejia* (D)</b> vs <b style=""color:#e63929;"">Joe Hathaway (R)</b>",13.030217058118438,D+13.0
249,NJ-12,Adam Hamawy,Gregg Mele,False,False,Safe D,100.0,>99%,<1%,D+35.9,67.93901174266628,,3412,"<b style=""color:#366bbf;"">Adam Hamawy (D)</b> vs <b style=""color:#e63929;"">Gregg Mele (R)</b>",11.340834905590796,D+11.3
250,NM-01,Melanie Stansbury,Didi Okpareke,True,False,Safe D,99.985,>99%,<1%,D+25.3,62.63189120298525,,3501,"<b style=""color:#366bbf;"">Melanie Stansbury* (D)</b> vs <b style=""color:#e63929;"">Didi Okpareke (R)</b>",12.267377859461575,D+12.3
251,NM-02,Gabe Vasquez,Greg Cunningham,True,False,Very Likely D,94.95,95.0%,5.0%,D+11.2,55.59268294901574,,3502,"<b style=""color:#366bbf;"">Gabe Vasquez* (D)</b> vs <b style=""color:#e63929;"">Greg Cunningham (R)</b>",13.032051863669281,D+13.0
252,NM-03,Teresa Leger Fernandez,Martin Zamora,True,False,Safe D,99.59,>99%,<1%,D+18.0,59.00225762941474,,3503,"<b style=""color:#366bbf;"">Teresa Leger Fernandez* (D)</b> vs <b style=""color:#e63929;"">Martin Zamora (R)</b>",12.68394214728967,D+12.7
253,NV-01,Dina Titus,Carrie Buck,True,False,Very Likely D,94.59,94.6%,5.4%,D+10.6,55.299755327670994,,3201,"<b style=""color:#366bbf;"">Dina Titus* (D)</b> vs <b style=""color:#e63929;"">Carrie Buck (R)</b>",8.299379175879182,D+8.3
254,NV-02,Teresa Benitez-Thompson,David Flippo,False,False,Likely R,23.755000000000003,23.8%,76.2%,R+5.1,47.43938639702552,,3202,"<b style=""color:#366bbf;"">Teresa Benitez-Thompson (D)</b> vs <b style=""color:#e63929;"">David Flippo (R)</b>",9.148093984453723,D+9.1
255,NV-03,Susie Lee,Martin O'Donnell,True,False,Safe D,97.575,97.6%,2.4%,D+13.1,56.56923611270939,,3203,"<b style=""color:#366bbf;"">Susie Lee* (D)</b> vs <b style=""color:#e63929;"">Martin O'Donnell (R)</b>",13.887878956089025,D+13.9
256,NV-04,Steven Horsford,Cody Whipple,True,False,Safe D,97.835,97.8%,2.2%,D+13.3,56.65260649941308,,3204,"<b style=""color:#366bbf;"">Steven Horsford* (D)</b> vs <b style=""color:#e63929;"">Cody Whipple (R)</b>",10.945878207171248,D+10.9
257,NY-01,Christopher Gallant,Nick LaLota,False,True,Lean R,28.110000000000003,28.1%,71.9%,R+4.0,48.0140411287558,,3601,"<b style=""color:#366bbf;"">Christopher Gallant (D)</b> vs <b style=""color:#e63929;"">Nick LaLota* (R)</b>",6.219068753320485,D+6.2
258,NY-02,Patrick Halpin,Andrew Garbarino,False,True,Likely R,10.825,10.8%,89.2%,R+8.5,45.754081589855794,,3602,"<b style=""color:#366bbf;"">Patrick Halpin (D)</b> vs <b style=""color:#e63929;"">Andrew Garbarino* (R)</b>",5.584709897323805,D+5.6
259,NY-03,Tom Suozzi,Michael LiPetri,True,False,Very Likely D,93.805,93.8%,6.2%,D+9.4,54.69138209231125,,3603,"<b style=""color:#366bbf;"">Tom Suozzi* (D)</b> vs <b style=""color:#e63929;"">Michael LiPetri (R)</b>",13.72960951942386,D+13.7
260,NY-04,Laura Gillen,Jeanine Driscoll,True,False,Safe D,99.27,>99%,<1%,D+16.8,58.406648471414925,,3604,"<b style=""color:#366bbf;"">Laura Gillen* (D)</b> vs <b style=""color:#e63929;"">Jeanine Driscoll (R)</b>",15.520488790558247,D+15.5
261,NY-05,Greg Meeks,George Marsh,True,False,Safe D,100.0,>99%,<1%,D+56.5,78.27429759289217,,3605,"<b style=""color:#366bbf;"">Greg Meeks* (D)</b> vs <b style=""color:#e63929;"">George Marsh (R)</b>",13.748029652282355,D+13.7
262,NY-06,Grace Meng,Joseph Chou,True,False,Safe D,99.995,>99%,<1%,D+26.2,63.089840930959554,,3606,"<b style=""color:#366bbf;"">Grace Meng* (D)</b> vs <b style=""color:#e63929;"">Joseph Chou (R)</b>",19.653130498470702,D+19.7
263,NY-07,Claire Valdez,Melvin Rivera,False,False,Safe D,100.0,>99%,<1%,D+56.8,78.38100857809765,,3607,"<b style=""color:#366bbf;"">Claire Valdez (D)</b> vs <b style=""color:#e63929;"">Melvin Rivera (R)</b>",9.571713913732594,D+9.6
264,NY-08,Hakeem Jeffries,Lewis Mizrahi,True,False,Safe D,100.0,>99%,<1%,D+55.0,77.48699006015597,,3608,"<b style=""color:#366bbf;"">Hakeem Jeffries* (D)</b> vs <b style=""color:#e63929;"">Lewis Mizrahi (R)</b>",10.269974674777927,D+10.3
265,NY-09,Yvette Clarke,Joel Anabilah-Azumah,True,False,Safe D,100.0,>99%,<1%,D+54.4,77.21924814880686,,3609,"<b style=""color:#366bbf;"">Yvette Clarke* (D)</b> vs <b style=""color:#e63929;"">Joel Anabilah-Azumah (R)</b>",12.974207966492088,D+13.0
266,NY-10,Brad Lander,Jennifer Moore,False,False,Safe D,100.0,>99%,<1%,D+68.8,84.39322456128744,,3610,"<b style=""color:#366bbf;"">Brad Lander (D)</b> vs <b style=""color:#e63929;"">Jennifer Moore (R)</b>",6.894081592738587,D+6.9
267,NY-11,Michael DeCillis,Nicole Malliotakis,False,True,Safe R,0.1,<1%,>99%,R+21.6,39.184513689815006,,3611,"<b style=""color:#366bbf;"">Michael DeCillis (D)</b> vs <b style=""color:#e63929;"">Nicole Malliotakis* (R)</b>",3.1949649263205657,D+3.2
268,NY-12,Micah Lasher,Caroline Shinkle,False,False,Safe D,100.0,>99%,<1%,D+70.6,85.2850174428057,,3612,"<b style=""color:#366bbf;"">Micah Lasher (D)</b> vs <b style=""color:#e63929;"">Caroline Shinkle (R)</b>",5.670616343952247,D+5.7
269,NY-13,Darializa Chevalier,Jomo Williams,False,False,Safe D,100.0,>99%,<1%,D+69.1,84.54283746347016,,3613,"<b style=""color:#366bbf;"">Darializa Chevalier (D)</b> vs <b style=""color:#e63929;"">Jomo Williams (R)</b>",8.812679103368964,D+8.8
270,NY-14,Alexandria Ocasio-Cortez,Diamant Hysenaj,True,False,Safe D,100.0,>99%,<1%,D+45.5,72.73452055070646,,3614,"<b style=""color:#366bbf;"">Alexandria Ocasio-Cortez* (D)</b> vs <b style=""color:#e63929;"">Diamant Hysenaj (R)</b>",13.10293382664176,D+13.1
271,NY-15,Ritchie Torres,Stylo Sapaskis,True,False,Safe D,100.0,>99%,<1%,D+65.0,82.49019221455488,,3615,"<b style=""color:#366bbf;"">Ritchie Torres* (D)</b> vs <b style=""color:#e63929;"">Stylo Sapaskis (R)</b>",16.172407295161463,D+16.2
272,NY-16,George Latimer,Joseph Cinquemani,True,False,Safe D,100.0,>99%,<1%,D+49.4,74.69599301739919,,3616,"<b style=""color:#366bbf;"">George Latimer* (D)</b> vs <b style=""color:#e63929;"">Joseph Cinquemani (R)</b>",16.082292780237907,D+16.1
273,NY-17,Cait Conley,Mike Lawler,False,True,Lean D,72.43,72.4%,27.6%,D+4.1,52.07320012978314,Flip,3617,"<b style=""color:#366bbf;"">Cait Conley (D)</b> vs <b style=""color:#e63929;"">Mike Lawler* (R)</b>",3.5866770417917735,D+3.6
274,NY-18,Pat Ryan,Jacqueline Auringer,True,False,Safe D,99.92,>99%,<1%,D+21.9,60.96139519420876,,3618,"<b style=""color:#366bbf;"">Pat Ryan* (D)</b> vs <b style=""color:#e63929;"">Jacqueline Auringer (R)</b>",18.56885008448954,D+18.6
275,NY-19,Josh Riley,Pete Oberacker,True,False,Safe D,99.515,>99%,<1%,D+17.7,58.826193743080296,,3619,"<b style=""color:#366bbf;"">Josh Riley* (D)</b> vs <b style=""color:#e63929;"">Pete Oberacker (R)</b>",15.851776096271067,D+15.9
276,NY-20,Paul Tonko,Ralph Ambrosio,True,False,Safe D,100.0,>99%,<1%,D+32.8,66.39104358166647,,3620,"<b style=""color:#366bbf;"">Paul Tonko* (D)</b> vs <b style=""color:#e63929;"">Ralph Ambrosio (R)</b>",18.461185722554262,D+18.5
277,NY-21,Blake Gendebien,Anthony Constantino,False,False,Likely R,24.7,24.7%,75.3%,R+4.9,47.52988184501628,,3621,"<b style=""color:#366bbf;"">Blake Gendebien (D)</b> vs <b style=""color:#e63929;"">Anthony Constantino (R)</b>",15.81974905327742,D+15.8
278,NY-22,John Mannion,Kailee Buller,True,False,Safe D,99.99,>99%,<1%,D+25.2,62.617976661785065,,3622,"<b style=""color:#366bbf;"">John Mannion* (D)</b> vs <b style=""color:#e63929;"">Kailee Buller (R)</b>",17.541938358901064,D+17.5
279,NY-23,Aaron Gies,Nick Langworthy,False,True,Safe R,0.98,1.0%,99.0%,R+16.3,41.82939928477821,,3623,"<b style=""color:#366bbf;"">Aaron Gies (D)</b> vs <b style=""color:#e63929;"">Nick Langworthy* (R)</b>",4.846750653447884,D+4.8
280,NY-24,Alissa Ellman,Claudia Tenney,False,True,Safe R,1.08,1.1%,98.9%,R+15.8,42.078161621148034,,3624,"<b style=""color:#366bbf;"">Alissa Ellman (D)</b> vs <b style=""color:#e63929;"">Claudia Tenney* (R)</b>",7.393463657521522,D+7.4
281,NY-25,Joseph Morelle,Virginia McIntyre,True,False,Safe D,100.0,>99%,<1%,D+31.4,65.6966137922458,,3625,"<b style=""color:#366bbf;"">Joseph Morelle* (D)</b> vs <b style=""color:#e63929;"">Virginia McIntyre (R)</b>",12.739128976877595,D+12.7
282,NY-26,Tim Kennedy,Dennis Hannon,True,False,Safe D,100.0,>99%,<1%,D+37.2,68.6189601496993,,3626,"<b style=""color:#366bbf;"">Tim Kennedy* (D)</b> vs <b style=""color:#e63929;"">Dennis Hannon (R)</b>",17.67721021759938,D+17.7
283,OH-01,Greg Landsman,Eric Conroy,True,False,Very Likely D,92.28,92.3%,7.7%,D+9.5,54.75933077945367,,3901,"<b style=""color:#366bbf;"">Greg Landsman* (D)</b> vs <b style=""color:#e63929;"">Eric Conroy (R)</b>",12.138383805835659,D+12.1
284,OH-02,Jennifer Mazzuckelli,David Taylor,False,True,Safe R,0.0,<1%,>99%,R+36.7,31.66975608179712,,3902,"<b style=""color:#366bbf;"">Jennifer Mazzuckelli (D)</b> vs <b style=""color:#e63929;"">David Taylor* (R)</b>",5.819707689230171,D+5.8
285,OH-03,Joyce Beatty,Cleophus Dulaney,True,False,Safe D,100.0,>99%,<1%,D+50.2,75.07871668016608,,3903,"<b style=""color:#366bbf;"">Joyce Beatty* (D)</b> vs <b style=""color:#e63929;"">Cleophus Dulaney (R)</b>",9.503366092736371,D+9.5
286,OH-04,Joshua Kolasinski,Jim Jordan,False,True,Safe R,0.0,<1%,>99%,R+35.3,32.367927768670015,,3904,"<b style=""color:#366bbf;"">Joshua Kolasinski (D)</b> vs <b style=""color:#e63929;"">Jim Jordan* (R)</b>",7.749284984380779,D+7.7
287,OH-05,Brian Shaver,Bob Latta,False,True,Safe R,0.06,<1%,>99%,R+22.5,38.75726637017205,,3905,"<b style=""color:#366bbf;"">Brian Shaver (D)</b> vs <b style=""color:#e63929;"">Bob Latta* (R)</b>",1.4864683401503385,D+1.5
288,OH-06,Elizabeth Kirtley,Michael Rulli,False,True,Safe R,0.0,<1%,>99%,R+28.5,35.744876400161935,,3906,"<b style=""color:#366bbf;"">Elizabeth Kirtley (D)</b> vs <b style=""color:#e63929;"">Michael Rulli* (R)</b>",6.3864939692667875,D+6.4
289,OH-07,Brian Poindexter,Max Miller,False,True,Tilt D,60.795,60.8%,39.2%,D+1.9,50.949431685736734,Flip,3907,"<b style=""color:#366bbf;"">Brian Poindexter (D)</b> vs <b style=""color:#e63929;"">Max Miller* (R)</b>",13.046005457651148,D+13.0
290,OH-08,Vanessa Enoch,Warren Davidson,False,True,Very Likely R,6.305,6.3%,93.7%,R+9.0,45.48646922888798,,3908,"<b style=""color:#366bbf;"">Vanessa Enoch (D)</b> vs <b style=""color:#e63929;"">Warren Davidson* (R)</b>",6.747972751328774,D+6.7
291,OH-09,Marcy Kaptur,Derek Merrin,True,False,Likely D,83.8,83.8%,16.2%,D+6.5,53.236201845096176,,3909,"<b style=""color:#366bbf;"">Marcy Kaptur* (D)</b> vs <b style=""color:#e63929;"">Derek Merrin (R)</b>",17.15198448426817,D+17.2
292,OH-10,Kristina Knickerbocker,Mike Turner,False,True,Likely R,13.54,13.5%,86.5%,R+7.5,46.2748124850861,,3910,"<b style=""color:#366bbf;"">Kristina Knickerbocker (D)</b> vs <b style=""color:#e63929;"">Mike Turner* (R)</b>",0.41299803096187304,D+0.4
293,OH-11,Shontel Brown,Mike Kirchner,True,False,Safe D,100.0,>99%,<1%,D+64.9,82.46644145071282,,3911,"<b style=""color:#366bbf;"">Shontel Brown* (D)</b> vs <b style=""color:#e63929;"">Mike Kirchner (R)</b>",9.465453683564334,D+9.5
294,OH-12,Jerrad Christian,Troy Balderson,False,True,Safe R,0.0,<1%,>99%,R+26.1,36.964785230154845,,3912,"<b style=""color:#366bbf;"">Jerrad Christian (D)</b> vs <b style=""color:#e63929;"">Troy Balderson* (R)</b>",4.2848424846667115,D+4.3
295,OH-13,Emilia Sykes,Carey Coleman,True,False,Safe D,99.735,>99%,<1%,D+18.9,59.43173126340702,,3913,"<b style=""color:#366bbf;"">Emilia Sykes* (D)</b> vs <b style=""color:#e63929;"">Carey Coleman (R)</b>",15.541496286822749,D+15.5
296,OH-14,Maria Jukic,David Joyce,False,True,Safe R,0.61,<1%,>99%,R+17.6,41.20264948141721,,3914,"<b style=""color:#366bbf;"">Maria Jukic (D)</b> vs <b style=""color:#e63929;"">David Joyce* (R)</b>",2.9382563740447694,D+2.9
297,OH-15,Don Leonard,Mike Carey,False,True,Tossup,43.96,44.0%,56.0%,R+1.1,49.440346886768666,,3915,"<b style=""color:#366bbf;"">Don Leonard (D)</b> vs <b style=""color:#e63929;"">Mike Carey* (R)</b>",8.994746030920766,D+9.0
298,OK-01,John Croisant,Mark Tedford,False,False,Safe R,3.28,3.3%,96.7%,R+13.4,43.29359875452258,,4001,"<b style=""color:#366bbf;"">John Croisant (D)</b> vs <b style=""color:#e63929;"">Mark Tedford (R)</b>",8.585958580750557,D+8.6
299,OK-02,Brandon Wade,Josh Brecheen,False,True,Safe R,0.0,<1%,>99%,R+46.0,27.021225301980405,,4002,"<b style=""color:#366bbf;"">Brandon Wade (D)</b> vs <b style=""color:#e63929;"">Josh Brecheen* (R)</b>",10.553744001402919,D+10.6
300,OK-03,Suzie Byrd,Frank Lucas,False,True,Safe R,0.0,<1%,>99%,R+39.2,30.414239828929777,,4003,"<b style=""color:#366bbf;"">Suzie Byrd (D)</b> vs <b style=""color:#e63929;"">Frank Lucas* (R)</b>",7.246693223608702,D+7.2
301,OK-04,Mitchell Jacob,Tom Cole,False,True,Safe R,0.01,<1%,>99%,R+27.7,36.17182637039534,,4004,"<b style=""color:#366bbf;"">Mitchell Jacob (D)</b> vs <b style=""color:#e63929;"">Tom Cole* (R)</b>",6.231134269184167,D+6.2
302,OK-05,Jena Nelson,Stephanie Bice,False,True,Likely R,15.98,16.0%,84.0%,R+6.9,46.5594445946239,,4005,"<b style=""color:#366bbf;"">Jena Nelson (D)</b> vs <b style=""color:#e63929;"">Stephanie Bice* (R)</b>",11.238893819193464,D+11.2
303,OR-01,Suzanne Bonamici,Barbara Kahl,True,False,Safe D,100.0,>99%,<1%,D+49.9,74.94790785840708,,4101,"<b style=""color:#366bbf;"">Suzanne Bonamici* (D)</b> vs <b style=""color:#e63929;"">Barbara Kahl (R)</b>",10.78548403898958,D+10.8
304,OR-02,Chris Beck,Cliff Bentz,False,True,Safe R,0.1399999999999999,<1%,>99%,R+21.0,39.50592523506644,,4102,"<b style=""color:#366bbf;"">Chris Beck (D)</b> vs <b style=""color:#e63929;"">Cliff Bentz* (R)</b>",6.890370879300065,D+6.9
305,OR-03,Maxine Dexter,Loran Ayles,True,False,Safe D,100.0,>99%,<1%,D+58.4,79.18254661244586,,4103,"<b style=""color:#366bbf;"">Maxine Dexter* (D)</b> vs <b style=""color:#e63929;"">Loran Ayles (R)</b>",10.751329421629379,D+10.8
306,OR-04,Val Hoyle,Monique DeSpain,True,False,Safe D,99.98,>99%,<1%,D+21.8,60.88087658156532,,4104,"<b style=""color:#366bbf;"">Val Hoyle* (D)</b> vs <b style=""color:#e63929;"">Monique DeSpain (R)</b>",9.318838361711485,D+9.3
307,OR-05,Janelle Bynum,Patti Adair,True,False,Safe D,99.92,>99%,<1%,D+23.0,61.48211478471358,,4105,"<b style=""color:#366bbf;"">Janelle Bynum* (D)</b> vs <b style=""color:#e63929;"">Patti Adair (R)</b>",14.15557362422274,D+14.2
308,OR-06,Andrea Salinas,David Russ,True,False,Safe D,99.96,>99%,<1%,D+23.7,61.84481813810104,,4106,"<b style=""color:#366bbf;"">Andrea Salinas* (D)</b> vs <b style=""color:#e63929;"">David Russ (R)</b>",11.947849669098844,D+11.9
309,PA-01,Bob Harvie,Brian Fitzpatrick,False,True,Lean R,34.8,34.8%,65.2%,R+2.7,48.66341550873876,,4201,"<b style=""color:#366bbf;"">Bob Harvie (D)</b> vs <b style=""color:#e63929;"">Brian Fitzpatrick* (R)</b>",-2.9955493486834257,R+3.0
310,PA-02,Brendan Boyle,Jessica Arriaga,True,False,Safe D,100.0,>99%,<1%,D+49.9,74.94221518843332,,4202,"<b style=""color:#366bbf;"">Brendan Boyle* (D)</b> vs <b style=""color:#e63929;"">Jessica Arriaga (R)</b>",13.714552872824555,D+13.7
311,PA-04,Madeleine Dean,Aurora Stuski,True,False,Safe D,100.0,>99%,<1%,D+30.3,65.14917627900141,,4204,"<b style=""color:#366bbf;"">Madeleine Dean* (D)</b> vs <b style=""color:#e63929;"">Aurora Stuski (R)</b>",14.328767523548365,D+14.3
312,PA-05,Mary Gay Scanlon,Nicholas Manganaro,True,False,Safe D,100.0,>99%,<1%,D+39.5,69.7666032355332,,4205,"<b style=""color:#366bbf;"">Mary Gay Scanlon* (D)</b> vs <b style=""color:#e63929;"">Nicholas Manganaro (R)</b>",10.59883127499316,D+10.6
313,PA-06,Chrissy Houlahan,Marty Young,True,False,Safe D,99.99,>99%,<1%,D+23.3,61.62500034051682,,4206,"<b style=""color:#366bbf;"">Chrissy Houlahan* (D)</b> vs <b style=""color:#e63929;"">Marty Young (R)</b>",11.723990384350344,D+11.7
314,PA-07,Bob Brooks,Ryan Mackenzie,False,True,Lean D,70.185,70.2%,29.8%,D+3.7,51.84203165306585,Flip,4207,"<b style=""color:#366bbf;"">Bob Brooks (D)</b> vs <b style=""color:#e63929;"">Ryan Mackenzie* (R)</b>",6.922928707159272,D+6.9
315,PA-08,Paige Cognetti,Rob Bresnahan,False,True,Tossup,54.825,54.8%,45.2%,D+0.8,50.42089687848161,Flip,4208,"<b style=""color:#366bbf;"">Paige Cognetti (D)</b> vs <b style=""color:#e63929;"">Rob Bresnahan* (R)</b>",9.40913551081286,D+9.4
316,PA-09,Rachel Wallace,Dan Meuser,False,True,Safe R,0.005,<1%,>99%,R+27.6,36.19880424657066,,4209,"<b style=""color:#366bbf;"">Rachel Wallace (D)</b> vs <b style=""color:#e63929;"">Dan Meuser* (R)</b>",10.6845675478406,D+10.7
317,PA-10,Janelle Stelson,Scott Perry,False,True,Likely D,80.31,80.3%,19.7%,D+5.2,52.59409735330284,Flip,4210,"<b style=""color:#366bbf;"">Janelle Stelson (D)</b> vs <b style=""color:#e63929;"">Scott Perry* (R)</b>",10.47961724164395,D+10.5
318,PA-11,Nancy Mannion,Lloyd Smucker,False,True,Safe R,2.29,2.3%,97.7%,R+13.8,43.09185368960219,,4211,"<b style=""color:#366bbf;"">Nancy Mannion (D)</b> vs <b style=""color:#e63929;"">Lloyd Smucker* (R)</b>",7.758343999639791,D+7.8
319,PA-12,Summer Lee,James Hayes,True,False,Safe D,100.0,>99%,<1%,D+26.0,63.00816149852673,,4212,"<b style=""color:#366bbf;"">Summer Lee* (D)</b> vs <b style=""color:#e63929;"">James Hayes (R)</b>",6.651307858762166,D+6.7
320,PA-13,Beth Farnham,John Joyce,False,True,Safe R,0.0,<1%,>99%,R+37.8,31.12091239203343,,4213,"<b style=""color:#366bbf;"">Beth Farnham (D)</b> vs <b style=""color:#e63929;"">John Joyce* (R)</b>",8.145088699398372,D+8.1
321,PA-14,Alan Bradstock,Guy Reschenthaler,False,True,Safe R,0.03,<1%,>99%,R+25.0,37.52111983052281,,4214,"<b style=""color:#366bbf;"">Alan Bradstock (D)</b> vs <b style=""color:#e63929;"">Guy Reschenthaler* (R)</b>",8.6383572155259,D+8.6
322,PA-15,Ray Bilger,Glenn Thompson,False,True,Safe R,0.0,<1%,>99%,R+31.1,34.44555995211622,,4215,"<b style=""color:#366bbf;"">Ray Bilger (D)</b> vs <b style=""color:#e63929;"">Glenn Thompson* (R)</b>",7.178170088824096,D+7.2
323,PA-16,Justin Wagner,Mike Kelly,False,True,Safe R,1.435,1.4%,98.6%,R+15.1,42.43663834835489,,4216,"<b style=""color:#366bbf;"">Justin Wagner (D)</b> vs <b style=""color:#e63929;"">Mike Kelly* (R)</b>",7.833073871646391,D+7.8
324,PA-17,Chris Deluzio,Tony Guy,True,False,Safe D,99.87,>99%,<1%,D+20.5,60.22604546103853,,4217,"<b style=""color:#366bbf;"">Chris Deluzio* (D)</b> vs <b style=""color:#e63929;"">Tony Guy (R)</b>",14.895615066695186,D+14.9
325,RI-01,Gabe Amo,Kellie Keenan,True,False,Safe D,100.0,>99%,<1%,D+37.5,68.74240616747957,,4401,"<b style=""color:#366bbf;"">Gabe Amo* (D)</b> vs <b style=""color:#e63929;"">Kellie Keenan (R)</b>",14.825102119341082,D+14.8
326,RI-02,Seth Magaziner,Vic Mellor,True,False,Safe D,99.93,>99%,<1%,D+21.5,60.75810536004453,,4402,"<b style=""color:#366bbf;"">Seth Magaziner* (D)</b> vs <b style=""color:#e63929;"">Vic Mellor (R)</b>",14.581783822558847,D+14.6
327,SC-01,Nancy Lacore,Jenny Costa Honeycutt,False,False,Tossup,49.13,49.1%,50.9%,R+0.1,49.938007874995854,,4501,"<b style=""color:#366bbf;"">Nancy Lacore (D)</b> vs <b style=""color:#e63929;"">Jenny Costa Honeycutt (R)</b>",13.085448305394536,D+13.1
328,SC-02,Zyon Khalifa,Joe Wilson,False,True,Likely R,15.62,15.6%,84.4%,R+6.9,46.55650346365698,,4502,"<b style=""color:#366bbf;"">Zyon Khalifa (D)</b> vs <b style=""color:#e63929;"">Joe Wilson* (R)</b>",7.236476320730489,D+7.2
329,SC-03,Eunice Lehmacher,Sheri Biggs,False,True,Safe R,0.0,<1%,>99%,R+34.9,32.53165426881754,,4503,"<b style=""color:#366bbf;"">Eunice Lehmacher (D)</b> vs <b style=""color:#e63929;"">Sheri Biggs* (R)</b>",8.682567291614149,D+8.7
330,SC-04,Courtney McClain,William Timmons,False,True,Safe R,1.455,1.5%,98.5%,R+15.2,42.38884216117087,,4504,"<b style=""color:#366bbf;"">Courtney McClain (D)</b> vs <b style=""color:#e63929;"">William Timmons* (R)</b>",8.740084320046961,D+8.7
331,SC-05,Mallory Dittmer,Wes Climer,False,False,Safe R,2.675,2.7%,97.3%,R+14.0,42.99874674679143,,4505,"<b style=""color:#366bbf;"">Mallory Dittmer (D)</b> vs <b style=""color:#e63929;"">Wes Climer (R)</b>",9.086331836658502,D+9.1
332,SC-06,Jim Clyburn,John Peterson,True,False,Safe D,100.0,>99%,<1%,D+34.7,67.33313796321895,,4506,"<b style=""color:#366bbf;"">Jim Clyburn* (D)</b> vs <b style=""color:#e63929;"">John Peterson (R)</b>",11.621693286514969,D+11.6
333,SC-07,John Vincent,Russell Fry,False,True,Safe R,0.645,<1%,>99%,R+17.6,41.223901092903496,,4507,"<b style=""color:#366bbf;"">John Vincent (D)</b> vs <b style=""color:#e63929;"">Russell Fry* (R)</b>",9.071866147648421,D+9.1
334,SD-AL,Nikki Gronli,Marty Jackley,False,False,Safe R,0.235,<1%,>99%,R+20.5,39.76106580035178,,4600,"<b style=""color:#366bbf;"">Nikki Gronli (D)</b> vs <b style=""color:#e63929;"">Marty Jackley (R)</b>",9.412330674556628,D+9.4
335,TN-01,Kristi Burke,Diana Harshbarger,False,True,Safe R,0.0,<1%,>99%,R+48.3,25.831234055492143,,4701,"<b style=""color:#366bbf;"">Kristi Burke (D)</b> vs <b style=""color:#e63929;"">Diana Harshbarger* (R)</b>",10.102806078365155,D+10.1
336,TN-02,Michaela Barnett,Tim Burchett,False,True,Safe R,0.01,<1%,>99%,R+26.8,36.60547594260018,,4702,"<b style=""color:#366bbf;"">Michaela Barnett (D)</b> vs <b style=""color:#e63929;"">Tim Burchett* (R)</b>",7.540052791675059,D+7.5
337,TN-03,Anna Golladay,Chuck Fleischmann,False,True,Safe R,0.005,<1%,>99%,R+27.4,36.27851382237799,,4703,"<b style=""color:#366bbf;"">Anna Golladay (D)</b> vs <b style=""color:#e63929;"">Chuck Fleischmann* (R)</b>",8.763486457617802,D+8.8
338,TN-04,Victoria Broderick,Scott DesJarlais,False,True,Safe R,0.415,<1%,>99%,R+16.4,41.78643127578849,,4704,"<b style=""color:#366bbf;"">Victoria Broderick (D)</b> vs <b style=""color:#e63929;"">Scott DesJarlais* (R)</b>",7.8503731107817885,D+7.9
339,TN-05,Chaz Molder,Charlie Hatcher,False,False,Likely R,13.614999999999998,13.6%,86.4%,R+7.9,46.04888987142907,,4705,"<b style=""color:#366bbf;"">Chaz Molder (D)</b> vs <b style=""color:#e63929;"">Charlie Hatcher (R)</b>",15.489317037503582,D+15.5
340,TN-06,Mike Croley,Johnny Garrett,False,False,Safe R,0.615,<1%,>99%,R+18.2,40.8970605418368,,4706,"<b style=""color:#366bbf;"">Mike Croley (D)</b> vs <b style=""color:#e63929;"">Johnny Garrett (R)</b>",8.667312268129407,D+8.7
341,TN-07,Darden Copeland,Matt Van Epps,False,True,Safe R,1.6150000000000002,1.6%,98.4%,R+15.6,42.19973391759692,,4707,"<b style=""color:#366bbf;"">Darden Copeland (D)</b> vs <b style=""color:#e63929;"">Matt Van Epps* (R)</b>",7.127862896922224,D+7.1
342,TN-08,Heidi Kuhn,David Kustoff,False,True,Safe R,0.5349999999999999,<1%,>99%,R+17.7,41.158029836304735,,4708,"<b style=""color:#366bbf;"">Heidi Kuhn (D)</b> vs <b style=""color:#e63929;"">David Kustoff* (R)</b>",2.747843780555499,D+2.7
343,TN-09,Justin Pearson,Brent Taylor,False,False,Likely R,22.235,22.2%,77.8%,R+5.5,47.25837445403472,Flip,4709,"<b style=""color:#366bbf;"">Justin Pearson (D)</b> vs <b style=""color:#e63929;"">Brent Taylor (R)</b>",15.941407822261269,D+15.9
344,TX-01,Yolanda Prince,Nathaniel Moran,False,True,Safe R,0.0,<1%,>99%,R+43.5,28.26446210489754,,4801,"<b style=""color:#366bbf;"">Yolanda Prince (D)</b> vs <b style=""color:#e63929;"">Nathaniel Moran* (R)</b>",6.434745915413565,D+6.4
345,TX-02,Shaun Finnie,Steve Toth,False,False,Safe R,4.81,4.8%,95.2%,R+12.0,43.98203209478906,,4802,"<b style=""color:#366bbf;"">Shaun Finnie (D)</b> vs <b style=""color:#e63929;"">Steve Toth (R)</b>",11.097546822256646,D+11.1
346,TX-03,Evan Hunt,Keith Self,False,True,Safe R,0.59,<1%,>99%,R+18.0,41.01122266702141,,4803,"<b style=""color:#366bbf;"">Evan Hunt (D)</b> vs <b style=""color:#e63929;"">Keith Self* (R)</b>",6.004255394000808,D+6.0
347,TX-04,Jason Pearce,Pat Fallon,False,True,Safe R,0.385,<1%,>99%,R+18.7,40.64388621576978,,4804,"<b style=""color:#366bbf;"">Jason Pearce (D)</b> vs <b style=""color:#e63929;"">Pat Fallon* (R)</b>",6.447184184804911,D+6.4
348,TX-05,Chelsey Hockett,Lance Gooden,False,True,Safe R,1.72,1.7%,98.3%,R+14.8,42.58623228913826,,4805,"<b style=""color:#366bbf;"">Chelsey Hockett (D)</b> vs <b style=""color:#e63929;"">Lance Gooden* (R)</b>",7.014689840474418,D+7.0
349,TX-06,Danny Minton,Jake Ellzey,False,True,Safe R,0.735,<1%,>99%,R+17.5,41.25589575947187,,4806,"<b style=""color:#366bbf;"">Danny Minton (D)</b> vs <b style=""color:#e63929;"">Jake Ellzey* (R)</b>",5.788052813197012,D+5.8
350,TX-07,Lizzie Fletcher,Alexander Hale,True,False,Safe D,100.0,>99%,<1%,D+36.2,68.10442148690402,,4807,"<b style=""color:#366bbf;"">Lizzie Fletcher* (D)</b> vs <b style=""color:#e63929;"">Alexander Hale (R)</b>",12.091734692417461,D+12.1
351,TX-08,Laura Jones,Jessica Hart Steinmann,False,False,Safe R,0.26,<1%,>99%,R+19.7,40.15980798816707,,4808,"<b style=""color:#366bbf;"">Laura Jones (D)</b> vs <b style=""color:#e63929;"">Jessica Hart Steinmann (R)</b>",8.31125575050288,D+8.3
352,TX-09,Leticia Gutierrez,Alex Mealer,False,False,Very Likely R,7.960000000000001,8.0%,92.0%,R+10.1,44.95172500937336,Flip,4809,"<b style=""color:#366bbf;"">Leticia Gutierrez (D)</b> vs <b style=""color:#e63929;"">Alex Mealer (R)</b>",9.973988868475601,D+10.0
353,TX-10,Caitlin Rourk,Chris Gober,False,False,Very Likely R,6.36,6.4%,93.6%,R+11.0,44.49887283241307,,4810,"<b style=""color:#366bbf;"">Caitlin Rourk (D)</b> vs <b style=""color:#e63929;"">Chris Gober (R)</b>",11.92920676844922,D+11.9
354,TX-11,Claire Reynolds,August Pfluger,False,True,Safe R,0.0,<1%,>99%,R+27.6,36.18425490927782,,4811,"<b style=""color:#366bbf;"">Claire Reynolds (D)</b> vs <b style=""color:#e63929;"">August Pfluger* (R)</b>",7.148665507717276,D+7.1
355,TX-12,Angela Rodriguez,Craig Goldman,False,True,Safe R,0.5950000000000001,<1%,>99%,R+18.3,40.872814467339055,,4812,"<b style=""color:#366bbf;"">Angela Rodriguez (D)</b> vs <b style=""color:#e63929;"">Craig Goldman* (R)</b>",5.897443839801852,D+5.9
356,TX-13,Mark Nair,Ronny Jackson,False,True,Safe R,0.0,<1%,>99%,R+36.5,31.74280339185315,,4813,"<b style=""color:#366bbf;"">Mark Nair (D)</b> vs <b style=""color:#e63929;"">Ronny Jackson* (R)</b>",10.15147505514738,D+10.2
357,TX-14,Thurman Bartie,Randy Weber,False,True,Safe R,0.2749999999999999,<1%,>99%,R+19.3,40.36405245279716,,4814,"<b style=""color:#366bbf;"">Thurman Bartie (D)</b> vs <b style=""color:#e63929;"">Randy Weber* (R)</b>",5.300385552274591,D+5.3
358,TX-15,Bobby Pulido,Monica De La Cruz,False,True,Lean R,33.27,33.3%,66.7%,R+3.0,48.48429095146752,,4815,"<b style=""color:#366bbf;"">Bobby Pulido (D)</b> vs <b style=""color:#e63929;"">Monica De La Cruz* (R)</b>",14.990846914111813,D+15.0
359,TX-16,Veronica Escobar,Adam Bauman,True,False,Safe D,100.0,>99%,<1%,D+30.5,65.23822901596496,,4816,"<b style=""color:#366bbf;"">Veronica Escobar* (D)</b> vs <b style=""color:#e63929;"">Adam Bauman (R)</b>",13.842267074758098,D+13.8
360,TX-17,Casey Shepard,Pete Sessions,False,True,Safe R,1.0,1.0%,99.0%,R+16.0,41.9887789371821,,4817,"<b style=""color:#366bbf;"">Casey Shepard (D)</b> vs <b style=""color:#e63929;"">Pete Sessions* (R)</b>",5.925268677270495,D+5.9
361,TX-18,Christian Menefee,Ronald Whitfield,True,False,Safe D,100.0,>99%,<1%,D+65.8,82.87995660843046,,4818,"<b style=""color:#366bbf;"">Christian Menefee* (D)</b> vs <b style=""color:#e63929;"">Ronald Whitfield (R)</b>",10.042715562848201,D+10.0
362,TX-19,Kyle Rable,Tom Sell,False,False,Safe R,0.0,<1%,>99%,R+40.8,29.58210798523149,,4819,"<b style=""color:#366bbf;"">Kyle Rable (D)</b> vs <b style=""color:#e63929;"">Tom Sell (R)</b>",11.33218821355058,D+11.3
363,TX-20,Joaquin Castro,Edgardo Rafael Baez,True,False,Safe D,100.0,>99%,<1%,D+46.9,73.43601971797219,,4820,"<b style=""color:#366bbf;"">Joaquin Castro* (D)</b> vs <b style=""color:#e63929;"">Edgardo Rafael Baez (R)</b>",17.993416595574985,D+18.0
364,TX-21,Kristin Hook,Mark Teixeira,False,False,Safe R,4.784999999999999,4.8%,95.2%,R+11.3,44.36423885312941,,4821,"<b style=""color:#366bbf;"">Kristin Hook (D)</b> vs <b style=""color:#e63929;"">Mark Teixeira (R)</b>",10.821537885891487,D+10.8
365,TX-22,Marquette Greene-Scott,Trever Nehls,False,False,Safe R,3.305,3.3%,96.7%,R+12.4,43.77633990026754,,4822,"<b style=""color:#366bbf;"">Marquette Greene-Scott (D)</b> vs <b style=""color:#e63929;"">Trever Nehls (R)</b>",10.212260428100535,D+10.2
366,TX-23,Katy Padilla Stout,Brandon Herrera,False,False,Tossup,45.11,45.1%,54.9%,R+0.8,49.57998005064343,,4823,"<b style=""color:#366bbf;"">Katy Padilla Stout (D)</b> vs <b style=""color:#e63929;"">Brandon Herrera (R)</b>",14.129970573820259,D+14.1
367,TX-24,Kevin Burge,Beth Van Duyne,False,True,Likely R,10.215,10.2%,89.8%,R+8.8,45.603455119486895,,4824,"<b style=""color:#366bbf;"">Kevin Burge (D)</b> vs <b style=""color:#e63929;"">Beth Van Duyne* (R)</b>",7.593538304740989,D+7.6
368,TX-25,Dione Sims,Roger Williams,False,True,Safe R,1.315,1.3%,98.7%,R+15.5,42.25828192721126,,4825,"<b style=""color:#366bbf;"">Dione Sims (D)</b> vs <b style=""color:#e63929;"">Roger Williams* (R)</b>",8.86066493665163,D+8.9
369,TX-26,Steven Shook,Brandon Gill,False,True,Safe R,0.545,<1%,>99%,R+18.5,40.7722436298433,,4826,"<b style=""color:#366bbf;"">Steven Shook (D)</b> vs <b style=""color:#e63929;"">Brandon Gill* (R)</b>",5.662182050009051,D+5.7
370,TX-27,Tanya Lloyd,Michael Cloud,False,True,Safe R,2.51,2.5%,97.5%,R+12.1,43.95204788134357,,4827,"<b style=""color:#366bbf;"">Tanya Lloyd (D)</b> vs <b style=""color:#e63929;"">Michael Cloud* (R)</b>",9.343489465417775,D+9.3
371,TX-28,Henry Cuellar,Tano Tijerina,True,False,Likely D,82.625,82.6%,17.4%,D+6.2,53.112857745135535,,4828,"<b style=""color:#366bbf;"">Henry Cuellar* (D)</b> vs <b style=""color:#e63929;"">Tano Tijerina (R)</b>",16.675396676995888,D+16.7
372,TX-29,Sylvia Garcia,Martha Fierro,True,False,Safe D,100.0,>99%,<1%,D+46.9,73.44441410016266,,4829,"<b style=""color:#366bbf;"">Sylvia Garcia* (D)</b> vs <b style=""color:#e63929;"">Martha Fierro (R)</b>",16.04528211463409,D+16.0
373,TX-30,Frederick Haynes III,Everett Jackson,False,False,Safe D,100.0,>99%,<1%,D+56.0,78.02449054253267,,4830,"<b style=""color:#366bbf;"">Frederick Haynes III (D)</b> vs <b style=""color:#e63929;"">Everett Jackson (R)</b>",8.243903894099986,D+8.2
374,TX-31,Justin Early,John Carter,False,True,Safe R,1.815,1.8%,98.2%,R+14.6,42.7222912676575,,4831,"<b style=""color:#366bbf;"">Justin Early (D)</b> vs <b style=""color:#e63929;"">John Carter* (R)</b>",7.585375507225763,D+7.6
375,TX-32,Dan Barros,Jace Yarbrough,False,False,Likely R,10.045,10.0%,90.0%,R+9.1,45.456006764431216,Flip,4832,"<b style=""color:#366bbf;"">Dan Barros (D)</b> vs <b style=""color:#e63929;"">Jace Yarbrough (R)</b>",9.02596641554689,D+9.0
376,TX-33,Colin Allred,Patrick Gillespie,True,False,Safe D,100.0,>99%,<1%,D+47.1,73.53392648256542,,4833,"<b style=""color:#366bbf;"">Colin Allred* (D)</b> vs <b style=""color:#e63929;"">Patrick Gillespie (R)</b>",13.726045166014785,D+13.7
377,TX-34,Vicente Gonzalez,Eric Flores,True,False,Tossup,43.355,43.4%,56.6%,R+1.1,49.45693905637765,Flip,4834,"<b style=""color:#366bbf;"">Vicente Gonzalez* (D)</b> vs <b style=""color:#e63929;"">Eric Flores (R)</b>",9.13675324392004,D+9.1
378,TX-35,Johnny Garcia,Carlos De La Cruz,False,False,Tossup,50.235,50.2%,49.8%,D+0.1,50.04205521625831,,4835,"<b style=""color:#366bbf;"">Johnny Garcia (D)</b> vs <b style=""color:#e63929;"">Carlos De La Cruz (R)</b>",10.64712462274143,D+10.6
379,TX-36,Rhonda Hart,Brian Babin,False,True,Safe R,0.09,<1%,>99%,R+20.2,39.90832974617495,,4836,"<b style=""color:#366bbf;"">Rhonda Hart (D)</b> vs <b style=""color:#e63929;"">Brian Babin* (R)</b>",5.0945501567190945,D+5.1
380,TX-37,Greg Casar,Lauren Peña,True,False,Safe D,100.0,>99%,<1%,D+67.0,83.49301225174302,,4837,"<b style=""color:#366bbf;"">Greg Casar* (D)</b> vs <b style=""color:#e63929;"">Lauren Peña (R)</b>",9.282130996830205,D+9.3
381,TX-38,Melissa McDonough,Jon Bonck,False,False,Safe R,3.55,3.6%,96.4%,R+12.4,43.78935679831842,,4838,"<b style=""color:#366bbf;"">Melissa McDonough (D)</b> vs <b style=""color:#e63929;"">Jon Bonck (R)</b>",8.875877846983329,D+8.9
382,UT-01,Ben McAdams,Riley Owen,False,False,Safe D,100.0,>99%,<1%,D+34.6,67.28734538743271,Flip,4901,"<b style=""color:#366bbf;"">Ben McAdams (D)</b> vs <b style=""color:#e63929;"">Riley Owen (R)</b>",10.24698162994764,D+10.2
383,UT-02,Peter Crosby,Blake Moore,False,True,Safe R,0.01,<1%,>99%,R+25.9,37.07363236364054,,4902,"<b style=""color:#366bbf;"">Peter Crosby (D)</b> vs <b style=""color:#e63929;"">Blake Moore* (R)</b>",4.048115101227211,D+4.0
384,UT-03,Kent Udell,Celeste Maloy,False,True,Safe R,0.0,<1%,>99%,R+34.7,32.6457397859954,,4903,"<b style=""color:#366bbf;"">Kent Udell (D)</b> vs <b style=""color:#e63929;"">Celeste Maloy* (R)</b>",7.713000422706386,D+7.7
385,UT-04,Jonny Larsen,Mike Kennedy,False,True,Safe R,0.0,<1%,>99%,R+28.6,35.70944875908042,,4904,"<b style=""color:#366bbf;"">Jonny Larsen (D)</b> vs <b style=""color:#e63929;"">Mike Kennedy* (R)</b>",4.851207584348387,D+4.9
386,VA-01,Shannon Taylor,Rob Wittman,False,True,Lean D,69.375,69.4%,30.6%,D+3.5,51.72619583929057,Flip,5101,"<b style=""color:#366bbf;"">Shannon Taylor (D)</b> vs <b style=""color:#e63929;"">Rob Wittman* (R)</b>",8.456816392543772,D+8.5
387,VA-02,Elaine Luria,Jen Kiggans,False,True,Likely D,75.885,75.9%,24.1%,D+4.3,52.12626566555264,Flip,5102,"<b style=""color:#366bbf;"">Elaine Luria (D)</b> vs <b style=""color:#e63929;"">Jen Kiggans* (R)</b>",4.5047480411983685,D+4.5
388,VA-03,Bobby Scott,Edwin Rivera,True,False,Safe D,100.0,>99%,<1%,D+46.1,73.0554686000441,,5103,"<b style=""color:#366bbf;"">Bobby Scott* (D)</b> vs <b style=""color:#e63929;"">Edwin Rivera (R)</b>",10.939582415415884,D+10.9
389,VA-04,Jennifer McClellan,Robert Murray,True,False,Safe D,100.0,>99%,<1%,D+46.5,73.24340404000456,,5104,"<b style=""color:#366bbf;"">Jennifer McClellan* (D)</b> vs <b style=""color:#e63929;"">Robert Murray (R)</b>",13.30858095994418,D+13.3
390,VA-05,Tom Perriello,John McGuire,False,True,Likely R,21.59,21.6%,78.4%,R+5.5,47.2555843109932,,5105,"<b style=""color:#366bbf;"">Tom Perriello (D)</b> vs <b style=""color:#e63929;"">John McGuire* (R)</b>",6.918253685696229,D+6.9
391,VA-06,Beth Macy,Ben Cline,False,True,Safe R,2.33,2.3%,97.7%,R+14.0,43.0060542811311,,5106,"<b style=""color:#366bbf;"">Beth Macy (D)</b> vs <b style=""color:#e63929;"">Ben Cline* (R)</b>",10.169813598710661,D+10.2
392,VA-07,Eugene Vindman,Doug Ollivant,True,False,Safe D,99.51,>99%,<1%,D+17.7,58.873109825682455,,5107,"<b style=""color:#366bbf;"">Eugene Vindman* (D)</b> vs <b style=""color:#e63929;"">Doug Ollivant (R)</b>",14.832064168964294,D+14.8
393,VA-08,Don Beyer,Tony Sabio,True,False,Safe D,100.0,>99%,<1%,D+59.9,79.94895608334625,,5108,"<b style=""color:#366bbf;"">Don Beyer* (D)</b> vs <b style=""color:#e63929;"">Tony Sabio (R)</b>",8.993687687108036,D+9.0
394,VA-09,Joy Powers,Morgan Griffith,False,True,Safe R,0.0,<1%,>99%,R+36.4,31.803750213539224,,5109,"<b style=""color:#366bbf;"">Joy Powers (D)</b> vs <b style=""color:#e63929;"">Morgan Griffith* (R)</b>",8.033317071746673,D+8.0
395,VA-10,Suhas Subramanyam,Dave Beckwith,True,False,Safe D,99.915,>99%,<1%,D+20.7,60.367636832379816,,5110,"<b style=""color:#366bbf;"">Suhas Subramanyam* (D)</b> vs <b style=""color:#e63929;"">Dave Beckwith (R)</b>",12.158822630788208,D+12.2
396,VA-11,James Walkinshaw,Arthur Purves,True,False,Safe D,100.0,>99%,<1%,D+47.3,73.63394284710529,,5111,"<b style=""color:#366bbf;"">James Walkinshaw* (D)</b> vs <b style=""color:#e63929;"">Arthur Purves (R)</b>",11.976722153293792,D+12.0
397,VT-AL,Becca Balint,Mark Coester,True,False,Safe D,100.0,>99%,<1%,D+45.7,72.85300707698293,,5000,"<b style=""color:#366bbf;"">Becca Balint* (D)</b> vs <b style=""color:#e63929;"">Mark Coester (R)</b>",12.935578382285684,D+12.9
398,WA-01,Suzan DelBene,Mary Silva,True,False,Safe D,100.0,>99%,<1%,D+38.8,69.40871992808167,,5301,"<b style=""color:#366bbf;"">Suzan DelBene* (D)</b> vs <b style=""color:#e63929;"">Mary Silva (R)</b>",9.10327359597241,D+9.1
399,WA-02,Rick Larsen,Edwin Feller,True,False,Safe D,100.0,>99%,<1%,D+37.3,68.64710261642077,,5302,"<b style=""color:#366bbf;"">Rick Larsen* (D)</b> vs <b style=""color:#e63929;"">Edwin Feller (R)</b>",12.844847169437912,D+12.8
400,WA-03,Marie Gluesenkamp Perez,John Braun,True,False,Likely D,89.25999999999999,89.3%,10.7%,D+8.5,54.24367319577376,,5303,"<b style=""color:#366bbf;"">Marie Gluesenkamp Perez* (D)</b> vs <b style=""color:#e63929;"">John Braun (R)</b>",11.883598584192924,D+11.9
401,WA-04,John Duresky,Amanda McKinney,False,False,Safe R,4.34,4.3%,95.7%,R+12.5,43.73980188672781,,5304,"<b style=""color:#366bbf;"">John Duresky (D)</b> vs <b style=""color:#e63929;"">Amanda McKinney (R)</b>",8.715927226479764,D+8.7
402,WA-05,Carmela Conroy,Michael Baumgartner,False,True,Safe R,4.3,4.3%,95.7%,R+10.8,44.621000551013765,,5305,"<b style=""color:#366bbf;"">Carmela Conroy (D)</b> vs <b style=""color:#e63929;"">Michael Baumgartner* (R)</b>",0.3505565246872919,D+0.4
403,WA-06,Emily Randall,Teresa Fox,True,False,Safe D,100.0,>99%,<1%,D+31.5,65.74264478061717,,5306,"<b style=""color:#366bbf;"">Emily Randall* (D)</b> vs <b style=""color:#e63929;"">Teresa Fox (R)</b>",11.593837729483994,D+11.6
404,WA-07,Pramila Jayapal,Nirav Sheth,True,False,Safe D,100.0,>99%,<1%,D+81.2,90.61685082639256,,5307,"<b style=""color:#366bbf;"">Pramila Jayapal* (D)</b> vs <b style=""color:#e63929;"">Nirav Sheth (R)</b>",3.6731899784306563,D+3.7
405,WA-08,Kim Schrier,Spencer Meline,True,False,Safe D,99.825,>99%,<1%,D+20.2,60.10073788795833,,5308,"<b style=""color:#366bbf;"">Kim Schrier* (D)</b> vs <b style=""color:#e63929;"">Spencer Meline (R)</b>",14.234543416036658,D+14.2
406,WA-09,Adam Smith,Doug Basler,True,False,Safe D,100.0,>99%,<1%,D+55.9,77.9359255075407,,5309,"<b style=""color:#366bbf;"">Adam Smith* (D)</b> vs <b style=""color:#e63929;"">Doug Basler (R)</b>",13.177563637867536,D+13.2
407,WA-10,Marilyn Strickland,Chris Chung,True,False,Safe D,99.995,>99%,<1%,D+30.2,65.08042859892103,,5310,"<b style=""color:#366bbf;"">Marilyn Strickland* (D)</b> vs <b style=""color:#e63929;"">Chris Chung (R)</b>",11.556603159573669,D+11.6
408,WI-01,Mitchell Berman,Bryan Steil,False,True,Tilt R,39.34,39.3%,60.7%,R+1.8,49.07681078880562,,5501,"<b style=""color:#366bbf;"">Mitchell Berman (D)</b> vs <b style=""color:#e63929;"">Bryan Steil* (R)</b>",2.7285480807726117,D+2.7
409,WI-03,Rebecca Cooke,Derrick Van Orden,False,True,Lean D,70.39999999999999,70.4%,29.6%,D+3.3,51.64981826693444,Flip,5503,"<b style=""color:#366bbf;"">Rebecca Cooke (D)</b> vs <b style=""color:#e63929;"">Derrick Van Orden* (R)</b>",10.813295429337643,D+10.8
410,WI-04,Gwen Moore,Tim Rogers,True,False,Safe D,100.0,>99%,<1%,D+62.3,81.12705752994648,,5504,"<b style=""color:#366bbf;"">Gwen Moore* (D)</b> vs <b style=""color:#e63929;"">Tim Rogers (R)</b>",9.784521752170463,D+9.8
411,WI-05,Andrew Beck,Scott Fitzgerald,False,True,Safe R,0.7100000000000001,<1%,>99%,R+17.2,41.37599081991366,,5505,"<b style=""color:#366bbf;"">Andrew Beck (D)</b> vs <b style=""color:#e63929;"">Scott Fitzgerald* (R)</b>",5.205518259682378,D+5.2
412,WI-06,Brad Smith,Glenn Grothman,False,True,Very Likely R,8.200000000000001,8.2%,91.8%,R+9.5,45.24817019868436,,5506,"<b style=""color:#366bbf;"">Brad Smith (D)</b> vs <b style=""color:#e63929;"">Glenn Grothman* (R)</b>",7.19173246346088,D+7.2
413,WI-07,Fred Clark,Michael Alfonso,False,False,Safe R,3.0700000000000003,3.1%,96.9%,R+13.6,43.22202915061547,,5507,"<b style=""color:#366bbf;"">Fred Clark (D)</b> vs <b style=""color:#e63929;"">Michael Alfonso (R)</b>",9.286838104567579,D+9.3
414,WI-08,Rick Crosson,Tony Wied,False,True,Safe R,4.08,4.1%,95.9%,R+12.5,43.77495318389966,,5508,"<b style=""color:#366bbf;"">Rick Crosson (D)</b> vs <b style=""color:#e63929;"">Tony Wied* (R)</b>",4.0137406076726165,D+4.0
415,WV-01,Vince George,Carol Miller,False,True,Safe R,0.0,<1%,>99%,R+35.2,32.40774466423991,,5401,"<b style=""color:#366bbf;"">Vince George (D)</b> vs <b style=""color:#e63929;"">Carol Miller* (R)</b>",10.014247630449397,D+10.0
416,WV-02,Ace Parsi,Riley Moore,False,True,Safe R,0.0,<1%,>99%,R+32.0,33.98724843785168,,5402,"<b style=""color:#366bbf;"">Ace Parsi (D)</b> vs <b style=""color:#e63929;"">Riley Moore* (R)</b>",8.357810378349733,D+8.4
417,WY-AL,Lisa Kinney,Chuck Gray,False,False,Safe R,0.0,<1%,>99%,R+36.6,31.721864821263903,,5600,"<b style=""color:#366bbf;"">Lisa Kinney (D)</b> vs <b style=""color:#e63929;"">Chuck Gray (R)</b>",10.402075690742642,D+10.4
0,CA-04,Mike Thompson/Eric Jones,Not Contested,True,False,Safe D,100.0,100%,0%,D+100,100.0,,604,"<b style=""color:#366bbf;"">Mike Thompson/Eric Jones* (D)</b> vs <b style=""color:#e63929;"">Not Contested (R)</b>",,
1,CA-07,Doris Matsui/Mai Vang,Not Contested,True,False,Safe D,100.0,100%,0%,D+100,100.0,,607,"<b style=""color:#366bbf;"">Doris Matsui/Mai Vang* (D)</b> vs <b style=""color:#e63929;"">Not Contested (R)</b>",,
2,CA-11,Scott Weiner/Connie Chan,Not Contested,False,False,Safe D,100.0,100%,0%,D+100,100.0,,611,"<b style=""color:#366bbf;"">Scott Weiner/Connie Chan (D)</b> vs <b style=""color:#e63929;"">Not Contested (R)</b>",,
3,CA-12,Lateefah Simon,Not Contested,True,False,Safe D,100.0,100%,0%,D+100,100.0,,612,"<b style=""color:#366bbf;"">Lateefah Simon* (D)</b> vs <b style=""color:#e63929;"">Not Contested (R)</b>",,
4,CA-14,Aisha Wahab/Melissa Hernandez,Not Contested,True,False,Safe D,100.0,100%,0%,D+100,100.0,,614,"<b style=""color:#366bbf;"">Aisha Wahab/Melissa Hernandez* (D)</b> vs <b style=""color:#e63929;"">Not Contested (R)</b>",,
5,CA-29,Luz Rivas/Angélica María Dueñas,Not Contested,True,False,Safe D,100.0,100%,0%,D+100,100.0,,629,"<b style=""color:#366bbf;"">Luz Rivas/Angélica María Dueñas* (D)</b> vs <b style=""color:#e63929;"">Not Contested (R)</b>",,
6,CA-34,Jimmy Gomez/Angela Gonzales-Torres,Not Contested,True,False,Safe D,100.0,100%,0%,D+100,100.0,,634,"<b style=""color:#366bbf;"">Jimmy Gomez/Angela Gonzales-Torres* (D)</b> vs <b style=""color:#e63929;"">Not Contested (R)</b>",,
7,CA-37,Sydney Kamlager-Dove/Samantha Mota,Not Contested,True,False,Safe D,100.0,100%,0%,D+100,100.0,,637,"<b style=""color:#366bbf;"">Sydney Kamlager-Dove/Samantha Mota* (D)</b> vs <b style=""color:#e63929;"">Not Contested (R)</b>",,
8,FL-10,Maxwell Frost,Not Contested,True,False,Safe D,100.0,100%,0%,D+100,100.0,,1210,"<b style=""color:#366bbf;"">Maxwell Frost* (D)</b> vs <b style=""color:#e63929;"">Not Contested (R)</b>",,
9,MA-01,Richard Neal,Not Contested,True,False,Safe D,100.0,100%,0%,D+100,100.0,,2501,"<b style=""color:#366bbf;"">Richard Neal* (D)</b> vs <b style=""color:#e63929;"">Not Contested (R)</b>",,
10,MA-02,Jim McGovern,Not Contested,True,False,Safe D,100.0,100%,0%,D+100,100.0,,2502,"<b style=""color:#366bbf;"">Jim McGovern* (D)</b> vs <b style=""color:#e63929;"">Not Contested (R)</b>",,
11,MA-05,Katherine Clark,Not Contested,True,False,Safe D,100.0,100%,0%,D+100,100.0,,2505,"<b style=""color:#366bbf;"">Katherine Clark* (D)</b> vs <b style=""color:#e63929;"">Not Contested (R)</b>",,
12,MA-07,Ayanna Pressley,Not Contested,True,False,Safe D,100.0,100%,0%,D+100,100.0,,2507,"<b style=""color:#366bbf;"">Ayanna Pressley* (D)</b> vs <b style=""color:#e63929;"">Not Contested (R)</b>",,
13,NJ-08,Rob Menendez,Not Contested,True,False,Safe D,100.0,100%,0%,D+100,100.0,,3408,"<b style=""color:#366bbf;"">Rob Menendez* (D)</b> vs <b style=""color:#e63929;"">Not Contested (R)</b>",,
14,PA-03,Chris Rabb,Not Contested,False,False,Safe D,100.0,100%,0%,D+100,100.0,,4203,"<b style=""color:#366bbf;"">Chris Rabb (D)</b> vs <b style=""color:#e63929;"">Not Contested (R)</b>",,
15,WI-02,Mark Pocan,Not Contested,True,False,Safe D,100.0,100%,0%,D+100,100.0,,5502,"<b style=""color:#366bbf;"">Mark Pocan* (D)</b> vs <b style=""color:#e63929;"">Not Contested (R)</b>",,
0,CA-40,Not Contested,Young Kim/Ken Calvert,False,True,Safe R,0.0,0%,100%,R+100,0.0,,640,"<b style=""color:#366bbf;"">Not Contested (D)</b> vs <b style=""color:#e63929;"">Young Kim/Ken Calvert* (R)</b>",,
