,...1,cd,dem_cand,rep_cand,dem_inc_any,rep_inc_any,state_po,district_number,fec_dem_fuzzymatch,fec_rep_fuzzymatch,dem_funds,rep_funds,2p_funds,dem_funds_2p_pct,rep_funds_2p_pct,state,district_x,cvap_white_pct,cvap_hisp_pct,cvap_aapi_pct,cvap_natam_pct,cvap_black_pct,college,lean_20,lean_24,pvi,urban_pct,polarization,generic_ballot_avg,dem_inc_dummy,rep_inc_dummy,dem_poll_avg,dem_effn,rep_poll_avg,rep_effn,census_region,year,dem_scandal_score,rep_scandal_score,net_scandal_score,fips,geoid,demo_cluster,dem_funds_2p_pct_sqrd,effn,sqrt_effn,poll_margin,baseline,dem_funds_2p_pct_offset,inc_dummy,funds_pct_margin,y_pred,y_pred_sd,chance,index,ci_low,ci_hi,tipping_point_prob,rating,matchup,projected_winner,district_y,curr_party,hold,flip,flip_indic,projected_2p_margin,rep_chance,rounded_dem_chance,rounded_rep_chance,disp_dem_chance,disp_rep_chance
0,0,AK-AL,Bill Hill,Nick Begich,False,True,AK,0,"HILL, BILL","BEGICH, NICHOLAS III",1264611.09,2784023.76,4048634.85,31.235493860356417,68.76450613964359,Alaska,AK-00,64.4639480048031,6.05138274633968,6.481397278121224,12.640422850716105,3.0774712844201857,30.75,-7.5316836480557825,-6.096508673942708,-6.4553024174709766,64.89948744939602,0.9874012141285956,-6.281226093748889,0,1,0.0,0.0,0.0,0.0,Pacific,2026,0.0,0.0,0.0,2,200,1,975.6560767003634,0.0,0.0,0.0,-6.629378741193064,-18.764506139643583,-1,-37.52901227928717,45.30663930695061,3.6120735126368606,9.525,1,38.22612417568019,52.33343420862353,0.095,Very Likely R,"<p style=""color:purple;"">Bill Hill (I)</p> vs <p style=""color:Nick Begich"">Nick Begich (R)</p>",(R),AK-AL,(R),True,False,,R+9.4,90.475,9.5,90.5,9.5%,90.5%
1,1,AL-01,Clyde Jones Jr.,Jerry Carl,False,False,AL,1,"JONES, CLYDE W MR. JR","CARL, JERRY LEE, JR",83967.63,674069.54,758037.17,11.076980565478076,88.92301943452192,Alabama,AL-01,69.15601694366734,2.6771138231846328,1.2990025099065798,0.4694388309157203,24.385648224726538,17.996871416324304,-17.482017399263093,-17.42218229424825,-17.43714107050196,68.32494141446792,0.9874012141285956,-6.281226093748889,0,0,0.0,0.0,0.0,0.0,East South Central,2026,0.0,0.0,0.0,1,101,1,122.699498447979,0.0,0.0,0.0,-28.59305604725503,-38.923019434521926,0,-77.84603886904385,35.81298442489474,3.594808006470524,0.02,2,28.780389114749727,42.89179739084023,0.0,Safe R,"<p style=""color:blue;"">Clyde Jones Jr. (D)</p> vs <p style=""color:Jerry Carl"">Jerry Carl (R)</p>",(R),AL-01,(R),True,False,,R+28.4,99.98,0.0,100.0,<1%,>99%
2,2,AL-02,Shomari Figures,Rhett Marques,True,False,AL,2,"FIGURES, SHOMARI C.","MARQUES, RHETT",490903.4,1130104.85,1621008.25,30.28383106625152,69.71616893374849,Alabama,AL-02,53.493739295059314,2.6917404815526327,1.03213760346947,0.1831811782734105,40.524511873301854,16.170152600906842,-6.640349721909786,-6.482160146451349,-6.521707540315958,56.33342853759291,0.9874012141285956,-6.281226093748889,1,0,45.59952905565291,0.4738515356438139,45.79976452782645,0.4738515356438139,East South Central,2026,0.0,0.0,0.0,1,102,1,917.1104240492604,0.4738515356438139,0.6883687497583064,0.2002354721735386,-6.762188986883028,-19.716168933748484,1,-39.432337867496976,48.00740717481298,3.5193213244133963,28.26,3,41.03153740338264,55.02082367140022,1.375,Lean R,"<p style=""color:blue;"">Shomari Figures (D)</p> vs <p style=""color:Rhett Marques"">Rhett Marques (R)</p>",(R),AL-02,(D),False,True,Flip,R+4.0,71.74,28.3,71.7,28.3%,71.7%
3,3,AL-03,Lee McInnis,Mike Rogers,False,True,AL,3,"MCINNIS, VICTOR LEE","ROGERS, MICHAEL",60787.05,1356433.59,1417220.64,4.289173349888554,95.71082665011144,Alabama,AL-03,74.92571338449461,2.0472280070397546,0.8538032238061272,0.1647030148358167,19.75235405233936,15.301623289807925,-22.97781840752035,-22.76884933057064,-22.821091599808067,48.89460734457767,0.9874012141285956,-6.281226093748889,0,1,0.0,0.0,0.0,0.0,East South Central,2026,0.0,0.0,0.0,1,103,1,18.3970080253942,0.0,0.0,0.0,-39.36095710586724,-45.71082665011144,-1,-91.42165330022289,29.39865694926218,3.505182476334161,0.0,4,22.53241839132538,36.2814563463493,0.0,Safe R,"<p style=""color:blue;"">Lee McInnis (D)</p> vs <p style=""color:Mike Rogers"">Mike Rogers (R)</p>",(R),AL-03,(R),True,False,,R+41.2,100.0,0.0,100.0,<1%,>99%
4,4,AL-04,Amanda Pusczek,Robert Aderholt,False,True,AL,4,"PUSCZEK, AMANDA NOELLE","ADERHOLT, ROBERT B. REP.",15462.0,523823.01,539285.01,2.867129572171865,97.13287042782814,Alabama,AL-04,86.9970800279077,3.6464581956713538,0.4894921611115828,0.1740539622655439,6.737715629418258,13.622183949554154,-33.63427299010048,-32.744761648830625,-32.967139484148085,33.245791733658045,0.9874012141285956,-6.281226093748889,0,1,0.0,0.0,0.0,0.0,East South Central,2026,0.0,0.0,0.0,1,104,2,8.22043198362242,0.0,0.0,0.0,-59.65305287454728,-47.13287042782814,-1,-94.26574085565626,19.690907932962048,3.5531808395116333,0.0,5,12.71561390733332,26.68718001600758,0.0,Safe R,"<p style=""color:blue;"">Amanda Pusczek (D)</p> vs <p style=""color:Robert Aderholt"">Robert Aderholt (R)</p>",(R),AL-04,(R),True,False,,R+60.6,100.0,0.0,100.0,<1%,>99%
5,5,AL-05,Andrew Sneed,Dale Strong,False,True,AL,5,"SNEED, ANDREW RANKIN GUYTON","STRONG, DALE WHITNEY",618618.06,687028.52,1305646.58,47.38020759032663,52.61979240967337,Alabama,AL-05,73.15105461259853,3.7923442937291374,1.319863646047866,0.5356508770683901,17.968716710460907,24.334814452989484,-16.056271306062705,-14.006039126962882,-14.518597171737838,64.29375524204671,0.9874012141285956,-6.281226093748889,0,1,0.0,0.0,0.0,0.0,East South Central,2026,0.0,0.0,0.0,1,105,1,2244.884071302445,0.0,0.0,0.0,-22.755968249726788,-2.619792409673373,-1,-5.239584819346745,38.7197741187605,3.6081451166914063,0.1149999999999999,6,31.548752067156475,45.74950230715877,0.0,Safe R,"<p style=""color:blue;"">Andrew Sneed (D)</p> vs <p style=""color:Dale Strong"">Dale Strong (R)</p>",(R),AL-05,(R),True,False,,R+22.6,99.885,0.1,99.9,<1%,>99%
6,6,AL-06,Keith Pilkington,Gary Palmer,False,True,AL,6,no_match,"PALMER, GARY",0.0,550131.2,550131.2,0.0,100.0,Alabama,AL-06,74.22095263600318,2.773996295387088,1.3637513297179882,0.139480907853333,19.762770871923053,26.276269145783107,-18.912435438442124,-16.644597871775154,-17.211557263441897,69.01542868447964,0.9874012141285956,-6.281226093748889,0,1,0.0,0.0,0.0,0.0,East South Central,2026,0.0,0.0,0.0,1,106,1,0.0,0.0,0.0,0.0,-28.141888433134906,-50.0,-1,-100.0,35.13705896933088,3.512415927007631,0.005,7,28.16154104439036,42.02619626543023,0.0,Safe R,"<p style=""color:blue;"">Keith Pilkington (D)</p> vs <p style=""color:Gary Palmer"">Gary Palmer (R)</p>",(R),AL-06,(R),True,False,,R+29.7,99.995,0.0,100.0,<1%,>99%
7,7,AL-07,Terri Sewell,Ammie Akin,True,False,AL,7,"SEWELL, TERRI A.","AKIN, AMMIE",370052.62,50730.44,420783.06,87.94380173004113,12.056198269958871,Alabama,AL-07,43.9120865562396,1.7832356255205188,0.8290194925725733,0.3699651445295419,51.21377235621891,16.178301168052776,9.358565093836743,9.744483081718627,9.648003584748157,64.05272558564633,0.9874012141285956,-6.281226093748889,1,0,0.0,0.0,0.0,0.0,East South Central,2026,0.0,0.0,0.0,1,107,3,7734.112262732785,0.0,0.0,0.0,25.5772332632452,37.94380173004113,1,75.88760346008226,63.98085828788533,3.4506925891073257,100.0,8,57.20385374495464,70.78238920809949,0.0,Safe D,"<p style=""color:blue;"">Terri Sewell (D)</p> vs <p style=""color:Ammie Akin"">Ammie Akin (R)</p>",(D),AL-07,(D),True,False,,D+28.0,0.0,100.0,0.0,>99%,<1%
8,8,AR-01,Terri Green,Rick Crawford,False,True,AR,1,"GREEN, TERRI YARBROUGH DR.","CRAWFORD, ERIC ALAN RICK",42411.53,340155.71,382567.24,11.086032876207591,88.91396712379242,Arkansas,AR-01,78.3957679768715,2.443255213138956,0.4583520066081424,0.2400724083691421,15.943725340292971,17.57,-23.343454996921203,-22.33788206427918,-22.589275297439684,40.70662277793355,0.9874012141285956,-6.281226093748889,0,1,0.0,0.0,0.0,0.0,West South Central,2026,0.0,0.0,0.0,5,501,2,122.90012493235557,0.0,0.0,0.0,-38.89732450113048,-38.91396712379241,-1,-77.82793424758484,28.896942934417662,3.5421016738654503,0.0,9,21.976319190170123,35.81309074550701,0.0,Safe R,"<p style=""color:blue;"">Terri Green (D)</p> vs <p style=""color:Rick Crawford"">Rick Crawford (R)</p>",(R),AR-01,(R),True,False,,R+42.2,100.0,0.0,100.0,<1%,>99%
9,9,AR-02,Chris Jones,French Hill,False,True,AR,2,"JONES, CHRIS","HILL, JAMES FRENCH",1137965.66,1792110.49,2930076.15,38.83740905505135,61.16259094494865,Arkansas,AR-02,72.7542733091185,3.4469252548529195,1.0554177761228634,0.211821241138987,20.171494411151,32.53,-9.010669794571475,-7.20715574417072,-7.658034256770909,69.08968925615443,0.9874012141285956,-6.281226093748889,0,1,47.99943050981146,0.5524328074783984,43.99971525490572,0.5524328074783984,West South Central,2026,0.0,0.0,0.0,5,502,1,1508.3443421093843,0.5524328074783984,0.7432582374103891,-3.9997152549057375,-9.03484241979293,-11.162590944948654,-1,-22.3251818898973,46.56309924367778,3.492550436938994,16.16,10,39.74927994230451,53.47930493639284,0.295,Likely R,"<p style=""color:blue;"">Chris Jones (D)</p> vs <p style=""color:French Hill"">French Hill (R)</p>",(R),AR-02,(R),True,False,,R+6.9,83.84,16.2,83.8,16.2%,83.8%
10,10,AR-03,Robb Ryerse,Steve Womack,False,True,AR,3,"RYERSE, ROBB","WOMACK, STEPHEN A THE HON",114390.67,879733.85,994124.52,11.506674234330324,88.49332576566967,Arkansas,AR-03,80.42773542844415,9.752721208026758,2.733817717259445,0.7309938829194839,2.6732543862394222,31.07,-14.340126369002247,-12.045314516278616,-12.619017479459524,71.834884674975,0.9874012141285956,-6.281226093748889,0,1,0.0,0.0,0.0,0.0,West South Central,2026,0.0,0.0,0.0,5,503,2,132.40355193500136,0.0,0.0,0.0,-18.95680886517016,-38.49332576566968,-1,-76.98665153133935,39.30220791353717,3.5036554053775224,0.1399999999999999,11,32.46070090565992,46.13072802512832,0.0,Safe R,"<p style=""color:blue;"">Robb Ryerse (D)</p> vs <p style=""color:Steve Womack"">Steve Womack (R)</p>",(R),AR-03,(R),True,False,,R+21.4,99.86,0.1,99.9,<1%,>99%
11,11,AR-04,James Russell,Bruce Westerman,False,True,AR,4,"RUSSELL, JAMES RICHARD MR III","WESTERMAN, BRUCE",4353.42,863973.98,868327.4,0.5013569766426811,99.49864302335732,Arkansas,AR-04,72.99945602001563,4.195910758931815,0.5709131953242529,0.3221353783673158,19.51647798652985,18.06,-20.391524406217897,-19.580435954954844,-19.783208067770605,40.26591916461068,0.9874012141285956,-6.281226093748889,0,1,0.0,0.0,0.0,0.0,West South Central,2026,0.0,0.0,0.0,5,504,1,0.2513588180282898,0.0,0.0,0.0,-33.28519004179232,-49.49864302335732,-1,-98.99728604671463,31.59166748065445,3.499040521259112,0.005,12,24.741552695459745,38.473339552821216,0.0,Safe R,"<p style=""color:blue;"">James Russell (D)</p> vs <p style=""color:Bruce Westerman"">Bruce Westerman (R)</p>",(R),AR-04,(R),True,False,,R+36.8,99.995,0.0,100.0,<1%,>99%
12,12,AZ-01,Amish Shah,Jay Feely,False,False,AZ,1,"SHAH, AMISH DR.","FEELY, THOMAS JAMES",1194233.07,1278495.21,2472728.2800000003,48.29617065729519,51.70382934270481,Arizona,AZ-01,76.78919911119698,12.79280584806621,3.327858822013976,1.2216210994106849,3.238334460438605,50.61,-1.5175915449112196,-0.8183640956369089,-0.9931709579554866,97.73411140797197,0.9874012141285956,-6.281226093748889,0,0,0.0,0.0,0.0,0.0,Mountain,2026,0.0,0.0,0.0,4,401,0,2332.5201001585806,0.0,0.0,0.0,4.294884177837916,-1.7038293427048146,0,-3.40765868540962,51.24400988287047,3.4407233245108637,64.015,13,44.60779064879283,58.08775996910954,1.83,Tilt D,"<p style=""color:blue;"">Amish Shah (D)</p> vs <p style=""color:Jay Feely"">Jay Feely (R)</p>",(D),AZ-01,(R),False,True,Flip,D+2.5,35.985,64.0,36.0,64.0%,36.0%
13,13,AZ-02,Jonathan Nez,Elijah Crane,False,True,AZ,2,"NEZ, JONATHAN MICHAEL","CRANE, ELI",3207490.98,8581510.99,11789001.97,27.207485316927126,72.79251468307287,Arizona,AZ-02,61.65272226886983,14.154285795303275,1.196314331039111,17.555290548108566,2.311025972655222,25.05,-6.26922897438012,-6.810069835406189,-6.674859620149672,56.88700900565308,0.9874012141285956,-6.281226093748889,0,1,0.0,0.0,0.0,0.0,Mountain,2026,0.0,0.0,0.0,4,402,1,740.2472572708052,0.0,0.0,0.0,-7.068493146550455,-22.792514683072877,-1,-45.58502936614573,45.325106427803554,3.477021884097825,8.815000000000001,14,38.514726176880885,52.22945455007799,0.33,Very Likely R,"<p style=""color:blue;"">Jonathan Nez (D)</p> vs <p style=""color:Elijah Crane"">Elijah Crane (R)</p>",(R),AZ-02,(R),True,False,,R+9.3,91.185,8.8,91.2,8.8%,91.2%
14,14,AZ-03,Yassamin Ansari,Nicholas Glenn,True,False,AZ,3,"ANSARI, YASSAMIN",no_match,1122769.98,0.0,1122769.98,100.0,0.0,Arizona,AZ-03,29.427764455102583,50.881961097788434,2.75406341593392,2.200266453503864,11.967386091127098,18.02,23.459129498606195,20.90375077357009,21.542595454829115,99.90775372131304,0.9874012141285956,-6.281226093748889,1,0,0.0,0.0,0.0,0.0,Mountain,2026,0.0,0.0,0.0,4,403,5,10000.0,0.0,0.0,0.0,49.36641700340712,50.0,1,100.0,75.14103231762743,3.4987740517394106,100.0,15,68.21494771930765,81.98631313935594,0.0,Safe D,"<p style=""color:blue;"">Yassamin Ansari (D)</p> vs <p style=""color:Nicholas Glenn"">Nicholas Glenn (R)</p>",(D),AZ-03,(D),True,False,,D+50.3,0.0,100.0,0.0,>99%,<1%
15,15,AZ-04,Greg Stanton,Zuhdi Jasser,False,True,AZ,4,"STANTON, GREG","JASSER, M. ZUHDI",1477893.54,549443.66,2027337.2,72.89825984547612,27.10174015452387,Arizona,AZ-04,64.4137778571368,20.664404934996472,4.360040473093045,1.7296295351546225,5.171372939145813,37.21,2.982997896148653,4.131390408465421,3.844292280386229,99.90234215232358,0.9874012141285956,-6.281226093748889,0,1,0.0,0.0,0.0,0.0,Mountain,2026,0.0,0.0,0.0,4,404,6,5314.156288498556,0.0,0.0,0.0,13.969810654521346,22.89825984547612,-1,45.796519690952245,56.72310293114454,3.3866603730320928,97.67,16,50.083434124750426,63.41124515246325,0.055,Safe D,"<p style=""color:blue;"">Greg Stanton (D)</p> vs <p style=""color:Zuhdi Jasser"">Zuhdi Jasser (R)</p>",(D),AZ-04,(D),True,False,,D+13.4,2.3299999999999983,97.7,2.3,97.7%,2.3%
16,16,AZ-05,Elizabeth Lee,Mark Lamb,False,False,AZ,5,"LEE, ELIZABETH","LAMB, MARK",147610.62,1111290.56,1258901.1800000002,11.72535401070956,88.27464598929043,Arizona,AZ-05,72.35594115327287,15.303557941032958,4.749045846172356,0.7024978443810199,3.532708593734334,39.69,-10.58864813540854,-9.346392647590667,-9.656956519545137,98.94992776348708,0.9874012141285956,-6.281226093748889,0,0,0.0,0.0,0.0,0.0,Mountain,2026,0.0,0.0,0.0,4,405,0,137.48392667646277,0.0,0.0,0.0,-13.032686945341386,-38.27464598929044,0,-76.54929197858087,42.5666175990705,3.683377240905621,2.255,17,35.379399240518794,49.85374957468535,0.005,Safe R,"<p style=""color:blue;"">Elizabeth Lee (D)</p> vs <p style=""color:Mark Lamb"">Mark Lamb (R)</p>",(R),AZ-05,(R),True,False,,R+14.9,97.745,2.3,97.7,2.3%,97.7%
17,17,AZ-06,JoAnna Mendoza,Juan Ciscomani,False,True,AZ,6,"MENDOZA, JOANNA","CISCOMANI, JUAN",5916360.74,2300890.11,8217250.85,71.9992713864881,28.0007286135119,Arizona,AZ-06,68.78801247912268,21.19922478177292,2.793149087700501,0.7504805722749188,3.3941007783695207,38.0,-2.2330459068923503,0.3711607096416927,-0.279890944491818,82.94599495853946,0.9874012141285956,-6.281226093748889,0,1,46.99999989983704,0.0787193380835847,44.99868061390355,0.0787193380835847,Mountain,2026,0.0,0.0,0.0,4,406,0,5183.895080185164,0.0787193380835847,0.280569667076797,-2.0013192859334907,5.721444204765253,21.999271386488104,-1,43.9985427729762,52.48547632373803,3.577694215443617,75.64999999999999,18,45.50154238394624,59.54308592080298,1.63,Likely D,"<p style=""color:blue;"">JoAnna Mendoza (D)</p> vs <p style=""color:Juan Ciscomani"">Juan Ciscomani (R)</p>",(D),AZ-06,(R),False,True,Flip,D+5.0,24.35000000000001,75.6,24.4,75.6%,24.4%
18,18,AZ-07,Adelita Grijalva,Daniel Butierez,True,False,AZ,7,"GRIJALVA, ADELITA","BUTIEREZ, DANIEL",1841371.59,39892.43,1881264.02,97.87948796256678,2.1205120374332145,Arizona,AZ-07,37.2926915580427,51.72053401004432,1.850076001635548,2.830121217566371,3.891393754480796,20.91,14.362636693903234,11.944105165220831,12.548738047391431,85.0821345287191,0.9874012141285956,-6.281226093748889,1,0,0.0,0.0,0.0,0.0,Mountain,2026,0.0,0.0,0.0,4,407,5,9580.394163814257,0.0,0.0,0.0,31.37870218853175,47.87948796256679,1,95.75897592513358,67.16305998679358,3.5835510224024203,100.0,19,60.15422265186659,74.17596124487257,0.0,Safe D,"<p style=""color:blue;"">Adelita Grijalva (D)</p> vs <p style=""color:Daniel Butierez"">Daniel Butierez (R)</p>",(D),AZ-07,(D),True,False,,D+34.3,0.0,100.0,0.0,>99%,<1%
19,19,AZ-08,Bernadette Greene-Placentia,Abraham Hamadeh,False,True,AZ,8,"GREENE PLACENTIA, BERNADETTE","HAMADEH, ABRAHAM",209257.94,558599.65,767857.5900000001,27.252180967567178,72.74781903243282,Arizona,AZ-08,71.74240375530427,16.980999789665567,3.33012823723053,1.0099391365604644,3.8401057681713926,31.480000000000004,-9.132718304933723,-7.489918940932021,-7.900618781932446,98.2005008746429,0.9874012141285956,-6.281226093748889,0,1,0.0,0.0,0.0,0.0,Mountain,2026,0.0,0.0,0.0,4,408,0,742.6813674890307,0.0,0.0,0.0,-9.520011470116003,-22.747819032432822,-1,-45.495638064865645,44.45810204266623,3.5918782788524983,6.13,20,37.38762995693205,51.477630169455416,0.055,Very Likely R,"<p style=""color:blue;"">Bernadette Greene-Placentia (D)</p> vs <p style=""color:Abraham Hamadeh"">Abraham Hamadeh (R)</p>",(R),AZ-08,(R),True,False,,R+11.1,93.87,6.1,93.9,6.1%,93.9%
20,20,AZ-09,Dani Sterbinsky,Paul Gosar,False,True,AZ,9,"STERBINSKY, DANIELLE","GOSAR, PAUL DR.",354107.15,490055.85,844163.0,41.94772218161658,58.052277818383416,Arizona,AZ-09,64.47480152153669,24.744069321464085,2.0190349921871302,1.1446249033255993,4.538725002762126,21.77,-15.340271154940446,-14.92125135959553,-15.02600630843176,83.95669836347803,0.9874012141285956,-6.281226093748889,0,1,0.0,0.0,0.0,0.0,Mountain,2026,0.0,0.0,0.0,4,409,6,1759.611396226088,0.0,0.0,0.0,-23.770786523114637,-8.052277818383416,-1,-16.104555636766825,37.97937231337709,3.5203852103948434,0.05,21,31.12833779720541,44.89421252754848,0.0,Safe R,"<p style=""color:blue;"">Dani Sterbinsky (D)</p> vs <p style=""color:Paul Gosar"">Paul Gosar (R)</p>",(R),AZ-09,(R),True,False,,R+24.0,99.95,0.0,100.0,<1%,>99%
21,21,CA-01,Mike McGuire,James Gallagher,False,True,CA,1,"MCGUIRE, MIKE","GALLAGHER, JAMES",1527504.6,959754.47,2487259.0700000003,61.41316835161848,38.58683164838152,California,CA-01,70.84344760168271,19.166401224329896,3.610381907450326,1.1703261096404995,1.7383727103310158,19.602523222503656,6.889954064656834,7.063047685509716,7.019774280296495,72.10586201986447,0.9874012141285956,-6.281226093748889,0,1,0.0,0.0,0.0,0.0,Pacific,2026,0.0,0.0,0.0,6,601,1,3771.5772469842327,0.0,0.0,0.0,20.32077465434188,11.413168351618474,-1,22.82633670323695,58.49361222331762,3.719907425501472,98.975,22,51.27057164652978,65.70795281428889,0.0,Safe D,"<p style=""color:blue;"">Mike McGuire (D)</p> vs <p style=""color:James Gallagher"">James Gallagher (R)</p>",(D),CA-01,(R),False,True,Flip,D+17.0,1.0250000000000057,99.0,1.0,99.0%,1.0%
22,22,CA-02,Jared Huffman,Robin Littau,True,False,CA,2,"HUFFMAN, JARED",no_match,607581.82,0.0,607581.82,100.0,0.0,California,CA-02,78.63444726835155,10.641264347481869,3.793883195339444,1.4551976725244735,1.5729026359255864,28.716505117086776,12.286254571722743,13.474872342928537,13.177717900127089,69.38278512054232,0.9874012141285956,-6.281226093748889,1,0,0.0,0.0,0.0,0.0,Pacific,2026,0.0,0.0,0.0,6,602,2,10000.0,0.0,0.0,0.0,32.63666189400307,50.0,1,100.0,68.93316095877272,3.3612901147388707,100.0,23,62.42375573797209,75.54856607123459,0.0,Safe D,"<p style=""color:blue;"">Jared Huffman (D)</p> vs <p style=""color:Robin Littau"">Robin Littau (R)</p>",(D),CA-02,(D),True,False,,D+37.9,0.0,100.0,0.0,>99%,<1%
23,23,CA-03,Ami Bera,Robb Tucker,True,False,CA,3,"BERA, AMERISH","TUCKER, ROBB",571221.94,51399.0,622620.94,91.74473637202117,8.255263627978849,California,CA-03,65.68707995092416,14.93067493765992,9.226693496726469,0.293876014722754,5.86159597838636,26.110866724881657,4.892422010844001,6.024267786649808,5.741306342698357,84.06623424093826,0.9874012141285956,-6.281226093748889,1,0,0.0,0.0,0.0,0.0,Pacific,2026,0.0,0.0,0.0,6,603,0,8417.096651971664,0.0,0.0,0.0,17.7638387791456,41.744736372021165,1,83.4894727440423,60.168597241051216,3.315616869947996,99.94,24,53.64997015701105,66.7194862279912,0.0,Safe D,"<p style=""color:blue;"">Ami Bera (D)</p> vs <p style=""color:Robb Tucker"">Robb Tucker (R)</p>",(D),CA-03,(R),False,True,Flip,D+20.3,0.060000000000002274,99.9,0.1,>99%,<1%
24,24,CA-05,Michael Masuda,Tom McClintock,False,True,CA,5,"MASUDA, MICHAEL","MCCLINTOCK, THOMAS",340049.25,770054.44,1110103.69,30.632206077974573,69.36779392202543,California,CA-05,62.91777770306973,24.737288180577995,5.411536140900944,0.8705453117065342,2.633753448120277,19.34712525051928,-9.687488329286452,-9.851392433026774,-9.810416407091694,71.03186494855659,0.9874012141285956,-6.281226093748889,0,1,0.0,0.0,0.0,0.0,Pacific,2026,0.0,0.0,0.0,6,605,1,938.3320492035024,0.0,0.0,0.0,-13.3396067204345,-19.367793922025427,-1,-38.73558784405085,43.87169557429988,3.5006133650315574,4.045,25,36.98934957872589,50.71157860603579,0.015,Safe R,"<p style=""color:blue;"">Michael Masuda (D)</p> vs <p style=""color:Tom McClintock"">Tom McClintock (R)</p>",(R),CA-05,(R),True,False,,R+12.3,95.955,4.0,96.0,4.0%,96.0%
25,25,CA-06,Richard Pan,Kevin Kiley,False,True,CA,6,"PAN, RICHARD DR.","KILEY, KEVIN",769475.7,1877278.6,2646754.3,29.07242655655645,70.92757344344355,California,CA-06,57.66105203726357,18.728333490166555,11.677990025406984,0.3063893855274301,6.947021737084784,22.99290656202588,4.18957631832059,5.085139900214401,4.861249004740948,99.92408659672952,0.9874012141285956,-6.281226093748889,0,1,39.0,0.2108359483385415,35.0,0.2108359483385415,Pacific,2026,0.0,0.0,0.0,6,606,6,845.2059858863689,0.2108359483385415,0.4591687580166376,-4.0,16.003724103230784,-20.927573443443546,-1,-41.85514688688709,54.50697154843955,3.5466034816063097,89.835,26,47.51430986900981,61.46104671633819,0.455,Likely D,"<p style=""color:blue;"">Richard Pan (D)</p> vs <p style=""color:Kevin Kiley"">Kevin Kiley (I)</p>",(D),CA-06,(D),True,False,,D+9.0,10.165000000000006,89.8,10.2,89.8%,10.2%
26,26,CA-08,John Garamendi,Rudy Recile,True,False,CA,8,"GARAMENDI, JOHN","RECILE, RUDY",154592.65,8551.0,163143.65,94.75860690869672,5.241393091303278,California,CA-08,38.312977743021214,23.791314948133497,18.3405402089994,0.2449571037560089,14.406084443115516,22.16003504935723,19.529488980260105,18.343778871241877,18.64020639849643,96.2620842021322,0.9874012141285956,-6.281226093748889,1,0,0.0,0.0,0.0,0.0,Pacific,2026,0.0,0.0,0.0,6,608,6,8979.193583276905,0.0,0.0,0.0,43.56163889074176,44.75860690869672,1,89.51721381739345,72.67994418954288,3.0180285807586404,100.0,27,66.81163408698818,78.62059177908094,0.0,Safe D,"<p style=""color:blue;"">John Garamendi (D)</p> vs <p style=""color:Rudy Recile"">Rudy Recile (R)</p>",(D),CA-08,(D),True,False,,D+45.4,0.0,100.0,0.0,>99%,<1%
27,27,CA-09,Josh Harder,John McBride,True,False,CA,9,"HARDER, JOSH","MCBRIDE, JOHN",2899433.12,10309.45,2909742.5700000003,99.64569202422604,0.354307975773953,California,CA-09,32.9683487467112,31.31370819088432,19.678839821656453,0.3426653852819309,11.52852393931278,14.3298958314311,11.124363299683118,6.648093174595054,7.76716070586707,96.87762739031037,0.9874012141285956,-6.281226093748889,1,0,0.0,0.0,0.0,0.0,Pacific,2026,0.0,0.0,0.0,6,609,4,9929.263938986904,0.0,0.0,0.0,21.81554750548303,49.64569202422604,1,99.29138404845207,63.328898436294665,3.348006603762144,99.99,28,56.79553713355506,69.90962668810795,0.0,Safe D,"<p style=""color:blue;"">Josh Harder (D)</p> vs <p style=""color:John McBride"">John McBride (R)</p>",(D),CA-09,(D),True,False,,D+26.7,0.010000000000005116,100.0,0.0,>99%,<1%
28,28,CA-10,Mark DeSaulnier,Jeff Frese,True,False,CA,10,"DESAULNIER, MARK",no_match,260665.22,0.0,260665.22,100.0,0.0,California,CA-10,56.67726838933503,15.968757112174895,18.34123521862945,0.1922080207163908,4.707662119337274,36.96817371713849,17.455162480496703,18.122722924336607,17.95583281337663,98.65317381487463,0.9874012141285956,-6.281226093748889,1,0,0.0,0.0,0.0,0.0,Pacific,2026,0.0,0.0,0.0,6,610,6,10000.0,0.0,0.0,0.0,42.19289172050215,50.0,1,100.0,72.21214681537641,3.3647167852293625,100.0,29,65.64272474727055,78.80809928355016,0.0,Safe D,"<p style=""color:blue;"">Mark DeSaulnier (D)</p> vs <p style=""color:Jeff Frese"">Jeff Frese (R)</p>",(D),CA-10,(D),True,False,,D+44.4,0.0,100.0,0.0,>99%,<1%
29,29,CA-13,Adam Gray,Kevin Lincoln,True,False,CA,13,"GRAY, ADAM C.","LINCOLN, KEVIN J II",2422914.26,1194408.82,3617323.08,66.98086420303933,33.01913579696066,California,CA-13,29.37071606527673,54.70705336814123,8.838584319755869,0.28585392602129,4.378881617375342,7.211882439915307,6.784173859276542,1.0039789518789275,2.4490276787283314,88.78056109055254,0.9874012141285956,-6.281226093748889,1,0,0.0,0.0,0.0,0.0,Pacific,2026,0.0,0.0,0.0,6,613,5,4486.436169385996,0.0,0.0,0.0,11.17928145120555,16.98086420303933,1,33.96172840607867,55.42379028893154,3.3283516717216823,94.93,30,48.9452974459585,61.96154408531228,0.40499999999999997,Very Likely D,"<p style=""color:blue;"">Adam Gray (D)</p> vs <p style=""color:Kevin Lincoln"">Kevin Lincoln (R)</p>",(D),CA-13,(D),True,False,,D+10.8,5.069999999999993,94.9,5.1,94.9%,5.1%
30,30,CA-15,Kevin Mullin,Charles Hoelter,True,False,CA,15,"MULLIN, KEVIN",no_match,347324.85,0.0,347324.85,100.0,0.0,California,CA-15,34.777999054400624,20.5246234488179,38.56776488551493,0.1434773086849823,3.0633735792983323,35.19055884482685,26.95694481453203,25.569180179830106,25.916121338505583,99.9781307884246,0.9874012141285956,-6.281226093748889,1,0,0.0,0.0,0.0,0.0,Pacific,2026,0.0,0.0,0.0,6,615,6,10000.0,0.0,0.0,0.0,58.11346877076006,50.0,1,100.0,78.39780381730529,3.5064509238805703,100.0,31,71.52320049280166,85.28101778307597,0.0,Safe D,"<p style=""color:blue;"">Kevin Mullin (D)</p> vs <p style=""color:Charles Hoelter"">Charles Hoelter (R)</p>",(D),CA-15,(D),True,False,,D+56.8,0.0,100.0,0.0,>99%,<1%
31,31,CA-16,Sam Liccardo,Peter Soule,True,False,CA,16,"LICCARDO, SAM T.","SOULE, PETER SUNDIN MR.",1505069.67,300.0,1505369.67,99.98007134021772,0.0199286597822845,California,CA-16,49.58565973642519,15.927858491016572,28.838331509585576,0.1769069930171571,2.175416157090088,42.95829730079056,24.704698898313787,25.704701737720576,25.45470102786888,97.48952265478796,0.9874012141285956,-6.281226093748889,1,0,0.0,0.0,0.0,0.0,Pacific,2026,0.0,0.0,0.0,6,616,6,9996.014665195024,0.0,0.0,0.0,57.19062814948665,49.98007134021772,1,99.96014268043542,78.42852376123605,3.713295071954978,100.0,32,71.19145002914063,85.74046620848436,0.0,Safe D,"<p style=""color:blue;"">Sam Liccardo (D)</p> vs <p style=""color:Peter Soule"">Peter Soule (R)</p>",(D),CA-16,(D),True,False,,D+56.9,0.0,100.0,0.0,>99%,<1%
32,32,CA-17,Ro Khanna,Ritesh Tandon,True,False,CA,17,"KHANNA, ROHIT","TANDON, RITESH",12735789.84,37628.48,12773418.32,99.70541573870572,0.2945842612942782,California,CA-17,29.33413783919468,16.392356880057132,48.404697874266105,0.2408803682499876,2.666654096262583,45.00669433213213,22.327721451578206,21.1230181151442,21.4241939492527,99.72736317096792,0.9874012141285956,-6.281226093748889,1,0,0.0,0.0,0.0,0.0,Pacific,2026,0.0,0.0,0.0,6,617,6,9941.169927628149,0.0,0.0,0.0,49.12961399225429,49.705415738705724,1,99.41083147741143,72.15750144063644,3.023227734394068,100.0,33,66.20019473650191,78.0785432537559,0.0,Safe D,"<p style=""color:blue;"">Ro Khanna (D)</p> vs <p style=""color:Ritesh Tandon"">Ritesh Tandon (R)</p>",(D),CA-17,(D),True,False,,D+44.3,0.0,100.0,0.0,>99%,<1%
33,33,CA-18,Zoe Lofgren,Shane Lewis,True,False,CA,18,"LOFGREN, ZOE","LEWIS, SHANE",1105068.2,14339.97,1119408.17,98.7189686135666,1.2810313864334222,California,CA-18,28.559519401879875,52.40836508258787,13.316533100837225,0.2904608916862736,2.8780948058617684,14.50297369508835,19.55726278738089,15.433968535609049,16.464792098552007,91.88169573937569,0.9874012141285956,-6.281226093748889,1,0,0.0,0.0,0.0,0.0,Pacific,2026,0.0,0.0,0.0,6,618,5,9745.434764126348,0.0,0.0,0.0,39.210810290852905,48.7189686135666,1,97.43793722713316,68.50826864597782,3.354294578321717,100.0,34,61.91538512097529,75.14138986421167,0.0,Safe D,"<p style=""color:blue;"">Zoe Lofgren (D)</p> vs <p style=""color:Shane Lewis"">Shane Lewis (R)</p>",(D),CA-18,(D),True,False,,D+37.0,0.0,100.0,0.0,>99%,<1%
34,34,CA-19,Jimmy Panetta,Peter Coe Verbica,True,False,CA,19,"PANETTA, JIMMY","VERBICA, PETER COE",1297933.47,72319.0,1370252.47,94.72221349106565,5.277786508934372,California,CA-19,56.78977309613504,19.205122355215003,17.945493362417388,0.1756543448946166,2.2759015964698484,32.428666690529504,17.990006208165845,18.572073207213343,18.42655645745147,86.38353690288645,0.9874012141285956,-6.281226093748889,1,0,0.0,0.0,0.0,0.0,Pacific,2026,0.0,0.0,0.0,6,619,6,8972.297728647018,0.0,0.0,0.0,43.13433900865183,44.722213491065645,1,89.44442698213125,72.60354208840803,3.375140136203349,100.0,35,65.98743156668151,79.11897725244313,0.0,Safe D,"<p style=""color:blue;"">Jimmy Panetta (D)</p> vs <p style=""color:Peter Coe Verbica"">Peter Coe Verbica (R)</p>",(D),CA-19,(D),True,False,,D+45.2,0.0,100.0,0.0,>99%,<1%
35,35,CA-20,Sandra Van Scotter,Vince Fong,False,True,CA,20,"VAN SCOTTER, SANDRA","FONG, VINCE",7179.07,784599.97,791779.0399999999,0.9067011927974248,99.09329880720256,California,CA-20,53.539599024405206,33.61583654185394,6.313371477657959,0.4987268181190655,3.268280897669924,16.56066862673846,-15.671424828008014,-15.74156287278469,-15.724028361590522,80.8628552029141,0.9874012141285956,-6.281226093748889,0,1,0.0,0.0,0.0,0.0,Pacific,2026,0.0,0.0,0.0,6,620,6,0.8221070530202729,0.0,0.0,0.0,-25.166830629432155,-49.09329880720257,-1,-98.18659761440516,35.781699338047126,3.6979747470975566,0.0349999999999999,36,28.531607205131305,42.98243010345576,0.0,Safe R,"<p style=""color:blue;"">Sandra Van Scotter (D)</p> vs <p style=""color:Vince Fong"">Vince Fong (R)</p>",(R),CA-20,(R),True,False,,R+28.4,99.965,0.0,100.0,<1%,>99%
36,36,CA-21,Jim Costa,Kyle Kirkland,True,False,CA,21,"COSTA, JIM","KIRKLAND, KYLE",526721.78,211511.35,738233.13,71.34897616962816,28.65102383037185,California,CA-21,27.21779216169562,55.42678127748884,9.585024460254017,0.4318849717698465,5.233766835026113,10.0818236100813,8.525360621848755,3.833909069287621,5.006771957427905,93.5368470315741,0.9874012141285956,-6.281226093748889,1,0,0.0,0.0,0.0,0.0,Pacific,2026,1.0,0.0,1.0,6,621,5,5090.676400454167,0.0,0.0,0.0,16.294770008604697,21.34897616962816,1,42.697952339256304,55.53885326096985,3.3632416314880444,94.98,37,48.89791653266671,62.205669184533775,0.165,Very Likely D,"<p style=""color:blue;"">Jim Costa (D)</p> vs <p style=""color:Kyle Kirkland"">Kyle Kirkland (R)</p>",(D),CA-21,(D),True,False,,D+11.1,5.019999999999996,95.0,5.0,95.0%,5.0%
37,37,CA-22,Randy Villegas,David Valadao,False,True,CA,22,"VILLEGAS, RANDY","VALADAO, DAVID",2396295.54,1423592.37,3819887.91,62.73209048168118,37.26790951831882,California,CA-22,22.131731749263547,64.46911039594447,4.9244331574607205,0.5380777585607149,6.308791441352686,6.196120481834767,6.443674626912497,-0.1784283901743464,1.4770973640973644,85.5457530408857,0.9874012141285956,-6.281226093748889,0,1,48.0,0.1149716460899266,44.0,0.1149716460899266,Pacific,2026,0.0,0.0,0.0,6,622,5,3935.315176201835,0.1149716460899266,0.3390746910194369,-4.0,9.235420821943617,12.732090481681183,-1,25.46418096336235,50.73577017324923,3.506972328573643,58.120000000000005,38,43.92393961883104,57.6706348054731,2.6950000000000003,Tossup,"<p style=""color:blue;"">Randy Villegas (D)</p> vs <p style=""color:David Valadao"">David Valadao (R)</p>",(D),CA-22,(R),False,True,Flip,D+1.5,41.879999999999995,58.1,41.9,58.1%,41.9%
38,38,CA-23,Tessa Lynn Hodge,Jay Obernolte,False,True,CA,23,"HODGE, TESSA LYNN","OBERNOLTE, JAY",70273.12,498759.83,569032.95,12.3495695635903,87.6504304364097,California,CA-23,45.35084919771292,38.36558759406158,4.0989122117591865,0.5102492030961014,8.499282882619614,11.736469209944158,-8.46280159143916,-9.199080109699054,-9.01501048013408,79.74956844557215,0.9874012141285956,-6.281226093748889,0,1,0.0,0.0,0.0,0.0,Pacific,2026,0.0,0.0,0.0,6,623,5,152.51186840595594,0.0,0.0,0.0,-11.748794866519273,-37.6504304364097,-1,-75.30086087281941,41.99667085875201,3.5560673996285925,1.265,39,35.067833595463284,48.913468530918365,0.0,Safe R,"<p style=""color:blue;"">Tessa Lynn Hodge (D)</p> vs <p style=""color:Jay Obernolte"">Jay Obernolte (R)</p>",(R),CA-23,(R),True,False,,R+16.0,98.735,1.3,98.7,1.3%,98.7%
39,39,CA-24,Salud Carbajal,Bob Smith,True,False,CA,24,"CARBAJAL, SALUD O.","SMITH, ROBERT BOB J",1065070.44,169881.92,1234952.36,86.24384830520913,13.756151694790884,California,CA-24,60.885584762046896,28.783836725556405,4.9819972762718505,0.2374867078335168,1.9002667761132768,24.51745034595917,12.574221528737231,13.629244536677334,13.365488784692308,93.21437257922362,0.9874012141285956,-6.281226093748889,1,0,0.0,0.0,0.0,0.0,Pacific,2026,0.0,0.0,0.0,6,624,6,7438.001370491923,0.0,0.0,0.0,33.012203663133505,36.24384830520913,1,72.48769661041824,66.49897778721248,3.3495498553168,100.0,40,59.92860183568208,73.02739375079297,0.0,Safe D,"<p style=""color:blue;"">Salud Carbajal (D)</p> vs <p style=""color:Bob Smith"">Bob Smith (R)</p>",(D),CA-24,(D),True,False,,D+33.0,0.0,100.0,0.0,>99%,<1%
40,40,CA-25,Raul Ruiz,Joe Males,True,False,CA,25,"RUIZ, RAUL DR.","MALES, JOE",1107923.8,880028.13,1987951.93,55.73192104298015,44.268078957019846,California,CA-25,36.96496184627584,52.70780314240119,3.308191187100417,0.6078966495603962,4.193806101792654,14.433412231084308,6.09240028187228,3.734667854822298,4.324100961584794,89.78122737348464,0.9874012141285956,-6.281226093748889,1,0,0.0,0.0,0.0,0.0,Pacific,2026,0.0,0.0,0.0,6,625,5,3106.047023140973,0.0,0.0,0.0,14.929428016918475,5.731921042980147,1,11.4638420859603,61.70331997365299,3.3382200390112016,99.97,41,55.19170678213096,68.22269493314222,0.0,Safe D,"<p style=""color:blue;"">Raul Ruiz (D)</p> vs <p style=""color:Joe Males"">Joe Males (R)</p>",(D),CA-25,(D),True,False,,D+23.4,0.030000000000001137,100.0,0.0,>99%,<1%
41,41,CA-26,Jacqui Irwin,Sam Gallucci,False,False,CA,26,"IRWIN, JACQUI V","GALLUCCI, SAMUEL",651832.31,144557.49,796389.8,81.84840011763083,18.15159988236916,California,CA-26,51.97177111803216,34.22722144536961,7.74407296764762,0.2091543253035021,2.758930273946482,25.606773882635952,9.152415665377902,8.61553219236555,8.749753060618637,95.25482817409512,0.9874012141285956,-6.281226093748889,0,0,0.0,0.0,0.0,0.0,Pacific,2026,0.0,0.0,0.0,6,626,6,6699.160601815791,0.0,0.0,0.0,23.780732214986163,31.84840011763083,0,63.69680023526168,61.92266114593971,3.6879570766026575,99.925,42,54.66197228564303,69.1874256629512,0.0,Safe D,"<p style=""color:blue;"">Jacqui Irwin (D)</p> vs <p style=""color:Sam Gallucci"">Sam Gallucci (R)</p>",(D),CA-26,(D),True,False,,D+23.8,0.07500000000000284,99.9,0.1,>99%,<1%
42,42,CA-27,George Whitesides,Jason Gibbs,True,False,CA,27,"WHITESIDES, GEORGE","GIBBS, JASON",2806000.81,366711.94,3172712.75,88.44169110487547,11.558308895124528,California,CA-27,36.35838610339599,40.37680171585183,9.85492399274314,0.2036655721512839,10.580814213326423,18.36882981384975,7.770706621579436,5.779206864189938,6.277081803537312,95.93766321242842,0.9874012141285956,-6.281226093748889,1,0,0.0,0.0,0.0,0.0,Pacific,2026,0.0,0.0,0.0,6,627,5,7821.932725490209,0.0,0.0,0.0,18.835389700823512,38.441691104875474,1,76.88338220975095,61.44435092780085,3.4875086529846038,99.975,43,54.6193058139152,68.38893974046717,0.0,Safe D,"<p style=""color:blue;"">George Whitesides (D)</p> vs <p style=""color:Jason Gibbs"">Jason Gibbs (R)</p>",(D),CA-27,(D),True,False,,D+22.9,0.025000000000005684,100.0,0.0,>99%,<1%
43,43,CA-28,Judy Chu,April A. Verlato,True,False,CA,28,"CHU, JUDY","VERLATO, APRIL",550348.25,250.0,550598.25,99.95459484297308,0.0454051570269248,California,CA-28,31.58973111178056,25.89796769633629,34.81024880464085,0.2373338276983446,4.9303254312176055,33.36363539422892,14.41198275369782,13.832907457572908,13.977676281604136,99.42521229678938,0.9874012141285956,-6.281226093748889,1,0,0.0,0.0,0.0,0.0,Pacific,2026,0.0,0.0,0.0,6,628,6,9990.9210302229,0.0,0.0,0.0,34.236578656957164,49.95459484297308,1,99.90918968594616,68.64619144752228,3.359026622799301,100.0,44,62.11933023908978,75.23550520639257,0.0,Safe D,"<p style=""color:blue;"">Judy Chu (D)</p> vs <p style=""color:April A. Verlato"">April A. Verlato (R)</p>",(D),CA-28,(D),True,False,,D+37.3,0.0,100.0,0.0,>99%,<1%
44,44,CA-30,Laura Friedman,Scott Alan Meyers,True,False,CA,30,"FRIEDMAN, LAURA","MEYERS, SCOTT ALAN",536826.25,18294.0,555120.25,96.70449780925846,3.295502190741556,California,CA-30,59.53279956743407,20.088741777502552,11.908715436283297,0.1969197944581143,4.609165355999203,38.57786884146783,20.62173615821677,21.45517682608608,21.24681665911876,98.02525114643052,0.9874012141285956,-6.281226093748889,1,0,0.0,0.0,0.0,0.0,Pacific,2026,0.0,0.0,0.0,6,630,6,9351.759896540874,0.0,0.0,0.0,48.774859411986405,46.704497809258456,1,93.40899561851688,74.24478714815784,3.493969150009787,100.0,45,67.36178373832615,80.99588318457307,0.0,Safe D,"<p style=""color:blue;"">Laura Friedman (D)</p> vs <p style=""color:Scott Alan Meyers"">Scott Alan Meyers (R)</p>",(D),CA-30,(D),True,False,,D+48.5,0.0,100.0,0.0,>99%,<1%
45,45,CA-31,Gil Cisneros,Eric Ching,True,False,CA,31,"CISNEROS, GILBERT","CHING, ERIC J",240263.63,81321.33,321584.96,74.7123341837877,25.2876658162123,California,CA-31,22.188528032828724,52.5940841577692,18.365476786177208,0.3794113095919921,4.441403259159226,19.50824216834069,10.53708290876598,7.053776773018278,7.924603306955204,99.84184159645092,0.9874012141285956,-6.281226093748889,1,0,0.0,0.0,0.0,0.0,Pacific,2026,0.0,0.0,0.0,6,631,5,5581.9328791899725,0.0,0.0,0.0,22.130432707659292,24.712334183787704,1,49.42466836757539,61.57902409294105,3.225466315900632,99.97,46,55.19050576247704,67.99596508977953,0.0,Safe D,"<p style=""color:blue;"">Gil Cisneros (D)</p> vs <p style=""color:Eric Ching"">Eric Ching (R)</p>",(D),CA-31,(D),True,False,,D+23.2,0.030000000000001137,100.0,0.0,>99%,<1%
46,46,CA-32,Brad Sherman,Larry Thompson,True,False,CA,32,"SHERMAN, BRAD","THOMPSON, LARRY",1435452.56,6864.0,1442316.56,99.52409892596673,0.4759010740332898,California,CA-32,58.91729514371024,20.781398894606443,12.213237496256363,0.17479375969942,4.4362765117482095,36.08422426946733,14.874682604991712,13.631644722852135,13.94240419338703,98.39250547694937,0.9874012141285956,-6.281226093748889,1,0,0.0,0.0,0.0,0.0,Pacific,2026,0.0,0.0,0.0,6,632,6,9905.046267025613,0.0,0.0,0.0,34.16603448052295,49.524098925966726,1,99.04819785193342,67.18194183027796,3.10795151345242,100.0,47,61.14881866065567,73.26212718424645,0.0,Safe D,"<p style=""color:blue;"">Brad Sherman (D)</p> vs <p style=""color:Larry Thompson"">Larry Thompson (R)</p>",(D),CA-32,(D),True,False,,D+34.4,0.0,100.0,0.0,>99%,<1%
47,47,CA-33,Pete Aguilar,Stephanie M. Vargas,True,False,CA,33,"AGUILAR, PETE","HERMAN, THOMAS",1908333.45,0.0,1908333.45,100.0,0.0,California,CA-33,22.988121550423877,55.3795630502087,7.610062630305714,0.2450478605838531,11.438073710730714,13.76265777414336,10.957281555491804,5.812216411664053,7.098482697620991,99.37148117283012,0.9874012141285956,-6.281226093748889,1,0,0.0,0.0,0.0,0.0,Pacific,2026,0.0,0.0,0.0,6,633,5,10000.0,0.0,0.0,0.0,20.47819148899087,50.0,1,100.0,61.01233885384885,3.34936384640492,99.965,48,54.45807756575456,67.6439754343831,0.0,Safe D,"<p style=""color:blue;"">Pete Aguilar (D)</p> vs <p style=""color:Stephanie M. Vargas"">Stephanie M. Vargas (R)</p>",(D),CA-33,(D),True,False,,D+22.0,0.03499999999999659,100.0,0.0,>99%,<1%
48,48,CA-35,Norma Torres,Mike Cargile,True,False,CA,35,"TORRES, NORMA","CARGILE, MIKE",268061.08,4759.0,272820.08,98.25562693185928,1.744373068140732,California,CA-35,22.90122309986709,53.934804755206486,13.475330784102765,0.2270217079300397,7.310425645286747,16.582292809161558,9.741851836785528,4.748667592563372,5.996963653618911,99.47273556656091,0.9874012141285956,-6.281226093748889,1,0,0.0,0.0,0.0,0.0,Pacific,2026,0.0,0.0,0.0,6,635,5,9654.168223772713,0.0,0.0,0.0,18.27515340098671,48.25562693185928,1,96.51125386371854,60.21238027444322,3.0212249968992686,99.96,49,54.30072490916441,66.18625677396165,0.0,Safe D,"<p style=""color:blue;"">Norma Torres (D)</p> vs <p style=""color:Mike Cargile"">Mike Cargile (R)</p>",(D),CA-35,(D),True,False,,D+20.4,0.04000000000000625,100.0,0.0,>99%,<1%
49,49,CA-36,Ted Lieu,Houston Brignano,True,False,CA,36,"LIEU, TED","BRIGNANO, HOUSTON",963243.7,5139.13,968382.83,99.46930802149808,0.530691978501932,California,CA-36,59.42468503026296,14.729491221647258,16.56603299327348,0.1570067447328972,4.548095610186131,47.80323177234499,20.257632283372764,20.962460473063224,20.78625342564061,99.99683470847664,0.9874012141285956,-6.281226093748889,1,0,0.0,0.0,0.0,0.0,Pacific,2026,0.0,0.0,0.0,6,636,6,9894.143238275665,0.0,0.0,0.0,47.85373294503011,49.46930802149808,1,98.93861604299612,74.88630936556484,3.346694278616545,100.0,50,68.39761863101937,81.46053178993982,0.0,Safe D,"<p style=""color:blue;"">Ted Lieu (D)</p> vs <p style=""color:Houston Brignano"">Houston Brignano (R)</p>",(D),CA-36,(D),True,False,,D+49.8,0.0,100.0,0.0,>99%,<1%
50,50,CA-38,Hilda Solis,Pedro Antonio Casas,False,False,CA,38,"SOLIS, HILDA",no_match,858285.17,0.0,858285.17,100.0,0.0,California,CA-38,17.540520960608976,52.90204686266665,26.2616913378675,0.238097812570959,1.569153249786447,18.788430396489257,11.980308790449747,7.148493437297958,8.356447275585905,99.78152478538604,0.9874012141285956,-6.281226093748889,0,0,0.0,0.0,0.0,0.0,Pacific,2026,0.0,0.0,0.0,6,638,5,10000.0,0.0,0.0,0.0,22.9941206449207,50.0,0,100.0,62.36647051665544,3.6921040920631807,99.95,51,55.20392804795716,69.66022314565602,0.0,Safe D,"<p style=""color:blue;"">Hilda Solis (D)</p> vs <p style=""color:Pedro Antonio Casas"">Pedro Antonio Casas (R)</p>",(D),CA-38,(D),True,False,,D+24.7,0.04999999999999716,100.0,0.0,>99%,<1%
51,51,CA-39,Mark Takano,Steve Manos,True,False,CA,39,"TAKANO, MARK",no_match,477989.83,0.0,477989.83,100.0,0.0,California,CA-39,24.692528530123926,55.91066520908469,6.9261026369292695,0.1908478836113977,10.043625292452926,11.444432050079069,11.040453779830628,5.674452524018342,7.015952837971414,98.56193754428266,0.9874012141285956,-6.281226093748889,1,0,0.0,0.0,0.0,0.0,Pacific,2026,0.0,0.0,0.0,6,639,5,10000.0,0.0,0.0,0.0,20.313131769691715,50.0,1,100.0,61.11471389776809,3.3320176934621437,99.975,52,54.57585844019824,67.6657728985337,0.0,Safe D,"<p style=""color:blue;"">Mark Takano (D)</p> vs <p style=""color:Steve Manos"">Steve Manos (R)</p>",(D),CA-39,(D),True,False,,D+22.2,0.025000000000005684,100.0,0.0,>99%,<1%
52,52,CA-41,Linda Sanchez,Mitch Clemmons,True,False,CA,41,"SANCHEZ, LINDA","CLEMMONS, MITCHELL",343262.38,1209.0,344471.38,99.64902744605372,0.3509725539462814,California,CA-41,27.151763301110904,55.586446876342336,11.074768380773731,0.1483702912629011,4.140969510200704,19.064887386346378,10.913193928152523,8.05641205806598,8.770607525587616,99.94391238190256,0.9874012141285956,-6.281226093748889,1,0,0.0,0.0,0.0,0.0,Pacific,2026,0.0,0.0,0.0,6,641,5,9929.928670944368,0.0,0.0,0.0,23.82244114492412,49.64902744605372,1,99.29805489210744,63.03311003134265,3.3970251110174905,99.99,53,56.35784750103529,69.69732935896361,0.0,Safe D,"<p style=""color:blue;"">Linda Sanchez (D)</p> vs <p style=""color:Mitch Clemmons"">Mitch Clemmons (R)</p>",(D),CA-41,(R),False,True,Flip,D+26.1,0.010000000000005116,100.0,0.0,>99%,<1%
53,53,CA-42,Robert Garcia,Brian Burley,True,False,CA,42,"GARCIA, ROBERT","BURLEY, BRIAN J MR.",1958611.91,44856.86,2003468.77,97.76104021826104,2.2389597817389486,California,CA-42,53.40661714760696,24.87389849996429,12.176781944645333,0.3183891231391447,5.827125142121655,31.60208084123849,7.837573176484014,7.534949812494823,7.61060565349212,99.9295507076592,0.9874012141285956,-6.281226093748889,1,0,0.0,0.0,0.0,0.0,Pacific,2026,0.0,0.0,0.0,6,642,6,9557.220984556454,0.0,0.0,0.0,21.50243740073313,47.76104021826104,1,95.52208043652207,62.56955835197781,3.439739945052778,99.99,54,55.83932755506433,69.31823343517715,0.0,Safe D,"<p style=""color:blue;"">Robert Garcia (D)</p> vs <p style=""color:Brian Burley"">Brian Burley (R)</p>",(D),CA-42,(D),True,False,,D+25.1,0.010000000000005116,100.0,0.0,>99%,<1%
54,54,CA-43,Maxine Waters,Cristian Morales,True,False,CA,43,"WATERS, MAXINE MS",no_match,338656.57,0.0,338656.57,100.0,0.0,California,CA-43,10.021316013975124,47.23856501616716,10.24563393639599,0.2217609305590746,29.830099513474185,13.785604547960752,30.34047016412448,26.046968179517076,27.12034367566892,100.0,0.9874012141285956,-6.281226093748889,1,0,0.0,0.0,0.0,0.0,Pacific,2026,0.1194329682667196,0.0,0.1194329682667196,6,643,5,10000.0,0.0,0.0,0.0,60.52191344508673,50.0,1,100.0,77.55878846695983,3.3414856770681487,100.0,55,70.98392773711933,84.03397106152141,0.0,Safe D,"<p style=""color:blue;"">Maxine Waters (D)</p> vs <p style=""color:Cristian Morales"">Cristian Morales (R)</p>",(D),CA-43,(D),True,False,,D+55.1,0.0,100.0,0.0,>99%,<1%
55,55,CA-44,Nanette Barragan,Genevieve Angel,True,False,CA,44,"BARRAGAN, NANETTE","ANGEL, GENEVIEVE",170768.62,10897.97,181666.59,94.00111489955307,5.998885100446922,California,CA-44,11.71588580669466,62.37561217645384,12.036560602023282,0.1375961335256769,11.790771181535012,11.70619397225054,24.89924334944252,18.911429840612065,20.40838321781968,100.0,0.9874012141285956,-6.281226093748889,1,0,0.0,0.0,0.0,0.0,Pacific,2026,0.0,0.0,0.0,6,644,5,8836.209602358978,0.0,0.0,0.0,47.09799252938825,44.00111489955307,1,88.00222979910616,74.27790406384199,3.417802930168768,100.0,56,67.59882678655536,80.91363434352989,0.0,Safe D,"<p style=""color:blue;"">Nanette Barragan (D)</p> vs <p style=""color:Genevieve Angel"">Genevieve Angel (R)</p>",(D),CA-44,(D),True,False,,D+48.6,0.0,100.0,0.0,>99%,<1%
56,56,CA-45,Derek Tran,Chuong V. Vo,True,False,CA,45,"TRAN, DEREK","VO, CHUONG",3582677.71,468762.84,4051440.55,88.42972433595256,11.570275664047449,California,CA-45,25.605315948860767,28.3476705198912,40.95560509282829,0.1748453875908455,2.568929041575475,23.23408870936347,2.8874444530368564,2.7860171233674507,2.811373955784802,100.0,0.9874012141285956,-6.281226093748889,1,0,0.0,0.0,0.0,0.0,Pacific,2026,0.0,0.0,0.0,6,645,4,7819.81614613256,0.0,0.0,0.0,11.903974005318492,38.42972433595256,1,76.85944867190511,59.63616456322444,3.48325419795026,99.775,57,52.8445436284098,66.55352393112372,0.0,Safe D,"<p style=""color:blue;"">Derek Tran (D)</p> vs <p style=""color:Chuong V. Vo"">Chuong V. Vo (R)</p>",(D),CA-45,(D),True,False,,D+19.3,0.22499999999999432,99.8,0.2,>99%,<1%
57,57,CA-46,Lou Correa,David Pan,True,False,CA,46,"CORREA, LOU","PAN, DAVID",417355.23,70667.0,488022.23,85.51971700141611,14.480282998583895,California,CA-46,25.47634329932538,52.42918250737239,17.604167134219963,0.1961479592981763,2.147079549892051,15.443471495577048,12.166556948447855,9.098020020114475,9.86515425219782,100.0,0.9874012141285956,-6.281226093748889,1,0,0.0,0.0,0.0,0.0,Pacific,2026,0.0,0.0,0.0,6,646,5,7313.6219960023,0.0,0.0,0.0,26.01153459814453,35.51971700141611,1,71.03943400283221,65.18701720906215,3.096464315101132,100.0,58,59.10106966675365,71.26290878169024,0.0,Safe D,"<p style=""color:blue;"">Lou Correa (D)</p> vs <p style=""color:David Pan"">David Pan (R)</p>",(D),CA-46,(D),True,False,,D+30.4,0.0,100.0,0.0,>99%,<1%
58,58,CA-47,Dave Min,Jenny Rae Le Roux,True,False,CA,47,"MIN, DAVE","LE ROUX, JENNY RAE",2584623.86,224597.42,2809221.28,92.00499364008805,7.995006359911955,California,CA-47,54.032808305097525,15.636615259128398,24.183126549909257,0.1441910899184141,2.1131919384423883,41.81402246413917,5.959473820771763,5.986406946248756,5.979673664879508,99.67046123573084,0.9874012141285956,-6.281226093748889,1,0,0.0,0.0,0.0,0.0,Pacific,2026,0.0,0.0,0.0,6,647,6,8464.918854712641,0.0,0.0,0.0,18.240573423507904,42.004993640088045,1,84.0099872801761,62.18800437632356,3.496268933890032,99.985,59,55.32984128363561,69.01723357016888,0.0,Safe D,"<p style=""color:blue;"">Dave Min (D)</p> vs <p style=""color:Jenny Rae Le Roux"">Jenny Rae Le Roux (R)</p>",(D),CA-47,(D),True,False,,D+24.4,0.015000000000000568,100.0,0.0,>99%,<1%
59,59,CA-48,Marni von Wilpert,Jim Desmond,False,False,CA,48,"VON WILPERT, MARNI","DESMOND, JIM",1684545.71,2024358.38,3708904.09,45.41896121126173,54.58103878873827,California,CA-48,50.453173940679584,32.59903966181392,8.035174109159971,0.5462210615795802,4.767994853690103,20.57249446277361,1.4455367328582795,2.510842060572884,2.2445157286442328,91.44645193971886,0.9874012141285956,-6.281226093748889,0,0,48.0,0.2858403795267589,46.0,0.2858403795267589,Pacific,2026,0.0,0.0,0.0,6,648,6,2062.8820375100977,0.2858403795267589,0.5346404207752711,-2.0,10.770257551037352,-4.581038788738269,0,-9.162077577476529,53.89092820959126,3.694695349186772,85.725,60,46.62976419876122,61.17164892115942,0.48,Likely D,"<p style=""color:blue;"">Marni von Wilpert (D)</p> vs <p style=""color:Jim Desmond"">Jim Desmond (R)</p>",(D),CA-48,(R),False,True,Flip,D+7.8,14.275000000000006,85.7,14.3,85.7%,14.3%
60,60,CA-49,Mike Levin,Armen Kurdian,True,False,CA,49,"LEVIN, MIKE","KURDIAN, ARMEN",2555546.84,42017.17,2597564.01,98.38243947643856,1.617560523561458,California,CA-49,63.83467712975668,17.967748885839676,11.61788553349285,0.2084679964770231,2.5250520697488934,36.44286801463964,5.4846144325145545,6.989986144328377,6.613643216374921,95.86424342122606,0.9874012141285956,-6.281226093748889,1,0,0.0,0.0,0.0,0.0,Pacific,2026,0.0,0.0,0.0,6,649,6,9679.104397335095,0.0,0.0,0.0,19.50851252649873,48.38243947643856,1,96.76487895287708,61.353708014495886,3.392373382866568,99.96,61,54.751204211718935,68.06884158842587,0.0,Safe D,"<p style=""color:blue;"">Mike Levin (D)</p> vs <p style=""color:Armen Kurdian"">Armen Kurdian (R)</p>",(D),CA-49,(D),True,False,,D+22.7,0.04000000000000625,100.0,0.0,>99%,<1%
61,61,CA-50,Scott Peters,Steve Cohen,True,False,CA,50,"PETERS, SCOTT",no_match,335980.15,0.0,335980.15,100.0,0.0,California,CA-50,62.16304659058372,16.197417305582086,14.21139963825916,0.2084367069134472,3.118191793782824,38.80571734181216,8.548877042696013,10.16587077554805,9.76162234233504,96.28307373012152,0.9874012141285956,-6.281226093748889,1,0,0.0,0.0,0.0,0.0,Pacific,2026,0.0,0.0,0.0,6,650,6,10000.0,0.0,0.0,0.0,25.804470778418967,50.0,1,100.0,65.39065381718294,3.3314170123816877,100.0,62,58.87425032529178,71.99943353247261,0.0,Safe D,"<p style=""color:blue;"">Scott Peters (D)</p> vs <p style=""color:Steve Cohen"">Steve Cohen (R)</p>",(D),CA-50,(D),True,False,,D+30.8,0.0,100.0,0.0,>99%,<1%
62,62,CA-51,Sara Jacobs,Ricardo Cabrera,True,False,CA,51,"JACOBS, SARA",no_match,414676.44,0.0,414676.44,100.0,0.0,California,CA-51,57.02255282080467,23.46931828298998,8.530409386330746,0.2360199220366144,6.660056246759528,27.436758159028543,9.411797040193171,10.143561486511778,9.960620374932128,96.57129438584086,0.9874012141285956,-6.281226093748889,1,0,0.0,0.0,0.0,0.0,Pacific,2026,0.0,0.0,0.0,6,651,6,10000.0,0.0,0.0,0.0,26.202466843613145,50.0,1,100.0,65.4711603058384,3.439594341403377,99.995,63,58.73150130845712,72.16297907687748,0.0,Safe D,"<p style=""color:blue;"">Sara Jacobs (D)</p> vs <p style=""color:Ricardo Cabrera"">Ricardo Cabrera (R)</p>",(D),CA-51,(D),True,False,,D+30.9,0.0049999999999954525,100.0,0.0,>99%,<1%
63,63,CA-52,Juan Vargas,Jeff Belle,True,False,CA,52,"VARGAS, JUAN C.","BELLE, JEFFERY MR",136002.51,18498.1,154500.61000000002,88.02716701247975,11.972832987520242,California,CA-52,21.885430356642825,52.59771449360969,14.326621795906854,0.2015300751956538,7.984351782396573,15.527301746876509,14.705925880215185,9.777881337371632,11.00989247308252,96.22737429507112,0.9874012141285956,-6.281226093748889,1,0,0.0,0.0,0.0,0.0,Pacific,2026,0.0,0.0,0.0,6,652,5,7748.782132243004,0.0,0.0,0.0,28.301011039913927,38.02716701247975,1,76.05433402495952,65.40786236930718,3.350370594693978,100.0,64,58.863184586219816,72.03602432535894,0.0,Safe D,"<p style=""color:blue;"">Juan Vargas (D)</p> vs <p style=""color:Jeff Belle"">Jeff Belle (R)</p>",(D),CA-52,(D),True,False,,D+30.8,0.0,100.0,0.0,>99%,<1%
64,64,CO-01,Melat Kiros,Christy Peterson,False,False,CO,1,"KIROS, MELAT","PETERSON, CHRISTY",1042236.67,1906.95,1044143.62,99.81736707829523,0.1826329217047747,Colorado,CO-01,64.39717331681855,20.208130584800497,3.261670942817541,0.322554484060279,8.513963844407089,54.25,29.08937987530832,29.556422150568515,29.439661581753462,99.98558985969512,0.9874012141285956,-6.281226093748889,0,0,0.0,0.0,0.0,0.0,Mountain,2026,0.0,0.0,0.0,8,801,0,9963.506770443137,0.0,0.0,0.0,65.16054925725581,49.817367078295234,0,99.63473415659044,80.9785278776753,3.71523340780467,100.0,65,73.71684663916777,88.30135367486974,0.0,Safe D,"<p style=""color:blue;"">Melat Kiros (D)</p> vs <p style=""color:Christy Peterson"">Christy Peterson (R)</p>",(D),CO-01,(D),True,False,,D+62.0,0.0,100.0,0.0,>99%,<1%
65,65,CO-02,Joe Neguse,Kelley Dennison,True,False,CO,2,"NEGUSE, JOSEPH",no_match,1556318.19,0.0,1556318.19,100.0,0.0,Colorado,CO-02,83.40108508527558,10.499318958332232,2.528400230479302,0.2664256149198344,0.8697598116695124,57.84,18.18460078497123,21.20911049693357,20.452983068942984,83.94529734523084,0.9874012141285956,-6.281226093748889,1,0,0.0,0.0,0.0,0.0,Mountain,2026,0.0,0.0,0.0,8,802,0,10000.0,0.0,0.0,0.0,47.18719223163486,50.0,1,100.0,73.98971371325155,3.382757110386856,100.0,66,67.46021534339854,80.67094810609262,0.0,Safe D,"<p style=""color:blue;"">Joe Neguse (D)</p> vs <p style=""color:Kelley Dennison"">Kelley Dennison (R)</p>",(D),CO-02,(D),True,False,,D+48.0,0.0,100.0,0.0,>99%,<1%
66,66,CO-03,Dwayne Romero,Jeff Hurd,False,True,CO,3,"ROMERO, DWAYNE","HURD, JEFFREY",354446.68,1900425.04,2254871.72,15.719150533317256,84.28084946668274,Colorado,CO-03,73.99307636571817,21.07915664051668,0.6989829234911575,1.0981206000483044,0.9009669830308342,31.59,-6.495568580958498,-4.238270899702165,-4.802595320016248,63.434802488465216,0.9874012141285956,-6.281226093748889,0,1,45.0,0.2662441296124809,46.0,0.2662441296124809,Mountain,2026,0.0,0.0,0.0,8,803,1,247.0916934890882,0.2662441296124809,0.5159884975583089,1.0,-3.323964546283608,-34.280849466682746,-1,-68.56169893336549,46.09721754412983,3.5957930152514943,13.775,67,39.011990723641,53.1534561719215,0.295,Likely R,"<p style=""color:blue;"">Dwayne Romero (D)</p> vs <p style=""color:Jeff Hurd"">Jeff Hurd (R)</p>",(R),CO-03,(R),True,False,,R+7.8,86.225,13.8,86.2,13.8%,86.2%
67,67,CO-04,Eileen Laubacher,Lauren Boebert,False,True,CO,4,"LAUBACHER, EILEEN","BOEBERT, LAUREN",10327015.55,797123.63,11124139.180000002,92.83428931352152,7.165710686478483,Colorado,CO-04,80.8414188292897,11.788527283381203,2.7885524475775867,0.2944210976622461,1.8705985124365048,46.19,-11.783262179516832,-8.606634241964052,-9.400791226352249,73.32729282870181,0.9874012141285956,-6.281226093748889,0,1,0.0,0.0,0.0,0.0,Mountain,2026,0.0,0.6872892787909722,-0.6872892787909722,8,804,0,8618.205272346617,0.0,0.0,0.0,-12.52035635895561,42.83428931352152,-1,85.66857862704302,48.40974894507928,3.542207727053206,32.705,68,41.52455536612979,55.32249856430369,1.625,Lean R,"<p style=""color:blue;"">Eileen Laubacher (D)</p> vs <p style=""color:Lauren Boebert"">Lauren Boebert (R)</p>",(R),CO-04,(R),True,False,,R+3.2,67.295,32.7,67.3,32.7%,67.3%
68,68,CO-05,Jessica Killin,Jeff Crank,False,True,CO,5,"KILLIN, JESSICA WILLOW","CRANK, JEFF",2221080.26,893034.34,3114114.6,71.32300975693059,28.67699024306941,Colorado,CO-05,72.22744965431563,14.91882573905884,2.8606713738059097,0.2692331724672785,5.765449205899974,40.29,-7.518044908239588,-3.918467809732362,-4.818362084359169,90.74287044452512,0.9874012141285956,-6.281226093748889,0,1,44.0,0.3066417136366411,45.0,0.3066417136366411,Mountain,2026,0.0,0.0,0.0,8,805,0,5086.971720787216,0.3066417136366411,0.5537523937976622,1.0,-3.355498074969449,21.32300975693059,-1,42.646019513861184,49.17068864741819,3.6078314795926634,40.92,69,42.15293738970357,56.31356724919115,1.94,Tossup,"<p style=""color:blue;"">Jessica Killin (D)</p> vs <p style=""color:Jeff Crank"">Jeff Crank (R)</p>",(R),CO-05,(R),True,False,,R+1.7,59.08,40.9,59.1,40.9%,59.1%
69,69,CO-06,Jason Crow,Mel Tewahade,True,False,CO,6,"CROW, JASON","TEWAHADE, BEMELEKOT W",2852189.98,9765.07,2861955.05,99.65879722674192,0.3412027732580915,Colorado,CO-06,66.45162056603512,15.349501052135649,4.93207143040959,0.2739709757048715,9.553352086356286,43.89,9.948397297397328,10.930194390616826,10.684745117311952,99.13646056914342,0.9874012141285956,-6.281226093748889,1,0,0.0,0.0,0.0,0.0,Mountain,2026,0.0,0.0,0.0,8,806,0,9931.875864680864,0.0,0.0,0.0,27.65071632837279,49.658797226741925,1,99.31759445348382,65.88054544257967,3.358888354455371,100.0,70,59.33275351897357,72.5299129466163,0.0,Safe D,"<p style=""color:blue;"">Jason Crow (D)</p> vs <p style=""color:Mel Tewahade"">Mel Tewahade (R)</p>",(D),CO-06,(D),True,False,,D+31.8,0.0,100.0,0.0,>99%,<1%
70,70,CO-07,Brittany Pettersen,Tim Bennett,True,False,CO,7,"PETTERSEN, BRITTANY LOUISE","BENNETT, TIMOTHY",837257.59,25165.4,862422.99,97.08201192549376,2.917988074506224,Colorado,CO-07,80.87027300602293,12.626419859157624,2.4924822033883567,0.311147209675652,1.2466759077445917,46.68,5.018386333394396,8.457494388603685,7.597717374801363,84.4003785522179,0.9874012141285956,-6.281226093748889,1,0,0.0,0.0,0.0,0.0,Mountain,2026,0.0,0.0,0.0,8,807,0,9424.917039501712,0.0,0.0,0.0,21.476660843351613,47.08201192549376,1,94.16402385098756,63.139734793665376,3.419270058072767,100.0,71,56.413294973230926,69.84932493786097,0.0,Safe D,"<p style=""color:blue;"">Brittany Pettersen (D)</p> vs <p style=""color:Tim Bennett"">Tim Bennett (R)</p>",(D),CO-07,(D),True,False,,D+26.3,0.0,100.0,0.0,>99%,<1%
71,71,CO-08,Manny Rutinel,Gabe Evans,False,True,CO,8,"RUTINEL, MANNY","EVANS, TIMOTHY GABRIEL JOSEPH",4220418.5,2098932.57,6319351.07,66.78563120247725,33.214368797522745,Colorado,CO-08,61.98501428153212,30.66810668818787,2.7977560983328984,0.3467524349814458,1.8981382578904475,27.96,0.077259715783164,-0.1899701804292917,-0.1231627063761777,93.2439473217453,0.9874012141285956,-6.281226093748889,0,1,0.0,0.0,0.0,0.0,Mountain,2026,0.0,0.0,0.0,8,808,6,4460.320535113303,0.0,0.0,0.0,6.034900680996533,16.785631202477248,-1,33.5712624049545,52.101068996058665,3.61360652333181,71.575,72,45.095389223968496,59.27092162310822,1.95,Lean D,"<p style=""color:blue;"">Manny Rutinel (D)</p> vs <p style=""color:Gabe Evans"">Gabe Evans (R)</p>",(D),CO-08,(R),False,True,Flip,D+4.2,28.424999999999997,71.6,28.4,71.6%,28.4%
72,72,CT-01,Luke Bronin,Amy Chai,False,False,CT,1,"BRONIN, LUKE","CHAI, AMY FOGELSTROM DR",3047349.99,4069.43,3051419.4200000004,99.8666381300018,0.1333618699981925,Connecticut,CT-01,64.40137564038754,15.736225820575475,3.759622185382137,0.0376093196268257,13.83255806991217,38.440000000000005,11.982017220107087,12.384450004840936,12.283841808657474,94.5887971114368,0.9874012141285956,-6.281226093748889,0,0,0.0,0.0,0.0,0.0,New England,2026,0.0,0.0,0.0,9,901,0,9973.34541138873,0.0,0.0,0.0,30.84890971106384,49.8666381300018,0,99.7332762600036,65.83015076481476,3.687782651728392,100.0,73,58.62677427361054,73.0926201779951,0.0,Safe D,"<p style=""color:blue;"">Luke Bronin (D)</p> vs <p style=""color:Amy Chai"">Amy Chai (R)</p>",(D),CT-01,(D),True,False,,D+31.7,0.0,100.0,0.0,>99%,<1%
73,73,CT-02,Joe Courtney,George Austin,True,False,CT,2,"COURTNEY, JOSEPH","AUSTIN, GEORGE PATRICK",323038.81,35397.0,358435.81,90.1245916249272,9.87540837507279,Connecticut,CT-02,83.8649026544923,7.447090227316061,2.7738349963632256,0.202494191753349,3.363839868934884,38.45,3.56969532683388,4.678290573163956,4.401141761581437,62.69863059285512,0.9874012141285956,-6.281226093748889,1,0,0.0,0.0,0.0,0.0,New England,2026,0.0,0.0,0.0,9,902,2,8122.442015559899,0.0,0.0,0.0,15.083509616911762,40.124591624927206,1,80.24918324985441,63.68558638589379,3.35304744519086,99.99,74,57.11594252062081,70.2844854420674,0.0,Safe D,"<p style=""color:blue;"">Joe Courtney (D)</p> vs <p style=""color:George Austin"">George Austin (R)</p>",(D),CT-02,(D),True,False,,D+27.4,0.010000000000005116,100.0,0.0,>99%,<1%
74,74,CT-03,Rosa DeLauro,Christopher Lancia,True,False,CT,3,"DELAURO, ROSA L","LANCIA, CHRISTOPHER JOHN MR.",518586.55,13648.55,532235.1,97.43561632819782,2.564383671802179,Connecticut,CT-03,68.19044643923594,13.507290585176271,3.1931568647267983,0.0707466992530251,13.02915315282206,39.36,7.71451615207922,7.916112610624609,7.865713495988261,95.92492397970574,0.9874012141285956,-6.281226093748889,1,0,0.0,0.0,0.0,0.0,New England,2026,0.0,0.0,0.0,9,903,0,9493.69932925577,0.0,0.0,0.0,22.01265308572541,47.435616328197824,1,94.87123265639563,62.919027675293165,3.342677195681624,100.0,75,56.30885814132264,69.53043189469713,0.0,Safe D,"<p style=""color:blue;"">Rosa DeLauro (D)</p> vs <p style=""color:Christopher Lancia"">Christopher Lancia (R)</p>",(D),CT-03,(D),True,False,,D+25.8,0.0,100.0,0.0,>99%,<1%
75,75,CT-04,Jim Himes,Michael Goldstein,True,False,CT,4,"HIMES, JIM","GOLDSTEIN, MICHAEL",416581.56,21809.4,438390.96,95.0251255180992,4.974874481900813,Connecticut,CT-04,65.71202279714056,16.4993488280947,4.838472624243191,0.1055347570659296,11.230367881507126,53.010000000000005,13.441533683571857,12.614760845623252,12.821454055110404,94.15354366192496,0.9874012141285956,-6.281226093748889,1,0,0.0,0.0,0.0,0.0,New England,2026,0.0,0.0,0.0,9,904,0,9029.774479730508,0.0,0.0,0.0,31.924134203969697,45.0251255180992,1,90.05025103619836,65.20545048712742,3.127154649843945,100.0,76,59.06705648136819,71.26817196284188,0.0,Safe D,"<p style=""color:blue;"">Jim Himes (D)</p> vs <p style=""color:Michael Goldstein"">Michael Goldstein (R)</p>",(D),CT-04,(D),True,False,,D+30.4,0.0,100.0,0.0,>99%,<1%
76,76,CT-05,Jahana Hayes,Chris Shea,True,False,CT,5,"HAYES, JAHANA","SHEA, CHRIS",610502.93,265539.48,876042.41,69.68874143889906,30.31125856110093,Connecticut,CT-05,70.17940953822861,16.079863739591218,3.236373959121877,0.0537471612414837,8.237320211960636,37.940000000000005,3.1856353220412785,3.58766924852516,3.4871607669041897,83.8877187533365,0.9874012141285956,-6.281226093748889,1,0,0.0,0.0,0.0,0.0,New England,2026,0.0,0.0,0.0,9,905,0,4856.520683337727,0.0,0.0,0.0,13.255547627557268,19.688741438899054,1,39.37748287779812,57.05255521858704,3.384641247305479,98.07,77,50.35503124680051,63.72617270811525,0.034999999999999996,Safe D,"<p style=""color:blue;"">Jahana Hayes (D)</p> vs <p style=""color:Chris Shea"">Chris Shea (R)</p>",(D),CT-05,(D),True,False,,D+14.1,1.9300000000000068,98.1,1.9,98.1%,1.9%
77,77,DE-AL,Sarah McBride,TBD,True,False,DE,0,"MCBRIDE, SARAH ELIZABETH",no_match,4017847.45,0.0,4017847.45,100.0,0.0,Delaware,DE-00,66.18528125384432,6.8483236794509725,3.0071429132302248,0.148276304321083,21.10784516446499,34.46,7.356909240777995,8.229289509930439,8.011194442642328,82.61211700008485,0.9874012141285956,-6.281226093748889,1,0,0.0,0.0,0.0,0.0,South Atlantic,2026,0.0,0.0,0.0,10,1000,0,10000.0,0.0,0.0,0.0,22.303614979033544,50.0,1,100.0,62.90978216287781,3.5733047774108955,99.985,78,55.87711862356414,69.92744771228013,0.0,Safe D,"<p style=""color:blue;"">Sarah McBride (D)</p> vs <p style=""color:TBD"">TBD (R)</p>",(D),DE-AL,(D),True,False,,D+25.8,0.015000000000000568,100.0,0.0,>99%,<1%
78,78,FL-01,Gay Valimont,Jimmy Patronis,False,True,FL,1,"VALIMONT, JENNIFER GAY","PATRONIS, JIMMY JR.",172478.85,3084611.95,3257090.8000000003,5.295487924377177,94.70451207562282,Florida,FL-01,75.14793293484956,5.955611794675413,2.39073608498027,0.1773197249463046,12.343617322388903,21.077253663335576,-18.708100263541567,-18.015602692372237,-18.188727085164565,85.79900964742252,0.9874012141285956,-6.281226093748889,0,1,0.0,0.0,0.0,0.0,South Atlantic,2026,0.0,0.0,0.0,12,1201,0,28.042192357224504,0.0,0.0,0.0,-30.096228076580243,-44.70451207562282,-1,-89.40902415124565,34.48368497199903,3.467626889727429,0.01,79,27.707093032998465,41.32337278849936,0.0,Safe R,"<p style=""color:blue;"">Gay Valimont (D)</p> vs <p style=""color:Jimmy Patronis"">Jimmy Patronis (R)</p>",(R),FL-01,(R),True,False,,R+31.0,99.99,0.0,100.0,<1%,>99%
79,79,FL-02,Amanda Green,Austin Rogers,False,False,FL,2,"GREEN, AMANDA MARIE","ROGERS, AUSTIN",340372.61,628431.88,968804.49,35.13326099469254,64.86673900530747,Florida,FL-02,67.5089378575143,5.594773790951638,1.5842758710348417,0.2242589703588143,22.461160946437857,20.039556931423903,-7.821643932328548,-8.414076139423194,-8.265968087649533,57.73776326959352,0.9874012141285956,-6.281226093748889,0,0,0.0,0.0,0.0,0.0,South Atlantic,2026,0.0,0.0,0.0,12,1202,1,1234.3460281211844,0.0,0.0,0.0,-10.250710081550178,-14.866739005307458,0,-29.733478010614924,44.84451854321773,3.68298462204556,8.055,80,37.62194915645741,52.053395554030274,0.01,Very Likely R,"<p style=""color:blue;"">Amanda Green (D)</p> vs <p style=""color:Austin Rogers"">Austin Rogers (R)</p>",(R),FL-02,(R),True,False,,R+10.3,91.945,8.1,91.9,8.1%,91.9%
80,80,FL-03,Seth Harp,Kat Cammack,False,True,FL,3,"HARP, SETH ALLAN","CAMMACK, KAT",36364.11,890411.85,926775.96,3.923721759032248,96.07627824096777,Florida,FL-03,69.86636621831109,10.31713574004536,2.301533547462057,0.1157394310986678,14.824346015637754,18.90975262476816,-9.38975836091054,-9.881589486442977,-9.758631705059868,54.05780653414298,0.9874012141285956,-6.281226093748889,0,1,0.0,0.0,0.0,0.0,South Atlantic,2026,0.0,0.0,0.0,12,1203,1,15.39559244230312,0.0,0.0,0.0,-13.236037316370847,-46.07627824096775,-1,-92.1525564819355,42.246211905053215,3.5087678591149194,1.27,81,35.390314218269936,49.07831040667785,0.0,Safe R,"<p style=""color:blue;"">Seth Harp (D)</p> vs <p style=""color:Kat Cammack"">Kat Cammack (R)</p>",(R),FL-03,(R),True,False,,R+15.5,98.73,1.3,98.7,1.3%,98.7%
81,81,FL-04,LaShonda Holloway,Aaron Bean,False,True,FL,4,"HOLLOWAY, LASHONDA J","BEAN, AARON P.",26859.7,907518.83,934378.53,2.8746058623585884,97.12539413764142,Florida,FL-04,57.67429085602785,7.827628390697298,2.3475808055107152,0.1056512464151032,29.42311386407217,17.197806595188244,-5.662199666401939,-5.231817399256471,-5.339412966042838,87.65192317942437,0.9874012141285956,-6.281226093748889,0,1,0.0,0.0,0.0,0.0,South Atlantic,2026,0.0,0.0,0.0,12,1204,1,8.263358863906364,0.0,0.0,0.0,-4.397599838336787,-47.125394137641415,-1,-94.25078827528284,46.07095220194178,3.0545916957919044,10.035,82,40.15229993455288,52.04141857655982,0.5,Likely R,"<p style=""color:blue;"">LaShonda Holloway (D)</p> vs <p style=""color:Aaron Bean"">Aaron Bean (R)</p>",(R),FL-04,(R),True,False,,R+7.9,89.965,10.0,90.0,10.0%,90.0%
82,82,FL-05,Rachel Grage,John Rutherford,False,True,FL,5,"GRAGE, RACHEL","RUTHERFORD, JOHN",270924.53,273968.27,544892.8,49.720702861186645,50.27929713881336,Florida,FL-05,70.55129609346477,10.136413422284178,4.787414119287066,0.0592452454445882,11.710312323674865,30.47991778176873,-10.2612325286387,-10.09570333756824,-10.137085635335854,96.24477230860832,0.9874012141285956,-6.281226093748889,0,1,0.0,0.0,0.0,0.0,South Atlantic,2026,0.0,0.6065306597126334,-0.6065306597126334,12,1205,0,2472.148293010414,0.0,0.0,0.0,-13.99294517692282,-0.2792971388133551,-1,-0.5585942776267168,44.150983827244495,3.523258126126008,4.775,83,37.2037455821512,51.10184255010885,0.015,Safe R,"<p style=""color:blue;"">Rachel Grage (D)</p> vs <p style=""color:John Rutherford"">John Rutherford (R)</p>",(R),FL-05,(R),True,False,,R+11.7,95.225,4.8,95.2,4.8%,95.2%
83,83,FL-06,Eric Yonce,Randy Fine,False,True,FL,6,"YONCE, ERIC","FINE, RANDY",322995.33,2485004.97,2808000.3000000003,11.502681463388733,88.49731853661127,Florida,FL-06,76.33437668745638,9.935743208012218,1.3561540615769758,0.124707378623051,10.258651767796716,17.672785844199883,-14.21351453849573,-14.403239670540785,-14.35580838752952,75.55708957503761,0.9874012141285956,-6.281226093748889,0,1,0.0,0.0,0.0,0.0,South Atlantic,2026,0.0,0.0,0.0,12,1206,1,132.31168084818677,0.0,0.0,0.0,-22.43039068131015,-38.49731853661127,-1,-76.99463707322252,37.46584808522927,3.706002804652068,0.06,84,30.2507733341173,44.672016277178194,0.0,Safe R,"<p style=""color:blue;"">Eric Yonce (D)</p> vs <p style=""color:Randy Fine"">Randy Fine (R)</p>",(R),FL-06,(R),True,False,,R+25.1,99.94,0.1,99.9,<1%,>99%
84,84,FL-07,Bale Dalton,Ryan Elijah,False,False,FL,7,"DALTON, BALE","ELIJAH, RYAN",1196852.72,221855.46,1418708.18,84.3621497974305,15.637850202569496,Florida,FL-07,66.55836182005244,19.398791941853904,2.991603332116425,0.1236268295111347,9.057449138760743,25.552545069822106,-5.072419445577125,-5.558665715859732,-5.43710414828908,94.88859508515758,0.9874012141285956,-6.281226093748889,0,0,0.0,0.0,0.0,0.0,South Atlantic,2026,0.0,0.0,0.0,12,1207,0,7116.972318444104,0.0,0.0,0.0,-4.592982202829272,34.362149797430504,0,68.72429959486101,49.47544276405929,3.7136386636044216,44.395,85,42.22658991323862,56.72097172012199,2.4299999999999997,Tossup,"<p style=""color:blue;"">Bale Dalton (D)</p> vs <p style=""color:Ryan Elijah"">Ryan Elijah (R)</p>",(R),FL-07,(R),True,False,,R+1.0,55.605,44.4,55.6,44.4%,55.6%
85,85,FL-08,Jennifer Jenkins,Mike Haridopolos,False,True,FL,8,"JENKINS, JENNIFER","HARIDOPOLOS, MIKE",702730.74,887515.74,1590246.48,44.19005159502067,55.80994840497934,Florida,FL-08,70.8655457468389,14.265508863926105,2.905251004257571,0.1068000865946648,9.293211138639665,24.600153804455665,-7.71526849449409,-7.447581905460716,-7.514503552719059,94.40225163152284,0.9874012141285956,-6.281226093748889,0,1,35.0,0.3232023099923741,44.0,0.3232023099923741,South Atlantic,2026,0.0,0.0,0.0,12,1208,0,1952.760659970589,0.3232023099923741,0.5685088477696492,9.0,-8.74778101168923,-5.80994840497933,-1,-11.619896809958668,45.40831683791686,3.599899128666982,10.12,86,38.398266390310965,52.41364680954862,0.15,Likely R,"<p style=""color:blue;"">Jennifer Jenkins (D)</p> vs <p style=""color:Mike Haridopolos"">Mike Haridopolos (R)</p>",(R),FL-08,(R),True,False,,R+9.2,89.88,10.1,89.9,10.1%,89.9%
86,86,FL-09,Darren Soto,Dan Green,True,False,FL,9,"SOTO, DARREN","GREEN, DAN",766381.72,150016.0,916397.72,83.62981522913435,16.370184770865645,Florida,FL-09,52.7410936832973,33.90614456669926,2.6491730586501783,0.1953743613754355,8.760517509674044,20.04471949864067,-5.695149438609235,-8.216486898129524,-7.586152533249452,88.42907304922772,0.9874012141285956,-6.281226093748889,1,0,0.0,0.0,0.0,0.0,South Atlantic,2026,0.0,0.0,0.0,12,1209,6,6993.945995259152,0.0,0.0,0.0,-8.891078972750016,33.62981522913435,1,67.2596304582687,48.68803137875269,3.361053333482782,34.805,87,42.1552615284528,55.269395208512265,1.72,Lean R,"<p style=""color:blue;"">Darren Soto (D)</p> vs <p style=""color:Dan Green"">Dan Green (R)</p>",(R),FL-09,(D),False,True,Flip,R+2.6,65.195,34.8,65.2,34.8%,65.2%
87,87,FL-11,James Pericola,Joe Strada,False,False,FL,11,"PERICOLA, JAMES","STRADA, JOE",54789.0,248640.0,303429.0,18.05661291438854,81.94338708561146,Florida,FL-11,65.7553320993213,17.95154001367419,3.97085063451565,0.0917171110777594,10.48209848750146,26.473737346900823,-7.107383835877116,-7.169701841378689,-7.154122340003296,90.7476524951867,0.9874012141285956,-6.281226093748889,0,0,41.8,0.3362137107628595,42.1,0.3362137107628595,South Atlantic,2026,0.0,0.0,0.0,12,1211,0,326.04126994006305,0.3362137107628595,0.5798393835907143,0.3000000000000042,-8.027018586257704,-31.94338708561146,0,-63.886774171222925,45.69510678108185,3.7121986832530967,12.31,88,38.41877803374439,52.88484038630557,0.09,Likely R,"<p style=""color:blue;"">James Pericola (D)</p> vs <p style=""color:Joe Strada"">Joe Strada (R)</p>",(R),FL-11,(R),True,False,,R+8.6,87.69,12.3,87.7,12.3%,87.7%
88,88,FL-12,Kimberly Overman,Gus Bilirakis,False,True,FL,12,"OVERMAN, KIMBERLY","BILIRAKIS, GUS M",171959.3,658921.79,830881.0900000001,20.69601800661993,79.30398199338006,Florida,FL-12,63.254284200994384,22.547113396777664,3.009448307676536,0.1055886825334449,8.932153291530694,23.21356365962892,-5.232129297601503,-7.02645127649393,-6.577870781770823,96.93976113496642,0.9874012141285956,-6.281226093748889,0,1,0.0,0.0,0.0,0.0,South Atlantic,2026,0.0,0.0,0.0,12,1212,6,428.3251613303364,0.0,0.0,0.0,-6.874515469792757,-29.30398199338007,-1,-58.607963986760126,44.13177220122608,3.487927322812129,4.41,89,37.26832842877737,50.886691660605536,0.015,Safe R,"<p style=""color:blue;"">Kimberly Overman (D)</p> vs <p style=""color:Gus Bilirakis"">Gus Bilirakis (R)</p>",(R),FL-12,(R),True,False,,R+11.7,95.59,4.4,95.6,4.4%,95.6%
89,89,FL-13,Leela Gray,Anna Paulina Luna,False,True,FL,13,"GRAY, LEELA J","PAULINA LUNA, ANNA",1144176.28,1905637.35,3049813.63,37.51626882197389,62.483731178026126,Florida,FL-13,78.99128190244875,9.663679565732703,3.4021171827752315,0.0893373954014751,5.887674844308105,25.37813967761902,-6.207063030555318,-5.977577479026763,-6.034948866908902,99.76014695386633,0.9874012141285956,-6.281226093748889,0,1,40.99418733068682,0.6829184428039587,48.976749322747295,0.6829184428039587,South Atlantic,2026,0.0,0.0,0.0,12,1213,0,1407.47042632261,0.6829184428039587,0.826388796393053,7.982561992060475,-5.788671640068915,-12.483731178026112,-1,-24.96746235605223,46.16299013592293,3.5236233094145333,13.84,90,39.275896688298005,53.05898371487219,0.3,Likely R,"<p style=""color:blue;"">Leela Gray (D)</p> vs <p style=""color:Anna Paulina Luna"">Anna Paulina Luna (R)</p>",(R),FL-13,(R),True,False,,R+7.7,86.16,13.8,86.2,13.8%,86.2%
90,90,FL-14,Kathy Castor,Mike Beltran,True,False,FL,14,"CASTOR, KATHY","BELTRAN, MIKE",1452820.1,102724.89,1555544.99,93.39621221755856,6.603787782441445,Florida,FL-14,58.81961513203162,22.37334666511052,2.9078487354263527,0.0649749942079931,13.311338223587144,25.392426637523336,-3.710408847011905,-4.560583564427361,-4.348039885073497,94.8260642910165,0.9874012141285956,-6.281226093748889,1,0,46.2,0.2326084161598187,37.5,0.2326084161598187,South Atlantic,2026,0.0,0.0,0.0,12,1214,6,8722.852456587234,0.2326084161598187,0.4822949472675602,-8.700000000000003,-2.414853676398105,43.39621221755856,1,86.79242443511713,53.11187863273524,3.356961394983073,82.405,91,46.57907313954162,59.72227166866115,1.0999999999999999,Likely D,"<p style=""color:blue;"">Kathy Castor (D)</p> vs <p style=""color:Mike Beltran"">Mike Beltran (R)</p>",(D),FL-14,(D),True,False,,D+6.2,17.595,82.4,17.6,82.4%,17.6%
91,91,FL-15,Robert People,Laurel Lee,False,True,FL,15,"PEOPLE, ROBERT","LEE, LAUREL",19886.29,453553.47,473439.7599999999,4.200384437504785,95.79961556249522,Florida,FL-15,66.06972263412342,15.886377453045942,2.959738041551808,0.1608291062083251,12.457179250472034,18.7523983757976,-7.638192706841856,-9.297211252852776,-8.882456616350046,85.90886104253525,0.9874012141285956,-6.281226093748889,0,1,0.0,0.0,0.0,0.0,South Atlantic,2026,0.0,0.0,0.0,12,1215,0,17.643229422832388,0.0,0.0,0.0,-11.483687138951204,-45.79961556249521,-1,-91.59923112499044,42.009013955932375,3.516849370789832,1.235,92,35.12118265189606,48.86320795919586,0.0,Safe R,"<p style=""color:blue;"">Robert People (D)</p> vs <p style=""color:Laurel Lee"">Laurel Lee (R)</p>",(R),FL-15,(R),True,False,,R+16.0,98.765,1.2,98.8,1.2%,98.8%
92,92,FL-16,Kelly Kirschner,Sydney Gruters,False,False,FL,16,"KIRSCHNER, KELLY","GRUTERS, SYDNEY",296004.91,941600.89,1237605.8,23.91754385766453,76.08245614233546,Florida,FL-16,74.6154187944129,10.92347095844587,2.0237524715709827,0.0901349803067763,10.349812589063834,25.31616526148773,-5.041718213331137,-6.155518467198327,-5.8770684037315295,91.45564148664688,0.9874012141285956,-6.281226093748889,0,0,0.0,0.0,0.0,0.0,South Atlantic,2026,0.0,0.0,0.0,12,1216,0,572.0489041833063,0.0,0.0,0.0,-5.47291071371417,-26.08245614233547,0,-52.164912284670926,46.45209194891174,3.700798731462028,16.950000000000003,93,39.187441199726365,53.746828151762685,0.25,Likely R,"<p style=""color:blue;"">Kelly Kirschner (D)</p> vs <p style=""color:Sydney Gruters"">Sydney Gruters (R)</p>",(R),FL-16,(R),True,False,,R+7.1,83.05,17.0,83.0,17.0%,83.0%
93,93,FL-17,Matthew Montavon,Greg Steube,False,True,FL,17,"MONTAVON, MATTHEW","STEUBE, GREG",57909.91,479608.0,537517.91,10.773577758553198,89.2264222414468,Florida,FL-17,81.21528518309023,9.28340272433074,1.569565633992625,0.1006092189571877,6.31798076833916,24.987648632390023,-9.268099882967974,-10.37018438337725,-10.094663258274933,96.43145467947444,0.9874012141285956,-6.281226093748889,0,1,0.0,0.0,0.0,0.0,South Atlantic,2026,0.0,0.0,0.0,12,1217,0,116.06997771959216,0.0,0.0,0.0,-13.908100422800976,-39.2264222414468,-1,-78.4528444828936,41.33754376602102,3.522754283549291,0.675,94,34.49871267393055,48.195855851921785,0.0,Safe R,"<p style=""color:blue;"">Matthew Montavon (D)</p> vs <p style=""color:Greg Steube"">Greg Steube (R)</p>",(R),FL-17,(R),True,False,,R+17.3,99.325,0.7,99.3,<1%,>99%
94,94,FL-18,Curtis Gibson,Scott Franklin,False,True,FL,18,"GIBSON, CURTIS","FRANKLIN, SCOTT MR.",2460.33,366545.02,369005.35,0.6667464306411817,99.33325356935882,Florida,FL-18,57.059644459212485,25.17278617710583,1.752948994849643,0.0991859112809436,13.974912776208672,15.453333588463035,-7.385520145191002,-7.802404090926864,-7.698183104492898,91.04483626942064,0.9874012141285956,-6.281226093748889,0,1,0.0,0.0,0.0,0.0,South Atlantic,2026,0.0,0.0,0.0,12,1218,6,0.444550802772756,0.0,0.0,0.0,-9.115140115236908,-49.33325356935882,-1,-98.66650713871763,43.32756932470944,3.5396127189717155,2.82,95,36.326482709656354,50.15562508581434,0.0,Safe R,"<p style=""color:blue;"">Curtis Gibson (D)</p> vs <p style=""color:Scott Franklin"">Scott Franklin (R)</p>",(R),FL-18,(R),True,False,,R+13.3,97.18,2.8,97.2,2.8%,97.2%
95,95,FL-19,Victor Arias,Jim Schwartzel,False,False,FL,19,"ARIAS, VICTOR M.","SCHWARTZEL, JIM",14856.15,1000757.52,1015613.67,1.4627757028910413,98.53722429710896,Florida,FL-19,76.9771202199046,15.925620502870078,1.5126525992400357,0.0658096855040828,4.247877758913413,27.339657096087997,-13.363540354071787,-14.457689026643926,-14.184151858500892,97.87018295132349,0.9874012141285956,-6.281226093748889,0,0,0.0,0.0,0.0,0.0,South Atlantic,2026,0.0,0.0,0.0,12,1219,0,2.13971275696838,0.0,0.0,0.0,-22.087077623252892,-48.53722429710896,0,-97.07444859421793,38.13062726743776,3.685073466651372,0.08,96,30.901267747969985,45.36287660947073,0.0,Safe R,"<p style=""color:blue;"">Victor Arias (D)</p> vs <p style=""color:Jim Schwartzel"">Jim Schwartzel (R)</p>",(R),FL-19,(R),True,False,,R+23.7,99.92,0.1,99.9,<1%,>99%
96,96,FL-20,Debbie Wasserman Schultz,Brent Andersen,True,False,FL,20,"WASSERMAN SCHULTZ, DEBBIE","ANDERSEN, BRENT",2523634.51,63848.58,2587483.09,97.53240590260243,2.4675940973975607,Florida,FL-20,31.980516659877484,22.25853844059917,2.952617953168166,0.087841059807213,40.43121272787998,19.98639027385996,22.03547547974734,19.500753556216036,20.13443403709886,100.0,0.9874012141285956,-6.281226093748889,1,0,0.0,0.0,0.0,0.0,South Atlantic,2026,0.0,0.0,0.0,12,1220,3,9512.570201149998,0.0,0.0,0.0,46.55009416794661,47.532405902602434,1,95.06481180520488,71.49054668601053,3.3512903102079123,100.0,97,64.89742360309181,78.00283365626008,0.0,Safe D,"<p style=""color:blue;"">Debbie Wasserman Schultz (D)</p> vs <p style=""color:Brent Andersen"">Brent Andersen (R)</p>",(D),FL-20,(D),True,False,,D+43.0,0.0,100.0,0.0,>99%,<1%
97,97,FL-21,James Martin,Brian Mast,False,True,FL,21,"MARTIN, JAMES","MAST, BRIAN",428318.19,3178889.54,3607207.73,11.87395409579032,88.12604590420968,Florida,FL-21,70.01205486272852,13.953994974956675,1.9887247724153296,0.0990922819396536,12.159523832922222,26.176379739735392,-6.71289417108521,-7.430051017046488,-7.250761805556168,96.6079969215609,0.9874012141285956,-6.281226093748889,0,1,0.0,0.0,0.0,0.0,South Atlantic,2026,0.0,0.0,0.0,12,1221,0,140.9907858689357,0.0,0.0,0.0,-8.220297517363448,-38.12604590420968,-1,-76.25209180841937,43.37582827280864,3.468404647526227,2.915,98,36.553458274766896,50.21840602972627,0.01,Safe R,"<p style=""color:blue;"">James Martin (D)</p> vs <p style=""color:Brian Mast"">Brian Mast (R)</p>",(R),FL-21,(R),True,False,,R+13.2,97.085,2.9,97.1,2.9%,97.1%
98,98,FL-22,Pia Dandiya,Casey Askar,False,False,FL,22,"DANDIYA, PIA","ASKAR, CASEY",1965051.29,57760.0,2022811.29,97.14456804322069,2.85543195677932,Florida,FL-22,53.93120462315747,26.98494056771863,3.7039331759987832,0.1992028132468932,13.186062186574745,27.190634418537613,-0.817399741642447,-4.551960254962147,-3.618320126632222,91.18016798813343,0.9874012141285956,-6.281226093748889,0,0,50.0,0.5185727544772025,50.0,0.5185727544772025,South Atlantic,2026,0.0,0.0,0.0,12,1222,6,9437.067100303932,0.5185727544772025,0.7201199583938793,0.0,-0.9554141595155548,47.14456804322069,0,94.28913608644136,51.75022688892909,3.6807376339915554,68.595,99,44.480248840677184,58.84354692850277,2.37,Lean D,"<p style=""color:blue;"">Pia Dandiya (D)</p> vs <p style=""color:Casey Askar"">Casey Askar (R)</p>",(D),FL-22,(D),True,False,,D+3.5,31.405,68.6,31.4,68.6%,31.4%
99,99,FL-23,Lois Frankel,Deborah Adeimy,True,False,FL,23,"FRANKEL, LOIS J.","ADEIMY, DEBORAH",1659575.46,74339.37,1733914.83,95.71262851474658,4.287371485253401,Florida,FL-23,52.60574363763717,20.624795703945832,2.422974550548681,0.0840532337146859,22.563436843334117,22.98717947059531,11.144840170440418,7.719602850321266,8.575912180351054,99.99544994221426,0.9874012141285956,-6.281226093748889,1,0,0.0,0.0,0.0,0.0,South Atlantic,2026,0.0,0.0,0.0,12,1223,6,9160.90725720188,0.0,0.0,0.0,23.433050454451,45.71262851474658,1,91.42525702949318,63.62536696350287,3.339832212010052,99.995,100,57.07309363130612,70.07071364977033,0.0,Safe D,"<p style=""color:blue;"">Lois Frankel (D)</p> vs <p style=""color:Deborah Adeimy"">Deborah Adeimy (R)</p>",(D),FL-23,(D),True,False,,D+27.3,0.0049999999999954525,100.0,0.0,>99%,<1%
100,100,FL-24,Oliver Gilbert,Te Mayonna Brown,False,False,FL,24,"GILBERT, OLIVER G. III","BROWN, TE",787142.8,7250.0,794392.8,99.08735325899228,0.912646741007723,Florida,FL-24,13.035464896989716,36.19437903299795,1.4381683435782948,0.1017360367799219,47.88138271302894,15.28395833228341,26.182139955451795,20.28829859545801,21.761758935456456,100.0,0.9874012141285956,-6.281226093748889,0,0,0.0,0.0,0.0,0.0,South Atlantic,2026,0.0,0.0,0.0,12,1224,3,9818.303575872327,0.0,0.0,0.0,49.8047439646618,49.08735325899228,0,98.17470651798456,74.15239131297209,3.690956204442071,100.0,101,66.94334428211052,81.34027317433446,0.0,Safe D,"<p style=""color:blue;"">Oliver Gilbert (D)</p> vs <p style=""color:Te Mayonna Brown"">Te Mayonna Brown (R)</p>",(D),FL-24,(D),True,False,,D+48.3,0.0,100.0,0.0,>99%,<1%
101,101,FL-25,Jared Moskowitz,Scott Singer,True,False,FL,25,"MOSKOWITZ, JARED","SINGER, SCOTT M.",2264110.05,1480485.43,3744595.479999999,60.46340818634968,39.536591813650325,Florida,FL-25,63.39877440066181,25.74522513726973,2.3371721037343702,0.119988746397077,6.80675290702549,36.740388356993066,0.2784442236769422,-3.858568405062144,-2.8243152478773723,100.0,0.9874012141285956,-6.281226093748889,1,0,42.9,0.0173064685292375,32.7,0.0173064685292375,South Atlantic,2026,0.0,0.0,0.0,12,1225,6,3655.8237295091367,0.0173064685292375,0.1315540517401022,-10.199999999999996,0.6325955979941442,10.463408186349676,1,20.92681637269936,51.07104429151706,3.421537706620794,62.375,102,44.39528060490033,57.84313195944093,2.13,Tilt D,"<p style=""color:blue;"">Jared Moskowitz (D)</p> vs <p style=""color:Scott Singer"">Scott Singer (R)</p>",(D),FL-25,(D),True,False,,D+2.1,37.625,62.4,37.6,62.4%,37.6%
102,102,FL-26,Nicole Locklin,Mario Diaz-Balart,False,True,FL,26,"LOCKLIN, NICOLE","DIAZ-BALART, MARIO",96763.05,1206333.04,1303096.09,7.425626609009317,92.57437339099069,Florida,FL-26,15.821256550269212,69.73976844771857,2.813491542368645,0.097856891709276,10.407991222533347,23.202844636073245,-2.8554345694920684,-8.50183679441188,-7.090236238181927,99.77535714703578,0.9874012141285956,-6.281226093748889,0,1,0.0,0.0,0.0,0.0,South Atlantic,2026,0.0,0.0,0.0,12,1226,5,55.13993053642721,0.0,0.0,0.0,-7.899246382614964,-42.57437339099069,-1,-85.14874678198136,40.39388261017998,3.5201029644179176,0.38,103,33.44952971274397,47.36854351328986,0.0,Safe R,"<p style=""color:blue;"">Nicole Locklin (D)</p> vs <p style=""color:Mario Diaz-Balart"">Mario Diaz-Balart (R)</p>",(R),FL-26,(R),True,False,,R+19.2,99.62,0.4,99.6,<1%,>99%
103,103,FL-27,Eliott Rodriguez,Maria Elvira Salazar,False,True,FL,27,"RODRIGUEZ, ELIOTT","SALAZAR, MARIA ELVIRA",654173.11,550314.85,1204487.96,54.311303369109645,45.68869663089036,Florida,FL-27,20.069855707194463,70.56014862201,2.0160222596766126,0.1059184008002723,5.950554600515302,30.56907875116805,-2.387444997691709,-6.598333151200897,-5.5456111128236,99.9851798117836,0.9874012141285956,-6.281226093748889,0,1,43.0,0.0038616869073551,46.0,0.0038616869073551,South Atlantic,2026,0.0,0.0,0.0,12,1227,5,2949.7176736514607,0.0038616869073551,0.0621424726524065,3.0,-4.809996131898312,4.311303369109645,-1,8.622606738219286,45.88175052286648,3.5236048927067123,12.055,104,38.99237449611077,52.8085107547256,0.21,Likely R,"<p style=""color:blue;"">Eliott Rodriguez (D)</p> vs <p style=""color:Maria Elvira Salazar"">Maria Elvira Salazar (R)</p>",(R),FL-27,(R),True,False,,R+8.2,87.945,12.1,87.9,12.1%,87.9%
104,104,FL-28,Phil Ehr,Carlos Gimenez,False,True,FL,28,"EHR, PHIL","GIMENEZ, CARLOS",94905.35,204816.38,299721.73,31.664487589872117,68.33551241012789,Florida,FL-28,18.635530949547302,69.30574228952318,1.513459062272788,0.0978914745055668,9.397987741225307,20.30065142014307,-5.584879437119767,-12.062606340412607,-10.443174614589395,95.78963652838392,0.9874012141285956,-6.281226093748889,0,1,0.0,0.0,0.0,0.0,South Atlantic,2026,0.0,0.0,0.0,12,1228,5,1002.6397743291652,0.0,0.0,0.0,-14.605123135429904,-18.335512410127887,-1,-36.671024820255774,36.37519921380704,3.088073899424121,0.01,105,30.33124627064125,42.43216159018727,0.0,Safe R,"<p style=""color:blue;"">Phil Ehr (D)</p> vs <p style=""color:Carlos Gimenez"">Carlos Gimenez (R)</p>",(R),FL-28,(R),True,False,,R+27.2,99.99,0.0,100.0,<1%,>99%
105,105,GA-01,Amanda Hollowell,Jim Kingston,False,False,GA,1,"HOLLOWELL, AMANDA","KINGSTON, JAMES MORRIS",128987.47,1742078.39,1871065.86,6.893796351989449,93.10620364801056,Georgia,GA-01,61.63590796732024,5.596391923998642,1.5640481488211355,0.115709392859959,28.43074064296709,27.43,-9.067095124362735,-7.196352480949663,-7.664038141802932,69.32483986527903,0.9874012141285956,-6.281226093748889,0,0,0.0,0.0,0.0,0.0,South Atlantic,2026,0.0,0.0,0.0,13,1301,1,47.52442814270304,0.0,0.0,0.0,-9.046850189856976,-43.10620364801055,0,-86.21240729602111,44.132621171275375,3.671979387352029,5.38,106,36.94410071510222,51.31298042652996,0.0,Very Likely R,"<p style=""color:blue;"">Amanda Hollowell (D)</p> vs <p style=""color:Jim Kingston"">Jim Kingston (R)</p>",(R),GA-01,(R),True,False,,R+11.7,94.62,5.4,94.6,5.4%,94.6%
106,106,GA-02,Sanford Bishop,Matt Day,True,False,GA,2,"BISHOP, SANFORD","DAY, MATT",377718.14,10762.5,388480.64,97.22959167283084,2.770408327169148,Georgia,GA-02,43.0879228834989,3.649946978858929,1.2618676918602796,0.1301589215606303,49.646939492061016,20.82,2.9517243236498203,4.575307557517526,4.1694117490506,64.01311137743959,0.9874012141285956,-6.281226093748889,1,0,0.0,0.0,0.0,0.0,South Atlantic,2026,0.4723665527410147,0.0,0.4723665527410147,13,1302,3,9453.593496865416,0.0,0.0,0.0,14.620049591850089,47.22959167283084,1,94.4591833456617,57.97453536168352,3.354775447521781,99.155,107,51.45479911781409,64.60773128386275,0.01,Safe D,"<p style=""color:blue;"">Sanford Bishop (D)</p> vs <p style=""color:Matt Day"">Matt Day (R)</p>",(D),GA-02,(D),True,False,,D+15.9,0.8449999999999989,99.2,0.8,>99%,<1%
107,107,GA-03,Maura Keller,Brian Jack,False,True,GA,3,"KELLER, MAURA","JACK, BRIAN",141513.84,879476.19,1020990.03,13.860452682383196,86.1395473176168,Georgia,GA-03,68.26462310138247,4.436796577062599,1.2932474842994794,0.1004213217030629,23.49359404982138,27.91,-17.492135633478476,-14.188107359402627,-15.014114427921587,52.24822776604421,0.9874012141285956,-6.281226093748889,0,1,0.0,0.0,0.0,0.0,South Atlantic,2026,0.0,0.0,0.0,13,1303,1,192.11214856058356,0.0,0.0,0.0,-23.747002762094287,-36.1395473176168,-1,-72.2790946352336,37.56436689909575,3.1977669568971305,0.025,108,31.29378596161601,43.78400062139521,0.0,Safe R,"<p style=""color:blue;"">Maura Keller (D)</p> vs <p style=""color:Brian Jack"">Brian Jack (R)</p>",(R),GA-03,(R),True,False,,R+24.9,99.975,0.0,100.0,<1%,>99%
108,108,GA-04,Hank Johnson,James Duffie,True,False,GA,4,"JOHNSON, HENRY C. 'HANK'",no_match,77702.5,0.0,77702.5,100.0,0.0,Georgia,GA-04,25.982059188821648,8.139225248042996,7.68999351561436,0.1323302524031865,55.83665852899984,38.62,26.915293396900505,27.269315144161304,27.180809707346103,99.84225047279116,0.9874012141285956,-6.281226093748889,1,0,0.0,0.0,0.0,0.0,South Atlantic,2026,0.0,0.0,0.0,13,1304,3,10000.0,0.0,0.0,0.0,60.6428455084411,50.0,1,100.0,80.46677160469142,3.355658440652981,100.0,109,73.88322039489009,87.0003954420342,0.0,Safe D,"<p style=""color:blue;"">Hank Johnson (D)</p> vs <p style=""color:James Duffie"">James Duffie (R)</p>",(D),GA-04,(D),True,False,,D+60.9,0.0,100.0,0.0,>99%,<1%
109,109,GA-05,Nikema Williams,John Oscar Salvesen,True,False,GA,5,"WILLIAMS, NIKEMA N.",no_match,180134.96,0.0,180134.96,100.0,0.0,Georgia,GA-05,35.83892285663336,6.166984764833939,4.75805412200492,0.1235904072657034,50.10072618192155,47.74,34.53616965437207,36.9154203217797,36.32060765492779,100.0,0.9874012141285956,-6.281226093748889,1,0,0.0,0.0,0.0,0.0,South Atlantic,2026,0.0,0.0,0.0,13,1305,3,10000.0,0.0,0.0,0.0,78.92244140360447,50.0,1,100.0,88.44318364574312,3.4119099302802502,100.0,110,81.74341143671091,95.15370358279694,0.16,Safe D,"<p style=""color:blue;"">Nikema Williams (D)</p> vs <p style=""color:John Oscar Salvesen"">John Oscar Salvesen (R)</p>",(D),GA-05,(D),True,False,,D+76.9,0.0,100.0,0.0,>99%,<1%
110,110,GA-06,Lucy McBath,Kevin Martin,True,False,GA,6,"MCBATH, LUCIA KAY MS.","MARTIN, KEVIN EUGENE",533440.41,0.0,533440.41,100.0,0.0,Georgia,GA-06,34.33382759037951,7.526914734338343,2.6185991153942707,0.0516531724258749,52.92282907676275,46.6,22.751420946954063,25.9226303583538,25.12982800550386,98.31990652642143,0.9874012141285956,-6.281226093748889,1,0,0.0,0.0,0.0,0.0,South Atlantic,2026,0.0,0.0,0.0,13,1306,3,10000.0,0.0,0.0,0.0,56.54088210475661,50.0,1,100.0,78.80399812516328,3.3970779800839326,100.0,111,72.1250190311651,85.4558409995099,0.0,Safe D,"<p style=""color:blue;"">Lucy McBath (D)</p> vs <p style=""color:Kevin Martin"">Kevin Martin (R)</p>",(D),GA-06,(D),True,False,,D+57.6,0.0,100.0,0.0,>99%,<1%
111,111,GA-07,Tony Kozycki,Rich McCormick,False,True,GA,7,"KOZYCKI, ANTHONY LAWRENCE","MCCORMICK, RICHARD DEAN DR.",66129.0,382097.92,448226.92,14.75346460672197,85.24653539327804,Georgia,GA-07,73.21772387081307,7.194282332316959,8.487912137307932,0.0732313962286767,8.602160607127605,57.11000000000001,-12.141229430786405,-10.401401807066591,-10.836358712996544,86.91920531878606,0.9874012141285956,-6.281226093748889,0,1,0.0,0.0,0.0,0.0,South Atlantic,2026,0.0,0.0,0.0,13,1307,0,217.66471790179784,0.0,0.0,0.0,-15.3914913322442,-35.24653539327803,-1,-70.49307078655606,41.14488859440911,3.547482160987554,0.6649999999999999,112,34.22019480531863,48.04372340784369,0.0,Safe R,"<p style=""color:blue;"">Tony Kozycki (D)</p> vs <p style=""color:Rich McCormick"">Rich McCormick (R)</p>",(R),GA-07,(R),True,False,,R+17.7,99.335,0.7,99.3,<1%,>99%
112,112,GA-08,Kelly Esti,Austin Scott,False,True,GA,8,"ESTI, KELLY DR","SCOTT, JAMES AUSTIN",18342.58,386901.05,405243.63,4.526309272276532,95.47369072772346,Georgia,GA-08,61.89424503296216,4.534152917146436,1.192857879204575,0.1109513334253559,30.30508995794333,22.44,-16.22344418034013,-14.610849871220118,-15.01399844850012,48.8826822943895,0.9874012141285956,-6.281226093748889,0,1,0.0,0.0,0.0,0.0,South Atlantic,2026,0.0,0.0,0.0,13,1308,1,20.487475628296504,0.0,0.0,0.0,-23.74677080325135,-45.473690727723465,-1,-90.94738145544692,35.97837559950544,3.517981792773728,0.02,113,29.122492864511788,42.89329760315786,0.0,Safe R,"<p style=""color:blue;"">Kelly Esti (D)</p> vs <p style=""color:Austin Scott"">Austin Scott (R)</p>",(R),GA-08,(R),True,False,,R+28.0,99.98,0.0,100.0,<1%,>99%
113,113,GA-09,Caitlyn Gegen,Andrew Clyde,False,True,GA,9,"GEGEN, CAITLYN","CLYDE, ANDREW",35206.42,552361.46,587567.88,5.991889822159782,94.0081101778402,Georgia,GA-09,70.13147127618744,9.6293386245302,5.459986530621112,0.068252094633249,12.434735066007198,31.41,-18.62375205667032,-16.41755761396604,-16.96910622464211,63.04599841857973,0.9874012141285956,-6.281226093748889,0,1,0.0,0.0,0.0,0.0,South Atlantic,2026,0.0,0.0,0.0,13,1309,1,35.90274364090198,0.0,0.0,0.0,-27.65698635553533,-44.008110177840216,-1,-88.01622035568043,34.536104486155295,3.5215892008601397,0.005,114,27.61167364241122,41.45461384202564,0.0,Safe R,"<p style=""color:blue;"">Caitlyn Gegen (D)</p> vs <p style=""color:Andrew Clyde"">Andrew Clyde (R)</p>",(R),GA-09,(R),True,False,,R+30.9,99.995,0.0,100.0,<1%,>99%
114,114,GA-10,Pamela Delancy,Houston Gaines,False,False,GA,10,"DELANCY, PAMELA MRS","GAINES, HOUSTON",15480.0,2051172.0,2066652.0,0.74903757381504,99.25096242618496,Georgia,GA-10,65.2754027350364,5.079618560164216,1.852674012090069,0.1330211500252368,24.8719165005309,28.45,-13.023553133017316,-9.706876188884271,-10.536045424917532,49.20412945655484,0.9874012141285956,-6.281226093748889,0,0,0.0,0.0,0.0,0.0,South Atlantic,2026,0.0,0.0,0.0,13,1310,1,0.5610572869867215,0.0,0.0,0.0,-14.790864756086176,-49.25096242618496,0,-98.50192485236992,41.33011757859745,3.698526085636789,0.955,115,34.10055119229043,48.60988120118733,0.0,Safe R,"<p style=""color:blue;"">Pamela Delancy (D)</p> vs <p style=""color:Houston Gaines"">Houston Gaines (R)</p>",(R),GA-10,(R),True,False,,R+17.3,99.045,1.0,99.0,1.0%,99.0%
115,115,GA-11,Chris Harden,John Cowan,False,False,GA,11,"HARDEN, CHRISTOPHER MATTHEW","COWAN, JOHN",74313.25,464917.88,539231.13,13.78133528752318,86.21866471247682,Georgia,GA-11,74.65671051435963,7.291972896745008,3.2729870773134064,0.0687737077758832,12.395302720124862,40.86,-13.42362593318706,-11.031807398159572,-11.629762031916444,83.26517542655871,0.9874012141285956,-6.281226093748889,0,0,0.0,0.0,0.0,0.0,South Atlantic,2026,0.0,0.0,0.0,13,1311,0,189.92520230713163,0.0,0.0,0.0,-16.978297970084,-36.21866471247682,0,-72.43732942495363,40.92341485923219,3.6819122056744953,0.735,116,33.68995436664336,48.11919286710106,0.0,Safe R,"<p style=""color:blue;"">Chris Harden (D)</p> vs <p style=""color:John Cowan"">John Cowan (R)</p>",(R),GA-11,(R),True,False,,R+18.2,99.265,0.7,99.3,<1%,>99%
116,116,GA-12,Ceretta Smith,Rick Allen,False,True,GA,12,"SMITH, CERETTA","ALLEN, RICHARD W",24942.73,481284.24,506226.97,4.927183156598709,95.0728168434013,Georgia,GA-12,55.14127580189378,4.050858600287061,1.4955374813703186,0.1445628865766476,36.60676485469709,23.36,-7.404612254425032,-6.365463571420385,-6.625250742171547,56.24607912841638,0.9874012141285956,-6.281226093748889,0,1,0.0,0.0,0.0,0.0,South Atlantic,2026,0.0,0.0,0.0,13,1312,1,24.277133858670023,0.0,0.0,0.0,-6.969275390594205,-45.07281684340129,-1,-90.14563368680258,42.99039379179459,3.515098198314784,2.375,117,36.12226351978833,49.91088114734111,0.0,Safe R,"<p style=""color:blue;"">Ceretta Smith (D)</p> vs <p style=""color:Rick Allen"">Rick Allen (R)</p>",(R),GA-12,(R),True,False,,R+14.0,97.625,2.4,97.6,2.4%,97.6%
117,117,GA-13,Jasmine Clark,Jonathan Chavez,False,False,GA,13,"CLARK, JASMINE",no_match,1562231.39,0.0,1562231.39,100.0,0.0,Georgia,GA-13,28.490657426554144,8.445760912088526,6.061402038040948,0.1171780398293559,54.02000782428883,30.75,18.233107810766025,22.112280825900942,21.14248757211721,96.83886263357104,0.9874012141285956,-6.281226093748889,0,0,0.0,0.0,0.0,0.0,South Atlantic,2026,0.0,0.0,0.0,13,1313,3,10000.0,0.0,0.0,0.0,48.56620123798332,50.0,0,100.0,74.02519704674279,3.53853157162998,100.0,118,67.11011336752168,80.96820632892141,0.0,Safe D,"<p style=""color:blue;"">Jasmine Clark (D)</p> vs <p style=""color:Jonathan Chavez"">Jonathan Chavez (R)</p>",(D),GA-13,(D),True,False,,D+48.1,0.0,100.0,0.0,>99%,<1%
118,118,GA-14,Shawn Harris,Clay Fuller,False,True,GA,14,"HARRIS, SHAWN","FULLER, CLAY",8084825.57,1080792.2,9165617.77,88.20819035747331,11.791809642526692,Georgia,GA-14,76.14037760448959,7.521266381579647,1.3383382993271993,0.0797157160419907,12.508813015273532,25.93,-21.29334836310028,-17.75812541904701,-18.641931155060327,68.78711758432487,0.9874012141285956,-6.281226093748889,0,1,0.0,0.0,0.0,0.0,South Atlantic,2026,0.0,0.0,0.0,13,1314,1,7780.684846140248,0.0,0.0,0.0,-31.00263621637177,38.20819035747331,-1,76.41638071494661,39.32671513349565,3.518111519187113,0.12,119,32.43189654228111,46.23113248922244,0.0,Safe R,"<p style=""color:blue;"">Shawn Harris (D)</p> vs <p style=""color:Clay Fuller"">Clay Fuller (R)</p>",(R),GA-14,(R),True,False,,R+21.3,99.88,0.1,99.9,<1%,>99%
119,119,HI-01,Ed Case,Adriel Lam,True,False,HI,1,"CASE, EDWARD",no_match,571198.02,0.0,571198.02,100.0,0.0,Hawaii,HI-01,17.292056284112377,7.0010084776943415,56.7761503604021,0.1021822389729922,2.2014934620524524,37.95,12.69507544268928,13.333221241876783,13.173684792079907,99.49586657397144,0.9874012141285956,-6.281226093748889,1,0,0.0,0.0,0.0,0.0,Pacific,2026,0.0,0.0,0.0,15,1501,4,10000.0,0.0,0.0,0.0,32.628595677908706,50.0,1,100.0,71.50694521376509,3.426397841941189,100.0,120,64.84658283430007,78.2105133833386,0.0,Safe D,"<p style=""color:blue;"">Ed Case (D)</p> vs <p style=""color:Adriel Lam"">Adriel Lam (R)</p>",(D),HI-01,(D),True,False,,D+43.0,0.0,100.0,0.0,>99%,<1%
120,120,HI-02,Jill Tokuda,Brenton Awa,True,False,HI,2,"TOKUDA, JILL NAOMI","AWA, BRENTON",634721.65,103289.97,738011.62,86.00428947175655,13.995710528243444,Hawaii,HI-02,31.99030939739395,9.41531854837188,35.60183245974513,0.1475477265951947,1.7626481609364566,31.35,12.827531596155772,11.78152986855433,12.04303030045469,72.67587353678815,0.9874012141285956,-6.281226093748889,1,0,0.0,0.0,0.0,0.0,Pacific,2026,0.0,0.0,0.0,15,1502,4,7396.737807541695,0.0,0.0,0.0,30.36728669465827,36.00428947175655,1,72.00857894351313,65.79250602769092,3.4736619472942807,100.0,121,59.06754969064767,72.62075463954515,0.0,Safe D,"<p style=""color:blue;"">Jill Tokuda (D)</p> vs <p style=""color:Brenton Awa"">Brenton Awa (R)</p>",(D),HI-02,(D),True,False,,D+31.6,0.0,100.0,0.0,>99%,<1%
121,121,IA-01,Christina Bohannan,Mariannette Miller-Meeks,False,True,IA,1,"BOHANNAN, CHRISTINA","MILLER-MEEKS, MARIANNETTE JANE",5648339.98,2945343.16,8593683.14,65.72664930720265,34.27335069279736,Iowa,IA-01,88.49997855273881,4.361383051384339,1.5729091395028854,0.095522801738218,3.4617529341503093,31.49,-3.742128323579472,-3.545298221603744,-3.594505747097676,62.12361331220285,0.9874012141285956,-6.281226093748889,0,1,43.0,7.121250811246756e-07,39.0,7.121250811246756e-07,West North Central,2026,0.0,0.0,0.0,19,1901,2,4319.992429152003,7.121250811246756e-07,0.0008438750388088722,-4.0,-0.9077854004464632,15.72664930720265,-1,31.45329861440528,50.279786379836445,3.107238167630966,53.755,122,44.21183076919753,56.285127045320806,2.145,Tossup,"<p style=""color:blue;"">Christina Bohannan (D)</p> vs <p style=""color:Mariannette Miller-Meeks"">Mariannette Miller-Meeks (R)</p>",(D),IA-01,(R),False,True,Flip,D+0.6,46.245,53.8,46.2,53.8%,46.2%
122,122,IA-02,Lindsay James,Joe Mitchell,False,False,IA,2,"JAMES, LINDSAY","MITCHELL, JOE",1410099.46,1397807.43,2807906.89,50.218882435948586,49.78111756405143,Iowa,IA-02,91.25811031353244,2.5123727891517507,1.129307256491568,0.2137872012949964,3.0926997226903024,28.32,-4.509952604992641,-4.313744874435365,-4.362796807074684,60.40040672576978,0.9874012141285956,-6.281226093748889,0,0,45.99205293320115,0.3004864525832981,44.99046351984138,0.3004864525832981,West North Central,2026,0.0,0.0,0.0,19,1902,2,2521.936153115625,0.3004864525832981,0.5481664460574891,-1.001589413359774,-2.444367520400479,0.2188824359485863,0,0.4377648718971599,49.21425553082462,3.685554709073245,41.485,123,41.99283469272773,56.3982463045424,2.325,Tossup,"<p style=""color:blue;"">Lindsay James (D)</p> vs <p style=""color:Joe Mitchell"">Joe Mitchell (R)</p>",(R),IA-02,(R),True,False,,R+1.6,58.515,41.5,58.5,41.5%,58.5%
123,123,IA-03,Sarah Trone Garriott,Zach Nunn,False,True,IA,3,"TRONE GARRIOTT, SARAH","NUNN, ZACH",4755754.76,1010301.85,5766056.609999999,82.47846113324927,17.52153886675074,Iowa,IA-03,86.34108108846512,5.022949565597509,2.732261898256926,0.0630088519753019,3.929259330091252,35.410000000000004,-2.445777769439779,-1.4820718467311167,-1.7229983274082823,77.62851529243898,0.9874012141285956,-6.281226093748889,0,1,42.0,0.0044550285963881,48.0,0.0044550285963881,West North Central,2026,0.0,0.0,0.0,19,1903,0,6802.696550908911,0.0044550285963881,0.0667460006021941,6.0,2.8352294389323243,32.47846113324927,-1,64.95692226649852,51.37806646523445,3.579552478973808,65.125,124,44.36939180434878,58.39509271882104,2.17,Lean D,"<p style=""color:blue;"">Sarah Trone Garriott (D)</p> vs <p style=""color:Zach Nunn"">Zach Nunn (R)</p>",(D),IA-03,(R),False,True,Flip,D+2.8,34.875,65.1,34.9,65.1%,34.9%
124,124,IA-04,Dave Dawson,Chris McGowan,False,False,IA,4,"DAWSON, DAVE","MCGOWAN, CHRIS",124916.51,562523.63,687440.14,18.171256336588083,81.82874366341191,Iowa,IA-04,89.23090550745178,5.7628002132730085,1.374350343502413,0.3028749269642154,1.6167524925856966,25.8,-15.508601170491517,-15.200726816088462,-15.277695404689226,52.46306314212463,0.9874012141285956,-6.281226093748889,0,0,0.0,0.0,0.0,0.0,West North Central,2026,0.0,0.0,0.0,19,1904,2,330.1945568499926,0.0,0.0,0.0,-24.274164715629563,-31.82874366341192,0,-63.65748732682383,37.89232317124469,3.680769301593111,0.08,125,30.804684354238248,45.163699246774485,0.0,Safe R,"<p style=""color:blue;"">Dave Dawson (D)</p> vs <p style=""color:Chris McGowan"">Chris McGowan (R)</p>",(R),IA-04,(R),True,False,,R+24.2,99.92,0.1,99.9,<1%,>99%
125,125,ID-01,Kaylee Peterson,Russ Fulcher,False,True,ID,1,"PETERSON, KAYLEE JADE","FULCHER, RUSSELL",165973.63,353594.66,519568.29,31.94452648370823,68.05547351629177,Idaho,ID-01,86.149071473319,8.87497960901398,1.131476965382617,0.7177627078681104,0.5520302567961958,28.26,-21.902186005817587,-22.348836765834143,-22.237174075830005,69.54204923479125,0.9874012141285956,-6.281226093748889,0,1,0.0,0.0,0.0,0.0,Mountain,2026,0.0,0.0,0.0,16,1601,2,1020.4527722683364,0.0,0.0,0.0,-38.19312205791112,-18.05547351629177,-1,-36.11094703258353,30.32213672019062,3.1324259269105648,0.0,126,24.21976491867206,36.50380480998476,0.0,Safe R,"<p style=""color:blue;"">Kaylee Peterson (D)</p> vs <p style=""color:Russ Fulcher"">Russ Fulcher (R)</p>",(R),ID-01,(R),True,False,,R+39.4,100.0,0.0,100.0,<1%,>99%
126,126,ID-02,Ellie Gilbreath,Mike Simpson,False,True,ID,2,"GILBREATH, ELINOR","SIMPSON, MICHAEL",106892.02,506593.33,613485.35,17.423728211276764,82.57627178872325,Idaho,ID-02,84.99836428478169,10.023633517638585,1.227153166025828,0.7819158846285312,0.6225986893740125,32.31,-14.125827361187469,-13.030515183887452,-13.304343228212456,68.9423013137905,0.9874012141285956,-6.281226093748889,0,1,0.0,0.0,0.0,0.0,Mountain,2026,0.0,0.0,0.0,16,1602,2,303.58630478044176,0.0,0.0,0.0,-20.327460362676025,-32.57627178872323,-1,-65.15254357744648,40.477421782217945,3.500953534395758,0.3399999999999999,127,33.69329995644792,47.39858210611897,0.0,Safe R,"<p style=""color:blue;"">Ellie Gilbreath (D)</p> vs <p style=""color:Mike Simpson"">Mike Simpson (R)</p>",(R),ID-02,(R),True,False,,R+19.0,99.66,0.3,99.7,<1%,>99%
127,127,IL-01,Jonathan Jackson,Christian Maxwell,True,False,IL,1,"JACKSON, JONATHAN","MAXWELL, CHRISTIAN",269361.17,63315.86,332677.03,80.96776925055511,19.03223074944489,Illinois,IL-01,38.67941449839384,7.364246281731429,1.5764480366418632,0.0971125327709503,50.28997874757445,31.83,19.21131642721901,16.978659752876986,17.536823921462492,97.7518220670128,0.9874012141285956,-6.281226093748889,1,0,0.0,0.0,0.0,0.0,East North Central,2026,0.0,0.0,0.0,17,1701,3,6555.779657411137,0.0,0.0,0.0,41.35487393667388,30.967769250555108,1,61.93553850111022,68.20238523707575,3.449423055041617,100.0,128,61.517702345306304,74.99204038737959,0.0,Safe D,"<p style=""color:blue;"">Jonathan Jackson (D)</p> vs <p style=""color:Christian Maxwell"">Christian Maxwell (R)</p>",(D),IL-01,(D),True,False,,D+36.4,0.0,100.0,0.0,>99%,<1%
128,128,IL-02,Donna Miller,Michael Noack,False,False,IL,2,"MILLER, DONNA","COLEMAN, CALVIN",2315377.99,1960.0,2317337.99,99.91542019297756,0.0845798070224533,Illinois,IL-02,39.11420953987963,10.635554100083445,0.95728127676974,0.0605007687483001,47.445738951209,23.74,18.02635450123696,17.53859494998259,17.66053483779618,84.68428783152464,0.9874012141285956,-6.281226093748889,0,0,0.0,0.0,0.0,0.0,East North Central,2026,0.0,0.0,0.0,17,1702,3,9983.091192339269,0.0,0.0,0.0,41.60229576934125,49.91542019297757,0,99.83084038595509,70.57837541744222,3.69168613673859,100.0,129,63.35685105172137,77.78960837469285,0.0,Safe D,"<p style=""color:blue;"">Donna Miller (D)</p> vs <p style=""color:Michael Noack"">Michael Noack (R)</p>",(D),IL-02,(D),True,False,,D+41.2,0.0,100.0,0.0,>99%,<1%
129,129,IL-03,Delia Ramirez,Angel Oakley,True,False,IL,3,"RAMIREZ, DELIA","OAKLEY, ANGEL",1037672.68,8079.52,1045752.2,99.22739631817174,0.7726036818282572,Illinois,IL-03,49.22248778705154,35.710325244574,7.065657987037263,0.1140435255621316,6.082741413131598,35.49,18.86218034909715,16.666956512787387,17.215762471864828,99.81782646942922,0.9874012141285956,-6.281226093748889,1,0,0.0,0.0,0.0,0.0,East North Central,2026,0.0,0.0,0.0,17,1703,6,9846.076180083524,0.0,0.0,0.0,40.71275103747855,49.22739631817174,1,98.45479263634348,70.48629914805679,3.4272920815233774,100.0,130,63.84236156362223,77.31319550294464,0.0,Safe D,"<p style=""color:blue;"">Delia Ramirez (D)</p> vs <p style=""color:Angel Oakley"">Angel Oakley (R)</p>",(D),IL-03,(D),True,False,,D+41.0,0.0,100.0,0.0,>99%,<1%
130,130,IL-04,Patty Garcia,Lupe Castillo,False,False,IL,4,"GARCIA, PATTY",no_match,177909.59,0.0,177909.59,100.0,0.0,Illinois,IL-04,31.94162062993312,56.36630407747406,4.375714510641502,0.0552212615548207,6.32420357021429,23.37,21.376145448180445,15.126191886275429,16.688680276751683,100.0,0.9874012141285956,-6.281226093748889,0,0,0.0,0.0,0.0,0.0,East North Central,2026,0.0,0.0,0.0,17,1704,5,10000.0,0.0,0.0,0.0,39.65858664725226,50.0,0,100.0,70.18951529800151,3.5878407355567346,100.0,131,63.23843929823982,77.33609815448975,0.0,Safe D,"<p style=""color:blue;"">Patty Garcia (D)</p> vs <p style=""color:Lupe Castillo"">Lupe Castillo (R)</p>",(D),IL-04,(D),True,False,,D+40.4,0.0,100.0,0.0,>99%,<1%
131,131,IL-05,Mike Quigley,Tommy Hanson,True,False,IL,5,"QUIGLEY, MIKE",no_match,244577.28,0.0,244577.28,100.0,0.0,Illinois,IL-05,76.12144048206912,10.342908874909648,8.382892844107607,0.0606522532580458,3.008101280317181,64.44,17.892489847500464,19.533125515660807,19.12296659862072,99.56519835420214,0.9874012141285956,-6.281226093748889,1,0,0.0,0.0,0.0,0.0,East North Central,2026,0.0,0.0,0.0,17,1705,0,10000.0,0.0,0.0,0.0,44.52715929099033,50.0,1,100.0,73.69553945535702,3.044080966524773,100.0,132,67.72538667504692,79.62681700503366,0.0,Safe D,"<p style=""color:blue;"">Mike Quigley (D)</p> vs <p style=""color:Tommy Hanson"">Tommy Hanson (R)</p>",(D),IL-05,(D),True,False,,D+47.4,0.0,100.0,0.0,>99%,<1%
132,132,IL-06,Sean Casten,Niki Conforti,True,False,IL,6,"CASTEN, SEAN","CONFORTI, NIKI",1336291.12,308087.72,1644378.84,81.26418848834129,18.73581151165871,Illinois,IL-06,75.45765610057656,12.22381709602348,5.273524951585651,0.0289288405799771,5.393478296920461,43.41,3.272799839227517,3.5377850246776745,3.471538728315135,99.955816616402,0.9874012141285956,-6.281226093748889,1,0,0.0,0.0,0.0,0.0,East North Central,2026,0.0,0.0,0.0,17,1706,0,6603.868330668661,0.0,0.0,0.0,13.224303550379158,31.26418848834129,1,62.52837697668257,57.95855743625441,3.1250553703324235,99.42,133,51.86789979861162,64.05692199166745,0.03,Safe D,"<p style=""color:blue;"">Sean Casten (D)</p> vs <p style=""color:Niki Conforti"">Niki Conforti (R)</p>",(D),IL-06,(D),True,False,,D+15.9,0.5799999999999983,99.4,0.6,>99%,<1%
133,133,IL-07,La Shawn Ford,Chad Koppie,False,False,IL,7,"FORD, LA SHAWN K","KOPPIE, CHAD",480391.56,0.0,480391.56,100.0,0.0,Illinois,IL-07,35.456870495233666,12.024704479947449,7.1456250484383474,0.0719655451113251,43.11345091396242,45.98,34.72862699402834,33.82804397593559,34.053189730458776,100.0,0.9874012141285956,-6.281226093748889,0,0,0.0,0.0,0.0,0.0,East North Central,2026,0.0,0.0,0.0,17,1707,3,10000.0,0.0,0.0,0.0,74.38760555466644,50.0,0,100.0,84.96761908004795,3.5852506677432845,100.0,134,77.9774587727252,91.98262363866498,0.005,Safe D,"<p style=""color:blue;"">La Shawn Ford (D)</p> vs <p style=""color:Chad Koppie"">Chad Koppie (R)</p>",(D),IL-07,(D),True,False,,D+69.9,0.0,100.0,0.0,>99%,<1%
134,134,IL-08,Melissa Bean,Jennifer Davis,False,False,IL,8,"BEAN, MELISSA LUBURICH","DAVIS, JENNIFER",1451374.09,462009.04,1913383.13,75.8538144945388,24.146185505461208,Illinois,IL-08,63.39282471031251,17.469235208885767,12.476035953133389,0.0468181799836136,4.605334850888132,38.95,5.580748528993581,4.250216727915792,4.582849678185239,99.65422853556628,0.9874012141285956,-6.281226093748889,0,0,0.0,0.0,0.0,0.0,East North Central,2026,0.0,0.0,0.0,17,1708,6,5753.801173371904,0.0,0.0,0.0,15.446925450119366,25.8538144945388,0,51.707628989077584,57.96823985654637,3.6644931764539312,98.475,135,50.79226941305519,65.2173470128675,0.0,Safe D,"<p style=""color:blue;"">Melissa Bean (D)</p> vs <p style=""color:Jennifer Davis"">Jennifer Davis (R)</p>",(D),IL-08,(D),True,False,,D+15.9,1.5250000000000057,98.5,1.5,98.5%,1.5%
135,135,IL-09,Daniel Biss,John Elleson,False,False,IL,9,"BISS, DANIEL",no_match,2733768.41,0.0,2733768.41,100.0,0.0,Illinois,IL-09,66.9712769090209,10.213535492347305,12.088011658373416,0.0690894538535303,8.282617395440852,54.8,18.85746487373036,19.243132543743293,19.14671562624006,99.61986368165672,0.9874012141285956,-6.281226093748889,0,0,0.0,0.0,0.0,0.0,East North Central,2026,0.0,0.0,0.0,17,1709,0,10000.0,0.0,0.0,0.0,44.57465734622901,50.0,0,100.0,70.59319458148272,3.55870949203302,100.0,136,63.616753469547,77.5543713478937,0.0,Safe D,"<p style=""color:blue;"">Daniel Biss (D)</p> vs <p style=""color:John Elleson"">John Elleson (R)</p>",(D),IL-09,(D),True,False,,D+41.2,0.0,100.0,0.0,>99%,<1%
136,136,IL-10,Brad Schneider,Carl Lambrecht,True,False,IL,10,"SCHNEIDER, BRADLEY S.",no_match,1641829.4,0.0,1641829.4,100.0,0.0,Illinois,IL-10,67.74013504547052,16.745052886304205,6.740759533195425,0.1280199836071972,6.743686819405956,46.58,10.910801191547904,11.922732180065855,11.669749432936367,96.74741301645136,0.9874012141285956,-6.281226093748889,1,0,0.0,0.0,0.0,0.0,East North Central,2026,0.0,0.0,0.0,17,1710,0,10000.0,0.0,0.0,0.0,29.620724959621626,50.0,1,100.0,65.15629110124056,3.325064246105939,100.0,137,58.66636847541336,71.74068357763977,0.0,Safe D,"<p style=""color:blue;"">Brad Schneider (D)</p> vs <p style=""color:Carl Lambrecht"">Carl Lambrecht (R)</p>",(D),IL-10,(D),True,False,,D+30.3,0.0,100.0,0.0,>99%,<1%
137,137,IL-11,Bill Foster,Jeff Walter,True,False,IL,11,"FOSTER, G. WILLIAM (BILL)","WALTER, JEFFREY D",1197851.17,141490.48,1339341.65,89.4358187098863,10.564181290113693,Illinois,IL-11,71.96748824341431,13.80947744052972,6.583115194492017,0.0618616932920158,6.013185705366502,44.28,5.543013270350215,6.553330900863045,6.300751493234838,94.29901668751998,0.9874012141285956,-6.281226093748889,1,0,0.0,0.0,0.0,0.0,East North Central,2026,0.0,0.0,0.0,17,1711,0,7998.765668307649,0.0,0.0,0.0,18.882729080218564,39.43581870988631,1,78.87163741977263,60.78823827989621,3.329278873184221,99.975,138,54.30404673970392,67.30985763874072,0.0,Safe D,"<p style=""color:blue;"">Bill Foster (D)</p> vs <p style=""color:Jeff Walter"">Jeff Walter (R)</p>",(D),IL-11,(D),True,False,,D+21.6,0.025000000000005684,100.0,0.0,>99%,<1%
138,138,IL-12,Julie Fortier,Mike Bost,False,True,IL,12,"FORTIER, JULIE DR.","BOST, MICHAEL",79766.67,512599.08,592365.75,13.46578022108807,86.53421977891193,Illinois,IL-12,89.87275618784253,2.0992719778080424,0.6643397183088843,0.1133478810868244,5.035241673256995,23.81,-24.05425689858493,-21.290575677059422,-21.9814959824408,39.635281426924266,0.9874012141285956,-6.281226093748889,0,1,0.0,0.0,0.0,0.0,East North Central,2026,0.0,0.0,0.0,17,1712,2,181.32723696264665,0.0,0.0,0.0,-37.68176587113271,-36.53421977891193,-1,-73.06843955782387,30.11668248909533,3.4718076448113404,0.005,139,23.303252514433847,36.88279479943067,0.0,Safe R,"<p style=""color:blue;"">Julie Fortier (D)</p> vs <p style=""color:Mike Bost"">Mike Bost (R)</p>",(R),IL-12,(R),True,False,,R+39.8,99.995,0.0,100.0,<1%,>99%
139,139,IL-13,Nikki Budzinski,Jeff Wilson,True,False,IL,13,"BUDZINSKI, NIKKI","WILSON, JEFF",1648862.64,59447.76,1708310.4,96.52008440620628,3.479915593793728,Illinois,IL-13,72.9255747878294,3.589647234011916,2.429096477256963,0.1278379408257839,17.9875709210829,30.85,3.471531843733964,6.075034171262828,5.424158589380612,90.10477963371576,0.9874012141285956,-6.281226093748889,1,0,0.0,0.0,0.0,0.0,East North Central,2026,0.0,0.0,0.0,17,1713,0,9316.126693781183,0.0,0.0,0.0,17.129543272510112,46.52008440620628,1,93.04016881241256,62.187045816570944,3.419918056603527,100.0,140,55.51825437660938,68.90151114589709,0.0,Safe D,"<p style=""color:blue;"">Nikki Budzinski (D)</p> vs <p style=""color:Jeff Wilson"">Jeff Wilson (R)</p>",(D),IL-13,(D),True,False,,D+24.4,0.0,100.0,0.0,>99%,<1%
140,140,IL-14,Lauren Underwood,James Marter,True,False,IL,14,"UNDERWOOD, LAUREN","MARTER, JAMES THOMAS",1800961.23,140265.64,1941226.87,92.77438190416146,7.225618095838536,Illinois,IL-14,66.09881610930296,17.839820824641105,4.5790090673817705,0.0803367777648772,9.446968363414369,32.34,3.579120180984674,3.381648740490917,3.431016600614356,90.71551871690392,0.9874012141285956,-6.281226093748889,1,0,0.0,0.0,0.0,0.0,East North Central,2026,0.0,0.0,0.0,17,1714,0,8607.085937699201,0.0,0.0,0.0,13.1432592949776,42.77438190416146,1,85.54876380832292,58.82031962609477,3.382117248274516,99.5,141,52.17759965186767,65.45079218611104,0.0,Safe D,"<p style=""color:blue;"">Lauren Underwood (D)</p> vs <p style=""color:James Marter"">James Marter (R)</p>",(D),IL-14,(D),True,False,,D+17.6,0.5,99.5,0.5,>99%,<1%
141,141,IL-15,Jennifer Todd,Mary Miller,False,True,IL,15,"TODD, JENNIFER ANN","MILLER, MARY",113062.52,1159985.77,1273048.29,8.881243617239374,91.11875638276062,Illinois,IL-15,92.38627865163106,2.1653560306814907,0.6509712753959112,0.1008668678246781,2.874014864045625,25.07,-22.045431178205384,-19.466763476955364,-20.11143040226787,44.8572797100084,0.9874012141285956,-6.281226093748889,0,1,0.0,0.0,0.0,0.0,East North Central,2026,0.0,0.0,0.0,17,1715,2,78.87648818875512,0.0,0.0,0.0,-33.94163471078685,-41.11875638276062,-1,-82.23751276552125,32.629123065010354,3.5573397226819385,0.005,142,25.61085376767444,39.49848624286126,0.0,Safe R,"<p style=""color:blue;"">Jennifer Todd (D)</p> vs <p style=""color:Mary Miller"">Mary Miller (R)</p>",(R),IL-15,(R),True,False,,R+34.7,99.995,0.0,100.0,<1%,>99%
142,142,IL-16,Paul Nolley,Darin LaHood,False,True,IL,16,"NOLLEY, PAUL","LAHOOD, DARIN MCKAY",350687.39,844857.11,1195544.5,29.332859630068143,70.66714036993186,Illinois,IL-16,89.48122472559214,5.17673199129005,1.3660400835444164,0.0568813047149269,2.269386304048349,30.77,-13.275348155450502,-10.774905961983071,-11.400016510349928,58.966639555141,0.9874012141285956,-6.281226093748889,0,1,0.0,0.0,0.0,0.0,East North Central,2026,0.0,0.0,0.0,17,1716,2,860.4166540772814,0.0,0.0,0.0,-16.51880692695097,-20.667140369931857,-1,-41.33428073986372,39.6457051924293,3.504148617987452,0.1949999999999999,143,32.792864340474395,46.46540156579276,0.0,Safe R,"<p style=""color:blue;"">Paul Nolley (D)</p> vs <p style=""color:Darin LaHood"">Darin LaHood (R)</p>",(R),IL-16,(R),True,False,,R+20.7,99.805,0.2,99.8,<1%,>99%
143,143,IL-17,Eric Sorensen,Dillan Vancil,True,False,IL,17,"SORENSEN, ERIC","VANCIL, DILLAN",1287165.4,281531.32,1568696.72,82.05317086402782,17.946829135972187,Illinois,IL-17,76.24057842197604,8.078417514006315,1.3355750576048175,0.1197609065418725,11.62269781521124,24.01,1.719590843073938,3.164115463521135,2.802984308409336,81.3921366741146,0.9874012141285956,-6.281226093748889,1,0,0.0,0.0,0.0,0.0,East North Central,2026,0.0,0.0,0.0,17,1717,0,6732.722848841344,0.0,0.0,0.0,11.88719471056756,32.05317086402782,1,64.10634172805563,58.303903991735424,3.436964597076749,99.26,144,51.63101832022612,65.04494379528157,0.025,Safe D,"<p style=""color:blue;"">Eric Sorensen (D)</p> vs <p style=""color:Dillan Vancil"">Dillan Vancil (R)</p>",(D),IL-17,(D),True,False,,D+16.6,0.7399999999999949,99.3,0.7,>99%,<1%
144,144,IN-01,Frank Mrvan,Barb Regnitz,True,False,IN,1,"MRVAN, FRANK J.","REGNITZ, BARB",1245119.28,176912.2,1422031.48,87.55919243081736,12.440807569182647,Indiana,IN-01,65.8467853364805,14.01085313070401,1.1402299821696054,0.0762148166532014,17.165407274026588,25.36,1.97663579740118,0.951168931096305,1.2075356476725236,89.37232988525719,0.9874012141285956,-6.281226093748889,1,0,0.0,0.0,0.0,0.0,East North Central,2026,0.0,0.0,0.0,18,1801,0,7666.612179136904,0.0,0.0,0.0,8.696297389093935,37.55919243081736,1,75.11838486163471,55.87520505404276,3.392979066454353,95.84,145,49.22283572523479,62.51651311929564,0.125,Safe D,"<p style=""color:blue;"">Frank Mrvan (D)</p> vs <p style=""color:Barb Regnitz"">Barb Regnitz (R)</p>",(D),IN-01,(D),True,False,,D+11.8,4.159999999999997,95.8,4.2,95.8%,4.2%
145,145,IN-02,Jamee Decio,Rudy Yakym,False,True,IN,2,"DECIO, JAMEE MS.","YAKYM, RUDY C. III",52895.5,2834507.63,2887403.13,1.8319402459053231,98.16805975409468,Indiana,IN-02,83.61173424414015,7.037896507367488,1.0270500054287717,0.1317627313898944,5.96042333378113,24.08,-13.766620515804838,-12.71007631871175,-12.974212367985022,66.148416267987,0.9874012141285956,-6.281226093748889,0,1,0.0,0.0,0.0,0.0,East North Central,2026,0.0,0.0,0.0,18,1802,2,3.356005064567656,0.0,0.0,0.0,-19.667198642221155,-48.16805975409468,-1,-96.33611950818936,37.70085091122051,3.537732045682774,0.045,146,30.72603692029055,44.66309330586627,0.0,Safe R,"<p style=""color:blue;"">Jamee Decio (D)</p> vs <p style=""color:Rudy Yakym"">Rudy Yakym (R)</p>",(R),IN-02,(R),True,False,,R+24.6,99.955,0.0,100.0,<1%,>99%
146,146,IN-03,Kelly Thompson,Marlin Stutzman,False,True,IN,3,"THOMPSON, KELLY ELIZABETH","STUTZMAN, MARLIN A",118432.5,363505.14,481937.64,24.57423744698588,75.42576255301412,Indiana,IN-03,86.10374337355937,4.284706265491849,1.839662752618914,0.0539161585641656,5.505961534982179,24.64,-17.546316854914934,-15.114420124181391,-15.722394306864777,60.7188568957765,0.9874012141285956,-6.281226093748889,0,1,0.0,0.0,0.0,0.0,East North Central,2026,0.0,0.0,0.0,18,1803,2,603.8931461008431,0.0,0.0,0.0,-25.163562519980665,-25.42576255301412,-1,-50.85152510602824,33.629154265778624,3.594434645270417,0.005,147,26.53031993345885,40.73384060400867,0.0,Safe R,"<p style=""color:blue;"">Kelly Thompson (D)</p> vs <p style=""color:Marlin Stutzman"">Marlin Stutzman (R)</p>",(R),IN-03,(R),True,False,,R+32.7,99.995,0.0,100.0,<1%,>99%
147,147,IN-04,Drew Cox,Jim Baird,False,True,IN,4,"COX, DREW","BAIRD, JAMES R DR.",19877.01,159099.8,178976.81,11.105913665574889,88.89408633442511,Indiana,IN-04,87.63441619918326,4.408710028402266,2.130169989684749,0.0664132600432392,4.012350040271871,30.76,-17.17770166436638,-14.189275399860414,-14.936381965986904,62.330508643180494,0.9874012141285956,-6.281226093748889,0,1,0.0,0.0,0.0,0.0,East North Central,2026,0.0,0.0,0.0,18,1804,2,123.34131834720306,0.0,0.0,0.0,-23.59153783822492,-38.89408633442511,-1,-77.78817266885022,37.290402383188834,3.5211774445589428,0.03,148,30.422986880216413,44.15624946488549,0.0,Safe R,"<p style=""color:blue;"">Drew Cox (D)</p> vs <p style=""color:Jim Baird"">Jim Baird (R)</p>",(R),IN-04,(R),True,False,,R+25.4,99.97,0.0,100.0,<1%,>99%
148,148,IN-05,J.D. Ford,Victoria Spartz,False,True,IN,5,"FORD, JAMES (J.D.) DAVID","SPARTZ, VICTORIA",530401.41,1101195.38,1631596.79,32.50811801364233,67.49188198635765,Indiana,IN-05,86.39141363624503,3.3625285936698184,2.4320492637401827,0.0728866777417306,4.978734137580128,39.25,-10.402237602237165,-7.813665058842723,-8.460808194691333,82.3354957311323,0.9874012141285956,-6.281226093748889,0,1,46.0,0.3167013167260046,48.0,0.3167013167260046,East North Central,2026,0.0,1.5576015661428098,-1.5576015661428098,18,1805,0,1056.777736788897,0.3167013167260046,0.56276222041463,2.0,-10.64039029563378,-17.49188198635767,-1,-34.98376397271533,47.73680242040046,3.560318002397433,26.165,149,40.71800472460834,54.69300202508765,0.88,Lean R,"<p style=""color:blue;"">J.D. Ford (D)</p> vs <p style=""color:Victoria Spartz"">Victoria Spartz (R)</p>",(R),IN-05,(R),True,False,,R+4.5,73.83500000000001,26.2,73.8,26.2%,73.8%
149,149,IN-06,Cinde Wirth,Jefferson Shreve,False,True,IN,6,"WIRTH, CYNTHIA (CINDE)","SHREVE, JEFFERSON",32126.71,126148.62,158275.33,20.297989585616406,79.7020104143836,Indiana,IN-06,87.73053539481913,3.2518581007374223,2.6591566913443776,0.058361089697904,4.2550870507468765,27.39,-18.579759839050418,-15.7997063796344,-16.494719744488407,76.24109853584261,0.9874012141285956,-6.281226093748889,0,1,0.0,0.0,0.0,0.0,East North Central,2026,0.0,0.0,0.0,18,1806,2,412.0083812177921,0.0,0.0,0.0,-26.70821339522793,-29.702010414383597,-1,-59.40402082876719,37.15017337505303,3.417407502127136,0.025,150,30.39874743658917,43.929963460786055,0.0,Safe R,"<p style=""color:blue;"">Cinde Wirth (D)</p> vs <p style=""color:Jefferson Shreve"">Jefferson Shreve (R)</p>",(R),IN-06,(R),True,False,,R+25.7,99.975,0.0,100.0,<1%,>99%
150,150,IN-07,Andre Carson,Patrick McAuley,True,False,IN,7,"CARSON, ANDRE",no_match,399064.92,0.0,399064.92,100.0,0.0,Indiana,IN-07,55.72230418011187,7.185284947471264,1.6459263468881733,0.0718158711128929,31.835060936447817,34.61,19.29909816910889,21.830587761653625,21.19771536351744,99.7316794637303,0.9874012141285956,-6.281226093748889,1,0,0.0,0.0,0.0,0.0,East North Central,2026,0.0,0.0,0.0,18,1807,6,10000.0,0.0,0.0,0.0,48.67665682078377,50.0,1,100.0,74.37236294750265,3.3750010898018843,100.0,151,67.85562669212858,80.92663863176148,0.0,Safe D,"<p style=""color:blue;"">Andre Carson (D)</p> vs <p style=""color:Patrick McAuley"">Patrick McAuley (R)</p>",(D),IN-07,(D),True,False,,D+48.7,0.0,100.0,0.0,>99%,<1%
151,151,IN-08,Mary Allen,Mark Messmer,False,True,IN,8,"ALLEN, MARY THERESA","MESSMER, MARK MR.",268728.38,257027.37,525755.75,51.11278003141193,48.88721996858808,Indiana,IN-08,91.46029271193268,1.908833041497197,0.7218406937691112,0.0954157238890204,3.500305088320044,22.34,-18.99406120160036,-17.495697045637524,-17.870288084628232,53.03714982618142,0.9874012141285956,-6.281226093748889,0,1,0.0,0.0,0.0,0.0,East North Central,2026,0.0,0.0,0.0,18,1808,2,2612.5162825395023,0.0,0.0,0.0,-29.459350075507576,1.1127800314119298,-1,2.225560062823851,35.81633072759295,3.6223933996548863,0.01,152,28.76857635462397,42.86553302920381,0.0,Safe R,"<p style=""color:blue;"">Mary Allen (D)</p> vs <p style=""color:Mark Messmer"">Mark Messmer (R)</p>",(R),IN-08,(R),True,False,,R+28.4,99.99,0.0,100.0,<1%,>99%
152,152,IN-09,Brad Meyer,Erin Houchin,False,True,IN,9,"MEYER, BRADLEY ALLEN MR.","HOUCHIN, ERIN",94168.58,342705.65,436874.23,21.55507776231159,78.4449222376884,Indiana,IN-09,91.55467781669316,2.481840920117192,1.1582038582794605,0.0450869767210624,2.5716720068161907,26.0,-16.19891472229598,-14.44286339028453,-14.881876223287392,50.67086854796352,0.9874012141285956,-6.281226093748889,0,1,0.0,0.0,0.0,0.0,East North Central,2026,0.0,0.0,0.0,18,1809,2,464.62137733929967,0.0,0.0,0.0,-23.482526352825897,-28.44492223768841,-1,-56.88984447537682,37.22620257806847,3.557843174058066,0.03,153,30.2277645669366,44.17952278339638,0.0,Safe R,"<p style=""color:blue;"">Brad Meyer (D)</p> vs <p style=""color:Erin Houchin"">Erin Houchin (R)</p>",(R),IN-09,(R),True,False,,R+25.5,99.97,0.0,100.0,<1%,>99%
153,153,KS-01,Lauren Reinhold,Tracey Mann,False,True,KS,1,"REINHOLD, LAUREN","MANN, TRACEY ROBERT",43658.0,345108.7,388766.7,11.22987128269988,88.77012871730012,Kansas,KS-01,82.28325808576916,10.279271426891656,1.3182477365072314,0.5201693956740272,2.761731807602648,29.41,-17.412865234889388,-15.174236911128013,-15.733893992068356,57.76968426212099,0.9874012141285956,-6.281226093748889,0,1,0.0,0.0,0.0,0.0,West North Central,2026,0.0,0.0,0.0,20,2001,2,126.11000902600746,0.0,0.0,0.0,-25.186561890387825,-38.77012871730012,-1,-77.54025743460024,36.10052442708322,3.5137742699131533,0.015,154,29.262457881412747,42.96854108859529,0.0,Safe R,"<p style=""color:blue;"">Lauren Reinhold (D)</p> vs <p style=""color:Tracey Mann"">Tracey Mann (R)</p>",(R),KS-01,(R),True,False,,R+27.8,99.985,0.0,100.0,<1%,>99%
154,154,KS-02,Don Coover,Derek Schmidt,False,True,KS,2,"COOVER, DON","SCHMIDT, DEREK",718291.26,898090.09,1616381.35,44.43822987687899,55.561770123121,Kansas,KS-02,77.69663006208178,8.45014576378714,1.528442819811791,0.5575653671283778,7.946203344259324,26.91,-10.605342359635635,-9.277623301875032,-9.609553066315184,62.49540484975561,0.9874012141285956,-6.281226093748889,0,1,0.0,0.0,0.0,0.0,West North Central,2026,0.0,0.0,0.0,20,2002,1,1974.7562745903408,0.0,0.0,0.0,-12.93788003888148,-5.561770123121008,-1,-11.123540246242012,43.24546057922748,3.5961856181647764,3.06,155,36.2321014688379,50.32221589889251,0.005,Safe R,"<p style=""color:blue;"">Don Coover (D)</p> vs <p style=""color:Derek Schmidt"">Derek Schmidt (R)</p>",(R),KS-02,(R),True,False,,R+13.5,96.94,3.1,96.9,3.1%,96.9%
155,155,KS-03,Sharice Davids,Chase LaPorte,True,False,KS,3,"DAVIDS, SHARICE",no_match,2852001.23,0.0,2852001.23,100.0,0.0,Kansas,KS-03,82.91324371998641,7.073605487349085,3.226674036551413,0.1736127212124697,4.381309922820242,51.28,0.0042096974047112,2.83706828547664,2.128853638458658,89.6850790365842,0.9874012141285956,-6.281226093748889,1,0,0.0,0.0,0.0,0.0,West North Central,2026,0.0,0.0,0.0,20,2003,0,10000.0,0.0,0.0,0.0,10.538933370666204,50.0,1,100.0,59.4223578606734,3.378425492019665,99.81,156,52.74555883383434,65.9594501581026,0.0,Safe D,"<p style=""color:blue;"">Sharice Davids (D)</p> vs <p style=""color:Chase LaPorte"">Chase LaPorte (R)</p>",(D),KS-03,(D),True,False,,D+18.8,0.18999999999999773,99.8,0.2,>99%,<1%
156,156,KS-04,Katy Tyndell,Ron Estes,False,True,KS,4,"TYNDELL, KATY","ESTES, RON",233629.11,311847.75,545476.86,42.83025131441872,57.16974868558128,Kansas,KS-04,77.85069884083185,9.270703407309004,2.859520444420123,0.5257109646399937,6.010578376409805,30.380000000000003,-13.400556927206935,-11.099828893296454,-11.675010901774074,79.2459869021199,0.9874012141285956,-6.281226093748889,0,1,0.0,0.0,0.0,0.0,West North Central,2026,0.0,0.0,0.0,20,2004,0,1834.4304276562664,0.0,0.0,0.0,-17.06879570979926,-7.169748685581283,-1,-14.33949737116255,41.63931711497487,3.522417398462369,0.91,157,34.78284352619475,48.5039799436603,0.0,Safe R,"<p style=""color:blue;"">Katy Tyndell (D)</p> vs <p style=""color:Ron Estes"">Ron Estes (R)</p>",(R),KS-04,(R),True,False,,R+16.7,99.09,0.9,99.1,<1%,>99%
157,157,KY-01,Drew Williams,James Comer,False,True,KY,1,"WILLIAMS, JOHN ANDREW","COMER, JAMES",111983.09,1450577.63,1562560.72,7.166639258665097,92.8333607413349,Kentucky,KY-01,88.02778788073904,2.3524334408211067,0.5119736042976547,0.1085899147116711,6.753979454927355,20.29,-23.96304822060537,-23.204969967338823,-23.39448953065546,40.02607284150029,0.9874012141285956,-6.281226093748889,0,1,0.0,0.0,0.0,0.0,East South Central,2026,0.0,0.2528395958047464,-0.2528395958047464,21,2101,2,51.36071826383981,0.0,0.0,0.0,-40.50775296756203,-42.8333607413349,-1,-85.6667214826698,29.523994218965825,3.500655433188547,0.0,158,22.660003174285368,36.42326647144319,0.0,Safe R,"<p style=""color:blue;"">Drew Williams (D)</p> vs <p style=""color:James Comer"">James Comer (R)</p>",(R),KY-01,(R),True,False,,R+41.0,100.0,0.0,100.0,<1%,>99%
158,158,KY-02,Megan Wingfield,Brett Guthrie,False,True,KY,2,"WINGFIELD, MEGAN","GUTHRIE, S. BRETT BRETT HON.",7539.0,1670800.28,1678339.28,0.4491940390026503,99.55080596099737,Kentucky,KY-02,88.87135047353722,2.576455435703236,1.2806154233835687,0.1023722359496293,4.883768138260267,23.04,-20.956126410497955,-20.2159553151528,-20.40099808898909,51.57342750462068,0.9874012141285956,-6.281226093748889,0,1,0.0,0.0,0.0,0.0,East South Central,2026,0.0,0.0,0.0,21,2102,2,0.2017752846755145,0.0,0.0,0.0,-34.52077008422929,-49.55080596099735,-1,-99.1016119219947,31.143422655725363,3.557936461803477,0.0,159,24.08871190099969,38.21196149488423,0.0,Safe R,"<p style=""color:blue;"">Megan Wingfield (D)</p> vs <p style=""color:Brett Guthrie"">Brett Guthrie (R)</p>",(R),KY-02,(R),True,False,,R+37.7,100.0,0.0,100.0,<1%,>99%
159,159,KY-03,Morgan McGarvey,Maria Rodriguez,True,False,KY,3,"MCGARVEY, MORGAN","RODRIGUEZ, MARIA TERESA",931583.92,32568.7,964152.62,96.62203894648962,3.3779610535103872,Kentucky,KY-03,69.75039597811188,3.997449570212156,1.867068953478544,0.1207227932718633,20.24284207547656,35.120000000000005,9.117663056733605,10.384550926706318,10.06782895921314,99.2220758935408,0.9874012141285956,-6.281226093748889,1,0,0.0,0.0,0.0,0.0,East South Central,2026,0.0,0.0,0.0,21,2103,0,9335.818410176958,0.0,0.0,0.0,26.416884012175167,46.62203894648962,1,93.24407789297923,66.01556452753127,3.4401416735927595,100.0,160,59.30832674227571,72.71780886208282,0.0,Safe D,"<p style=""color:blue;"">Morgan McGarvey (D)</p> vs <p style=""color:Maria Rodriguez"">Maria Rodriguez (R)</p>",(D),KY-03,(D),True,False,,D+32.0,0.0,100.0,0.0,>99%,<1%
160,160,KY-04,Melissa Strange,Ed Gallrein,False,False,KY,4,"STRANGE, MELISSA CLAIRE","GALLREIN, ED",74463.82,3511193.99,3585657.81,2.0767129476864388,97.92328705231355,Kentucky,KY-04,91.76425943689588,2.467489573121669,0.834853004732942,0.0592056949905306,2.8582120231481967,30.76,-18.82927498924942,-17.330041638405156,-17.704849976116222,63.50348148335559,0.9874012141285956,-6.281226093748889,0,0,0.0,0.0,0.0,0.0,East South Central,2026,0.0,0.0,0.0,21,2104,2,4.3127366670884975,0.0,0.0,0.0,-29.12847385848356,-47.92328705231356,0,-95.84657410462714,35.06329605128189,3.691042836428315,0.025,161,27.85527834199813,42.32905223391929,0.0,Safe R,"<p style=""color:blue;"">Melissa Strange (D)</p> vs <p style=""color:Ed Gallrein"">Ed Gallrein (R)</p>",(R),KY-04,(R),True,False,,R+29.9,99.975,0.0,100.0,<1%,>99%
161,161,KY-05,Ned Pillersdorf,Hal Rogers,False,True,KY,5,"PILLERSDORF, NED","ROGERS, HAROLD DALLAS",119155.69,403297.33,522453.02,22.80696740924189,77.19303259075812,Kentucky,KY-05,95.57225746637916,1.0809365570451854,0.3086902021243719,0.1059060873430072,1.538589747596279,15.05,-32.33647024278145,-31.58484010897301,-31.772747642425124,25.12873299040045,0.9874012141285956,-6.281226093748889,0,1,0.0,0.0,0.0,0.0,East South Central,2026,0.0,0.0,0.0,21,2105,2,520.1577624062217,0.0,0.0,0.0,-57.26426919110136,-27.19303259075811,-1,-54.38606518151623,22.026725911537344,3.5642206363077618,0.0,162,15.02858447342183,28.98589894896765,0.0,Safe R,"<p style=""color:blue;"">Ned Pillersdorf (D)</p> vs <p style=""color:Hal Rogers"">Hal Rogers (R)</p>",(R),KY-05,(R),True,False,,R+55.9,100.0,0.0,100.0,<1%,>99%
162,162,KY-06,Zach Dembo,Ralph Alvarado,False,False,KY,6,"DEMBO, ZACH","ALVARADO, RALPH A",1399355.45,1199993.02,2599348.47,53.83485385474307,46.16514614525693,Kentucky,KY-06,85.29931131908882,3.048914003178528,1.3584672435105067,0.0669256577785626,7.804167402436871,34.9,-7.876455669658362,-6.906651086057956,-7.149102231958058,72.73693293491634,0.9874012141285956,-6.281226093748889,0,0,46.23418852116347,0.4715768852292215,46.510609838164925,0.4715768852292215,East South Central,2026,0.0,0.0,0.0,21,2106,2,2898.191489561545,0.4715768852292215,0.6867145587718535,0.2764213170014571,-8.016978370167227,3.8348538547430735,0,7.669707709486137,47.42622613711127,3.689793420811131,23.99,163,40.20786790250142,54.6268790240856,0.67,Likely R,"<p style=""color:blue;"">Zach Dembo (D)</p> vs <p style=""color:Ralph Alvarado"">Ralph Alvarado (R)</p>",(R),KY-06,(R),True,False,,R+5.1,76.01,24.0,76.0,24.0%,76.0%
163,163,LA-01,Lauren Jewett,Steve Scalise,False,True,LA,1,"JEWETT, LAUREN","SCALISE, STEVE MR",139975.19,1407069.04,1547044.23,9.04791131925168,90.95208868074832,Louisiana,LA-01,75.12155350019725,7.490641301012581,1.85630999868496,0.9668171656511638,11.936878095822555,23.45152053955423,-22.23220143066738,-18.788832479418865,-19.64967471723099,84.76275009694054,0.9874012141285956,-6.281226093748889,0,1,0.0,0.0,0.0,0.0,West South Central,2026,0.0,0.0,0.0,22,2201,0,81.86469924104269,0.0,0.0,0.0,-33.01812334071309,-40.95208868074832,-1,-81.90417736149665,32.523896501274976,3.5019938647670688,0.005,164,25.72432790711018,39.36879959074199,0.0,Safe R,"<p style=""color:blue;"">Lauren Jewett (D)</p> vs <p style=""color:Steve Scalise"">Steve Scalise (R)</p>",(R),LA-01,(R),True,False,,R+35.0,99.995,0.0,100.0,<1%,>99%
164,164,LA-02,Troy Carter,TBD,True,False,LA,2,"CARTER, TROY A. SR.",no_match,421437.74,0.0,421437.74,100.0,0.0,Louisiana,LA-02,30.26991451260614,5.718325546410543,2.5261090940650632,0.200338478006162,58.91777443478512,18.047735092861583,24.297890948218416,25.102816779031933,24.90158532132855,95.27122775195556,0.9874012141285956,-6.281226093748889,1,0,0.0,0.0,0.0,0.0,West South Central,2026,0.0,0.0,0.0,22,2202,3,10000.0,0.0,0.0,0.0,56.08439673640599,50.0,1,100.0,80.30583065371536,3.4651008413601687,100.0,165,73.5583325233583,87.1532982623551,0.0,Safe D,"<p style=""color:blue;"">Troy Carter (D)</p> vs <p style=""color:TBD"">TBD (R)</p>",(D),LA-02,(D),True,False,,D+60.6,0.0,100.0,0.0,>99%,<1%
165,165,LA-03,TBD,Clay Higgins,False,True,LA,3,no_match,"HIGGINS, CLAY CAPTAIN",0.0,202552.82,202552.82,0.0,100.0,Louisiana,LA-03,66.55872197265677,3.225926589331919,1.2075499805805958,0.2741771581697167,26.690241882423045,15.400091402116232,-18.7336071431707,-17.574617723851198,-17.864365078681075,69.73060004765861,0.9874012141285956,-6.281226093748889,0,1,0.0,0.0,0.0,0.0,West South Central,2026,0.0,0.0,0.0,22,2203,1,0.0,0.0,0.0,0.0,-29.447504063613263,-50.0,-1,-100.0,33.88837275384343,3.510430772872226,0.01,166,27.015872225520503,40.74478703579569,0.0,Safe R,"<p style=""color:blue;"">TBD (D)</p> vs <p style=""color:Clay Higgins"">Clay Higgins (R)</p>",(R),LA-03,(R),True,False,,R+32.2,99.99,0.0,100.0,<1%,>99%
166,166,LA-04,TBD,Mike Johnson,False,True,LA,4,no_match,"JOHNSON, JAMES MICHAEL",0.0,12263644.76,12263644.76,0.0,100.0,Louisiana,LA-04,62.85997891561495,3.2605118331271243,0.9223978472103668,0.5012381356334907,30.199421675381423,13.95068575516001,-17.471751379983587,-16.543814048623823,-16.775798381463765,55.97247071825766,0.9874012141285956,-6.281226093748889,0,1,0.0,0.0,0.0,0.0,West South Central,2026,0.0,0.0,0.0,22,2204,1,0.0,0.0,0.0,0.0,-27.270370669178643,-50.0,-1,-100.0,32.04579741864633,3.5418257483050377,0.0,167,25.112890589488316,39.04119409424409,0.0,Safe R,"<p style=""color:blue;"">TBD (D)</p> vs <p style=""color:Mike Johnson"">Mike Johnson (R)</p>",(R),LA-04,(R),True,False,,R+35.9,100.0,0.0,100.0,<1%,>99%
167,167,LA-05,TBD,TBD,False,False,LA,5,no_match,no_match,0.0,0.0,0.0,0.0,0.0,Louisiana,LA-05,61.01977146682957,2.5897204937862583,0.5768547181987914,0.3073222414334572,33.39700649845908,13.15257858032957,-16.99818089960538,-16.445097325469497,-16.583368219003468,43.65664672124284,0.9874012141285956,-6.281226093748889,0,0,0.0,0.0,0.0,0.0,West South Central,2026,0.0,0.0,0.0,22,2205,1,0.0,0.0,0.0,0.0,-26.885510344258048,-50.0,0,0.0,38.14488931719484,3.697469334884486,0.12,168,30.88661188720074,45.440076406967705,0.0,Safe R,"<p style=""color:blue;"">TBD (D)</p> vs <p style=""color:TBD"">TBD (R)</p>",(R),LA-05,(R),True,False,,R+23.7,99.88,0.1,99.9,<1%,>99%
168,168,LA-06,TBD,TBD,False,False,LA,6,no_match,no_match,0.0,0.0,0.0,0.0,0.0,Louisiana,LA-06,67.45497050982776,3.960108844289128,1.6590811773968537,0.2631324502396508,24.481850076660635,21.42478046279085,-18.611557766894123,-15.447689305186609,-16.238656420613488,79.85927812408619,0.9874012141285956,-6.281226093748889,0,0,0.0,0.0,0.0,0.0,West South Central,2026,0.0,0.0,0.0,22,2206,1,0.0,0.0,0.0,0.0,-26.196086747478088,-50.0,0,0.0,38.44519706111019,3.705619565041199,0.12,169,31.265137755940145,45.77984842344135,0.0,Safe R,"<p style=""color:blue;"">TBD (D)</p> vs <p style=""color:TBD"">TBD (R)</p>",(R),LA-06,(D),False,True,Flip,R+23.1,99.88,0.1,99.9,<1%,>99%
169,169,MA-01,Richard Neal,TBD,True,False,MA,1,"NEAL, RICHARD E",no_match,571136.15,0.0,571136.15,100.0,0.0,Massachusetts,MA-01,75.71682498739222,15.911770298535844,1.599907405110907,0.0618401580727035,4.965235579586134,31.51,8.782479685101805,7.707418678600376,7.976183930225734,78.17598959420205,0.9874012141285956,-6.281226093748889,1,0,0.0,0.0,0.0,0.0,New England,2026,0.0,0.0,0.0,25,2501,0,10000.0,0.0,0.0,0.0,22.233593954200355,50.0,1,100.0,63.17571268259333,3.5066150351806447,100.0,170,56.35764508158746,70.05084884865141,0.0,Safe D,"<p style=""color:blue;"">Richard Neal (D)</p> vs <p style=""color:TBD"">TBD (R)</p>",(D),MA-01,(D),True,False,,D+26.4,0.0,100.0,0.0,>99%,<1%
170,170,MA-02,Jim McGovern,TBD,True,False,MA,2,"MCGOVERN, JAMES P",no_match,628194.76,0.0,628194.76,100.0,0.0,Massachusetts,MA-02,80.46174719435807,9.045547991198257,4.442883363120142,0.0535473851313891,3.9948759801237617,45.18,13.48710044215759,12.893680266199048,13.042035310188684,81.6121090614402,0.9874012141285956,-6.281226093748889,1,0,0.0,0.0,0.0,0.0,New England,2026,0.0,0.0,0.0,25,2502,0,10000.0,0.0,0.0,0.0,32.36529671412626,50.0,1,100.0,68.11403311051838,3.418322237828145,100.0,171,61.377778674539606,74.9207534708723,0.0,Safe D,"<p style=""color:blue;"">Jim McGovern (D)</p> vs <p style=""color:TBD"">TBD (R)</p>",(D),MA-02,(D),True,False,,D+36.2,0.0,100.0,0.0,>99%,<1%
171,171,MA-03,Lori Trahan,Gary Grossi,True,False,MA,3,"TRAHAN, LORI","GROSSI, GARY J.",780983.24,2520.85,783504.09,99.67825949702446,0.3217405029755492,Massachusetts,MA-03,71.28287010164303,17.013991251119247,6.596267901055981,0.0443120373100029,3.4991860867527147,38.48,11.728235838253418,10.446173818071728,10.76668932311715,88.93768035416629,0.9874012141285956,-6.281226093748889,1,0,0.0,0.0,0.0,0.0,New England,2026,0.0,0.0,0.0,25,2503,0,9935.755416356144,0.0,0.0,0.0,27.81460473998319,49.678259497024456,1,99.3565189940489,65.77725771499514,3.431043757570058,100.0,172,59.0661474032174,72.41627341329448,0.0,Safe D,"<p style=""color:blue;"">Lori Trahan (D)</p> vs <p style=""color:Gary Grossi"">Gary Grossi (R)</p>",(D),MA-03,(D),True,False,,D+31.6,0.0,100.0,0.0,>99%,<1%
172,172,MA-04,Jake Auchincloss,Tom Stalcup,True,False,MA,4,"AUCHINCLOSS, JAKE","STALCUP, THOMAS PHD",2270535.27,8966.33,2279501.6,99.60665392820955,0.39334607179043,Massachusetts,MA-04,84.90446357972664,4.639272897894636,5.079287843109995,0.0608235508789003,3.3833534630323148,48.77,12.230030532384925,10.815645201078354,11.169241533904996,91.52672566870184,0.9874012141285956,-6.281226093748889,1,0,0.0,0.0,0.0,0.0,New England,2026,0.0,0.0,0.0,25,2504,0,9921.485506774105,0.0,0.0,0.0,28.61970916155888,49.60665392820955,1,99.21330785641914,64.15786795703141,3.520393802995986,100.0,173,57.33842222633784,70.94364394580995,0.0,Safe D,"<p style=""color:blue;"">Jake Auchincloss (D)</p> vs <p style=""color:Tom Stalcup"">Tom Stalcup (R)</p>",(D),MA-04,(D),True,False,,D+28.3,0.0,100.0,0.0,>99%,<1%
173,173,MA-05,Katherine Clark,TBD,True,False,MA,5,"CLARK, KATHERINE",no_match,1136007.17,0.0,1136007.17,100.0,0.0,Massachusetts,MA-05,75.47363366101676,7.54375704214167,10.17992380005643,0.1253804858633969,4.535559662238799,60.47,23.723624657176224,23.92327861372241,23.873365124585867,99.34989201140442,0.9874012141285956,-6.281226093748889,1,0,0.0,0.0,0.0,0.0,New England,2026,0.0,0.0,0.0,25,2505,0,10000.0,0.0,0.0,0.0,54.02795634292063,50.0,1,100.0,77.09793198912939,3.456774036297906,100.0,174,70.29218241974093,83.81347920571383,0.0,Safe D,"<p style=""color:blue;"">Katherine Clark (D)</p> vs <p style=""color:TBD"">TBD (R)</p>",(D),MA-05,(D),True,False,,D+54.2,0.0,100.0,0.0,>99%,<1%
174,174,MA-06,TBD,Micah Jones,False,False,MA,6,no_match,"JONES, MICAH Q.",0.0,439067.62,439067.62,0.0,100.0,Massachusetts,MA-06,84.2253386595529,7.604872740421845,3.863158002462978,0.0515110475846094,2.6809624037579187,48.85,11.781057341317997,11.294393957877162,11.41605980373737,94.8074576783284,0.9874012141285956,-6.281226093748889,0,0,0.0,0.0,0.0,0.0,New England,2026,0.0,0.0,0.0,25,2506,0,0.0,0.0,0.0,0.0,29.11334570122363,-50.0,0,-100.0,60.6598517645997,3.709799436044444,99.77,175,53.341764911909785,67.87342562890076,0.0,Safe D,"<p style=""color:blue;"">TBD (D)</p> vs <p style=""color:Micah Jones"">Micah Jones (R)</p>",(D),MA-06,(D),True,False,,D+21.3,0.23000000000000398,99.8,0.2,>99%,<1%
175,175,MA-07,Ayanna Pressley,TBD,True,False,MA,7,"PRESSLEY, AYANNA",no_match,1008337.91,0.0,1008337.91,100.0,0.0,Massachusetts,MA-07,48.958753368129486,16.07827250287351,9.175067362589738,0.1079685704056829,22.66567428539127,48.3,34.45213941148983,33.3200755961169,33.60309154996013,99.93419553400196,0.9874012141285956,-6.281226093748889,1,0,0.0,0.0,0.0,0.0,New England,2026,0.0,0.0,0.0,25,2507,6,10000.0,0.0,0.0,0.0,73.48740919366915,50.0,1,100.0,85.85844357082715,3.5115227257278683,100.0,176,79.05651419817231,92.69658474905056,0.025,Safe D,"<p style=""color:blue;"">Ayanna Pressley (D)</p> vs <p style=""color:TBD"">TBD (R)</p>",(D),MA-07,(D),True,False,,D+71.7,0.0,100.0,0.0,>99%,<1%
176,176,MA-08,Stephen Lynch,TBD,True,False,MA,8,"LYNCH, STEPHEN",no_match,555542.09,0.0,555542.09,100.0,0.0,Massachusetts,MA-08,74.40046583877762,5.658144143926212,7.768414541219649,0.1252719264748825,10.301499288973824,50.42,15.763042379129054,14.243151676741064,14.623124352338062,99.40135859337192,0.9874012141285956,-6.281226093748889,1,0,0.0,0.0,0.0,0.0,New England,2026,0.0,0.0,0.0,25,2508,0,10000.0,0.0,0.0,0.0,35.52747479842501,50.0,1,100.0,71.94729927807965,3.429610198924156,100.0,177,65.28993206827762,78.67381182288888,0.0,Safe D,"<p style=""color:blue;"">Stephen Lynch (D)</p> vs <p style=""color:TBD"">TBD (R)</p>",(D),MA-08,(D),True,False,,D+43.9,0.0,100.0,0.0,>99%,<1%
177,177,MA-09,Bill Keating,Tyler MacAllister,True,False,MA,9,"KEATING, WILLIAM R","MACALLISTER, ROBERT TYLER",252361.68,171502.14,423863.82,59.538386645031416,40.46161335496858,Massachusetts,MA-09,89.97726856629947,4.098462914386908,1.1830714816909076,0.1662327225711957,2.7191849735988085,41.03,6.986457396392019,6.221069809553605,6.412416706263208,87.77291570115042,0.9874012141285956,-6.281226093748889,1,0,0.0,0.0,0.0,0.0,New England,2026,0.0,0.0,0.0,25,2509,0,3544.8194842932558,0.0,0.0,0.0,19.106059506275304,9.538386645031416,1,19.076773290062825,59.80347485019238,3.3519323691968306,99.855,178,53.2703386188908,66.39674598742451,0.0,Safe D,"<p style=""color:blue;"">Bill Keating (D)</p> vs <p style=""color:Tyler MacAllister"">Tyler MacAllister (R)</p>",(D),MA-09,(D),True,False,,D+19.6,0.14499999999999602,99.9,0.1,>99%,<1%
178,178,MD-01,Dan Schwartz,Andy Harris,False,True,MD,1,"SCHWARTZ, DANIEL","HARRIS, ANDREW P",667987.33,1833468.76,2501456.09,26.70393986408132,73.29606013591868,Maryland,MD-01,77.57375959499994,3.651513294939346,2.0594105275172763,0.0669740647550243,14.35376741703357,33.61,-9.686828544264252,-7.902524636355501,-8.348600613332689,60.90420162847396,0.9874012141285956,-6.281226093748889,0,1,0.0,0.0,0.0,0.0,South Atlantic,2026,0.0,0.0,0.0,24,2401,1,713.1004042644715,0.0,0.0,0.0,-10.41597513291649,-23.29606013591868,-1,-46.59212027183736,43.527947481273145,3.50881958415454,3.09,179,36.65040270124441,50.26785053616513,0.0,Safe R,"<p style=""color:blue;"">Dan Schwartz (D)</p> vs <p style=""color:Andy Harris"">Andy Harris (R)</p>",(R),MD-01,(R),True,False,,R+12.9,96.91,3.1,96.9,3.1%,96.9%
179,179,MD-02,Johnny Olszewski,Dave Wallace,True,False,MD,2,"OLSZEWSKI, JOHN ANTHONY JR.","WALLACE, DAVID DRAIN II",698489.9,18994.47,717484.37,97.35262943776742,2.647370562232596,Maryland,MD-02,65.62703992730678,4.240263617357943,4.28534873074091,0.0960887358586799,23.326759146272472,45.14,8.355610210423116,10.219162881433618,9.753274713680993,87.3965178633971,0.9874012141285956,-6.281226093748889,1,0,0.0,0.0,0.0,0.0,South Atlantic,2026,0.0,0.0,0.0,24,2402,0,9477.53445844726,0.0,0.0,0.0,25.787775521110877,47.35262943776742,1,94.7052588755348,66.808348499936,3.5257312802388743,100.0,180,59.93614075126235,73.7496819382936,0.0,Safe D,"<p style=""color:blue;"">Johnny Olszewski (D)</p> vs <p style=""color:Dave Wallace"">Dave Wallace (R)</p>",(D),MD-02,(D),True,False,,D+33.6,0.0,100.0,0.0,>99%,<1%
180,180,MD-03,Sarah Elfreth,Berney Flowers,True,False,MD,3,"ELFRETH, SARAH KELLY","FLOWERS, BERNARD",692846.73,7958.2,700804.9299999999,98.86442008905388,1.135579910946117,Maryland,MD-03,64.52071371285408,5.960914710746148,8.630063095736602,0.1206555143118732,17.4435935470592,51.690000000000005,10.755854472127282,12.99519108401114,12.435356931040175,92.4320976296206,0.9874012141285956,-6.281226093748889,1,0,0.0,0.0,0.0,0.0,South Atlantic,2026,0.0,0.0,0.0,24,2403,0,9774.17355954492,0.0,0.0,0.0,31.15193995582924,48.86442008905388,1,97.72884017810776,66.30080078054026,3.524753189819615,100.0,181,59.39297542849771,73.24718819521354,0.0,Safe D,"<p style=""color:blue;"">Sarah Elfreth (D)</p> vs <p style=""color:Berney Flowers"">Berney Flowers (R)</p>",(D),MD-03,(D),True,False,,D+32.6,0.0,100.0,0.0,>99%,<1%
181,181,MD-04,Glenn Ivey,George McDermott,True,False,MD,4,"IVEY, GLENN FREDERICK",no_match,335894.63,0.0,335894.63,100.0,0.0,Maryland,MD-04,14.028796084038506,12.113093783793545,4.717127445085821,0.1485057012167269,65.86897080662602,32.45,38.91759708535584,38.58264395991848,38.666382241277816,99.0152833526046,0.9874012141285956,-6.281226093748889,1,0,0.0,0.0,0.0,0.0,South Atlantic,2026,0.0,0.0,0.0,24,2404,3,10000.0,0.0,0.0,0.0,83.61399057630452,50.0,1,100.0,92.18886626906914,3.1487026338279023,100.0,182,86.03281107499097,98.34851530421923,1.6400000000000001,Safe D,"<p style=""color:blue;"">Glenn Ivey (D)</p> vs <p style=""color:George McDermott"">George McDermott (R)</p>",(D),MD-04,(D),True,False,,D+84.4,0.0,100.0,0.0,>99%,<1%
182,182,MD-05,Adrian Boafo,Chris Chaffee,False,False,MD,5,"BOAFO, ADRIAN",no_match,1560121.13,0.0,1560121.13,100.0,0.0,Maryland,MD-05,46.48677999799142,5.390812639047049,2.591913610823158,0.16068604771899,41.7877344118363,40.73,16.284677161388437,17.775137488451442,17.40252240668569,71.24009702558992,0.9874012141285956,-6.281226093748889,0,0,0.0,0.0,0.0,0.0,South Atlantic,2026,0.0,0.0,0.0,24,2405,3,10000.0,0.0,0.0,0.0,41.08627090712027,50.0,0,100.0,69.98484678579496,3.575364613424522,100.0,183,62.94928984958315,76.95294100753345,0.0,Safe D,"<p style=""color:blue;"">Adrian Boafo (D)</p> vs <p style=""color:Chris Chaffee"">Chris Chaffee (R)</p>",(D),MD-05,(D),True,False,,D+40.0,0.0,100.0,0.0,>99%,<1%
183,183,MD-06,April McClain Delaney,Robin Ficker,True,False,MD,6,"DELANEY, APRIL MCCLAIN","FICKER, ROBIN",869217.38,1071.72,870289.1,99.8768547141404,0.1231452858596068,Maryland,MD-06,68.474972350066,8.69759891540904,7.601947982446751,0.1264761497020942,12.531128474080417,39.55,2.744538138450203,3.713003103005924,3.470886861866993,76.2655799034512,0.9874012141285956,-6.281226093748889,1,0,0.0,0.0,0.0,0.0,South Atlantic,2026,0.0,0.0,0.0,24,2406,0,9975.386107589513,0.0,0.0,0.0,13.222999817482876,49.87685471414041,1,99.7537094282808,58.99717373166187,3.479384219100349,99.55,184,52.15420380303164,65.85311028973592,0.0,Safe D,"<p style=""color:blue;"">April McClain Delaney (D)</p> vs <p style=""color:Robin Ficker"">Robin Ficker (R)</p>",(D),MD-06,(D),True,False,,D+18.0,0.45000000000000284,99.6,0.5,>99%,<1%
184,184,MD-07,Kweisi Mfume,Scott Collier,True,False,MD,7,"MFUME, KWEISI",no_match,181108.15,0.0,181108.15,100.0,0.0,Maryland,MD-07,34.12773967997849,4.818788938191923,2.220787952131236,0.196674286226525,55.89906324234683,31.28,29.980767863318285,30.99871254549199,30.74422637494856,99.94343412225788,0.9874012141285956,-6.281226093748889,1,0,0.0,0.0,0.0,0.0,South Atlantic,2026,0.0,0.0,0.0,24,2407,3,10000.0,0.0,0.0,0.0,67.769678843646,50.0,1,100.0,83.13743057897508,3.082511643576648,100.0,185,77.09737696614647,89.18350397774196,0.0,Safe D,"<p style=""color:blue;"">Kweisi Mfume (D)</p> vs <p style=""color:Scott Collier"">Scott Collier (R)</p>",(D),MD-07,(D),True,False,,D+66.3,0.0,100.0,0.0,>99%,<1%
185,185,MD-08,Jamie Raskin,Cheryl Riley,True,False,MD,8,"RASKIN, JAMIE","RILEY, CHERYL",6525800.72,16589.6,6542390.319999999,99.74642906967374,0.2535709303262725,Maryland,MD-08,52.988632918469634,13.684792837203076,12.99142842518476,0.1569027360529807,17.307533299997242,63.080000000000005,29.52736902943868,29.77788462711588,29.71525572769658,98.00888368132289,0.9874012141285956,-6.281226093748889,1,0,0.0,0.0,0.0,0.0,South Atlantic,2026,0.0,0.0,0.0,24,2408,6,9949.350112151456,0.0,0.0,0.0,65.71173754914204,49.74642906967374,1,99.49285813934746,81.3375703879123,3.152075777332348,100.0,186,75.24243533734229,87.50521951057844,0.0,Safe D,"<p style=""color:blue;"">Jamie Raskin (D)</p> vs <p style=""color:Cheryl Riley"">Cheryl Riley (R)</p>",(D),MD-08,(D),True,False,,D+62.7,0.0,100.0,0.0,>99%,<1%
186,186,ME-01,Chellie Pingree,Ronald Russell,True,False,ME,1,"PINGREE, CHELLIE M","RUSSELL, RONALD CHARLES MR.",180392.1,67478.79,247870.89,72.77663786982005,27.223362130179947,Maine,ME-01,93.87797103991096,1.8354633131043416,1.195485075227867,0.1338656940524617,1.011151298658301,41.27,9.462787290359016,11.791562839680417,11.209368952350069,50.43432049431941,0.9874012141285956,-6.281226093748889,1,0,0.0,0.0,0.0,0.0,New England,2026,0.0,0.0,0.0,23,2301,2,5296.439019634926,0.0,0.0,0.0,28.699963998449025,22.77663786982005,1,45.55327573964011,65.08372066987462,3.189082108489253,100.0,187,58.8344225648241,71.32097372911774,0.0,Safe D,"<p style=""color:blue;"">Chellie Pingree (D)</p> vs <p style=""color:Ronald Russell"">Ronald Russell (R)</p>",(D),ME-01,(D),True,False,,D+30.2,0.0,100.0,0.0,>99%,<1%
187,187,ME-02,Matt Dunlap,Paul LePage,False,False,ME,2,"DUNLAP, MATT","LEPAGE, PAUL",1181075.25,1418549.45,2599624.7,45.43252916469058,54.567470835309415,Maine,ME-02,94.62380497992548,1.5425886250292566,0.5984552508867004,0.5520047530741948,0.8485317681796086,26.92,-5.410175726539528,-3.867301452551835,-4.253020021048759,26.830059602454565,0.9874012141285956,-6.281226093748889,0,0,48.97170937867051,0.2864473226428639,48.0062694006118,0.2864473226428639,New England,2026,0.0,0.2528395958047464,-0.2528395958047464,23,2302,2,2064.11470630046,0.2864473226428639,0.5352077378391159,-0.9654399780587112,-2.224813948348628,-4.567470835309422,0,-9.134941670618838,49.58745557213536,3.687309895287599,45.15,188,42.39345818913086,56.77112867950592,2.565,Tossup,"<p style=""color:blue;"">Matt Dunlap (D)</p> vs <p style=""color:Paul LePage"">Paul LePage (R)</p>",(R),ME-02,(D),False,True,Flip,R+0.8,54.85,45.2,54.8,45.2%,54.8%
188,188,MI-01,Callie Barr,Jack Bergman,False,True,MI,1,"BARR, CALLIE","BERGMAN, JOHN",749606.84,491107.03,1240713.87,60.417382131788365,39.58261786821163,Michigan,MI-01,92.29399433116367,1.7509009680990557,0.4643420773694087,1.6383093991190534,1.191240784215196,26.48,-12.313988408881585,-10.009807344513112,-10.58585261060523,34.391101080122525,0.9874012141285956,-6.281226093748889,0,1,0.0,0.0,0.0,0.0,East North Central,2026,0.0,0.0,0.0,26,2601,2,3650.26006365854,0.0,0.0,0.0,-14.890479127461573,10.417382131788363,-1,20.834764263576737,43.57257761414393,3.140949457407755,2.03,189,37.414996864339486,49.70169348108085,0.095,Safe R,"<p style=""color:blue;"">Callie Barr (D)</p> vs <p style=""color:Jack Bergman"">Jack Bergman (R)</p>",(R),MI-01,(R),True,False,,R+12.9,97.97,2.0,98.0,2.0%,98.0%
189,189,MI-02,Ben Ambrose,John Moolenaar,False,True,MI,2,"AMBROSE, BENJAMIN","MOOLENAAR, JOHN MR.",84843.96,1049484.96,1134328.92,7.479661190336222,92.52033880966378,Michigan,MI-02,90.91613640071787,3.5638766519823792,0.4712024800130527,0.5725240659161364,2.189264154021863,21.22,-16.625881675042976,-14.520054229982804,-15.046511091247847,25.61106688154922,0.9874012141285956,-6.281226093748889,0,1,0.0,0.0,0.0,0.0,East North Central,2026,0.0,0.0,0.0,26,2602,2,55.94533152222186,0.0,0.0,0.0,-23.811796088746807,-42.52033880966378,-1,-85.04067761932757,36.3841511782224,3.501505533114618,0.01,190,29.552497490215632,43.22001278880363,0.0,Safe R,"<p style=""color:blue;"">Ben Ambrose (D)</p> vs <p style=""color:John Moolenaar"">John Moolenaar (R)</p>",(R),MI-02,(R),True,False,,R+27.2,99.99,0.0,100.0,<1%,>99%
190,190,MI-03,Hillary Scholten,Terri DeBoer,True,False,MI,3,"SCHOLTEN, HILLARY","DEBOER, TERRI",1549311.66,448788.76,1998100.42,77.539228984297,22.460771015703006,Michigan,MI-03,78.3733557528944,6.954793056942182,2.058746256108454,0.2017760496032788,9.741649589266634,36.65,2.0595543355519936,4.736246584983164,4.067073522625371,90.24533990874552,0.9874012141285956,-6.281226093748889,1,0,0.0,0.0,0.0,0.0,East North Central,2026,0.0,0.0,0.0,26,2603,0,6012.332031479244,0.0,0.0,0.0,14.41537313899963,27.539228984297,1,55.07845796859399,59.64705203990842,3.388896089232261,99.835,191,53.04665609940149,66.30589753371352,0.0,Safe D,"<p style=""color:blue;"">Hillary Scholten (D)</p> vs <p style=""color:Terri DeBoer"">Terri DeBoer (R)</p>",(D),MI-03,(D),True,False,,D+19.3,0.16500000000000625,99.8,0.2,>99%,<1%
191,191,MI-04,Sean McCann,Bill Huizenga,False,True,MI,4,"MCCANN, SEAN","HUIZENGA, WILLIAM P",2274399.15,1669140.88,3943540.03,57.674047497877176,42.32595250212282,Michigan,MI-04,81.84154278854517,6.185552805578951,1.8079230328050968,0.2018563203246235,7.596135794878155,31.76,-4.27775975542562,-2.060635075442825,-2.614916245438524,69.59888974954815,0.9874012141285956,-6.281226093748889,0,1,47.98756697331091,0.0669466335163031,45.0062138711187,0.0669466335163031,East North Central,2026,0.0,0.4168620196785084,-0.4168620196785084,26,2604,2,3326.2957547873925,0.0669466335163031,0.2587404752185152,-2.981353102192209,1.0513936028718414,7.674047497877176,-1,15.34809499575436,49.97481101254513,3.493306150970858,49.79,192,43.12830211107936,56.847841583781744,2.595,Tossup,"<p style=""color:blue;"">Sean McCann (D)</p> vs <p style=""color:Bill Huizenga"">Bill Huizenga (R)</p>",(R),MI-04,(R),True,False,,R+0.1,50.21,49.8,50.2,49.8%,50.2%
192,192,MI-05,Christian Vukasovich,Tim Walberg,False,True,MI,5,"VUKASOVICH, CHRISTIAN A","WALBERG, TIMOTHY L REP",52756.03,862339.35,915095.38,5.765085383777153,94.23491461622284,Michigan,MI-05,89.30397333056919,3.8412540249908886,0.5898304404669157,0.1737057334595026,3.831724451547971,22.9,-14.564530484364743,-12.954532423618351,-13.35703193880495,46.87493544588816,0.9874012141285956,-6.281226093748889,0,1,0.0,0.0,0.0,0.0,East North Central,2026,0.0,0.0,0.0,26,2605,2,33.236209482240966,0.0,0.0,0.0,-20.43283778386101,-44.234914616222845,-1,-88.46982923244569,37.18933121225371,3.490670790796647,0.015,193,30.346294696195528,44.00715021735509,0.0,Safe R,"<p style=""color:blue;"">Christian Vukasovich (D)</p> vs <p style=""color:Tim Walberg"">Tim Walberg (R)</p>",(R),MI-05,(R),True,False,,R+25.6,99.985,0.0,100.0,<1%,>99%
193,193,MI-06,Debbie Dingell,Heather Smiley,True,False,MI,6,"DINGELL, DEBBIE",no_match,389399.79,0.0,389399.79,100.0,0.0,Michigan,MI-06,75.70150294053583,4.047919843171422,7.196340666521454,0.1599651492049662,9.881594423872794,51.06,11.243783571466372,12.7114376459023,12.34452412729332,89.65938450068556,0.9874012141285956,-6.281226093748889,1,0,0.0,0.0,0.0,0.0,East North Central,2026,0.0,0.0,0.0,26,2606,0,10000.0,0.0,0.0,0.0,30.97027434833553,50.0,1,100.0,67.98870280586121,3.110514327908113,100.0,194,61.949043244227866,74.16193672330685,0.0,Safe D,"<p style=""color:blue;"">Debbie Dingell (D)</p> vs <p style=""color:Heather Smiley"">Heather Smiley (R)</p>",(D),MI-06,(D),True,False,,D+36.0,0.0,100.0,0.0,>99%,<1%
194,194,MI-07,William Lawrence,Tom Barrett,False,True,MI,7,"LAWRENCE, WILLIAM","BARRETT, THOMAS MORE",1065694.2,3353986.21,4419680.41,24.112471969438168,75.88752803056182,Michigan,MI-07,85.23989488174196,4.803904392441496,1.9448546281233048,0.1700246110207316,5.27927251491261,36.27,-2.0036910782675648,0.0981253104920867,-0.4273287866978261,68.75630451551652,0.9874012141285956,-6.281226093748889,0,1,48.97170187730009,0.8016351575709336,46.9717018773001,0.8016351575709336,East North Central,2026,0.0,0.0,0.0,26,2607,2,581.4113044769414,0.8016351575709336,0.8953408052640813,-1.999999999999993,5.426568520353237,-25.887528030561832,-1,-51.77505606112365,49.23905043992182,3.55301470067006,41.635,195,42.31333295357064,56.24170287141789,1.8900000000000001,Tossup,"<p style=""color:blue;"">William Lawrence (D)</p> vs <p style=""color:Tom Barrett"">Tom Barrett (R)</p>",(R),MI-07,(R),True,False,,R+1.5,58.365,41.6,58.4,41.6%,58.4%
195,195,MI-08,Kristen McDonald Rivet,Thomas Smith,True,False,MI,8,"MCDONALD RIVET, KRISTEN","SMITH, THOMAS JAMES MR",3620745.62,2685.0,3623430.62,99.92589895373794,0.0741010462620642,Michigan,MI-08,78.07607087631455,4.541057789499756,0.8641983572867786,0.1887714459758881,14.081379236479746,23.91,-1.2399399363541974,-0.2545182149644063,-0.5008736453118541,74.92186179825573,0.9874012141285956,-6.281226093748889,1,0,0.0,0.0,0.0,0.0,East North Central,2026,0.0,0.0,0.0,26,2608,1,9985.185281712646,0.0,0.0,0.0,5.279478803125181,49.92589895373794,1,99.85179790747588,56.455231981565134,3.449505293602478,97.0,196,49.67866414766858,63.17991947126404,0.11499999999999999,Safe D,"<p style=""color:blue;"">Kristen McDonald Rivet (D)</p> vs <p style=""color:Thomas Smith"">Thomas Smith (R)</p>",(D),MI-08,(D),True,False,,D+12.9,3.0,97.0,3.0,97.0%,3.0%
196,196,MI-09,Ray Pooley,Lisa McClain,False,True,MI,9,"POOLEY, STEVEN RAYMOND","MCCLAIN, LISA",8083.69,2697168.59,2705252.28,0.2988146451169426,99.70118535488308,Michigan,MI-09,91.54139533334444,3.1882151125027063,1.0474160185200607,0.1160834735106507,2.3208367336742004,28.08,-17.211491675977506,-15.6376756721329,-16.03112967309405,55.40232940453854,0.9874012141285956,-6.281226093748889,0,1,0.0,0.0,0.0,0.0,East North Central,2026,0.0,0.0,0.0,26,2609,2,0.0892901921363643,0.0,0.0,0.0,-25.78103325243921,-49.70118535488306,-1,-99.40237070976612,34.55779752012518,3.5209935553397305,0.025,197,27.64967539253224,41.5158446886061,0.0,Safe R,"<p style=""color:blue;"">Ray Pooley (D)</p> vs <p style=""color:Lisa McClain"">Lisa McClain (R)</p>",(R),MI-09,(R),True,False,,R+30.9,99.975,0.0,100.0,<1%,>99%
197,197,MI-10,Christina Hines,Mike Bouchard,False,False,MI,10,"HINES, CHRISTINA","BOUCHARD, MICHAEL",1135198.13,1290223.21,2425421.34,46.80416186987124,53.19583813012877,Michigan,MI-10,76.55112808538912,2.316123533420672,5.150983583876637,0.1233216217647289,13.269372340770778,29.34,-2.765890527701494,-2.5923617343448484,-2.6357439326840097,99.99922602416352,0.9874012141285956,-6.281226093748889,0,0,41.0,0.00074947059667833,43.0,0.00074947059667833,East North Central,2026,0.0,0.0,0.0,26,2610,0,2190.629568341109,0.00074947059667833,0.0273764606309568,2.0,1.0097382283808694,-3.195838130128763,0,-6.391676260257531,50.29665212092652,3.684877138765112,52.84,198,43.12547647283823,57.50551254292164,2.935,Tossup,"<p style=""color:blue;"">Christina Hines (D)</p> vs <p style=""color:Mike Bouchard"">Mike Bouchard (R)</p>",(D),MI-10,(R),False,True,Flip,D+0.6,47.16,52.8,47.2,52.8%,47.2%
198,198,MI-11,Jeremy Moss,Ethan Baker,False,False,MI,11,"MOSS, JEREMY","BAKER, ETHAN D",1280252.47,140876.0,1421128.47,90.08703273673773,9.912967263262273,Michigan,MI-11,74.36223025342854,3.782149815699238,5.773900407329532,0.1175549260826277,13.316094229012762,49.59,7.780280828713657,8.96170112300797,8.666346049434392,99.65238380129144,0.9874012141285956,-6.281226093748889,0,0,0.0,0.0,0.0,0.0,East North Central,2026,0.0,0.0,0.0,26,2611,0,8115.673467310055,0.0,0.0,0.0,23.61391819261767,40.087032736737726,0,80.17406547347545,62.21022690817746,3.691169612939418,99.935,199,54.9874583393076,69.41994566834406,0.0,Safe D,"<p style=""color:blue;"">Jeremy Moss (D)</p> vs <p style=""color:Ethan Baker"">Ethan Baker (R)</p>",(D),MI-11,(D),True,False,,D+24.4,0.06499999999999773,99.9,0.1,>99%,<1%
199,199,MI-12,Rashida Tlaib,James Hooper,True,False,MI,12,"TLAIB, RASHIDA","HOOPER, JAMES D",2317690.61,775.0,2318465.61,99.96657271961864,0.0334272803813553,Michigan,MI-12,48.29248636948762,2.592026016538474,1.3632295310533205,0.1565413978897221,44.71556891565663,26.39,22.281124230171702,20.69864937405024,21.094268088080607,100.0,0.9874012141285956,-6.281226093748889,1,0,0.0,0.0,0.0,0.0,East North Central,2026,0.4168620196785084,0.0,0.4168620196785084,26,2612,3,9993.315661306802,0.0,0.0,0.0,48.469762269910106,49.96657271961864,1,99.9331454392373,74.14336511148687,3.1658640913264278,100.0,200,67.94580448770762,80.31901986318444,0.0,Safe D,"<p style=""color:blue;"">Rashida Tlaib (D)</p> vs <p style=""color:James Hooper"">James Hooper (R)</p>",(D),MI-12,(D),True,False,,D+48.3,0.0,100.0,0.0,>99%,<1%
200,200,MI-13,Donovan McKinney,T.P. Nykoriak,False,False,MI,13,"MCKINNEY, DONAVAN",no_match,1204321.37,0.0,1204321.37,100.0,0.0,Michigan,MI-13,41.82691351821292,6.77564476802088,1.9943570936682689,0.1977366920856521,46.32858632724881,21.42,22.802653816271963,21.748445243254217,22.011997386508657,99.9829823661215,0.9874012141285956,-6.281226093748889,0,0,0.0,0.0,0.0,0.0,East North Central,2026,0.0,0.0,0.0,26,2613,3,10000.0,0.0,0.0,0.0,50.305220866766206,50.0,0,100.0,74.41521199854147,3.691475321060188,100.0,201,67.26552276001217,81.68113490104632,0.0,Safe D,"<p style=""color:blue;"">Donovan McKinney (D)</p> vs <p style=""color:T.P. Nykoriak"">T.P. Nykoriak (R)</p>",(D),MI-13,(D),True,False,,D+48.8,0.0,100.0,0.0,>99%,<1%
201,201,MN-01,Jake Johnson,Brad Finstad,False,True,MN,1,"JOHNSON, JACOB","FINSTAD, BRAD",1866272.72,829373.5,2695646.22,69.23285059268646,30.76714940731355,Minnesota,MN-01,88.72529823857963,4.482150652874089,2.326326498874872,0.2265245439062274,2.7207302746586675,31.35,-6.97256377684738,-5.366802659469457,-5.768242938813938,57.78054733489319,0.9874012141285956,-6.281226093748889,0,1,41.931272128311576,0.0057758825657105,51.45017702649259,0.0057758825657105,West North Central,2026,0.0,0.0,0.0,27,2701,2,4793.187601189246,0.0057758825657105,0.0759992274020631,9.518904898181011,-5.255259783878986,19.23285059268646,-1,38.465701185372914,47.33375731027743,3.540155107679201,22.44,202,40.39634427488544,54.28640249117825,0.75,Likely R,"<p style=""color:blue;"">Jake Johnson (D)</p> vs <p style=""color:Brad Finstad"">Brad Finstad (R)</p>",(R),MN-01,(R),True,False,,R+5.3,77.56,22.4,77.6,22.4%,77.6%
202,202,MN-02,Matt Little,Eric Pratt,False,False,MN,2,"LITTLE, MATT","PRATT, ERIC",718906.66,351113.48,1070020.14,67.18627370882943,32.81372629117055,Minnesota,MN-02,82.25967225315985,5.011325512116304,4.615264853698687,0.2810018094238133,5.4142213496820695,42.45,1.394855160344619,3.725422261673288,3.142780486341121,87.03947220851464,0.9874012141285956,-6.281226093748889,0,0,45.0,0.1287177813196431,40.0,0.1287177813196431,West North Central,2026,0.0,0.0,0.0,27,2702,0,4513.995374877745,0.1287177813196431,0.358772603914573,-5.0,12.56678706643113,17.186273708829432,0,34.372547417658886,55.92734618675579,3.694787784938131,94.54,203,48.65245228568141,63.140985451603285,0.03,Very Likely D,"<p style=""color:blue;"">Matt Little (D)</p> vs <p style=""color:Eric Pratt"">Eric Pratt (R)</p>",(D),MN-02,(D),True,False,,D+11.9,5.459999999999994,94.5,5.5,94.5%,5.5%
203,203,MN-03,Kelly Morrison,Tyler Bass,True,False,MN,3,"MORRISON, KELLY LOUISE",no_match,1141441.08,0.0,1141441.08,100.0,0.0,Minnesota,MN-03,79.84415278907697,3.325132568146398,6.711427815296552,0.2624898307244445,7.2219009439048065,50.36000000000001,8.428846830480161,11.610129090569622,10.814808525547257,95.82510293546574,0.9874012141285956,-6.281226093748889,1,0,0.0,0.0,0.0,0.0,West North Central,2026,0.0,0.0,0.0,27,2703,0,10000.0,0.0,0.0,0.0,27.9108431448434,50.0,1,100.0,65.38866963342947,3.533509136206167,100.0,204,58.50979328445448,72.33595539254173,0.0,Safe D,"<p style=""color:blue;"">Kelly Morrison (D)</p> vs <p style=""color:Tyler Bass"">Tyler Bass (R)</p>",(D),MN-03,(D),True,False,,D+30.8,0.0,100.0,0.0,>99%,<1%
204,204,MN-04,Betty McCollum,Paul Wikstrom,True,False,MN,4,"MCCOLLUM, BETTY","WIKSTROM, PAUL",790361.53,23004.0,813365.53,97.17175130350066,2.828248696499346,Minnesota,MN-04,72.47345185538718,4.826295230625087,10.803124162576944,0.3558008845143484,8.549588159009156,46.63,16.92867596753475,18.98354456244713,18.469827413719035,97.55226324525592,0.9874012141285956,-6.281226093748889,1,0,0.0,0.0,0.0,0.0,West North Central,2026,0.0,0.0,0.0,27,2704,0,9442.349251389382,0.0,0.0,0.0,43.22088092118696,47.171751303500656,1,94.34350260700133,71.70264063455338,3.36337572758689,100.0,205,65.12364337153548,78.33792745172114,0.0,Safe D,"<p style=""color:blue;"">Betty McCollum (D)</p> vs <p style=""color:Paul Wikstrom"">Paul Wikstrom (R)</p>",(D),MN-04,(D),True,False,,D+43.4,0.0,100.0,0.0,>99%,<1%
205,205,MN-05,Ilhan Omar,John Nagel,True,False,MN,5,"OMAR, ILHAN","NAGEL, JOHN",5568552.39,746782.98,6315335.369999999,88.17508594163543,11.82491405836457,Minnesota,MN-05,70.70214658028013,6.303031682015635,4.459448954013769,0.6295068041721891,14.147596592320395,49.68,29.93672189590564,32.52154611438349,31.875340059764028,100.0,0.9874012141285956,-6.281226093748889,1,0,0.0,0.0,0.0,0.0,West North Central,2026,0.4168620196785084,0.0,0.4168620196785084,27,2705,0,7774.845780814794,0.0,0.0,0.0,70.03190621327694,38.17508594163543,1,76.35017188327087,80.83654002967407,3.360737039605824,100.0,206,74.23461035502936,87.36721047529699,0.0,Safe D,"<p style=""color:blue;"">Ilhan Omar (D)</p> vs <p style=""color:John Nagel"">John Nagel (R)</p>",(D),MN-05,(D),True,False,,D+61.7,0.0,100.0,0.0,>99%,<1%
206,206,MN-06,Doug Chapin,Tom Emmer,False,True,MN,6,"CHAPIN, DOUG","EMMER, THOMAS EARL JR.",357047.95,2668454.96,3025502.91,11.801276039757632,88.19872396024236,Minnesota,MN-06,88.9990247196069,2.6096252672643385,2.6655163359465845,0.2068719756930117,3.568776023106643,34.54,-11.28933909237618,-9.28299058275487,-9.784577710160198,68.65200641514512,0.9874012141285956,-6.281226093748889,0,1,0.0,0.0,0.0,0.0,West North Central,2026,0.0,0.0,0.0,27,2706,2,139.27011616655756,0.0,0.0,0.0,-13.287929326571508,-38.19872396024237,-1,-76.39744792048472,42.2459605286052,3.483418877947273,1.315,207,35.45942818441636,49.14386305061238,0.0,Safe R,"<p style=""color:blue;"">Doug Chapin (D)</p> vs <p style=""color:Tom Emmer"">Tom Emmer (R)</p>",(R),MN-06,(R),True,False,,R+15.5,98.685,1.3,98.7,1.3%,98.7%
207,207,MN-07,Erik Osberg,Michelle Fischbach,False,True,MN,7,"OSBERG, ERIK","FISCHBACH, MICHELLE",309707.93,470264.29,779972.22,39.70755907178335,60.29244092821665,Minnesota,MN-07,92.57787069725568,3.271629509209072,0.8109787173887973,0.5944697203611459,1.07584883059101,23.76,-19.185885851097503,-17.798817317560058,-18.14558445094442,31.861793997577497,0.9874012141285956,-6.281226093748889,0,1,0.0,0.0,0.0,0.0,West North Central,2026,0.0,0.0,0.0,27,2707,2,1576.6902474391643,0.0,0.0,0.0,-30.00994280813995,-10.29244092821665,-1,-20.58488185643329,35.06576155378888,3.5139998094730807,0.01,208,28.239322339057267,41.8851268095033,0.0,Safe R,"<p style=""color:blue;"">Erik Osberg (D)</p> vs <p style=""color:Michelle Fischbach"">Michelle Fischbach (R)</p>",(R),MN-07,(R),True,False,,R+29.9,99.99,0.0,100.0,<1%,>99%
208,208,MN-08,Trina Swanson,Pete Stauber,False,True,MN,8,"SWANSON, TRINA","STAUBER, PETER ALLEN",306436.53,851815.31,1158251.84,26.456813571735832,73.54318642826416,Minnesota,MN-08,91.3478036230389,1.5069838633169514,0.847127367116152,2.8305762899559683,1.0075948742093448,26.790000000000003,-8.038044741641642,-6.515640338146604,-6.896241439020364,36.31846933740074,0.9874012141285956,-6.281226093748889,0,1,0.0,0.0,0.0,0.0,West North Central,2026,0.0,0.0,0.0,27,2708,2,699.9629843695853,0.0,0.0,0.0,-7.511256784291839,-23.543186428264168,-1,-47.086372856528335,44.32538613472126,3.523537560638468,5.275,209,37.49243605860816,51.27110104369285,0.02,Very Likely R,"<p style=""color:blue;"">Trina Swanson (D)</p> vs <p style=""color:Pete Stauber"">Pete Stauber (R)</p>",(R),MN-08,(R),True,False,,R+11.3,94.725,5.3,94.7,5.3%,94.7%
209,209,MO-01,Wesley Bell,Paul Berry,True,False,MO,1,"BELL, WESLEY",no_match,2875721.28,0.0,2875721.28,100.0,0.0,Missouri,MO-01,48.22411135585481,2.8251859342551167,2.024763241090814,0.1035738217165611,43.87296110907968,24.952925151642216,27.64727852604593,30.056303606940297,29.454047336716705,99.64152208837427,0.9874012141285956,-6.281226093748889,1,0,0.0,0.0,0.0,0.0,West North Central,2026,0.0,0.0,0.0,29,2901,3,10000.0,0.0,0.0,0.0,65.1893207671823,50.0,1,100.0,83.92174613164954,3.511840479219521,100.0,210,77.07006757478491,90.90322058071932,0.0,Safe D,"<p style=""color:blue;"">Wesley Bell (D)</p> vs <p style=""color:Paul Berry"">Paul Berry (R)</p>",(D),MO-01,(D),True,False,,D+67.8,0.0,100.0,0.0,>99%,<1%
210,210,MO-02,Fred Wellman,Ann Wagner,False,True,MO,2,"WELLMAN, FREDERICK PAUL","WAGNER, ANN L.",1101034.17,2003885.76,3104919.93,35.46095212832107,64.53904787167893,Missouri,MO-02,90.1452303654072,2.1770739794156246,3.072287076051668,0.0708019617324031,2.915659321682669,31.89256226517005,-7.908452567161426,-5.034047585325851,-5.752648830784745,77.64309221642812,0.9874012141285956,-6.281226093748889,0,1,41.0,0.0419274948562562,44.0,0.0419274948562562,West North Central,2026,0.0,0.0,0.0,29,2902,2,1257.4791258470784,0.0419274948562562,0.2047620444717628,3.0,-5.224071567820601,-14.539047871678932,-1,-29.078095743357867,46.88136754276575,3.471959926314028,18.22,211,40.066574577451696,53.589301308983735,0.48,Likely R,"<p style=""color:blue;"">Fred Wellman (D)</p> vs <p style=""color:Ann Wagner"">Ann Wagner (R)</p>",(R),MO-02,(R),True,False,,R+6.2,81.78,18.2,81.8,18.2%,81.8%
211,211,MO-03,Bethany Mann,Bob Onder,False,True,MO,3,"MANN, BETHANY","ONDER, ROBERT FOR JR.",43143.69,504526.03,547669.72,7.877684017294221,92.1223159827058,Missouri,MO-03,87.47797854272538,2.8242466869894645,1.830051851469125,0.0946693489648873,5.553657353625019,24.874633496684773,-11.663318453328294,-9.385050916383292,-9.954617800619545,74.40743263266802,0.9874012141285956,-6.281226093748889,0,1,0.0,0.0,0.0,0.0,West North Central,2026,0.0,0.0,0.0,29,2903,2,62.05790547633281,0.0,0.0,0.0,-13.6280095074902,-42.12231598270578,-1,-84.24463196541157,42.60073397658083,3.141924801808412,0.92,212,36.41129950565645,48.77024836673759,0.05,Safe R,"<p style=""color:blue;"">Bethany Mann (D)</p> vs <p style=""color:Bob Onder"">Bob Onder (R)</p>",(R),MO-03,(R),True,False,,R+14.8,99.08,0.9,99.1,<1%,>99%
212,212,MO-04,Jordan Herrera,Mark Alford,False,True,MO,4,"HERRERA, JORDAN","ALFORD, MARK",32830.32,775766.94,808597.2599999999,4.0601572159668216,95.93984278403316,Missouri,MO-04,84.96506890814814,4.437771774606586,1.250623470614031,0.2008495937816966,6.468695917062507,22.557965167714368,-11.851267642431637,-9.93357962150079,-10.413001626733502,63.8312944198065,0.9874012141285956,-6.281226093748889,0,1,0.0,0.0,0.0,0.0,West North Central,2026,0.0,0.0,0.0,29,2904,2,16.48487661836745,0.0,0.0,0.0,-14.544777159718116,-45.939842784033175,-1,-91.87968556806638,40.05804027290601,3.5838036504423187,0.26,213,33.03420877303749,47.06072276641032,0.0,Safe R,"<p style=""color:blue;"">Jordan Herrera (D)</p> vs <p style=""color:Mark Alford"">Mark Alford (R)</p>",(R),MO-04,(R),True,False,,R+19.9,99.74,0.3,99.7,<1%,>99%
213,213,MO-05,Emanuel Cleaver,Rick Brattin,True,False,MO,5,"CLEAVER II, EMANUEL","BRATTIN, RICHARD",486831.72,292677.53,779509.25,62.453616810833225,37.546383189166775,Missouri,MO-05,73.78018382378755,5.3012589612341054,0.8906817208378095,0.1748362226950056,17.047058327891644,15.178406672089862,-9.551740672030434,-8.560558036685386,-8.808353695521648,67.0487571552607,0.9874012141285956,-6.281226093748889,1,0,0.0,0.0,0.0,0.0,West North Central,2026,0.0,0.0,0.0,29,2905,1,3900.4542527543904,0.0,0.0,0.0,-11.335481297294407,12.453616810833225,1,24.907233621666443,45.99681008688168,3.377286819458688,11.87,214,39.406083140238806,52.6552849724016,0.415,Likely R,"<p style=""color:blue;"">Emanuel Cleaver (D)</p> vs <p style=""color:Rick Brattin"">Rick Brattin (R)</p>",(R),MO-05,(D),False,True,Flip,R+8.0,88.13,11.9,88.1,11.9%,88.1%
214,214,MO-06,Josh Smead,Chris Stigall,False,False,MO,6,"SMEAD, JOSH","STIGALL, CHRIS",63748.57,523336.0,587084.57,10.858498631636666,89.14150136836334,Missouri,MO-06,86.86171799205351,4.470159512651653,1.5162786551983023,0.1921488099115189,4.631797628393457,19.64991001143889,-14.918981414364978,-12.748572423955082,-13.291174671557556,65.64487030846257,0.9874012141285956,-6.281226093748889,0,0,0.0,0.0,0.0,0.0,West North Central,2026,0.0,0.0,0.0,29,2906,2,117.90699253325532,0.0,0.0,0.0,-20.301123249366224,-39.141501368363336,0,-78.28300273672667,39.333747563217386,3.699671867346879,0.18,215,32.08422572544832,46.617717866859984,0.0,Safe R,"<p style=""color:blue;"">Josh Smead (D)</p> vs <p style=""color:Chris Stigall"">Chris Stigall (R)</p>",(R),MO-06,(R),True,False,,R+21.3,99.82,0.2,99.8,<1%,>99%
215,215,MO-07,Missi Hesketh,Eric Burlison,False,True,MO,7,"HESKETH, MISSI","BURLISON, ERIC",42039.85,1175086.8,1217126.65,3.454024279231746,96.54597572076824,Missouri,MO-07,89.65877049318723,4.149627703581137,1.1030442196970975,0.3876610329748257,1.7000692251844598,17.80189147282805,-23.35378825457612,-20.839360968114025,-21.46796778972955,62.50375309508491,0.9874012141285956,-6.281226093748889,0,1,0.0,0.0,0.0,0.0,West North Central,2026,0.0,0.0,0.0,29,2907,2,11.930283721522384,0.0,0.0,0.0,-36.65470948571021,-46.545975720768254,-1,-93.0919514415365,30.681579978430705,3.1711545498387568,0.0,216,24.503100749311415,36.9179758187674,0.0,Safe R,"<p style=""color:blue;"">Missi Hesketh (D)</p> vs <p style=""color:Eric Burlison"">Eric Burlison (R)</p>",(R),MO-07,(R),True,False,,R+38.6,100.0,0.0,100.0,<1%,>99%
216,216,MO-08,Chris Reichard,Jason Smith,False,True,MO,8,"REICHARD, CHRISTOPHER","SMITH, JASON T",5564.67,1563069.75,1568634.42,0.3547461364516023,99.6452538635484,Missouri,MO-08,91.23861504925736,1.8927322191993785,0.5719934436202031,0.186552662261951,3.487892664627655,13.476632098906212,-28.292200953516925,-26.461519556324888,-26.919189905622897,45.01913268621875,0.9874012141285956,-6.281226093748889,0,1,0.0,0.0,0.0,0.0,West North Central,2026,0.0,0.0,0.0,29,2908,2,0.1258448213273388,0.0,0.0,0.0,-47.5571537174969,-49.6452538635484,-1,-99.2905077270968,24.71945110813075,3.5141325266167565,0.0,217,17.80059579560114,31.524385525879435,0.0,Safe R,"<p style=""color:blue;"">Chris Reichard (D)</p> vs <p style=""color:Jason Smith"">Jason Smith (R)</p>",(R),MO-08,(R),True,False,,R+50.6,100.0,0.0,100.0,<1%,>99%
217,217,MS-01,Cliff Johnson,Trent Kelly,False,True,MS,1,"JOHNSON, CLIFF","KELLY, JOHN TRENT",524874.66,503554.65,1028429.31,51.03653259357224,48.96346740642777,Mississippi,MS-01,67.30894845786516,2.228882746493287,0.6713523692224451,0.0930851773868872,27.719092784385897,23.12,-18.35068011284727,-18.016228026881983,-18.099841048373307,40.188891545401376,0.9874012141285956,-6.281226093748889,0,1,0.0,0.0,0.0,0.0,East South Central,2026,0.0,0.0,0.0,28,2801,1,2604.7276591747614,0.0,0.0,0.0,-29.91845600299773,1.0365325935722396,-1,2.0730651871444628,34.90677080711024,3.5063533168504555,0.01,218,28.05544958734116,41.81337817119336,0.0,Safe R,"<p style=""color:blue;"">Cliff Johnson (D)</p> vs <p style=""color:Trent Kelly"">Trent Kelly (R)</p>",(R),MS-01,(R),True,False,,R+30.2,99.99,0.0,100.0,<1%,>99%
218,218,MS-02,Bennie Thompson,Ron Eller,True,False,MS,2,"THOMPSON, BENNIE G.","ELLER, RON",202967.32,42318.44,245285.76,82.7472903441276,17.2527096558724,Mississippi,MS-02,33.94636556366697,1.2536255176988438,0.2941291232425181,0.292271074453873,62.8183998855442,21.2,10.930262232443448,11.03674872958208,11.01012710529742,47.47696601059813,0.9874012141285956,-6.281226093748889,1,0,0.0,0.0,0.0,0.0,East South Central,2026,0.0,0.0,0.0,28,2802,3,6847.114059295353,0.0,0.0,0.0,28.301480304343727,32.747290344127606,1,65.4945806882552,64.47537931998436,3.205078279849946,100.0,219,58.14881525842068,70.7452396966656,0.0,Safe D,"<p style=""color:blue;"">Bennie Thompson (D)</p> vs <p style=""color:Ron Eller"">Ron Eller (R)</p>",(D),MS-02,(D),True,False,,D+29.0,0.0,100.0,0.0,>99%,<1%
219,219,MS-03,Michael Chiaradio,Michael Guest,False,True,MS,3,"CHIARADIO, MICHAEL ALEXIS","GUEST, MICHAEL PATRICK",134823.27,451811.18,586634.45,22.98250128338013,77.01749871661987,Mississippi,MS-03,61.74972997994137,1.5944639608444005,0.8441490869554296,0.8884646713290728,33.24278840115831,27.74,-14.58760356412288,-13.981618134213877,-14.133114491691128,41.501377782580505,0.9874012141285956,-6.281226093748889,0,1,0.0,0.0,0.0,0.0,East South Central,2026,0.0,0.0,0.0,28,2803,1,528.1953652405696,0.0,0.0,0.0,-21.985002889633368,-27.017498716619865,-1,-54.03499743323974,37.71222102701181,3.5605261126726067,0.055,220,30.713413706682427,44.61700631141696,0.0,Safe R,"<p style=""color:blue;"">Michael Chiaradio (D)</p> vs <p style=""color:Michael Guest"">Michael Guest (R)</p>",(R),MS-03,(R),True,False,,R+24.6,99.945,0.1,99.9,<1%,>99%
220,220,MS-04,Jeffrey Hulum III,Mike Ezell,False,True,MS,4,"HULUM, JEFFREY III","EZELL, WALTER MICHAEL",24945.18,464028.64,488973.82,5.101536928909609,94.8984630710904,Mississippi,MS-04,70.72681491089575,3.5813580135344183,1.3708072630103536,0.2278772156452061,21.33292223291319,23.5,-21.55033979529749,-20.74594519583728,-20.94704384570233,55.99462935672499,0.9874012141285956,-6.281226093748889,0,1,0.0,0.0,0.0,0.0,East South Central,2026,0.0,0.0,0.0,28,2804,1,26.025679037028485,0.0,0.0,0.0,-35.61286159765577,-44.89846307109039,-1,-89.7969261421808,30.730119592248748,3.5728578916968363,0.0,221,23.75666556864488,37.72892857299071,0.0,Safe R,"<p style=""color:blue;"">Jeffrey Hulum III (D)</p> vs <p style=""color:Mike Ezell"">Mike Ezell (R)</p>",(R),MS-04,(R),True,False,,R+38.5,100.0,0.0,100.0,<1%,>99%
221,221,MT-01,Sam Forstag,Aaron Flint,False,False,MT,1,"FORSTAG, SAMUEL KELLEY","FLINT, AARON",1218648.73,824179.47,2042828.2,59.65497881809151,40.34502118190849,Montana,MT-01,89.18015372117728,3.4714473179136056,0.8141330643361512,3.499343873023808,0.2999437605448978,37.23,-5.797310086711413,-5.211152378823421,-5.357691805795419,50.63529307596954,0.9874012141285956,-6.281226093748889,0,0,43.0,0.0191266057131047,48.0,0.0191266057131047,Mountain,2026,0.0,0.0,0.0,30,3001,2,3558.7164977869465,0.0191266057131047,0.1382989722055254,5.0,-4.434157517841949,9.654978818091507,0,19.30995763618301,48.47664908676901,3.698917555733791,33.975,222,41.30349322454161,55.73524088976634,1.55,Lean R,"<p style=""color:blue;"">Sam Forstag (D)</p> vs <p style=""color:Aaron Flint"">Aaron Flint (R)</p>",(R),MT-01,(R),True,False,,R+3.0,66.025,34.0,66.0,34.0%,66.0%
222,222,MT-02,Brian Miller,Troy Downing,False,True,MT,2,"MILLER, BRIAN JAMES","DOWNING, TROY",13338.91,1227705.56,1241044.47,1.074813217611775,98.92518678238822,Montana,MT-02,86.62166729297097,3.540628242306502,0.5296407376683046,5.879224895241741,0.5112061202929686,30.680000000000003,-16.038411887699475,-14.50386559504981,-14.887502168212226,56.20175129539413,0.9874012141285956,-6.281226093748889,0,1,0.0,0.0,0.0,0.0,Mountain,2026,0.0,0.0,0.0,30,3002,2,1.155223452752977,0.0,0.0,0.0,-23.493778242675564,-48.925186782388224,-1,-97.85037356477646,36.71436764322159,3.599551309933616,0.02,223,29.69477694067908,43.83853635912932,0.0,Safe R,"<p style=""color:blue;"">Brian Miller (D)</p> vs <p style=""color:Troy Downing"">Troy Downing (R)</p>",(R),MT-02,(R),True,False,,R+26.6,99.98,0.0,100.0,<1%,>99%
223,223,NC-01,Don Davis,Laurie Buckhout,True,False,NC,1,"DAVIS, DON","BUCKHOUT, LAURIE",2211710.61,557046.77,2768757.38,79.88098292671638,20.11901707328361,North Carolina,NC-01,61.42505218421498,3.298589444855688,0.8315283264979563,0.5482547991527438,31.64543112452923,16.373350220237832,-5.745662318930009,-5.105806356137542,-5.265770346835659,43.84681716199236,0.9874012141285956,-6.281226093748889,1,0,44.812016774960505,0.1366094245300462,41.0,0.1366094245300462,South Atlantic,2026,0.0,0.0,0.0,37,3701,1,6380.9714333383545,0.1366094245300462,0.3696071218605591,-3.812016774960505,-4.2503145999224285,29.880982926716385,1,59.76196585343278,49.00090441069504,3.1493171601616208,37.295,224,42.84794284455717,55.223357274795006,1.92,Tilt R,"<p style=""color:blue;"">Don Davis (D)</p> vs <p style=""color:Laurie Buckhout"">Laurie Buckhout (R)</p>",(R),NC-01,(D),False,True,Flip,R+2.0,62.705,37.3,62.7,37.3%,62.7%
224,224,NC-02,Deborah Ross,Eugene Douglass,True,False,NC,2,"ROSS, DEBORAH",no_match,958372.09,0.0,958372.09,100.0,0.0,North Carolina,NC-02,61.37551800507979,7.287477915912466,4.277900015535637,0.1819114613252981,24.019719419183986,36.27660877182831,15.686977476252244,17.955142000739535,17.388100869617713,97.62374777046146,0.9874012141285956,-6.281226093748889,1,0,0.0,0.0,0.0,0.0,South Atlantic,2026,0.0,0.0,0.0,37,3702,0,10000.0,0.0,0.0,0.0,41.05742783298432,50.0,1,100.0,71.77957815055784,3.427390989968752,100.0,225,65.08069074757967,78.44071767162006,0.0,Safe D,"<p style=""color:blue;"">Deborah Ross (D)</p> vs <p style=""color:Eugene Douglass"">Eugene Douglass (R)</p>",(D),NC-02,(D),True,False,,D+43.6,0.0,100.0,0.0,>99%,<1%
225,225,NC-03,Raymond Smith Jr.,Greg Murphy,False,True,NC,3,"SMITH, RAYMOND EDWARD DR. JR.","MURPHY, GREGORY FRANCIS DR.",186152.61,1011637.57,1197790.18,15.541337131349668,84.45866286865034,North Carolina,NC-03,59.28911854081469,7.382465811589066,1.2209054418990424,0.3749435515646337,28.557960623730477,14.353984910009515,-6.486185844649143,-6.131982552990586,-6.220533375905225,51.57375246422681,0.9874012141285956,-6.281226093748889,0,1,0.0,0.0,0.0,0.0,South Atlantic,2026,0.0,0.0,0.0,37,3703,1,241.53315983026792,0.0,0.0,0.0,-6.159840658061561,-34.458662868650336,-1,-68.91732573730067,44.64399731110667,3.54125614645466,6.529999999999999,226,37.64464079691106,51.56511538482237,0.034999999999999996,Very Likely R,"<p style=""color:blue;"">Raymond Smith Jr. (D)</p> vs <p style=""color:Greg Murphy"">Greg Murphy (R)</p>",(R),NC-03,(R),True,False,,R+10.7,93.47,6.5,93.5,6.5%,93.5%
226,226,NC-04,Valerie Foushee,Max Ganorkar,True,False,NC,4,"FOUSHEE, VALERIE","GANORKAR, MAHESH",407799.93,6245.32,414045.25,98.49163346276764,1.5083665372323436,North Carolina,NC-04,61.91091459157552,6.187758901559228,7.391016988596695,0.2042355131487084,21.559413544333257,39.77142718700115,21.12813687651606,23.7675666471748,23.107709204510115,87.61598613865901,0.9874012141285956,-6.281226093748889,1,0,0.0,0.0,0.0,0.0,South Atlantic,2026,0.0,0.0,0.0,37,3704,0,9700.60186216417,0.0,0.0,0.0,52.49664450276912,48.49163346276764,1,96.9832669255353,76.8435876719013,3.436729195150963,100.0,227,70.1316454379546,83.66475739144391,0.0,Safe D,"<p style=""color:blue;"">Valerie Foushee (D)</p> vs <p style=""color:Max Ganorkar"">Max Ganorkar (R)</p>",(D),NC-04,(D),True,False,,D+53.7,0.0,100.0,0.0,>99%,<1%
227,227,NC-05,Chuck Hubbard,Virginia Foxx,False,True,NC,5,"HUBBARD, CHUCK","FOXX, VIRGINIA ANN",391242.52,1111524.2,1502766.72,26.034813972989767,73.96518602701023,North Carolina,NC-05,74.28730330888087,4.466070890234141,1.5996909077678485,0.1522937623662881,17.44863767252163,17.7905120302553,-10.051626466670974,-8.210130533341285,-8.670504516673708,53.17063423413275,0.9874012141285956,-6.281226093748889,0,1,0.0,0.0,0.0,0.0,South Atlantic,2026,0.0,0.0,0.0,37,3705,1,677.8115386081832,0.0,0.0,0.0,-11.059782939598527,-23.965186027010237,-1,-47.93037205402047,43.687843868521774,3.159466107410915,2.315,228,37.49627974484657,49.88357943731391,0.08,Safe R,"<p style=""color:blue;"">Chuck Hubbard (D)</p> vs <p style=""color:Virginia Foxx"">Virginia Foxx (R)</p>",(R),NC-05,(R),True,False,,R+12.6,97.685,2.3,97.7,2.3%,97.7%
228,228,NC-06,Cyril Jefferson,Addison McDowell,False,True,NC,6,"JEFFERSON, CYRIL","MCDOWELL, ADDISON",181071.42,590164.62,771236.04,23.47808071832328,76.52191928167672,North Carolina,NC-06,69.30082219405496,5.746955879697581,2.5792114874757983,0.1281828957177616,19.81543093230263,19.860028412863866,-10.501497641079403,-7.929391522488302,-8.572418052136078,74.0868291780155,0.9874012141285956,-6.281226093748889,0,1,0.0,0.0,0.0,0.0,South Atlantic,2026,0.0,0.0,0.0,37,3706,1,551.2202742161032,0.0,0.0,0.0,-10.863610010523267,-26.521919281676723,-1,-53.04383856335344,43.06934727648401,3.7018237884003473,3.08,229,35.87148392219801,50.30489157667639,0.0,Safe R,"<p style=""color:blue;"">Cyril Jefferson (D)</p> vs <p style=""color:Addison McDowell"">Addison McDowell (R)</p>",(R),NC-06,(R),True,False,,R+13.9,96.92,3.1,96.9,3.1%,96.9%
229,229,NC-07,Kimberly Hardy,David Rouzer,False,True,NC,7,"HARDY, KIMBERLY DR.","ROUZER, DAVID",283990.97,780612.17,1064603.14,26.67575919417257,73.32424080582742,North Carolina,NC-07,71.30764422263151,4.903644886282699,1.060501190717598,1.9626310752992715,18.26867482600105,22.065815840806355,-7.851195665248994,-6.259270587945537,-6.657251857271401,65.16318859121516,0.9874012141285956,-6.281226093748889,0,1,0.0,0.0,0.0,0.0,South Atlantic,2026,0.0,0.0,0.0,37,3707,1,711.5961285854826,0.0,0.0,0.0,-7.033277620793913,-23.324240805827426,-1,-46.64848161165484,45.496076423708416,3.449020779420873,9.455,230,38.74501323629547,52.23947136179787,0.11499999999999999,Very Likely R,"<p style=""color:blue;"">Kimberly Hardy (D)</p> vs <p style=""color:David Rouzer"">David Rouzer (R)</p>",(R),NC-07,(R),True,False,,R+9.0,90.545,9.5,90.5,9.5%,90.5%
230,230,NC-08,Colby Watson,Mark Harris,False,True,NC,8,"WATSON, COLBY","HARRIS, MARK E",10409.45,785722.13,796131.58,1.3075037169107149,98.6924962830893,North Carolina,NC-08,66.3646071923023,5.476366772123688,2.75255561963429,5.646468523898841,17.42988078323215,22.45776928074641,-11.250925217291616,-9.060332784372328,-9.60798089260215,62.59395899800314,0.9874012141285956,-6.281226093748889,0,1,0.0,0.0,0.0,0.0,South Atlantic,2026,0.0,0.0,0.0,37,3708,1,1.709565969735335,0.0,0.0,0.0,-12.934735691455412,-48.69249628308928,-1,-97.38499256617858,41.60005290761985,3.5717309824393597,0.935,231,34.697514962907164,48.62444941152939,0.005,Safe R,"<p style=""color:blue;"">Colby Watson (D)</p> vs <p style=""color:Mark Harris"">Mark Harris (R)</p>",(R),NC-08,(R),True,False,,R+16.8,99.065,0.9,99.1,<1%,>99%
231,231,NC-09,Richard Ojeda,Richard Hudson,False,True,NC,9,"OJEDA, RICHARD N.","HUDSON, RICHARD L. JR.",2218666.12,909855.49,3128521.6100000003,70.91739794630985,29.08260205369014,North Carolina,NC-09,65.21678715345944,7.504444769067971,1.7331927159231402,0.8018399028029657,21.68637566938757,18.2521027215453,-9.305244372359937,-7.265765137147014,-7.775634945950244,63.06440776159995,0.9874012141285956,-6.281226093748889,0,1,0.0,0.0,0.0,0.0,South Atlantic,2026,0.0,0.0,0.0,37,3709,1,5029.277331475272,0.0,0.0,0.0,-9.2700437981516,20.917397946309848,-1,41.83479589261971,46.08470256144857,3.345392898493364,11.785,232,39.52673474957231,52.668504798706266,0.54,Likely R,"<p style=""color:blue;"">Richard Ojeda (D)</p> vs <p style=""color:Richard Hudson"">Richard Hudson (R)</p>",(R),NC-09,(R),True,False,,R+7.8,88.215,11.8,88.2,11.8%,88.2%
232,232,NC-10,Ashley Bell,Pat Harrigan,False,True,NC,10,"BELL, ASHLEY","HARRIGAN, PAT",63998.04,618528.05,682526.0900000001,9.376643755845288,90.6233562441547,North Carolina,NC-10,73.74804478544719,6.036537354749185,2.0000564937839185,0.1113986801639732,16.086958056896304,20.843794272785725,-10.397537928607823,-8.192641814639273,-8.743865843131411,68.48874166856652,0.9874012141285956,-6.281226093748889,0,1,37.0,0.0041677103704366,52.0,0.0041677103704366,South Atlantic,2026,0.0,0.0,0.0,37,3710,1,87.92144812403244,0.0041677103704366,0.0645578064252232,15.0,-11.206505592513937,-40.62335624415472,-1,-81.24671248830941,42.412874397934175,3.552208095973981,1.7399999999999998,233,35.55535346144232,49.39542199770441,0.0,Safe R,"<p style=""color:blue;"">Ashley Bell (D)</p> vs <p style=""color:Pat Harrigan"">Pat Harrigan (R)</p>",(R),NC-10,(R),True,False,,R+15.2,98.26,1.7,98.3,1.7%,98.3%
233,233,NC-11,Jamie Ager,Jennifer Balkcom,False,False,NC,11,"AGER, JAMIE",no_match,2799701.44,0.0,2799701.44,100.0,0.0,North Carolina,NC-11,88.74042218016189,3.902083980717238,0.7976323612742842,1.120839640998968,3.3058537906647105,24.807639719247824,-7.843347389424714,-4.057124900974166,-5.003680523086803,49.29432590824359,0.9874012141285956,-6.281226093748889,0,0,0.0,0.0,0.0,0.0,South Atlantic,2026,0.0,0.0,0.0,37,3711,2,10000.0,0.0,0.0,0.0,-3.726134952424718,50.0,0,100.0,50.56735861845518,3.7024155611274754,56.255,234,43.280737667460215,57.84138783884603,3.25,Tossup,"<p style=""color:blue;"">Jamie Ager (D)</p> vs <p style=""color:Jennifer Balkcom"">Jennifer Balkcom (R)</p>",(D),NC-11,(R),False,True,Flip,D+1.1,43.745,56.3,43.7,56.3%,43.7%
234,234,NC-12,Alma Adams,Jack Codiga,True,False,NC,12,"ADAMS, ALMA SHEALEY","CODIGA, JOHN JACK",94894.06,25650.28,120544.34,78.72129043968386,21.278709560316145,North Carolina,NC-12,43.84427652070399,8.09513994964856,3.8532141900911294,0.1854951642200438,41.47829822151937,29.107885487376244,23.20173846247078,24.268134495919437,24.00153548755727,99.91940134375795,0.9874012141285956,-6.281226093748889,1,0,0.0,0.0,0.0,0.0,South Atlantic,2026,0.0,0.0,0.0,37,3712,3,6197.04156848906,0.0,0.0,0.0,54.28429706886343,28.72129043968385,1,57.44258087936771,75.21948922250053,3.3540171484489067,100.0,235,68.63139941396183,81.8192560135198,0.0,Safe D,"<p style=""color:blue;"">Alma Adams (D)</p> vs <p style=""color:Jack Codiga"">Jack Codiga (R)</p>",(D),NC-12,(D),True,False,,D+50.4,0.0,100.0,0.0,>99%,<1%
235,235,NC-13,Paul Barringer,Brad Knott,False,True,NC,13,"BARRINGER, PAUL","KNOTT, BRAD",552413.58,485864.57,1038278.15,53.2047775444374,46.795222455562616,North Carolina,NC-13,69.03609201387667,7.440063613142025,0.9772428206517532,0.2760205194604141,19.92502234200508,19.65550596321109,-11.017414681321071,-7.602680414415708,-8.456363981142049,45.31240361017608,0.9874012141285956,-6.281226093748889,0,1,0.0,0.0,0.0,0.0,South Atlantic,2026,0.0,0.0,0.0,37,3713,1,2830.74835355307,0.0,0.0,0.0,-10.63150186853521,3.2047775444373983,-1,6.409555088874784,45.13704876379835,3.6309500156933048,8.95,236,37.95667646451726,52.253213535749424,0.095,Very Likely R,"<p style=""color:blue;"">Paul Barringer (D)</p> vs <p style=""color:Brad Knott"">Brad Knott (R)</p>",(R),NC-13,(R),True,False,,R+9.7,91.05,9.0,91.0,9.0%,91.0%
236,236,NC-14,Lakesha Womack,Tim Moore,False,True,NC,14,"WOMACK, LAKESHA","MOORE, TIM",22688.23,1100993.28,1123681.51,2.019097920370693,97.9809020796293,North Carolina,NC-14,73.75692655207709,5.392651678255039,2.561677196202308,0.1496488193978752,15.548829986235132,23.41048969761841,-10.431040120076418,-6.858512490617322,-7.751644397982096,72.26779638741483,0.9874012141285956,-6.281226093748889,0,1,40.0,0.0041677103704366,48.0,0.0041677103704366,South Atlantic,2026,0.0,0.0,0.0,37,3714,1,4.076756412045257,0.0041677103704366,0.0645578064252232,8.0,-9.222062702215304,-47.98090207962931,-1,-95.9618041592586,44.251036337547134,3.5961021510590947,5.575,237,37.21629444092397,51.310038460059175,0.03,Very Likely R,"<p style=""color:blue;"">Lakesha Womack (D)</p> vs <p style=""color:Tim Moore"">Tim Moore (R)</p>",(R),NC-14,(R),True,False,,R+11.5,94.425,5.6,94.4,5.6%,94.4%
237,237,ND-AL,Trygve Hammer,Julie Fedorchak,False,True,ND,0,"HAMMER, TRYGVE","FEDORCHAK, JULIE",186248.43,383136.23,569384.6599999999,32.71047555092194,67.28952444907806,North Dakota,ND-00,87.59351320874073,3.388134824043896,0.8692946628711306,3.7240260186751377,2.1222685204285106,31.430000000000003,-19.487243347103103,-17.94643919796092,-18.331640235246468,60.96684097169276,0.9874012141285956,-6.281226093748889,0,1,0.0,0.0,0.0,0.0,West North Central,2026,0.0,0.0,0.0,38,3800,2,1069.9752107674622,0.0,0.0,0.0,-30.382054376744048,-17.28952444907806,-1,-34.57904889815613,33.988577024873074,3.2985130178522515,0.0,238,27.497985406041945,40.38186653250396,0.0,Safe R,"<p style=""color:blue;"">Trygve Hammer (D)</p> vs <p style=""color:Julie Fedorchak"">Julie Fedorchak (R)</p>",(R),ND-AL,(R),True,False,,R+32.0,100.0,0.0,100.0,<1%,>99%
238,238,NE-01,Chris Backemeyer,Mike Flood,False,True,NE,1,"BACKEMEYER, CHRISTOPHER","FLOOD, MIKE",462913.63,1077618.07,1540531.7000000002,30.04895193003817,69.95104806996181,Nebraska,NE-01,85.22301640013241,7.119493817418661,2.1778010039537707,0.3212568784991078,2.762850795646896,35.33,-7.935022209947121,-5.864109072626114,-6.381837356956366,81.67635839723961,0.9874012141285956,-6.281226093748889,0,1,38.0,0.0233612889722282,45.0,0.0233612889722282,West North Central,2026,0.0,0.0,0.0,31,3101,0,902.939512093745,0.0233612889722282,0.1528440020812992,7.0,-6.482448620163843,-19.951048069961825,-1,-39.90209613992364,45.66794075111342,3.54779874375034,11.005,239,38.6748559051272,52.68384931959859,0.11,Likely R,"<p style=""color:blue;"">Chris Backemeyer (D)</p> vs <p style=""color:Mike Flood"">Mike Flood (R)</p>",(R),NE-01,(R),True,False,,R+8.7,88.995,11.0,89.0,11.0%,89.0%
239,239,NE-02,Denise Powell,Brinker Harding,False,False,NE,2,"POWELL, DENISE","HARDING, BRINKER",2287847.99,1368206.51,3656054.5,62.57696623504929,37.42303376495072,Nebraska,NE-02,78.47041192292507,7.542358276742924,2.4159542419357303,0.1782243445292543,8.65598774898508,41.57,0.9600423371967396,3.0922185944969343,2.5591745301718856,93.94078431192618,0.9874012141285956,-6.281226093748889,0,0,0.0,0.0,0.0,0.0,West North Central,2026,0.0,0.0,0.0,31,3102,0,3915.876703182499,0.0,0.0,0.0,11.39957515409266,12.57696623504929,0,25.153932470098574,55.61439688728501,3.701136159950183,93.63,240,48.35763256745571,62.8416174152327,0.03,Very Likely D,"<p style=""color:blue;"">Denise Powell (D)</p> vs <p style=""color:Brinker Harding"">Brinker Harding (R)</p>",(D),NE-02,(R),False,True,Flip,D+11.2,6.3700000000000045,93.6,6.4,93.6%,6.4%
240,240,NE-03,Becky Stille,Adrian Smith,False,True,NE,3,"STILLE, BECKY LYNN","SMITH, ADRIAN",18320.65,386745.93,405066.58,4.52287374584198,95.47712625415802,Nebraska,NE-03,87.84027510327948,7.771793916665088,0.6759728684862375,1.1391784362129524,1.1002447560541873,23.8,-28.71792529707688,-26.46533702952136,-27.02848409641024,43.39871680163956,0.9874012141285956,-6.281226093748889,0,1,0.0,0.0,0.0,0.0,West North Central,2026,0.0,0.0,0.0,31,3103,2,20.456386920826663,0.0,0.0,0.0,-47.77574209907159,-45.47712625415802,-1,-90.95425250831605,24.51587159902686,3.512420873850114,0.0,241,17.595542870850053,31.40263020989859,0.0,Safe R,"<p style=""color:blue;"">Becky Stille (D)</p> vs <p style=""color:Adrian Smith"">Adrian Smith (R)</p>",(R),NE-03,(R),True,False,,R+51.0,100.0,0.0,100.0,<1%,>99%
241,241,NH-01,TBD,TBD,False,False,NH,1,no_match,no_match,0.0,0.0,0.0,0.0,0.0,New Hampshire,NH-01,91.57732412982816,3.316449892359109,2.079922914077136,0.0653725879306083,1.1369457210506897,39.65,0.7423651161242404,1.7600311304677092,1.505614626881842,68.32441881399144,0.9874012141285956,-6.281226093748889,0,0,0.0,0.0,0.0,0.0,New England,2026,0.0,0.0,0.0,33,3301,2,0.0,0.0,0.0,0.0,9.292455347512572,-50.0,0,0.0,54.117533236333415,3.692021511161802,86.80499999999999,242,46.89185057287395,61.317956749336936,0.38999999999999996,Likely D,"<p style=""color:blue;"">TBD (D)</p> vs <p style=""color:TBD"">TBD (R)</p>",(D),NH-01,(D),True,False,,D+8.2,13.195000000000007,86.8,13.2,86.8%,13.2%
242,242,NH-02,Maggie Goodlander,Lily Tang Williams,True,False,NH,2,"GOODLANDER, MAGGIE","WILLIAMS, LILY TANG",2770024.57,973931.18,3743955.75,73.98657342571423,26.01342657428577,New Hampshire,NH-02,91.59443898226988,3.3892893811698888,1.790424223514601,0.0832628894218036,1.131758533992664,38.46,2.2210340526568686,2.563507499158362,2.477889137532989,48.322141804534205,0.9874012141285956,-6.281226093748889,1,0,49.999984273156194,1.0955998718485993,34.93333019264942,1.0955998718485993,New England,2026,0.0,0.0,0.0,33,3302,2,5474.013047278602,1.0955998718485993,1.0467090674340216,-15.066654080506773,11.237004368814866,23.986573425714223,1,47.97314685142845,57.01399495063075,3.502545929067132,97.825,243,50.197870772620966,63.97597056886615,0.04,Safe D,"<p style=""color:blue;"">Maggie Goodlander (D)</p> vs <p style=""color:Lily Tang Williams"">Lily Tang Williams (R)</p>",(D),NH-02,(D),True,False,,D+14.0,2.174999999999997,97.8,2.2,97.8%,2.2%
243,243,NJ-01,Donald Norcross,Damon Galdo,True,False,NJ,1,"NORCROSS, DONALD W","GALDO, DAMON",725335.16,10524.73,735859.89,98.56973723625568,1.4302627637443317,New Jersey,NJ-01,66.2242927530459,11.510958322870032,4.1803555501675564,0.0327320904375535,15.82639869071638,34.12,10.110664133889363,10.2594118903261,10.222224951216916,98.18825931915246,0.9874012141285956,-6.281226093748889,1,0,0.0,0.0,0.0,0.0,Mid-Atlantic,2026,0.0,0.0,0.0,34,3401,0,9715.993098824489,0.0,0.0,0.0,26.72567599618272,48.56973723625568,1,97.13947447251134,63.045948717677206,3.34191334529458,99.995,244,56.44501380351928,69.66737744820392,0.0,Safe D,"<p style=""color:blue;"">Donald Norcross (D)</p> vs <p style=""color:Damon Galdo"">Damon Galdo (R)</p>",(D),NJ-01,(D),True,False,,D+26.1,0.0049999999999954525,100.0,0.0,>99%,<1%
244,244,NJ-02,Zack Mullock,Jeff Van Drew,False,True,NJ,2,"MULLOCK, ZACK","VAN DREW, JEFF MR",346863.28,1558847.34,1905710.62,18.20125660001832,81.79874339998167,New Jersey,NJ-02,71.65947187180537,12.16003095959328,3.167022553584241,0.1979496118920455,10.655887887915313,29.26,-4.760671538258229,-5.6176263220853855,-5.4033876261285965,78.93553223388305,0.9874012141285956,-6.281226093748889,0,1,0.0,0.0,0.0,0.0,Mid-Atlantic,2026,0.0,0.0,0.0,34,3402,0,331.2857418197104,0.0,0.0,0.0,-4.525549158508304,-31.79874339998168,-1,-63.59748679996336,45.04235117321701,3.536869428256628,8.065,245,38.12519539083169,52.021169931237104,0.08499999999999999,Very Likely R,"<p style=""color:blue;"">Zack Mullock (D)</p> vs <p style=""color:Jeff Van Drew"">Jeff Van Drew (R)</p>",(R),NJ-02,(R),True,False,,R+9.9,91.935,8.1,91.9,8.1%,91.9%
245,245,NJ-03,Herb Conaway,Michael McGuire,True,False,NJ,3,"CONAWAY, HERB MD","MCGUIRE, MICHAEL PATRICK",430919.43,58190.0,489109.43,88.10286687786821,11.89713312213179,New Jersey,NJ-03,69.28174881561739,8.996977334338002,6.657832514875153,0.026502455374542,12.624695784723846,45.21,4.821777379679368,4.997819812856314,4.953809204562077,90.84167069396317,0.9874012141285956,-6.281226093748889,1,0,0.0,0.0,0.0,0.0,Mid-Atlantic,2026,0.0,0.0,0.0,34,3403,0,7762.115152099367,0.0,0.0,0.0,16.188844502873042,38.10286687786821,1,76.20573375573642,60.20689925969946,3.516661013425715,99.82,246,53.34636554626945,67.02624189535211,0.0,Safe D,"<p style=""color:blue;"">Herb Conaway (D)</p> vs <p style=""color:Michael McGuire"">Michael McGuire (R)</p>",(D),NJ-03,(D),True,False,,D+20.4,0.18000000000000682,99.8,0.2,>99%,<1%
246,246,NJ-04,Rachel Peace,Chris Smith,False,True,NJ,4,"PEACE, RACHEL","SMITH, CHRISTOPHER H",27640.0,355752.32,383392.32,7.209325424150384,92.79067457584962,New Jersey,NJ-04,85.00528094634558,8.023341782847487,2.2054992254612027,0.0334459935220391,3.4470497113082663,39.03,-13.634230362009228,-14.518424567103205,-14.29737601582971,96.10217227340294,0.9874012141285956,-6.281226093748889,0,1,0.0,0.0,0.0,0.0,Mid-Atlantic,2026,0.0,0.0,0.0,34,3404,0,51.97437307130112,0.0,0.0,0.0,-22.313525937910534,-42.790674575849614,-1,-85.58134915169923,35.238044404077364,3.4877330935342297,0.005,247,28.377734756196357,42.00132330254678,0.0,Safe R,"<p style=""color:blue;"">Rachel Peace (D)</p> vs <p style=""color:Chris Smith"">Chris Smith (R)</p>",(R),NJ-04,(R),True,False,,R+29.5,99.995,0.0,100.0,<1%,>99%
247,247,NJ-05,Josh Gottheimer,Sean Kirrane,True,False,NJ,5,"GOTTHEIMER, JOSH","KIRRANE, SEAN JOSEPH",3247855.95,30602.77,3278458.72,99.06655008912236,0.9334499108776332,New Jersey,NJ-05,64.75866543530947,14.37344461332432,13.482638405693642,0.0860263247782924,5.829187141594631,53.45,4.008924271707492,1.5214026152436162,2.1432830293595853,91.95944740034506,0.9874012141285956,-6.281226093748889,1,0,0.0,0.0,0.0,0.0,Mid-Atlantic,2026,0.0,0.0,0.0,34,3405,0,9814.18134656059,0.0,0.0,0.0,10.567792152468058,49.06655008912236,1,98.13310017824472,59.50676260158585,3.3480069843303317,99.795,248,53.01285870319395,66.10327046434861,0.0,Safe D,"<p style=""color:blue;"">Josh Gottheimer (D)</p> vs <p style=""color:Sean Kirrane"">Sean Kirrane (R)</p>",(D),NJ-05,(D),True,False,,D+19.0,0.2049999999999983,99.8,0.2,>99%,<1%
248,248,NJ-06,Frank Pallone,Hillary Herzig,True,False,NJ,6,"PALLONE, FRANK JR","HERZIG, HILLARY",735236.52,4859.1,740095.62,99.34344970181016,0.6565502981898474,New Jersey,NJ-06,53.23652605649328,18.51856111798028,13.698133824079134,0.0498413702542868,12.649548072960098,41.52,7.479238598942615,4.044807323882075,4.90341514264721,99.91056750860724,0.9874012141285956,-6.281226093748889,1,0,0.0,0.0,0.0,0.0,Mid-Atlantic,2026,0.0,0.0,0.0,34,3406,6,9869.120998656084,0.0,0.0,0.0,16.08805637904331,49.34344970181016,1,98.68689940362032,60.63414261937341,3.343267494940185,99.91,249,54.104199825155206,67.19302262244351,0.0,Safe D,"<p style=""color:blue;"">Frank Pallone (D)</p> vs <p style=""color:Hillary Herzig"">Hillary Herzig (R)</p>",(D),NJ-06,(D),True,False,,D+21.3,0.09000000000000341,99.9,0.1,>99%,<1%
249,249,NJ-07,Rebecca Bennett,Tom Kean,False,True,NJ,7,"BENNETT, REBECCA","KEAN, THOMAS H. JR.",3902262.38,1956555.61,5858817.99,66.60494295368953,33.39505704631046,New Jersey,NJ-07,76.31580768498814,10.353627099877166,6.162350132350651,0.0370235809069047,5.403366723759104,53.66,-0.3099228339712354,0.1515700578646104,0.0361968349056489,75.83592278901813,0.9874012141285956,-6.281226093748889,0,1,47.0,0.038516254039485,43.0,0.038516254039485,Mid-Atlantic,2026,0.0,0.0,0.0,34,3407,0,4436.218425864236,0.038516254039485,0.1962555834606623,-4.0,6.353619763560187,16.60494295368953,-1,33.209885907379075,52.58587919176057,3.5265331857757185,76.72,250,45.671770408342965,59.41473045221952,1.67,Likely D,"<p style=""color:blue;"">Rebecca Bennett (D)</p> vs <p style=""color:Tom Kean"">Tom Kean (R)</p>",(D),NJ-07,(R),False,True,Flip,D+5.2,23.28,76.7,23.3,76.7%,23.3%
250,250,NJ-09,Nellie Pou,Rosie Pino,True,False,NJ,9,"POU, NELIDA","PINO, ROSEMARY",1476223.36,376780.12,1853003.48,79.66651848921515,20.33348151078486,New Jersey,NJ-09,46.00335440270487,34.95045378868905,8.212743856249269,0.0297667314691832,9.452271612186705,32.86,7.283776899047943,0.1646831096768437,1.9444565570196184,99.99093334714918,0.9874012141285956,-6.281226093748889,1,0,0.0,0.0,0.0,0.0,Mid-Atlantic,2026,0.0,0.0,0.0,34,3409,6,6346.75416819246,0.0,0.0,0.0,10.170139207788123,29.66651848921515,1,59.3330369784303,55.66570539308145,3.4811258899506887,94.765,251,48.85125379688297,62.44288015564214,0.24,Very Likely D,"<p style=""color:blue;"">Nellie Pou (D)</p> vs <p style=""color:Rosie Pino"">Rosie Pino (R)</p>",(D),NJ-09,(D),True,False,,D+11.3,5.234999999999999,94.8,5.2,94.8%,5.2%
251,251,NJ-10,LaMonica McIver,Carmen Bucco,True,False,NJ,10,"MCIVER, LAMONICA","BUCCO, CARMEN",1582475.4,1360.0,1583835.4,99.91413249129296,0.0858675087070285,New Jersey,NJ-10,22.25175553599972,17.878031405087313,6.366424613223341,0.1546507984969937,51.35763446138619,31.480000000000004,29.00542514162596,26.58379277315776,27.18920086527481,100.0,0.9874012141285956,-6.281226093748889,1,0,0.0,0.0,0.0,0.0,Mid-Atlantic,2026,0.0,0.0,0.0,34,3410,3,9982.833871487645,0.0,0.0,0.0,60.65962782429851,49.91413249129296,1,99.82826498258596,80.28132480092441,3.207102870543404,100.0,252,73.94890277164355,86.61487487239711,0.0,Safe D,"<p style=""color:blue;"">LaMonica McIver (D)</p> vs <p style=""color:Carmen Bucco"">Carmen Bucco (R)</p>",(D),NJ-10,(D),True,False,,D+60.6,0.0,100.0,0.0,>99%,<1%
252,252,NJ-11,Analilia Mejia,Joe Hathaway,True,False,NJ,11,"MEJIA, ANALILIA","HATHAWAY, JOE",1453168.86,615711.0,2068879.86,70.2394028815187,29.760597118481304,New Jersey,NJ-11,68.83687600211395,13.897114807549332,9.715780327663271,0.0589399761732011,5.693171741058232,58.040000000000006,6.303830681523515,5.198275943517018,5.474664628018642,97.67271937232222,0.9874012141285956,-6.281226093748889,1,0,0.0,0.0,0.0,0.0,Mid-Atlantic,2026,0.0,0.0,0.0,34,3411,0,4933.573717152298,0.0,0.0,0.0,17.230555349786172,20.2394028815187,1,40.4788057630374,59.50162966794976,3.695744085079844,99.495,253,52.290595681551856,66.67998189600378,0.0,Safe D,"<p style=""color:blue;"">Analilia Mejia (D)</p> vs <p style=""color:Joe Hathaway"">Joe Hathaway (R)</p>",(D),NJ-11,(D),True,False,,D+19.0,0.5049999999999955,99.5,0.5,>99%,<1%
253,253,NJ-12,Adam Hamawy,Gregg Mele,False,False,NJ,12,"HAMAWY, ADAM","MELE, GREGG",1471865.43,25678.52,1497543.95,98.2852910594043,1.7147089405957,New Jersey,NJ-12,49.8590764395051,14.711377322332076,16.204806235115825,0.0493132231603762,17.345425096020463,48.49,15.173644726184882,13.01864815830315,13.557397300273584,95.77692410958622,0.9874012141285956,-6.281226093748889,0,0,0.0,0.0,0.0,0.0,Mid-Atlantic,2026,0.0,0.0,0.0,34,3412,6,9659.99843863182,0.0,0.0,0.0,33.396020694296055,48.2852910594043,0,96.5705821188086,66.87355856981887,3.7073481177074927,100.0,254,59.58440631555631,74.09352979338406,0.0,Safe D,"<p style=""color:blue;"">Adam Hamawy (D)</p> vs <p style=""color:Gregg Mele"">Gregg Mele (R)</p>",(D),NJ-12,(D),True,False,,D+33.7,0.0,100.0,0.0,>99%,<1%
254,254,NM-01,Melanie Stansbury,Didi Okpareke,True,False,NM,1,"STANSBURY, MELANIE","OKPAREKE, NDIDIAMAKA",1126431.34,98440.06,1224871.4,91.96323303817854,8.03676696182146,New Mexico,NM-01,51.75275456325777,37.1125497117222,2.1178699382561703,4.006322217740537,2.3399871146486,37.91,5.141055444333098,7.248256141686731,6.721455967348323,88.01060308968707,0.9874012141285956,-6.281226093748889,1,0,0.0,0.0,0.0,0.0,Mountain,2026,0.0,0.0,0.0,35,3501,6,8457.236230834334,0.0,0.0,0.0,19.72413802844553,41.963233038178544,1,83.92646607635706,61.25042480502643,3.4850069142795483,99.935,255,54.35852533315753,68.08361385224724,0.0,Safe D,"<p style=""color:blue;"">Melanie Stansbury (D)</p> vs <p style=""color:Didi Okpareke"">Didi Okpareke (R)</p>",(D),NM-01,(D),True,False,,D+22.5,0.06499999999999773,99.9,0.1,>99%,<1%
255,255,NM-02,Gabe Vasquez,Greg Cunningham,True,False,NM,2,"VASQUEZ, GABRIEL","CUNNINGHAM, GREG",2449659.68,858443.65,3308103.33,74.05027702082087,25.94972297917913,New Mexico,NM-02,35.461950489014825,54.306882535530775,0.9836806690804584,5.062907932817476,2.1744307609094906,22.81,0.7301110921891265,-0.1732891143866339,0.0525609372573062,73.33951031811472,0.9874012141285956,-6.281226093748889,1,0,43.0,0.0202150126272565,41.0,0.0202150126272565,Mountain,2026,0.0,0.0,0.0,35,3502,5,5483.443526860312,0.0202150126272565,0.1421795084646747,-2.0,6.386347968263501,24.05027702082087,1,48.10055404164174,55.71322886649704,3.491341544345277,95.105,256,48.904401150658735,62.59707779047214,0.24,Safe D,"<p style=""color:blue;"">Gabe Vasquez (D)</p> vs <p style=""color:Greg Cunningham"">Greg Cunningham (R)</p>",(D),NM-02,(D),True,False,,D+11.4,4.894999999999996,95.1,4.9,95.1%,4.9%
256,256,NM-03,Teresa Leger Fernandez,Martin Zamora,True,False,NM,3,"LEGER FERNANDEZ, TERESA","ZAMORA, MARTIN R",1017871.37,426423.09,1444294.46,70.47533575667111,29.52466424332889,New Mexico,NM-03,41.15062646613474,37.34299118946188,0.7855343987572668,17.574591443657276,1.1789880826291963,25.69,3.2149210384467395,3.410340424202176,3.361485577763317,62.29152617292206,0.9874012141285956,-6.281226093748889,1,0,0.0,0.0,0.0,0.0,Mountain,2026,0.0,0.0,0.0,35,3503,6,4966.772950015527,0.0,0.0,0.0,13.004197249275522,20.475335756671114,1,40.95067151334224,57.47596157562907,3.415952298396653,98.675,257,50.79189762434394,64.10634560062462,0.034999999999999996,Safe D,"<p style=""color:blue;"">Teresa Leger Fernandez (D)</p> vs <p style=""color:Martin Zamora"">Martin Zamora (R)</p>",(D),NM-03,(D),True,False,,D+15.0,1.3250000000000028,98.7,1.3,98.7%,1.3%
257,257,NV-01,Dina Titus,Carrie Buck,True,False,NV,1,"TITUS, DINA","BUCK, CARRIE",669878.5,1329778.16,1999656.66,33.49967588935993,66.50032411064008,Nevada,NV-01,50.466548510573936,25.813357326518027,8.950324024339638,0.319564399595115,10.401743642646334,24.1,2.082892142425777,1.9001196081636635,1.945812741729192,99.79463863378471,0.9874012141285956,-6.281226093748889,1,0,0.0,0.0,0.0,0.0,Mountain,2026,0.0,0.0,0.0,32,3201,6,1122.2282846921628,0.0,0.0,0.0,10.172851577207272,-16.500324110640072,1,-33.000648221280144,53.67256233649191,3.3742143738958505,86.075,258,47.07345645688388,60.287809554149966,0.86,Likely D,"<p style=""color:blue;"">Dina Titus (D)</p> vs <p style=""color:Carrie Buck"">Carrie Buck (R)</p>",(D),NV-01,(D),True,False,,D+7.3,13.924999999999997,86.1,13.9,86.1%,13.9%
258,258,NV-02,Teresa Benitez-Thompson,David Flippo,False,False,NV,2,"BENITEZ-THOMPSON, TERESA","FLIPPO, DAVID",213986.52,520499.51,734486.03,29.13418516619029,70.86581483380971,Nevada,NV-02,72.29993073431959,16.828803495676926,4.0649650053241535,1.3997870338781544,2.1630879398456857,28.17,-7.941422046495546,-6.384606726769071,-6.77381055670069,83.22316080044558,0.9874012141285956,-6.281226093748889,0,0,48.0,0.1845179966810087,46.0,0.1845179966810087,Mountain,2026,0.0,0.0,0.0,32,3202,0,848.8007452978625,0.1845179966810087,0.429555580432857,-2.0,-7.266395019652491,-20.865814833809708,0,-41.73162966761941,46.47258034013653,3.698697109064724,16.75,259,39.16885283098169,53.69191169328669,0.19499999999999998,Likely R,"<p style=""color:blue;"">Teresa Benitez-Thompson (D)</p> vs <p style=""color:David Flippo"">David Flippo (R)</p>",(R),NV-02,(R),True,False,,R+7.1,83.25,16.8,83.2,16.8%,83.2%
259,259,NV-03,Susie Lee,Martin O'Donnell,True,False,NV,3,"LEE, SUSIE","O'DONNELL, MARTY",2850971.75,362261.08,3213232.83,88.72596232001028,11.27403767998972,Nevada,NV-03,49.88067772978812,17.197419256871598,17.74597384400619,0.3635748710577492,9.97630810166292,33.35,1.1124734331745856,0.3753505030971453,0.5596312356165054,98.80084973668224,0.9874012141285956,-6.281226093748889,1,0,0.0,0.0,0.0,0.0,Mountain,2026,0.0,0.0,0.0,32,3203,6,7872.2963896118845,0.0,0.0,0.0,7.4004885649819,38.72596232001028,1,77.45192464002055,55.15463955731521,3.381901210022075,93.72,260,48.55434032806453,61.745903390519416,0.31,Very Likely D,"<p style=""color:blue;"">Susie Lee (D)</p> vs <p style=""color:Martin O'Donnell"">Martin O'Donnell (R)</p>",(D),NV-03,(D),True,False,,D+10.3,6.280000000000001,93.7,6.3,93.7%,6.3%
260,260,NV-04,Steven Horsford,Cody Whipple,True,False,NV,4,"HORSFORD, STEVEN ALEXZANDER","WHIPPLE, CODY K",1336757.39,557466.7,1894224.09,70.570182116098,29.429817883902004,Nevada,NV-04,46.09830835746967,26.00391656583244,6.606877898413846,0.5597440544304098,16.616751440423847,20.02,1.957107263050915,1.929721264259726,1.9365677639575232,94.58979104017271,0.9874012141285956,-6.281226093748889,1,0,0.0,0.0,0.0,0.0,Mountain,2026,0.4723665527410147,0.0,0.4723665527410147,32,3204,6,4980.1506038992375,0.0,0.0,0.0,10.154361621663934,20.570182116098,1,41.14036423219599,55.2058982960769,3.374062427156169,93.665,261,48.62039325427194,61.812273658900736,0.36,Very Likely D,"<p style=""color:blue;"">Steven Horsford (D)</p> vs <p style=""color:Cody Whipple"">Cody Whipple (R)</p>",(D),NV-04,(D),True,False,,D+10.4,6.334999999999994,93.7,6.3,93.7%,6.3%
261,261,NY-01,Christopher Gallant,Nick LaLota,False,True,NY,1,"GALLANT, CHRISTOPHER","NICK, LALOTA",632983.07,1164912.84,1797895.91,35.20688080323849,64.79311919676151,New York,NY-01,79.02881791358033,10.394108307381993,4.530524909880136,0.1534933798526736,4.313998732529694,45.09,-3.156371477299423,-4.345439379472175,-4.048172403928987,96.49832490530534,0.9874012141285956,-6.281226093748889,0,1,38.0,0.00024318722649352,41.0,0.00024318722649352,Mid-Atlantic,2026,0.0,0.0,0.0,36,3601,0,1239.524455893443,0.00024318722649352,0.0155944614044063,3.0,-1.8151187141090857,-14.79311919676151,-1,-29.58623839352302,46.96778286968154,3.5698744411609558,19.675,262,39.90457633284781,54.02334702406162,0.58,Likely R,"<p style=""color:blue;"">Christopher Gallant (D)</p> vs <p style=""color:Nick LaLota"">Nick LaLota (R)</p>",(R),NY-01,(R),True,False,,R+6.1,80.325,19.7,80.3,19.7%,80.3%
262,262,NY-02,Patrick Halpin,Andrew Garbarino,False,True,NY,2,"HALPIN, PATRICK","GARBARINO, ANDREW",444898.14,756542.04,1201440.1800000002,37.03040296188529,62.9695970381147,New York,NY-02,64.7037151417627,20.72901372025277,2.9763033517726885,0.1585676178917731,9.933773638404428,32.62,-3.5056936357933424,-6.288219490373841,-5.592588026728716,99.86447370622584,0.9874012141285956,-6.281226093748889,0,1,0.0,0.0,0.0,0.0,Mid-Atlantic,2026,0.0,0.0,0.0,36,3602,6,1371.2507435196026,0.0,0.0,0.0,-4.903949959708544,-12.969597038114712,-1,-25.93919407622941,44.84013621408391,3.543318337520297,7.23,263,37.91313809739152,51.78783135493091,0.055,Very Likely R,"<p style=""color:blue;"">Patrick Halpin (D)</p> vs <p style=""color:Andrew Garbarino"">Andrew Garbarino (R)</p>",(R),NY-02,(R),True,False,,R+10.3,92.77,7.2,92.8,7.2%,92.8%
263,263,NY-03,Tom Suozzi,Michael LiPetri,True,False,NY,3,"SUOZZI, THOMAS","LIPETRI, MIKE",3675610.56,461044.19,4136654.75,88.8546611244267,11.145338875573312,New York,NY-03,62.13986455463728,12.033330463728191,20.350522268135904,0.1929809458218549,3.8632059228650135,52.38,3.440925029463351,-1.4233687989684114,-0.2072953418604708,99.0510585337162,0.9874012141285956,-6.281226093748889,1,0,0.0,0.0,0.0,0.0,Mid-Atlantic,2026,0.6065306597126334,0.0,0.6065306597126334,36,3603,6,7895.150803536705,0.0,0.0,0.0,5.866635410027947,38.8546611244267,1,77.70932224885337,52.67229482370745,3.1120416408264098,80.41,264,46.576216168237046,58.777296190020856,1.435,Likely D,"<p style=""color:blue;"">Tom Suozzi (D)</p> vs <p style=""color:Michael LiPetri"">Michael LiPetri (R)</p>",(D),NY-03,(D),True,False,,D+5.3,19.590000000000003,80.4,19.6,80.4%,19.6%
264,264,NY-04,Laura Gillen,Jeanine Driscoll,True,False,NY,4,"GILLEN, LAURA","DRISCOLL, JEANINE",3004110.1,71913.27,3076023.37,97.66213512220487,2.337864877795125,New York,NY-04,56.032947098334674,16.718328094555847,7.283081018556349,0.0383148024063874,18.334631678533363,43.36,5.077000881933671,1.3964579445680627,2.3165936789094648,99.9577847821862,0.9874012141285956,-6.281226093748889,1,0,0.0,0.0,0.0,0.0,Mid-Atlantic,2026,0.0,0.0,0.0,36,3604,6,9537.892636627805,0.0,0.0,0.0,10.914413451567818,47.66213512220487,1,95.32427024440976,57.56458033846881,3.5045627070320853,98.47,265,50.70837358567043,64.3420445824496,0.03,Safe D,"<p style=""color:blue;"">Laura Gillen (D)</p> vs <p style=""color:Jeanine Driscoll"">Jeanine Driscoll (R)</p>",(D),NY-04,(D),True,False,,D+15.1,1.5300000000000011,98.5,1.5,98.5%,1.5%
265,265,NY-05,Greg Meeks,George Marsh,True,False,NY,5,"MEEKS, GREGORY W.",no_match,580263.47,0.0,580263.47,100.0,0.0,New York,NY-05,16.706786132091654,17.577722229395974,15.936068395176417,0.5043681714196508,46.74801056918247,27.68,29.090712870753546,22.15033663518326,23.88543069407583,99.99047583500544,0.9874012141285956,-6.281226093748889,1,0,0.0,0.0,0.0,0.0,Mid-Atlantic,2026,0.0,0.0,0.0,36,3605,3,10000.0,0.0,0.0,0.0,54.05208748190055,50.0,1,100.0,76.78102826296077,3.4983975919125463,100.0,266,69.9148894465866,83.59159003694445,0.0,Safe D,"<p style=""color:blue;"">Greg Meeks (D)</p> vs <p style=""color:George Marsh"">George Marsh (R)</p>",(D),NY-05,(D),True,False,,D+53.6,0.0,100.0,0.0,>99%,<1%
266,266,NY-06,Grace Meng,Joseph Chou,True,False,NY,6,"MENG, GRACE",no_match,1343717.32,0.0,1343717.32,100.0,0.0,New York,NY-06,33.06878491538872,21.42353573497693,37.35507423410092,0.3192264110993999,5.7867930542661625,37.44,12.53137005151222,4.013329550156463,6.142839675495402,100.0,0.9874012141285956,-6.281226093748889,1,0,0.0,0.0,0.0,0.0,Mid-Atlantic,2026,0.0,0.0,0.0,36,3606,6,10000.0,0.0,0.0,0.0,18.56690544473969,50.0,1,100.0,61.74662355837839,3.400594358620735,99.99,267,55.06596782189732,68.40231244000424,0.0,Safe D,"<p style=""color:blue;"">Grace Meng (D)</p> vs <p style=""color:Joseph Chou"">Joseph Chou (R)</p>",(D),NY-06,(D),True,False,,D+23.5,0.010000000000005116,100.0,0.0,>99%,<1%
267,267,NY-07,Claire Valdez,Melvin Rivera,False,False,NY,7,"VALDEZ, CLAIRE",no_match,1563863.88,0.0,1563863.88,100.0,0.0,New York,NY-07,41.5305335051758,31.46954037613797,11.254586798230132,0.1594605022287529,12.780030701790391,41.510000000000005,28.27895592361592,24.34520548966362,25.32864309815169,100.0,0.9874012141285956,-6.281226093748889,0,0,0.0,0.0,0.0,0.0,Mid-Atlantic,2026,0.0,0.0,0.0,36,3607,6,10000.0,0.0,0.0,0.0,56.93851229005228,50.0,0,100.0,77.35176304853307,3.7257610906387817,100.0,268,70.03423565168417,84.64631191195387,0.0,Safe D,"<p style=""color:blue;"">Claire Valdez (D)</p> vs <p style=""color:Melvin Rivera"">Melvin Rivera (R)</p>",(D),NY-07,(D),True,False,,D+54.7,0.0,100.0,0.0,>99%,<1%
268,268,NY-08,Hakeem Jeffries,Lewis Mizrahi,True,False,NY,8,"JEFFRIES, HAKEEM",no_match,10862973.8,0.0,10862973.8,100.0,0.0,New York,NY-08,30.13665296789544,14.162971603374224,7.324915798906158,0.1512143497203597,45.74591354324383,35.21,25.664327755219368,23.10205659119928,23.742624382204305,100.0,0.9874012141285956,-6.281226093748889,1,0,0.0,0.0,0.0,0.0,Mid-Atlantic,2026,0.0,0.0,0.0,36,3608,3,10000.0,0.0,0.0,0.0,53.7664748581575,50.0,1,100.0,75.92742809891149,3.408579861987978,100.0,269,69.29448513272803,82.68399225766515,0.0,Safe D,"<p style=""color:blue;"">Hakeem Jeffries (D)</p> vs <p style=""color:Lewis Mizrahi"">Lewis Mizrahi (R)</p>",(D),NY-08,(D),True,False,,D+51.9,0.0,100.0,0.0,>99%,<1%
269,269,NY-09,Yvette Clarke,Joel Anabilah-Azumah,True,False,NY,9,"CLARKE, YVETTE D",no_match,427086.71,0.0,427086.71,100.0,0.0,New York,NY-09,33.52800227090569,9.965685947101257,7.174225220411435,0.1170935746727224,46.98478827144002,36.94,23.966824164411896,21.48219803399308,22.10335456659778,100.0,0.9874012141285956,-6.281226093748889,1,0,0.0,0.0,0.0,0.0,Mid-Atlantic,2026,0.0,0.0,0.0,36,3609,3,10000.0,0.0,0.0,0.0,50.48793522694445,50.0,1,100.0,75.67429615422728,3.4020371914184104,100.0,270,69.05044696427524,82.39054532869035,0.0,Safe D,"<p style=""color:blue;"">Yvette Clarke (D)</p> vs <p style=""color:Joel Anabilah-Azumah"">Joel Anabilah-Azumah (R)</p>",(D),NY-09,(D),True,False,,D+51.3,0.0,100.0,0.0,>99%,<1%
270,270,NY-10,Brad Lander,Jennifer Moore,False,False,NY,10,"LANDER, BRAD MR.",no_match,2406129.84,0.0,2406129.84,100.0,0.0,New York,NY-10,56.83350849535821,17.16667462857689,16.503248459370372,0.1566505836080192,6.8784932881096825,60.57,33.464338891744795,31.69623763335041,32.13826294794901,100.0,0.9874012141285956,-6.281226093748889,0,0,0.0,0.0,0.0,0.0,Mid-Atlantic,2026,0.0,0.0,0.0,36,3610,6,10000.0,0.0,0.0,0.0,70.5577519896469,50.0,0,100.0,83.36507924825233,3.709650005279928,100.0,271,76.10015398607567,90.66684661591675,0.0,Safe D,"<p style=""color:blue;"">Brad Lander (D)</p> vs <p style=""color:Jennifer Moore"">Jennifer Moore (R)</p>",(D),NY-10,(D),True,False,,D+66.7,0.0,100.0,0.0,>99%,<1%
271,271,NY-11,Michael DeCillis,Nicole Malliotakis,False,True,NY,11,"DECILLIS, MICHAEL","MALLIOTAKIS, NICOLE",67615.8,1096872.23,1164488.03,5.806483043024495,94.1935169569755,New York,NY-11,58.92066294008041,15.48180837501226,16.876728449543986,0.1898597626752966,6.848092576247916,36.4,-6.125528195327995,-11.662914904913016,-10.27856822751676,100.0,0.9874012141285956,-6.281226093748889,0,1,0.0,0.0,0.0,0.0,Mid-Atlantic,2026,0.0,0.0,0.0,36,3611,6,33.715245328931005,0.0,0.0,0.0,-14.27591036128463,-44.19351695697551,-1,-88.387033913951,38.05947768273975,3.523516268812264,0.065,272,31.12290856741957,44.95290250073088,0.0,Safe R,"<p style=""color:blue;"">Michael DeCillis (D)</p> vs <p style=""color:Nicole Malliotakis"">Nicole Malliotakis (R)</p>",(R),NY-11,(R),True,False,,R+23.9,99.935,0.1,99.9,<1%,>99%
272,272,NY-12,Micah Lasher,Caroline Shinkle,False,False,NY,12,"LASHER, MICAH CHARLES","SHINKLE, CAROLINE",2793975.34,126721.3,2920696.64,95.66126456734652,4.338735432653492,New York,NY-12,70.8102501237653,10.87665723088529,10.439987886415194,0.0819661726330907,5.185629806672265,79.23,33.776876037677575,33.19976313926184,33.34404136386577,100.0,0.9874012141285956,-6.281226093748889,0,0,0.0,0.0,0.0,0.0,Mid-Atlantic,2026,0.0,0.0,0.0,36,3612,0,9151.077538623867,0.0,0.0,0.0,72.96930882148042,45.66126456734652,0,91.32252913469304,84.22760763498086,3.708962338821137,100.0,273,77.02246871542157,91.55553203974486,0.0,Safe D,"<p style=""color:blue;"">Micah Lasher (D)</p> vs <p style=""color:Caroline Shinkle"">Caroline Shinkle (R)</p>",(D),NY-12,(D),True,False,,D+68.5,0.0,100.0,0.0,>99%,<1%
273,273,NY-13,Darializa Chevalier,Jomo Williams,False,False,NY,13,"AVILA CHEVALIER, DARIALIZA",no_match,1254162.47,0.0,1254162.47,100.0,0.0,New York,NY-13,19.55671268675693,44.9251407401032,5.08346602089878,0.1285145904159804,27.714161642795947,34.4,36.56198429079833,30.88655178021795,32.305409907863044,100.0,0.9874012141285956,-6.281226093748889,0,0,0.0,0.0,0.0,0.0,Mid-Atlantic,2026,0.0,0.0,0.0,36,3613,5,10000.0,0.0,0.0,0.0,70.89204590947497,50.0,0,100.0,83.50977713948546,3.7026580810013296,100.0,274,76.18737528975717,90.77951521385516,0.0,Safe D,"<p style=""color:blue;"">Darializa Chevalier (D)</p> vs <p style=""color:Jomo Williams"">Jomo Williams (R)</p>",(D),NY-13,(D),True,False,,D+67.0,0.0,100.0,0.0,>99%,<1%
274,274,NY-14,Alexandria Ocasio-Cortez,Diamant Hysenaj,True,False,NY,14,"OCASIO-CORTEZ, ALEXANDRIA","HYSENAJ, DIAMANT",31963298.55,333157.09,32296455.64,98.96844070534053,1.031559294659493,New York,NY-14,24.177610462023807,45.6429632618624,11.528585315749895,0.2434841620659929,16.771519231121953,27.65,25.53940547204773,16.93310750581785,19.08468199737532,99.999871294902,0.9874012141285956,-6.281226093748889,1,0,0.0,0.0,0.0,0.0,Mid-Atlantic,2026,0.6065306597126334,0.0,0.6065306597126334,36,3614,5,9794.752255646505,0.0,0.0,0.0,44.45059008849953,48.96844070534053,1,97.93688141068102,71.28497974399518,3.3970892449320025,100.0,275,64.67531789299595,78.00518099888556,0.0,Safe D,"<p style=""color:blue;"">Alexandria Ocasio-Cortez (D)</p> vs <p style=""color:Diamant Hysenaj"">Diamant Hysenaj (R)</p>",(D),NY-14,(D),True,False,,D+42.6,0.0,100.0,0.0,>99%,<1%
275,275,NY-15,Ritchie Torres,Stylo Sapaskis,True,False,NY,15,"TORRES, RITCHIE JOHN",no_match,2310384.33,0.0,2310384.33,100.0,0.0,New York,NY-15,11.57053736122229,48.00164445063167,2.9689294539379807,0.3117060522743883,35.63019872620332,21.790000000000003,33.221242699083284,25.154042435406417,27.17084250132564,100.0,0.9874012141285956,-6.281226093748889,1,0,0.0,0.0,0.0,0.0,Mid-Atlantic,2026,0.0,0.0,0.0,36,3615,5,10000.0,0.0,0.0,0.0,60.622911096400166,50.0,1,100.0,81.12592432776805,3.1181871422968634,100.0,276,75.01906502313952,87.18825748175803,0.0,Safe D,"<p style=""color:blue;"">Ritchie Torres (D)</p> vs <p style=""color:Stylo Sapaskis"">Stylo Sapaskis (R)</p>",(D),NY-15,(D),True,False,,D+62.3,0.0,100.0,0.0,>99%,<1%
276,276,NY-16,George Latimer,Joseph Cinquemani,True,False,NY,16,"LATIMER, GEORGE",no_match,314059.13,0.0,314059.13,100.0,0.0,New York,NY-16,46.37767803258902,24.050807181653592,5.683275497887749,0.130695534097767,21.90819251659626,47.3,20.23556170950173,17.404900495712504,18.11256579915981,99.99781201896592,0.9874012141285956,-6.281226093748889,1,0,0.0,0.0,0.0,0.0,Mid-Atlantic,2026,0.0,0.0,0.0,36,3616,6,10000.0,0.0,0.0,0.0,42.50635769206851,50.0,1,100.0,73.38437059798922,3.5094717587844317,100.0,277,66.5549501980021,80.27987775952138,0.0,Safe D,"<p style=""color:blue;"">George Latimer (D)</p> vs <p style=""color:Joseph Cinquemani"">Joseph Cinquemani (R)</p>",(D),NY-16,(D),True,False,,D+46.8,0.0,100.0,0.0,>99%,<1%
277,277,NY-17,Cait Conley,Mike Lawler,False,True,NY,17,"CONLEY, CAIT","LAWLER, MICHAEL VINCENT",3706160.25,3186004.97,6892165.220000001,53.77352590511462,46.226474094885376,New York,NY-17,70.96192426138998,14.97844645581664,4.840492513028774,0.0598657430952653,7.686273479475809,48.49,2.8200183573233417,1.0299154773195198,1.4774411973204753,87.20647231363847,0.9874012141285956,-6.281226093748889,0,1,45.156077500178526,0.4615302508783828,49.86993541651791,0.4615302508783828,Mid-Atlantic,2026,0.0,0.0,0.0,36,3617,0,2891.592088268033,0.4615302508783828,0.6793601775776843,4.713857916339386,9.23610848838984,3.773525905114617,-1,7.547051810229235,50.35246777525392,3.51002960570396,54.09,278,43.4957193172375,57.218238398234256,2.62,Tossup,"<p style=""color:blue;"">Cait Conley (D)</p> vs <p style=""color:Mike Lawler"">Mike Lawler (R)</p>",(D),NY-17,(R),False,True,Flip,D+0.7,45.91,54.1,45.9,54.1%,45.9%
278,278,NY-18,Pat Ryan,Jacqueline Auringer,True,False,NY,18,"RYAN, PATRICK","AURINGER, JACKIE MARY",3604130.15,80898.05,3685028.2,97.80468301436608,2.195316985633923,New York,NY-18,70.38977411647032,14.839235107801734,2.477807568348522,0.0830045565681262,9.887961213603024,34.56,2.3448985884371254,2.427024020396253,2.406492662406471,69.35921675326362,0.9874012141285956,-6.281226093748889,1,0,53.0,0.3622543814236116,39.0,0.3622543814236116,Mid-Atlantic,2026,0.0,0.0,0.0,36,3618,1,9565.756019540628,0.3622543814236116,0.6018757192507533,-14.0,11.09421141856183,47.80468301436608,1,95.60936602873215,59.73830088019599,3.420168893842816,99.795,279,53.13465946622867,66.4220426132047,0.0,Safe D,"<p style=""color:blue;"">Pat Ryan (D)</p> vs <p style=""color:Jacqueline Auringer"">Jacqueline Auringer (R)</p>",(D),NY-18,(D),True,False,,D+19.5,0.2049999999999983,99.8,0.2,>99%,<1%
279,279,NY-19,Josh Riley,Pete Oberacker,True,False,NY,19,"RILEY, JOSH","OBERACKER, PETER KARL JR",3492055.66,455096.53,3947152.19,88.47025632421838,11.5297436757816,New York,NY-19,85.9006724385122,5.5801945793421925,2.57642905430782,0.0818095421604904,3.959843108566651,33.6,0.0104946181284191,1.6503595633770232,1.2403933270648722,40.96497810085576,0.9874012141285956,-6.281226093748889,1,0,0.0,0.0,0.0,0.0,Mid-Atlantic,2026,0.0,0.0,0.0,36,3619,2,7826.986254072903,0.0,0.0,0.0,8.762012747878632,38.47025632421838,1,76.9405126484368,57.43942917962361,3.453406695794955,98.44,280,50.60642008096521,64.20337169432463,0.034999999999999996,Safe D,"<p style=""color:blue;"">Josh Riley (D)</p> vs <p style=""color:Pete Oberacker"">Pete Oberacker (R)</p>",(D),NY-19,(D),True,False,,D+14.9,1.5600000000000023,98.4,1.6,98.4%,1.6%
280,280,NY-20,Paul Tonko,Ralph Ambrosio,True,False,NY,20,"TONKO, PAUL DAVID","AMBROSIO, RALPH",338374.26,27690.52,366064.78,92.43562300639792,7.56437699360206,New York,NY-20,79.69113407431705,5.995012123539777,3.732830479782287,0.0807686538502747,8.242523542414258,40.79,7.504645218967212,7.910504588821603,7.809039746358005,86.89359062307345,0.9874012141285956,-6.281226093748889,1,0,0.0,0.0,0.0,0.0,Mid-Atlantic,2026,0.0,0.0,0.0,36,3620,0,8544.34440058092,0.0,0.0,0.0,21.899305586464894,42.43562300639792,1,84.87124601279585,65.05624343643295,3.323134385560704,100.0,281,58.52273618267039,71.57373681227654,0.0,Safe D,"<p style=""color:blue;"">Paul Tonko (D)</p> vs <p style=""color:Ralph Ambrosio"">Ralph Ambrosio (R)</p>",(D),NY-20,(D),True,False,,D+30.1,0.0,100.0,0.0,>99%,<1%
281,281,NY-21,Blake Gendebien,Anthony Constantino,False,False,NY,21,"GENDEBIEN, BLAKE","CONSTANTINO, ANTHONY THOMAS",5333625.81,0.0,5333625.81,100.0,0.0,New York,NY-21,91.9994871887589,2.9473497356227942,0.7573827560645682,0.5700094179756776,2.347261966006532,24.87,-10.255388696277096,-9.629938813190163,-9.786301283961896,37.8745152650485,0.9874012141285956,-6.281226093748889,0,0,41.23446177978833,1.6891418782769132,47.2508059040024,1.6891418782769132,Mid-Atlantic,2026,0.0,0.0,0.0,36,3621,2,10000.0,1.6891418782769132,1.2996699112762875,6.016344124214065,-13.291376474174903,50.0,0,100.0,47.69393185060355,3.698075147576149,26.58,282,40.46744752587568,55.02239997067027,0.8750000000000001,Lean R,"<p style=""color:blue;"">Blake Gendebien (D)</p> vs <p style=""color:Anthony Constantino"">Anthony Constantino (R)</p>",(R),NY-21,(R),True,False,,R+4.6,73.42,26.6,73.4,26.6%,73.4%
282,282,NY-22,John Mannion,Kailee Buller,True,False,NY,22,"MANNION, JOHN W","BULLER, KAILEE",1703048.58,217988.61,1921037.19,88.65255648694652,11.347443513053488,New York,NY-22,83.08048582114186,4.492722551752067,2.549574106781282,0.275988334303206,7.297526314177497,33.629999999999995,3.5370488775933,4.597061350766801,4.332058232473425,76.98125155250325,0.9874012141285956,-6.281226093748889,1,0,0.0,0.0,0.0,0.0,Mid-Atlantic,2026,0.0,0.0,0.0,36,3622,0,7859.275771671244,0.0,0.0,0.0,14.94534255869574,38.65255648694652,1,77.30511297389305,61.13104798362689,3.500628777950267,99.93,283,54.39251423393373,68.05471405994044,0.0,Safe D,"<p style=""color:blue;"">John Mannion (D)</p> vs <p style=""color:Kailee Buller"">Kailee Buller (R)</p>",(D),NY-22,(D),True,False,,D+22.3,0.06999999999999318,99.9,0.1,>99%,<1%
283,283,NY-23,Aaron Gies,Nick Langworthy,False,True,NY,23,"GIES, AARON DR.","LANGWORTHY, NICK",221174.36,893794.6,1114968.96,19.83681769939138,80.16318230060861,New York,NY-23,92.6938085220476,2.798993523903808,0.7086581693684775,0.4496143216598605,2.001237470610073,29.54,-11.546661306557162,-9.843922173513462,-10.269606956774387,54.28722564934856,0.9874012141285956,-6.281226093748889,0,1,0.0,0.0,0.0,0.0,Mid-Atlantic,2026,0.0,0.0,0.0,36,3623,2,393.49933643888704,0.0,0.0,0.0,-14.257987819799888,-30.16318230060862,-1,-60.32636460121724,41.0102957248087,3.5633321602803445,0.5950000000000001,284,34.08054002173659,47.96176295847821,0.0,Safe R,"<p style=""color:blue;"">Aaron Gies (D)</p> vs <p style=""color:Nick Langworthy"">Nick Langworthy (R)</p>",(R),NY-23,(R),True,False,,R+18.0,99.405,0.6,99.4,<1%,>99%
284,284,NY-24,Alissa Ellman,Claudia Tenney,False,True,NY,24,"ELLMAN, ALISSA","TENNEY, CLAUDIA",157890.41,1058433.42,1216323.8299999998,12.980951791432055,87.01904820856795,New York,NY-24,91.98965472394214,3.028347439280769,0.6990140379008507,0.1964022014167957,2.412141705916925,25.01,-12.630731967818477,-10.868516339180466,-11.309070246339967,34.29046901364401,0.9874012141285956,-6.281226093748889,0,1,0.0,0.0,0.0,0.0,Mid-Atlantic,2026,0.0,0.0,0.0,36,3624,2,168.5051094114831,0.0,0.0,0.0,-16.336914398931047,-37.019048208567945,-1,-74.03809641713589,41.0802505481409,3.505044653605104,0.515,285,34.21802207532266,48.02371469937804,0.0,Safe R,"<p style=""color:blue;"">Alissa Ellman (D)</p> vs <p style=""color:Claudia Tenney"">Claudia Tenney (R)</p>",(R),NY-24,(R),True,False,,R+17.8,99.485,0.5,99.5,<1%,>99%
285,285,NY-25,Joseph Morelle,Virginia McIntyre,True,False,NY,25,"MORELLE, JOSEPH D","MCINTYRE, VIRGINIA",735140.1,30416.43,765556.53,96.0268864795654,3.973113520434605,New York,NY-25,74.63488536511463,7.965020368312965,2.6153923846076155,0.0796215870450796,12.31996768003232,40.85,8.277278333473404,10.07710317223927,9.627146962547805,91.27097407753956,0.9874012141285956,-6.281226093748889,1,0,0.0,0.0,0.0,0.0,Mid-Atlantic,2026,0.0,0.0,0.0,36,3625,0,9221.16292695934,0.0,0.0,0.0,25.535520018844498,46.026886479565405,1,92.05377295913078,64.29560607458988,3.688141938257517,99.99,286,57.123752965117134,71.54823861621391,0.0,Safe D,"<p style=""color:blue;"">Joseph Morelle (D)</p> vs <p style=""color:Virginia McIntyre"">Virginia McIntyre (R)</p>",(D),NY-25,(D),True,False,,D+28.6,0.010000000000005116,100.0,0.0,>99%,<1%
286,286,NY-26,Tim Kennedy,Dennis Hannon,True,False,NY,26,"KENNEDY, TIMOTHY",no_match,1713469.97,0.0,1713469.97,100.0,0.0,New York,NY-26,72.80794919615346,6.214120799730329,3.4344091376456976,0.2573054244184372,15.11817585868698,34.29,10.522780785801524,10.530408909331882,10.528501878449292,99.10511460530702,0.9874012141285956,-6.281226093748889,1,0,0.0,0.0,0.0,0.0,Mid-Atlantic,2026,0.0,0.0,0.0,36,3626,0,10000.0,0.0,0.0,0.0,27.338229850647476,50.0,1,100.0,67.05175934846784,3.515931560248401,100.0,287,60.21884545492423,73.99553466082583,0.0,Safe D,"<p style=""color:blue;"">Tim Kennedy (D)</p> vs <p style=""color:Dennis Hannon"">Dennis Hannon (R)</p>",(D),NY-26,(D),True,False,,D+34.1,0.0,100.0,0.0,>99%,<1%
287,287,OH-01,Greg Landsman,Eric Conroy,True,False,OH,1,"LANDSMAN, GREG","CONROY, ERIC",2810230.49,572462.71,3382693.2,83.07671798317389,16.923282016826118,Ohio,OH-01,75.94651682488715,2.547967850230783,2.305790155748829,0.0860547144718179,16.12879635645019,27.756510177883733,-2.185245259161526,-0.5598072550318918,-0.9661667560643004,88.86998970290988,0.9874012141285956,-6.281226093748889,1,0,0.0,0.0,0.0,0.0,East North Central,2026,0.0,0.0,0.0,39,3901,0,6901.741070855808,0.0,0.0,0.0,4.348892581620288,33.07671798317389,1,66.15343596634776,54.19840681749252,3.407688167244485,89.13,288,47.556526111010896,60.96402244572617,0.5700000000000001,Likely D,"<p style=""color:blue;"">Greg Landsman (D)</p> vs <p style=""color:Eric Conroy"">Eric Conroy (R)</p>",(D),OH-01,(D),True,False,,D+8.4,10.870000000000005,89.1,10.9,89.1%,10.9%
288,288,OH-02,Jennifer Mazzuckelli,David Taylor,False,True,OH,2,no_match,"TAYLOR, DAVID",0.0,624834.38,624834.38,0.0,100.0,Ohio,OH-02,94.18827963450197,1.217289937670171,0.5733623889335493,0.0889022778957502,1.969275503738644,14.700531293884582,-22.36189029142297,-20.490043894385703,-20.95800549364501,43.63340278581136,0.9874012141285956,-6.281226093748889,0,1,0.0,0.0,0.0,0.0,East North Central,2026,0.0,0.0,0.0,39,3902,2,0.0,0.0,0.0,0.0,-35.63478489354114,-50.0,-1,-100.0,30.863991019598227,3.5911496975801405,0.0,289,23.76625332652825,37.90216284693822,0.0,Safe R,"<p style=""color:blue;"">Jennifer Mazzuckelli (D)</p> vs <p style=""color:David Taylor"">David Taylor (R)</p>",(R),OH-02,(R),True,False,,R+38.3,100.0,0.0,100.0,<1%,>99%
289,289,OH-03,Joyce Beatty,Cleophus Dulaney,True,False,OH,3,"BEATTY, JOYCE",no_match,306097.61,0.0,306097.61,100.0,0.0,Ohio,OH-03,62.720867706224105,3.754022797766475,4.025534063365575,0.0601985315795141,25.88854621428912,29.36456101352461,19.94358573949011,21.077087502230164,20.79371206154515,99.7138425943582,0.9874012141285956,-6.281226093748889,1,0,0.0,0.0,0.0,0.0,East North Central,2026,0.0,0.0,0.0,39,3903,0,10000.0,0.0,0.0,0.0,47.86865021683919,50.0,1,100.0,74.1645678403999,3.3295736066952086,100.0,290,67.61074973383967,80.67641013263355,0.0,Safe D,"<p style=""color:blue;"">Joyce Beatty (D)</p> vs <p style=""color:Cleophus Dulaney"">Cleophus Dulaney (R)</p>",(D),OH-03,(D),True,False,,D+48.3,0.0,100.0,0.0,>99%,<1%
290,290,OH-04,Joshua Kolasinski,Jim Jordan,False,True,OH,4,"KOLASINSKI, JOSHUA","JORDAN, JAMES D.",7668.01,3289988.27,3297656.28,0.2325290857784608,99.76747091422156,Ohio,OH-04,89.75074978452552,2.1907545191293,0.9052429068466704,0.1155310008185529,4.4681989667227375,15.474311286981854,-22.79681895288208,-20.756660855088104,-21.2667003795366,57.29135680052884,0.9874012141285956,-6.281226093748889,0,1,0.0,0.0,0.0,0.0,East North Central,2026,0.0,0.3678794411714423,-0.3678794411714423,39,3904,2,0.0540697757329668,0.0,0.0,0.0,-36.25217466532431,-49.76747091422154,-1,-99.5349418284431,31.380950715356395,3.5236628548018705,0.005,291,24.465438604641108,38.41438899265627,0.0,Safe R,"<p style=""color:blue;"">Joshua Kolasinski (D)</p> vs <p style=""color:Jim Jordan"">Jim Jordan (R)</p>",(R),OH-04,(R),True,False,,R+37.2,99.995,0.0,100.0,<1%,>99%
291,291,OH-05,Brian Shaver,Bob Latta,False,True,OH,5,"SHAVER, BRIAN ALAN MR.","LATTA, ROBERT EDWARD",3865.7,610476.79,614342.49,0.6292418419569189,99.37075815804307,Ohio,OH-05,86.23232853588762,6.4329608892858126,0.7000704977533952,0.0899623303187774,4.320808941274226,16.263088047617654,-13.02994048716537,-11.235913931470854,-11.684420570394485,69.28314455334782,0.9874012141285956,-6.281226093748889,0,1,0.0,0.0,0.0,0.0,East North Central,2026,0.0,0.0,0.0,39,3905,2,0.3959452956693361,0.0,0.0,0.0,-17.08761504704008,-49.37075815804308,-1,-98.74151631608618,37.890581662779056,3.50372718403842,0.05,292,31.07535695361224,44.7484690844918,0.0,Safe R,"<p style=""color:blue;"">Brian Shaver (D)</p> vs <p style=""color:Bob Latta"">Bob Latta (R)</p>",(R),OH-05,(R),True,False,,R+24.2,99.95,0.0,100.0,<1%,>99%
292,292,OH-06,Elizabeth Kirtley,Michael Rulli,False,True,OH,6,"KIRTLEY, ELIZABETH ANN MRS.","RULLI, MICHAEL",1131.7,254129.94,255261.64,0.4433490280795814,99.55665097192042,Ohio,OH-06,89.64716874674089,2.490989634995912,0.353176698562783,0.0838938594629806,5.486658408878931,13.643384813483069,-17.421060547103167,-16.698316716039194,-16.87900267380519,57.278008720745454,0.9874012141285956,-6.281226093748889,0,1,0.0,0.0,0.0,0.0,East North Central,2026,0.0,0.0,0.0,39,3906,2,0.1965583606991094,0.0,0.0,0.0,-27.47677925386149,-49.55665097192042,-1,-99.11330194384082,34.74378052601621,3.612301919984759,0.015,293,27.663350388099648,41.848742589938325,0.0,Safe R,"<p style=""color:blue;"">Elizabeth Kirtley (D)</p> vs <p style=""color:Michael Rulli"">Michael Rulli (R)</p>",(R),OH-06,(R),True,False,,R+30.5,99.985,0.0,100.0,<1%,>99%
293,293,OH-07,Brian Poindexter,Max Miller,False,True,OH,7,"POINDEXTER, BRIAN","MILLER, MAX",439659.22,924384.95,1364044.17,32.23203688484663,67.76796311515338,Ohio,OH-07,89.43293520769474,3.348945671704893,2.1874339393298805,0.0682076418983194,3.2181455448684075,26.55677866200753,-7.118675151896383,-4.823517174656573,-5.397306668966525,83.89382555966591,0.9874012141285956,-6.281226093748889,0,1,47.301978954910815,0.9998094550441726,39.60534020069403,0.9998094550441726,East North Central,2026,0.0,1.0,-1.0,39,3907,0,1038.9042017461136,0.9998094550441726,0.9999047229832312,-7.696638754216785,-4.513387244184162,-17.76796311515337,-1,-35.53592623030675,50.44315748436821,3.585313234288771,55.235,294,43.368488868390585,57.42215499753268,2.56,Tossup,"<p style=""color:blue;"">Brian Poindexter (D)</p> vs <p style=""color:Max Miller"">Max Miller (R)</p>",(D),OH-07,(R),False,True,Flip,D+0.9,44.765,55.2,44.8,55.2%,44.8%
294,294,OH-08,Vanessa Enoch,Warren Davidson,False,True,OH,8,"ENOCH, VANESSA L. DR.","DAVIDSON, WARREN",25395.53,166376.09,191771.62,13.242590326973303,86.7574096730267,Ohio,OH-08,79.06503257072835,2.593559827649083,2.490031749762784,0.1220214073250868,12.70388031531991,23.026888539070917,-9.739524914307324,-7.137463278344143,-7.787978687334938,85.75442075689969,0.9874012141285956,-6.281226093748889,0,1,0.0,0.0,0.0,0.0,East North Central,2026,0.0,0.0,0.0,39,3908,0,175.3661985680469,0.0,0.0,0.0,-9.294731280920988,-36.7574096730267,-1,-73.5148193460534,44.609961824494704,2.988555946723497,3.58,295,38.75282714657877,50.48108917120758,0.11,Safe R,"<p style=""color:blue;"">Vanessa Enoch (D)</p> vs <p style=""color:Warren Davidson"">Warren Davidson (R)</p>",(R),OH-08,(R),True,False,,R+10.8,96.42,3.6,96.4,3.6%,96.4%
295,295,OH-09,Marcy Kaptur,Derek Merrin,True,False,OH,9,"KAPTUR, MARCY HON. M.C.","MERRIN, DEREK",2303405.52,451830.75,2755236.27,83.60101618435793,16.398983815642058,Ohio,OH-09,80.03741457896886,5.774160514567591,0.976025219701888,0.0674332527927071,11.03730079581278,18.273688716637427,-5.69382564442521,-4.589736528605641,-4.865758807560534,72.24845225836798,0.9874012141285956,-6.281226093748889,1,0,0.0,0.0,0.0,0.0,East North Central,2026,0.0,0.0,0.0,39,3909,1,6989.129907057277,0.0,0.0,0.0,-3.4502915213721783,33.60101618435793,1,67.20203236871588,52.630708485450846,3.356552495836384,78.39500000000001,296,46.109528060695816,59.2214378902536,1.295,Likely D,"<p style=""color:blue;"">Marcy Kaptur (D)</p> vs <p style=""color:Derek Merrin"">Derek Merrin (R)</p>",(D),OH-09,(D),True,False,,D+5.3,21.60499999999999,78.4,21.6,78.4%,21.6%
296,296,OH-10,Kristina Knickerbocker,Mike Turner,False,True,OH,10,"KNICKERBOCKER, KRISTINA","TURNER, MICHAEL R REP.",321737.5,376197.66,697935.1599999999,46.09847997914305,53.90152002085695,Ohio,OH-10,76.80551238213657,2.8105060147536105,1.588670403534984,0.0384382698099144,15.595241676443358,21.230357782505664,-5.198879114433289,-3.181632661962567,-3.685944275080248,90.63688218969808,0.9874012141285956,-6.281226093748889,0,1,41.886878724507234,0.4978056949105249,48.886878724507234,0.4978056949105249,East North Central,2026,0.0,0.0,0.0,39,3910,0,2125.0698563874525,0.4978056949105249,0.705553467081358,7.0,-1.0906624564116072,-3.9015200208569496,-1,-7.8030400417139,44.641037480081806,3.522760917521629,6.47,297,37.76629380613944,51.59369731607448,0.034999999999999996,Very Likely R,"<p style=""color:blue;"">Kristina Knickerbocker (D)</p> vs <p style=""color:Mike Turner"">Mike Turner (R)</p>",(R),OH-10,(R),True,False,,R+10.7,93.53,6.5,93.5,6.5%,93.5%
297,297,OH-11,Shontel Brown,Mike Kirchner,True,False,OH,11,"BROWN, M SHONTEL",no_match,448898.41,0.0,448898.41,100.0,0.0,Ohio,OH-11,46.22657120664618,6.699537334098816,1.985579683225828,0.0697375975144372,42.35030900678802,22.07983187899793,26.834411222004867,28.48376847736292,28.071429163523405,99.62066028501329,0.9874012141285956,-6.281226093748889,1,0,0.0,0.0,0.0,0.0,East North Central,2026,0.0,0.0,0.0,39,3911,3,10000.0,0.0,0.0,0.0,62.4240844207957,50.0,1,100.0,81.06730488572322,3.422464137409217,100.0,298,74.37447206762204,87.85005446457416,0.0,Safe D,"<p style=""color:blue;"">Shontel Brown (D)</p> vs <p style=""color:Mike Kirchner"">Mike Kirchner (R)</p>",(D),OH-11,(D),True,False,,D+62.1,0.0,100.0,0.0,>99%,<1%
298,298,OH-12,Jerrad Christian,Troy Balderson,False,True,OH,12,"CHRISTIAN, JERRAD SHANE","BALDERSON, WILLIAM TROY",82127.23,628215.29,710342.52,11.561637898291655,88.43836210170835,Ohio,OH-12,89.82201316149163,1.684024189408133,2.252755312268724,0.0573398318476093,4.179973730356107,21.023273169412985,-16.958603242446216,-14.427582143746244,-15.060337418421236,54.70030382772079,0.9874012141285956,-6.281226093748889,0,1,0.0,0.0,0.0,0.0,East North Central,2026,0.0,0.0,0.0,39,3912,2,133.6714708912139,0.0,0.0,0.0,-23.839448743093584,-38.43836210170834,-1,-76.87672420341669,36.04940247697668,3.173618569417672,0.005,299,29.862495975604432,42.2174199568735,0.0,Safe R,"<p style=""color:blue;"">Jerrad Christian (D)</p> vs <p style=""color:Troy Balderson"">Troy Balderson (R)</p>",(R),OH-12,(R),True,False,,R+27.9,99.995,0.0,100.0,<1%,>99%
299,299,OH-13,Emilia Sykes,Carey Coleman,True,False,OH,13,"SYKES, EMILIA","COLEMAN, CAREY",1922344.38,65571.79,1987916.17,96.70148112935767,3.298518870642317,Ohio,OH-13,80.63671879520741,2.0717499020419905,2.275932419719898,0.0699345789293561,11.9599703067367,23.175870509519,0.730426067206146,2.4110369884279166,1.990884258122474,96.26965663653814,0.9874012141285956,-6.281226093748889,1,0,0.0,0.0,0.0,0.0,East North Central,2026,0.0,0.0,0.0,39,3913,0,9351.176452611518,0.0,0.0,0.0,10.262994609993836,46.70148112935768,1,93.40296225871536,57.74858245495162,3.432279809328887,98.87,300,51.049640349457775,64.47437511433019,0.02,Safe D,"<p style=""color:blue;"">Emilia Sykes (D)</p> vs <p style=""color:Carey Coleman"">Carey Coleman (R)</p>",(D),OH-13,(D),True,False,,D+15.5,1.1299999999999955,98.9,1.1,98.9%,1.1%
300,300,OH-14,Maria Jukic,David Joyce,False,True,OH,14,"JUKIC, MARIA","JOYCE, DAVID P.",61305.75,383806.12,445111.87,13.773110566563862,86.22688943343614,Ohio,OH-14,90.62896050487548,2.478952745518972,0.6467746941520316,0.0559320280371414,4.423964772521533,19.064431950185824,-10.890466701036845,-9.516424837172906,-9.85993530313889,65.71386801927208,0.9874012141285956,-6.281226093748889,0,1,0.0,0.0,0.0,0.0,East North Central,2026,0.0,0.0,0.0,39,3914,2,189.6985746787931,0.0,0.0,0.0,-13.438644512528892,-36.22688943343614,-1,-72.45377886687227,40.587758215186426,3.4897558240977986,0.35,301,33.7566141744419,47.41481494519979,0.0,Safe R,"<p style=""color:blue;"">Maria Jukic (D)</p> vs <p style=""color:David Joyce"">David Joyce (R)</p>",(R),OH-14,(R),True,False,,R+18.8,99.65,0.4,99.6,<1%,>99%
301,301,OH-15,Don Leonard,Mike Carey,False,True,OH,15,"LEONARD, DON RALPH","CAREY, MIKE",583487.97,900358.7,1483846.67,39.32265926101381,60.67734073898619,Ohio,OH-15,80.32048576554796,3.3158431335768417,2.7343417553768905,0.0847588627722748,10.529030778930474,21.718629370772383,-6.000550754787888,-4.30697226025945,-4.730366883891559,79.35319019106822,0.9874012141285956,-6.281226093748889,0,1,0.0,0.0,0.0,0.0,East North Central,2026,0.0,0.0,0.0,39,3915,0,1546.2715313577953,0.0,0.0,0.0,-3.1795076740342294,-10.677340738986189,-1,-21.354681477972385,47.53321249632653,3.557094424581764,24.41,302,40.52303032437785,54.51338773874872,0.915,Likely R,"<p style=""color:blue;"">Don Leonard (D)</p> vs <p style=""color:Mike Carey"">Mike Carey (R)</p>",(R),OH-15,(R),True,False,,R+4.9,75.59,24.4,75.6,24.4%,75.6%
302,302,OK-01,John Croisant,Mark Tedford,False,False,OK,1,"CROISANT, JOHN THOMAS","TEDFORD, MARK",140971.56,402461.0,543432.56,25.940948403974907,74.05905159602509,Oklahoma,OK-01,68.68702904072475,7.785115570231141,2.5960968588603843,5.279506392346118,8.376725086783507,32.08,-13.22771657767511,-10.249326667420434,-10.993924144984105,91.05270934280962,0.9874012141285956,-6.281226093748889,0,0,0.0,0.0,0.0,0.0,West South Central,2026,0.0,0.0,0.0,40,4001,0,672.9328040976883,0.0,0.0,0.0,-15.70662219621932,-24.059051596025093,0,-48.11810319205017,42.01682184764486,3.688466842856292,1.555,303,34.85974806609475,49.30201418118176,0.0,Safe R,"<p style=""color:blue;"">John Croisant (D)</p> vs <p style=""color:Mark Tedford"">Mark Tedford (R)</p>",(R),OK-01,(R),True,False,,R+16.0,98.445,1.6,98.4,1.6%,98.4%
303,303,OK-02,Brandon Wade,Josh Brecheen,False,True,OK,2,"WADE, BRANDON","BRECHEEN, JOSH",3230.26,108885.55,112115.81,2.8811815211431826,97.11881847885682,Oklahoma,OK-02,67.9554674192991,3.737873264817451,0.7966822733668506,15.091377366719056,3.139991277802006,19.11,-29.45726957208129,-27.50559283028878,-27.99351201573691,32.23681635013784,0.9874012141285956,-6.281226093748889,0,1,0.0,0.0,0.0,0.0,West South Central,2026,0.0,0.0,0.0,40,4002,2,8.301206957776943,0.0,0.0,0.0,-49.70579793772493,-47.11881847885682,-1,-94.23763695771363,26.1326853311374,3.219930512885642,0.0,304,19.83083388068809,32.42374091413367,0.0,Safe R,"<p style=""color:blue;"">Brandon Wade (D)</p> vs <p style=""color:Josh Brecheen"">Josh Brecheen (R)</p>",(R),OK-02,(R),True,False,,R+47.7,100.0,0.0,100.0,<1%,>99%
304,304,OK-03,Suzie Byrd,Frank Lucas,False,True,OK,3,no_match,"LUCAS, FRANK D.",0.0,219820.49,219820.49,0.0,100.0,Oklahoma,OK-03,70.79848633638008,12.540062805529477,1.3325491634922175,4.510775141096614,5.118686623429412,21.18,-25.1075512649572,-22.459052914442303,-23.121177502071024,59.43000817052272,0.9874012141285956,-6.281226093748889,0,1,0.0,0.0,0.0,0.0,West South Central,2026,0.0,0.0,0.0,40,4003,1,0.0,0.0,0.0,0.0,-39.96112891039316,-50.0,-1,-100.0,29.42563924954077,3.514041070447432,0.0,305,22.475976452800055,36.26882648804468,0.0,Safe R,"<p style=""color:blue;"">Suzie Byrd (D)</p> vs <p style=""color:Frank Lucas"">Frank Lucas (R)</p>",(R),OK-03,(R),True,False,,R+41.1,100.0,0.0,100.0,<1%,>99%
305,305,OK-04,Mitchell Jacob,Tom Cole,False,True,OK,4,"JACOB, MITCHELL LEIGH","COLE, TOM",42046.32,2062049.37,2104095.69,1.998308356403696,98.00169164359632,Oklahoma,OK-04,71.60918910210094,7.80552136743619,2.183167486351051,4.533759868186114,6.945641720689431,26.92,-18.47330326290613,-16.19368689576448,-16.76359098754989,64.1380529632389,0.9874012141285956,-6.281226093748889,0,1,0.0,0.0,0.0,0.0,West South Central,2026,0.0,0.0,0.0,40,4004,1,3.993236287272841,0.0,0.0,0.0,-27.24595588135089,-48.0016916435963,-1,-96.0033832871926,35.05321759349987,3.510508911518883,0.015,306,28.15050930899745,41.883227311252455,0.0,Safe R,"<p style=""color:blue;"">Mitchell Jacob (D)</p> vs <p style=""color:Tom Cole"">Tom Cole (R)</p>",(R),OK-04,(R),True,False,,R+29.9,99.985,0.0,100.0,<1%,>99%
306,306,OK-05,Jena Nelson,Stephanie Bice,False,True,OK,5,"NELSON, JENA","BICE, STEPHANIE",439761.87,453943.55,893705.4199999999,49.206579725117926,50.79342027488208,Oklahoma,OK-05,70.12491454640215,6.60666301162169,2.6791818114132164,3.3990226138986466,11.118274548026614,37.0,-10.932479438595507,-8.309948446540567,-8.965581194554302,76.25216260244737,0.9874012141285956,-6.281226093748889,0,1,0.0,0.0,0.0,0.0,West South Central,2026,0.0,0.0,0.0,40,4005,0,2421.2874882443866,0.0,0.0,0.0,-11.649936295359716,-0.7934202748820738,-1,-1.5868405497641485,44.29892688893931,3.5140717778569823,5.140000000000001,307,37.45223917731818,51.159328960031424,0.03,Very Likely R,"<p style=""color:blue;"">Jena Nelson (D)</p> vs <p style=""color:Stephanie Bice"">Stephanie Bice (R)</p>",(R),OK-05,(R),True,False,,R+11.4,94.86,5.1,94.9,5.1%,94.9%
307,307,OR-01,Suzanne Bonamici,Barbara Kahl,True,False,OR,1,"BONAMICI, SUZANNE MS.","KAHL, BARBARA J DR DVM",392016.09,3966.06,395982.15,98.99842455019753,1.001575449802472,Oregon,OR-01,74.38325747065815,10.9681758943961,7.599643808497383,0.3286745624997611,2.2147314996350183,46.26,17.90246787231188,20.30521970734456,19.70453174858639,87.35799175598159,0.9874012141285956,-6.281226093748889,1,0,0.0,0.0,0.0,0.0,Pacific,2026,0.0,0.0,0.0,41,4101,0,9800.688063421152,0.0,0.0,0.0,45.69028959092167,48.99842455019753,1,97.99684910039504,73.66653744391002,3.355408815415284,100.0,308,67.0257274002316,80.21675300920752,0.0,Safe D,"<p style=""color:blue;"">Suzanne Bonamici (D)</p> vs <p style=""color:Barbara Kahl"">Barbara Kahl (R)</p>",(D),OR-01,(D),True,False,,D+47.3,0.0,100.0,0.0,>99%,<1%
308,308,OR-02,Chris Beck,Cliff Bentz,False,True,OR,2,"BECK, CHRIS","BENTZ, CLIFF",86900.0,448526.26,535426.26,16.23005939230549,83.76994060769451,Oregon,OR-02,83.46264608067183,9.93515783215354,0.8858666369395983,1.3462646080671832,0.6413614997305984,23.07,-14.781876600515446,-13.189206336151322,-13.587373902242351,58.77863352067164,0.9874012141285956,-6.281226093748889,0,1,0.0,0.0,0.0,0.0,Pacific,2026,0.0,0.0,0.0,41,4102,2,263.4148278777636,0.0,0.0,0.0,-20.89352171073581,-33.76994060769451,-1,-67.53988121538903,38.56330312109332,3.5310114683326894,0.075,309,31.63242063103171,45.47916204170367,0.0,Safe R,"<p style=""color:blue;"">Chris Beck (D)</p> vs <p style=""color:Cliff Bentz"">Cliff Bentz (R)</p>",(R),OR-02,(R),True,False,,R+22.9,99.925,0.1,99.9,<1%,>99%
309,309,OR-03,Maxine Dexter,Loran Ayles,True,False,OR,3,"DEXTER, MAXINE",no_match,673580.97,0.0,673580.97,100.0,0.0,Oregon,OR-03,73.20952830206696,9.660841184143433,7.174491376363348,0.4663696313540953,5.063796386303783,40.24,21.92698993520812,24.55693577006344,23.899449311349613,93.35749048794338,0.9874012141285956,-6.281226093748889,1,0,0.0,0.0,0.0,0.0,Pacific,2026,0.0,0.0,0.0,41,4103,0,10000.0,0.0,0.0,0.0,54.08012471644812,50.0,1,100.0,77.58841005852275,3.4945658964762343,100.0,310,70.82032344322742,84.41048090011802,0.0,Safe D,"<p style=""color:blue;"">Maxine Dexter (D)</p> vs <p style=""color:Loran Ayles"">Loran Ayles (R)</p>",(D),OR-03,(D),True,False,,D+55.2,0.0,100.0,0.0,>99%,<1%
310,310,OR-04,Val Hoyle,Monique DeSpain,True,False,OR,4,"HOYLE, VALERIE","DESPAIN, MONIQUE",612316.32,317313.7,929630.02,65.86666811814015,34.13333188185984,Oregon,OR-04,85.1829525483304,6.6019332161687165,2.191388400702988,0.8938488576449912,0.7901581722319859,31.91,4.269501905509934,6.971511269141843,6.296008928233865,75.18719697312973,0.9874012141285956,-6.281226093748889,1,0,0.0,0.0,0.0,0.0,Pacific,2026,0.0,0.0,0.0,41,4104,2,4338.417968985221,0.0,0.0,0.0,18.87324395021662,15.866668118140154,1,31.733336236280312,59.73591412804533,3.156739751812778,99.88,311,53.43797493774591,65.91063107577232,0.005,Safe D,"<p style=""color:blue;"">Val Hoyle (D)</p> vs <p style=""color:Monique DeSpain"">Monique DeSpain (R)</p>",(D),OR-04,(D),True,False,,D+19.5,0.12000000000000455,99.9,0.1,>99%,<1%
311,311,OR-05,Janelle Bynum,Patti Adair,True,False,OR,5,"BYNUM, JANELLE","ADAIR, PATTI",2165823.15,412318.89,2578142.04,84.00713057687076,15.992869423129225,Oregon,OR-05,85.74618629361179,6.898369109115984,2.720967259144724,0.3748055730521955,0.825453724090945,36.88,2.2767400110910145,5.154381841034464,4.434971383548602,79.44206318526102,0.9874012141285956,-6.281226093748889,1,0,0.0,0.0,0.0,0.0,Pacific,2026,0.0,0.0,0.0,41,4105,0,7057.197987759415,0.0,0.0,0.0,15.151168860846091,34.007130576870765,1,68.01426115374154,60.18295411940499,3.505296845946146,99.87,312,53.35565308406062,67.01877800932847,0.005,Safe D,"<p style=""color:blue;"">Janelle Bynum (D)</p> vs <p style=""color:Patti Adair"">Patti Adair (R)</p>",(D),OR-05,(D),True,False,,D+20.4,0.12999999999999545,99.9,0.1,>99%,<1%
312,312,OR-06,Andrea Salinas,David Russ,True,False,OR,6,"SALINAS, ANDREA","RUSS, DAVID HONORABLE",915858.3,790.84,916649.14,99.91372489587457,0.0862751041254454,Oregon,OR-06,76.89105938316372,13.938667290521307,3.5555815494989664,0.6312629157406324,1.2475143291613051,34.36,4.503672586637542,6.620947171983886,6.0916285256473,88.8755784382027,0.9874012141285956,-6.281226093748889,1,0,0.0,0.0,0.0,0.0,Pacific,2026,0.0,0.0,0.0,41,4106,0,9982.752422568505,0.0,0.0,0.0,18.464483145043488,49.913724895874566,1,99.82744979174912,60.27288851344896,3.477601686756871,99.865,313,53.47578678611126,67.09729180504813,0.0,Safe D,"<p style=""color:blue;"">Andrea Salinas (D)</p> vs <p style=""color:David Russ"">David Russ (R)</p>",(D),OR-06,(D),True,False,,D+20.5,0.13500000000000512,99.9,0.1,>99%,<1%
313,313,PA-01,Bob Harvie,Brian Fitzpatrick,False,True,PA,1,"HARVIE, ROBERT J","FITZPATRICK, BRIAN",1744286.49,1622227.6,3366514.09,51.8128379495361,48.1871620504639,Pennsylvania,PA-01,85.11678796097935,4.7351575408081485,4.701466251707961,0.0501966175987639,3.542519938266668,43.23,0.0746601943188522,0.9112440515127388,0.7020980872142671,90.22600037130688,0.9874012141285956,-6.281226093748889,0,1,42.99998061019989,0.5831401530817649,47.00001938874465,0.5831401530817649,Mid-Atlantic,2026,0.0,0.0,0.0,42,4201,0,2684.570176384889,0.5831401530817649,0.763636139193114,4.000038778544756,7.685422268177423,1.812837949536103,-1,3.625675899072203,48.88685889816952,3.514564209746048,37.51,314,42.02603528106176,55.90652569288962,1.8399999999999999,Tilt R,"<p style=""color:blue;"">Bob Harvie (D)</p> vs <p style=""color:Brian Fitzpatrick"">Brian Fitzpatrick (R)</p>",(R),PA-01,(R),True,False,,R+2.2,62.49,37.5,62.5,37.5%,62.5%
314,314,PA-02,Brendan Boyle,Jessica Arriaga,True,False,PA,2,"BOYLE, BRENDAN F",no_match,495116.74,0.0,495116.74,100.0,0.0,Pennsylvania,PA-02,43.47696640987822,21.12912482347019,8.06327455208927,0.0946062675183189,25.06145489944901,26.8,19.265049698510943,18.83499262045332,18.942506889967724,100.0,0.9874012141285956,-6.281226093748889,1,0,0.0,0.0,0.0,0.0,Mid-Atlantic,2026,0.0,0.0,0.0,42,4202,6,10000.0,0.0,0.0,0.0,44.16623987368434,50.0,1,100.0,73.76798285805428,3.391542327957032,100.0,315,67.17942002285838,80.43304420126557,0.0,Safe D,"<p style=""color:blue;"">Brendan Boyle (D)</p> vs <p style=""color:Jessica Arriaga"">Jessica Arriaga (R)</p>",(D),PA-02,(D),True,False,,D+47.5,0.0,100.0,0.0,>99%,<1%
315,315,PA-04,Madeleine Dean,Aurora Stuski,True,False,PA,4,"DEAN, MADELEINE",no_match,615035.7,0.0,615035.7,100.0,0.0,Pennsylvania,PA-04,80.95904920002852,4.6694707254229,4.329317350877371,0.0392092961676732,8.162492828602758,47.65,7.29904378420018,8.734846385659495,8.375895735294666,89.8720689271963,0.9874012141285956,-6.281226093748889,1,0,0.0,0.0,0.0,0.0,Mid-Atlantic,2026,0.0,0.0,0.0,42,4204,0,10000.0,0.0,0.0,0.0,23.03301756433822,50.0,1,100.0,63.869163012195145,3.360835896698852,100.0,316,57.34612354340302,70.51296124645425,0.0,Safe D,"<p style=""color:blue;"">Madeleine Dean (D)</p> vs <p style=""color:Aurora Stuski"">Aurora Stuski (R)</p>",(D),PA-04,(D),True,False,,D+27.7,0.0,100.0,0.0,>99%,<1%
316,316,PA-05,Mary Gay Scanlon,Nicholas Manganaro,True,False,PA,5,"SCANLON, MARY GAY","MANGANARO, NICHOLAS WALN MORRIS",540398.47,3871.15,544269.62,99.28874406034274,0.7112559396572603,Pennsylvania,PA-05,64.99693321541665,4.261225857986477,5.408238952443443,0.0588394716572048,23.021745642313068,41.16,14.012240667501338,15.217241466468884,14.915991266726998,99.4073471693081,0.9874012141285956,-6.281226093748889,1,0,0.0,0.0,0.0,0.0,Mid-Atlantic,2026,0.0,0.0,0.0,42,4205,0,9858.254697080243,0.0,0.0,0.0,36.11320862720289,49.28874406034274,1,98.57748812068547,68.4142651744459,3.379312561430353,100.0,317,61.83934557869037,75.08972037547562,0.0,Safe D,"<p style=""color:blue;"">Mary Gay Scanlon (D)</p> vs <p style=""color:Nicholas Manganaro"">Nicholas Manganaro (R)</p>",(D),PA-05,(D),True,False,,D+36.8,0.0,100.0,0.0,>99%,<1%
317,317,PA-06,Chrissy Houlahan,Marty Young,True,False,PA,6,"HOULAHAN, CHRISSY","YOUNG, MARTIN",1095495.07,307138.53,1402633.6,78.10272547299594,21.89727452700406,Pennsylvania,PA-06,77.78656154506074,11.759534326411094,3.1442538800224047,0.0347411782222442,5.252121693384288,47.71,5.176573362202305,6.513059016773916,6.178937603131013,83.32461718684628,0.9874012141285956,-6.281226093748889,1,0,0.0,0.0,0.0,0.0,Mid-Atlantic,2026,0.0,0.0,0.0,42,4206,0,6100.03572631017,0.0,0.0,0.0,18.639101300010918,28.102725472995942,1,56.205450945991885,60.19284061726248,3.3544828802568394,99.9,318,53.55973044486346,66.76916675626512,0.0,Safe D,"<p style=""color:blue;"">Chrissy Houlahan (D)</p> vs <p style=""color:Marty Young"">Marty Young (R)</p>",(D),PA-06,(D),True,False,,D+20.4,0.09999999999999432,99.9,0.1,>99%,<1%
318,318,PA-07,Bob Brooks,Ryan Mackenzie,False,True,PA,7,"BROOKS, BOB","MACKENZIE, RYAN EDWARD",1942165.53,1493241.01,3435406.54,56.53379032107216,43.46620967892784,Pennsylvania,PA-07,75.4589458187415,15.481045910882408,2.4359860879233635,0.0301988836708115,4.952273752880476,31.05,-1.956263683424084,-0.8693788320815159,-1.1411000449171578,81.63388310355421,0.9874012141285956,-6.281226093748889,0,1,47.0,0.1752766510872244,43.0,0.1752766510872244,Mid-Atlantic,2026,0.0,0.0,0.0,42,4207,0,3196.069448066952,0.1752766510872244,0.4186605439819047,-4.0,3.999026003914573,6.533790321072161,-1,13.06758064214432,50.06415816669177,3.5810756944899578,50.785,319,43.06246112008917,57.052076731508905,2.26,Tossup,"<p style=""color:blue;"">Bob Brooks (D)</p> vs <p style=""color:Ryan Mackenzie"">Ryan Mackenzie (R)</p>",(D),PA-07,(R),False,True,Flip,D+0.1,49.215,50.8,49.2,50.8%,49.2%
319,319,PA-08,Paige Cognetti,Rob Bresnahan,False,True,PA,8,"COGNETTI, PAIGE","BRESNAHAN, ROB",3862341.76,1891896.85,5754238.609999999,67.12168232453607,32.87831767546393,Pennsylvania,PA-08,80.77029995660664,10.065395150791929,1.516055543501844,0.0676326209589932,5.885055055326535,26.41,-3.737290733625315,-3.533617008492556,-3.584535439775746,66.57440649734725,0.9874012141285956,-6.281226093748889,0,1,46.72100571142595,0.22826265302464,44.99999999978658,0.22826265302464,Mid-Atlantic,2026,0.0,0.0,0.0,42,4208,2,4505.320238075938,0.22826265302464,0.4777684094042217,-1.721005711639371,-0.8878447858026028,17.121682324536067,-1,34.24336464907214,49.3869568655714,3.568003927229613,42.835,320,42.45086932183023,56.38580820343001,2.235,Tossup,"<p style=""color:blue;"">Paige Cognetti (D)</p> vs <p style=""color:Rob Bresnahan"">Rob Bresnahan (R)</p>",(R),PA-08,(R),True,False,,R+1.2,57.165,42.8,57.2,42.8%,57.2%
320,320,PA-09,Rachel Wallace,Dan Meuser,False,True,PA,9,"WALLACE, RACHEL","MEUSER, DANIEL",655064.65,890906.51,1545971.16,42.372371939978485,57.62762806002151,Pennsylvania,PA-09,90.77303886124812,4.861833843221412,0.6863220385816232,0.031271664728044,2.2710839685562583,22.2,-20.80255623568188,-18.39342565891737,-18.995708303108497,50.73111036733328,0.9874012141285956,-6.281226093748889,0,1,0.0,0.0,0.0,0.0,Mid-Atlantic,2026,0.0,0.0,0.0,42,4209,2,1795.417903819876,0.0,0.0,0.0,-31.710190512468102,-7.627628060021514,-1,-15.255256120043011,35.3253333173863,3.5603670911941463,0.02,321,28.42371073476749,42.29833266354428,0.0,Safe R,"<p style=""color:blue;"">Rachel Wallace (D)</p> vs <p style=""color:Dan Meuser"">Dan Meuser (R)</p>",(R),PA-09,(R),True,False,,R+29.3,99.98,0.0,100.0,<1%,>99%
321,321,PA-10,Janelle Stelson,Scott Perry,False,True,PA,10,"STELSON, JANELLE","PERRY, SCOTT",4909050.14,3100218.61,8009268.75,61.2921140896914,38.707885910308605,Pennsylvania,PA-10,77.69718763088804,7.640626968641352,3.1695764249983824,0.0393302618271715,9.11525639584972,33.19,-4.3669449856621085,-1.8956573990868648,-2.513479295730676,83.74037737427831,0.9874012141285956,-6.281226093748889,0,1,50.99994871098405,0.0146133372617751,44.999982903463696,0.0146133372617751,Mid-Atlantic,2026,0.0,0.0,0.0,42,4210,0,3756.7232495837466,0.0146133372617751,0.1208856371194489,-5.999965807520354,1.2542675022875374,11.292114089691395,-1,22.58422817938279,51.58671280467641,3.158421077919616,69.175,322,45.51376833486091,57.80321897240224,1.905,Lean D,"<p style=""color:blue;"">Janelle Stelson (D)</p> vs <p style=""color:Scott Perry"">Scott Perry (R)</p>",(D),PA-10,(R),False,True,Flip,D+3.2,30.825000000000003,69.2,30.8,69.2%,30.8%
322,322,PA-11,Nancy Mannion,Lloyd Smucker,False,True,PA,11,"MANNION, NANCY","SMUCKER, LLOYD K.",157523.0,224612.38,382135.38,41.2217785225749,58.7782214774251,Pennsylvania,PA-11,85.90629051513876,7.497374533487953,1.7974610798107613,0.045667723694878,3.1642430275477285,29.39,-13.06078237338177,-10.03726444178544,-10.793143924684523,68.26272383064179,0.9874012141285956,-6.281226093748889,0,1,0.0,0.0,0.0,0.0,Mid-Atlantic,2026,0.0,0.0,0.0,42,4211,2,1699.2350245642174,0.0,0.0,0.0,-15.30506175562016,-8.778221477425099,-1,-17.55644295485019,42.011236108069525,3.5094706409257763,1.165,323,35.19165690987839,48.851824271104505,0.0,Safe R,"<p style=""color:blue;"">Nancy Mannion (D)</p> vs <p style=""color:Lloyd Smucker"">Lloyd Smucker (R)</p>",(R),PA-11,(R),True,False,,R+16.0,98.835,1.2,98.8,1.2%,98.8%
323,323,PA-12,Summer Lee,James Hayes,True,False,PA,12,"LEE, SUMMER","HAYES, JAMES DR.",1148369.26,34913.76,1183283.02,97.049415954604,2.9505840453960035,Pennsylvania,PA-12,79.15950210878201,2.36836263761749,2.6196605407626072,0.0574821175948289,13.504653235398385,39.71,7.814553658625421,10.432561437577917,9.778059492839793,96.9650813739436,0.9874012141285956,-6.281226093748889,1,0,0.0,0.0,0.0,0.0,Mid-Atlantic,2026,0.0,0.0,0.0,42,4212,0,9418.589137129746,0.0,0.0,0.0,25.837345079428477,47.049415954604,1,94.098831909208,61.63113139137845,3.1202123216270023,99.98,324,55.44629989820368,67.71486577400769,0.0,Safe D,"<p style=""color:blue;"">Summer Lee (D)</p> vs <p style=""color:James Hayes"">James Hayes (R)</p>",(D),PA-12,(D),True,False,,D+23.3,0.01999999999999602,100.0,0.0,>99%,<1%
324,324,PA-13,Beth Farnham,John Joyce,False,True,PA,13,"FARNHAM, ELIZABETH RHOADS","JOYCE, JOHN",52357.71,439883.77,492241.48,10.636590398679932,89.36340960132007,Pennsylvania,PA-13,93.23165141049556,2.596849369091735,0.4947092896520395,0.0427649806392782,2.118613749024476,21.14,-25.15300016544203,-22.20157808923349,-22.939433608285626,44.43744247343319,0.9874012141285956,-6.281226093748889,0,1,0.0,0.0,0.0,0.0,Mid-Atlantic,2026,0.0,0.0,0.0,42,4213,2,113.1370553092901,0.0,0.0,0.0,-39.59764112282236,-39.36340960132007,-1,-78.72681920264013,30.20652071273006,3.134775706782058,0.0,325,24.11865441535172,36.336226809665135,0.0,Safe R,"<p style=""color:blue;"">Beth Farnham (D)</p> vs <p style=""color:John Joyce"">John Joyce (R)</p>",(R),PA-13,(R),True,False,,R+39.6,100.0,0.0,100.0,<1%,>99%
325,325,PA-14,Alan Bradstock,Guy Reschenthaler,False,True,PA,14,"BRADSTOCK, DAVID ALAN","RESCHENTHALER, GUY MR.",181512.12,2464837.61,2646349.73,6.858961910525712,93.14103808947428,Pennsylvania,PA-14,93.8760489459134,1.2502488747596932,0.5734727249583033,0.0194203910842453,2.9757261431103306,26.13,-18.193183804322864,-16.048004908807876,-16.584299632686623,55.409836494235584,0.9874012141285956,-6.281226093748889,0,1,0.0,0.0,0.0,0.0,Mid-Atlantic,2026,0.0,0.0,0.0,42,4214,2,47.04535849004252,0.0,0.0,0.0,-26.88737317162436,-43.141038089474286,-1,-86.28207617894856,36.606534415688586,3.552750934562041,0.03,326,29.726334730290837,43.58152974861475,0.0,Safe R,"<p style=""color:blue;"">Alan Bradstock (D)</p> vs <p style=""color:Guy Reschenthaler"">Guy Reschenthaler (R)</p>",(R),PA-14,(R),True,False,,R+26.8,99.97,0.0,100.0,<1%,>99%
326,326,PA-15,Ray Bilger,Glenn Thompson,False,True,PA,15,"BILGER, RAYMOND ALLEN","THOMPSON, GLENN MR.",136168.45,737504.09,873672.54,15.585753673796363,84.41424632620364,Pennsylvania,PA-15,93.82855372996876,1.877628754392584,0.9464751420536452,0.0879752351360568,1.9275472866888856,24.45,-21.03545747296974,-18.393471223863564,-19.053967786140102,38.35779955652247,0.9874012141285956,-6.281226093748889,0,1,0.0,0.0,0.0,0.0,Mid-Atlantic,2026,0.0,0.0,0.0,42,4215,2,242.9157175802568,0.0,0.0,0.0,-31.82670947853132,-34.41424632620364,-1,-68.82849265240726,33.568372269479866,3.4707116833029854,0.01,327,26.804830423734863,40.394890585249335,0.0,Safe R,"<p style=""color:blue;"">Ray Bilger (D)</p> vs <p style=""color:Glenn Thompson"">Glenn Thompson (R)</p>",(R),PA-15,(R),True,False,,R+32.9,99.99,0.0,100.0,<1%,>99%
327,327,PA-16,Justin Wagner,Mike Kelly,False,True,PA,16,"WAGNER, JUSTIN",no_match,65921.3,0.0,65921.3,100.0,0.0,Pennsylvania,PA-16,91.85297580551548,2.132066398023316,0.7009601512362569,0.0563819378803707,3.698820954181384,28.95,-12.725148157588135,-10.729844719036038,-11.228670578674064,60.13937100011113,0.9874012141285956,-6.281226093748889,0,1,0.0,0.0,0.0,0.0,Mid-Atlantic,2026,0.0,0.4723665527410147,-0.4723665527410147,42,4216,2,10000.0,0.0,0.0,0.0,-16.17611506359924,50.0,-1,100.0,45.539353629859896,3.5265233350888447,10.235,328,38.68167083560779,52.39298996266188,0.125,Likely R,"<p style=""color:blue;"">Justin Wagner (D)</p> vs <p style=""color:Mike Kelly"">Mike Kelly (R)</p>",(R),PA-16,(R),True,False,,R+8.9,89.765,10.2,89.8,10.2%,89.8%
328,328,PA-17,Chris Deluzio,Tony Guy,True,False,PA,17,"DELUZIO, CHRISTOPHER","GUY, TONY",2219098.08,112264.24,2331362.3200000003,95.18460777044729,4.815392229552719,Pennsylvania,PA-17,87.73631169642145,1.9181527089834505,1.6972189840103034,0.0290166412983165,6.8582783120120405,43.34,0.6819685472979629,3.528291796123206,2.816710983916895,90.6340212116141,0.9874012141285956,-6.281226093748889,1,0,0.0,0.0,0.0,0.0,Mid-Atlantic,2026,0.0,0.0,0.0,42,4217,0,9060.109556413894,0.0,0.0,0.0,11.914648061582678,45.184607770447286,1,90.36921554089454,58.703768948799336,3.4182264528826733,99.47,329,51.943866499131126,65.42341535741816,0.0,Safe D,"<p style=""color:blue;"">Chris Deluzio (D)</p> vs <p style=""color:Tony Guy"">Tony Guy (R)</p>",(D),PA-17,(D),True,False,,D+17.4,0.5300000000000011,99.5,0.5,>99%,<1%
329,329,RI-01,Gabe Amo,Kellie Keenan,True,False,RI,1,"AMO, GABRIEL F","KEENAN, KELLIE ELEANOR",910235.06,2235.25,912470.31,99.75503312540656,0.2449668745934319,Rhode Island,RI-01,73.82881093867478,13.250703775031786,2.759647400590996,0.2310530272942316,7.244324213607898,36.5,12.492360171927425,12.0799089762413,12.183021775162832,97.44762606782248,0.9874012141285956,-6.281226093748889,1,0,0.0,0.0,0.0,0.0,New England,2026,0.0,0.0,0.0,44,4401,0,9951.06663385096,0.0,0.0,0.0,30.64726964407455,49.75503312540656,1,99.51006625081314,67.26249685908073,3.5477865168921587,100.0,330,60.280306428013965,74.12174546927127,0.0,Safe D,"<p style=""color:blue;"">Gabe Amo (D)</p> vs <p style=""color:Kellie Keenan"">Kellie Keenan (R)</p>",(D),RI-01,(D),True,False,,D+34.5,0.0,100.0,0.0,>99%,<1%
330,330,RI-02,Seth Magaziner,TBD,True,False,RI,2,"MAGAZINER, SETH",no_match,696730.16,0.0,696730.16,100.0,0.0,Rhode Island,RI-02,81.30964333636732,10.28047029679744,2.3925364311116533,0.1257377710634225,3.894117536665697,36.06,4.704581339661061,4.217267317197376,4.339095822813297,84.6716099187877,0.9874012141285956,-6.281226093748889,1,0,0.0,0.0,0.0,0.0,New England,2026,0.0,0.0,0.0,44,4402,0,10000.0,0.0,0.0,0.0,14.959417739375482,50.0,1,100.0,59.43683109729072,3.4669939093334654,99.665,331,52.63840810643607,66.23916521916226,0.0,Safe D,"<p style=""color:blue;"">Seth Magaziner (D)</p> vs <p style=""color:TBD"">TBD (R)</p>",(D),RI-02,(D),True,False,,D+18.9,0.33499999999999375,99.7,0.3,>99%,<1%
331,331,SC-01,Nancy Lacore,Jenny Costa Honeycutt,False,False,SC,1,"LACORE, NANCY","HONEYCUTT, JENNY COSTA",2199086.81,450952.35,2650039.16,82.98318165230434,17.01681834769566,South Carolina,SC-01,73.72547866951142,5.134394008029407,1.616773921372676,0.1277719952833287,17.173144020996794,41.03,-6.659698689344047,-5.854662409269146,-6.055921479287871,83.93250574737795,0.9874012141285956,-6.281226093748889,0,0,48.0,0.2575156088200096,50.0,0.2575156088200096,South Atlantic,2026,0.0,0.0,0.0,45,4501,0,6886.208437139339,0.2575156088200096,0.5074599578489022,2.0,-5.830616864826854,32.98318165230434,0,65.96636330460866,49.18624944626577,3.704440898607225,41.485,332,41.90454948691384,56.572678485448215,2.58,Tossup,"<p style=""color:blue;"">Nancy Lacore (D)</p> vs <p style=""color:Jenny Costa Honeycutt"">Jenny Costa Honeycutt (R)</p>",(R),SC-01,(R),True,False,,R+1.6,58.515,41.5,58.5,41.5%,58.5%
332,332,SC-02,Zyon Khalifa,Joe Wilson,False,True,SC,2,"KHALIFA, ZYON DESHON","WILSON, JOE THE HON.",12410.29,374200.55,386610.84,3.210021219270521,96.78997878072948,South Carolina,SC-02,65.25302023625356,4.289227302399199,1.6498403812964435,0.1089162918384318,26.328412129233023,34.94,-7.643994388924781,-6.311680828275996,-6.6447592184381925,73.23698070166562,0.9874012141285956,-6.281226093748889,0,1,0.0,0.0,0.0,0.0,South Atlantic,2026,0.0,0.0,0.0,45,4502,1,10.304236228167005,0.0,0.0,0.0,-7.008292343127496,-46.78997878072948,-1,-93.57995756145895,45.43340708851815,3.492187347873553,9.53,333,38.60496593581992,52.30848470441594,0.11499999999999999,Very Likely R,"<p style=""color:blue;"">Zyon Khalifa (D)</p> vs <p style=""color:Joe Wilson"">Joe Wilson (R)</p>",(R),SC-02,(R),True,False,,R+9.1,90.47,9.5,90.5,9.5%,90.5%
333,333,SC-03,Eunice Lehmacher,Sheri Biggs,False,True,SC,3,"LEHMACHER, EUNICE","BIGGS, SHERI",39975.04,89551.38,129526.42,30.86246033820745,69.13753966179254,South Carolina,SC-03,76.63358635489224,3.252935906606571,0.77225976262735,0.2498385338176161,16.554971422221914,25.24,-21.27158776748132,-21.05957550855728,-21.11257857328829,48.85818458323532,0.9874012141285956,-6.281226093748889,0,1,0.0,0.0,0.0,0.0,South Atlantic,2026,0.0,0.0,0.0,45,4503,1,952.4914581274278,0.0,0.0,0.0,-35.943931052827686,-19.13753966179255,-1,-38.2750793235851,31.693853017438222,3.598682651098205,0.005,334,24.63367196985737,38.764128372559775,0.0,Safe R,"<p style=""color:blue;"">Eunice Lehmacher (D)</p> vs <p style=""color:Sheri Biggs"">Sheri Biggs (R)</p>",(R),SC-03,(R),True,False,,R+36.6,99.995,0.0,100.0,<1%,>99%
334,334,SC-04,Courtney McClain,William Timmons,False,True,SC,4,"MCCLAIN, COURTNEY","TIMMONS, WILLIAM R IV",32993.15,292757.85,325751.0,10.12833421846748,89.87166578153251,South Carolina,SC-04,70.78460236065503,6.193708874114575,2.1611478671605817,0.1542136452115584,18.128550912969946,34.95,-11.716705631775234,-11.231146130420342,-11.352536005759063,86.09854431868534,0.9874012141285956,-6.281226093748889,0,1,0.0,0.0,0.0,0.0,South Atlantic,2026,0.0,0.6065306597126334,-0.6065306597126334,45,4504,0,102.58315404097924,0.0,0.0,0.0,-16.42384591776924,-39.87166578153252,-1,-79.74333156306503,41.195958965575386,3.535901472696545,0.63,335,34.28577768928486,48.16134037918578,0.0,Safe R,"<p style=""color:blue;"">Courtney McClain (D)</p> vs <p style=""color:William Timmons"">William Timmons (R)</p>",(R),SC-04,(R),True,False,,R+17.6,99.37,0.6,99.4,<1%,>99%
335,335,SC-05,Mallory Dittmer,Wes Climer,False,False,SC,5,"DITTMER, MALLORY","CLIMER, WES",136238.83,642654.05,778892.88,17.491343610690084,82.50865638930992,South Carolina,SC-05,68.43170713611939,3.786040070234197,1.42994421539429,0.2289323907536751,23.76251090785118,27.69,-11.479335779827082,-10.79436530310555,-10.965607922285932,57.88562425807299,0.9874012141285956,-6.281226093748889,0,0,0.0,0.0,0.0,0.0,South Atlantic,2026,0.0,0.0,0.0,45,4505,1,305.9471013072288,0.0,0.0,0.0,-15.649989750822977,-32.50865638930992,0,-65.01731277861984,41.67674491509251,3.700246776039694,1.24,336,34.4832130546946,48.903699945896015,0.0,Safe R,"<p style=""color:blue;"">Mallory Dittmer (D)</p> vs <p style=""color:Wes Climer"">Wes Climer (R)</p>",(R),SC-05,(R),True,False,,R+16.6,98.76,1.2,98.8,1.2%,98.8%
336,336,SC-06,Jim Clyburn,John Peterson,True,False,SC,6,"CLYBURN, JAMES E",no_match,457422.16,0.0,457422.16,100.0,0.0,South Carolina,SC-06,45.84961344864985,3.3279220779220777,1.1855516004338271,0.164249562001168,47.207931255040464,27.860000000000003,14.0177890815606,12.272345188393729,12.708706161685448,65.13449051153987,0.9874012141285956,-6.281226093748889,1,0,0.0,0.0,0.0,0.0,South Atlantic,2026,0.0,0.0,0.0,45,4506,3,10000.0,0.0,0.0,0.0,31.698638417119785,50.0,1,100.0,65.89820195325191,3.3467641607349097,100.0,337,59.35072777542649,72.51527045422849,0.0,Safe D,"<p style=""color:blue;"">Jim Clyburn (D)</p> vs <p style=""color:John Peterson"">John Peterson (R)</p>",(D),SC-06,(D),True,False,,D+31.8,0.0,100.0,0.0,>99%,<1%
337,337,SC-07,John Vincent,Russell Fry,False,True,SC,7,"VINCENT, JOHN GREGORY","FRY, RUSSELL",282341.67,774347.82,1056689.49,26.7194547378341,73.2805452621659,South Carolina,SC-07,69.29373261660248,2.994624518613607,0.8862189773213522,0.3339618100128369,24.503068838254173,22.9,-11.69333091986465,-12.561978112488449,-12.3448163143325,60.48990499218412,0.9874012141285956,-6.281226093748889,0,1,36.7,0.4389727964076426,41.1,0.4389727964076426,South Atlantic,2026,0.0,0.0,0.0,45,4507,1,713.929261487165,0.4389727964076426,0.662550221800312,4.399999999999999,-18.40840653491611,-23.2805452621659,-1,-46.5610905243318,40.77491403496475,3.558450393556061,0.485,338,33.78474346530172,47.75015087677224,0.0,Safe R,"<p style=""color:blue;"">John Vincent (D)</p> vs <p style=""color:Russell Fry"">Russell Fry (R)</p>",(R),SC-07,(R),True,False,,R+18.5,99.515,0.5,99.5,<1%,>99%
338,338,SD-AL,Nikki Gronli,Marty Jackley,False,False,SD,0,"GRONLI, NICOLE","JACKLEY, MARTY",245960.13,1246028.6,1491988.73,16.485387929170216,83.5146120708298,South Dakota,SD-00,85.99282096612356,2.6997527354388646,0.9317215347125996,6.152199101724879,1.4941886855559272,30.37,-15.70461478588797,-14.195045668494268,-14.572437947842694,57.21956495505077,0.9874012141285956,-6.281226093748889,0,0,0.0,0.0,0.0,0.0,West North Central,2026,0.0,0.0,0.0,46,4600,2,271.768015175231,0.0,0.0,0.0,-22.8636498019365,-33.514612070829784,0,-67.02922414165957,38.45608798012279,3.695144606881535,0.1149999999999999,339,31.23369440688049,45.70164591937407,0.0,Safe R,"<p style=""color:blue;"">Nikki Gronli (D)</p> vs <p style=""color:Marty Jackley"">Marty Jackley (R)</p>",(R),SD-AL,(R),True,False,,R+23.1,99.885,0.1,99.9,<1%,>99%
339,339,TN-01,Kristi Burke,Diana Harshbarger,False,True,TN,1,"BURKE, KRISTI","HARSHBARGER, DIANA",101615.11,477165.96,578781.0700000001,17.556743865171676,82.44325613482832,Tennessee,TN-01,92.77061186765836,2.549950289719003,0.6149104808147604,0.0909592375695822,2.1441321528700974,16.185900975998315,-29.85156332374805,-28.470115115258167,-28.81547716738064,54.95845005215719,0.9874012141285956,-6.281226093748889,0,1,0.0,0.0,0.0,0.0,East South Central,2026,0.0,0.0,0.0,47,4701,2,308.2392551472433,0.0,0.0,0.0,-51.34972824101239,-32.443256134828324,-1,-64.88651226965663,24.90298117236603,3.5409931695911223,0.0,340,18.058974588139545,31.830707969048905,0.0,Safe R,"<p style=""color:blue;"">Kristi Burke (D)</p> vs <p style=""color:Diana Harshbarger"">Diana Harshbarger (R)</p>",(R),TN-01,(R),True,False,,R+50.2,100.0,0.0,100.0,<1%,>99%
340,340,TN-02,Michaela Barnett,Tim Burchett,False,True,TN,2,"BARNETT, MICHAELA","BURCHETT, TIM",385550.31,2249399.13,2634949.44,14.632171082569236,85.36782891743077,Tennessee,TN-02,88.24379833398352,2.878976130920964,1.2759024255914817,0.0665488675218578,5.374066922590226,22.605535256161083,-17.161473310599888,-16.41449658480508,-16.60124076625378,74.92482461246746,0.9874012141285956,-6.281226093748889,0,1,0.0,0.0,0.0,0.0,East South Central,2026,0.0,0.0,0.0,47,4702,2,214.10043058957535,0.0,0.0,0.0,-26.921255438758678,-35.367828917430764,-1,-70.73565783486153,35.60499915142988,3.5348593083459288,0.02,341,28.660142622477174,42.59009346103363,0.0,Safe R,"<p style=""color:blue;"">Michaela Barnett (D)</p> vs <p style=""color:Tim Burchett"">Tim Burchett (R)</p>",(R),TN-02,(R),True,False,,R+28.8,99.98,0.0,100.0,<1%,>99%
341,341,TN-03,Anna Golladay,Chuck Fleischmann,False,True,TN,3,"GOLLADAY, ANNA","FLEISCHMANN, CHARLES J",52695.74,1482029.79,1534725.53,3.433561178851309,96.5664388211487,Tennessee,TN-03,83.68816846854446,3.207325927359269,1.1474463612653334,0.0793851619209224,9.587577545245408,19.55651598333528,-18.418255117747336,-17.35317553799865,-17.61944543293582,66.58930992315115,0.9874012141285956,-6.281226093748889,0,1,0.0,0.0,0.0,0.0,East South Central,2026,0.0,0.0,0.0,47,4703,2,11.78934236891479,0.0,0.0,0.0,-28.95766477212275,-46.56643882114869,-1,-93.1328776422974,35.21018610053855,3.520727935374204,0.025,342,28.32114573444873,42.0762938045112,0.0,Safe R,"<p style=""color:blue;"">Anna Golladay (D)</p> vs <p style=""color:Chuck Fleischmann"">Chuck Fleischmann (R)</p>",(R),TN-03,(R),True,False,,R+29.6,99.975,0.0,100.0,<1%,>99%
342,342,TN-04,Victoria Broderick,Scott DesJarlais,False,True,TN,4,"BRODERICK, VICTORIA","DESJARLAIS, SCOTT HON.",51210.22,228786.8,279997.02,18.28955893887728,81.71044106112271,Tennessee,TN-04,73.82549485237688,5.485730006805578,2.402586119517528,0.1114956342943195,15.48196521915408,19.253452225173625,-10.134154357461462,-11.388701411170146,-11.075064647742977,70.5936283568464,0.9874012141285956,-6.281226093748889,0,1,0.0,0.0,0.0,0.0,East South Central,2026,0.0,0.1737739434504451,-0.1737739434504451,47,4704,1,334.50796617866587,0.0,0.0,0.0,-15.868903201737066,-31.71044106112272,-1,-63.42088212224544,40.77747910210764,3.149354280208193,0.1949999999999999,343,34.63630276116251,46.97276470064177,0.0,Safe R,"<p style=""color:blue;"">Victoria Broderick (D)</p> vs <p style=""color:Scott DesJarlais"">Scott DesJarlais (R)</p>",(R),TN-04,(R),True,False,,R+18.4,99.805,0.2,99.8,<1%,>99%
343,343,TN-05,Chaz Molder,Charlie Hatcher,False,False,TN,5,"MOLDER, CHAZ","HATCHER, CHARLIE",2361617.36,582289.48,2943906.84,80.22051947812317,19.77948052187684,Tennessee,TN-05,66.64518554320391,3.3023762626656343,1.039928904410733,0.149501689906124,26.61632461442249,18.17282557690633,-8.688024024496293,-10.945714778890457,-10.381292090291916,62.90718102389594,0.9874012141285956,-6.281226093748889,0,0,0.0,0.0,0.0,0.0,East South Central,2026,0.0,0.0,0.0,47,4705,1,6435.331745339939,0.0,0.0,0.0,-14.481358086834945,30.220519478123165,0,60.44103895624632,44.94157194278309,3.689859574065105,8.39,344,37.741731514137065,52.100042221982,0.034999999999999996,Very Likely R,"<p style=""color:blue;"">Chaz Molder (D)</p> vs <p style=""color:Charlie Hatcher"">Charlie Hatcher (R)</p>",(R),TN-05,(R),True,False,,R+10.1,91.61,8.4,91.6,8.4%,91.6%
344,344,TN-06,Mike Croley,Johnny Garrett,False,False,TN,6,"CROLEY, MIKE","GARRETT, JOHNNY",35340.0,1074835.41,1110175.41,3.183280739392345,96.81671926060766,Tennessee,TN-06,82.70349459973436,3.486195292853588,1.259018295315595,0.0698722195306037,10.28917870479317,22.788906629804824,-12.549167931207172,-12.686541723795637,-12.65219827564852,62.53029480212171,0.9874012141285956,-6.281226093748889,0,0,0.0,0.0,0.0,0.0,East South Central,2026,0.0,0.0,0.0,47,4706,2,10.133276265786275,0.0,0.0,0.0,-19.02317045754815,-46.816719260607655,0,-93.63343852121533,39.53933622976293,3.6992638951336314,0.265,345,32.236246876439886,46.752151081203415,0.0,Safe R,"<p style=""color:blue;"">Mike Croley (D)</p> vs <p style=""color:Johnny Garrett"">Johnny Garrett (R)</p>",(R),TN-06,(R),True,False,,R+20.9,99.735,0.3,99.7,<1%,>99%
345,345,TN-07,Darden Copeland,Matt Van Epps,False,True,TN,7,"COPELAND, DARDEN HUNTER","VAN EPPS, MATTHEW ROBERT",636478.81,1665149.83,2301628.64,27.653410239107902,72.3465897608921,Tennessee,TN-07,77.80546769512779,4.552685479621934,1.46391378816705,0.1131691251586146,13.550816833737953,23.841730523214498,-11.537122896393797,-10.614143662431928,-10.844888470922395,66.78908306212892,0.9874012141285956,-6.281226093748889,0,1,0.0,0.0,0.0,0.0,East South Central,2026,0.0,0.0,0.0,47,4707,1,764.7110978523978,0.0,0.0,0.0,-15.408550848095905,-22.346589760892098,-1,-44.69317952178419,41.25843771703555,3.6889644750294535,0.89,346,33.95961102435739,48.53106810808944,0.0,Safe R,"<p style=""color:blue;"">Darden Copeland (D)</p> vs <p style=""color:Matt Van Epps"">Matt Van Epps (R)</p>",(R),TN-07,(R),True,False,,R+17.5,99.11,0.9,99.1,<1%,>99%
346,346,TN-08,Heidi Kuhn,David Kustoff,False,True,TN,8,"KUHN, HEIDI","KUSTOFF, DAVID",38305.0,1051629.39,1089934.39,3.514431726482179,96.4855682735178,Tennessee,TN-08,64.43325561872987,3.2381284501958443,1.994574957442716,0.1283459372399152,27.99577213383209,22.70993866960214,-10.195541409641107,-9.465838185540749,-9.648263991565836,72.30003477146552,0.9874012141285956,-6.281226093748889,0,1,0.0,0.0,0.0,0.0,East South Central,2026,0.0,0.0,0.0,47,4708,1,12.351230360104507,0.0,0.0,0.0,-13.015301889382783,-46.48556827351782,-1,-92.97113654703564,40.04115443062917,3.5205332722761087,0.2249999999999999,347,33.125274469978464,46.947354449741646,0.0,Safe R,"<p style=""color:blue;"">Heidi Kuhn (D)</p> vs <p style=""color:David Kustoff"">David Kustoff (R)</p>",(R),TN-08,(R),True,False,,R+19.9,99.775,0.2,99.8,<1%,>99%
347,347,TN-09,Justin Pearson,Brent Taylor,False,False,TN,9,"PEARSON, JUSTIN J.","TAYLOR, BRENT",2308939.64,465995.12,2774934.76,83.20698826086996,16.793011739130037,Tennessee,TN-09,62.01865195913048,3.1365975445612064,1.487681964919259,0.1120467080286527,30.96821851061336,18.6332694107917,-7.600562199743003,-9.962275588663644,-9.371847241433484,64.50749604100685,0.9874012141285956,-6.281226093748889,0,0,0.0,0.0,0.0,0.0,East South Central,2026,0.0,0.0,0.0,47,4709,1,6923.402895444552,0.0,0.0,0.0,-12.46246838911808,33.20698826086996,0,66.41397652173991,45.97933231189911,3.68715529754862,13.71,348,38.85374152859494,53.25600202239852,0.12,Likely R,"<p style=""color:blue;"">Justin Pearson (D)</p> vs <p style=""color:Brent Taylor"">Brent Taylor (R)</p>",(R),TN-09,(D),False,True,Flip,R+8.0,86.28999999999999,13.7,86.3,13.7%,86.3%
348,348,TX-01,Yolanda Prince,Nathaniel Moran,False,True,TX,1,"PRINCE, YOLANDA RENA","MORAN, NATHANIEL QUENTIN",2206.35,747700.31,749906.66,0.2942166162386129,99.7057833837614,Texas,TX-01,67.2090273585546,10.766425313182044,0.8608710872337462,0.1850337025672533,18.365666603559937,14.741916803647989,-24.42926476452053,-24.20285698437697,-24.25945892941285,55.67147813457073,0.9874012141285956,-6.281226093748889,0,1,0.0,0.0,0.0,0.0,West South Central,2026,0.0,0.0,0.0,48,4801,1,0.0865634172708992,0.0,0.0,0.0,-42.23769176507682,-49.705783383761386,-1,-99.4115667675228,27.279724354642497,3.599715047296878,0.0,349,20.202402910825747,34.39158102014389,0.0,Safe R,"<p style=""color:blue;"">Yolanda Prince (D)</p> vs <p style=""color:Nathaniel Moran"">Nathaniel Moran (R)</p>",(R),TX-01,(R),True,False,,R+45.4,100.0,0.0,100.0,<1%,>99%
349,349,TX-02,Shaun Finnie,Steve Toth,False,False,TX,2,"FINNIE, SHAUN","TOTH, STEVE",764947.65,713027.92,1477975.57,51.75644750339141,48.24355249660859,Texas,TX-02,55.82809773290697,22.67207715876532,5.497523801514199,0.1204172169860908,13.658752898136592,26.4932083957633,-13.167852685847215,-10.816687447906991,-11.404478757392049,93.38724124398458,0.9874012141285956,-6.281226093748889,0,0,0.0,0.0,0.0,0.0,West South Central,2026,0.0,0.0,0.0,48,4802,6,2678.729858171311,0.0,0.0,0.0,-16.52773142103521,1.7564475033914135,0,3.5128950067828235,42.79537320484717,3.677603870165876,2.395,350,35.590002570719555,49.94691236807774,0.0,Safe R,"<p style=""color:blue;"">Shaun Finnie (D)</p> vs <p style=""color:Steve Toth"">Steve Toth (R)</p>",(R),TX-02,(R),True,False,,R+14.4,97.605,2.4,97.6,2.4%,97.6%
350,350,TX-03,Evan Hunt,Keith Self,False,True,TX,3,"HUNT, EVAN","SELF, KEITH ALAN",366005.53,460593.15,826598.68,44.27850404987339,55.72149595012661,Texas,TX-03,62.74350898408946,14.469663468914415,8.486647955454078,0.2113584881821545,11.96079670056946,26.901048698525983,-11.155029373327416,-11.240851161546727,-11.2193957144919,79.90591757096274,0.9874012141285956,-6.281226093748889,0,1,0.0,0.0,0.0,0.0,West South Central,2026,0.0,0.0,0.0,48,4803,1,1960.5859208946545,0.0,0.0,0.0,-16.157565335234914,-5.721495950126609,-1,-11.442991900253215,40.03658406448234,3.611725509649912,0.31,351,33.03006774111837,47.17332521835669,0.0,Safe R,"<p style=""color:blue;"">Evan Hunt (D)</p> vs <p style=""color:Keith Self"">Keith Self (R)</p>",(R),TX-03,(R),True,False,,R+19.9,99.69,0.3,99.7,<1%,>99%
351,351,TX-04,Jason Pearce,Pat Fallon,False,True,TX,4,"PEARCE, JASON","FALLON, PATRICK",7474.27,258495.24,265969.51,2.810198056160648,97.18980194383934,Texas,TX-04,67.33529385945661,9.713931440108851,10.37268284832258,0.2975537315834906,9.566526211063806,33.303088803088805,-11.315290634137044,-11.829652008200398,-11.70106166468456,79.81347793378507,0.9874012141285956,-6.281226093748889,0,1,0.0,0.0,0.0,0.0,West South Central,2026,0.0,0.6065306597126334,-0.6065306597126334,48,4804,0,7.897213114849084,0.0,0.0,0.0,-17.120897235620234,-47.18980194383935,-1,-94.3796038876787,39.57550506943205,3.53095627297809,0.165,352,32.68820890232983,46.51459419947563,0.0,Safe R,"<p style=""color:blue;"">Jason Pearce (D)</p> vs <p style=""color:Pat Fallon"">Pat Fallon (R)</p>",(R),TX-04,(R),True,False,,R+20.8,99.835,0.2,99.8,<1%,>99%
352,352,TX-05,Chelsey Hockett,Lance Gooden,False,True,TX,5,"HOCKETT, CHELSEY ALEXANDRA","GOODEN, LANCE",12665.95,396592.89,409258.84,3.0948506817836847,96.90514931821632,Texas,TX-05,56.40826681729055,20.34335400608201,2.7914867072514373,0.3242597653538425,17.48169025870414,16.25169889850132,-10.484177737700158,-10.171058762666682,-10.249338506425053,71.48569662849566,0.9874012141285956,-6.281226093748889,0,1,0.0,0.0,0.0,0.0,West South Central,2026,0.0,0.0,0.0,48,4805,1,9.578100742536938,0.0,0.0,0.0,-14.217450919101218,-46.90514931821632,-1,-93.81029863643262,41.5379776544883,3.511535929257464,0.8250000000000001,353,34.73509020796481,48.45366198513903,0.0,Safe R,"<p style=""color:blue;"">Chelsey Hockett (D)</p> vs <p style=""color:Lance Gooden"">Lance Gooden (R)</p>",(R),TX-05,(R),True,False,,R+16.9,99.175,0.8,99.2,<1%,>99%
353,353,TX-06,Danny Minton,Jake Ellzey,False,True,TX,6,"MINTON, DANNY","ELLZEY, JOHN KEVIN SR.",36158.0,1636528.75,1672686.75,2.1616719328947878,97.83832806710522,Texas,TX-06,56.9987490559373,22.76230306412991,3.737219781699528,0.1645157324267729,14.282619683731676,19.11930861513698,-12.132732168264951,-10.88807677869437,-11.199240626087017,81.1906851093956,0.9874012141285956,-6.281226093748889,0,1,0.0,0.0,0.0,0.0,West South Central,2026,0.0,0.0,0.0,48,4806,6,4.672825545465086,0.0,0.0,0.0,-16.117255158425145,-47.83832806710521,-1,-95.67665613421042,40.16912099199611,3.617583528626831,0.315,354,33.07463313740969,47.25888511618846,0.0,Safe R,"<p style=""color:blue;"">Danny Minton (D)</p> vs <p style=""color:Jake Ellzey"">Jake Ellzey (R)</p>",(R),TX-06,(R),True,False,,R+19.7,99.685,0.3,99.7,<1%,>99%
354,354,TX-07,Lizzie Fletcher,Alexander Hale,True,False,TX,7,"FLETCHER, ELIZABETH","HALE, ALEXANDER",268848.47,70457.15,339305.62,79.2349003827287,20.765099617271296,Texas,TX-07,38.87819841519182,23.099495584179845,17.22453485530771,0.1023231053862533,18.41575906726708,31.9741172101468,13.715690519749463,12.808608009127552,13.035378636783031,99.99713163326106,0.9874012141285956,-6.281226093748889,1,0,0.0,0.0,0.0,0.0,West South Central,2026,0.0,0.0,0.0,48,4807,6,6278.16943866094,0.0,0.0,0.0,32.35198336731495,29.234900382728696,1,58.4698007654574,66.84590718614893,3.339957405883572,100.0,355,60.4210867729808,73.394518146864,0.0,Safe D,"<p style=""color:blue;"">Lizzie Fletcher (D)</p> vs <p style=""color:Alexander Hale"">Alexander Hale (R)</p>",(D),TX-07,(D),True,False,,D+33.7,0.0,100.0,0.0,>99%,<1%
355,355,TX-08,Laura Jones,Jessica Hart Steinmann,False,False,TX,8,"JONES, LAURA","STEINMANN, JESSICA HART",19355.0,795136.58,814491.58,2.376329046888367,97.62367095311164,Texas,TX-08,49.24487438914479,25.14772943462144,5.65340128406905,0.1527738543402187,17.636828683819616,20.071208659597872,-11.59216818335819,-13.245766018652104,-12.832366559828628,79.09469130506776,0.9874012141285956,-6.281226093748889,0,0,0.0,0.0,0.0,0.0,West South Central,2026,0.0,0.0,0.0,48,4808,6,5.646939739085375,0.0,0.0,0.0,-19.38350702590837,-47.62367095311164,0,-95.24734190622328,38.98423609240627,3.474512600772757,0.105,356,32.11929911707678,45.84758474658659,0.0,Safe R,"<p style=""color:blue;"">Laura Jones (D)</p> vs <p style=""color:Jessica Hart Steinmann"">Jessica Hart Steinmann (R)</p>",(R),TX-08,(R),True,False,,R+22.0,99.895,0.1,99.9,<1%,>99%
356,356,TX-09,Leticia Gutierrez,Alex Mealer,False,False,TX,9,"GUTIERREZ, LETICIA","MEALER, ALEXANDRA",54607.9,1703956.31,1758564.21,3.1052548260378847,96.89474517396212,Texas,TX-09,34.3592466690473,51.013314535614406,1.6289552889453645,0.1337946194621317,11.359789267677352,8.032497323152194,-6.633734500592929,-9.28521555643217,-8.62234529247236,88.77803665511932,0.9874012141285956,-6.281226093748889,0,0,0.0,0.0,0.0,0.0,West South Central,2026,0.0,0.0,0.0,48,4809,5,9.642607534631574,0.0,0.0,0.0,-10.963464491195833,-46.894745173962114,0,-93.78949034792424,43.10344281618312,3.6880547481692494,2.975,357,35.83432418664622,50.32707137446146,0.0,Safe R,"<p style=""color:blue;"">Leticia Gutierrez (D)</p> vs <p style=""color:Alex Mealer"">Alex Mealer (R)</p>",(R),TX-09,(D),False,True,Flip,R+13.8,97.025,3.0,97.0,3.0%,97.0%
357,357,TX-10,Caitlin Rourk,Chris Gober,False,False,TX,10,"ROURK, CAITLIN MCCLAY","GOBER, CHRIS",328047.88,701244.02,1029291.9,31.871219427647297,68.1287805723527,Texas,TX-10,67.8302145452053,16.301151552539583,3.866440468846391,0.203578038247995,9.259544862567688,27.838052636945207,-9.797934063734653,-10.715676683379272,-10.486241028468116,64.86120364491185,0.9874012141285956,-6.281226093748889,0,0,0.0,0.0,0.0,0.0,West South Central,2026,0.0,0.0,0.0,48,4810,1,1015.7746278052424,0.0,0.0,0.0,-14.691255963187343,-18.128780572352703,0,-36.257561144705406,42.7159324703209,3.701860990465781,2.52,358,35.43251567397901,50.00977399046516,0.0,Safe R,"<p style=""color:blue;"">Caitlin Rourk (D)</p> vs <p style=""color:Chris Gober"">Chris Gober (R)</p>",(R),TX-10,(R),True,False,,R+14.6,97.48,2.5,97.5,2.5%,97.5%
358,358,TX-11,Claire Reynolds,August Pfluger,False,True,TX,11,"REYNOLDS, CLAIRE ANNE","PFLUGER, AUGUST LEE II",84198.41,729051.78,813250.1900000001,10.353321897164266,89.64667810283574,Texas,TX-11,54.09093235908063,34.34089112270996,2.962951727851329,0.1384025314391777,6.597819306963543,19.93331845139022,-17.530782652321307,-16.640023976148555,-16.862713645191743,81.88717670573295,0.9874012141285956,-6.281226093748889,0,1,0.0,0.0,0.0,0.0,West South Central,2026,0.0,0.0,0.0,48,4811,6,107.19127430630108,0.0,0.0,0.0,-27.4442011966346,-39.646678102835736,-1,-79.29335620567146,35.19840628974798,3.692260005509351,0.025,359,27.944687481112595,42.47271049748055,0.0,Safe R,"<p style=""color:blue;"">Claire Reynolds (D)</p> vs <p style=""color:August Pfluger"">August Pfluger (R)</p>",(R),TX-11,(R),True,False,,R+29.6,99.975,0.0,100.0,<1%,>99%
359,359,TX-12,Angela Rodriguez,Craig Goldman,False,True,TX,12,no_match,"GOLDMAN, CRAIG",0.0,373103.62,373103.62,0.0,100.0,Texas,TX-12,61.030657676668135,23.76596309349487,3.171739780001151,0.1826209446179714,9.590940219479196,19.879555163708822,-11.25966206150904,-11.325853584129604,-11.309305703474465,88.45391121361901,0.9874012141285956,-6.281226093748889,0,1,0.0,0.0,0.0,0.0,West South Central,2026,0.0,0.0,0.0,48,4812,6,0.0,0.0,0.0,0.0,-16.33738531320004,-50.0,-1,-100.0,39.70753049044072,3.563527938229163,0.215,360,32.757190975850364,46.75328888093646,0.0,Safe R,"<p style=""color:blue;"">Angela Rodriguez (D)</p> vs <p style=""color:Craig Goldman"">Craig Goldman (R)</p>",(R),TX-12,(R),True,False,,R+20.6,99.785,0.2,99.8,<1%,>99%
360,360,TX-13,Mark Nair,Ronny Jackson,False,True,TX,13,"NAIR, MARK","JACKSON, RONNY LYNN",86521.64,2605375.31,2691896.95,3.2141512697950785,96.78584873020492,Texas,TX-13,66.54864251145767,21.998919717681403,1.7385680659152865,0.31776197297849,6.774887591024624,16.269022958541818,-24.675259960013605,-22.582880267288267,-23.105975190469604,74.2944795674503,0.9874012141285956,-6.281226093748889,0,1,0.0,0.0,0.0,0.0,West South Central,2026,0.0,1.1417920882316237,-1.1417920882316237,48,4813,1,10.330768385125316,0.0,0.0,0.0,-39.93072428719032,-46.78584873020492,-1,-93.57169746040984,30.933294101606496,3.567303026789417,0.005,361,23.994558319995463,37.976052835649774,0.0,Safe R,"<p style=""color:blue;"">Mark Nair (D)</p> vs <p style=""color:Ronny Jackson"">Ronny Jackson (R)</p>",(R),TX-13,(R),True,False,,R+38.1,99.995,0.0,100.0,<1%,>99%
361,361,TX-14,Thurman Bartie,Randy Weber,False,True,TX,14,"BARTIE, THURMAN BILL MR","WEBER, RANDY",25723.19,251409.26,277132.45,9.281911952209132,90.71808804779089,Texas,TX-14,56.18758031985552,19.209895946922657,5.30611214949902,0.2052943964903489,17.11026958632909,20.327968528325027,-13.169375923459256,-11.536086454907869,-11.944408822045714,89.33032763267174,0.9874012141285956,-6.281226093748889,0,1,0.0,0.0,0.0,0.0,West South Central,2026,0.0,0.0,0.0,48,4814,6,86.15388948856274,0.0,0.0,0.0,-17.60759155034254,-40.71808804779087,-1,-81.43617609558174,39.116854955247184,3.468900491176678,0.12,362,32.369941755298626,46.00213031421035,0.0,Safe R,"<p style=""color:blue;"">Thurman Bartie (D)</p> vs <p style=""color:Randy Weber"">Randy Weber (R)</p>",(R),TX-14,(R),True,False,,R+21.8,99.88,0.1,99.9,<1%,>99%
362,362,TX-15,Bobby Pulido,Monica De La Cruz,False,True,TX,15,"PULIDO, BOBBY","DE LA CRUZ, MONICA",2439537.38,3312300.74,5751838.12,42.4131786935617,57.586821306438296,Texas,TX-15,21.25640024299228,74.750499001996,1.046819404668923,0.1444936214527466,2.0244294020654343,11.123711983039486,-3.464266536444846,-8.261078637156118,-7.0618756119783,78.43001250347137,0.9874012141285956,-6.281226093748889,0,1,50.99067766156895,0.3812075523808525,45.00310744584316,0.3812075523808525,West South Central,2026,0.0,0.0,0.0,48,4815,5,1798.877726891996,0.3812075523808525,0.6174200777273545,-5.987570215725789,-7.842525130207711,-7.586821306438303,-1,-15.1736426128766,46.11355746840438,3.570528198622174,13.96,363,39.12053857752773,53.13250239093036,0.25,Likely R,"<p style=""color:blue;"">Bobby Pulido (D)</p> vs <p style=""color:Monica De La Cruz"">Monica De La Cruz (R)</p>",(R),TX-15,(R),True,False,,R+7.8,86.03999999999999,14.0,86.0,14.0%,86.0%
363,363,TX-16,Veronica Escobar,Adam Bauman,True,False,TX,16,"ESCOBAR, VERONICA","BARRAZA, MANUEL",492367.85,4000.0,496367.85,99.19414603504237,0.8058539649576418,Texas,TX-16,14.414817805834131,79.1175841507367,1.326302364956033,0.2618622604510027,3.6192962501724097,16.187638218786443,15.82367307919835,9.06714934701818,10.756280280063224,98.98042600461284,0.9874012141285956,-6.281226093748889,1,0,0.0,0.0,0.0,0.0,West South Central,2026,0.0,0.0,0.0,48,4816,5,9839.478607621311,0.0,0.0,0.0,27.793786653875337,49.194146035042365,1,98.38829207008472,63.919946196566784,3.397619345604028,99.995,364,57.229889587820125,70.54932976112234,0.0,Safe D,"<p style=""color:blue;"">Veronica Escobar (D)</p> vs <p style=""color:Adam Bauman"">Adam Bauman (R)</p>",(D),TX-16,(D),True,False,,D+27.8,0.0049999999999954525,100.0,0.0,>99%,<1%
364,364,TX-17,Casey Shepard,Pete Sessions,False,True,TX,17,"SHEPARD, CASEY","SESSIONS, PETE",3498.66,498752.72,502251.38,0.6965953981052277,99.30340460189475,Texas,TX-17,63.42486409772293,19.52648261555088,3.5916577815028083,0.1440935232133579,10.767551441930854,21.09208207501029,-10.02262024617405,-10.223801533020882,-10.173506211309174,72.0010899793608,0.9874012141285956,-6.281226093748889,0,1,0.0,0.0,0.0,0.0,West South Central,2026,0.0,0.0,0.0,48,4817,1,0.4852451486613807,0.0,0.0,0.0,-14.06578632886946,-49.30340460189477,-1,-98.60680920378957,41.071539122331295,3.47502014212638,0.495,365,34.27586857874823,47.87198743951375,0.0,Safe R,"<p style=""color:blue;"">Casey Shepard (D)</p> vs <p style=""color:Pete Sessions"">Pete Sessions (R)</p>",(R),TX-17,(R),True,False,,R+17.9,99.505,0.5,99.5,<1%,>99%
365,365,TX-18,Christian Menefee,Ronald Whitfield,True,False,TX,18,"MENEFEE, CHRISTIAN",no_match,3399374.79,0.0,3399374.79,100.0,0.0,Texas,TX-18,16.983846006008434,24.51563306055978,5.833442914799568,0.161843396283671,50.43363914991757,19.90619781554368,29.90413071818404,28.60865269543863,28.932522201124986,99.76218632128054,0.9874012141285956,-6.281226093748889,1,0,0.0,0.0,0.0,0.0,West South Central,2026,0.0,0.0,0.0,48,4818,3,10000.0,0.0,0.0,0.0,64.14627049599886,50.0,1,100.0,81.51557968592253,3.690342548213208,100.0,366,74.25168577720719,88.7038494828723,0.0,Safe D,"<p style=""color:blue;"">Christian Menefee (D)</p> vs <p style=""color:Ronald Whitfield"">Ronald Whitfield (R)</p>",(D),TX-18,(D),True,False,,D+63.0,0.0,100.0,0.0,>99%,<1%
366,366,TX-19,Kyle Rable,Tom Sell,False,False,TX,19,"RABLE, KYLE","SELL, TOM",30075.77,1616486.38,1646562.15,1.8265797012277976,98.1734202987722,Texas,TX-19,56.905733289016645,33.79397122580692,1.2069601551571112,0.2286448954844459,5.900754966452023,15.114924155928886,-25.721643989123816,-25.33393225311153,-25.430860187114607,70.15425294040186,0.9874012141285956,-6.281226093748889,0,0,0.0,0.0,0.0,0.0,West South Central,2026,0.0,0.0,0.0,48,4819,1,3.33639340493743,0.0,0.0,0.0,-44.58049428048032,-48.1734202987722,0,-96.3468405975444,28.22344200656537,3.6949204055343303,0.0,367,20.960597113827667,35.48988104329006,0.0,Safe R,"<p style=""color:blue;"">Kyle Rable (D)</p> vs <p style=""color:Tom Sell"">Tom Sell (R)</p>",(R),TX-19,(R),True,False,,R+43.6,100.0,0.0,100.0,<1%,>99%
367,367,TX-20,Joaquin Castro,Edgardo Rafael Baez,True,False,TX,20,"CASTRO, JOAQUIN","BAEZ, EDGARDO RAFAEL DR",373773.02,16050.9,389823.92,95.882525628494,4.117474371505986,Texas,TX-20,20.289896708975192,65.31811835278299,1.9045539601277108,0.2093400521339087,10.417971450843392,13.28909424815266,18.18093613154679,15.189365288616962,15.93725799934942,99.95645297769062,0.9874012141285956,-6.281226093748889,1,0,0.0,0.0,0.0,0.0,West South Central,2026,0.0,0.0,0.0,48,4820,5,9193.458720898809,0.0,0.0,0.0,38.15574209244773,45.882525628494,1,91.76505125698802,72.15735719558413,3.44742136304504,100.0,368,65.37573660093666,78.89118648153944,0.0,Safe D,"<p style=""color:blue;"">Joaquin Castro (D)</p> vs <p style=""color:Edgardo Rafael Baez"">Edgardo Rafael Baez (R)</p>",(D),TX-20,(D),True,False,,D+44.3,0.0,100.0,0.0,>99%,<1%
368,368,TX-21,Kristin Hook,Mark Teixeira,False,False,TX,21,"HOOK, KRISTIN A DR.","TEIXEIRA, MARK CHARLES",236895.06,1005360.65,1242255.71,19.06975014025091,80.9302498597491,Texas,TX-21,60.40888128800217,31.17687183621249,2.047670179538311,0.1223902322803421,3.858392869381881,28.649020521485024,-10.770062302623252,-10.296476221384069,-10.414872741693864,71.44267112741154,0.9874012141285956,-6.281226093748889,0,0,0.0,0.0,0.0,0.0,West South Central,2026,0.0,0.0,0.0,48,4821,1,363.6553704115996,0.0,0.0,0.0,-14.54851938963884,-30.93024985974909,0,-61.86049971949817,42.61150467476638,3.4602414596465483,1.71,369,35.88022134191904,49.41023023545405,0.025,Safe R,"<p style=""color:blue;"">Kristin Hook (D)</p> vs <p style=""color:Mark Teixeira"">Mark Teixeira (R)</p>",(R),TX-21,(R),True,False,,R+14.8,98.29,1.7,98.3,1.7%,98.3%
369,369,TX-22,Marquette Greene-Scott,Trever Nehls,False,False,TX,22,"GREENE-SCOTT, MARQUETTE","NEHLS, TREVER",47126.63,119141.87,166268.5,28.343691077985305,71.65630892201469,Texas,TX-22,48.100373700041686,25.44020518917747,12.0481342104722,0.1415162238910044,12.05131224984624,28.384898181004445,-11.025495204275096,-10.579736445350465,-10.69117613508162,86.65283766217681,0.9874012141285956,-6.281226093748889,0,0,0.0,0.0,0.0,0.0,West South Central,2026,0.0,0.0,0.0,48,4822,6,803.3648239242638,0.0,0.0,0.0,-15.10112617641435,-21.65630892201469,0,-43.31261784402938,42.69184321772063,3.4650645945825658,1.6650000000000005,370,35.91488863593679,49.46602405379961,0.04,Safe R,"<p style=""color:blue;"">Marquette Greene-Scott (D)</p> vs <p style=""color:Trever Nehls"">Trever Nehls (R)</p>",(R),TX-22,(R),True,False,,R+14.6,98.335,1.7,98.3,1.7%,98.3%
370,370,TX-23,Katy Padilla Stout,Brandon Herrera,False,False,TX,23,"STOUT, KATY PADILLA","HERRERA, BRANDON",440407.26,85420.97,525828.23,83.75496690240462,16.24503309759539,Texas,TX-23,35.575244370838966,54.94876551518309,2.4855503732617046,0.1855092140144311,4.630902987068974,21.183059934895,-5.906137692777996,-6.734951367834434,-6.527747949070324,77.62843438024373,0.9874012141285956,-6.281226093748889,0,0,40.0,0.0043853896160111,42.0,0.0043853896160111,West South Central,2026,0.0,0.0,0.0,48,4823,5,7014.8944808228935,0.0043853896160111,0.0662222743192281,2.0,-6.77426980439176,33.75496690240462,0,67.50993380480924,48.56394189065646,3.695317408855335,34.875,371,41.43403324139834,55.765269721811485,1.5350000000000001,Lean R,"<p style=""color:blue;"">Katy Padilla Stout (D)</p> vs <p style=""color:Brandon Herrera"">Brandon Herrera (R)</p>",(R),TX-23,(R),True,False,,R+2.9,65.125,34.9,65.1,34.9%,65.1%
371,371,TX-24,Kevin Burge,Beth Van Duyne,False,True,TX,24,"BURGE, KEVIN BERYL","VAN DUYNE, ELIZABETH ANN",206359.75,570713.96,777073.71,26.55600715149661,73.4439928485034,Texas,TX-24,68.1823263357947,14.233444558764734,7.003602036543335,0.1712909539807146,7.746557601320305,35.25210023089024,-8.553164084458139,-7.443260164451331,-7.720736144453033,99.98604930722423,0.9874012141285956,-6.281226093748889,0,1,0.0,0.0,0.0,0.0,West South Central,2026,0.0,0.0,0.0,48,4824,0,705.2215158303391,0.0,0.0,0.0,-9.160246195157178,-23.44399284850339,-1,-46.88798569700678,44.57677817679199,3.540641208965785,6.295000000000001,372,37.678611375003086,51.51659838810973,0.034999999999999996,Very Likely R,"<p style=""color:blue;"">Kevin Burge (D)</p> vs <p style=""color:Beth Van Duyne"">Beth Van Duyne (R)</p>",(R),TX-24,(R),True,False,,R+10.8,93.705,6.3,93.7,6.3%,93.7%
372,372,TX-25,Dione Sims,Roger Williams,False,True,TX,25,no_match,"WILLIAMS, ROGER",0.0,69715.09,69715.09,0.0,100.0,Texas,TX-25,54.922081746041904,20.369391595691955,2.6141615352118084,0.1746553984977807,19.591397810132207,17.078131431800227,-10.30090029232366,-11.42199667268229,-11.141722577592631,75.86856100559723,0.9874012141285956,-6.281226093748889,0,1,0.0,0.0,0.0,0.0,West South Central,2026,0.0,0.0,0.0,48,4825,1,0.0,0.0,0.0,0.0,-16.002219061436374,-50.0,-1,-100.0,41.20081830605884,3.528122929449609,0.645,373,34.38059009507632,48.10964678512417,0.0,Safe R,"<p style=""color:blue;"">Dione Sims (D)</p> vs <p style=""color:Roger Williams"">Roger Williams (R)</p>",(R),TX-25,(R),True,False,,R+17.6,99.355,0.6,99.4,<1%,>99%
373,373,TX-26,Steven Shook,Brandon Gill,False,True,TX,26,"SHOOK, STEVEN JAMES","GILL, BRANDON",17226.54,3384259.12,3401485.66,0.506441647030198,99.4935583529698,Texas,TX-26,63.64615664870698,15.488134690703232,7.40119248635507,0.1728824959538139,10.57841193327121,30.13612070213162,-11.64787794071492,-11.308793526728955,-11.393564630225448,83.03334997855244,0.9874012141285956,-6.281226093748889,0,1,0.0,0.0,0.0,0.0,West South Central,2026,0.0,0.0,0.0,48,4826,0,0.2564831418466596,0.0,0.0,0.0,-16.50590316670201,-49.4935583529698,-1,-98.9871167059396,39.66711649062896,3.6008783275856984,0.21,374,32.55134850192583,46.67571933125353,0.0,Safe R,"<p style=""color:blue;"">Steven Shook (D)</p> vs <p style=""color:Brandon Gill"">Brandon Gill (R)</p>",(R),TX-26,(R),True,False,,R+20.7,99.79,0.2,99.8,<1%,>99%
374,374,TX-27,Tanya Lloyd,Michael Cloud,False,True,TX,27,"LLOYD, TANYA W","CLOUD, MICHAEL",139716.19,819031.94,958748.13,14.57277314324462,85.4272268567554,Texas,TX-27,52.227302322995165,37.292224575929176,1.5560175278424002,0.1558708048063453,6.928268937226576,16.632805266947845,-11.028561796336229,-9.969642982933053,-10.234372686283846,59.88862914234531,0.9874012141285956,-6.281226093748889,0,1,0.0,0.0,0.0,0.0,West South Central,2026,0.0,0.0,0.0,48,4827,1,212.36571708447167,0.0,0.0,0.0,-14.187519278818804,-35.42722685675538,-1,-70.85445371351076,42.775727562228745,3.1240082650759824,1.115,375,36.63623934874399,48.891686765044646,0.045,Safe R,"<p style=""color:blue;"">Tanya Lloyd (D)</p> vs <p style=""color:Michael Cloud"">Michael Cloud (R)</p>",(R),TX-27,(R),True,False,,R+14.4,98.885,1.1,98.9,1.1%,98.9%
375,375,TX-28,Henry Cuellar,Tano Tijerina,True,False,TX,28,"CUELLAR, HENRY R.","TIJERINA, TANO",1123180.23,603666.24,1726846.47,65.04227500896475,34.95772499103525,Texas,TX-28,11.285598941288322,86.54370768855914,0.6507063651695324,0.2845048755201589,0.798094701186273,10.576129810042032,2.5862249805967323,-4.474786724930141,-2.7095337985484225,82.26006438179526,0.9874012141285956,-6.281226093748889,1,0,38.0,0.0979457416170165,46.0,0.0979457416170165,West South Central,2026,1.023392679391142,0.0,1.023392679391142,48,4828,5,4230.4975383418005,0.0979457416170165,0.3129628438281716,8.0,0.8621584966520439,15.04227500896475,1,30.0845500179295,51.845002838151856,3.359870205535599,70.92500000000001,376,45.23206494280917,58.471109545365,1.7850000000000001,Lean D,"<p style=""color:blue;"">Henry Cuellar (D)</p> vs <p style=""color:Tano Tijerina"">Tano Tijerina (R)</p>",(D),TX-28,(D),True,False,,D+3.7,29.07499999999999,70.9,29.1,70.9%,29.1%
376,376,TX-29,Sylvia Garcia,Martha Fierro,True,False,TX,29,"GARCIA, SYLVIA R","FIERRO, MARTHA ELENA,",335398.27,0.0,335398.27,100.0,0.0,Texas,TX-29,17.360399620398393,44.1605563713108,4.129347831218927,0.2001879122383747,32.46490809769548,10.434130742392432,19.532381719616133,16.171826911277883,17.011965613362445,99.99452402713474,0.9874012141285956,-6.281226093748889,1,0,0.0,0.0,0.0,0.0,West South Central,2026,0.0,0.0,0.0,48,4829,5,10000.0,0.0,0.0,0.0,40.30515732047378,50.0,1,100.0,72.1459588308269,3.35231741829839,100.0,377,65.6143800703188,78.7218059853023,0.0,Safe D,"<p style=""color:blue;"">Sylvia Garcia (D)</p> vs <p style=""color:Martha Fierro"">Martha Fierro (R)</p>",(D),TX-29,(D),True,False,,D+44.3,0.0,100.0,0.0,>99%,<1%
377,377,TX-30,Frederick Haynes III,Everett Jackson,False,False,TX,30,"HAYNES, FREDERICK III","JACKSON, EVERETT HONORABLE",372638.06,17014.79,389652.85,95.6333464518481,4.3666535481519,Texas,TX-30,17.55822156571894,25.764374628906697,4.156658784489696,0.176055973800554,49.90514493068442,14.25110974902845,26.446711534275472,24.65259246391495,25.10112223150508,99.0203223783454,0.9874012141285956,-6.281226093748889,0,0,0.0,0.0,0.0,0.0,West South Central,2026,0.0,0.0,0.0,48,4830,3,9145.736953579208,0.0,0.0,0.0,56.48347055675905,45.6333464518481,0,91.2666929036962,76.96649671872495,3.7037208241896336,100.0,378,69.69467224225883,84.1933630537828,0.0,Safe D,"<p style=""color:blue;"">Frederick Haynes III (D)</p> vs <p style=""color:Everett Jackson"">Everett Jackson (R)</p>",(D),TX-30,(D),True,False,,D+53.9,0.0,100.0,0.0,>99%,<1%
378,378,TX-31,Justin Early,John Carter,False,True,TX,31,"EARLY, JUSTIN","CARTER, JOHN R REP.",73873.57,406933.73,480807.3,15.364485938545444,84.63551406145456,Texas,TX-31,59.4214244504162,19.801525236520582,3.626904205547831,0.1353004947402996,13.582978346815164,21.271765083349333,-11.356226644289706,-10.32034261752311,-10.57931362421476,79.26327304113369,0.9874012141285956,-6.281226093748889,0,1,0.0,0.0,0.0,0.0,West South Central,2026,0.0,0.0,0.0,48,4831,1,236.06742815576067,0.0,0.0,0.0,-14.877401154680634,-34.63551406145456,-1,-69.27102812290912,41.68877081639423,3.4764942588548413,0.92,379,34.7363798363309,48.40773261135962,0.005,Safe R,"<p style=""color:blue;"">Justin Early (D)</p> vs <p style=""color:John Carter"">John Carter (R)</p>",(R),TX-31,(R),True,False,,R+16.6,99.08,0.9,99.1,<1%,>99%
379,379,TX-32,Dan Barros,Jace Yarbrough,False,False,TX,32,"BARRIOS, DAN F.","YARBROUGH, JACE",84875.49,472694.38,557569.87,15.222395356477923,84.77760464352208,Texas,TX-32,58.32288427852498,16.728355372196905,7.822366696772515,0.1363248113042117,14.175894831913205,25.65454863349191,-7.373049557551184,-8.306922574909962,-8.073454320570267,81.53319417408639,0.9874012141285956,-6.281226093748889,0,0,0.0,0.0,0.0,0.0,West South Central,2026,0.0,0.0,0.0,48,4832,6,231.72132038892065,0.0,0.0,0.0,-9.865682547391646,-34.777604643522075,0,-69.55520928704415,44.11769497062505,3.696813076300756,5.66,380,36.832125721699214,51.29909908668677,0.005,Very Likely R,"<p style=""color:blue;"">Dan Barros (D)</p> vs <p style=""color:Jace Yarbrough"">Jace Yarbrough (R)</p>",(R),TX-32,(D),False,True,Flip,R+11.8,94.34,5.7,94.3,5.7%,94.3%
380,380,TX-33,Colin Allred,Patrick Gillespie,True,False,TX,33,"ALLRED, COLIN",no_match,3123283.98,0.0,3123283.98,100.0,0.0,Texas,TX-33,33.83078103169602,39.37461761133788,4.529536385137295,0.2175620268653718,19.952241368289364,19.87080211882425,20.55775251509197,17.420957767990295,18.205156454765717,99.75266855891952,0.9874012141285956,-6.281226093748889,1,0,0.0,0.0,0.0,0.0,West South Central,2026,0.0,0.0,0.0,48,4833,5,10000.0,0.0,0.0,0.0,42.69153900328032,50.0,1,100.0,72.7678346730278,3.225558038091217,100.0,381,66.41924713002165,79.07861771783931,0.0,Safe D,"<p style=""color:blue;"">Colin Allred (D)</p> vs <p style=""color:Patrick Gillespie"">Patrick Gillespie (R)</p>",(D),TX-33,(D),True,False,,D+45.5,0.0,100.0,0.0,>99%,<1%
381,381,TX-34,Vicente Gonzalez,Eric Flores,True,False,TX,34,"GONZALEZ, VICENTE","FLORES, ERIC",1902919.86,1368959.9,3271879.76,58.159834700038,41.840165299962,Texas,TX-34,23.621812088608102,72.0568191839909,1.351530117294294,0.1419076557977695,1.9560406962294257,13.352098567042232,-0.7825541840859245,-4.361383697150103,-3.4666763188840584,85.71735896436316,0.9874012141285956,-6.281226093748889,1,0,40.96614776850031,0.1231446832904791,43.898443305500905,0.1231446832904791,West South Central,2026,0.6065306597126334,0.0,0.6065306597126334,48,4834,5,3382.566372335744,0.1231446832904791,0.3509197675972089,2.9322955370005914,-0.6521265440192279,8.159834700037997,1,16.319669400076005,48.26762963726792,3.387209738749541,30.415,382,41.68302058459303,54.81439610053723,1.465,Lean R,"<p style=""color:blue;"">Vicente Gonzalez (D)</p> vs <p style=""color:Eric Flores"">Eric Flores (R)</p>",(R),TX-34,(D),False,True,Flip,R+3.5,69.58500000000001,30.4,69.6,30.4%,69.6%
382,382,TX-35,Johnny Garcia,Carlos De La Cruz,False,False,TX,35,"GARCIA, JOHNNY","DE LA CRUZ, CARLOS JR.",708832.64,765712.52,1474545.16,48.071273720772304,51.92872627922769,Texas,TX-35,36.874155237975096,51.84018454108021,1.722503559263998,0.1346212762889942,7.356773414550631,14.847851159680198,-3.22979389202532,-4.531453226680135,-4.206038393016431,77.42438920085999,0.9874012141285956,-6.281226093748889,0,0,0.0,0.0,0.0,0.0,West South Central,2026,0.0,0.0,0.0,48,4835,5,2310.847357137414,0.0,0.0,0.0,-2.130850692283974,-1.928726279227696,0,-3.857452558455381,48.98598139843371,3.6973491464157777,38.98,383,41.7497493468395,56.23436126598577,2.09,Tilt R,"<p style=""color:blue;"">Johnny Garcia (D)</p> vs <p style=""color:Carlos De La Cruz"">Carlos De La Cruz (R)</p>",(R),TX-35,(D),False,True,Flip,R+2.0,61.02,39.0,61.0,39.0%,61.0%
383,383,TX-36,Rhonda Hart,Brian Babin,False,True,TX,36,"HART, RHONDA J","BABIN, BRIAN",0.0,233773.56,233773.56,0.0,100.0,Texas,TX-36,52.85622945175679,20.46538815134857,6.076604985680074,0.1617376105207005,18.09399319756202,18.37996130451561,-11.582249571521238,-11.88889146375233,-11.812230990694555,78.12661753067522,0.9874012141285956,-6.281226093748889,0,1,0.0,0.0,0.0,0.0,West South Central,2026,0.0,0.0,0.0,48,4836,1,0.0,0.0,0.0,0.0,-17.343235887640223,-50.0,-1,-100.0,39.48863203380513,3.259357913435624,0.075,384,33.04962962969965,45.90486560960511,0.0,Safe R,"<p style=""color:blue;"">Rhonda Hart (D)</p> vs <p style=""color:Brian Babin"">Brian Babin (R)</p>",(R),TX-36,(R),True,False,,R+21.0,99.925,0.1,99.9,<1%,>99%
384,384,TX-37,Greg Casar,Lauren Peña,True,False,TX,37,"CASAR, GREG","PENA, LAUREN B.",888990.46,117889.63,1006880.09,88.29159190147459,11.708408098525418,Texas,TX-37,53.5953517104309,28.48617241286695,5.450101614188385,0.1273087012184749,9.212781005756646,36.361387725936034,29.60170781036297,29.60200062176019,29.601927418910883,98.70519317798086,0.9874012141285956,-6.281226093748889,1,0,0.0,0.0,0.0,0.0,West South Central,2026,0.0,0.0,0.0,48,4837,6,7795.405200496533,0.0,0.0,0.0,65.48508093157065,38.29159190147459,1,76.58318380294916,82.04775306951231,3.4222494031337427,100.0,385,75.34638319960158,88.73540959063727,0.0,Safe D,"<p style=""color:blue;"">Greg Casar (D)</p> vs <p style=""color:Lauren Peña"">Lauren Peña (R)</p>",(D),TX-37,(D),True,False,,D+64.1,0.0,100.0,0.0,>99%,<1%
385,385,TX-38,Melissa McDonough,Jon Bonck,False,False,TX,38,"MCDONOUGH, MELISSA A","BONCK, JON",37386.44,1014280.41,1051666.85,3.554969903254058,96.44503009674594,Texas,TX-38,55.833482396310494,20.894416748975356,9.775550042385731,0.0981871349577309,11.00959706332973,33.097687561118974,-11.322049216706697,-9.898528256740974,-10.254408496732404,97.63646272552565,0.9874012141285956,-6.281226093748889,0,0,0.0,0.0,0.0,0.0,West South Central,2026,0.0,0.0,0.0,48,4838,6,12.637811013042167,0.0,0.0,0.0,-14.22759089971592,-46.44503009674594,0,-92.89006019349188,42.82161820546523,3.472487527591292,2.0650000000000004,386,36.05323296113509,49.68300799137447,0.015,Safe R,"<p style=""color:blue;"">Melissa McDonough (D)</p> vs <p style=""color:Jon Bonck"">Jon Bonck (R)</p>",(R),TX-38,(R),True,False,,R+14.4,97.935,2.1,97.9,2.1%,97.9%
386,386,UT-01,Ben McAdams,Riley Owen,False,False,UT,1,"MCADAMS, BEN","OWEN, RILEY MONTGOMERY",1977494.37,98532.89,2076027.26,95.25377667728698,4.746223322713017,Utah,UT-01,73.19301870067483,16.01388253459911,5.4245181859773535,0.609058675511838,1.69099565366579,22.981512708097004,10.523865200809588,12.913908440891156,12.316397630870764,99.50189753320684,0.9874012141285956,-6.281226093748889,0,0,0.0,0.0,0.0,0.0,Mountain,2026,0.0,0.0,0.0,49,4901,0,9073.28197128646,0.0,0.0,0.0,30.914021355490416,45.25377667728698,0,90.50755335457396,66.40546602736808,3.443258870673555,100.0,387,59.68065822380007,73.11569159950062,0.0,Safe D,"<p style=""color:blue;"">Ben McAdams (D)</p> vs <p style=""color:Riley Owen"">Riley Owen (R)</p>",(D),UT-01,(R),False,True,Flip,D+32.8,0.0,100.0,0.0,>99%,<1%
387,387,UT-02,Peter Crosby,Blake Moore,False,True,UT,2,"CROSBY, PETER","MOORE, BLAKE",60049.49,999545.93,1059595.4200000002,5.667209282576928,94.33279071742308,Utah,UT-02,84.32960563811007,10.19318450353772,1.938969126621165,0.2846161331127761,1.055234295722765,19.970717815480825,-18.176555872710143,-14.200371318540796,-15.194417457083134,92.98120561826326,0.9874012141285956,-6.281226093748889,0,1,0.0,0.0,0.0,0.0,Mountain,2026,0.0,0.0,0.0,49,4902,0,32.117261052526096,0.0,0.0,0.0,-24.10760882041738,-44.33279071742307,-1,-88.66558143484613,35.95502390390938,3.5454330597706263,0.02,388,29.033010144433003,42.97123149096964,0.0,Safe R,"<p style=""color:blue;"">Peter Crosby (D)</p> vs <p style=""color:Blake Moore"">Blake Moore (R)</p>",(R),UT-02,(R),True,False,,R+28.1,99.98,0.0,100.0,<1%,>99%
388,388,UT-03,Kent Udell,Celeste Maloy,False,True,UT,3,"UDELL, KENT DR.","MALOY, CELESTE",47382.72,709248.13,756630.85,6.262329906320896,93.7376700936791,Utah,UT-03,85.70832474583831,8.40803046223811,1.4540177651339818,1.5251391174194944,0.4449730211877434,20.58092497855748,-23.43512009709331,-20.460706556925523,-21.20430994196747,77.49454703730511,0.9874012141285956,-6.281226093748889,0,1,0.0,0.0,0.0,0.0,Mountain,2026,0.0,0.0,0.0,49,4903,2,39.21677585560108,0.0,0.0,0.0,-36.12739379018605,-43.73767009367911,-1,-87.47534018735821,31.640526951933165,3.617233424297486,0.0,389,24.47947101727181,38.79231564971914,0.0,Safe R,"<p style=""color:blue;"">Kent Udell (D)</p> vs <p style=""color:Celeste Maloy"">Celeste Maloy (R)</p>",(R),UT-03,(R),True,False,,R+36.7,100.0,0.0,100.0,<1%,>99%
389,389,UT-04,Jonny Larsen,Mike Kennedy,False,True,UT,4,"LARSEN, JONNY","KENNEDY, MIKE",16973.37,430497.5,447470.87,3.793178760440875,96.20682123955912,Utah,UT-04,86.49925374986263,7.784931064921989,2.295827025953906,0.405031250332356,0.6787153862243288,22.729277163022964,-19.497435119485782,-15.966101164661495,-16.848934653367568,89.14799291848432,0.9874012141285956,-6.281226093748889,0,1,0.0,0.0,0.0,0.0,Mountain,2026,0.0,0.0,0.0,49,4904,0,14.388205108659772,0.0,0.0,0.0,-27.416643212986248,-46.206821239559126,-1,-92.41364247911824,34.56703167561604,3.599893877834506,0.015,390,27.506111132468103,41.56694618331488,0.0,Safe R,"<p style=""color:blue;"">Jonny Larsen (D)</p> vs <p style=""color:Mike Kennedy"">Mike Kennedy (R)</p>",(R),UT-04,(R),True,False,,R+30.9,99.985,0.0,100.0,<1%,>99%
390,390,VA-01,Shannon Taylor,Rob Wittman,False,True,VA,1,"TAYLOR, SHANNON LEIGH","WITTMAN, ROBERT J. MR.",1687926.35,1442542.81,3130469.16,53.91927739035768,46.08072260964232,Virginia,VA-01,75.53780290120122,4.124527203956939,4.0975934161852114,0.1333388752649736,13.351012095265803,46.9,-5.404597428364198,-1.7521584885490498,-2.665268223502837,73.78062775420271,0.9874012141285956,-6.281226093748889,0,1,41.9999997999414,0.004171608505667,45.9999994998535,0.004171608505667,South Atlantic,2026,0.0,0.0,0.0,51,5101,0,2907.2884742983365,0.004171608505667,0.0645879904135977,3.9999996999121024,0.9506896467432152,3.919277390357678,-1,7.838554780715362,49.81619870784224,3.4726481897276296,47.7,391,43.070745818839455,56.64768072375252,2.455,Tossup,"<p style=""color:blue;"">Shannon Taylor (D)</p> vs <p style=""color:Rob Wittman"">Rob Wittman (R)</p>",(R),VA-01,(R),True,False,,R+0.4,52.3,47.7,52.3,47.7%,52.3%
391,391,VA-02,Elaine Luria,Jen Kiggans,False,True,VA,2,"LURIA, ELAINE","KIGGANS, JENNIFER",3378739.76,2987464.21,6366203.97,53.07306796832022,46.92693203167978,Virginia,VA-02,63.04207381768069,6.216358910260627,4.721011944220944,0.1467514789006796,22.46647066066841,37.42,-1.294878540344058,0.6239455133857206,0.1442394999532759,83.68362620601498,0.9874012141285956,-6.281226093748889,0,1,47.0,0.2393720115706804,47.0,0.2393720115706804,South Atlantic,2026,0.0,0.0,0.0,51,5102,0,2816.750543569937,0.2393720115706804,0.4892565907278924,0.0,6.569705093655441,3.073067968320217,-1,6.146135936640432,50.69232423077595,3.1197262585209797,58.645,392,44.58715825366173,56.808182650618704,1.965,Tossup,"<p style=""color:blue;"">Elaine Luria (D)</p> vs <p style=""color:Jen Kiggans"">Jen Kiggans (R)</p>",(D),VA-02,(R),False,True,Flip,D+1.4,41.355,58.6,41.4,58.6%,41.4%
392,392,VA-03,Bobby Scott,Edwin Rivera,True,False,VA,3,"SCOTT, ROBERT C","RIVERA, EDWIN MR. JR.",382819.35,1954.63,384773.98,99.4920056704458,0.507994329554197,Virginia,VA-03,43.48355455244442,6.506085166646402,2.6342512599300294,0.242139457943253,43.41916669092628,28.49,17.241485204821892,18.33573126076842,18.062169746781787,99.84902262351731,0.9874012141285956,-6.281226093748889,1,0,0.0,0.0,0.0,0.0,South Atlantic,2026,0.3246524673583497,0.0,0.3246524673583497,51,5103,3,9898.65919232802,0.0,0.0,0.0,42.40556558731247,49.492005670445806,1,98.9840113408916,71.70977566419839,3.3725010437777185,100.0,393,65.18658540622178,78.34535678123234,0.0,Safe D,"<p style=""color:blue;"">Bobby Scott (D)</p> vs <p style=""color:Edwin Rivera"">Edwin Rivera (R)</p>",(D),VA-03,(D),True,False,,D+43.4,0.0,100.0,0.0,>99%,<1%
393,393,VA-04,Jennifer McClellan,Robert Murray,True,False,VA,4,"MCCLELLAN, JENNIFER",no_match,525780.82,0.0,525780.82,100.0,0.0,Virginia,VA-04,46.89682757435218,5.5905035486078285,1.926694059428851,0.1823062149395232,42.32776773229581,31.15,15.800226991824635,17.33916742846474,16.954432319304715,83.62135861910429,0.9874012141285956,-6.281226093748889,1,0,0.0,0.0,0.0,0.0,South Atlantic,2026,0.0,0.0,0.0,51,5104,3,10000.0,0.0,0.0,0.0,40.19009073235832,50.0,1,100.0,71.66144856520528,3.537256548597523,100.0,394,64.79732716558095,78.6249087933899,0.0,Safe D,"<p style=""color:blue;"">Jennifer McClellan (D)</p> vs <p style=""color:Robert Murray"">Robert Murray (R)</p>",(D),VA-04,(D),True,False,,D+43.3,0.0,100.0,0.0,>99%,<1%
394,394,VA-05,Tom Perriello,John McGuire,False,True,VA,5,"PERRIELLO, THOMAS","MCGUIRE, JOHN J. MR. III",1978288.86,1117597.61,3095886.47,63.90056221925994,36.09943778074007,Virginia,VA-05,72.97458917707843,2.848850652612444,1.484464076415854,0.1038120221019143,20.30170867252968,32.7,-6.462392086897843,-5.453488663422647,-5.705714519291446,40.97949059996399,0.9874012141285956,-6.281226093748889,0,1,44.0,0.3593919833228144,47.0,0.3593919833228144,South Atlantic,2026,0.0,0.0,0.0,51,5105,1,4083.2818519375114,0.3593919833228144,0.5994931053171625,3.0,-5.130202944834003,13.90056221925994,-1,27.801124438519864,46.517820118182,3.5987295196230984,16.580000000000002,395,39.53679192109027,53.604301427763424,0.49,Likely R,"<p style=""color:blue;"">Tom Perriello (D)</p> vs <p style=""color:John McGuire"">John McGuire (R)</p>",(R),VA-05,(R),True,False,,R+7.0,83.42,16.6,83.4,16.6%,83.4%
395,395,VA-06,Beth Macy,Ben Cline,False,True,VA,6,"MACY, BETH","CLINE, BENJAMIN LEE",1643476.96,725922.38,2369399.34,69.36259887706393,30.63740112293608,Virginia,VA-06,84.0498204021204,4.504602971935037,1.3614330735001632,0.0996937976215908,7.830103221169531,27.43,-13.20126899565406,-11.328798649791963,-11.796916236257488,60.87489466023136,0.9874012141285956,-6.281226093748889,0,1,0.0,0.0,0.0,0.0,South Atlantic,2026,0.0,0.0,0.0,51,5106,2,4811.17012298047,0.0,0.0,0.0,-17.312606378766088,19.36259887706393,-1,38.72519775412785,42.22375732671366,3.496843434817463,1.34,396,35.403037237312766,49.06535051286579,0.0,Safe R,"<p style=""color:blue;"">Beth Macy (D)</p> vs <p style=""color:Ben Cline"">Ben Cline (R)</p>",(R),VA-06,(R),True,False,,R+15.6,98.66,1.3,98.7,1.3%,98.7%
396,396,VA-07,Eugene Vindman,Doug Ollivant,True,False,VA,7,"VINDMAN, YEVGENY 'EUGENE'","OLLIVANT, DOUGLAS",11233363.54,243884.25,11477247.79,97.8750633038306,2.1249366961693874,Virginia,VA-07,57.94192736425746,11.95433297375045,4.746314275440489,0.1218985976267529,21.393203883495147,36.84,1.1831399886182652,2.207131609632576,1.9511337043789985,72.12155857943468,0.9874012141285956,-6.281226093748889,1,0,0.0,0.0,0.0,0.0,South Atlantic,2026,0.0,0.0,0.0,51,5107,1,9579.528016728847,0.0,0.0,0.0,10.183493502506886,47.8750633038306,1,95.75012660766124,57.23972387297093,3.506991285545835,98.045,397,50.36276842878202,64.19358321782639,0.04,Safe D,"<p style=""color:blue;"">Eugene Vindman (D)</p> vs <p style=""color:Doug Ollivant"">Doug Ollivant (R)</p>",(D),VA-07,(D),True,False,,D+14.5,1.9549999999999983,98.0,2.0,98.0%,2.0%
397,397,VA-08,Don Beyer,Tony Sabio,True,False,VA,8,"BEYER, DONALD STERNOFF JR.","SABIO, TONY",1545925.08,12204.75,1558129.83,99.21670519586934,0.7832948041306673,Virginia,VA-08,58.84830586037383,13.280809186378947,10.80060009624185,0.1179434437598482,13.494239642206768,65.10000000000001,26.114278521819323,26.202166108224496,26.180194211623203,99.76609917446018,0.9874012141285956,-6.281226093748889,1,0,0.0,0.0,0.0,0.0,South Atlantic,2026,0.0,0.0,0.0,51,5108,6,9843.954589924046,0.0,0.0,0.0,58.6416145169953,49.21670519586934,1,98.43341039173866,79.0154257465353,3.3391601729547395,100.0,398,72.53029287523228,85.5826013795611,0.0,Safe D,"<p style=""color:blue;"">Don Beyer (D)</p> vs <p style=""color:Tony Sabio"">Tony Sabio (R)</p>",(D),VA-08,(D),True,False,,D+58.0,0.0,100.0,0.0,>99%,<1%
398,398,VA-09,Joy Powers,Morgan Griffith,False,True,VA,9,"POWERS, JOY","GRIFFITH, H MORGAN",82744.94,549440.39,632185.3300000001,13.088715614454388,86.9112843855456,Virginia,VA-09,89.46038756729375,2.1049822547423225,1.1016281533586556,0.1097793068403534,5.785065859594344,23.1,-23.45941943522965,-21.46285445390185,-21.9619956992338,35.01180073042452,0.9874012141285956,-6.281226093748889,0,1,0.0,0.0,0.0,0.0,South Atlantic,2026,0.0,0.0,0.0,51,5109,2,171.3144764360621,0.0,0.0,0.0,-37.64276530471871,-36.91128438554561,-1,-73.82256877109121,30.74675502872911,3.497326363613934,0.0,399,23.95988234933365,37.63623211076757,0.0,Safe R,"<p style=""color:blue;"">Joy Powers (D)</p> vs <p style=""color:Morgan Griffith"">Morgan Griffith (R)</p>",(R),VA-09,(R),True,False,,R+38.5,100.0,0.0,100.0,<1%,>99%
399,399,VA-10,Suhas Subramanyam,Dave Beckwith,True,False,VA,10,"SUBRAMANYAM, SUHAS","BECKWITH, DAVID",785369.44,55333.72,840703.1599999999,93.41816200619492,6.581837993805091,Virginia,VA-10,61.275070423616285,12.261960501370094,13.65047627088722,0.1145583076840416,9.522731284971943,54.36,6.894795433020384,5.03827938541798,5.502408397318582,83.60256287654202,0.9874012141285956,-6.281226093748889,1,0,0.0,0.0,0.0,0.0,South Atlantic,2026,0.0,0.0,0.0,51,5110,0,8726.95299261568,0.0,0.0,0.0,17.286042888386053,43.41816200619492,1,86.83632401238982,58.76754109151085,3.503876861704165,99.36,400,51.91064491384532,65.60319344750503,0.01,Safe D,"<p style=""color:blue;"">Suhas Subramanyam (D)</p> vs <p style=""color:Dave Beckwith"">Dave Beckwith (R)</p>",(D),VA-10,(D),True,False,,D+17.5,0.6400000000000006,99.4,0.6,>99%,<1%
400,400,VA-11,James Walkinshaw,Arthur Purves,True,False,VA,11,"WALKINSHAW, JAMES","PURVES, ARTHUR GRAHAME MR.",1802370.48,1655.24,1804025.72,99.90824742786928,0.0917525721307343,Virginia,VA-11,56.90540960305731,10.462268324595009,20.264126434293136,0.1063659553639504,8.848329677984129,67.5,18.662372531534068,18.39563563889066,18.462319862051512,99.06704550814088,0.9874012141285956,-6.281226093748889,1,0,0.0,0.0,0.0,0.0,South Atlantic,2026,0.0,0.0,0.0,51,5111,6,9981.65790410835,0.0,0.0,0.0,43.20586581785192,49.90824742786928,1,99.81649485573854,72.24303918010051,3.703129219549942,100.0,401,64.93909540484775,79.41951211544871,0.0,Safe D,"<p style=""color:blue;"">James Walkinshaw (D)</p> vs <p style=""color:Arthur Purves"">Arthur Purves (R)</p>",(D),VA-11,(D),True,False,,D+44.5,0.0,100.0,0.0,>99%,<1%
401,401,VT-AL,Becca Balint,Mark Coester,True,False,VT,0,"BALINT, REBECCA 'BECCA'","COESTER, C. MARK MR",672729.25,15142.41,687871.66,97.79865767402018,2.20134232597982,Vermont,VT-00,93.22092691219,2.220403720220699,1.2476116190779172,0.1215031899378493,1.008821438222144,41.72,16.02935162860009,17.13527175427236,16.858791722854292,35.120211110022595,0.9874012141285956,-6.281226093748889,1,0,0.0,0.0,0.0,0.0,New England,2026,0.0,0.0,0.0,50,5000,2,9564.577442840186,0.0,0.0,0.0,39.99880953945748,47.79865767402018,1,95.59731534804034,71.73154263652937,3.226290034008562,100.0,402,65.45829600421791,78.04716270759539,0.0,Safe D,"<p style=""color:blue;"">Becca Balint (D)</p> vs <p style=""color:Mark Coester"">Mark Coester (R)</p>",(D),VT-AL,(D),True,False,,D+43.5,0.0,100.0,0.0,>99%,<1%
402,402,WA-01,Suzan DelBene,Mary Silva,True,False,WA,1,"DELBENE, SUZAN K","SILVA, MARY",1769605.11,941.98,1770547.09,99.946797235424,0.0532027645760045,Washington,WA-01,71.47434766759562,7.136753644320583,13.970124214594527,0.3907918925381091,2.647350493683439,50.17,13.470685021183805,15.607136998527729,15.073024004191748,96.51801546829078,0.9874012141285956,-6.281226093748889,1,0,0.0,0.0,0.0,0.0,Pacific,2026,0.0,0.0,0.0,53,5301,0,9989.36227761896,0.0,0.0,0.0,36.42727410213239,49.946797235424,1,99.893594470848,68.23582619331523,3.357126191361468,100.0,403,61.623046800526026,74.78876916599148,0.0,Safe D,"<p style=""color:blue;"">Suzan DelBene (D)</p> vs <p style=""color:Mary Silva"">Mary Silva (R)</p>",(D),WA-01,(D),True,False,,D+36.5,0.0,100.0,0.0,>99%,<1%
403,403,WA-02,Rick Larsen,Edwin Feller,True,False,WA,2,"LARSEN, RICK",no_match,839246.79,0.0,839246.79,100.0,0.0,Washington,WA-02,77.92273753334702,7.935050277036733,6.307202955058486,1.1105410766810315,2.3443806005882752,34.64,9.50309631553514,12.97473290013408,12.106823753984346,75.20962677397755,0.9874012141285956,-6.281226093748889,1,0,0.0,0.0,0.0,0.0,Pacific,2026,0.0,0.0,0.0,53,5302,0,10000.0,0.0,0.0,0.0,30.49487360171758,50.0,1,100.0,67.10184777943026,3.350326620310226,100.0,404,60.57387623397162,73.72288383280971,0.0,Safe D,"<p style=""color:blue;"">Rick Larsen (D)</p> vs <p style=""color:Edwin Feller"">Edwin Feller (R)</p>",(D),WA-02,(D),True,False,,D+34.2,0.0,100.0,0.0,>99%,<1%
404,404,WA-03,Marie Gluesenkamp Perez,John Braun,True,False,WA,3,"GLUESENKAMP PEREZ, MARIE","BRAUN, JOHN",2540924.82,1531367.75,4072292.57,62.39543884245036,37.60456115754964,Washington,WA-03,82.6431508583236,7.3022503198615185,3.7502480209637583,0.5959345087816527,1.647372346175688,27.59,-4.425789279029452,-0.9480722278904352,-1.8175014906751896,72.74810609014854,0.9874012141285956,-6.281226093748889,1,0,41.96701615240794,0.3127891256339001,42.99175403810199,0.3127891256339001,Pacific,2026,0.0,0.0,0.0,53,5303,2,3893.190788341963,0.3127891256339001,0.559275536416443,1.0247378856940443,2.6462231123985096,12.39543884245036,1,24.79087768490072,54.06093833021932,3.494471044120181,87.735,405,47.20753549443732,60.92232625935397,0.8200000000000001,Likely D,"<p style=""color:blue;"">Marie Gluesenkamp Perez (D)</p> vs <p style=""color:John Braun"">John Braun (R)</p>",(D),WA-03,(D),True,False,,D+8.1,12.265,87.7,12.3,87.7%,12.3%
405,405,WA-04,John Duresky,Amanda McKinney,False,False,WA,4,"DURESKY, JOHN","MCKINNEY, AMANDA",170724.46,761549.12,932273.58,18.312699583313304,81.6873004166867,Washington,WA-04,65.95062081359255,26.569596471164843,1.8336464629962423,1.7844306485868322,1.0860153569678157,23.15,-10.962091329578412,-9.868107858079805,-10.141603725954456,71.58993638693396,0.9874012141285956,-6.281226093748889,0,0,0.0,0.0,0.0,0.0,Pacific,2026,0.0,0.0,0.0,53,5304,1,335.35496602868324,0.0,0.0,0.0,-14.001981358160023,-31.687300416686696,0,-63.37460083337341,42.43053985082547,3.7046370258794745,2.13,406,35.161796032449395,49.69151390306336,0.0,Safe R,"<p style=""color:blue;"">John Duresky (D)</p> vs <p style=""color:Amanda McKinney"">Amanda McKinney (R)</p>",(R),WA-04,(R),True,False,,R+15.1,97.87,2.1,97.9,2.1%,97.9%
406,406,WA-05,Carmela Conroy,Michael Baumgartner,False,True,WA,5,"CONROY, CARMELA","BAUMGARTNER, MICHAEL JAMES",363169.3,1327829.26,1690998.56,21.476617933962046,78.52338206603795,Washington,WA-05,84.92250483514,6.426914615747601,2.144077202730276,1.0290041937777896,1.581472939831584,30.83,-7.4037845398983535,-4.804223842897613,-5.454114017147798,74.10485100100533,0.9874012141285956,-6.281226093748889,0,1,47.0,0.037253541037245,53.0,0.037253541037245,Pacific,2026,0.0,0.0,0.0,53,5305,2,461.2451178813802,0.037253541037245,0.1930117639866674,6.0,-4.627001940546708,-28.523382066037957,-1,-57.0467641320759,43.7563922052805,3.166028812639281,2.35,407,37.5536921426017,49.94366578886281,0.095,Safe R,"<p style=""color:blue;"">Carmela Conroy (D)</p> vs <p style=""color:Michael Baumgartner"">Michael Baumgartner (R)</p>",(R),WA-05,(R),True,False,,R+12.5,97.65,2.4,97.6,2.4%,97.6%
407,407,WA-06,Emily Randall,Teresa Fox,True,False,WA,6,"RANDALL, EMILY","FOX, TERESA",876066.66,19080.02,895146.68,97.86850351721128,2.1314964827887204,Washington,WA-06,79.25558880766653,6.573288197681074,4.295409573337258,1.3105692652373708,3.1869695334347248,33.379999999999995,6.60430943804311,10.69577978430744,9.672912197741358,76.32610781633514,0.9874012141285956,-6.281226093748889,1,0,0.0,0.0,0.0,0.0,Pacific,2026,0.0,0.0,0.0,53,5306,0,9578.243980698397,0.0,0.0,0.0,25.627050489231603,47.86850351721128,1,95.73700703442256,64.29496840978645,3.526672510688373,100.0,408,57.31380237432808,71.18309039476102,0.0,Safe D,"<p style=""color:blue;"">Emily Randall (D)</p> vs <p style=""color:Teresa Fox"">Teresa Fox (R)</p>",(D),WA-06,(D),True,False,,D+28.6,0.0,100.0,0.0,>99%,<1%
408,408,WA-07,Pramila Jayapal,Nirav Sheth,True,False,WA,7,"JAYAPAL, PRAMILA","SHETH, NIRAV",2155249.89,5910.81,2161160.7,99.7264983580351,0.2735016419648941,Washington,WA-07,70.72105176507728,7.278408502650289,11.691653328943058,0.3467525259640077,4.62404592137221,64.63,36.235482522076246,39.530309705609504,38.706602909726186,98.53975051418608,0.9874012141285956,-6.281226093748889,1,0,0.0,0.0,0.0,0.0,Pacific,2026,0.0,0.0,0.0,53,5307,0,9945.374474755175,0.0,0.0,0.0,83.69443191320126,49.7264983580351,1,99.4529967160702,89.18768948964666,3.38449652433636,100.0,409,82.6227042531902,95.9250165738152,0.22,Safe D,"<p style=""color:blue;"">Pramila Jayapal (D)</p> vs <p style=""color:Nirav Sheth"">Nirav Sheth (R)</p>",(D),WA-07,(D),True,False,,D+78.4,0.0,100.0,0.0,>99%,<1%
409,409,WA-08,Kim Schrier,Spencer Meline,True,False,WA,8,"SCHRIER, KIM DR.","MELINE, SPENCER HARRISON",2035067.49,41516.63,2076584.12,98.000724863484,1.9992751365160204,Washington,WA-08,77.93695212344758,7.558957868559697,7.800037460059602,0.6952364527178014,1.8388809456254247,40.62,1.1823417759575603,3.733520048372263,3.0957254802685874,74.11251846146052,0.9874012141285956,-6.281226093748889,1,0,0.0,0.0,0.0,0.0,Pacific,2026,0.0,0.0,0.0,53,5308,0,9604.14207376829,0.0,0.0,0.0,12.472677054286065,48.000724863484,1,96.00144972696796,58.53818548607951,3.374387085321996,99.41,410,51.91667039036732,65.13020772274491,0.005,Safe D,"<p style=""color:blue;"">Kim Schrier (D)</p> vs <p style=""color:Spencer Meline"">Spencer Meline (R)</p>",(D),WA-08,(D),True,False,,D+17.1,0.5900000000000034,99.4,0.6,>99%,<1%
410,410,WA-09,Adam Smith,Doug Basler,True,False,WA,9,"SMITH, D. ADAM","BASLER, DOUGLAS MICHAEL",1317790.76,26481.88,1344272.64,98.03002164798951,1.9699783520104968,Washington,WA-09,50.40442354318532,8.770354666592835,22.87118961827955,0.388800335404562,11.574423820052289,40.43,20.817760342397143,22.0971975570392,21.777338253378687,99.98582276110182,0.9874012141285956,-6.281226093748889,1,0,0.0,0.0,0.0,0.0,Pacific,2026,0.0,0.0,0.0,53,5309,6,9609.885144305294,0.0,0.0,0.0,49.835902600506266,48.03002164798952,1,96.06004329597904,76.33741888648689,2.992524188943197,100.0,411,70.48963625178439,82.17087479112384,0.0,Safe D,"<p style=""color:blue;"">Adam Smith (D)</p> vs <p style=""color:Doug Basler"">Doug Basler (R)</p>",(D),WA-09,(D),True,False,,D+52.7,0.0,100.0,0.0,>99%,<1%
411,411,WA-10,Marilyn Strickland,Chris Chung,True,False,WA,10,"STRICKLAND, MARILYN",no_match,839106.37,0.0,839106.37,100.0,0.0,Washington,WA-10,67.73709457300289,9.483076716648217,8.625922257591245,0.7921837400182553,6.888838277640362,30.42,6.862264002775994,10.052180887566465,9.254701666368849,94.63417486324596,0.9874012141285956,-6.281226093748889,1,0,0.0,0.0,0.0,0.0,Pacific,2026,0.0,0.0,0.0,53,5310,0,10000.0,0.0,0.0,0.0,24.790629426486586,50.0,1,100.0,63.62962902622585,3.445559573620092,99.995,412,56.849498608959806,70.38014380324523,0.0,Safe D,"<p style=""color:blue;"">Marilyn Strickland (D)</p> vs <p style=""color:Chris Chung"">Chris Chung (R)</p>",(D),WA-10,(D),True,False,,D+27.3,0.0049999999999954525,100.0,0.0,>99%,<1%
412,412,WI-01,Mitchell Berman,Bryan Steil,False,True,WI,1,"BERMAN, MITCHELL","STEIL, BRYAN GEORGE",693483.95,1493422.77,2186906.72,31.710723811759102,68.2892761882409,Wisconsin,WI-01,81.89732328887246,8.70592413025912,1.444887724523776,0.1454852467451526,5.624463262710482,29.74,-3.287876161319872,-1.5374093831484146,-1.975026077691279,85.64085161833273,0.9874012141285956,-6.281226093748889,0,1,47.99990444675145,0.6216120897179792,49.00001365046408,0.6216120897179792,East North Central,2026,0.0,0.0,0.0,55,5501,0,1005.5700046656656,0.6216120897179792,0.7884238008317476,1.000109203712633,2.331173938366331,-18.289276188240898,-1,-36.5785523764818,47.25522869516038,3.5307379990327967,21.675,413,40.355831007470826,54.20531617846112,0.6799999999999999,Likely R,"<p style=""color:blue;"">Mitchell Berman (D)</p> vs <p style=""color:Bryan Steil"">Bryan Steil (R)</p>",(R),WI-01,(R),True,False,,R+5.5,78.325,21.7,78.3,21.7%,78.3%
413,413,WI-03,Rebecca Cooke,Derrick Van Orden,False,True,WI,3,"COOKE, REBECCA","VAN ORDEN, DERRICK F. MR.",7251910.21,4403716.55,11655626.76,62.218105978541125,37.78189402145887,Wisconsin,WI-03,93.2481013096206,1.9786170267979173,1.832084839887203,0.3349307129387748,1.1475182948981886,27.39,-4.649831682440173,-3.006775579302108,-3.417539605086624,48.57855673013753,0.9874012141285956,-6.281226093748889,0,1,49.9999222319508,0.2547326826183535,46.00015541737271,0.2547326826183535,East North Central,2026,0.0,0.0,0.0,55,5503,2,3871.092711556975,0.2547326826183535,0.504710493865893,-3.999766814578088,-0.5538531164243592,12.218105978541123,-1,24.436211957082264,51.15024530882316,3.171327227412048,64.415,414,44.92154976974795,57.34715594910048,2.155,Tilt D,"<p style=""color:blue;"">Rebecca Cooke (D)</p> vs <p style=""color:Derrick Van Orden"">Derrick Van Orden (R)</p>",(D),WI-03,(R),False,True,Flip,D+2.3,35.584999999999994,64.4,35.6,64.4%,35.6%
414,414,WI-04,Gwen Moore,Tim Rogers,True,False,WI,4,"MOORE, GWEN S",no_match,381223.55,0.0,381223.55,100.0,0.0,Wisconsin,WI-04,50.31403762947295,12.026019418239148,3.607648560931164,0.4159647098370936,30.680739221973003,32.52,24.59676063124403,26.98485052229352,26.387828049531144,99.96823733497666,0.9874012141285956,-6.281226093748889,1,0,0.0,0.0,0.0,0.0,East North Central,2026,0.0,0.0,0.0,55,5504,6,10000.0,0.0,0.0,0.0,59.05688219281118,50.0,1,100.0,79.81838724051615,3.016493133552453,100.0,415,73.98698552515114,85.72486673260029,0.0,Safe D,"<p style=""color:blue;"">Gwen Moore (D)</p> vs <p style=""color:Tim Rogers"">Tim Rogers (R)</p>",(D),WI-04,(D),True,False,,D+59.6,0.0,100.0,0.0,>99%,<1%
415,415,WI-05,Andrew Beck,Scott Fitzgerald,False,True,WI,5,"BECK, ANDREW","FITZGERALD, SCOTT",12987.26,486503.72,499490.98,2.600099004790837,97.39990099520917,Wisconsin,WI-05,90.23740145919452,4.488439210943785,2.050830288276924,0.1212809913765392,1.5306078123723987,39.46,-13.876463543505912,-10.47671444149526,-11.326651716997922,74.75713131943832,0.9874012141285956,-6.281226093748889,0,1,0.0,0.0,0.0,0.0,East North Central,2026,0.0,0.0,0.0,55,5505,2,6.760514834714302,0.0,0.0,0.0,-16.372077340246957,-47.399900995209165,-1,-94.79980199041832,40.20402884043679,3.539955508348061,0.2799999999999999,416,33.28458245879095,47.16038502491716,0.0,Safe R,"<p style=""color:blue;"">Andrew Beck (D)</p> vs <p style=""color:Scott Fitzgerald"">Scott Fitzgerald (R)</p>",(R),WI-05,(R),True,False,,R+19.6,99.72,0.3,99.7,<1%,>99%
416,416,WI-06,Brad Smith,Glenn Grothman,False,True,WI,6,"SMITH, BRADLEY","GROTHMAN, GLENN S.",153091.93,650550.52,803642.45,19.049756517963928,80.95024348203607,Wisconsin,WI-06,90.78967473971538,3.6191544482799336,1.963855338005376,0.2559436576675441,1.8200823742681125,27.65,-10.23231753580395,-7.597642164613816,-8.25631100741135,62.95685978547985,0.9874012141285956,-6.281226093748889,0,1,39.0,0.0411715301497009,61.0,0.0411715301497009,East North Central,2026,0.0,0.0,0.0,55,5506,2,362.8932233937092,0.0411715301497009,0.2029076887397343,22.0,-10.231395921073812,-30.950243482036072,-1,-61.90048696407216,44.21340259505736,3.501588214532815,4.9,417,37.40046782286832,51.04843874365642,0.01,Safe R,"<p style=""color:blue;"">Brad Smith (D)</p> vs <p style=""color:Glenn Grothman"">Glenn Grothman (R)</p>",(R),WI-06,(R),True,False,,R+11.6,95.1,4.9,95.1,4.9%,95.1%
417,417,WI-07,Fred Clark,Michael Alfonso,False,False,WI,7,"CLARK, FREDERIC","ALFONSO, MICHAEL",408692.22,1140546.03,1549238.25,26.380204594096483,73.61979540590352,Wisconsin,WI-07,93.33572843037489,1.579560768998047,1.112688742814709,1.3521411479963696,0.5868560741494541,24.81,-12.40425056949531,-10.671336033236052,-11.104564667300869,28.46826791907318,0.9874012141285956,-6.281226093748889,0,0,0.0,0.0,0.0,0.0,East North Central,2026,0.0,0.0,0.0,55,5507,2,695.9151944263892,0.0,0.0,0.0,-15.92790324085285,-23.61979540590352,0,-47.23959081180704,41.9487445718629,3.688950672847535,1.405,418,34.67982822616169,49.14473038812312,0.0,Safe R,"<p style=""color:blue;"">Fred Clark (D)</p> vs <p style=""color:Michael Alfonso"">Michael Alfonso (R)</p>",(R),WI-07,(R),True,False,,R+16.1,98.595,1.4,98.6,1.4%,98.6%
418,418,WI-08,Rick Crosson,Tony Wied,False,True,WI,8,"CROSSON, RICK","WIED, TONY",66809.17,476248.71,543057.88,12.30240319871613,87.69759680128388,Wisconsin,WI-08,89.47125713801097,3.7363247017583534,1.844575111663934,1.6300814157290666,1.2465016678916718,28.22,-10.137743872826768,-7.481863251504386,-8.145833406834981,60.83812714296185,0.9874012141285956,-6.281226093748889,0,1,0.0,0.0,0.0,0.0,East North Central,2026,0.0,0.0,0.0,55,5508,2,151.34912446378087,0.0,0.0,0.0,-10.010440719921077,-37.69759680128387,-1,-75.39519360256774,42.8022406650629,3.5902706806260745,2.28,419,35.74488326881219,49.85895972407121,0.0,Safe R,"<p style=""color:blue;"">Rick Crosson (D)</p> vs <p style=""color:Tony Wied"">Tony Wied (R)</p>",(R),WI-08,(R),True,False,,R+14.4,97.72,2.3,97.7,2.3%,97.7%
419,419,WV-01,Vince George,Carol Miller,False,True,WV,1,"GEORGE, VINCENT RAYMOND MR.","MILLER, CAROL DEVINE",18330.0,500424.13,518754.13,3.533465844406868,96.46653415559314,West Virginia,WV-01,92.9108108263716,1.0416726640450926,0.4480761369590125,0.0706731073713058,3.35819606533592,20.78,-23.044539299707807,-21.84932528255252,-22.148128786841344,41.40505118478864,0.9874012141285956,-6.281226093748889,0,1,0.0,0.0,0.0,0.0,South Atlantic,2026,0.0,0.0,0.0,54,5401,2,12.485380873589936,0.0,0.0,0.0,-38.0150314799338,-46.46653415559313,-1,-92.93306831118626,31.302097686350308,3.5331281577576745,0.0,420,24.395083719742143,38.24435294961734,0.0,Safe R,"<p style=""color:blue;"">Vince George (D)</p> vs <p style=""color:Carol Miller"">Carol Miller (R)</p>",(R),WV-01,(R),True,False,,R+37.4,100.0,0.0,100.0,<1%,>99%
420,420,WV-02,Ace Parsi,Riley Moore,False,True,WV,2,"PARSI, AHSAN","MOORE, RILEY",133184.89,463426.91,596611.8,22.323542712363384,77.67645728763661,West Virginia,WV-02,92.08097048137802,2.132164829566765,0.7071761656580811,0.0859303712080074,3.0789383820458704,24.67,-21.11302401703092,-19.44160288289092,-19.85945816642592,47.88508648703447,0.9874012141285956,-6.281226093748889,0,1,0.0,0.0,0.0,0.0,South Atlantic,2026,0.0,0.0,0.0,54,5402,2,498.3405592307124,0.0,0.0,0.0,-33.43769023910294,-27.676457287636616,-1,-55.352914575273225,33.120471858902924,3.6071793400587056,0.01,421,26.0355474789254,40.162222230155145,0.0,Safe R,"<p style=""color:blue;"">Ace Parsi (D)</p> vs <p style=""color:Riley Moore"">Riley Moore (R)</p>",(R),WV-02,(R),True,False,,R+33.8,99.99,0.0,100.0,<1%,>99%
421,421,WY-AL,Lisa Kinney,Chuck Gray,False,False,WY,0,"KINNEY, LISA","GRAY, CHUCK",17946.0,240791.0,258737.0,6.936000649307984,93.063999350692,Wyoming,WY-00,86.90346406475703,7.776884431241085,0.6359416023911405,1.472659053537198,0.7840251469479346,28.99,-24.750269299791565,-22.729119155675143,-23.23440669170425,62.017748083993965,0.9874012141285956,-6.281226093748889,0,0,0.0,0.0,0.0,0.0,Mountain,2026,0.0,0.0,0.0,56,5600,2,48.10810500720078,0.0,0.0,0.0,-40.18758728965961,-43.063999350692015,0,-86.12799870138403,30.37518676716026,3.694513911979932,0.0,422,23.225242624006505,37.67905801114708,0.0,Safe R,"<p style=""color:blue;"">Lisa Kinney (D)</p> vs <p style=""color:Chuck Gray"">Chuck Gray (R)</p>",(R),WY-AL,(R),True,False,,R+39.2,100.0,0.0,100.0,<1%,>99%
