District,Code,Total Population by Race,,,,,,Voting Age Population by Race,,,,,,Total Citizen Population by Race,,,,,,Citizen Voting Age Population by Race,,,,,,Total Population (Hispanics/Latinos include any race),,,,,,,Total Voting Age Population (Hispanics/Latinos include any race),,,,,,,Citizen Population (Hispanics/Latinos include any race),,,,,,,Citizen Voting Age Population (Hispanics/Latinos include any race),,,,,,
,,White (Non-Latino),Black,Latino,Asian and Pacific Islander,Native,Other/Multi,White (Non-Latino),Black,Latino,Asian and Pacific Islander,Native,Other/Multi,White (Non-Latino),Black,Latino,Asian and Pacific Islander,Native,Other/Multi,White (Non-Latino),Black,Latino,Asian and Pacific Islander,Native,Other/Multi,Total,White (Non-Latino),Black,Latino, Asian and Pacific Islander,Native American,Other/Multi,Total,White (Non-Latino),Black,Latino,Asian and Pacific Islander,Native American,Other/Multi,Total,White (Non-Latino),Black,Latino, Asian and Pacific Islander,Native American,Other/Multi,Total,White (Non-Latino),Black,Latino,Asian and Pacific Islander,Native American,Other/Multi
Nationwide,USA,62.1,12.3,17.3,5.4,0.7,2.2,65.2,11.9,15.2,5.5,0.6,1.5,65.7,12.8,14.3,4.2,0.7,2.3,69.8,12.4,11.4,4.2,0.7,1.6,"318,558,105","197,855,775","39,330,370","55,199,100","17,145,189","2,098,970","6,928,840","244,945,685","159,602,340","29,243,750","37,252,350","13,591,144","1,532,785","3,723,304","296,343,270","194,778,760","37,790,825","42,518,510","12,418,839","2,087,110","6,749,165","224,603,595","156,786,755","27,889,185","25,502,380","9,330,739","1,522,275","3,572,279"
Alabama's 1st,AL-01,65.4,27.7,3.0,1.5,0.9,1.5,67.8,26.2,2.6,1.4,1.0,1.1,66.2,28.0,2.3,1.0,1.0,1.5,68.7,26.5,1.8,0.9,1.0,1.1,"699,595","457,745","193,805","20,830","10,260","6,630","10,325","536,070","363,600","140,300","13,740","7,520","5,210","5,700","688,770","455,630","193,165","16,105","7,100","6,600","10,160","526,450","361,635","139,660","9,590","4,825","5,180","5,555"
Alabama's 2nd,AL-02,62.6,30.7,3.5,1.2,0.4,1.6,65.1,29.4,2.8,1.2,0.4,1.1,63.4,31.1,2.7,0.7,0.4,1.6,66.1,29.9,1.8,0.7,0.4,1.1,"683,015","427,630","209,880","23,860","8,005","2,430","11,200","525,595","342,300","154,760","14,565","6,155","1,890","5,925","671,185","425,750","208,900","18,225","4,850","2,420","11,045","514,995","340,575","153,890","9,380","3,445","1,885","5,825"
Alabama's 3rd,AL-03,68.5,25.3,2.9,1.6,0.3,1.5,70.2,24.7,2.4,1.5,0.3,0.9,69.4,25.7,2.3,0.8,0.3,1.5,71.4,25.1,1.7,0.7,0.3,0.9,"700,550","479,895","177,130","20,320","11,120","1,785","10,300","544,465","382,445","134,430","13,010","8,355","1,500","4,720","687,545","477,470","176,380","16,020","5,630","1,785","10,260","532,720","380,170","133,730","8,915","3,720","1,500","4,680"
Alabama's 4th,AL-04,84.0,6.9,6.2,0.7,0.7,1.6,86.1,6.8,4.6,0.6,0.7,1.2,86.2,7.0,4.0,0.5,0.7,1.6,88.8,6.9,1.8,0.5,0.7,1.3,"683,605","574,240","47,040","42,320","4,555","4,750","10,705","527,355","454,055","35,740","24,050","3,310","3,775","6,430","664,720","573,010","46,610","26,335","3,350","4,750","10,665","510,100","452,980","35,350","9,260","2,330","3,775","6,395"
Alabama's 5th,AL-05,73.3,17.2,4.9,1.7,0.6,2.4,75.3,16.8,3.9,1.7,0.6,1.7,75.0,17.4,3.5,1.2,0.6,2.4,77.3,17.1,2.2,1.1,0.6,1.6,"704,795","516,840","121,015","34,490","11,750","3,925","16,775","546,890","411,900","91,940","21,200","9,570","3,240","9,040","686,530","514,600","119,585","24,065","8,025","3,915","16,340","530,085","409,960","90,580","11,585","6,095","3,230","8,635"
Alabama's 6th,AL-06,77.1,14.7,4.9,1.7,0.2,1.4,79.3,14.1,3.8,1.6,0.2,0.9,79.2,15.0,3.0,1.2,0.2,1.4,81.8,14.4,1.6,1.0,0.2,0.9,"694,370","535,565","102,025","33,720","12,015","1,510","9,525","530,430","420,620","74,645","20,200","8,750","1,225","4,985","673,110","533,360","100,655","20,235","8,070","1,510","9,285","511,790","418,605","73,710","8,140","5,340","1,225","4,760"
Alabama's 7th,AL-07,32.1,63.4,2.7,0.8,0.1,1.0,35.0,60.9,2.3,0.8,0.1,0.8,32.5,64.3,1.6,0.4,0.1,1.0,35.6,62.1,1.1,0.4,0.1,0.8,"675,230","216,635","427,850","17,960","5,335",930,"6,515","525,175","183,905","320,035","12,120","4,420",705,"3,985","662,645","215,315","426,305","10,880","2,795",930,"6,425","513,355","182,625","318,590","5,505","2,040",705,"3,885"
Alaska's At-Large,AK-AL,62.1,3.2,6.7,7.1,13.7,7.3,66.1,3.2,5.8,7.0,12.5,5.4,63.5,3.1,6.4,5.4,14.1,7.5,67.9,3.1,5.4,5.0,13.0,5.6,"736,855","457,540","23,235","49,030","52,365","100,715","53,970","549,240","363,045","17,565","31,785","38,660","68,595","29,590","712,745","452,800","21,855","45,260","38,585","100,690","53,555","527,810","358,490","16,520","28,280","26,625","68,570","29,325"
Arizona's 1st,AZ-01,49.6,2.2,21.7,1.7,22.8,2.0,54.4,2.2,19.2,1.8,20.8,1.6,50.8,2.2,20.1,1.3,23.7,2.0,56.1,2.2,17.1,1.3,21.8,1.6,"735,985","365,115","15,955","159,405","12,605","168,035","14,870","554,690","301,885","12,050","106,260","10,195","115,495","8,815","709,770","360,450","15,500","142,430","8,970","167,985","14,440","530,215","297,295","11,750","90,410","6,880","115,445","8,445"
Arizona's 2nd,AZ-02,62.1,3.8,27.6,3.0,0.9,2.5,66.6,3.7,23.8,3.2,0.9,1.8,64.8,3.7,25.6,2.4,1.0,2.6,70.0,3.6,21.1,2.5,0.9,1.8,"720,795","447,595","27,730","198,800","21,975","6,520","18,185","571,795","380,890","21,335","136,020","18,535","4,870","10,140","680,785","440,915","25,465","173,960","16,135","6,475","17,840","535,575","374,960","19,495","113,120","13,300","4,860","9,835"
Arizona's 3rd,AZ-03,27.6,4.3,61.9,1.8,3.1,1.3,32.3,4.3,57.3,2.1,3.0,1.1,30.8,4.8,58.0,1.4,3.5,1.5,37.5,5.0,51.1,1.7,3.5,1.3,"739,670","204,025","31,970","458,085","13,120","22,875","9,600","533,440","172,160","22,980","305,705","10,960","15,805","5,840","648,715","199,845","31,305","376,100","9,220","22,825","9,425","448,730","168,195","22,385","229,320","7,405","15,750","5,665"
Arizona's 4th,AZ-04,75.2,1.7,18.4,1.3,1.6,1.8,78.7,1.7,15.6,1.3,1.4,1.3,77.6,1.7,16.0,1.1,1.7,1.8,81.8,1.7,12.6,1.1,1.5,1.4,"738,650","555,580","12,750","135,920","9,430","12,010","12,955","590,860","464,865","9,995","91,975","7,725","8,485","7,815","702,085","545,025","12,065","112,630","7,635","11,900","12,825","555,930","454,475","9,330","70,015","6,055","8,375","7,685"
Arizona's 5th,AZ-05,71.8,2.8,17.7,4.8,0.8,2.1,75.1,2.8,15.3,4.8,0.8,1.3,73.9,2.8,16.3,3.9,0.9,2.2,78.0,2.9,13.3,3.7,0.8,1.4,"765,405","549,210","21,665","135,500","36,360","6,320","16,340","562,510","422,185","15,965","85,850","26,775","4,360","7,375","728,335","538,440","20,705","118,765","28,070","6,300","16,050","528,135","412,020","15,165","70,145","19,330","4,340","7,140"
Arizona's 6th,AZ-06,72.9,2.5,16.3,4.8,1.4,2.0,76.7,2.5,13.6,4.6,1.3,1.3,76.7,2.6,13.8,3.3,1.4,2.1,81.4,2.5,10.3,3.0,1.4,1.4,"752,460","548,860","19,175","122,885","35,980","10,290","15,275","596,860","457,970","14,625","81,340","27,225","7,755","7,940","696,790","534,295","18,200","96,205","23,195","10,035","14,865","545,870","444,335","13,815","56,240","16,330","7,545","7,605"
Arizona's 7th,AZ-07,20.7,9.3,64.0,2.5,2.1,1.4,25.6,9.6,58.7,2.9,2.1,1.1,25.2,10.8,57.6,2.1,2.6,1.7,33.9,12.1,47.1,2.5,2.9,1.4,"767,495","158,720","71,220","491,500","18,985","16,310","10,760","527,665","135,270","50,640","309,595","15,140","11,310","5,710","615,185","154,740","66,280","354,640","12,720","16,265","10,550","388,040","131,680","46,965","182,770","9,840","11,265","5,520"
Arizona's 8th,AZ-08,69.9,4.3,19.3,3.6,0.6,2.3,74.1,4.1,16.2,3.5,0.7,1.5,71.6,4.3,18.2,2.9,0.7,2.4,76.2,4.2,14.6,2.7,0.7,1.5,"753,310","526,635","32,135","145,140","27,045","4,760","17,590","578,770","428,675","23,690","93,485","20,415","3,765","8,735","723,400","517,825","31,110","131,515","20,860","4,760","17,325","551,615","420,540","23,150","80,665","14,960","3,765","8,535"
Arizona's 9th,AZ-09,57.0,5.2,27.5,5.0,2.6,2.6,62.0,5.0,23.4,5.4,2.4,1.8,61.3,5.4,24.1,3.5,2.9,2.8,67.9,5.3,18.7,3.6,2.7,1.9,"754,810","430,455","39,140","207,615","38,070","19,855","19,670","592,375","367,320","29,630","138,350","32,265","14,125","10,690","687,315","421,540","37,075","165,635","24,070","19,760","19,240","529,465","359,280","28,025","98,815","19,055","14,035","10,255"
Arkansas' 1st,AR-01,76.4,18.0,3.2,0.5,0.3,1.6,78.7,16.7,2.6,0.6,0.3,1.1,77.1,18.1,2.5,0.3,0.3,1.6,79.6,16.9,1.8,0.3,0.4,1.1,"724,990","553,880","130,145","23,210","3,890","2,335","11,530","554,785","436,655","92,680","14,555","3,115","1,930","5,845","716,435","552,625","129,650","17,855","2,470","2,335","11,495","547,025","435,525","92,245","9,695","1,820","1,930","5,810"
Arkansas' 2nd,AR-02,69.1,22.1,5.0,1.6,0.3,2.0,72.0,20.6,4.0,1.6,0.3,1.4,70.4,22.6,3.7,1.1,0.3,2.0,73.7,21.2,2.4,1.0,0.3,1.4,"754,820","521,345","166,645","37,680","12,120","2,005","15,035","576,545","415,235","118,910","23,020","9,450","1,710","8,230","735,830","517,835","166,100","27,185","7,950","2,005","14,765","559,250","412,040","118,405","13,485","5,635","1,710","7,975"
Arkansas' 3rd,AR-03,76.3,2.8,13.7,3.6,1.0,2.5,79.9,2.7,11.1,3.4,1.0,1.9,81.3,2.9,9.7,2.3,1.1,2.6,86.2,2.9,5.9,1.9,1.1,2.0,"772,675","589,720","21,770","105,990","28,000","7,655","19,550","578,825","462,400","15,690","64,125","19,735","5,895","10,980","721,855","586,720","21,265","70,275","16,845","7,655","19,095","532,875","459,565","15,280","31,175","10,325","5,895","10,635"
Arkansas' 4th,AR-04,72.0,19.6,5.6,0.7,0.6,1.5,74.6,18.7,4.3,0.7,0.6,1.1,73.5,20.0,3.9,0.5,0.6,1.5,76.5,19.1,2.2,0.4,0.6,1.2,"715,985","515,445","140,315","40,175","4,865","4,330","10,865","551,085","411,175","102,900","23,795","3,635","3,280","6,310","699,895","514,345","139,835","27,215","3,405","4,300","10,795","536,190","410,100","102,430","11,850","2,315","3,255","6,245"
California's 1st,CA-01,77.7,1.4,13.1,2.9,1.5,3.4,80.5,1.5,11.1,2.7,1.4,2.6,79.5,1.4,11.7,2.4,1.5,3.5,82.7,1.5,9.4,2.2,1.5,2.7,"703,985","547,155","9,850","92,225","20,190","10,380","24,190","562,555","453,110","8,480","62,610","15,455","8,155","14,740","682,190","542,190","9,555","79,700","16,540","10,365","23,840","542,180","448,445","8,210","50,805","12,120","8,140","14,460"
California's 2nd,CA-02,72.0,1.4,17.3,3.9,1.8,3.6,75.4,1.5,14.7,4.0,1.7,2.7,76.2,1.5,13.2,3.4,1.9,3.9,80.6,1.6,9.7,3.4,1.8,2.9,"713,615","514,125","10,090","123,385","27,520","12,610","25,875","569,660","429,535","8,545","83,945","22,730","9,495","15,405","660,390","503,445","9,625","86,990","22,150","12,570","25,605","520,500","419,660","8,120","50,380","17,695","9,455","15,190"
California's 3rd,CA-03,48.9,5.8,29.1,11.5,0.7,4.1,52.7,6.1,25.1,12.3,0.7,3.1,53.3,6.3,25.2,10.0,0.7,4.4,58.8,6.8,19.6,10.5,0.8,3.5,"722,895","353,395","41,990","210,155","83,275","4,700","29,380","548,810","288,955","33,745","137,645","67,620","3,730","17,120","652,310","347,675","41,180","164,650","65,385","4,585","28,840","482,835","283,960","33,005","94,630","50,935","3,645","16,670"
California's 4th,CA-04,76.9,1.2,12.9,4.9,0.8,3.2,79.6,1.3,11.1,4.9,0.8,2.3,79.0,1.3,11.4,4.2,0.9,3.3,82.3,1.3,9.1,4.0,0.9,2.4,"718,700","552,725","8,880","92,680","35,470","5,875","23,070","565,875","450,660","7,300","62,575","27,625","4,635","13,080","690,565","545,840","8,655","78,415","28,950","5,875","22,825","539,630","444,205","7,090","49,225","21,620","4,635","12,850"
California's 5th,CA-05,50.8,6.1,27.5,11.3,0.4,3.8,55.5,6.0,23.3,11.8,0.5,3.0,55.6,6.6,22.6,10.4,0.5,4.2,61.8,6.6,16.8,11.0,0.5,3.3,"724,965","368,400","44,175","199,565","81,790","3,190","27,845","571,720","317,140","34,285","133,055","67,740","2,605","16,885","649,765","361,375","43,050","146,910","67,830","3,190","27,410","502,210","310,435","33,250","84,410","55,010","2,605","16,500"
California's 6th,CA-06,38.0,12.1,27.9,17.0,0.4,4.7,42.3,12.1,24.3,17.5,0.4,3.4,40.7,13.3,25.0,15.6,0.4,5.1,46.3,13.6,20.2,15.8,0.5,3.7,"734,450","279,335","88,705","204,585","124,630","2,680","34,520","552,345","233,395","66,870","134,490","96,440","2,345","18,795","654,205","266,010","86,940","163,585","101,850","2,660","33,165","479,665","222,045","65,145","96,790","75,600","2,330","17,750"
California's 7th,CA-07,54.6,7.3,16.9,15.9,0.5,4.8,58.3,7.2,14.6,15.9,0.5,3.4,57.1,7.7,15.8,14.0,0.5,5.0,61.6,7.6,13.0,13.7,0.5,3.5,"732,955","400,515","53,655","123,830","116,645","3,335","34,980","557,450","325,125","40,295","81,645","88,660","2,650","19,070","681,615","389,405","52,185","107,490","95,425","3,330","33,775","512,085","315,640","39,005","66,710","69,940","2,645","18,140"
California's 8th,CA-08,46.6,7.8,39.0,3.4,0.9,2.4,52.0,7.4,34.2,3.8,0.9,1.8,49.3,8.2,36.1,2.8,0.9,2.6,56.2,8.0,29.8,3.1,0.9,1.9,"716,170","333,420","55,665","279,650","24,000","6,240","17,195","517,705","269,165","38,445","176,870","19,575","4,500","9,150","667,670","329,310","55,000","241,220","18,815","6,210","17,115","472,380","265,345","37,850","140,800","14,830","4,480","9,080"
California's 9th,CA-09,34.9,8.5,38.1,14.7,0.3,3.5,39.4,8.5,34.0,15.1,0.3,2.7,39.1,9.4,33.8,13.6,0.3,3.8,45.7,9.7,27.3,13.9,0.4,3.0,"739,025","258,175","62,820","281,910","108,445","2,130","25,550","535,320","211,115","45,290","182,090","81,000","1,620","14,205","650,890","254,235","61,265","219,885","88,510","2,110","24,885","454,070","207,505","44,075","124,030","63,200","1,600","13,665"
California's 10th,CA-10,44.1,3.0,42.4,7.1,0.4,3.0,49.0,3.1,37.5,7.5,0.4,2.5,48.5,3.3,38.1,6.4,0.4,3.3,55.6,3.5,30.8,6.8,0.5,2.8,"729,020","321,650","21,745","309,265","51,480","2,825","22,055","528,935","259,255","16,415","198,230","39,550","2,280","13,195","649,130","314,730","21,345","247,030","41,720","2,825","21,475","455,035","253,045","16,030","140,165","30,760","2,280","12,745"
California's 11th,CA-11,47.1,8.2,26.3,14.0,0.2,4.1,50.6,8.4,22.9,14.9,0.2,3.0,52.3,9.1,21.2,12.5,0.2,4.6,57.6,9.5,16.0,13.3,0.3,3.4,"739,385","348,550","60,940","194,230","103,450","1,610","30,615","571,565","289,285","47,825","130,760","85,370","1,275","17,060","644,735","337,075","58,760","136,700","80,865","1,600","29,735","484,800","279,005","46,050","77,625","64,515","1,270","16,340"
California's 12th,CA-12,43.7,5.3,14.8,32.2,0.2,3.7,45.6,5.1,13.6,32.8,0.2,2.7,47.0,5.9,12.7,30.1,0.2,4.1,49.5,5.7,11.0,30.7,0.2,3.0,"740,335","323,875","39,175","109,700","238,585","1,245","27,755","643,520","293,435","32,615","87,470","211,175","1,165","17,660","642,175","301,990","37,705","81,315","193,320","1,235","26,615","550,100","272,155","31,235","60,250","168,700","1,160","16,600"
California's 13th,CA-13,34.7,17.4,21.8,21.1,0.3,4.7,37.4,17.4,19.0,22.3,0.4,3.5,38.3,19.4,17.7,19.1,0.4,5.2,42.0,19.8,13.6,20.2,0.4,3.9,"740,685","256,995","128,810","161,385","156,395","2,570","34,535","598,250","223,750","104,230","113,590","133,500","2,205","20,975","640,105","244,895","124,195","113,150","122,155","2,490","33,225","504,590","212,040","99,960","68,875","101,765","2,150","19,805"
California's 14th,CA-14,35.2,3.0,24.1,34.1,0.1,3.5,37.4,3.2,21.8,35.2,0.1,2.4,39.3,3.3,20.9,32.3,0.1,4.0,42.9,3.6,17.3,33.2,0.2,2.7,"741,330","261,140","21,915","178,355","252,800",945,"26,175","590,550","220,715","18,630","128,490","207,920",745,"14,050","628,140","247,105","20,835","131,155","202,945",930,"25,175","485,145","208,270","17,660","84,100","161,190",730,"13,200"
California's 15th,CA-15,34.5,5.9,22.9,32.5,0.3,3.9,37.5,5.9,20.7,32.9,0.3,2.7,39.1,6.7,20.6,29.0,0.3,4.4,43.9,7.0,17.1,28.7,0.3,3.0,"751,440","259,360","44,260","172,060","244,490","1,940","29,330","569,975","213,490","33,805","117,930","187,730","1,590","15,435","640,280","250,285","42,795","131,690","185,665","1,930","27,915","467,980","205,540","32,575","79,925","134,200","1,580","14,160"
California's 16th,CA-16,23.0,5.6,59.8,9.4,0.5,1.7,27.5,6.0,55.0,9.5,0.5,1.4,27.0,6.7,54.6,9.2,0.5,1.9,34.6,7.6,46.1,9.3,0.6,1.8,"721,110","166,080","40,650","431,480","67,570","3,260","12,075","499,605","137,610","29,825","274,910","47,510","2,525","7,225","602,655","162,915","40,420","329,110","55,220","3,245","11,740","389,255","134,555","29,645","179,450","36,190","2,515","6,900"
California's 17th,CA-17,24.8,2.5,16.5,53.2,0.2,2.9,27.5,2.5,14.8,53.1,0.2,1.9,29.6,3.0,16.7,46.9,0.3,3.6,34.5,3.1,14.2,45.4,0.3,2.5,"748,800","185,465","18,475","123,255","398,640","1,580","21,390","582,970","160,080","14,670","86,095","309,700","1,110","11,320","579,265","171,590","17,235","96,545","271,675","1,565","20,655","429,325","148,230","13,505","61,025","194,775","1,110","10,685"
California's 18th,CA-18,55.6,1.8,16.7,21.9,0.1,3.8,58.6,1.8,14.9,22.2,0.2,2.4,60.6,2.0,14.4,18.7,0.2,4.2,65.2,2.0,11.7,18.3,0.2,2.6,"730,780","406,285","13,410","122,090","160,320","1,085","27,595","565,535","331,240","10,380","84,060","125,365",935,"13,545","629,140","381,130","12,405","90,505","117,870","1,040","26,185","474,180","309,310","9,515","55,395","86,730",890,"12,335"
California's 19th,CA-19,25.8,2.8,40.8,27.7,0.2,2.7,28.9,3.0,36.6,29.2,0.2,2.1,29.4,3.2,37.1,27.0,0.2,3.1,34.2,3.4,30.9,28.7,0.3,2.5,"748,955","193,080","21,245","305,535","207,150","1,570","20,380","569,335","164,530","16,805","208,510","166,330","1,275","11,885","630,895","185,385","20,120","234,050","170,070","1,555","19,720","459,045","157,205","15,730","141,730","131,780","1,260","11,335"
California's 20th,CA-20,37.7,1.8,52.4,5.4,0.2,2.4,43.3,2.1,46.1,6.1,0.3,2.2,45.0,2.2,44.4,5.2,0.3,2.9,54.5,2.6,33.8,6.0,0.3,2.7,"729,525","274,985","13,330","382,010","39,560","1,805","17,830","548,465","237,365","11,290","253,010","33,490","1,460","11,860","596,880","268,545","13,180","265,140","31,085","1,760","17,170","424,375","231,360","11,140","143,605","25,585","1,415","11,270"
California's 21st,CA-21,17.5,3.9,73.8,3.1,0.4,1.2,20.9,4.4,69.4,3.7,0.5,1.1,22.0,4.9,68.0,3.0,0.6,1.5,29.1,6.3,58.7,3.8,0.7,1.5,"711,465","124,850","27,800","524,975","22,405","3,145","8,290","485,890","101,410","21,615","337,200","17,900","2,445","5,320","557,185","122,685","27,555","378,855","16,835","3,115","8,145","342,085","99,580","21,390","200,670","12,835","2,410","5,200"
California's 22nd,CA-22,40.5,2.8,46.7,7.5,0.4,2.1,45.6,2.8,41.6,7.9,0.5,1.7,44.5,3.1,42.9,6.9,0.5,2.2,51.7,3.2,35.6,7.1,0.5,1.8,"739,450","299,510","20,925","345,110","55,665","3,025","15,220","530,150","241,705","14,880","220,295","42,015","2,435","8,820","662,435","294,495","20,700","284,265","45,590","3,015","14,380","458,360","237,150","14,680","163,325","32,680","2,425","8,100"
California's 23rd,CA-23,47.5,6.1,38.2,5.2,0.6,2.3,52.1,6.1,33.7,5.5,0.7,1.9,50.9,6.5,35.1,4.3,0.7,2.5,57.1,6.6,29.1,4.4,0.7,2.1,"730,050","346,945","44,855","278,570","38,220","4,560","16,900","530,015","276,360","32,285","178,860","28,920","3,555","10,040","674,330","343,480","43,915","236,810","28,960","4,550","16,615","478,295","273,285","31,440","139,195","21,010","3,550","9,815"
California's 24th,CA-24,55.4,1.8,35.6,4.6,0.3,2.3,60.2,1.9,30.4,5.0,0.4,2.0,61.3,1.9,29.8,4.1,0.4,2.6,68.0,2.2,22.7,4.5,0.4,2.2,"727,935","402,980","12,980","258,970","33,605","2,535","16,855","576,390","347,155","11,185","175,355","29,035","2,215","11,445","644,190","394,720","12,510","191,775","26,100","2,535","16,545","498,910","339,235","10,755","113,290","22,270","2,215","11,140"
California's 25th,CA-25,43.2,7.5,37.8,8.2,0.2,3.0,47.7,7.4,33.7,8.8,0.3,2.2,46.4,8.2,34.7,7.3,0.3,3.2,52.4,8.1,29.0,7.7,0.3,2.5,"719,970","311,280","54,325","271,980","59,235","1,655","21,500","525,620","250,655","38,760","176,965","46,255","1,355","11,625","656,050","304,335","53,485","227,485","47,790","1,655","21,295","466,130","244,305","37,985","135,170","35,875","1,355","11,440"
California's 26th,CA-26,44.3,1.7,44.7,6.8,0.3,2.2,48.7,1.8,40.1,7.4,0.3,1.7,50.0,1.9,39.1,6.1,0.3,2.5,57.0,2.1,32.0,6.6,0.3,2.0,"720,335","318,870","12,240","321,960","49,220","1,910","16,135","543,645","264,920","9,880","217,880","40,320","1,505","9,140","625,225","312,855","11,890","244,590","38,145","1,890","15,860","455,215","259,605","9,535","145,465","30,250","1,490","8,880"
California's 27th,CA-27,27.4,4.4,27.7,38.0,0.2,2.2,29.1,4.6,25.4,39.1,0.2,1.5,30.8,5.1,27.5,33.9,0.2,2.5,33.5,5.4,24.5,34.7,0.2,1.7,"717,210","196,730","31,885","198,780","272,850","1,305","15,660","576,240","167,920","26,635","146,540","225,320","1,170","8,645","614,295","189,385","31,240","168,855","208,315","1,280","15,225","481,155","161,170","26,030","117,745","166,825","1,145","8,240"
California's 28th,CA-28,55.1,2.6,25.9,13.5,0.2,2.7,57.4,2.8,23.8,13.6,0.2,2.2,58.6,3.0,23.1,12.1,0.2,3.0,62.1,3.3,19.9,12.1,0.2,2.5,"716,990","394,950","19,000","185,805","96,625","1,415","19,200","601,855","345,565","16,865","143,365","81,580","1,270","13,220","600,475","352,030","18,165","138,495","72,545","1,335","17,905","493,205","306,155","16,045","98,260","59,460","1,190","12,095"
California's 29th,CA-29,18.6,3.6,68.7,7.9,0.2,1.1,21.6,4.0,64.3,8.9,0.2,1.0,22.5,4.5,63.4,7.9,0.2,1.4,28.3,5.4,55.3,9.4,0.3,1.2,"717,765","133,340","25,970","492,765","56,425","1,365","7,905","540,680","116,905","21,705","347,825","47,945","1,140","5,160","545,910","123,075","24,780","346,110","43,150","1,350","7,440","379,540","107,435","20,670","209,730","35,835","1,130","4,740"
California's 30th,CA-30,50.9,4.6,28.8,12.6,0.2,3.0,54.0,4.6,25.9,13.1,0.2,2.2,55.1,5.1,25.2,11.2,0.2,3.2,59.7,5.2,21.0,11.5,0.2,2.4,"750,370","381,580","34,555","215,780","94,685","1,320","22,450","598,800","323,545","27,475","155,170","78,160","1,040","13,405","651,345","358,855","33,110","164,290","73,025","1,315","20,750","506,390","302,495","26,130","106,595","58,190","1,035","11,950"
California's 31st,CA-31,27.3,10.1,52.2,7.9,0.2,2.2,31.1,10.5,47.7,8.6,0.3,1.9,29.8,11.2,49.5,6.8,0.3,2.4,35.2,12.0,43.3,7.2,0.3,2.1,"733,580","200,535","74,420","382,935","58,005","1,735","15,945","534,175","166,190","55,955","255,015","45,750","1,340","9,925","650,185","194,055","72,950","321,855","44,100","1,715","15,510","456,310","160,570","54,605","197,430","32,865","1,320","9,515"
California's 32nd,CA-32,16.3,2.7,62.0,17.6,0.2,1.3,18.6,2.8,57.9,19.3,0.3,1.1,19.0,3.1,60.0,16.2,0.3,1.5,22.6,3.5,54.3,18.1,0.3,1.3,"719,110","117,545","19,095","445,510","126,245","1,710","9,010","550,620","102,270","15,665","318,970","106,360","1,550","5,800","603,855","114,820","18,575","362,025","97,940","1,705","8,800","441,890","99,820","15,255","239,750","79,930","1,545","5,595"
California's 33rd,CA-33,66.1,2.8,12.6,14.2,0.2,4.0,68.1,2.7,11.8,14.4,0.2,2.8,68.7,3.0,12.0,11.9,0.2,4.3,71.1,2.9,11.0,11.9,0.2,2.9,"713,625","471,860","20,050","90,155","101,625","1,205","28,735","581,615","395,835","15,880","68,910","83,845",970,"16,180","650,100","446,545","19,220","78,300","77,205","1,170","27,665","523,965","372,800","15,055","57,570","62,230",935,"15,370"
California's 34th,CA-34,10.6,4.2,64.3,19.6,0.1,1.1,12.3,4.7,59.6,22.1,0.2,1.1,14.1,5.7,59.9,18.6,0.2,1.5,17.9,7.1,51.0,22.2,0.3,1.5,"720,385","76,160","30,155","463,530","141,235","1,080","8,210","564,310","69,250","26,765","336,610","124,605","1,010","6,060","506,520","71,420","28,745","303,290","94,320","1,010","7,730","360,785","64,690","25,535","183,850","80,180",940,"5,585"
California's 35th,CA-35,14.6,6.6,70.0,6.9,0.2,1.7,17.3,7.0,66.1,7.8,0.2,1.6,17.3,7.8,66.3,6.3,0.3,2.0,21.8,8.8,59.8,7.3,0.3,2.0,"730,260","106,625","48,190","511,250","50,410","1,545","12,235","530,685","91,740","37,170","350,775","41,370","1,275","8,355","601,835","104,045","46,900","399,285","38,145","1,515","11,950","410,065","89,475","36,065","245,130","30,040","1,245","8,105"
California's 36th,CA-36,41.6,4.0,48.7,3.3,0.6,1.7,48.4,3.9,42.3,3.5,0.6,1.3,46.4,4.5,43.6,2.8,0.7,2.0,55.8,4.6,34.4,3.1,0.6,1.5,"736,045","306,440","29,625","358,730","24,030","4,430","12,790","558,645","270,585","21,955","236,140","19,450","3,100","7,415","637,385","295,895","28,980","277,765","17,965","4,330","12,445","466,145","260,290","21,355","160,190","14,220","3,010","7,075"
California's 37th,CA-37,25.3,23.4,38.2,10.4,0.1,2.5,27.4,24.1,34.6,11.6,0.1,2.1,28.8,27.5,31.7,8.9,0.1,2.9,32.3,29.5,25.7,10.0,0.2,2.4,"722,140","182,785","169,025","275,640","75,385",960,"18,345","579,090","158,825","139,730","200,385","67,345",835,"11,975","592,380","170,405","163,045","188,030","52,570",885,"17,450","455,340","147,055","134,150","116,855","45,395",760,"11,125"
California's 38th,CA-38,17.1,3.8,62.0,15.6,0.3,1.2,19.6,3.8,58.4,16.9,0.3,1.0,19.3,4.3,60.3,14.5,0.4,1.3,22.8,4.4,55.4,15.9,0.4,1.1,"717,230","122,910","27,095","444,335","112,065","2,270","8,560","548,705","107,345","20,885","320,435","92,925","1,805","5,305","625,175","120,490","26,715","376,965","90,395","2,265","8,350","461,625","105,040","20,520","255,740","73,385","1,805","5,145"
California's 39th,CA-39,31.6,2.1,33.5,30.2,0.2,2.3,34.3,2.2,30.1,31.5,0.2,1.7,35.6,2.3,31.8,27.5,0.2,2.6,39.6,2.5,27.2,28.5,0.2,2.0,"722,855","228,670","15,095","242,180","218,540","1,445","16,925","563,530","193,305","12,300","169,665","177,300","1,155","9,805","627,415","223,390","14,555","199,310","172,420","1,435","16,300","475,345","188,355","11,765","129,250","135,490","1,155","9,330"
California's 40th,CA-40,4.8,4.7,87.6,2.5,0.1,0.3,5.7,5.0,85.8,3.0,0.1,0.3,6.3,6.4,84.0,2.8,0.1,0.5,8.7,7.9,79.0,3.7,0.2,0.5,"709,435","33,815","33,280","621,400","17,910",665,"2,365","499,960","28,580","25,235","428,800","15,190",635,"1,520","513,225","32,335","32,680","430,960","14,250",650,"2,345","313,880","27,435","24,660","247,910","11,755",625,"1,495"
California's 41st,CA-41,24.4,9.1,58.6,5.6,0.3,2.0,28.2,9.4,53.8,6.5,0.3,1.7,27.8,10.3,54.1,5.2,0.3,2.3,33.6,11.2,46.6,6.1,0.4,2.0,"739,305","180,510","67,055","433,125","41,545","2,175","14,895","535,375","151,155","50,315","287,940","34,950","1,845","9,160","636,580","176,770","65,820","344,490","32,950","2,135","14,420","439,095","147,540","49,340","204,720","26,910","1,805","8,770"
California's 42nd,CA-42,43.9,5.1,38.0,9.4,0.3,3.2,47.3,5.4,34.5,10.1,0.3,2.3,47.3,5.4,35.0,8.4,0.4,3.5,52.2,5.9,30.0,9.0,0.4,2.5,"761,340","334,360","38,965","289,225","71,460","2,630","24,695","554,075","261,860","30,150","191,215","55,995","1,915","12,935","693,480","328,360","37,770","242,550","58,150","2,630","24,025","490,860","256,445","29,130","147,110","43,960","1,915","12,305"
California's 43rd,CA-43,14.8,22.7,46.8,13.0,0.1,2.6,17.0,23.3,42.9,14.3,0.2,2.3,17.0,26.6,40.9,12.3,0.2,3.1,20.6,28.7,33.9,13.8,0.2,2.8,"719,530","106,435","163,225","336,405","93,540",990,"18,940","544,695","92,580","127,000","233,800","77,850",935,"12,535","595,560","101,350","158,325","243,365","73,290",980,"18,245","427,460","87,995","122,695","145,015","58,945",925,"11,890"
California's 44th,CA-44,6.7,15.6,70.0,6.2,0.2,1.3,8.2,16.7,66.5,7.1,0.2,1.2,8.1,19.4,64.2,6.5,0.2,1.6,10.9,22.5,56.8,7.8,0.3,1.7,"721,110","48,175","112,515","504,910","44,890","1,475","9,145","515,815","42,490","86,190","342,895","36,725","1,140","6,370","574,950","46,800","111,335","369,205","37,100","1,435","9,075","378,020","41,160","85,105","214,815","29,530","1,105","6,305"
California's 45th,CA-45,52.4,1.8,18.4,23.7,0.2,3.4,55.1,1.8,16.7,23.9,0.2,2.3,57.0,1.9,16.7,20.6,0.2,3.6,60.9,1.9,14.2,20.4,0.2,2.5,"749,685","393,070","13,360","138,270","177,845","1,295","25,845","584,935","322,325","10,280","97,720","139,975","1,040","13,595","660,030","376,105","12,350","110,295","135,990","1,295","24,005","505,170","307,520","9,390","71,510","103,255","1,040","12,455"
California's 46th,CA-46,18.3,1.5,66.4,12.6,0.2,1.0,22.0,1.7,61.1,14.1,0.2,0.9,23.8,1.8,58.9,14.0,0.2,1.3,31.6,2.2,47.8,16.8,0.2,1.3,"726,305","132,920","10,725","482,150","91,740","1,170","7,610","532,850","117,330","8,860","325,510","75,335",860,"4,955","541,120","128,910","9,815","318,520","75,615","1,165","7,095","358,965","113,515","8,050","171,550","60,410",860,"4,580"
California's 47th,CA-47,31.8,7.2,35.3,22.4,0.3,3.0,35.9,7.2,31.0,23.3,0.3,2.3,35.7,8.1,31.0,21.5,0.4,3.3,41.5,8.3,24.7,22.5,0.4,2.6,"716,960","227,955","51,300","253,440","160,605","2,405","21,250","551,955","198,115","39,525","171,360","128,445","1,790","12,715","622,865","222,360","50,425","193,105","134,130","2,375","20,465","464,280","192,725","38,685","114,770","104,320","1,760","12,030"
California's 48th,CA-48,56.3,1.1,21.3,18.3,0.2,2.8,59.2,1.2,18.6,18.9,0.2,2.0,60.3,1.2,17.9,17.4,0.2,3.0,64.1,1.3,14.3,18.0,0.3,2.1,"723,985","407,880","8,165","154,090","132,180","1,630","20,035","578,335","342,215","6,790","107,315","109,315","1,360","11,340","656,895","395,840","7,880","117,705","114,330","1,575","19,570","516,420","331,180","6,540","73,600","92,885","1,305","10,920"
California's 49th,CA-49,61.5,2.6,26.0,6.9,0.3,2.7,65.0,2.6,22.9,7.1,0.3,2.1,65.4,2.7,22.4,6.2,0.3,2.9,70.3,2.8,18.1,6.3,0.3,2.2,"729,770","448,965","18,625","189,490","50,525","2,100","20,055","560,770","364,685","14,535","128,395","39,960","1,675","11,520","669,725","438,280","18,100","150,135","41,435","2,100","19,670","504,795","354,765","14,030","91,295","31,845","1,675","11,190"
California's 50th,CA-50,57.2,2.6,30.6,5.7,0.7,3.2,61.3,2.6,26.9,6.1,0.7,2.3,61.4,2.8,26.3,5.3,0.8,3.4,67.3,2.9,20.8,5.7,0.8,2.5,"736,000","421,225","18,940","224,935","42,135","5,465","23,295","555,310","340,510","14,540","149,395","34,125","3,895","12,845","657,385","403,500","18,340","172,840","34,740","5,465","22,505","483,140","325,225","14,045","100,300","27,385","3,895","12,285"
California's 51st,CA-51,13.4,6.3,70.1,8.4,0.4,1.4,16.1,6.7,66.2,9.4,0.4,1.2,16.1,7.4,66.1,8.1,0.5,1.7,20.7,8.5,59.3,9.4,0.5,1.5,"730,710","97,815","45,950","512,165","61,565","2,765","10,445","535,920","86,130","36,125","354,860","50,240","2,095","6,475","591,345","95,435","43,820","391,130","48,115","2,765","10,075","406,185","84,045","34,640","240,970","38,280","2,095","6,150"
California's 52nd,CA-52,58.9,2.9,14.2,19.9,0.3,3.8,61.5,2.9,12.7,20.0,0.3,2.5,62.5,3.1,13.7,16.3,0.3,4.1,66.0,3.2,11.9,15.9,0.3,2.7,"742,155","437,395","21,335","105,670","147,925","1,965","27,860","596,645","366,960","17,410","76,050","119,470","1,585","15,175","667,510","417,345","20,735","91,340","109,080","1,940","27,075","528,915","348,835","16,820","63,165","84,005","1,555","14,530"
California's 53rd,CA-53,40.8,7.9,33.5,13.9,0.2,3.8,45.1,7.7,29.7,14.6,0.2,2.7,43.3,8.4,31.5,12.4,0.2,4.1,48.9,8.3,26.6,12.9,0.3,3.0,"753,025","306,925","59,135","252,385","104,695","1,645","28,240","596,470","269,065","45,890","176,900","86,870","1,415","16,330","675,895","292,910","56,650","213,015","84,015","1,645","27,655","525,270","256,890","43,765","139,595","67,845","1,415","15,755"
Colorado's 1st,CO-01,57.7,8.3,27.9,3.4,0.5,2.3,62.7,7.9,23.8,3.5,0.5,1.7,62.5,8.6,23.5,2.4,0.5,2.4,68.9,8.2,18.0,2.5,0.6,1.9,"786,255","453,540","65,175","219,695","26,395","3,695","17,750","622,830","390,250","48,960","148,150","21,555","3,085","10,830","712,165","445,285","60,955","167,575","17,425","3,685","17,245","555,290","382,695","45,560","99,695","13,875","3,075","10,400"
Colorado's 2nd,CO-02,83.2,0.8,10.4,3.2,0.3,2.0,85.4,0.8,8.8,3.2,0.3,1.5,85.5,0.8,9.1,2.3,0.3,2.0,88.1,0.8,7.2,2.1,0.3,1.5,"771,980","642,500","6,325","80,545","24,790","2,350","15,465","617,980","527,825","5,250","54,175","19,685","1,900","9,145","740,025","632,850","5,815","67,335","16,785","2,325","14,910","589,025","518,960","4,760","42,515","12,315","1,880","8,590"
Colorado's 3rd,CO-03,71.2,0.8,24.4,0.7,1.3,1.5,74.6,0.8,21.3,0.8,1.3,1.2,73.6,0.8,22.0,0.6,1.4,1.5,77.6,0.8,18.3,0.7,1.4,1.2,"727,400","518,250","5,925","177,350","5,415","9,810","10,650","565,790","421,940","4,630","120,490","4,575","7,345","6,810","697,295","513,490","5,710","153,495","4,360","9,790","10,445","537,705","417,385","4,430","98,370","3,585","7,325","6,605"
Colorado's 4th,CO-04,72.9,1.3,21.7,1.8,0.5,1.8,76.0,1.4,19.0,1.8,0.5,1.3,76.0,1.2,19.1,1.3,0.5,1.9,80.1,1.3,15.5,1.3,0.6,1.3,"764,155","556,705","9,970","166,120","14,000","3,605","13,760","566,660","430,510","7,840","107,610","10,440","3,025","7,235","725,970","551,680","8,770","138,780","9,605","3,605","13,530","532,295","426,200","6,825","82,405","6,795","3,025","7,050"
Colorado's 5th,CO-05,72.4,5.4,15.4,2.7,0.4,3.7,75.5,5.4,13.2,2.8,0.4,2.7,74.0,5.4,14.2,2.2,0.4,3.8,77.6,5.4,11.6,2.2,0.4,2.8,"761,750","551,610","41,350","117,205","20,555","2,975","28,050","578,860","436,955","31,455","76,240","16,320","2,305","15,580","737,480","546,085","39,710","104,735","16,165","2,970","27,815","556,315","431,735","30,065","64,510","12,345","2,300","15,360"
Colorado's 6th,CO-06,62.3,9.0,19.8,6.0,0.3,2.6,66.1,8.7,16.9,6.1,0.3,1.9,67.1,8.8,16.4,4.6,0.4,2.8,72.3,8.5,12.3,4.4,0.4,2.1,"779,950","486,095","69,935","154,115","46,585","2,565","20,660","575,070","380,100","50,085","97,065","34,950","1,945","10,925","712,650","477,855","62,655","116,995","32,430","2,545","20,170","515,295","372,690","43,965","63,290","22,840","1,945","10,575"
Colorado's 7th,CO-07,64.7,1.4,28.3,3.2,0.5,1.8,69.3,1.4,24.2,3.3,0.5,1.3,68.5,1.4,24.9,2.7,0.5,1.9,74.3,1.4,19.7,2.7,0.5,1.4,"767,810","496,855","10,885","217,265","24,930","3,930","13,950","585,925","405,865","8,070","141,555","19,620","2,935","7,870","715,950","490,600","10,125","178,295","19,195","3,930","13,800","538,515","400,145","7,470","105,880","14,355","2,935","7,725"
Connecticut's 1st,CT-01,62.6,14.4,16.0,5.0,0.1,1.9,66.2,13.7,13.8,4.8,0.1,1.3,65.5,13.7,15.6,3.2,0.1,2.0,69.9,12.8,13.1,2.7,0.1,1.4,"715,145","447,640","103,185","114,365","35,750",825,"13,375","561,505","371,880","76,765","77,650","27,040",645,"7,530","664,790","435,575","91,125","103,395","20,950",780,"12,965","516,180","360,560","66,055","67,690","14,160",595,"7,125"
Connecticut's 2nd,CT-02,82.4,3.6,7.9,3.3,0.2,2.6,84.4,3.7,6.7,3.2,0.2,1.7,84.1,3.4,7.3,2.4,0.2,2.6,86.4,3.5,5.9,2.2,0.2,1.8,"709,760","585,135","25,470","56,080","23,370","1,500","18,205","567,575","479,240","20,890","38,075","18,360","1,095","9,920","687,725","578,520","23,370","50,165","16,275","1,480","17,915","547,310","473,060","19,010","32,535","11,905","1,075","9,725"
Connecticut's 3rd,CT-03,66.1,13.1,14.5,4.3,0.2,1.8,69.7,12.2,12.3,4.4,0.2,1.3,68.7,13.2,13.1,2.9,0.2,1.9,73.0,12.3,10.5,2.7,0.2,1.3,"715,345","472,490","93,580","103,785","30,965","1,340","13,180","571,770","398,310","69,555","70,520","24,920","1,095","7,370","670,070","460,205","88,445","88,010","19,300","1,290","12,825","530,185","386,785","65,105","55,860","14,340","1,070","7,035"
Connecticut's 4th,CT-04,62.5,11.8,18.9,5.3,0.1,1.5,64.6,11.6,17.5,5.3,0.1,0.8,67.7,11.7,15.1,3.8,0.1,1.6,71.4,11.5,12.5,3.6,0.1,0.8,"733,755","458,405","86,660","138,315","38,745",775,"10,845","556,110","359,255","64,555","97,430","29,660",685,"4,525","646,375","437,525","75,770","97,785","24,415",750,"10,125","476,095","340,065","54,600","59,700","17,040",660,"4,025"
Connecticut's 5th,CT-05,71.3,5.9,17.5,3.7,0.1,1.5,74.8,5.9,14.7,3.5,0.1,1.0,74.1,5.8,15.8,2.6,0.1,1.5,78.3,5.8,12.5,2.3,0.1,1.0,"714,565","509,590","42,465","125,180","26,225",595,"10,510","557,960","417,305","32,905","82,270","19,720",410,"5,350","664,980","493,035","38,745","105,360","17,190",580,"10,070","513,110","401,645","29,975","64,315","11,755",400,"5,025"
Delaware's At-Large,DE-AL,63.7,21.2,8.8,3.7,0.3,2.2,67.2,20.2,7.2,3.7,0.3,1.3,66.2,21.6,7.2,2.4,0.3,2.3,70.5,20.6,5.1,2.2,0.3,1.3,"934,695","595,050","198,445","82,660","34,740","2,945","20,850","730,505","491,130","147,915","52,610","27,255","2,340","9,255","890,715","589,905","191,990","63,760","21,635","2,930","20,495","689,655","486,215","142,015","34,980","15,190","2,340","8,915"
Florida's 1st,FL-01,73.9,13.1,6.1,2.6,0.5,3.9,76.2,12.6,5.4,2.8,0.5,2.4,74.9,13.3,5.3,2.0,0.5,3.9,77.5,12.8,4.5,2.1,0.5,2.5,"741,950","548,300","97,385","45,155","18,935","3,550","28,630","581,905","443,655","73,575","31,535","16,085","2,905","14,145","725,045","543,365","96,375","38,725","14,665","3,545","28,375","566,265","439,095","72,645","25,670","12,055","2,900","13,895"
Florida's 2nd,FL-02,77.0,12.8,6.1,1.8,0.4,2.0,78.4,12.7,5.4,1.7,0.4,1.3,78.3,12.9,5.2,1.3,0.4,2.0,79.9,12.8,4.3,1.2,0.4,1.3,"709,130","545,780","90,665","43,235","12,425","2,970","14,055","566,110","444,005","71,675","30,775","9,700","2,485","7,460","691,555","541,195","88,900","35,945","8,700","2,935","13,880","549,900","439,605","70,190","23,840","6,490","2,450","7,325"
Florida's 3rd,FL-03,69.2,15.9,8.9,3.5,0.2,2.3,71.6,14.9,8.2,3.6,0.3,1.5,70.7,16.0,8.1,2.5,0.2,2.3,73.5,15.0,7.2,2.5,0.3,1.5,"713,475","493,555","113,290","63,465","25,085","1,690","16,380","564,515","404,195","83,985","46,060","20,430","1,475","8,370","689,685","487,805","110,530","56,015","17,585","1,690","16,055","542,395","398,850","81,295","39,105","13,620","1,475","8,050"
Florida's 4th,FL-04,76.2,9.0,7.7,4.4,0.2,2.5,78.0,8.7,7.1,4.4,0.2,1.6,77.9,9.1,6.9,3.3,0.2,2.6,80.2,8.8,6.0,3.2,0.2,1.6,"747,075","569,300","66,880","57,815","32,605","1,475","18,995","588,935","459,660","51,215","41,785","25,860","1,210","9,210","717,255","559,025","65,250","49,390","23,555","1,460","18,575","562,015","450,785","49,650","33,755","17,760","1,195","8,875"
Florida's 5th,FL-05,40.8,46.7,7.5,2.6,0.2,2.2,44.4,44.3,6.8,2.8,0.3,1.5,41.7,47.7,6.4,1.8,0.3,2.2,45.6,45.3,5.4,1.9,0.3,1.5,"718,315","293,155","335,655","53,650","18,560","1,750","15,545","552,485","245,290","244,565","37,580","15,195","1,515","8,340","692,450","288,595","330,510","43,985","12,560","1,735","15,070","529,155","241,220","239,950","28,630","9,900","1,500","7,950"
Florida's 6th,FL-06,74.8,10.1,11.5,1.8,0.3,1.5,77.7,9.3,10.0,1.8,0.3,0.9,76.0,10.1,10.7,1.3,0.3,1.5,79.2,9.3,9.0,1.3,0.3,0.9,"728,595","544,635","73,645","84,130","13,000","2,155","11,030","596,140","463,015","55,450","59,740","10,775","1,785","5,380","706,230","536,855","71,515","75,620","9,240","2,145","10,855","575,030","455,455","53,470","51,770","7,340","1,775","5,225"
Florida's 7th,FL-07,60.4,10.0,23.3,4.4,0.1,1.8,63.0,9.5,21.6,4.5,0.1,1.4,62.6,10.1,21.9,3.4,0.1,1.9,65.7,9.6,19.9,3.3,0.1,1.4,"737,985","445,465","73,685","171,815","32,570",815,"13,630","589,720","371,305","55,760","127,620","26,300",660,"8,075","696,785","436,290","70,375","152,665","23,450",785,"13,210","552,445","362,920","52,920","110,130","18,140",645,"7,685"
Florida's 8th,FL-08,75.9,9.7,10.0,2.1,0.2,2.1,78.9,8.7,8.6,2.1,0.2,1.4,77.6,9.6,8.9,1.6,0.2,2.1,80.9,8.5,7.4,1.5,0.2,1.4,"720,695","547,080","69,845","71,720","15,430","1,700","14,925","586,550","462,890","51,180","50,685","12,260","1,325","8,215","695,070","539,340","66,415","61,910","11,150","1,695","14,560","562,860","455,500","48,095","41,635","8,410","1,320","7,900"
Florida's 9th,FL-09,44.1,12.2,38.9,3.0,0.2,1.7,47.7,11.4,36.3,3.2,0.2,1.2,46.7,12.1,36.7,2.5,0.2,1.8,51.4,11.3,33.2,2.6,0.2,1.2,"780,260","344,110","94,895","303,365","23,455","1,315","13,115","590,780","281,845","67,385","214,420","18,890","1,230","7,005","714,440","333,835","86,785","261,975","17,930","1,275","12,630","530,730","272,590","60,170","176,340","13,870","1,190","6,570"
Florida's 10th,FL-10,39.1,27.5,25.8,5.4,0.1,2.1,42.1,26.0,24.5,5.7,0.1,1.7,42.0,27.3,23.9,4.5,0.1,2.2,46.1,25.5,21.9,4.7,0.1,1.7,"762,105","297,960","209,425","196,780","41,340",875,"15,730","577,765","242,980","149,980","141,595","32,950",545,"9,715","674,450","283,315","184,280","160,885","30,605",835,"14,535","498,575","229,790","127,380","109,030","23,195",510,"8,665"
Florida's 11th,FL-11,80.4,6.9,9.7,1.2,0.2,1.5,83.1,6.3,8.2,1.2,0.3,0.9,81.5,6.9,8.9,0.9,0.2,1.5,84.4,6.2,7.3,0.9,0.3,0.9,"727,835","585,070","50,415","70,530","8,910","1,780","11,130","613,605","509,735","38,485","50,600","7,480","1,615","5,685","710,335","578,940","48,840","63,285","6,665","1,770","10,840","596,990","503,885","37,125","43,650","5,295","1,600","5,435"
Florida's 12th,FL-12,79.7,4.4,11.6,2.5,0.3,1.6,82.3,4.0,10.1,2.4,0.3,0.9,81.1,4.3,10.7,2.0,0.3,1.6,84.0,3.9,9.0,1.9,0.3,0.9,"729,430","580,995","31,780","84,840","18,025","2,110","11,680","588,095","483,945","23,450","59,460","13,955","1,770","5,520","701,195","568,335","30,220","74,905","14,310","2,085","11,345","562,145","472,105","22,005","50,450","10,570","1,750","5,265"
Florida's 13th,FL-13,72.5,12.3,9.3,3.6,0.3,2.1,76.2,10.9,7.9,3.5,0.3,1.2,74.0,12.6,8.1,2.9,0.3,2.2,78.1,11.2,6.4,2.8,0.3,1.2,"711,120","515,670","87,275","65,940","25,300","1,950","14,990","588,610","448,645","64,245","46,520","20,565","1,635","7,005","675,410","499,855","84,770","54,440","19,745","1,930","14,680","555,010","433,335","62,190","35,700","15,440","1,620","6,730"
Florida's 14th,FL-14,47.3,17.4,28.9,4.4,0.2,1.9,50.5,16.1,27.4,4.5,0.2,1.4,50.9,18.4,25.2,3.4,0.2,1.9,55.1,17.0,22.8,3.3,0.2,1.5,"739,945","349,940","128,725","213,645","32,385","1,380","13,865","577,555","291,405","92,765","158,290","25,820","1,075","8,205","668,930","340,260","122,800","168,735","22,745","1,360","13,030","512,900","282,680","87,335","117,175","17,165","1,055","7,490"
Florida's 15th,FL-15,59.9,13.8,20.9,3.1,0.3,2.0,63.9,13.0,18.4,3.2,0.2,1.4,62.5,14.0,18.6,2.4,0.3,2.1,67.3,13.2,15.4,2.5,0.2,1.4,"745,465","446,680","102,785","156,120","22,930","1,865","15,080","570,530","364,455","73,935","104,950","17,975","1,320","7,890","703,740","440,175","98,595","131,210","17,190","1,805","14,765","532,485","358,475","70,130","81,905","13,095","1,260","7,620"
Florida's 16th,FL-16,71.5,8.4,16.7,2.0,0.2,1.3,76.3,7.3,13.4,1.9,0.2,0.9,74.6,8.7,13.4,1.7,0.2,1.4,80.3,7.6,9.4,1.6,0.2,0.9,"760,540","543,715","63,545","126,655","15,015","1,675","9,935","609,420","464,755","44,765","81,525","11,760","1,390","5,225","707,850","528,340","61,475","94,880","11,835","1,670","9,650","560,555","449,985","42,760","52,500","8,985","1,385","4,940"
Florida's 17th,FL-17,75.1,7.5,14.4,1.3,0.2,1.4,78.8,6.9,12.0,1.3,0.2,0.8,78.0,7.4,11.8,1.1,0.2,1.4,82.4,6.8,8.8,1.1,0.2,0.8,"729,130","547,680","54,770","105,355","9,630","1,755","9,940","603,195","475,515","41,415","72,580","7,750","1,345","4,590","687,455","536,330","51,170","81,075","7,625","1,700","9,555","564,130","464,785","38,145","49,660","5,965","1,285","4,285"
Florida's 18th,FL-18,68.5,12.4,15.4,2.2,0.2,1.3,72.5,11.2,13.1,2.1,0.1,0.8,72.0,12.0,12.8,1.7,0.2,1.4,76.8,10.7,10.0,1.6,0.2,0.8,"730,785","500,840","90,570","112,350","15,965","1,205","9,855","592,020","429,445","66,325","77,650","12,725",850,"5,015","682,745","491,510","81,755","87,395","11,520","1,205","9,355","547,435","420,480","58,415","54,535","8,575",850,"4,570"
Florida's 19th,FL-19,70.9,7.6,18.9,1.4,0.2,0.9,75.7,6.3,15.8,1.4,0.2,0.6,75.7,7.1,14.7,1.2,0.2,1.0,81.6,5.7,10.7,1.2,0.2,0.7,"757,390","537,180","57,220","143,420","10,965","1,440","7,155","624,870","473,025","39,425","98,485","9,020","1,130","3,785","688,235","520,990","48,920","101,390","8,470","1,425","7,035","560,780","457,505","31,765","60,030","6,670","1,115","3,700"
Florida's 20th,FL-20,19.1,52.6,23.8,2.9,0.1,1.5,22.1,50.2,23.4,3.0,0.1,1.2,21.3,53.7,20.7,2.5,0.1,1.6,25.6,51.2,19.4,2.5,0.1,1.3,"752,660","143,540","395,580","179,340","21,765",815,"11,630","569,700","125,965","285,710","133,345","17,045",535,"7,105","631,450","134,740","338,975","130,745","15,810",770,"10,405","459,945","117,605","235,265","89,190","11,450",505,"5,935"
Florida's 21st,FL-21,58.6,15.2,22.2,2.6,0.1,1.3,63.0,13.5,20.0,2.5,0.1,0.9,64.6,13.7,17.9,2.2,0.1,1.4,70.5,11.6,14.7,2.1,0.1,0.9,"738,760","432,790","112,355","164,315","18,965",610,"9,725","597,560","376,500","80,655","119,790","14,930",540,"5,140","645,385","416,970","88,530","115,675","14,400",595,"9,225","512,725","361,675","59,485","75,565","10,740",525,"4,735"
Florida's 22nd,FL-22,59.8,14.7,20.7,3.1,0.2,1.6,63.5,13.0,19.1,3.1,0.2,1.2,63.9,13.6,18.0,2.6,0.2,1.7,68.7,11.6,15.8,2.5,0.2,1.2,"733,500","438,335","107,795","151,895","22,590","1,200","11,685","593,940","377,085","77,045","113,710","18,350",900,"6,845","645,025","412,255","87,980","116,135","16,570","1,185","10,900","512,670","352,405","59,490","80,870","12,825",885,"6,180"
Florida's 23rd,FL-23,45.4,13.2,35.5,4.2,0.2,1.5,47.3,12.4,34.8,4.2,0.2,1.1,49.0,13.4,32.1,3.5,0.3,1.6,51.8,12.5,30.8,3.4,0.3,1.1,"741,075","336,110","97,810","263,340","30,890","1,740","11,195","584,935","276,780","72,810","203,325","24,520","1,320","6,180","639,660","313,590","85,745","205,635","22,490","1,675","10,530","494,965","256,505","62,055","152,670","16,920","1,255","5,570"
Florida's 24th,FL-24,12.6,48.1,37.0,1.4,0.1,0.7,13.4,46.4,38.0,1.5,0.1,0.6,14.4,51.6,31.8,1.2,0.2,0.8,15.7,50.5,31.6,1.4,0.1,0.7,"734,085","92,635","353,380","271,855","10,120",925,"5,175","571,040","76,355","264,865","216,995","8,680",640,"3,500","594,600","85,405","307,100","189,145","7,360",895,"4,690","443,490","69,435","223,910","140,360","6,085",615,"3,085"
Florida's 25th,FL-25,18.7,3.7,75.8,1.2,0.2,0.3,19.3,3.5,75.6,1.2,0.2,0.2,24.6,4.2,69.5,1.0,0.2,0.4,26.5,3.9,68.0,1.0,0.2,0.3,"744,165","139,515","27,820","564,310","8,810","1,260","2,455","591,185","114,315","20,825","446,775","6,990",905,"1,380","546,765","134,345","22,875","380,270","5,645","1,260","2,375","414,085","109,775","16,145","281,755","4,200",905,"1,300"
Florida's 26th,FL-26,17.8,11.1,68.6,1.7,0.1,0.7,18.0,10.1,69.3,1.8,0.1,0.6,21.2,12.6,63.7,1.5,0.1,0.8,22.4,11.7,63.5,1.6,0.1,0.6,"761,160","135,390","84,515","522,420","13,005",795,"5,035","593,310","107,055","60,135","411,340","10,855",650,"3,280","613,525","130,365","77,470","390,930","9,360",715,"4,685","457,955","102,640","53,765","290,615","7,430",570,"2,940"
Florida's 27th,FL-27,22.8,4.1,70.4,2.0,0.1,0.7,22.7,4.0,70.6,2.2,0.1,0.5,27.2,5.0,65.2,1.8,0.1,0.8,27.8,5.0,64.6,1.9,0.1,0.6,"737,825","168,090","30,015","519,395","15,125",375,"4,825","603,700","136,805","24,065","426,290","13,030",340,"3,165","556,235","151,085","27,650","362,515","10,245",375,"4,365","438,255","121,750","21,995","282,940","8,500",340,"2,725"
Georgia's 1st,GA-01,59.7,29.3,6.6,1.9,0.3,2.2,62.4,28.3,5.8,2.0,0.3,1.2,60.9,30.0,5.1,1.4,0.3,2.2,64.0,29.1,3.8,1.4,0.3,1.3,"723,375","431,825","212,110","47,705","13,560","2,275","15,900","548,200","342,025","155,005","31,615","11,025","1,720","6,805","701,405","427,420","210,445","35,905","9,650","2,240","15,740","527,655","337,960","153,425","20,285","7,625","1,710","6,650"
Georgia's 2nd,GA-02,40.7,51.4,4.9,1.2,0.2,1.6,43.6,49.5,4.3,1.3,0.2,1.1,41.4,52.3,3.6,0.9,0.2,1.6,44.6,50.7,2.6,0.9,0.2,1.1,"685,990","279,215","352,525","33,690","8,500","1,260","10,810","518,915","226,445","257,010","22,065","6,710","1,070","5,615","670,425","277,515","350,885","24,200","6,030","1,185","10,610","504,255","224,875","255,430","13,100","4,430",995,"5,425"
Georgia's 3rd,GA-03,66.7,23.6,5.6,1.8,0.2,2.1,69.1,22.9,4.7,1.9,0.2,1.2,68.1,24.0,4.4,1.3,0.2,2.1,70.8,23.3,3.3,1.2,0.2,1.2,"714,265","476,150","168,575","39,870","13,165","1,540","14,965","536,615","370,765","123,000","25,415","9,980","1,175","6,275","694,610","472,810","166,435","30,580","8,695","1,540","14,550","518,970","367,650","121,050","16,960","6,075","1,175","6,055"
Georgia's 4th,GA-04,25.3,58.8,9.2,5.0,0.1,1.6,28.5,57.5,7.7,5.0,0.1,1.2,27.0,61.6,6.3,3.3,0.1,1.7,30.9,60.7,3.8,3.2,0.1,1.3,"730,840","184,780","429,660","67,175","36,870",860,"11,495","539,755","153,580","310,210","41,500","27,220",715,"6,530","667,990","180,350","411,535","41,855","22,175",835,"11,235","485,240","149,760","294,465","18,425","15,555",690,"6,345"
Georgia's 5th,GA-05,28.5,58.2,7.0,4.3,0.2,1.8,31.5,56.1,5.9,4.7,0.3,1.5,29.4,60.9,4.9,2.7,0.2,1.8,32.8,59.2,3.3,2.9,0.3,1.5,"736,160","209,490","428,530","51,535","31,530","1,765","13,310","583,095","183,535","327,340","34,345","27,450","1,520","8,905","693,925","204,305","422,890","33,845","18,815","1,630","12,435","543,810","178,480","322,110","17,960","15,625","1,380","8,255"
Georgia's 6th,GA-06,61.2,13.4,12.3,10.8,0.3,2.0,64.2,13.2,10.3,10.7,0.3,1.3,67.5,14.3,8.3,7.6,0.3,2.1,72.4,14.3,4.9,6.8,0.3,1.4,"731,335","447,930","97,975","89,790","78,950","1,960","14,725","550,290","353,375","72,590","56,775","58,720","1,575","7,255","641,380","432,745","91,755","53,010","48,665","1,675","13,530","469,400","340,035","66,980","22,845","31,735","1,310","6,490"
Georgia's 7th,GA-07,46.8,19.0,19.1,13.0,0.2,1.9,49.9,18.4,16.8,13.5,0.2,1.3,52.8,20.5,13.8,10.5,0.2,2.1,58.5,20.4,9.1,10.4,0.2,1.4,"761,510","356,540","145,055","145,075","98,695","1,300","14,845","548,715","273,535","101,210","92,160","73,805",965,"7,030","657,130","347,000","134,940","90,935","68,985","1,250","14,020","452,545","264,940","92,145","41,295","46,935",915,"6,315"
Georgia's 8th,GA-08,60.4,30.1,6.3,1.5,0.2,1.5,62.9,29.1,5.3,1.6,0.2,1.0,62.0,30.9,4.4,1.0,0.2,1.5,65.0,30.0,2.9,0.9,0.2,1.0,"703,465","424,755","211,650","44,500","10,860","1,160","10,540","534,420","336,020","155,440","28,360","8,490",915,"5,195","682,145","422,980","210,630","30,250","6,600","1,160","10,515","514,725","334,420","154,530","14,935","4,750",915,"5,175"
Georgia's 9th,GA-09,78.2,6.9,12.4,1.3,0.2,1.1,81.4,6.7,9.7,1.3,0.2,0.7,82.5,7.2,8.0,1.0,0.2,1.2,86.8,7.0,4.2,1.0,0.2,0.8,"716,775","560,200","49,260","88,795","9,135","1,305","8,080","548,380","446,425","36,575","53,160","6,915","1,265","4,045","675,575","557,070","48,425","53,890","6,875","1,305","8,015","510,760","443,485","35,880","21,290","4,870","1,265","3,975"
Georgia's 10th,GA-10,65.5,25.2,5.6,2.2,0.1,1.4,67.8,24.3,4.7,2.2,0.1,0.9,67.0,25.6,4.2,1.6,0.1,1.5,69.8,24.7,2.9,1.5,0.1,1.0,"720,980","472,020","181,845","40,145","15,535","1,040","10,400","549,835","373,010","133,445","25,700","11,825",640,"5,210","698,745","468,045","178,845","29,270","11,350","1,040","10,195","529,455","369,310","130,760","15,615","8,065",640,"5,065"
Georgia's 11th,GA-11,67.6,15.9,11.2,3.4,0.1,1.7,70.0,15.7,9.4,3.5,0.2,1.2,71.6,16.1,7.9,2.4,0.2,1.8,75.3,16.0,5.0,2.3,0.2,1.2,"735,545","497,095","116,910","82,455","25,345","1,070","12,670","555,200","388,600","87,370","52,235","19,595",880,"6,515","680,000","487,015","109,605","53,465","16,525","1,070","12,315","504,200","379,535","80,705","25,285","11,545",880,"6,245"
Georgia's 12th,GA-12,56.0,34.8,5.8,1.7,0.2,1.6,58.6,33.6,4.9,1.8,0.2,1.0,56.9,35.4,4.6,1.3,0.2,1.6,59.8,34.3,3.3,1.2,0.2,1.0,"709,370","396,995","246,580","40,990","12,085","1,535","11,185","538,455","315,340","180,705","26,130","9,675","1,215","5,385","692,875","394,345","245,275","31,920","8,730","1,510","11,090","522,900","312,950","179,465","17,485","6,515","1,190","5,295"
Georgia's 13th,GA-13,27.7,57.1,10.7,2.7,0.1,1.8,31.5,55.6,8.7,2.8,0.1,1.3,28.9,59.2,7.8,2.1,0.1,1.9,33.4,58.1,4.8,2.2,0.1,1.4,"729,460","201,890","416,630","77,825","19,440",540,"13,135","529,080","166,455","294,065","46,120","14,950",435,"7,060","684,200","197,845","405,065","53,295","14,580",540,"12,875","487,680","162,885","283,355","23,595","10,605",435,"6,800"
Georgia's 14th,GA-14,77.7,8.6,11.1,1.0,0.2,1.4,80.5,8.4,9.0,1.1,0.2,0.9,81.2,8.9,7.6,0.8,0.2,1.4,85.1,8.7,4.4,0.7,0.2,0.9,"700,245","544,205","60,510","77,440","7,330","1,090","9,670","523,185","421,350","43,825","47,045","5,500",875,"4,595","667,195","541,550","59,195","50,525","5,330","1,075","9,520","492,210","418,845","42,680","21,765","3,605",860,"4,455"
Hawaii's 1st,HI-01,16.3,1.9,8.4,56.8,0.1,16.5,17.7,2.0,6.8,59.7,0.1,13.7,17.4,2.1,8.9,53.4,0.1,18.1,19.1,2.2,7.2,56.2,0.1,15.1,"707,395","115,140","13,770","59,095","401,650",685,"117,055","563,420","99,895","11,305","38,185","336,515",610,"76,910","639,210","111,070","13,425","57,075","341,035",685,"115,920","501,890","96,110","11,005","36,255","281,935",610,"75,980"
Hawaii's 2nd,HI-02,28.6,1.5,11.7,36.2,0.2,21.8,32.2,1.5,9.2,38.6,0.2,18.3,29.6,1.5,11.9,33.7,0.2,23.1,33.7,1.6,9.2,35.9,0.2,19.5,"706,275","202,105","10,245","82,730","255,650","1,255","154,290","542,035","174,765","7,995","49,895","209,080","1,105","99,185","664,745","196,980","10,075","78,815","224,345","1,250","153,275","504,835","169,900","7,850","46,195","181,430","1,095","98,360"
Idaho's 1st,ID-01,84.8,0.4,10.4,1.2,1.1,2.0,87.2,0.4,8.5,1.3,1.1,1.5,86.7,0.3,8.9,0.9,1.2,2.0,89.6,0.3,6.5,0.9,1.2,1.5,"833,725","707,300","3,410","86,510","10,000","9,525","16,980","620,020","540,580","2,370","52,705","7,790","7,015","9,555","811,550","703,340","2,745","71,875","7,470","9,510","16,615","599,525","536,885","1,960","38,960","5,520","7,000","9,200"
Idaho's 2nd,ID-02,81.1,0.8,13.6,1.6,1.0,1.9,83.9,0.7,11.3,1.7,1.1,1.4,84.3,0.7,10.8,1.0,1.1,2.0,88.1,0.6,7.6,1.1,1.1,1.4,"801,755","649,895","6,445","109,080","12,725","8,145","15,470","584,145","489,930","4,115","65,980","10,050","6,170","7,905","762,650","643,290","5,420","82,725","7,890","8,130","15,195","549,370","484,130","3,395","41,955","6,055","6,155","7,685"
Illinois' 1st,IL-01,35.6,51.2,9.8,1.8,0.1,1.4,37.2,51.2,8.3,2.1,0.2,1.0,36.2,52.7,8.3,1.2,0.1,1.5,38.0,53.0,6.4,1.3,0.2,1.1,"710,090","252,695","363,885","69,410","13,020",980,"10,100","545,530","202,725","279,325","45,405","11,540",845,"5,690","684,775","247,835","361,130","56,655","8,240",980,"9,935","521,970","198,255","276,850","33,560","6,935",845,"5,525"
Illinois' 2nd,IL-02,28.7,56.0,13.2,0.7,0.1,1.3,32.0,54.7,11.5,0.8,0.1,1.0,29.4,57.5,11.1,0.5,0.1,1.3,33.0,56.6,8.8,0.6,0.1,1.0,"704,140","202,370","394,105","92,885","5,105",625,"9,055","531,615","170,035","290,720","60,905","4,210",560,"5,185","679,700","199,960","390,680","75,735","3,685",625,"9,025","508,975","167,750","287,930","44,660","2,905",560,"5,165"
Illinois' 3rd,IL-03,58.8,4.7,31.5,4.0,0.1,0.9,62.7,4.8,27.5,4.3,0.0,0.6,62.5,5.2,28.0,3.2,0.1,1.0,68.2,5.4,22.3,3.3,0.0,0.7,"722,175","424,390","34,085","227,350","29,125",370,"6,850","544,470","341,650","26,205","149,625","23,275",230,"3,485","647,710","404,900","33,615","181,675","20,420",370,"6,725","474,230","323,525","25,810","105,875","15,430",230,"3,355"
Illinois' 4th,IL-04,21.4,3.9,70.4,3.3,0.1,0.9,25.4,3.9,65.8,3.9,0.1,0.8,25.7,5.0,64.9,3.1,0.1,1.1,33.2,5.4,56.2,3.9,0.2,1.1,"702,320","150,050","27,575","494,510","22,980",710,"6,505","514,955","131,025","20,160","339,005","19,870",620,"4,275","544,910","140,045","27,055","353,855","17,135",685,"6,140","364,960","121,345","19,705","205,055","14,350",600,"3,910"
Illinois' 5th,IL-05,68.4,2.6,20.0,6.9,0.1,2.0,71.0,2.8,17.5,7.1,0.1,1.4,71.1,2.7,18.2,5.9,0.1,2.1,74.5,2.9,15.0,6.0,0.1,1.5,"732,035","500,870","19,205","146,300","50,395",790,"14,475","595,335","422,815","16,465","104,320","42,385",740,"8,605","662,430","470,810","18,040","120,270","38,930",700,"13,685","530,135","394,810","15,410","79,620","31,640",650,"8,005"
Illinois' 6th,IL-06,77.4,2.5,9.8,8.8,0.0,1.5,79.9,2.3,8.3,8.7,0.0,0.8,80.7,2.5,8.1,7.2,0.0,1.5,84.1,2.4,6.0,6.7,0.0,0.8,"724,600","560,620","18,010","71,190","63,930",275,"10,575","550,165","439,360","12,820","45,415","47,915",225,"4,430","682,045","550,310","17,115","55,170","48,925",275,"10,255","511,440","430,035","12,105","30,440","34,500",225,"4,135"
Illinois' 7th,IL-07,27.5,49.1,14.6,7.1,0.1,1.5,31.0,47.0,12.9,7.9,0.1,1.1,28.5,53.0,12.1,4.8,0.1,1.6,32.5,51.5,9.5,5.2,0.1,1.2,"728,895","200,585","358,235","106,510","51,710",735,"11,120","573,265","177,715","269,250","73,820","45,375",615,"6,490","671,275","191,080","355,630","81,035","32,150",720,"10,660","518,535","168,680","266,930","49,315","26,935",600,"6,070"
Illinois' 8th,IL-08,52.8,4.5,28.0,13.1,0.1,1.5,58.0,4.2,23.6,13.3,0.1,0.9,59.5,5.2,22.6,11.0,0.1,1.6,67.6,4.9,15.6,10.9,0.1,1.0,"716,965","378,425","32,620","201,005","93,810",645,"10,460","543,750","315,285","22,600","128,260","72,475",465,"4,665","607,320","361,585","31,580","137,185","66,520",595,"9,850","442,875","299,270","21,650","68,885","48,410",455,"4,215"
Illinois' 9th,IL-09,64.7,8.9,11.1,13.0,0.1,2.1,66.8,8.7,9.8,13.1,0.1,1.5,69.1,8.8,9.3,10.5,0.1,2.2,72.1,8.6,7.4,10.3,0.1,1.5,"718,765","465,275","63,970","79,965","93,545",850,"15,155","571,225","381,650","49,675","56,050","74,750",740,"8,365","640,635","442,585","56,210","59,730","67,315",850,"13,945","500,830","361,025","43,040","37,090","51,590",740,"7,350"
Illinois' 10th,IL-10,58.9,6.6,22.5,10.1,0.1,1.8,62.9,6.4,19.0,10.4,0.1,1.2,64.9,7.3,17.7,7.9,0.1,2.1,71.2,7.2,12.2,7.8,0.2,1.4,"713,715","420,055","46,950","160,690","72,070",900,"13,050","535,455","336,710","34,165","101,985","55,455",755,"6,380","627,430","406,955","45,690","111,345","49,660",900,"12,875","456,465","325,110","32,970","55,720","35,665",755,"6,245"
Illinois' 11th,IL-11,52.6,10.9,26.7,7.6,0.1,2.1,57.1,10.7,23.0,7.7,0.1,1.4,57.6,11.8,21.9,6.2,0.1,2.3,64.4,11.9,16.1,6.0,0.1,1.5,"722,750","380,050","78,715","192,840","55,040",620,"15,485","530,630","303,135","56,675","122,180","40,830",450,"7,355","647,495","373,260","76,605","142,070","39,930",615,"15,010","460,610","296,770","54,875","74,105","27,470",450,"6,940"
Illinois' 12th,IL-12,76.7,16.7,3.2,1.2,0.2,2.0,78.9,15.7,2.8,1.3,0.2,1.1,77.4,16.8,2.8,0.8,0.2,2.0,79.8,15.8,2.2,0.8,0.2,1.1,"703,345","539,295","117,515","22,720","8,555","1,205","14,055","546,125","431,125","85,775","15,020","6,875","1,090","6,235","694,380","537,335","116,745","19,495","5,835","1,155","13,820","537,815","429,345","85,060","11,990","4,350","1,040","6,025"
Illinois' 13th,IL-13,79.1,11.2,3.3,3.8,0.2,2.4,81.3,10.1,2.9,4.1,0.2,1.5,81.2,11.3,2.9,2.0,0.2,2.4,83.9,10.1,2.4,1.9,0.2,1.5,"709,735","561,725","79,375","23,625","26,725","1,255","17,040","564,310","458,625","56,725","16,365","22,875","1,065","8,650","687,140","558,215","77,330","20,045","13,535","1,255","16,765","543,100","455,500","54,875","12,960","10,320","1,065","8,375"
Illinois' 14th,IL-14,79.3,3.1,11.7,4.4,0.1,1.4,82.0,3.1,9.9,4.2,0.1,0.8,81.9,3.2,9.7,3.7,0.1,1.5,85.4,3.1,7.1,3.4,0.1,0.8,"725,480","575,540","22,770","84,670","31,610",555,"10,330","532,975","437,055","16,335","52,525","22,305",510,"4,240","695,550","569,680","21,955","67,265","25,840",545,"10,265","505,470","431,825","15,775","36,120","17,070",505,"4,175"
Illinois' 15th,IL-15,90.9,4.2,2.7,0.7,0.2,1.3,92.0,4.2,2.3,0.7,0.2,0.8,91.5,4.3,2.2,0.5,0.2,1.3,92.8,4.2,1.7,0.4,0.2,0.8,"703,110","638,985","29,810","19,305","4,735","1,220","9,045","545,160","501,560","22,640","12,275","3,585",985,"4,120","696,530","637,670","29,725","15,670","3,280","1,190","8,995","539,210","500,350","22,555","9,000","2,290",950,"4,065"
Illinois' 16th,IL-16,84.3,3.7,8.9,1.5,0.1,1.5,86.9,3.5,7.0,1.5,0.1,1.0,86.1,3.7,7.5,1.0,0.1,1.5,89.1,3.5,5.2,1.0,0.1,0.9,"700,935","590,755","26,145","62,320","10,270",840,"10,600","542,040","470,780","19,180","38,125","8,170",585,"5,195","682,605","587,735","25,520","51,025","7,110",840,"10,375","524,970","467,940","18,615","27,460","5,390",585,"4,975"
Illinois' 17th,IL-17,76.2,11.3,8.9,1.4,0.2,2.0,80.1,10.1,7.2,1.3,0.2,1.1,78.3,11.3,7.3,0.9,0.2,2.0,82.6,10.1,5.2,0.8,0.2,1.1,"698,800","532,795","78,720","62,510","9,730","1,115","13,920","539,255","431,905","54,555","39,015","7,165",930,"5,690","677,305","530,455","76,230","49,775","6,020","1,115","13,705","520,405","429,875","52,705","27,200","4,180",930,"5,515"
Illinois' 18th,IL-18,89.2,3.7,2.6,2.7,0.1,1.7,90.4,3.7,2.2,2.5,0.1,1.0,90.7,3.6,2.3,1.5,0.1,1.7,92.2,3.6,1.8,1.2,0.1,1.0,"713,835","636,545","26,190","18,670","19,365","1,015","12,060","554,800","501,685","20,405","12,375","14,105",720,"5,510","698,930","634,030","25,240","16,070","10,600","1,015","11,980","541,480","499,385","19,625","9,955","6,365",720,"5,430"
Indiana's 1st,IN-01,63.1,18.9,15.0,1.3,0.2,1.5,66.5,17.9,13.1,1.4,0.2,0.9,64.3,19.4,13.7,0.9,0.2,1.5,68.2,18.4,11.5,0.8,0.2,0.9,"717,040","452,460","135,865","107,225","9,550","1,445","10,500","546,390","363,540","97,630","71,705","7,670","1,105","4,750","698,475","449,370","135,370","95,845","6,120","1,420","10,360","528,740","360,550","97,175","60,890","4,435","1,080","4,620"
Indiana's 2nd,IN-02,80.7,6.8,9.1,1.3,0.3,1.9,84.0,6.2,7.1,1.3,0.3,1.1,83.3,6.8,6.8,0.9,0.3,1.9,87.3,6.2,4.2,0.8,0.3,1.1,"721,460","582,265","48,745","65,580","9,055","2,090","13,725","540,725","454,350","33,395","38,315","7,020","1,790","5,855","695,045","578,875","47,185","47,445","5,965","2,080","13,490","516,955","451,255","32,080","21,875","4,250","1,780","5,705"
Indiana's 3rd,IN-03,84.1,5.9,5.9,2.0,0.1,2.0,86.5,5.5,4.7,1.9,0.2,1.2,86.0,6.0,4.6,1.3,0.2,2.0,88.9,5.6,3.0,1.1,0.2,1.2,"733,725","616,740","43,475","42,990","15,020","1,090","14,410","543,045","469,980","30,025","25,335","10,295",865,"6,545","715,145","614,720","42,930","33,095","9,110","1,090","14,200","526,585","468,070","29,520","16,050","5,740",865,"6,345"
Indiana's 4th,IN-04,86.2,3.7,5.8,2.8,0.2,1.3,87.9,3.5,4.7,3.0,0.2,0.8,89.1,3.7,4.4,1.3,0.2,1.4,91.6,3.4,2.8,1.2,0.2,0.8,"741,150","638,615","27,305","43,300","20,835","1,240","9,855","569,215","500,100","19,760","26,475","17,215","1,165","4,500","713,020","635,550","26,065","31,425","9,035","1,240","9,705","543,065","497,255","18,635","15,380","6,290","1,165","4,350"
Indiana's 5th,IN-05,82.2,8.0,4.2,3.3,0.1,2.2,84.2,8.0,3.3,3.3,0.1,1.2,84.0,8.1,3.4,2.3,0.1,2.2,86.4,8.1,2.3,2.0,0.1,1.1,"749,285","615,970","60,165","31,120","25,035",845,"16,150","564,950","475,525","45,030","18,650","18,500",715,"6,525","727,335","610,690","59,070","24,415","16,450",845,"15,865","545,740","471,435","44,000","12,535","10,775",715,"6,270"
Indiana's 6th,IN-06,92.0,2.5,2.6,1.3,0.2,1.5,93.0,2.4,2.0,1.3,0.2,1.1,93.3,2.4,2.0,0.6,0.2,1.5,94.6,2.3,1.4,0.5,0.2,1.1,"719,080","661,250","17,905","18,435","9,590","1,320","10,575","556,270","517,500","13,230","11,280","7,355","1,060","5,850","706,690","659,455","17,310","13,950","4,115","1,320","10,540","545,480","515,825","12,780","7,415","2,560","1,060","5,840"
Indiana's 7th,IN-07,54.4,29.5,10.8,2.7,0.3,2.4,59.1,27.9,8.6,2.6,0.3,1.6,57.9,30.8,7.1,1.4,0.3,2.6,63.7,29.4,3.8,1.2,0.3,1.7,"747,290","406,170","220,315","80,685","20,100","1,935","18,090","553,120","326,720","154,240","47,405","14,620","1,435","8,700","696,285","402,990","214,500","49,525","9,500","1,935","17,835","508,400","323,890","149,455","19,215","5,890","1,435","8,510"
Indiana's 8th,IN-08,90.7,4.0,2.3,1.0,0.2,1.8,92.0,4.0,1.8,1.0,0.2,1.1,91.5,4.0,1.8,0.7,0.2,1.8,92.9,3.9,1.3,0.6,0.2,1.0,"721,950","654,870","28,920","16,670","7,245","1,225","13,020","558,980","514,020","22,170","10,240","5,630","1,055","5,870","713,350","653,000","28,350","13,125","4,750","1,225","12,900","551,310","512,440","21,630","7,075","3,365","1,055","5,745"
Indiana's 9th,IN-09,89.9,2.7,3.2,2.3,0.2,1.7,91.1,2.6,2.6,2.4,0.2,1.1,91.8,2.7,2.5,1.1,0.2,1.7,93.4,2.6,1.7,1.0,0.2,1.1,"738,600","664,060","20,115","23,515","16,740","1,635","12,530","574,890","523,870","15,025","14,735","13,670","1,190","6,400","720,475","661,215","19,360","17,760","8,255","1,635","12,245","558,280","521,295","14,315","9,470","5,740","1,190","6,265"
Iowa's 1st,IA-01,89.2,3.5,3.8,1.6,0.3,1.6,91.4,3.0,2.8,1.6,0.3,0.9,90.8,3.3,2.9,1.0,0.3,1.6,93.3,2.8,1.9,0.9,0.3,0.9,"769,895","686,685","27,000","28,905","12,470","2,330","12,510","592,655","541,705","17,985","16,755","9,325","1,740","5,135","753,345","684,100","25,170","22,090","7,305","2,320","12,360","578,335","539,380","16,450","10,750","5,030","1,730","4,995"
Iowa's 2nd,IA-02,86.4,4.0,5.4,2.3,0.2,1.7,88.6,3.4,4.3,2.3,0.2,1.1,88.6,3.7,4.6,1.2,0.2,1.8,91.2,3.1,3.3,1.1,0.2,1.1,"775,700","670,390","30,980","41,755","17,790","1,390","13,385","598,685","530,540","20,640","25,930","13,925","1,215","6,435","752,465","666,325","27,895","34,660","9,030","1,385","13,175","577,685","526,765","18,110","19,310","6,070","1,210","6,220"
Iowa's 3rd,IA-03,84.4,4.0,6.6,3.0,0.2,1.9,87.1,3.6,5.2,2.9,0.2,1.0,87.2,3.7,5.1,1.9,0.2,2.0,90.5,3.3,3.3,1.7,0.2,1.0,"801,130","675,845","32,060","52,645","23,770","1,590","15,220","600,415","523,160","21,730","31,090","17,310","1,225","5,905","770,860","671,900","28,745","39,010","14,505","1,590","15,115","574,135","519,765","19,065","18,660","9,625","1,225","5,800"
Iowa's 4th,IA-04,88.3,1.5,6.5,1.9,0.4,1.3,90.6,1.3,4.9,2.0,0.4,0.8,90.9,1.4,4.9,1.0,0.4,1.3,93.7,1.2,3.0,0.9,0.4,0.8,"759,860","671,245","11,175","49,400","14,805","3,010","10,225","587,315","531,825","7,675","29,020","11,595","2,330","4,870","735,425","668,815","10,205","36,235","7,435","3,010","9,725","564,890","529,550","6,915","16,880","4,815","2,330","4,395"
Kansas' 1st,KS-01,77.5,2.9,15.4,1.7,0.4,2.1,81.0,2.9,12.4,1.8,0.4,1.4,81.4,2.9,12.1,1.0,0.4,2.2,86.0,3.0,8.1,1.0,0.5,1.4,"716,380","555,270","20,785","109,995","12,240","2,960","15,140","541,805","438,930","15,930","67,075","9,920","2,410","7,545","678,245","551,970","19,695","81,910","6,950","2,960","14,765","506,790","435,965","14,960","41,160","5,125","2,410","7,165"
Kansas' 2nd,KS-02,83.1,4.3,6.3,1.5,1.2,3.4,85.2,4.3,5.1,1.7,1.2,2.4,84.5,4.4,5.5,0.8,1.3,3.5,86.9,4.4,4.2,0.8,1.2,2.5,"714,490","594,050","30,920","45,175","10,985","8,895","24,470","548,830","467,585","23,790","28,260","9,220","6,665","13,315","699,670","591,510","30,455","38,585","5,920","8,895","24,315","535,285","465,370","23,360","22,290","4,435","6,665","13,170"
Kansas' 3rd,KS-03,72.7,8.5,11.6,4.4,0.3,2.5,75.9,8.3,9.6,4.3,0.3,1.5,77.0,8.6,8.6,2.9,0.3,2.6,81.4,8.5,5.5,2.6,0.3,1.6,"746,160","542,745","63,260","86,915","32,585","2,210","18,440","552,045","419,155","45,845","53,005","23,930","1,635","8,475","699,810","538,845","60,270","60,025","20,360","2,195","18,115","510,660","415,755","43,460","28,270","13,290","1,620","8,265"
Kansas' 4th,KS-04,74.4,6.8,11.9,3.3,0.8,2.8,78.1,6.4,9.4,3.4,0.9,1.8,77.0,6.8,9.9,2.5,0.9,2.9,81.5,6.5,6.8,2.4,0.9,1.9,"721,260","536,840","48,785","85,655","23,525","5,965","20,495","534,265","417,350","34,225","50,265","18,020","4,555","9,850","693,660","534,395","47,280","68,495","17,230","5,965","20,290","509,040","415,115","32,915","34,430","12,355","4,555","9,665"
Kentucky's 1st,KY-01,87.7,6.9,2.8,0.7,0.2,1.7,89.2,6.9,2.2,0.6,0.2,0.9,88.4,6.9,2.3,0.5,0.2,1.7,90.1,6.9,1.5,0.4,0.2,0.9,"723,570","634,310","50,145","20,550","4,775","1,470","12,325","557,610","497,565","38,260","12,250","3,475","1,155","4,905","715,795","632,460","49,700","16,590","3,395","1,470","12,180","550,435","495,945","37,835","8,525","2,175","1,155","4,795"
Kentucky's 2nd,KY-02,87.8,5.4,3.2,1.4,0.2,2.0,89.4,5.4,2.5,1.3,0.2,1.2,89.1,5.3,2.5,0.8,0.2,2.0,90.8,5.4,1.6,0.8,0.2,1.2,"743,450","652,550","40,085","24,015","10,205","1,660","14,935","568,920","508,410","30,555","14,405","7,320","1,245","6,980","728,320","648,795","38,925","18,225","5,920","1,650","14,805","556,310","505,000","29,865","9,110","4,210","1,235","6,885"
Kentucky's 3rd,KY-03,68.7,21.3,4.9,2.6,0.1,2.5,72.1,19.7,4.1,2.5,0.1,1.5,70.9,21.5,3.4,1.6,0.1,2.5,74.6,20.0,2.3,1.4,0.1,1.5,"739,210","507,505","157,325","36,030","19,100",965,"18,290","572,240","412,535","112,930","23,235","14,170",820,"8,545","708,115","502,100","151,965","23,740","11,490",910,"17,905","546,500","407,915","109,565","12,360","7,670",765,"8,220"
Kentucky's 4th,KY-04,90.5,3.3,3.2,1.1,0.1,1.8,91.9,3.4,2.5,1.1,0.1,1.0,91.7,3.3,2.4,0.7,0.1,1.8,93.4,3.3,1.5,0.6,0.1,1.0,"743,505","672,700","24,545","23,650","8,435",815,"13,355","562,015","516,670","18,845","14,100","6,080",730,"5,590","731,055","670,640","23,985","17,240","5,250",805,"13,140","550,835","514,675","18,315","8,305","3,415",720,"5,400"
Kentucky's 5th,KY-05,95.9,1.4,1.2,0.4,0.2,0.8,96.3,1.5,1.0,0.4,0.2,0.6,96.3,1.4,1.0,0.3,0.2,0.8,96.7,1.5,0.7,0.2,0.2,0.6,"711,115","682,135","10,175","8,630","2,850","1,450","5,885","553,250","532,755","8,355","5,355","1,960","1,255","3,565","707,830","681,380","10,045","7,005","2,140","1,450","5,810","550,190","532,065","8,225","3,805","1,350","1,255","3,490"
Kentucky's 6th,KY-06,82.7,8.7,4.5,1.9,0.2,2.0,84.7,8.3,3.6,1.9,0.2,1.3,85.2,8.7,2.9,1.0,0.2,2.0,87.6,8.5,1.6,0.9,0.2,1.3,"751,140","621,510","65,185","34,070","14,135","1,410","14,825","583,765","494,475","48,740","20,920","11,175","1,070","7,390","723,805","616,725","63,285","20,850","7,250","1,270","14,425","559,535","490,230","47,470","8,810","4,965","1,030","7,035"
Louisiana's 1st,LA-01,73.0,13.2,8.6,2.3,1.2,1.7,75.4,12.2,8.0,2.3,1.1,1.2,75.3,13.7,6.4,1.7,1.2,1.7,78.1,12.6,5.4,1.6,1.1,1.2,"792,295","578,640","104,945","68,265","18,060","9,135","13,250","609,785","459,585","74,170","48,550","13,735","6,700","7,050","762,895","574,240","104,435","48,985","12,940","9,135","13,160","583,600","455,560","73,675","31,400","9,305","6,700","6,950"
Louisiana's 2nd,LA-02,28.2,61.7,6.0,2.6,0.2,1.2,30.9,59.3,5.9,2.8,0.2,1.0,28.7,63.7,4.1,2.0,0.2,1.3,31.7,61.5,3.7,2.0,0.2,1.0,"779,920","219,815","481,530","46,870","20,580","1,505","9,625","600,370","185,430","355,810","35,465","16,595","1,160","5,910","752,895","216,290","479,500","31,180","14,975","1,470","9,480","575,390","182,145","353,980","21,065","11,295","1,130","5,780"
Louisiana's 3rd,LA-03,68.2,24.4,3.7,1.5,0.3,2.0,70.7,23.1,3.3,1.5,0.4,1.1,69.3,24.8,2.5,1.0,0.3,2.0,72.1,23.6,2.0,0.9,0.4,1.1,"775,985","529,330","189,210","28,415","11,485","2,390","15,155","581,520","410,975","134,375","19,175","8,640","2,055","6,300","760,695","527,380","188,690","19,390","7,725","2,390","15,120","567,630","409,125","133,855","11,125","5,205","2,055","6,265"
Louisiana's 4th,LA-04,58.8,33.9,3.8,1.0,0.7,1.7,61.2,32.6,3.4,1.1,0.8,1.0,59.4,34.3,3.0,0.8,0.7,1.7,61.9,33.1,2.4,0.8,0.8,1.0,"759,845","447,135","257,730","28,920","7,940","5,470","12,645","573,340","350,765","186,905","19,295","6,240","4,395","5,735","748,995","445,170","257,210","22,815","5,885","5,450","12,465","563,455","348,965","186,470","13,800","4,270","4,375","5,580"
Louisiana's 5th,LA-05,60.2,35.4,2.3,0.7,0.4,1.0,62.4,33.7,2.0,0.7,0.4,0.7,60.8,35.7,1.7,0.4,0.4,1.0,63.1,34.0,1.3,0.4,0.4,0.7,"752,485","453,095","266,685","17,145","5,295","2,985","7,280","570,840","356,380","192,375","11,545","4,095","2,355","4,090","744,070","452,260","265,955","12,460","3,260","2,930","7,200","563,195","355,575","191,695","7,270","2,345","2,295","4,010"
Louisiana's 6th,LA-06,67.7,23.9,4.3,2.2,0.3,1.6,70.4,22.1,3.8,2.3,0.3,1.1,69.0,24.3,3.2,1.5,0.4,1.6,72.0,22.6,2.5,1.5,0.4,1.1,"785,140","531,680","187,290","33,795","17,020","2,735","12,625","595,785","419,350","131,915","22,695","13,410","2,030","6,390","766,160","528,915","186,210","24,460","11,430","2,735","12,410","578,770","416,700","130,945","14,485","8,405","2,030","6,200"
Maine's 1st,ME-01,93.3,1.6,1.6,1.5,0.3,1.7,94.4,1.3,1.4,1.4,0.3,1.2,94.2,1.2,1.5,1.1,0.3,1.7,95.4,0.9,1.2,1.0,0.3,1.2,"673,135","627,860","10,790","10,955","9,880","2,090","11,565","541,975","511,790","6,780","7,520","7,685","1,690","6,515","660,215","622,245","7,670","9,955","7,065","2,090","11,190","531,155","506,835","4,635","6,615","5,180","1,685","6,205"
Maine's 2nd,ME-02,94.4,0.7,1.3,0.7,0.8,2.0,95.5,0.6,1.1,0.7,0.8,1.4,94.9,0.6,1.3,0.5,0.8,2.0,96.0,0.4,1.0,0.4,0.8,1.4,"656,785","619,780","4,755","8,820","4,905","5,435","13,095","528,445","504,520","3,030","5,625","3,760","4,150","7,350","648,170","615,040","3,565","8,110","3,235","5,280","12,940","520,715","500,010","2,310","4,985","2,210","3,995","7,200"
Maryland's 1st,MD-01,80.4,11.8,3.7,2.2,0.2,1.9,82.3,11.3,3.0,2.1,0.2,1.1,81.8,11.6,2.8,1.7,0.2,1.9,84.0,11.2,1.9,1.5,0.2,1.1,"728,395","585,325","85,665","26,690","15,850","1,140","13,725","571,035","469,825","64,710","17,055","12,035",995,"6,415","710,770","581,565","82,570","19,970","12,020","1,130","13,510","555,065","466,330","62,200","10,805","8,530",990,"6,215"
Maryland's 2nd,MD-02,51.8,33.4,6.4,5.5,0.2,2.7,55.9,31.4,5.2,5.6,0.3,1.6,54.3,33.9,4.9,3.9,0.3,2.8,59.1,31.9,3.3,3.7,0.3,1.7,"751,655","389,640","250,895","47,960","41,190","1,840","20,130","576,945","322,695","181,095","30,095","32,155","1,450","9,455","706,580","383,415","239,800","34,550","27,255","1,785","19,775","536,925","317,325","171,180","17,965","19,860","1,395","9,200"
Maryland's 3rd,MD-03,60.0,21.3,8.7,7.1,0.2,2.8,63.1,20.3,7.4,7.1,0.2,1.8,63.6,21.3,6.3,5.6,0.2,2.9,67.6,20.3,4.5,5.5,0.2,1.9,"747,025","448,085","159,485","64,770","52,860","1,245","20,575","589,415","372,050","119,870","43,495","42,125","1,060","10,815","693,445","441,150","148,000","44,020","39,055","1,245","19,975","540,440","365,575","109,660","24,260","29,590","1,060","10,295"
Maryland's 4th,MD-04,26.7,52.4,15.6,3.1,0.2,2.0,27.7,53.4,13.8,3.3,0.2,1.6,29.8,56.0,9.3,2.5,0.2,2.2,31.7,58.1,5.6,2.7,0.2,1.7,"741,905","197,900","388,790","115,925","22,950","1,255","15,085","565,405","156,760","302,105","77,915","18,685","1,095","8,850","657,310","195,695","368,395","60,860","16,650","1,225","14,490","487,745","154,685","283,325","27,340","12,970","1,060","8,355"
Maryland's 5th,MD-05,46.8,37.6,8.0,4.1,0.3,3.2,48.9,37.4,6.8,4.4,0.3,2.2,49.0,38.4,5.9,3.1,0.3,3.4,51.6,38.5,4.1,3.2,0.3,2.3,"753,865","353,080","283,105","60,060","31,000","2,285","24,330","580,215","283,720","217,145","39,275","25,530","1,785","12,760","713,485","349,355","273,860","41,910","22,160","2,280","23,915","543,350","280,230","208,995","22,500","17,360","1,780","12,480"
Maryland's 6th,MD-06,60.4,13.1,12.8,10.7,0.2,2.8,63.5,12.6,11.2,10.9,0.1,1.7,65.5,13.0,9.4,8.9,0.2,3.0,70.1,12.4,7.0,8.7,0.2,1.8,"755,155","455,830","99,215","96,820","81,105","1,190","20,995","576,335","365,845","72,650","64,705","62,615",855,"9,665","681,490","446,675","88,290","64,040","60,985","1,145","20,350","510,380","357,640","63,065","35,570","44,215",815,"9,075"
Maryland's 7th,MD-07,33.4,53.6,3.8,7.0,0.2,2.0,35.4,52.7,3.4,6.8,0.3,1.4,34.6,55.3,2.8,5.0,0.3,2.1,36.9,54.5,2.3,4.6,0.3,1.5,"727,420","243,085","389,745","27,440","50,695","1,780","14,675","568,675","201,435","299,460","19,395","38,845","1,460","8,075","690,000","238,940","381,290","19,385","34,255","1,780","14,360","535,180","197,520","291,675","12,230","24,510","1,460","7,790"
Maryland's 8th,MD-08,61.5,11.8,14.6,9.4,0.2,2.5,63.3,11.8,13.3,9.8,0.2,1.6,67.5,11.0,10.6,7.9,0.2,2.7,70.9,11.0,8.0,8.2,0.2,1.8,"754,485","463,890","89,190","110,480","70,790","1,190","18,940","584,070","369,750","69,025","77,525","57,370","1,015","9,390","664,065","448,525","73,340","70,090","52,705","1,165","18,240","503,180","356,930","55,160","40,170","41,100","1,000","8,830"
Massachusetts' 1st,MA-01,73.7,5.7,16.9,1.9,0.1,1.6,77.6,5.4,13.9,1.9,0.1,1.0,74.9,5.4,16.7,1.4,0.1,1.6,79.0,5.0,13.5,1.3,0.1,1.0,"730,825","538,760","41,645","123,570","14,170","1,050","11,635","576,725","447,375","31,145","80,355","11,050",775,"6,025","707,070","529,445","38,100","117,775","9,795",975,"10,985","555,730","438,935","27,965","75,200","7,295",700,"5,635"
Massachusetts' 2nd,MA-02,78.9,4.6,9.2,5.4,0.1,1.7,81.4,4.2,7.8,5.3,0.2,1.1,82.0,3.8,8.6,3.7,0.1,1.7,85.2,3.3,7.0,3.3,0.2,1.1,"740,590","584,285","34,395","68,115","40,195","1,070","12,530","587,845","478,740","24,840","45,805","31,065",960,"6,435","696,955","571,700","26,495","60,035","25,745",980,"12,005","548,665","467,250","18,070","38,550","17,955",890,"5,945"
Massachusetts' 3rd,MA-03,69.2,2.8,18.4,7.7,0.1,1.6,72.5,2.8,16.0,7.5,0.1,1.1,73.2,2.5,16.3,6.3,0.1,1.6,77.6,2.3,13.3,5.7,0.1,1.0,"754,800","522,410","21,510","139,160","58,410",955,"12,360","579,800","420,385","16,010","93,030","43,460",780,"6,140","695,185","508,935","17,245","113,115","43,790",955,"11,145","525,775","407,780","12,200","70,115","29,880",780,"5,030"
Massachusetts' 4th,MA-04,85.0,2.8,4.3,6.0,0.0,1.8,86.6,2.7,3.8,5.8,0.1,1.1,87.2,2.6,3.9,4.4,0.0,1.8,89.2,2.5,3.3,3.9,0.0,1.1,"747,490","635,665","20,845","32,215","44,890",335,"13,535","576,390","499,080","15,415","21,865","33,315",290,"6,430","709,785","619,060","18,585","27,740","31,090",295,"13,015","543,315","484,520","13,475","17,780","21,245",270,"6,025"
Massachusetts' 5th,MA-05,73.7,4.6,8.5,10.9,0.1,2.1,75.6,4.4,7.6,10.9,0.1,1.4,79.0,4.0,7.1,7.7,0.1,2.2,82.0,3.7,5.8,7.0,0.1,1.4,"753,460","555,515","34,850","63,925","82,395",735,"16,040","603,585","456,125","26,650","45,685","65,905",665,"8,555","663,390","523,760","26,440","46,995","51,030",610,"14,550","520,345","426,690","19,375","29,940","36,665",540,"7,140"
Massachusetts' 6th,MA-06,82.8,3.0,8.5,4.2,0.1,1.4,85.3,2.8,7.0,4.0,0.1,0.9,86.0,2.6,6.7,3.2,0.1,1.4,89.0,2.3,5.0,2.8,0.1,0.9,"755,440","625,865","22,770","64,230","31,370",520,"10,680","595,705","507,930","16,655","41,940","23,680",350,"5,145","712,620","612,805","18,425","47,975","22,620",480,"10,305","556,965","495,620","12,695","27,665","15,835",315,"4,840"
Massachusetts' 7th,MA-07,42.2,24.2,21.1,10.0,0.2,2.3,46.4,22.6,18.5,10.4,0.2,2.0,47.2,24.8,17.6,7.7,0.2,2.4,53.1,23.0,14.0,7.7,0.2,2.0,"768,050","323,745","186,185","162,130","76,905","1,480","17,605","635,095","294,370","143,375","117,575","66,090","1,255","12,430","636,625","300,305","158,200","112,345","48,945","1,440","15,395","512,685","272,020","117,760","71,700","39,555","1,215","10,435"
Massachusetts' 8th,MA-08,75.1,9.8,5.5,7.7,0.1,1.8,77.5,8.7,4.7,7.7,0.1,1.2,78.3,8.9,5.1,5.8,0.1,1.8,81.4,7.6,4.2,5.5,0.1,1.2,"756,875","568,775","74,155","41,345","58,205","1,015","13,380","605,355","469,260","52,840","28,525","46,895",735,"7,100","705,680","552,480","62,605","36,055","40,655","1,015","12,875","557,940","454,050","42,440","23,595","30,500",735,"6,615"
Massachusetts' 9th,MA-09,88.6,2.8,5.0,1.5,0.2,1.9,90.5,2.7,3.9,1.4,0.2,1.3,89.7,2.5,4.5,1.2,0.2,1.9,91.9,2.3,3.3,1.0,0.2,1.3,"734,615","650,690","20,530","37,050","11,210","1,525","13,610","591,090","534,920","15,750","23,200","8,305","1,330","7,585","707,605","634,965","17,465","32,040","8,415","1,505","13,220","565,905","520,025","12,930","18,555","5,780","1,305","7,305"
Michigan's 1st,MI-01,91.3,1.6,1.8,0.7,2.3,2.3,92.4,1.8,1.4,0.7,2.1,1.6,91.8,1.5,1.6,0.5,2.3,2.3,92.9,1.8,1.2,0.4,2.1,1.6,"702,600","641,635","11,020","12,535","5,130","16,385","15,890","568,850","525,540","10,250","7,990","3,955","12,000","9,115","695,750","638,760","10,685","11,045","3,165","16,280","15,805","562,555","522,865","9,920","6,595","2,235","11,900","9,045"
Michigan's 2nd,MI-02,79.7,6.1,9.2,2.2,0.4,2.4,82.8,5.7,7.2,2.2,0.4,1.5,81.7,6.1,7.7,1.5,0.4,2.4,85.5,5.8,5.3,1.5,0.4,1.6,"724,020","576,705","44,085","66,755","16,185","3,155","17,140","549,260","455,015","31,535","39,755","12,210","2,330","8,410","701,475","573,450","42,955","54,150","10,835","3,145","16,940","529,020","452,070","30,600","28,130","7,675","2,330","8,220"
Michigan's 3rd,MI-03,79.9,8.3,7.2,1.8,0.4,2.5,82.9,7.8,5.6,1.8,0.4,1.5,82.0,8.4,5.6,1.1,0.4,2.5,85.5,7.9,3.7,1.0,0.4,1.5,"725,580","579,695","60,345","51,885","13,135","2,580","17,940","546,805","453,305","42,825","30,585","9,940","2,120","8,035","702,545","575,830","59,055","39,525","7,760","2,565","17,815","526,275","449,785","41,725","19,245","5,480","2,105","7,935"
Michigan's 4th,MI-04,91.8,1.8,3.0,1.0,0.6,1.7,92.8,1.9,2.5,1.0,0.6,1.2,92.4,1.7,2.9,0.6,0.6,1.7,93.5,1.9,2.3,0.5,0.6,1.2,"701,885","644,540","12,385","21,190","7,285","4,285","12,205","554,340","514,375","10,635","13,775","5,565","3,220","6,760","694,060","641,550","12,020","20,120","4,275","4,210","11,890","547,355","511,655","10,335","12,790","2,880","3,170","6,520"
Michigan's 5th,MI-05,74.2,17.2,4.8,0.9,0.4,2.6,77.0,16.2,3.9,0.9,0.3,1.6,74.5,17.3,4.7,0.6,0.4,2.5,77.4,16.3,3.8,0.6,0.3,1.6,"687,000","509,500","118,195","33,035","6,285","2,445","17,530","531,195","409,185","85,875","20,845","4,970","1,840","8,475","680,590","506,815","117,780","31,960","4,310","2,425","17,290","525,345","406,645","85,465","19,835","3,345","1,820","8,240"
Michigan's 6th,MI-06,81.3,8.2,5.8,1.5,0.4,2.8,84.1,7.6,4.5,1.6,0.3,1.8,82.8,8.1,4.9,1.0,0.4,2.9,86.0,7.5,3.4,1.0,0.3,1.8,"712,805","579,260","58,400","41,415","10,875","2,565","20,285","548,680","461,335","41,950","24,935","8,675","1,820","9,965","694,955","575,275","56,305","33,950","6,860","2,535","20,030","532,495","457,730","40,005","18,070","5,145","1,810","9,735"
Michigan's 7th,MI-07,88.4,4.2,4.2,1.0,0.4,1.9,90.0,4.1,3.5,1.0,0.4,1.1,89.0,4.2,3.9,0.6,0.4,1.9,90.7,4.1,3.1,0.6,0.4,1.1,"704,160","622,365","29,530","29,530","6,690","2,575","13,475","546,015","491,200","22,450","18,900","5,210","2,010","6,245","695,940","619,435","29,295","27,035","4,315","2,510","13,345","538,605","488,615","22,235","16,615","3,040","1,950","6,155"
Michigan's 8th,MI-08,82.7,5.3,4.9,4.3,0.2,2.6,84.6,5.1,4.1,4.3,0.2,1.7,85.0,5.4,4.4,2.4,0.2,2.6,87.2,5.2,3.6,2.1,0.2,1.6,"723,430","598,245","38,515","35,290","30,860","1,525","18,995","561,510","475,000","28,720","23,020","24,160","1,280","9,335","694,265","589,810","37,250","30,855","16,830","1,490","18,025","536,105","467,530","27,800","19,255","11,520","1,245","8,750"
Michigan's 9th,MI-09,78.6,12.4,2.3,4.0,0.3,2.4,81.4,11.0,1.9,3.9,0.3,1.5,79.1,12.9,2.2,3.1,0.3,2.4,82.1,11.5,1.8,2.8,0.3,1.5,"715,955","562,470","88,830","16,500","28,925","2,135","17,090","568,580","462,570","62,445","10,915","22,205","1,865","8,575","683,705","540,515","88,255","14,990","21,295","2,105","16,545","540,635","443,965","61,905","9,525","15,270","1,840","8,130"
Michigan's 10th,MI-10,90.6,2.8,3.0,1.7,0.2,1.7,91.8,2.8,2.5,1.6,0.2,1.1,91.2,2.8,2.7,1.3,0.2,1.8,92.5,2.9,2.1,1.2,0.2,1.1,"711,810","644,575","19,890","21,690","11,950","1,350","12,365","552,230","506,805","15,555","13,755","8,755","1,115","6,245","696,715","635,160","19,800","18,820","9,360","1,310","12,270","538,470","498,260","15,470","11,080","6,440","1,075","6,150"
Michigan's 11th,MI-11,80.0,5.2,3.3,9.4,0.2,2.0,81.9,5.1,2.7,8.8,0.2,1.2,83.3,5.4,2.8,6.2,0.2,2.1,85.6,5.4,2.2,5.3,0.2,1.3,"717,275","573,745","37,165","23,455","67,340","1,425","14,145","555,845","455,020","28,500","15,255","49,185","1,025","6,865","673,925","561,200","36,500","18,945","41,960","1,415","13,900","518,725","444,210","27,910","11,405","27,510","1,015","6,675"
Michigan's 12th,MI-12,75.4,10.6,5.7,5.2,0.2,2.9,77.3,10.0,4.9,5.5,0.2,2.1,77.6,10.9,5.2,3.2,0.2,2.9,80.0,10.3,4.3,3.1,0.3,2.1,"705,980","532,385","74,870","40,310","36,790","1,490","20,140","553,230","427,700","55,070","27,230","30,330","1,355","11,540","667,170","517,405","73,030","34,820","21,200","1,445","19,270","518,100","414,415","53,545","22,065","15,860","1,315","10,890"
Michigan's 13th,MI-13,33.9,55.5,7.1,1.3,0.4,1.9,36.8,54.5,5.6,1.4,0.4,1.4,34.2,57.2,5.5,0.8,0.4,2.0,37.3,56.6,3.5,0.7,0.4,1.4,"684,835","232,175","379,930","48,365","8,685","2,460","13,230","514,225","189,015","280,160","28,765","7,045","2,055","7,185","660,370","225,625","378,045","36,250","5,090","2,325","13,025","491,645","183,165","278,425","17,435","3,680","1,925","7,015"
Michigan's 14th,MI-14,31.4,56.8,4.7,4.5,0.2,2.4,33.4,56.1,4.0,4.4,0.2,1.9,31.5,59.2,3.8,2.8,0.2,2.4,33.5,58.8,2.9,2.6,0.3,2.0,"692,260","217,360","393,355","32,430","30,915","1,575","16,625","531,065","177,155","298,090","21,015","23,245","1,275","10,290","660,515","207,760","390,840","25,415","18,785","1,565","16,150","503,300","168,670","295,925","14,650","12,930","1,265","9,860"
Minnesota's 1st,MN-01,86.8,2.8,6.1,2.6,0.2,1.4,89.4,2.4,4.7,2.5,0.2,0.8,89.7,2.3,4.5,1.8,0.2,1.4,92.8,1.9,2.7,1.6,0.2,0.8,"668,500","580,515","18,890","40,620","17,510","1,630","9,335","513,440","459,250","12,160","24,025","12,755","1,225","4,030","644,245","577,700","15,105","29,120","11,785","1,610","8,930","492,515","456,850","9,405","13,520","7,825","1,220","3,705"
Minnesota's 2nd,MN-02,82.7,4.1,5.7,4.6,0.4,2.5,85.6,3.7,4.7,4.4,0.4,1.3,85.1,3.8,4.3,3.8,0.4,2.6,88.7,3.3,2.8,3.5,0.4,1.3,"686,965","567,940","28,215","39,485","31,335","2,615","17,375","511,910","438,160","18,875","23,810","22,635","1,830","6,600","662,655","564,195","24,950","28,665","25,025","2,615","17,200","490,085","434,795","16,160","13,905","16,935","1,830","6,460"
Minnesota's 3rd,MN-03,79.0,7.0,4.4,7.1,0.2,2.3,82.5,5.8,3.4,6.8,0.2,1.3,82.4,6.2,3.2,5.5,0.2,2.4,86.8,4.9,1.9,4.8,0.2,1.3,"695,385","549,025","48,445","30,460","49,590","1,635","16,230","528,145","435,920","30,645","17,795","35,875","1,220","6,690","659,750","543,385","40,945","21,380","36,480","1,620","15,945","496,315","430,875","24,350","9,480","23,955","1,205","6,450"
Minnesota's 4th,MN-04,68.4,9.5,6.5,11.8,0.5,3.3,73.8,8.2,5.3,10.3,0.5,2.0,72.4,9.1,5.3,9.3,0.5,3.4,78.6,7.6,3.7,7.6,0.5,2.0,"693,300","474,250","66,130","45,180","82,070","3,120","22,545","528,765","390,035","43,505","28,145","54,250","2,390","10,435","648,390","469,515","58,970","34,515","60,470","3,105","21,815","491,460","386,070","37,525","18,180","37,510","2,375","9,800"
Minnesota's 5th,MN-05,63.8,16.4,9.1,6.0,0.9,3.7,69.6,13.9,7.2,5.8,0.9,2.5,68.6,15.8,6.0,4.6,1.0,4.0,75.5,13.3,3.3,4.1,1.0,2.7,"693,190","442,545","113,600","63,200","41,700","6,295","25,860","547,815","381,530","76,375","39,395","31,885","4,895","13,740","636,825","436,690","100,805","38,295","29,270","6,245","25,525","497,815","376,065","66,215","16,640","20,615","4,845","13,430"
Minnesota's 6th,MN-06,90.3,2.6,2.6,2.3,0.4,1.9,92.0,2.2,2.1,2.2,0.4,1.1,91.6,2.0,2.1,1.9,0.4,1.9,93.6,1.6,1.5,1.8,0.4,1.1,"687,420","620,725","17,620","17,565","15,795","2,720","12,985","509,645","469,010","11,085","10,550","11,410","1,980","5,610","674,150","617,435","13,725","14,285","13,075","2,695","12,935","498,205","466,320","8,030","7,475","8,840","1,960","5,585"
Minnesota's 7th,MN-07,89.4,1.1,4.4,0.9,2.7,1.6,91.8,0.9,3.2,0.8,2.2,1.0,90.8,0.8,3.5,0.6,2.7,1.6,93.4,0.6,2.2,0.5,2.3,1.0,"663,340","593,270","7,055","28,970","5,875","17,665","10,510","507,835","466,420","4,455","16,400","4,250","11,405","4,900","650,900","591,260","4,970","22,725","3,960","17,620","10,370","497,310","464,640","3,135","10,830","2,545","11,360","4,805"
Minnesota's 8th,MN-08,92.1,1.0,1.6,0.7,2.5,2.0,93.6,0.9,1.2,0.7,2.2,1.3,92.5,0.9,1.5,0.6,2.5,2.0,94.0,0.9,1.1,0.5,2.2,1.3,"662,770","610,615","6,705","10,555","4,860","16,720","13,315","521,215","487,855","4,895","6,495","3,695","11,325","6,945","657,900","608,470","6,225","9,700","3,710","16,615","13,180","516,760","485,860","4,475","5,700","2,640","11,230","6,855"
Mississippi's 1st,MS-01,67.7,27.2,3.1,0.8,0.1,1.1,69.9,26.0,2.6,0.8,0.1,0.5,68.5,27.5,2.3,0.5,0.1,1.1,70.9,26.5,1.5,0.5,0.1,0.5,"755,945","511,700","205,355","23,745","5,810","1,035","8,305","571,500","399,740","148,855","14,615","4,405",785,"3,100","745,525","510,350","205,140","16,830","3,925","1,035","8,245","561,775","398,445","148,645","8,150","2,705",785,"3,045"
Mississippi's 2nd,MS-02,31.1,65.4,2.1,0.5,0.3,0.5,34.0,62.8,1.9,0.6,0.3,0.4,31.3,66.0,1.5,0.4,0.3,0.5,34.2,63.5,1.2,0.4,0.3,0.4,"723,745","225,160","473,510","15,150","3,945","2,025","3,950","539,755","183,400","339,020","10,460","3,170","1,455","2,245","716,340","224,055","473,060","10,665","2,685","2,025","3,845","532,965","182,495","338,620","6,260","1,970","1,455","2,155"
Mississippi's 3rd,MS-03,59.8,35.1,2.4,1.1,0.9,0.8,62.1,33.4,2.1,1.1,0.8,0.5,60.6,35.6,1.5,0.6,0.9,0.8,63.0,34.0,1.1,0.6,0.8,0.5,"748,785","447,925","262,670","17,650","7,905","6,920","5,725","568,875","353,265","190,225","11,985","6,205","4,420","2,775","737,350","446,515","262,285","11,395","4,640","6,910","5,600","558,330","351,880","189,880","6,265","3,235","4,415","2,660"
Mississippi's 4th,MS-04,69.4,23.3,4.0,1.5,0.3,1.6,71.7,22.0,3.4,1.6,0.3,1.0,70.4,23.6,3.1,1.1,0.3,1.6,73.0,22.3,2.3,1.1,0.3,1.0,"760,715","527,605","176,950","30,160","11,415","2,200","12,380","576,825","413,680","126,815","19,715","9,085","1,880","5,655","747,545","525,955","176,200","22,880","8,100","2,145","12,270","564,700","412,245","126,105","13,025","5,960","1,825","5,540"
Missouri's 1st,MO-01,41.4,49.4,3.3,3.0,0.2,2.7,45.6,46.3,2.9,3.2,0.2,1.8,42.3,50.8,2.4,1.7,0.2,2.7,46.8,47.8,1.8,1.7,0.2,1.8,"740,260","306,690","366,030","24,730","21,855","1,305","19,650","575,260","262,315","266,435","16,730","18,445","1,020","10,315","714,610","302,285","362,825","17,240","11,995","1,295","18,970","552,275","258,290","263,870","9,900","9,425","1,020","9,770"
Missouri's 2nd,MO-02,87.7,3.7,2.6,4.4,0.1,1.5,89.1,3.6,2.1,4.1,0.1,0.9,89.4,3.7,2.2,3.1,0.1,1.5,91.1,3.6,1.6,2.6,0.1,0.9,"760,780","667,190","28,205","19,710","33,175",995,"11,505","592,460","527,955","21,320","12,565","24,295",795,"5,530","737,410","659,515","27,325","15,880","22,525",995,"11,165","571,815","521,135","20,625","9,115","14,910",795,"5,230"
Missouri's 3rd,MO-03,91.4,3.3,2.4,1.0,0.3,1.7,92.5,3.1,2.0,0.9,0.3,1.1,92.2,3.2,2.0,0.6,0.3,1.7,93.5,3.1,1.5,0.6,0.3,1.1,"768,155","701,915","25,100","18,755","7,355","2,165","12,865","584,835","541,170","18,410","11,645","5,540","1,745","6,330","759,400","699,890","24,440","15,425","4,885","2,165","12,590","576,785","539,230","17,805","8,490","3,340","1,745","6,185"
Missouri's 4th,MO-04,87.2,4.6,3.7,1.5,0.4,2.7,88.5,4.7,3.0,1.6,0.4,1.8,88.4,4.5,3.2,0.8,0.4,2.7,90.0,4.6,2.4,0.8,0.4,1.8,"761,185","663,375","34,665","28,020","11,490","2,955","20,685","588,625","521,095","27,550","17,745","9,320","2,395","10,525","746,830","660,190","33,545","23,790","6,115","2,955","20,240","575,725","518,180","26,580","13,925","4,555","2,395","10,100"
Missouri's 5th,MO-05,64.6,21.9,8.7,1.9,0.4,2.4,68.4,20.5,7.1,1.9,0.4,1.6,66.4,22.2,7.0,1.4,0.4,2.5,70.7,21.0,4.9,1.4,0.4,1.6,"757,530","489,610","165,820","65,865","14,725","3,060","18,450","580,505","397,180","119,190","41,280","11,250","2,505","9,100","733,140","487,125","163,090","51,045","10,620","3,060","18,205","558,455","394,885","117,010","27,595","7,610","2,505","8,855"
Missouri's 6th,MO-06,88.3,4.0,3.9,1.3,0.3,2.1,89.8,4.0,3.2,1.4,0.3,1.3,89.3,3.9,3.5,0.9,0.3,2.1,91.0,3.8,2.7,0.9,0.3,1.3,"760,050","671,195","30,665","29,720","10,090","2,395","15,975","577,885","518,750","23,000","18,625","7,810","1,965","7,740","749,380","669,170","29,110","26,165","6,860","2,395","15,680","568,245","516,895","21,530","15,430","4,930","1,965","7,495"
Missouri's 7th,MO-07,88.9,1.8,4.8,1.4,0.8,2.3,90.6,1.7,3.7,1.4,0.9,1.7,90.4,1.8,3.7,1.0,0.8,2.3,92.5,1.7,2.4,0.9,0.9,1.7,"764,935","679,710","14,135","36,435","10,840","6,305","17,510","588,830","533,770","10,100","21,915","8,210","5,070","9,765","749,240","676,950","13,425","27,875","7,385","6,300","17,305","574,405","531,395","9,525","13,920","4,940","5,065","9,565"
Missouri's 8th,MO-08,90.8,4.6,1.9,0.6,0.4,1.6,92.0,4.3,1.5,0.6,0.5,1.2,91.4,4.6,1.7,0.3,0.4,1.6,92.6,4.3,1.2,0.2,0.5,1.2,"746,755","678,360","34,400","14,050","4,605","3,330","12,015","576,130","529,800","24,640","8,510","3,665","2,595","6,920","740,015","676,385","34,210","12,360","1,950","3,325","11,780","570,175","528,105","24,450","6,960","1,335","2,595","6,735"
Montana's At-Large,MT-AL,86.9,0.4,3.4,0.8,6.3,2.2,89.1,0.4,2.7,0.8,5.3,1.6,87.2,0.4,3.2,0.6,6.4,2.3,89.5,0.4,2.6,0.6,5.4,1.7,"1,023,390","888,930","3,985","34,840","8,145","64,540","22,950","798,370","711,250","3,240","21,870","6,550","42,305","13,155","1,013,805","884,100","3,570","32,870","5,930","64,480","22,860","789,500","706,685","2,870","20,140","4,480","42,260","13,065"
Nebraska's 1st,NE-01,83.1,2.8,8.5,2.5,1.0,2.1,86.1,2.6,6.7,2.6,0.9,1.2,86.0,2.7,6.6,1.5,1.1,2.1,89.7,2.5,4.2,1.5,0.9,1.2,"630,685","523,905","17,510","53,855","15,920","6,475","13,020","477,460","410,945","12,470","32,080","12,245","4,070","5,650","605,570","521,060","16,295","39,955","9,330","6,475","12,450","455,120","408,405","11,415","19,340","6,645","4,070","5,245"
Nebraska's 2nd,NE-02,73.6,9.7,10.9,3.1,0.3,2.3,77.5,9.0,8.7,3.1,0.4,1.4,77.5,9.7,8.2,1.8,0.4,2.4,82.4,9.1,5.1,1.5,0.4,1.4,"643,890","473,950","62,255","70,290","20,090","2,195","15,100","474,090","367,335","42,730","41,290","14,525","1,665","6,545","607,555","471,050","59,225","49,665","10,665","2,180","14,765","442,145","364,535","40,265","22,650","6,825","1,650","6,215"
Nebraska's 3rd,NE-03,85.0,1.1,11.2,0.8,0.7,1.2,87.8,1.0,8.8,0.9,0.6,0.9,87.7,0.8,8.9,0.5,0.8,1.3,91.2,0.8,6.0,0.5,0.6,0.9,"606,685","515,540","6,590","67,660","4,920","4,410","7,575","462,105","405,770","4,655","40,765","3,950","2,865","4,095","586,185","514,285","4,870","51,985","3,140","4,410","7,495","443,750","404,675","3,360","26,475","2,350","2,865","4,025"
Nevada's 1st,NV-01,32.8,10.4,45.0,8.8,0.4,2.6,38.1,10.2,39.3,9.9,0.4,2.0,39.3,12.2,37.0,7.9,0.4,3.1,48.0,12.5,27.3,9.1,0.5,2.5,"685,135","224,755","71,485","308,465","60,350","2,440","17,640","526,670","200,635","53,940","207,010","52,305","2,045","10,735","554,245","218,080","67,610","205,285","43,765","2,380","17,125","404,480","194,250","50,610","110,520","36,815","1,985","10,295"
Nevada's 2nd,NV-02,67.6,1.8,21.8,4.4,1.9,2.6,71.7,1.8,18.1,4.6,1.9,1.8,71.9,1.8,17.8,3.7,2.1,2.7,77.3,1.9,13.0,3.8,2.1,1.9,"696,100","470,305","12,200","151,515","30,615","13,310","18,155","539,170","386,725","9,870","97,700","24,760","10,275","9,840","647,720","465,435","11,775","115,535","24,035","13,300","17,640","494,080","381,985","9,530","64,210","18,700","10,265","9,385"
Nevada's 3rd,NV-03,57.6,6.8,17.0,14.1,0.4,4.1,60.9,6.5,14.8,14.5,0.4,2.8,60.2,7.0,15.8,12.2,0.4,4.4,64.3,6.7,13.1,12.4,0.4,3.0,"739,845","426,380","50,010","125,435","104,405","2,970","30,650","575,195","350,405","37,470","85,155","83,690","2,340","16,130","688,880","414,935","47,975","108,785","84,220","2,940","30,025","528,000","339,700","35,480","69,385","65,360","2,310","15,750"
Nevada's 4th,NV-04,47.2,14.1,28.6,5.9,0.8,3.5,51.6,13.8,24.6,6.6,0.8,2.7,50.9,15.3,23.9,5.3,0.9,3.7,56.9,15.3,18.1,5.9,0.9,2.9,"718,095","338,635","101,145","205,085","42,365","5,800","25,060","533,505","275,170","73,475","131,185","35,040","4,255","14,370","656,295","334,075","100,305","156,730","35,020","5,785","24,380","475,725","270,770","72,710","85,975","28,285","4,245","13,735"
New Hampshire's 1st,NH-01,91.4,1.3,3.2,2.4,0.1,1.6,92.6,1.2,2.7,2.3,0.1,1.1,92.9,1.1,2.8,1.5,0.1,1.6,94.4,0.9,2.2,1.3,0.1,1.1,"667,330","609,705","8,990","21,465","15,965",685,"10,525","533,685","494,060","6,285","14,485","12,405",525,"5,930","648,965","603,005","7,380","18,010","9,590",670,"10,315","516,980","487,865","4,835","11,435","6,550",515,"5,780"
New Hampshire's 2nd,NH-02,91.4,1.0,3.3,2.5,0.2,1.6,92.5,1.0,2.7,2.4,0.2,1.1,92.9,0.9,2.9,1.5,0.2,1.6,94.4,0.9,2.2,1.3,0.2,1.1,"660,175","603,135","6,810","22,035","16,715","1,175","10,300","526,840","487,510","5,415","14,335","12,770",965,"5,850","642,445","597,145","5,635","18,625","9,865","1,165","10,010","510,650","481,895","4,395","11,060","6,710",955,"5,635"
New Jersey's 1st,NJ-01,63.8,16.4,12.9,5.1,0.1,1.8,66.9,15.9,10.9,5.0,0.1,1.2,65.8,16.8,11.4,4.0,0.1,1.8,69.6,16.3,9.1,3.8,0.1,1.2,"731,075","466,070","119,925","94,380","37,155",545,"13,005","564,360","377,760","89,570","61,725","28,200",450,"6,660","700,485","461,100","117,650","80,175","28,095",545,"12,920","536,535","373,195","87,445","48,735","20,135",450,"6,575"
New Jersey's 2nd,NJ-02,66.1,12.0,15.7,4.0,0.2,1.9,69.7,11.7,13.2,3.9,0.2,1.3,69.1,12.3,13.2,3.2,0.2,2.0,73.4,12.1,9.9,3.0,0.2,1.3,"729,825","482,640","87,380","114,725","29,505","1,465","14,110","569,310","396,825","66,555","75,235","22,140","1,225","7,335","691,390","477,810","85,035","91,025","22,220","1,455","13,845","534,145","392,170","64,500","53,145","15,985","1,220","7,135"
New Jersey's 3rd,NJ-03,76.2,10.3,7.4,3.7,0.1,2.3,78.4,10.0,6.4,3.6,0.1,1.6,77.7,10.2,6.7,3.0,0.1,2.3,80.2,9.9,5.4,2.8,0.1,1.6,"736,720","561,575","76,040","54,740","27,145",485,"16,735","582,390","456,680","58,380","37,065","20,695",395,"9,175","715,305","555,750","73,195","47,685","21,555",485,"16,640","562,555","451,240","55,810","30,460","15,570",395,"9,075"
New Jersey's 4th,NJ-04,78.1,6.2,10.2,4.0,0.0,1.3,79.4,6.5,9.0,4.1,0.0,0.9,81.4,5.9,7.8,3.5,0.0,1.3,83.6,6.2,5.9,3.4,0.0,0.9,"738,950","577,440","46,145","75,555","29,925",270,"9,620","557,725","443,100","36,190","50,370","23,010",245,"4,815","699,475","569,605","41,570","54,255","24,385",245,"9,405","521,035","435,725","32,155","30,540","17,785",225,"4,605"
New Jersey's 5th,NJ-05,70.6,4.8,13.1,10.2,0.1,1.1,72.3,4.8,12.1,10.0,0.1,0.7,74.2,4.7,11.7,8.1,0.1,1.2,76.7,4.7,10.2,7.5,0.1,0.7,"742,080","523,970","35,310","97,300","75,930","1,065","8,500","575,835","416,355","27,535","69,585","57,530",820,"4,015","691,180","513,130","32,360","80,685","55,790","1,025","8,190","530,115","406,480","24,865","54,325","39,925",780,"3,735"
New Jersey's 6th,NJ-06,48.8,9.4,21.4,18.9,0.1,1.3,52.0,9.4,19.0,18.6,0.1,0.9,55.1,10.3,18.2,14.9,0.1,1.4,60.1,10.4,14.4,14.0,0.1,0.9,"743,100","362,415","69,860","159,385","140,770",930,"9,750","579,230","301,265","54,425","109,870","107,955",675,"5,035","638,160","351,395","65,670","115,970","95,125",905,"9,090","484,280","291,045","50,560","69,945","67,700",650,"4,385"
New Jersey's 7th,NJ-07,72.5,4.5,12.1,9.6,0.1,1.3,74.4,4.5,10.9,9.3,0.0,0.7,76.3,4.6,9.8,7.8,0.1,1.3,79.2,4.7,8.1,7.2,0.0,0.8,"741,495","537,515","33,450","89,355","71,330",430,"9,425","567,265","422,075","25,715","62,080","52,965",220,"4,215","688,390","525,255","31,990","67,650","53,830",430,"9,230","518,765","411,060","24,315","41,805","37,285",220,"4,075"
New Jersey's 8th,NJ-08,26.2,9.1,54.5,8.8,0.1,1.2,28.5,8.7,52.2,9.6,0.1,0.9,30.6,10.8,50.8,6.2,0.2,1.4,35.0,10.6,46.5,6.5,0.2,1.1,"766,385","200,735","69,980","417,925","67,565",995,"9,175","597,675","170,420","51,715","311,720","57,555",795,"5,470","574,780","176,090","62,205","291,755","35,485",950,"8,295","420,495","147,275","44,780","195,405","27,505",750,"4,780"
New Jersey's 9th,NJ-09,39.8,9.5,36.2,13.1,0.1,1.2,42.4,9.4,33.5,13.7,0.1,0.9,44.1,10.8,33.3,10.3,0.2,1.4,48.2,11.0,29.3,10.4,0.2,1.0,"751,660","299,140","71,175","272,380","98,840","1,010","9,120","578,880","245,350","54,320","194,130","79,325",795,"4,955","630,465","278,000","67,960","209,715","65,225","1,010","8,560","468,600","225,940","51,345","137,365","48,580",795,"4,580"
New Jersey's 10th,NJ-10,20.4,51.6,19.3,7.2,0.2,1.4,22.2,51.1,17.7,7.8,0.1,1.1,21.4,54.4,17.3,5.3,0.2,1.5,23.8,54.3,15.0,5.5,0.1,1.2,"741,960","151,335","382,945","142,990","53,475","1,145","10,065","568,700","126,070","290,500","100,775","44,205",805,"6,350","645,270","138,375","350,865","111,485","34,060",980,"9,510","480,715","114,285","261,090","72,325","26,550",635,"5,830"
New Jersey's 11th,NJ-11,74.7,3.5,10.4,9.8,0.1,1.5,76.3,3.6,9.5,9.6,0.1,0.8,77.8,3.4,9.1,8.0,0.1,1.6,80.1,3.6,7.8,7.5,0.1,0.9,"740,725","553,500","25,985","77,365","72,275",450,"11,160","580,515","443,210","21,160","55,185","55,795",355,"4,810","694,685","540,675","23,640","63,340","55,555",450,"11,020","538,570","431,485","19,190","42,230","40,640",355,"4,665"
New Jersey's 12th,NJ-12,48.1,17.4,16.5,16.5,0.1,1.4,51.4,16.8,15.2,15.7,0.1,0.9,53.3,18.9,12.7,13.4,0.1,1.5,58.3,18.4,10.3,11.9,0.1,1.0,"751,470","361,660","130,925","123,735","124,040",960,"10,150","583,750","299,960","97,905","88,625","91,390",670,"5,200","649,630","346,325","122,770","82,695","87,250",850,"9,745","491,465","286,440","90,570","50,755","58,260",555,"4,885"
New Mexico's 1st,NM-01,40.7,2.4,49.2,2.3,3.7,1.7,45.1,2.4,44.9,2.4,3.6,1.4,42.9,2.5,47.0,1.8,4.0,1.8,48.3,2.5,41.9,1.9,3.9,1.5,"692,610","281,740","16,760","340,750","15,680","25,905","11,775","537,015","242,375","13,065","241,340","12,985","19,500","7,745","645,865","277,235","16,225","303,325","11,720","25,905","11,455","494,330","238,555","12,585","206,950","9,310","19,500","7,425"
New Mexico's 2nd,NM-02,37.8,1.6,53.7,0.7,4.9,1.2,42.4,1.7,49.4,0.8,4.8,0.9,40.4,1.7,50.7,0.5,5.3,1.3,46.1,1.8,45.2,0.6,5.3,1.0,"698,525","264,190","11,515","375,155","5,040","34,270","8,355","522,635","221,365","9,065","258,075","4,390","24,885","4,860","644,560","260,605","10,975","327,070","3,515","34,270","8,120","473,590","218,220","8,605","214,225","2,945","24,885","4,720"
New Mexico's 3rd,NM-03,38.1,1.4,40.5,1.2,17.3,1.5,42.2,1.4,37.9,1.3,16.1,1.1,39.2,1.4,38.9,0.9,18.0,1.6,43.7,1.4,35.9,0.9,16.9,1.2,"691,535","263,465","9,665","279,925","8,160","119,700","10,615","521,265","219,925","7,070","197,770","6,595","84,140","5,770","663,825","260,400","9,325","258,040","5,805","119,690","10,555","496,320","216,995","6,775","178,255","4,445","84,125","5,725"
New York's 1st,NY-01,76.0,4.8,13.9,4.0,0.2,1.1,78.6,4.5,11.9,4.1,0.2,0.7,79.5,4.8,11.5,2.9,0.2,1.1,82.9,4.5,8.8,2.8,0.2,0.8,"722,040","549,040","34,490","100,110","29,205","1,315","7,875","565,535","444,480","25,395","67,435","23,125",950,"4,150","679,190","539,900","32,535","77,825","19,915","1,295","7,725","525,330","435,735","23,625","46,200","14,840",925,"4,000"
New York's 2nd,NY-02,63.4,9.5,22.6,3.2,0.1,1.2,66.1,9.2,20.5,3.1,0.1,0.9,68.4,9.6,17.9,2.7,0.1,1.3,72.5,9.2,14.6,2.6,0.1,1.0,"720,950","457,380","68,575","162,890","22,745",865,"8,485","557,810","368,885","51,225","114,505","17,570",595,"5,035","657,910","450,165","63,095","117,620","17,960",850,"8,230","499,445","361,915","46,080","72,865","13,230",580,"4,775"
New York's 3rd,NY-03,69.9,3.0,10.8,14.9,0.1,1.3,71.9,3.0,9.6,14.6,0.1,0.8,73.9,3.0,9.0,12.7,0.1,1.3,76.8,2.9,7.3,12.1,0.1,0.8,"724,565","506,435","21,780","78,435","107,745",730,"9,435","567,410","408,095","16,975","54,245","82,690",625,"4,775","672,660","496,775","20,045","60,820","85,450",725,"8,850","519,775","398,990","15,325","37,895","62,660",620,"4,285"
New York's 4th,NY-04,57.9,14.2,20.0,6.6,0.1,1.2,60.3,14.1,18.1,6.5,0.1,0.9,62.9,14.4,15.5,5.8,0.1,1.2,66.6,14.4,12.4,5.6,0.1,0.9,"722,015","418,325","102,580","144,240","47,410",935,"8,535","560,910","338,000","79,150","101,770","36,485",655,"4,845","654,400","411,595","94,310","101,345","38,150",870,"8,125","497,595","331,460","71,560","61,465","28,020",595,"4,500"
New York's 5th,NY-05,11.8,50.1,19.5,16.2,0.4,1.9,12.3,50.7,18.4,16.3,0.4,1.8,13.3,52.0,18.1,14.1,0.5,2.0,14.3,53.2,16.3,13.9,0.4,1.8,"774,750","91,610","388,465","150,840","125,380","3,450","15,005","596,805","73,680","302,850","109,625","97,320","2,460","10,865","653,825","87,075","340,060","118,515","92,375","3,055","12,750","486,265","69,355","258,710","79,425","67,815","2,085","8,885"
New York's 6th,NY-06,35.6,3.6,19.2,39.7,0.2,1.8,36.5,3.7,18.2,40.1,0.2,1.3,41.8,4.1,19.3,32.6,0.2,2.0,44.5,4.4,17.9,31.7,0.2,1.4,"730,535","259,805","26,395","140,425","289,710","1,305","12,900","593,745","216,955","21,895","108,285","238,015",950,"7,650","575,660","240,605","23,850","110,860","187,470","1,280","11,585","447,440","198,925","19,465","80,000","141,690",925,"6,430"
New York's 7th,NY-07,29.7,8.0,41.8,18.8,0.1,1.5,29.9,8.3,40.4,20.1,0.1,1.1,33.9,9.2,39.7,15.4,0.1,1.7,35.4,9.9,37.2,16.1,0.2,1.3,"748,295","222,455","60,140","312,855","140,835",885,"11,125","574,150","171,890","47,875","231,855","115,405",775,"6,350","598,300","203,055","54,965","237,550","91,990",760,"9,985","433,645","153,645","43,035","161,230","69,655",655,"5,425"
New York's 8th,NY-08,23.1,52.3,17.5,5.5,0.2,1.4,25.4,51.5,16.1,5.6,0.2,1.2,24.1,53.2,16.7,4.4,0.2,1.4,26.9,52.5,15.0,4.3,0.2,1.2,"753,060","174,120","393,930","131,880","41,065","1,195","10,865","587,240","149,145","302,475","94,560","32,955","1,010","7,095","664,565","160,135","353,600","111,265","28,930","1,100","9,540","505,915","136,005","265,495","75,740","21,840",915,"5,915"
New York's 9th,NY-09,31.3,48.4,11.5,6.9,0.1,1.7,31.8,48.9,10.9,6.9,0.1,1.3,34.0,47.3,10.8,6.0,0.2,1.7,35.2,47.7,9.8,5.8,0.2,1.2,"742,130","232,535","358,980","85,710","51,205","1,105","12,600","572,335","182,000","280,090","62,635","39,605",745,"7,255","627,210","213,495","296,785","67,975","37,370","1,095","10,490","468,060","164,915","223,405","46,095","27,315",740,"5,590"
New York's 10th,NY-10,63.8,3.5,12.5,18.3,0.2,1.8,63.7,3.8,12.2,18.8,0.1,1.3,68.3,3.7,11.3,14.7,0.2,1.8,69.0,4.2,10.7,14.7,0.2,1.3,"731,075","466,675","25,450","91,325","133,615","1,185","12,820","588,405","374,845","22,535","71,925","110,695",880,"7,525","618,050","421,935","23,110","69,800","90,960","1,160","11,090","482,850","333,055","20,270","51,480","70,990",860,"6,205"
New York's 11th,NY-11,61.8,6.9,16.4,13.3,0.1,1.4,64.1,6.6,14.7,13.5,0.1,1.0,64.8,7.0,15.2,11.4,0.1,1.4,68.1,6.7,12.9,11.2,0.1,1.0,"729,160","450,420","50,220","119,880","97,340",980,"10,320","567,865","364,185","37,210","83,225","76,825",700,"5,720","653,305","423,205","45,900","99,585","74,765",965,"8,885","497,800","339,060","33,180","64,150","55,980",690,"4,740"
New York's 12th,NY-12,65.7,4.4,13.7,13.8,0.2,2.3,67.2,4.3,12.8,13.9,0.1,1.6,69.1,4.7,13.0,10.6,0.2,2.4,71.1,4.6,11.9,10.5,0.1,1.7,"725,975","477,280","32,085","99,170","99,830","1,255","16,350","641,450","431,230","27,845","81,785","89,340",795,"10,460","624,705","431,835","29,150","81,225","66,265","1,235","14,995","545,325","387,820","25,005","65,030","57,340",770,"9,355"
New York's 13th,NY-13,13.8,25.3,54.5,4.8,0.1,1.6,15.4,25.6,52.3,5.2,0.1,1.3,15.1,28.4,50.8,3.7,0.1,1.8,17.4,29.4,47.5,4.0,0.2,1.6,"768,090","106,005","194,345","418,265","36,595",935,"11,940","606,505","93,575","155,170","317,310","31,680",860,"7,910","620,380","93,730","176,490","315,310","22,820",860,"11,170","470,505","82,080","138,225","223,460","18,600",830,"7,320"
New York's 14th,NY-14,23.0,9.7,49.1,16.9,0.2,1.2,25.1,10.0,46.5,17.2,0.2,1.0,27.5,11.5,45.0,14.6,0.2,1.3,31.8,12.4,39.9,14.6,0.2,1.1,"722,310","165,800","70,030","354,745","122,220","1,165","8,355","574,055","144,365","57,570","266,680","98,785","1,070","5,585","540,950","148,715","62,010","243,190","79,070","1,045","6,925","402,855","128,060","50,035","160,855","58,645",975,"4,280"
New York's 15th,NY-15,2.5,28.5,66.1,2.0,0.3,0.7,2.9,28.5,65.6,2.1,0.3,0.6,2.8,30.9,63.4,1.7,0.3,0.8,3.5,31.7,61.9,1.8,0.3,0.7,"747,880","18,680","212,935","494,285","14,600","2,385","5,000","534,685","15,505","152,300","350,795","11,400","1,520","3,170","590,245","16,685","182,480","374,385","10,000","1,995","4,695","392,885","13,730","124,430","243,390","7,205","1,265","2,865"
New York's 16th,NY-16,37.5,31.3,24.5,5.2,0.2,1.4,39.2,31.5,22.7,5.4,0.2,1.0,40.3,31.1,22.6,4.3,0.2,1.5,43.1,31.2,20.0,4.4,0.2,1.0,"738,785","276,715","231,115","181,045","38,195","1,365","10,345","571,545","224,190","179,975","129,910","30,740","1,040","5,685","645,505","259,925","200,640","146,180","27,830","1,305","9,615","485,670","209,160","151,615","97,320","21,565",980,"5,025"
New York's 17th,NY-17,60.7,10.0,21.7,5.9,0.1,1.5,61.8,10.3,20.3,6.4,0.1,1.0,66.9,9.9,16.5,4.9,0.1,1.6,69.8,10.3,13.4,5.2,0.1,1.1,"738,465","448,595","73,915","160,480","43,670",990,"10,815","555,630","343,560","57,340","113,010","35,500",705,"5,520","652,005","436,465","64,660","107,760","31,805",895,"10,415","475,730","332,175","49,060","63,975","24,735",615,"5,165"
New York's 18th,NY-18,69.9,8.8,16.0,3.1,0.2,2.0,72.2,8.8,14.3,3.2,0.2,1.3,72.4,8.7,14.2,2.5,0.2,2.0,75.5,8.7,11.9,2.4,0.2,1.3,"721,185","504,000","63,255","115,645","22,690","1,480","14,115","549,275","396,665","48,070","78,670","17,585","1,200","7,075","686,265","496,785","59,500","97,555","17,160","1,455","13,810","516,510","389,720","44,740","61,500","12,595","1,175","6,785"
New York's 19th,NY-19,85.4,4.1,7.0,1.6,0.1,1.8,87.0,4.1,6.0,1.6,0.1,1.2,86.9,3.8,6.1,1.2,0.1,1.8,88.8,3.8,5.0,1.1,0.1,1.2,"707,055","603,590","28,770","49,685","11,545",635,"12,820","571,410","496,945","23,355","34,490","9,075",555,"6,990","687,730","597,710","26,355","42,135","8,230",635,"12,660","553,430","491,215","21,150","27,620","6,040",555,"6,855"
New York's 20th,NY-20,77.6,8.8,6.0,4.9,0.1,2.5,80.6,8.2,5.0,4.7,0.1,1.4,79.7,8.8,5.7,3.2,0.1,2.5,82.9,8.2,4.6,2.7,0.1,1.4,"725,335","563,025","63,890","43,735","35,805","1,040","17,840","579,070","466,450","47,700","28,870","26,930",810,"8,305","699,020","557,055","61,195","40,045","22,360",955,"17,415","555,755","460,900","45,505","25,575","15,155",725,"7,900"
New York's 21st,NY-21,90.5,2.9,3.3,1.0,0.8,1.5,91.1,3.2,3.0,1.0,0.8,1.0,91.2,2.8,3.0,0.7,0.8,1.5,91.9,3.1,2.7,0.6,0.8,1.0,"715,390","647,455","20,970","23,300","7,290","5,780","10,600","566,010","515,380","17,955","16,815","5,785","4,280","5,795","704,000","641,970","19,940","21,160","4,885","5,630","10,415","555,510","510,250","17,010","14,780","3,585","4,215","5,675"
New York's 22nd,NY-22,88.1,3.7,3.5,2.7,0.2,1.8,89.8,3.5,2.9,2.6,0.2,1.1,89.5,3.6,3.4,1.6,0.2,1.8,91.3,3.3,2.7,1.4,0.2,1.0,"708,360","623,955","26,070","25,070","19,115","1,415","12,740","560,880","503,655","19,360","16,325","14,365","1,260","5,925","691,840","619,090","24,645","23,425","10,945","1,395","12,335","546,920","499,165","18,145","14,770","7,915","1,240","5,680"
New York's 23rd,NY-23,88.9,2.7,3.7,2.4,0.5,1.8,89.9,2.8,3.2,2.5,0.5,1.1,90.2,2.7,3.5,1.2,0.5,1.8,91.6,2.8,2.9,1.2,0.5,1.1,"709,935","630,935","19,250","26,190","16,935","3,850","12,780","564,060","507,365","15,745","17,800","14,225","2,725","6,205","694,140","626,385","18,600","24,200","8,535","3,815","12,605","549,390","503,130","15,140","16,045","6,355","2,705","6,025"
New York's 24th,NY-24,82.5,8.0,4.2,2.7,0.4,2.3,85.0,7.2,3.4,2.5,0.5,1.4,84.1,7.8,3.9,1.5,0.4,2.3,86.8,7.0,3.1,1.3,0.5,1.3,"713,915","588,765","56,985","29,685","19,075","2,950","16,455","559,400","475,650","40,375","19,085","14,155","2,550","7,580","694,615","583,915","54,180","27,070","10,755","2,890","15,810","542,710","471,100","38,245","16,620","7,100","2,490","7,160"
New York's 25th,NY-25,70.7,15.0,8.3,3.7,0.2,2.0,74.5,13.5,6.8,3.7,0.2,1.3,72.4,15.0,8.1,2.3,0.2,2.0,76.4,13.5,6.5,2.1,0.2,1.3,"722,210","510,880","108,540","60,070","27,000","1,475","14,250","567,360","422,405","76,815","38,810","20,890","1,165","7,270","694,650","502,810","104,345","56,285","16,010","1,420","13,775","543,400","415,165","73,435","35,375","11,430","1,115","6,875"
New York's 26th,NY-26,69.8,17.8,6.1,3.9,0.4,2.0,73.5,16.3,4.8,3.7,0.3,1.2,71.6,17.9,6.0,2.0,0.4,2.0,75.5,16.5,4.7,1.7,0.3,1.2,"714,790","499,190","127,470","43,310","28,165","2,560","14,090","567,115","417,080","92,685","27,415","21,000","1,880","7,050","686,395","491,740","123,075","41,335","14,010","2,510","13,720","543,660","410,535","89,450","25,685","9,425","1,830","6,735"
New York's 27th,NY-27,92.0,2.4,2.6,1.1,0.7,1.2,92.8,2.5,2.2,1.1,0.6,0.7,92.6,2.4,2.3,0.9,0.6,1.2,93.6,2.5,1.9,0.8,0.6,0.7,"719,190","661,450","17,440","18,650","8,030","4,700","8,920","570,390","529,580","14,465","12,585","6,015","3,545","4,195","709,535","656,935","16,690","16,400","6,150","4,595","8,775","561,485","525,340","13,760","10,510","4,345","3,440","4,085"
North Carolina's 1st,NC-01,42.4,44.5,8.4,1.9,0.7,2.1,45.6,43.7,6.6,2.1,0.7,1.4,44.1,46.6,5.1,1.3,0.7,2.1,47.8,46.1,2.6,1.3,0.7,1.4,"745,645","315,940","331,780","62,830","14,495","5,170","15,420","583,220","265,845","254,795","38,360","12,045","4,145","8,030","707,355","312,065","329,685","36,380","8,920","5,135","15,165","548,240","262,120","252,765","14,370","7,105","4,110","7,770"
North Carolina's 2nd,NC-02,66.9,19.4,9.3,1.8,0.4,2.1,69.3,19.7,7.4,1.8,0.5,1.3,69.2,20.1,6.7,1.5,0.4,2.2,72.2,20.5,4.1,1.4,0.5,1.3,"791,510","529,740","153,940","73,775","14,190","3,120","16,740","580,150","401,970","114,360","43,210","10,495","2,640","7,480","758,085","524,375","152,065","50,935","11,185","3,075","16,445","550,380","397,355","112,650","22,650","7,905","2,610","7,215"
North Carolina's 3rd,NC-03,67.9,20.3,7.5,1.5,0.4,2.5,70.4,20.0,6.2,1.5,0.4,1.5,69.3,20.8,6.0,1.0,0.4,2.6,72.2,20.6,4.3,1.0,0.4,1.6,"749,070","508,250","151,840","56,115","11,195","2,795","18,880","581,295","408,985","116,250","35,950","8,885","2,320","8,905","729,465","505,710","151,425","43,640","7,180","2,795","18,715","563,255","406,595","115,885","24,065","5,640","2,320","8,750"
North Carolina's 4th,NC-04,56.9,22.2,10.2,8.1,0.3,2.1,60.5,21.4,8.4,7.9,0.3,1.5,61.3,23.9,6.6,5.5,0.4,2.3,66.0,23.3,3.9,4.9,0.4,1.6,"806,435","459,050","179,335","82,370","65,615","2,740","17,335","624,115","377,570","133,625","52,455","49,190","1,995","9,290","731,965","448,620","174,730","48,440","40,570","2,740","16,865","557,555","367,885","129,765","21,745","27,280","1,995","8,890"
North Carolina's 5th,NC-05,73.4,14.4,9.3,1.4,0.2,1.3,76.8,13.9,6.8,1.4,0.3,0.9,76.2,14.9,6.2,1.0,0.2,1.4,80.3,14.4,3.1,0.9,0.3,0.9,"745,705","547,110","107,500","69,115","10,440","1,750","9,790","583,695","448,180","81,075","39,900","7,960","1,525","5,050","713,940","544,360","106,440","44,485","7,175","1,745","9,730","554,570","445,480","80,075","17,365","5,115","1,520","5,005"
North Carolina's 6th,NC-06,66.7,19.9,9.7,1.6,0.4,1.8,70.0,19.7,7.4,1.5,0.4,1.1,69.7,20.6,6.3,1.2,0.4,1.8,73.8,20.6,3.1,1.0,0.4,1.1,"754,900","503,375","150,335","73,055","12,045","2,725","13,365","581,385","406,920","114,300","43,030","8,665","2,120","6,350","717,700","500,055","148,170","45,205","8,360","2,725","13,180","547,625","403,930","112,625","17,180","5,605","2,120","6,165"
North Carolina's 7th,NC-07,67.9,19.4,9.2,0.9,0.7,1.8,71.2,19.1,7.0,0.9,0.7,1.1,70.7,20.2,5.8,0.6,0.7,1.9,74.7,20.0,2.8,0.6,0.7,1.2,"768,410","521,975","148,955","70,785","7,060","5,435","14,200","602,865","429,355","114,930","41,955","5,595","4,215","6,810","733,585","518,695","147,965","42,840","4,645","5,435","14,010","570,785","426,220","114,080","16,200","3,430","4,215","6,640"
North Carolina's 8th,NC-08,62.0,22.2,9.8,2.2,1.0,2.8,65.2,21.9,7.9,2.2,1.0,1.8,63.8,22.8,7.8,1.6,1.1,2.9,67.6,22.6,5.4,1.5,1.0,1.8,"760,680","471,855","168,560","74,480","16,455","7,875","21,450","572,945","373,810","125,210","45,255","12,795","5,650","10,220","733,695","468,430","167,280","57,470","11,410","7,865","21,230","548,190","370,510","124,100","29,610","8,330","5,640","10,000"
North Carolina's 9th,NC-09,60.8,19.4,7.6,2.4,7.9,2.0,63.3,19.3,6.1,2.3,7.8,1.2,62.7,20.0,5.3,1.8,8.2,2.0,65.7,20.0,3.1,1.7,8.3,1.3,"763,890","464,320","148,255","58,070","18,020","60,155","15,070","566,215","358,230","109,245","34,385","13,145","44,375","6,845","731,475","458,365","146,465","38,425","13,130","60,125","14,960","537,200","352,840","107,630","16,655","8,985","44,345","6,740"
North Carolina's 10th,NC-10,78.4,11.9,6.2,1.6,0.3,1.6,81.2,11.4,4.8,1.4,0.3,0.9,80.3,12.2,4.2,1.3,0.3,1.6,83.5,11.7,2.4,1.1,0.3,0.9,"743,720","583,385","88,505","46,005","11,790","2,305","11,735","582,430","472,650","66,610","28,020","8,150","1,810","5,190","721,990","580,085","87,915","30,335","9,700","2,295","11,655","562,725","469,605","66,120","13,770","6,325","1,805","5,110"
North Carolina's 11th,NC-11,86.9,3.1,5.9,1.2,1.4,1.6,89.1,3.1,4.4,1.1,1.3,1.0,88.9,3.2,3.9,1.0,1.4,1.6,91.6,3.1,2.0,0.9,1.3,1.0,"743,350","645,645","23,195","43,680","8,960","10,310","11,565","597,085","532,115","18,290","26,375","6,750","7,680","5,865","721,835","642,065","23,075","27,820","7,105","10,310","11,465","577,030","528,755","18,170","11,565","5,075","7,680","5,780"
North Carolina's 12th,NC-12,40.8,36.6,14.4,5.5,0.2,2.4,44.5,35.7,12.2,5.6,0.2,1.8,44.5,39.7,9.5,3.4,0.3,2.6,49.7,39.4,5.6,3.1,0.3,2.0,"811,815","331,005","297,015","117,285","45,015","1,860","19,625","611,725","272,435","218,135","74,585","34,095","1,515","10,960","727,330","324,000","288,685","68,825","24,815","1,840","19,165","535,450","266,025","211,065","29,815","16,510","1,495","10,540"
North Carolina's 13th,NC-13,65.5,21.6,7.6,3.4,0.3,1.6,68.5,21.0,5.9,3.2,0.3,1.0,68.4,22.4,5.1,2.2,0.3,1.6,72.1,21.9,2.7,1.9,0.4,1.1,"755,695","494,840","163,500","57,190","25,740","2,510","11,910","585,875","401,415","123,255","34,540","18,775","1,950","5,940","716,695","489,865","160,280","36,415","15,830","2,505","11,800","550,790","396,920","120,635","14,980","10,450","1,945","5,865"
North Dakota's At-Large,ND-AL,86.4,2.0,3.1,1.3,5.1,2.1,88.7,1.8,2.5,1.3,4.2,1.5,87.6,1.6,2.9,0.6,5.2,2.1,90.1,1.4,2.2,0.6,4.3,1.4,"736,160","636,175","14,540","22,995","9,545","37,375","15,530","568,445","504,305","10,395","14,230","7,605","23,675","8,245","721,470","632,250","11,440","21,100","4,235","37,345","15,100","555,690","500,695","7,975","12,415","3,070","23,645","7,900"
Ohio's 1st,OH-01,69.8,21.9,2.9,3.2,0.1,2.1,72.6,20.5,2.3,3.1,0.1,1.3,71.4,22.1,2.2,2.1,0.1,2.1,74.5,20.7,1.4,1.8,0.1,1.3,"730,365","509,830","159,715","21,025","23,630",800,"15,370","551,500","400,565","112,980","12,585","17,340",660,"7,370","707,665","505,455","156,290","15,400","14,640",800,"15,075","532,175","396,730","110,345","7,615","9,660",660,"7,155"
Ohio's 2nd,OH-02,86.1,8.5,1.9,1.4,0.2,2.0,87.4,8.2,1.5,1.4,0.2,1.4,86.8,8.5,1.7,0.9,0.2,2.0,88.2,8.2,1.2,0.8,0.2,1.4,"724,850","623,965","61,680","13,720","9,960","1,165","14,360","556,810","486,375","45,860","8,345","7,650","1,035","7,535","715,415","621,120","60,580","11,940","6,390","1,150","14,240","548,460","483,860","44,875","6,640","4,620","1,020","7,435"
Ohio's 3rd,OH-03,53.5,32.5,6.3,3.7,0.2,3.9,58.1,30.1,5.0,4.0,0.2,2.7,56.5,32.7,4.5,2.1,0.2,4.1,62.0,30.3,2.7,2.0,0.2,2.8,"757,870","405,705","246,075","47,535","28,115","1,215","29,225","570,610","331,455","171,810","28,285","22,610","1,120","15,330","709,160","400,755","231,980","31,855","14,570","1,195","28,805","527,415","327,010","159,580","14,380","10,430","1,105","14,905"
Ohio's 4th,OH-04,88.3,5.1,3.5,0.9,0.2,2.1,89.8,5.1,2.8,0.9,0.2,1.2,88.8,5.1,3.3,0.5,0.2,2.1,90.4,5.1,2.5,0.5,0.2,1.2,"712,615","628,885","36,555","24,985","6,075","1,245","14,870","549,275","492,980","28,135","15,365","4,915","1,140","6,735","706,585","627,570","36,170","23,045","3,790","1,245","14,760","543,735","491,740","27,775","13,650","2,800","1,140","6,630"
Ohio's 5th,OH-05,89.6,2.8,4.8,1.4,0.1,1.4,91.0,2.8,3.9,1.3,0.1,0.8,90.2,2.8,4.5,1.0,0.1,1.4,91.7,2.8,3.7,0.9,0.1,0.8,"724,865","649,380","20,405","34,435","9,800",935,"9,905","559,845","509,405","15,590","22,035","7,470",770,"4,565","716,710","646,370","20,015","32,485","7,090",930,"9,820","552,230","506,630","15,205","20,165","4,975",765,"4,485"
Ohio's 6th,OH-06,94.6,2.2,1.1,0.5,0.2,1.4,95.2,2.3,0.9,0.5,0.2,1.0,94.9,2.2,0.9,0.3,0.2,1.4,95.5,2.3,0.7,0.3,0.2,1.0,"707,255","669,275","15,725","7,675","3,270","1,350","9,965","556,750","529,900","12,670","5,160","2,590","1,145","5,290","703,545","667,950","15,660","6,400","2,255","1,340","9,935","553,420","528,695","12,615","3,990","1,715","1,140","5,260"
Ohio's 7th,OH-07,91.2,4.0,2.1,0.6,0.1,1.9,92.6,3.7,1.8,0.7,0.1,1.2,91.7,4.0,1.8,0.5,0.1,2.0,93.2,3.7,1.3,0.4,0.1,1.2,"723,915","660,105","28,865","15,380","4,670",810,"14,085","554,260","513,025","20,705","9,715","3,695",680,"6,445","717,965","658,395","28,685","12,735","3,325",810,"14,015","548,690","511,445","20,555","7,225","2,410",680,"6,375"
Ohio's 8th,OH-08,86.7,5.9,3.3,1.8,0.1,2.2,88.6,5.6,2.5,1.8,0.1,1.3,88.1,5.8,2.5,1.2,0.1,2.2,90.3,5.5,1.6,1.1,0.1,1.4,"724,240","627,935","42,695","23,605","13,305",830,"15,875","551,415","488,805","30,665","13,765","10,135",665,"7,385","710,460","625,760","41,505","17,795","8,745",830,"15,825","539,035","486,730","29,655","8,580","6,065",665,"7,335"
Ohio's 9th,OH-09,69.2,15.5,10.8,1.4,0.2,2.9,73.3,14.5,8.8,1.5,0.2,1.7,70.0,15.7,10.4,0.9,0.2,2.9,74.3,14.7,8.3,0.9,0.2,1.6,"712,630","493,380","110,595","76,775","9,900","1,465","20,515","551,865","404,760","80,130","48,380","8,270","1,210","9,115","698,945","488,945","109,555","72,695","6,165","1,465","20,110","539,375","400,710","79,180","44,505","4,985","1,210","8,780"
Ohio's 10th,OH-10,75.4,16.9,2.6,2.2,0.2,2.8,77.6,16.2,2.2,2.2,0.2,1.6,76.4,17.1,2.2,1.4,0.2,2.7,78.8,16.4,1.7,1.4,0.1,1.5,"721,070","543,895","121,750","18,780","15,580","1,225","19,835","561,560","435,920","91,215","12,155","12,540",860,"8,870","705,675","539,145","120,600","15,765","9,730","1,180","19,260","548,110","431,800","90,150","9,390","7,470",810,"8,485"
Ohio's 11th,OH-11,37.6,53.3,4.0,2.4,0.2,2.5,41.2,50.8,3.5,2.6,0.2,1.6,37.9,54.3,3.8,1.4,0.2,2.4,41.6,52.0,3.2,1.5,0.2,1.5,"700,215","263,615","372,955","28,180","16,875","1,370","17,225","542,605","223,665","275,890","18,950","14,350","1,195","8,550","683,215","258,605","370,875","25,970","9,855","1,350","16,565","526,675","218,930","274,035","16,855","7,755","1,180","7,920"
Ohio's 12th,OH-12,86.4,4.5,2.5,3.8,0.1,2.7,88.1,4.5,2.1,3.6,0.1,1.7,88.1,4.4,2.2,2.4,0.1,2.7,90.1,4.4,1.7,2.0,0.1,1.7,"753,565","651,440","33,985","18,555","28,455",975,"20,160","572,915","504,725","25,605","11,770","20,600",765,"9,455","735,190","647,975","32,395","16,050","17,860",965,"19,940","557,080","501,770","24,480","9,470","11,335",760,"9,270"
Ohio's 13th,OH-13,81.4,11.3,3.1,1.6,0.1,2.4,83.7,10.6,2.6,1.7,0.2,1.3,82.5,11.5,2.8,0.7,0.1,2.4,85.0,10.7,2.2,0.6,0.2,1.3,"711,935","579,370","80,800","22,220","11,570","1,055","16,915","567,635","474,910","60,115","14,770","9,380",940,"7,520","696,855","574,855","79,910","19,440","4,915","1,040","16,690","554,020","470,940","59,280","12,090","3,435",925,"7,355"
Ohio's 14th,OH-14,89.4,4.3,2.6,2.0,0.1,1.5,90.9,4.1,2.0,1.9,0.1,0.9,90.3,4.3,2.3,1.4,0.1,1.6,92.0,4.2,1.6,1.3,0.1,0.9,"718,095","641,945","30,690","18,855","14,675",875,"11,050","558,810","508,045","23,080","11,245","10,875",655,"4,910","704,510","636,205","30,240","16,085","10,180",845,"10,945","546,795","502,955","22,715","8,705","6,995",625,"4,805"
Ohio's 15th,OH-15,89.7,3.8,1.9,2.4,0.1,2.1,90.6,3.9,1.6,2.4,0.1,1.4,90.9,3.8,1.6,1.5,0.1,2.1,92.0,3.8,1.3,1.4,0.1,1.4,"741,445","664,790","28,375","14,125","17,665",890,"15,605","576,585","522,115","22,480","9,110","14,010",775,"8,100","726,345","660,105","27,370","11,760","10,850",890,"15,370","563,145","518,195","21,590","7,055","7,635",775,"7,895"
Ohio's 16th,OH-16,92.1,2.2,2.1,2.1,0.1,1.3,93.1,2.0,1.8,2.1,0.1,0.8,93.0,2.2,1.9,1.5,0.1,1.3,94.0,2.0,1.6,1.4,0.1,0.8,"722,005","665,280","15,920","15,085","15,510","1,040","9,185","564,640","525,795","11,495","10,100","11,860",790,"4,605","709,785","659,805","15,480","13,705","10,850","1,040","8,910","553,770","520,670","11,145","8,855","7,855",790,"4,465"
Oklahoma's 1st,OK-01,65.6,8.5,10.6,2.6,5.2,7.4,70.1,8.1,8.4,2.6,4.9,5.9,68.6,8.7,7.6,1.8,5.5,7.8,74.0,8.4,4.5,1.6,5.2,6.2,"781,425","512,635","66,215","83,030","20,570","40,855","58,125","583,375","408,775","47,275","49,265","15,045","28,725","34,290","741,015","508,495","64,795","56,125","13,000","40,775","57,825","547,165","405,080","45,980","24,765","8,680","28,655","34,010"
Oklahoma's 2nd,OK-02,64.8,3.5,4.9,0.7,16.2,9.9,69.3,3.5,3.7,0.7,14.7,8.1,65.5,3.5,4.0,0.5,16.4,10.0,70.2,3.5,2.6,0.5,14.9,8.2,"748,895","485,545","25,945","36,430","5,365","121,485","74,130","571,480","395,855","19,995","21,110","4,010","84,100","46,420","738,850","484,265","25,720","29,465","3,940","121,395","74,065","561,960","394,630","19,780","14,540","2,645","84,010","46,360"
Oklahoma's 3rd,OK-03,74.8,3.6,9.4,1.7,5.6,4.9,77.9,3.8,7.6,1.7,5.1,3.9,76.9,3.6,7.5,1.1,5.8,5.1,80.6,3.8,5.3,1.0,5.3,4.0,"772,390","577,395","27,670","72,610","13,095","43,510","38,115","584,285","454,910","22,115","44,605","10,005","29,785","22,865","747,915","575,040","27,020","56,350","8,130","43,495","37,880","561,980","452,685","21,470","29,875","5,535","29,770","22,645"
Oklahoma's 4th,OK-04,71.7,6.6,8.2,2.4,4.7,6.5,74.9,6.4,6.8,2.5,4.4,5.0,73.0,6.6,7.3,1.7,4.8,6.6,76.5,6.5,5.6,1.7,4.5,5.1,"777,880","557,770","51,035","64,065","18,285","36,490","50,230","592,430","443,525","38,010","40,530","14,915","26,015","29,445","760,270","554,990","50,330","55,540","12,960","36,490","49,955","576,030","440,850","37,355","32,535","10,070","26,015","29,215"
Oklahoma's 5th,OK-05,58.3,13.4,15.8,3.1,4.1,5.3,63.4,13.0,12.4,3.2,4.0,4.0,62.4,14.1,11.2,2.3,4.4,5.7,68.8,13.9,6.5,2.2,4.3,4.3,"794,990","463,790","106,500","125,330","24,845","32,320","42,210","591,695","374,895","77,060","73,350","19,200","23,450","23,745","737,920","460,285","104,190","82,650","16,735","32,285","41,770","540,520","371,690","74,995","35,090","12,005","23,415","23,325"
Oregon's 1st,OR-01,72.5,1.5,14.3,7.6,0.4,3.7,76.0,1.5,11.6,7.8,0.5,2.6,77.4,1.6,10.8,5.7,0.5,4.0,82.5,1.6,7.1,5.6,0.5,2.8,"807,470","585,165","12,365","115,165","61,420","3,520","29,840","620,000","471,345","9,320","72,105","48,240","2,940","16,050","742,215","574,780","11,640","80,325","42,640","3,500","29,330","560,150","461,970","8,700","39,775","31,195","2,920","15,595"
Oregon's 2nd,OR-02,80.7,0.6,13.2,1.1,1.6,2.7,84.1,0.6,10.5,1.2,1.5,2.2,83.7,0.6,10.3,0.9,1.6,2.8,87.7,0.6,7.0,0.9,1.6,2.3,"788,710","636,795","4,505","104,265","8,990","12,505","21,645","614,690","516,955","3,435","64,320","7,225","9,220","13,530","756,525","632,985","4,305","78,290","7,075","12,480","21,390","585,425","513,325","3,295","40,735","5,555","9,210","13,295"
Oregon's 3rd,OR-03,72.1,5.0,11.0,7.3,0.6,4.1,75.7,4.6,8.8,7.4,0.6,2.9,76.0,4.9,8.5,5.8,0.6,4.3,80.3,4.6,5.7,5.8,0.6,3.1,"811,145","585,000","40,665","88,935","58,855","4,720","32,970","647,130","489,560","29,920","57,195","47,885","3,725","18,850","752,315","571,395","36,710","63,655","43,630","4,700","32,225","594,095","476,995","27,150","33,595","34,360","3,705","18,290"
Oregon's 4th,OR-04,84.8,0.7,7.4,2.5,1.1,3.5,86.9,0.7,5.9,2.6,1.1,2.7,86.9,0.7,6.1,1.6,1.1,3.6,89.5,0.7,4.3,1.6,1.1,2.8,"779,055","660,380","5,785","57,895","19,320","8,425","27,255","629,640","547,370","4,595","37,090","16,460","6,880","17,250","754,075","655,170","5,525","46,145","12,025","8,415","26,805","606,260","542,325","4,350","26,250","9,610","6,870","16,860"
Oregon's 5th,OR-05,76.0,0.9,16.2,3.1,0.8,3.0,80.2,0.9,12.7,3.1,0.7,2.4,79.9,0.9,12.6,2.6,0.8,3.2,85.3,0.9,8.0,2.5,0.8,2.5,"795,885","605,065","7,335","128,545","24,880","6,025","24,030","609,410","488,520","5,435","77,520","19,035","4,420","14,490","748,460","598,155","6,770","94,055","19,570","5,990","23,920","565,405","482,210","5,070","45,220","14,150","4,380","14,380"
Pennsylvania's 1st,PA-01,39.6,34.5,16.9,7.1,0.2,1.8,44.6,32.4,14.3,7.2,0.2,1.2,41.5,35.2,16.0,5.3,0.2,1.8,47.3,33.2,13.0,5.1,0.2,1.2,"718,735","284,420","247,740","121,765","50,755","1,345","12,715","550,775","245,815","178,705","78,550","39,925","1,010","6,760","669,210","277,485","235,310","107,380","35,655","1,305","12,070","505,845","239,135","167,865","65,665","25,975",975,"6,235"
Pennsylvania's 2nd,PA-02,29.2,57.2,5.9,5.2,0.2,2.3,32.1,55.1,5.2,5.6,0.2,1.8,29.7,58.9,5.5,3.4,0.2,2.3,32.8,56.9,4.8,3.5,0.2,1.8,"712,390","207,895","407,615","42,085","36,975","1,625","16,190","567,900","182,150","312,790","29,675","31,975","1,335","9,985","680,695","201,890","400,675","37,700","23,225","1,610","15,595","538,510","176,605","306,380","25,850","18,900","1,320","9,465"
Pennsylvania's 3rd,PA-03,90.6,4.5,2.1,1.0,0.1,1.7,92.4,4.0,1.6,0.9,0.1,0.9,91.2,4.4,2.0,0.6,0.1,1.7,93.1,4.0,1.5,0.5,0.1,0.9,"697,810","632,200","31,295","14,860","7,065",710,"11,675","550,820","509,120","22,205","9,045","5,135",525,"4,800","689,430","629,080","30,440","13,905","3,850",710,"11,445","543,995","506,430","21,655","8,200","2,530",525,"4,660"
Pennsylvania's 4th,PA-04,81.5,7.4,6.8,2.3,0.1,1.8,84.4,6.7,5.4,2.3,0.1,1.1,83.2,7.4,6.0,1.5,0.1,1.8,86.4,6.6,4.3,1.4,0.1,1.1,"717,235","584,825","52,960","49,060","16,775",550,"13,070","558,655","471,355","37,415","30,255","12,830",440,"6,360","699,170","581,925","51,470","41,710","10,650",535,"12,875","542,455","468,730","36,070","23,595","7,450",425,"6,175"
Pennsylvania's 5th,PA-05,92.6,2.4,2.0,1.8,0.1,1.2,92.6,2.7,1.9,1.9,0.2,0.8,93.9,2.2,1.7,0.9,0.1,1.1,94.1,2.5,1.6,0.8,0.2,0.7,"705,575","653,055","16,585","13,975","12,690","1,010","8,260","572,800","530,370","15,305","10,980","10,750",905,"4,490","690,975","648,690","15,280","11,880","6,215","1,010","7,895","559,550","526,620","14,165","8,980","4,745",905,"4,140"
Pennsylvania's 6th,PA-06,83.9,4.1,5.9,4.6,0.1,1.5,86.1,4.0,4.8,4.3,0.1,0.9,86.0,4.0,5.3,3.1,0.1,1.6,88.5,3.9,4.0,2.6,0.1,0.9,"722,755","606,315","29,350","42,475","32,920",495,"11,190","560,000","482,215","22,125","26,675","23,835",360,"4,790","698,575","600,490","27,760","36,915","21,825",490,"11,090","538,770","476,915","20,795","21,775","14,235",355,"4,690"
Pennsylvania's 7th,PA-07,85.0,5.4,3.3,4.8,0.1,1.5,86.3,5.3,2.9,4.6,0.0,0.9,86.7,5.4,2.7,3.7,0.1,1.5,88.3,5.3,2.2,3.4,0.0,0.9,"717,690","609,725","39,010","23,655","34,115",430,"10,760","557,350","480,715","29,695","16,050","25,745",255,"4,885","696,400","603,545","37,430","18,875","25,610",425,"10,515","538,095","475,230","28,265","11,580","18,075",250,"4,690"
Pennsylvania's 8th,PA-08,85.3,3.7,4.8,4.8,0.1,1.4,87.0,3.4,4.0,4.6,0.1,0.8,87.1,3.6,4.1,3.6,0.1,1.4,89.2,3.3,3.2,3.3,0.1,0.8,"708,465","604,060","26,255","33,835","33,689",870,"9,760","556,080","483,835","18,975","22,440","25,499",715,"4,620","685,340","597,150","24,770","28,160","24,904",750,"9,610","535,215","477,455","17,675","17,170","17,839",600,"4,480"
Pennsylvania's 9th,PA-09,93.0,2.7,2.1,0.7,0.1,1.4,94.1,2.7,1.6,0.7,0.1,0.8,93.6,2.7,1.7,0.5,0.1,1.4,94.7,2.7,1.2,0.5,0.1,0.8,"698,750","650,185","19,025","14,345","4,875",760,"9,555","555,600","522,645","14,880","8,965","3,840",560,"4,715","693,265","648,840","18,750","11,995","3,470",760,"9,455","550,530","521,370","14,605","6,860","2,510",560,"4,630"
Pennsylvania's 10th,PA-10,90.5,3.3,4.0,1.0,0.2,1.2,91.4,3.2,3.5,0.9,0.2,0.8,91.2,3.2,3.6,0.7,0.2,1.2,92.3,3.1,3.1,0.6,0.2,0.8,"701,755","635,045","22,925","27,840","6,685","1,080","8,195","558,105","510,260","17,880","19,640","5,155",960,"4,205","692,875","631,870","21,965","25,230","4,655","1,045","8,110","549,600","507,170","16,960","17,205","3,215",930,"4,130"
Pennsylvania's 11th,PA-11,86.1,4.9,5.9,1.6,0.1,1.4,88.3,4.7,4.6,1.5,0.1,0.8,87.6,4.8,4.9,1.2,0.1,1.4,90.1,4.6,3.4,1.0,0.1,0.8,"706,990","608,410","34,590","41,850","11,665",895,"9,580","564,005","497,825","26,385","26,085","8,620",705,"4,375","690,515","605,140","33,480","33,615","8,020",895,"9,365","549,425","494,845","25,395","18,810","5,495",705,"4,180"
Pennsylvania's 12th,PA-12,92.2,3.1,1.4,1.8,0.1,1.5,93.5,3.0,1.1,1.6,0.1,0.7,92.9,3.1,1.3,1.2,0.1,1.5,94.3,2.9,1.0,0.9,0.1,0.7,"702,325","647,445","21,715","9,615","12,665",380,"10,510","560,865","524,315","16,810","6,360","9,090",360,"3,930","694,225","645,145","21,175","8,770","8,320",380,"10,445","553,555","522,185","16,310","5,640","5,195",360,"3,870"
Pennsylvania's 13th,PA-13,58.6,18.6,11.8,8.9,0.1,2.0,62.5,17.0,10.1,8.9,0.1,1.4,61.8,18.9,10.3,6.9,0.1,2.0,66.6,17.3,8.2,6.5,0.1,1.4,"723,655","424,350","134,430","85,150","64,390",730,"14,600","557,010","347,985","94,740","56,400","49,445",570,"7,875","665,545","411,120","125,515","68,665","45,965",725,"13,550","504,905","336,020","87,235","41,190","32,845",560,"7,050"
Pennsylvania's 14th,PA-14,70.4,21.3,2.2,3.1,0.1,2.9,74.0,19.0,1.9,3.2,0.1,1.8,71.8,21.7,2.0,1.6,0.1,2.9,75.8,19.2,1.7,1.5,0.1,1.8,"702,800","494,460","149,975","15,335","22,055",845,"20,125","579,095","428,595","109,820","10,970","18,750",670,"10,295","680,450","488,675","147,370","13,340","10,615",800,"19,645","558,545","423,140","107,510","9,235","8,140",625,"9,895"
Pennsylvania's 15th,PA-15,76.3,4.1,15.3,2.7,0.1,1.5,79.8,3.8,12.7,2.7,0.1,0.9,78.0,4.0,14.3,2.0,0.1,1.6,82.0,3.7,11.5,1.8,0.1,0.9,"719,410","548,740","29,295","110,350","19,280",725,"11,015","563,455","449,590","21,555","71,615","14,990",640,"5,055","696,530","543,585","27,620","99,785","13,950",725,"10,855","542,795","444,940","20,070","62,230","10,015",640,"4,905"
Pennsylvania's 16th,PA-16,72.8,5.8,17.8,1.8,0.1,1.6,76.8,5.6,14.7,1.8,0.1,0.9,75.5,5.8,15.6,1.4,0.1,1.7,80.2,5.6,11.9,1.3,0.1,1.0,"722,005","525,440","42,000","128,740","13,305",810,"11,715","542,740","416,640","30,540","79,900","9,940",580,"5,145","691,925","522,465","40,015","107,630","9,565",810,"11,440","516,195","413,825","28,815","61,180","6,800",580,"4,990"
Pennsylvania's 17th,PA-17,82.6,5.5,8.4,1.9,0.1,1.5,85.5,5.0,6.7,1.8,0.1,1.0,84.1,5.4,7.5,1.3,0.1,1.5,87.2,4.9,5.6,1.2,0.1,0.9,"698,820","577,280","38,395","58,695","12,930",830,"10,695","557,185","476,180","27,825","37,235","9,900",690,"5,350","681,455","572,955","37,135","51,355","8,730",830,"10,450","541,395","472,110","26,630","30,460","6,385",690,"5,115"
Pennsylvania's 18th,PA-18,92.9,2.3,1.3,2.0,0.1,1.4,93.8,2.3,1.2,1.8,0.1,0.8,94.0,2.2,1.2,1.1,0.1,1.4,95.1,2.2,0.9,1.0,0.1,0.8,"706,815","656,485","16,035","9,540","14,155",515,"10,090","567,265","532,325","12,810","6,580","10,450",385,"4,715","694,095","652,490","15,485","8,005","7,945",505,"9,660","556,465","528,920","12,335","5,145","5,340",375,"4,350"
Rhode Island's 1st,RI-01,69.7,7.8,16.4,3.5,0.4,2.2,73.7,7.1,13.8,3.5,0.4,1.5,74.0,7.2,13.8,2.3,0.4,2.3,79.0,6.3,10.5,2.2,0.4,1.6,"529,710","369,100","41,310","87,090","18,545","2,040","11,620","419,600","309,175","29,760","58,100","14,570","1,495","6,495","486,140","359,870","34,905","66,845","11,265","2,010","11,245","380,180","300,435","24,100","39,770","8,200","1,465","6,215"
Rhode Island's 2nd,RI-02,79.5,3.6,11.7,3.2,0.4,1.6,82.2,3.5,9.7,3.1,0.4,1.2,82.5,3.4,9.6,2.4,0.4,1.6,85.7,3.3,7.2,2.2,0.4,1.2,"524,785","416,975","18,895","61,285","16,870","2,155","8,610","422,485","347,135","14,700","40,905","13,220","1,585","4,940","500,420","412,705","16,990","48,265","12,175","2,155","8,125","400,070","343,030","13,145","28,820","8,805","1,585","4,680"
South Carolina's 1st,SC-01,70.6,18.8,6.4,1.8,0.3,2.1,73.5,17.8,5.3,1.9,0.3,1.2,72.2,19.2,4.6,1.5,0.3,2.2,75.5,18.3,3.2,1.5,0.3,1.3,"731,010","516,315","137,270","46,590","13,440","1,910","15,475","569,820","418,855","101,490","29,980","10,955","1,455","7,080","707,525","510,970","136,050","32,835","10,455","1,910","15,300","548,115","413,625","100,470","17,415","8,230","1,455","6,915"
South Carolina's 2nd,SC-02,67.2,23.2,5.3,1.9,0.2,2.2,69.6,22.2,4.5,2.0,0.2,1.4,68.7,23.7,3.7,1.4,0.2,2.2,71.5,22.9,2.6,1.4,0.2,1.4,"689,145","463,210","159,595","36,305","13,315","1,620","15,100","529,420","368,630","117,695","24,040","10,335","1,175","7,545","669,715","460,250","158,835","24,740","9,330","1,620","14,940","511,795","365,840","117,025","13,330","7,040","1,175","7,385"
South Carolina's 3rd,SC-03,74.4,18.4,4.5,0.9,0.2,1.6,76.5,18.0,3.6,0.9,0.2,0.8,75.8,18.8,3.0,0.6,0.2,1.6,78.2,18.5,1.8,0.6,0.2,0.8,"672,525","500,440","123,880","30,245","6,135","1,250","10,580","525,085","401,535","94,670","18,850","4,780","1,050","4,200","656,220","497,400","123,520","19,590","4,070","1,235","10,405","510,445","398,925","94,310","9,195","2,865","1,035","4,120"
South Carolina's 4th,SC-04,69.0,18.9,8.1,2.4,0.2,1.4,71.6,18.3,6.7,2.3,0.2,0.9,71.4,19.8,5.4,1.8,0.2,1.5,74.6,19.2,3.4,1.6,0.2,1.0,"697,850","481,480","132,195","56,380","16,610","1,205","9,975","533,650","382,020","97,455","36,005","12,345",975,"4,855","665,895","475,145","131,645","36,055","12,005","1,165","9,875","504,180","376,250","96,925","17,095","8,190",935,"4,790"
South Carolina's 5th,SC-05,65.7,26.7,4.2,1.1,0.4,1.9,67.8,26.2,3.4,1.1,0.3,1.1,66.5,27.2,3.2,0.8,0.4,1.9,68.8,26.7,2.3,0.8,0.4,1.1,"687,475","451,365","183,685","28,995","7,475","2,715","13,250","525,165","356,215","137,535","18,065","5,730","1,830","5,790","674,325","448,090","183,190","21,630","5,590","2,715","13,110","513,415","353,170","137,130","11,570","4,035","1,830","5,675"
South Carolina's 6th,SC-06,35.7,56.7,4.7,1.2,0.2,1.5,38.7,54.7,3.9,1.2,0.3,1.2,36.4,58.1,3.1,0.7,0.3,1.5,39.6,56.3,2.0,0.7,0.3,1.2,"667,170","237,990","378,345","31,510","7,690","1,650","9,995","523,125","202,250","286,410","20,480","6,230","1,415","6,335","649,245","236,170","377,095","20,220","4,470","1,650","9,640","506,565","200,500","285,230","10,055","3,305","1,415","6,055"
South Carolina's 7th,SC-07,64.0,28.8,4.1,1.0,0.6,1.5,67.1,27.2,3.4,1.0,0.5,0.8,65.1,29.4,2.7,0.7,0.6,1.5,68.4,27.9,1.7,0.7,0.6,0.8,"689,425","441,400","198,860","28,340","6,785","3,935","10,105","542,555","363,885","147,670","18,430","5,360","2,960","4,250","671,790","437,160","197,765","18,025","4,855","3,935","10,050","526,315","359,930","146,640","9,000","3,595","2,960","4,190"
South Dakota's At-Large,SD-AL,83.0,1.6,3.4,1.4,8.4,2.2,86.2,1.4,2.7,1.3,6.9,1.5,84.4,1.2,2.9,0.7,8.5,2.3,87.8,1.0,2.0,0.6,7.0,1.5,"851,060","706,160","13,720","29,185","11,680","71,210","19,110","641,445","553,030","9,095","17,380","8,205","44,200","9,535","833,720","703,510","9,925","24,135","5,960","71,160","19,035","627,070","550,800","6,375","12,635","3,640","44,160","9,455"
Tennessee's 1st,TN-01,91.8,2.1,3.5,0.7,0.2,1.6,93.2,2.1,2.6,0.7,0.3,1.1,93.2,2.1,2.3,0.5,0.3,1.6,94.8,2.1,1.3,0.5,0.3,1.1,"711,220","653,115","15,015","24,840","5,115","1,765","11,365","566,195","527,660","12,150","14,870","4,000","1,560","5,965","698,495","650,855","14,510","16,410","3,680","1,765","11,280","554,390","525,560","11,670","7,075","2,640","1,560","5,895"
Tennessee's 2nd,TN-02,86.6,6.3,3.8,1.6,0.2,1.6,88.3,5.9,2.9,1.6,0.2,1.1,88.3,6.2,2.6,1.1,0.2,1.6,90.3,5.8,1.6,1.0,0.2,1.1,"726,680","629,130","45,620","27,275","11,340","1,510","11,805","573,420","506,410","33,575","16,865","9,055","1,275","6,250","708,115","625,105","44,135","18,175","7,735","1,495","11,465","556,865","502,730","32,435","8,715","5,750","1,260","5,980"
Tennessee's 3rd,TN-03,82.5,10.7,3.7,1.3,0.2,1.6,84.2,10.3,2.9,1.2,0.3,1.1,83.8,10.8,2.6,0.9,0.2,1.6,85.7,10.4,1.6,0.9,0.3,1.1,"719,835","594,170","77,225","26,420","9,105","1,525","11,380","567,285","477,660","58,435","16,295","7,085","1,445","6,365","705,280","591,220","76,355","18,355","6,490","1,525","11,325","554,160","474,925","57,575","9,125","4,775","1,445","6,310"
Tennessee's 4th,TN-04,81.1,8.4,5.8,1.5,0.2,2.9,83.4,8.2,4.6,1.5,0.3,2.0,83.3,8.5,4.0,1.1,0.2,2.9,86.0,8.3,2.3,1.0,0.2,2.0,"745,635","605,080","62,315","43,600","11,450","1,705","21,485","568,945","474,655","46,565","26,190","8,635","1,470","11,435","722,810","601,785","61,370","28,655","8,140","1,605","21,250","548,310","471,595","45,725","12,820","5,600","1,370","11,200"
Tennessee's 5th,TN-05,60.4,25.0,9.2,3.2,0.3,1.9,64.3,23.7,7.3,3.2,0.3,1.3,63.8,26.3,5.7,1.9,0.3,2.0,68.5,25.1,3.0,1.7,0.3,1.3,"747,390","451,585","186,575","68,705","24,090","2,015","14,420","584,580","375,970","138,535","42,590","18,525","1,635","7,330","691,450","441,030","182,105","39,425","13,250","1,830","13,800","535,780","367,070","134,675","16,330","9,375","1,480","6,850"
Tennessee's 6th,TN-06,89.2,4.2,4.0,0.9,0.3,1.5,90.8,4.0,3.1,0.9,0.3,1.0,90.6,4.2,2.8,0.7,0.3,1.4,92.5,4.0,1.6,0.6,0.3,1.0,"737,895","657,905","31,010","29,530","6,770","1,970","10,715","568,050","515,565","22,820","17,525","5,095","1,460","5,585","722,305","654,250","30,385","20,170","5,065","1,970","10,470","553,990","512,295","22,200","9,120","3,495","1,460","5,420"
Tennessee's 7th,TN-07,81.1,9.8,4.9,2.0,0.3,1.9,82.7,9.7,4.1,2.0,0.3,1.2,82.4,9.9,4.2,1.3,0.3,1.9,84.2,9.9,3.2,1.2,0.3,1.2,"742,790","602,480","72,670","36,440","14,805","2,080","14,320","556,635","460,595","54,170","22,595","10,885","1,520","6,880","727,575","599,175","72,065","30,335","9,805","2,075","14,120","543,675","457,625","53,630","17,575","6,630","1,510","6,705"
Tennessee's 8th,TN-08,73.4,19.8,3.0,2.1,0.2,1.4,75.6,19.0,2.5,1.9,0.2,0.8,74.4,20.1,2.4,1.5,0.2,1.4,76.8,19.3,1.7,1.2,0.2,0.8,"708,570","520,325","140,530","21,485","14,665","1,710","9,860","540,690","408,725","102,775","13,430","10,075","1,305","4,380","695,955","517,790","139,705","16,450","10,480","1,705","9,825","529,630","406,510","102,165","8,995","6,310","1,305","4,350"
Tennessee's 9th,TN-09,24.4,65.5,6.9,1.7,0.1,1.3,28.1,63.6,5.4,1.9,0.1,1.0,25.2,67.9,4.3,1.1,0.1,1.4,29.2,66.4,2.1,1.1,0.1,1.0,"707,990","172,805","463,950","49,045","11,775",910,"9,505","527,280","148,030","335,205","28,355","9,810",685,"5,195","677,410","170,425","460,220","29,250","7,315",905,"9,295","499,810","145,830","332,070","10,520","5,660",675,"5,055"
Texas' 1st,TX-01,62.9,17.5,16.8,1.3,0.3,1.2,66.9,17.4,13.4,1.2,0.3,0.8,66.3,18.5,12.8,0.9,0.3,1.2,71.3,18.5,8.2,0.8,0.4,0.9,"711,850","447,960","124,745","119,710","8,960","2,175","8,305","535,245","358,035","93,240","71,600","6,215","1,820","4,335","672,585","446,025","124,150","86,210","5,800","2,140","8,255","499,610","356,215","92,645","40,910","3,770","1,785","4,290"
Texas' 2nd,TX-02,48.9,10.7,31.2,7.4,0.2,1.7,52.5,10.2,28.0,7.8,0.2,1.2,54.3,11.9,25.7,6.2,0.2,1.8,59.9,11.5,20.6,6.4,0.3,1.4,"758,740","371,005","81,060","236,375","56,275","1,480","12,545","573,470","301,005","58,335","160,740","44,930","1,315","7,160","662,645","359,885","78,645","170,005","40,775","1,435","11,890","486,245","291,085","56,020","100,190","31,050","1,270","6,625"
Texas' 3rd,TX-03,59.3,9.1,14.8,14.3,0.3,2.3,62.0,8.9,13.2,14.1,0.3,1.5,64.7,9.2,12.3,11.0,0.3,2.4,69.2,9.1,9.7,10.0,0.3,1.6,"791,520","469,225","71,780","117,000","113,205","2,395","17,915","578,025","358,270","51,465","76,300","81,440","1,740","8,820","709,045","458,990","65,500","87,120","77,895","2,385","17,155","504,145","348,945","45,960","48,960","50,365","1,730","8,180"
Texas' 4th,TX-04,72.9,10.4,13.0,1.1,0.5,2.0,76.0,10.3,10.6,1.2,0.5,1.4,75.8,10.7,10.1,0.7,0.6,2.1,79.6,10.7,6.9,0.7,0.6,1.5,"721,525","525,960","74,935","94,005","7,990","3,950","14,685","544,755","413,830","55,880","58,015","6,365","2,970","7,695","691,220","523,890","74,195","69,580","4,965","3,950","14,640","517,265","411,955","55,195","35,665","3,830","2,970","7,650"
Texas' 5th,TX-05,53.3,15.0,27.8,2.1,0.4,1.4,58.7,14.8,22.9,2.2,0.4,1.0,59.0,16.2,21.4,1.5,0.4,1.5,66.8,16.2,13.9,1.6,0.5,1.1,"731,795","390,085","110,065","203,675","15,255","2,740","9,985","537,245","315,595","79,430","122,980","11,630","2,150","5,465","655,200","386,710","105,895","140,295","9,985","2,735","9,580","468,325","312,695","75,945","65,000","7,385","2,145","5,150"
Texas' 6th,TX-06,51.2,19.5,22.1,5.0,0.3,2.0,55.5,18.6,19.0,5.2,0.3,1.4,54.6,20.2,18.8,4.1,0.3,2.1,60.1,19.4,14.5,4.2,0.4,1.4,"745,200","381,325","145,650","164,395","36,985","2,205","14,635","549,025","304,445","102,120","104,375","28,685","1,865","7,530","692,060","377,520","139,650","130,080","28,380","2,195","14,230","500,690","300,945","97,050","72,675","21,000","1,855","7,165"
Texas' 7th,TX-07,44.1,12.8,30.5,10.7,0.1,1.7,47.8,12.5,27.2,11.1,0.1,1.4,50.3,13.9,25.1,8.7,0.1,1.8,56.8,14.1,19.0,8.7,0.2,1.3,"753,090","331,955","96,580","230,040","80,465",870,"13,175","559,260","267,135","69,920","152,055","61,830",745,"7,575","618,360","310,945","86,215","155,055","54,065",870,"11,205","439,465","249,650","61,750","83,280","38,200",745,"5,845"
Texas' 8th,TX-08,65.9,8.1,21.5,2.8,0.3,1.5,69.0,8.4,18.5,2.8,0.3,1.1,70.5,8.5,16.7,2.2,0.3,1.7,74.9,9.0,12.4,2.2,0.3,1.2,"782,315","515,200","63,055","168,045","21,640","2,250","12,120","582,805","401,900","48,690","107,630","16,495","1,530","6,555","719,700","507,700","61,505","120,280","16,015","2,240","11,950","527,680","395,305","47,400","65,600","11,420","1,520","6,435"
Texas' 9th,TX-09,11.4,37.2,38.5,11.5,0.1,1.2,13.5,37.5,35.0,12.8,0.2,0.9,13.2,44.6,31.1,9.6,0.2,1.3,16.9,47.7,23.2,11.0,0.2,1.0,"762,610","86,575","284,055","293,935","88,035","1,035","8,975","557,615","75,445","209,260","195,215","71,605",880,"5,210","599,815","79,140","267,685","186,660","57,675","1,030","7,630","409,080","69,160","195,105","94,810","44,945",875,"4,185"
Texas' 10th,TX-10,55.1,10.4,27.4,5.3,0.2,1.7,58.9,10.2,24.2,5.3,0.2,1.2,60.0,11.1,22.6,4.3,0.2,1.8,65.6,11.2,17.7,4.0,0.2,1.3,"783,310","431,655","81,220","214,315","41,670","1,180","13,275","581,100","342,475","59,425","140,380","30,900","1,010","6,910","705,310","423,390","78,325","159,515","30,115","1,160","12,805","511,630","335,610","57,210","90,790","20,520",995,"6,505"
Texas' 11th,TX-11,57.0,3.6,37.0,1.0,0.3,1.1,61.6,3.6,32.7,1.0,0.3,0.9,60.3,3.6,33.9,0.7,0.3,1.2,65.9,3.7,28.4,0.7,0.3,1.0,"744,590","424,735","26,735","275,265","7,325","2,010","8,515","556,475","342,625","20,070","181,750","5,305","1,690","5,030","701,785","423,005","25,305","237,925","5,125","1,985","8,440","517,260","341,045","19,030","147,085","3,475","1,670","4,950"
Texas' 12th,TX-12,63.4,8.3,22.7,3.5,0.3,1.9,67.6,8.0,19.1,3.6,0.4,1.3,67.0,8.6,19.5,2.6,0.4,1.9,72.4,8.4,14.8,2.7,0.4,1.3,"758,405","480,615","62,750","171,800","26,420","2,585","14,225","566,255","382,890","45,390","107,955","20,520","2,145","7,350","710,775","476,250","60,910","138,390","18,805","2,575","13,850","523,345","379,015","43,945","77,305","13,925","2,135","7,015"
Texas' 13th,TX-13,64.4,5.2,26.0,2.1,0.5,1.8,68.6,5.4,22.2,2.0,0.5,1.3,68.4,5.2,22.6,1.3,0.5,1.9,73.8,5.5,17.5,1.3,0.6,1.3,"707,120","455,625","36,475","183,810","14,725","3,450","13,035","529,180","363,205","28,440","117,450","10,650","2,775","6,650","661,255","452,515","34,470","149,515","8,550","3,425","12,785","488,195","360,475","26,725","85,645","6,110","2,755","6,480"
Texas' 14th,TX-14,51.9,19.7,23.8,3.1,0.3,1.3,55.2,19.3,21.1,3.2,0.3,1.0,54.7,20.9,20.2,2.5,0.3,1.4,59.0,20.9,16.4,2.4,0.3,1.0,"726,920","377,000","142,950","172,730","22,495","2,060","9,680","549,000","302,920","106,195","115,630","17,405","1,585","5,260","679,340","371,695","141,845","137,480","16,695","2,035","9,585","505,225","298,010","105,365","82,970","12,150","1,560","5,165"
Texas' 15th,TX-15,15.6,1.6,81.2,1.1,0.1,0.4,18.3,1.9,78.1,1.3,0.1,0.3,18.4,1.9,78.1,1.0,0.1,0.4,23.1,2.4,72.8,1.2,0.2,0.4,"753,130","117,280","12,315","611,330","8,560",815,"2,825","514,100","94,000","9,835","401,530","6,465",695,"1,580","629,555","115,910","11,910","491,605","6,510",815,"2,805","401,210","92,680","9,545","292,030","4,705",695,"1,560"
Texas' 16th,TX-16,14.3,3.5,79.7,1.3,0.2,0.9,16.1,3.6,77.8,1.5,0.3,0.7,16.2,3.9,77.6,1.1,0.3,0.9,19.0,4.3,74.4,1.2,0.3,0.8,"732,020","105,040","25,360","583,605","9,850","1,775","6,385","528,440","85,080","18,985","411,295","7,830","1,395","3,850","632,990","102,240","24,920","491,020","7,030","1,775","6,010","436,290","82,760","18,635","324,675","5,335","1,395","3,500"
Texas' 17th,TX-17,55.9,12.9,24.6,4.7,0.2,1.7,60.1,12.4,21.2,4.9,0.2,1.3,60.2,13.7,21.2,3.0,0.2,1.8,65.6,13.3,16.6,2.9,0.2,1.4,"738,775","413,305","95,290","181,945","34,680","1,360","12,195","567,660","341,320","70,125","120,120","27,605","1,125","7,360","679,545","408,785","93,315","144,005","20,115","1,360","11,965","513,655","337,165","68,305","85,100","14,795","1,125","7,165"
Texas' 18th,TX-18,16.6,37.5,41.2,3.7,0.1,0.9,19.8,37.9,37.0,4.3,0.1,0.9,18.8,43.7,33.0,3.3,0.1,1.1,23.6,46.4,25.0,3.9,0.1,1.0,"749,985","124,460","280,960","308,775","27,830",860,"7,100","547,340","108,440","207,335","202,445","23,705",540,"4,875","637,240","119,885","278,435","210,390","20,880",860,"6,795","441,980","104,295","205,085","110,300","17,190",540,"4,570"
Texas' 19th,TX-19,55.0,5.9,36.0,1.4,0.3,1.4,59.2,5.8,32.0,1.6,0.4,1.1,57.5,6.0,33.8,0.9,0.4,1.4,62.5,6.0,29.0,1.0,0.4,1.1,"718,945","395,685","42,200","258,470","10,165","2,485","9,940","540,465","319,915","31,460","172,965","8,425","1,925","5,775","681,915","391,965","40,800","230,495","6,400","2,485","9,770","506,685","316,720","30,275","147,145","4,965","1,925","5,655"
Texas' 20th,TX-20,21.7,5.0,68.9,3.2,0.1,1.1,24.5,5.2,65.8,3.4,0.1,0.9,23.2,5.2,68.1,2.1,0.1,1.2,26.7,5.6,64.3,2.2,0.2,1.0,"762,155","165,675","37,990","525,140","24,065","1,000","8,295","562,795","137,670","29,545","370,545","19,130",790,"5,120","690,435","160,165","36,030","470,495","14,790",990,"7,970","496,925","132,805","27,945","319,670","10,930",780,"4,800"
Texas' 21st,TX-21,62.8,3.3,28.5,3.4,0.2,1.9,66.3,3.2,25.3,3.6,0.2,1.4,65.6,3.4,26.7,2.2,0.2,2.0,69.6,3.3,23.1,2.3,0.2,1.4,"762,035","478,405","24,935","217,135","25,665","1,340","14,550","605,915","401,505","19,620","153,400","21,655","1,205","8,530","720,115","472,195","24,140","192,075","16,125","1,335","14,240","568,005","395,590","18,985","131,110","12,885","1,200","8,235"
Texas' 22nd,TX-22,42.1,13.3,25.0,17.7,0.2,1.7,44.5,13.3,22.8,18.0,0.2,1.2,45.9,14.3,22.7,15.0,0.2,1.8,49.7,14.5,19.5,14.7,0.3,1.3,"814,295","342,790","108,555","203,235","144,335","1,660","13,725","585,695","260,350","78,090","133,720","105,280","1,280","6,975","722,835","331,980","103,445","163,755","108,650","1,640","13,370","506,805","251,815","73,705","98,885","74,485","1,280","6,630"
Texas' 23rd,TX-23,24.9,3.2,69.4,1.4,0.4,0.9,27.7,3.3,66.5,1.4,0.3,0.7,27.6,3.5,66.5,1.1,0.4,0.9,31.8,3.8,62.0,1.2,0.4,0.8,"741,365","184,475","23,425","514,275","10,265","2,595","6,330","528,160","146,435","17,685","350,985","7,620","1,770","3,665","662,600","182,570","23,030","440,760","7,520","2,595","6,135","454,290","144,690","17,295","281,735","5,235","1,770","3,565"
Texas' 24th,TX-24,49.9,10.9,23.8,13.1,0.3,2.2,53.5,10.8,20.9,12.8,0.2,1.7,57.1,11.5,19.2,9.5,0.3,2.4,63.3,11.6,14.5,8.4,0.3,1.8,"759,715","378,805","82,465","180,515","99,265","1,945","16,725","578,625","309,850","62,620","121,145","73,970","1,415","9,630","650,200","371,545","74,535","124,865","61,570","1,945","15,745","479,310","303,430","55,475","69,720","40,465","1,415","8,810"
Texas' 25th,TX-25,68.7,6.8,18.7,3.1,0.3,2.4,71.7,6.9,16.2,3.1,0.3,1.7,71.1,7.0,16.6,2.4,0.4,2.5,74.9,7.1,13.5,2.3,0.3,1.8,"746,615","513,180","50,765","139,305","22,850","2,570","17,940","562,170","403,155","38,665","91,315","17,525","1,850","9,660","712,800","506,890","50,020","118,285","17,270","2,555","17,775","530,765","397,330","37,940","71,890","12,260","1,830","9,510"
Texas' 26th,TX-26,66.0,7.3,18.0,5.8,0.3,2.7,69.0,7.3,15.9,5.8,0.3,1.7,70.0,7.4,15.2,4.2,0.3,2.8,74.4,7.5,12.0,3.9,0.4,1.8,"796,180","525,345","57,930","143,550","45,800","2,350","21,210","576,245","397,330","42,130","91,400","33,555","1,855","9,980","739,340","517,905","54,450","112,660","31,130","2,350","20,845","525,300","390,765","39,605","63,125","20,275","1,855","9,675"
Texas' 27th,TX-27,40.6,5.0,51.6,1.5,0.2,1.0,44.6,5.1,47.7,1.6,0.2,0.8,42.5,5.2,49.9,1.1,0.2,1.0,47.3,5.4,45.2,1.1,0.2,0.8,"726,805","295,110","36,385","375,385","11,245","1,390","7,295","542,840","241,900","27,780","258,965","8,880","1,185","4,140","687,705","292,375","35,760","343,495","7,555","1,390","7,135","506,810","239,605","27,305","229,105","5,640","1,185","3,970"
Texas' 28th,TX-28,16.8,3.9,77.4,0.8,0.1,0.9,19.9,4.3,73.9,1.0,0.1,0.7,19.6,4.6,74.1,0.7,0.2,1.0,24.5,5.3,68.3,0.8,0.2,0.9,"735,440","123,760","28,745","569,340","6,250",945,"6,390","504,740","100,425","21,800","373,225","5,090",685,"3,505","624,435","122,135","28,445","462,435","4,145",940,"6,330","403,040","98,865","21,560","275,235","3,240",680,"3,455"
Texas' 29th,TX-29,10.2,10.4,77.1,1.7,0.2,0.5,12.7,11.0,73.8,2.0,0.2,0.4,13.3,13.6,70.6,1.7,0.2,0.6,18.7,16.1,62.3,2.1,0.3,0.5,"729,880","74,400","75,760","562,765","12,175","1,240","3,545","501,735","63,515","55,005","370,430","9,825",980,"1,980","552,055","73,675","74,895","389,815","9,110","1,240","3,320","336,500","62,790","54,245","209,725","7,000",980,"1,760"
Texas' 30th,TX-30,15.6,43.5,37.8,1.9,0.1,1.2,19.4,44.7,32.7,2.1,0.1,1.0,17.5,49.4,30.0,1.7,0.1,1.3,22.6,52.8,21.4,1.9,0.2,1.1,"745,785","116,155","324,410","281,705","13,960",900,"8,655","535,795","104,040","239,555","175,030","11,235",775,"5,165","652,185","113,925","321,980","195,700","11,115",890,"8,575","449,920","101,875","237,410","96,145","8,635",765,"5,090"
Texas' 31st,TX-31,57.7,10.9,23.6,4.8,0.2,2.8,61.2,10.7,21.0,4.8,0.3,1.9,60.4,11.3,21.6,3.6,0.3,2.9,64.8,11.2,18.3,3.4,0.3,2.0,"782,480","451,605","85,305","184,550","37,560","1,895","21,565","570,885","349,425","61,350","120,075","27,635","1,590","10,810","739,530","446,680","83,215","159,940","26,470","1,895","21,330","531,830","344,845","59,495","97,475","17,855","1,590","10,570"
Texas' 32nd,TX-32,50.2,12.8,26.3,8.2,0.2,2.4,55.1,12.2,22.3,8.4,0.2,1.8,56.5,13.4,20.4,6.7,0.2,2.6,63.8,13.0,14.2,6.7,0.2,2.0,"742,055","372,185","94,730","195,290","60,725","1,455","17,670","563,430","310,330","68,600","125,685","47,355","1,185","10,270","646,990","365,790","87,015","132,135","43,575","1,455","17,025","477,325","304,460","61,980","67,805","32,135","1,185","9,755"
Texas' 33rd,TX-33,15.6,15.8,65.5,2.2,0.1,0.8,18.0,16.6,62.1,2.5,0.2,0.6,20.6,20.5,55.7,2.0,0.2,1.0,27.0,24.4,44.9,2.5,0.3,0.9,"719,960","111,985","113,595","471,820","15,980",980,"5,600","492,110","88,510","81,640","305,460","12,545",865,"3,085","532,215","109,765","109,015","296,325","10,700",975,"5,430","320,165","86,600","78,160","143,610","7,950",865,"2,980"
Texas' 34th,TX-34,14.2,1.2,83.7,0.6,0.1,0.2,17.0,1.4,80.5,0.7,0.1,0.2,16.1,1.3,81.8,0.4,0.1,0.2,20.4,1.7,77.1,0.5,0.1,0.2,"718,320","101,665","8,675","601,510","4,450",665,"1,360","502,535","85,575","7,130","404,765","3,600",580,884,"618,805","99,560","8,340","506,395","2,735",560,"1,215","410,070","83,555","6,810","316,335","2,075",480,814
Texas' 35th,TX-35,25.8,9.0,62.3,1.5,0.1,1.4,29.6,9.3,58.2,1.7,0.2,1.1,28.8,10.0,58.4,1.1,0.2,1.6,34.2,10.6,52.4,1.3,0.2,1.2,"777,260","200,185","69,940","483,885","11,395","1,065","10,795","571,195","169,080","52,920","332,295","9,800",990,"6,115","684,075","197,120","68,300","399,375","7,600","1,055","10,635","485,480","166,145","51,525","254,490","6,355",980,"5,990"
Texas' 36th,TX-36,62.8,8.9,24.1,2.3,0.3,1.6,66.4,8.9,20.9,2.3,0.3,1.2,66.8,9.3,20.2,1.7,0.3,1.6,71.6,9.5,15.6,1.7,0.4,1.2,"724,245","455,120","64,665","174,510","16,385","2,170","11,390","541,640","359,605","48,230","113,085","12,665","1,780","6,265","675,240","451,165","63,125","136,105","11,680","2,140","11,035","497,110","356,105","46,990","77,705","8,650","1,750","5,915"
Utah's 1st,UT-01,82.0,1.0,12.4,1.9,0.9,1.9,83.8,1.0,10.9,2.2,0.9,1.3,84.5,0.9,10.3,1.5,0.9,1.9,87.3,0.9,7.9,1.6,0.9,1.3,"730,390","598,700","7,105","90,750","13,690","6,580","13,575","499,590","418,650","4,955","54,350","10,810","4,520","6,310","704,790","595,430","6,455","72,640","10,225","6,580","13,465","476,185","415,605","4,510","37,620","7,725","4,520","6,205"
Utah's 2nd,UT-02,77.3,1.2,15.1,3.8,0.9,1.8,79.6,1.0,13.2,4.0,0.9,1.2,81.8,1.0,11.6,2.8,0.9,1.8,85.7,0.9,8.4,2.7,0.9,1.3,"727,560","562,605","8,375","109,885","27,465","6,440","12,785","522,140","415,835","5,330","68,960","20,855","4,635","6,525","680,315","556,800","6,770","79,145","18,930","6,275","12,395","478,955","410,605","4,180","40,375","13,145","4,470","6,185"
Utah's 3rd,UT-03,83.1,0.5,10.4,2.5,1.3,2.2,84.9,0.5,9.1,2.6,1.3,1.6,86.0,0.5,8.0,1.9,1.4,2.2,88.8,0.5,5.9,1.9,1.4,1.6,"732,870","608,845","3,955","76,210","18,175","9,855","15,830","504,225","427,890","2,620","45,720","13,175","6,790","8,025","701,610","603,235","3,455","56,325","13,365","9,835","15,395","476,230","422,880","2,200","27,925","8,820","6,770","7,635"
Utah's 4th,UT-04,75.7,1.5,16.0,4.3,0.6,2.0,77.9,1.3,14.3,4.6,0.7,1.1,80.3,1.4,12.4,3.2,0.7,2.1,84.4,1.2,9.2,3.3,0.7,1.2,"757,605","573,255","11,200","121,070","32,420","4,665","14,990","517,275","403,100","6,960","74,155","23,855","3,405","5,800","707,300","567,905","9,630","87,725","22,675","4,645","14,715","472,130","398,405","5,780","43,495","15,420","3,380","5,645"
Vermont's At-Large,VT-AL,93.5,1.1,1.7,1.5,0.3,1.8,94.4,1.0,1.6,1.5,0.3,1.3,94.5,1.0,1.6,0.9,0.3,1.8,95.4,0.8,1.4,0.9,0.3,1.3,"626,250","585,730","7,115","10,900","9,605","1,815","11,085","504,560","476,230","4,845","7,865","7,655","1,515","6,440","613,910","580,025","5,840","9,695","5,685","1,815","10,850","493,535","470,765","3,930","6,720","4,330","1,515","6,270"
Virginia's 1st,VA-01,68.5,16.2,8.8,3.1,0.4,3.1,70.8,16.3,7.6,3.1,0.4,1.9,70.5,16.5,7.0,2.5,0.4,3.1,73.3,16.7,5.3,2.4,0.4,1.9,"767,680","525,570","124,350","67,680","23,630","2,750","23,695","581,285","411,300","94,760","44,310","17,910","2,230","10,775","738,925","520,645","122,235","51,615","18,715","2,690","23,020","554,970","406,810","92,890","29,275","13,495","2,170","10,330"
Virginia's 2nd,VA-02,63.8,19.6,7.5,5.4,0.3,3.5,66.3,18.9,6.6,5.6,0.3,2.3,65.2,20.0,6.6,4.3,0.3,3.6,68.0,19.3,5.5,4.4,0.3,2.4,"739,005","471,170","144,790","55,330","39,810","1,920","25,980","577,260","382,435","109,140","38,285","32,290","1,635","13,480","712,635","464,695","142,470","47,040","30,865","1,920","25,650","553,525","376,670","107,035","30,470","24,545","1,635","13,170"
Virginia's 3rd,VA-03,42.5,45.7,5.9,2.6,0.3,3.0,45.5,44.2,5.1,2.8,0.3,2.1,43.1,46.5,5.0,2.1,0.3,3.0,46.3,45.1,4.0,2.2,0.3,2.1,"738,465","313,875","337,135","43,440","19,545","2,115","22,345","568,855","258,975","251,430","28,790","16,135","1,720","11,810","719,895","310,105","334,775","36,210","14,980","2,095","21,725","552,090","255,535","249,255","22,175","11,955","1,705","11,455"
Virginia's 4th,VA-04,49.1,41.3,5.0,1.9,0.3,2.5,51.1,40.5,4.3,2.0,0.3,1.8,49.9,42.1,3.7,1.5,0.3,2.6,52.1,41.5,2.8,1.6,0.3,1.8,"754,070","370,360","311,070","37,470","14,040","2,015","19,105","593,690","303,550","240,380","25,745","11,825","1,795","10,395","734,400","366,620","309,120","26,860","10,945","2,015","18,835","575,525","300,075","238,630","15,880","9,015","1,795","10,130"
Virginia's 5th,VA-05,72.9,19.8,3.5,1.7,0.2,2.0,74.4,19.7,2.8,1.8,0.2,1.2,74.2,20.2,2.5,1.0,0.2,2.0,75.9,20.1,1.6,1.0,0.2,1.2,"731,805","533,485","145,110","25,360","12,405","1,135","14,305","582,865","433,870","114,695","16,110","10,265",940,"6,995","713,215","528,925","144,065","17,555","7,410","1,115","14,145","565,810","429,595","113,780","8,915","5,775",915,"6,835"
Virginia's 6th,VA-06,80.4,10.7,4.9,1.9,0.2,1.9,82.4,10.2,4.1,1.8,0.2,1.2,82.6,10.6,3.4,1.2,0.2,2.0,84.9,10.2,2.4,1.1,0.2,1.2,"744,505","598,930","79,460","36,530","14,070","1,180","14,335","592,530","488,500","60,520","24,405","10,960",925,"7,220","719,490","594,550","76,600","24,760","8,395","1,145","14,040","570,580","484,590","58,095","13,630","6,390",915,"6,960"
Virginia's 7th,VA-07,68.0,17.6,6.8,4.9,0.2,2.4,70.0,17.6,5.7,4.8,0.2,1.6,70.6,18.2,5.1,3.4,0.2,2.5,73.2,18.4,3.5,3.0,0.2,1.6,"762,525","518,440","134,250","51,840","37,660","1,670","18,665","579,950","406,180","102,065","33,240","28,055","1,285","9,130","725,995","512,815","132,450","36,710","24,435","1,670","17,915","547,585","401,100","100,595","19,435","16,590","1,285","8,580"
Virginia's 8th,VA-08,52.5,13.6,19.0,11.6,0.2,3.0,54.8,13.4,17.4,12.1,0.1,2.2,59.9,13.7,13.3,9.6,0.2,3.3,64.1,13.6,10.0,9.8,0.2,2.4,"778,375","408,900","106,085","148,065","90,510","1,300","23,520","615,305","337,025","82,350","107,005","74,685",890,"13,355","655,370","392,280","90,065","87,060","62,875","1,275","21,815","503,720","322,665","68,305","50,595","49,425",870,"11,855"
Virginia's 9th,VA-09,89.8,5.4,2.2,1.3,0.1,1.2,90.5,5.4,1.8,1.3,0.1,0.8,90.9,5.4,1.6,0.9,0.1,1.1,91.8,5.4,1.1,0.8,0.1,0.8,"717,480","644,430","38,765","15,690","9,435",805,"8,350","582,125","526,725","31,370","10,615","7,730",755,"4,930","705,650","641,725","37,890","11,175","6,090",805,"7,960","571,125","524,250","30,625","6,450","4,470",755,"4,575"
Virginia's 10th,VA-10,63.5,6.7,12.8,13.6,0.2,3.2,66.0,6.8,11.5,13.5,0.2,2.0,68.4,6.9,9.5,11.6,0.2,3.4,72.5,7.2,7.1,10.9,0.3,2.1,"796,570","506,055","53,085","102,140","108,345","1,675","25,270","580,265","382,955","39,720","66,795","78,095","1,295","11,400","725,295","495,990","49,870","69,095","84,300","1,675","24,360","515,700","373,870","37,005","36,515","56,410","1,295","10,610"
Virginia's 11th,VA-11,47.2,12.9,18.2,18.0,0.1,3.7,50.1,12.5,16.2,18.4,0.1,2.6,53.2,13.7,14.2,14.8,0.1,3.9,58.2,13.5,10.8,14.7,0.1,2.8,"779,820","368,395","100,230","141,545","140,160",830,"28,655","590,610","296,160","73,930","95,505","108,895",690,"15,420","665,415","354,265","90,985","94,520","98,650",810,"26,180","488,270","284,075","65,870","52,505","71,625",670,"13,515"
Washington's 1st,WA-01,75.4,1.2,8.7,10.3,1.0,3.5,78.1,1.2,7.2,10.2,0.9,2.3,79.8,1.2,6.9,7.4,1.0,3.7,83.8,1.1,4.8,6.7,1.0,2.5,"716,615","540,405","8,415","62,625","73,470","6,860","24,840","546,310","426,845","6,405","39,440","55,900","5,010","12,705","655,545","523,315","7,570","45,225","48,205","6,810","24,420","491,410","411,710","5,615","23,680","33,095","4,970","12,340"
Washington's 2nd,WA-02,72.6,2.8,10.3,8.7,1.1,4.5,76.1,2.6,8.1,9.0,1.1,3.2,76.1,2.5,8.5,7.0,1.2,4.7,80.4,2.4,5.8,7.0,1.2,3.3,"706,520","512,645","19,565","73,045","61,670","7,960","31,635","556,565","423,545","14,655","44,875","49,815","5,975","17,700","659,865","501,905","16,740","56,235","46,240","7,915","30,830","514,495","413,775","12,270","29,680","35,835","5,935","17,000"
Washington's 3rd,WA-03,81.6,1.4,8.9,3.7,0.8,3.7,84.7,1.4,6.7,3.7,0.8,2.6,83.8,1.4,7.2,3.0,0.8,3.8,87.6,1.4,4.5,3.0,0.8,2.8,"699,965","570,840","9,700","62,175","26,030","5,270","25,955","531,270","450,215","7,335","35,765","19,875","4,010","14,065","670,310","561,585","9,255","48,020","20,430","5,250","25,770","504,500","442,160","6,920","22,595","14,925","3,990","13,905"
Washington's 4th,WA-04,55.1,1.0,38.0,1.6,2.2,2.1,61.9,1.0,31.5,1.7,2.2,1.7,62.1,1.0,30.8,1.2,2.5,2.3,72.6,1.1,20.4,1.3,2.6,2.0,"704,695","388,295","7,140","267,965","10,930","15,340","15,030","498,545","308,690","5,150","156,870","8,420","10,880","8,535","619,980","384,845","6,375","191,200","7,705","15,295","14,560","421,045","305,550","4,665","86,075","5,675","10,835","8,245"
Washington's 5th,WA-05,84.6,1.5,6.2,2.8,1.5,3.4,86.7,1.5,5.1,2.8,1.4,2.5,86.2,1.5,5.4,2.0,1.5,3.5,88.5,1.4,4.1,1.9,1.4,2.6,"691,150","584,910","10,570","42,700","19,080","10,135","23,755","541,460","469,205","8,150","27,720","15,220","7,400","13,770","669,340","576,725","9,775","36,035","13,445","10,115","23,240","521,445","461,715","7,535","21,440","10,065","7,385","13,310"
Washington's 6th,WA-06,77.7,3.4,7.2,4.6,1.8,5.2,80.6,3.4,5.8,4.7,1.7,3.8,79.3,3.4,6.3,3.8,1.9,5.3,82.5,3.5,4.6,3.8,1.7,3.9,"686,050","533,310","23,280","49,540","31,385","12,600","35,935","548,475","442,225","18,810","31,625","25,770","9,120","20,920","666,385","528,250","22,800","41,780","25,370","12,575","35,605","530,230","437,460","18,370","24,495","20,200","9,095","20,605"
Washington's 7th,WA-07,71.1,4.2,7.6,11.4,0.5,5.2,73.4,3.7,6.5,11.9,0.6,3.8,75.2,3.9,6.3,8.6,0.6,5.5,78.1,3.5,5.0,8.8,0.6,4.1,"729,530","518,870","30,310","55,090","83,020","4,010","38,235","613,505","450,345","22,930","39,930","73,285","3,445","23,580","669,620","503,275","26,305","41,865","57,385","3,945","36,845","557,715","435,515","19,540","27,755","48,865","3,395","22,645"
Washington's 8th,WA-08,73.0,2.7,10.7,8.6,0.8,4.2,76.7,2.6,8.6,8.5,0.8,2.6,76.4,2.7,8.8,6.8,0.9,4.4,81.3,2.7,6.1,6.4,0.9,2.8,"713,795","520,830","19,510","76,620","61,280","5,910","29,645","533,500","409,460","13,965","46,125","45,495","4,320","14,130","666,200","508,945","18,105","58,890","45,175","5,900","29,175","491,295","399,220","13,070","29,745","31,255","4,310","13,700"
Washington's 9th,WA-09,47.2,10.8,12.0,23.9,0.5,5.5,51.1,10.1,9.9,24.4,0.6,3.9,52.9,11.1,9.2,19.9,0.6,6.4,58.5,10.5,6.0,19.8,0.7,4.6,"714,190","337,010","76,885","86,025","171,000","3,880","39,400","558,215","285,005","56,610","55,160","136,460","3,120","21,860","608,730","322,035","67,270","55,975","120,995","3,800","38,655","464,790","271,995","49,025","27,680","91,805","3,070","21,215"
Washington's 10th,WA-10,67.6,6.0,11.0,7.9,1.3,6.1,71.4,6.0,8.9,8.3,1.2,4.2,70.0,6.1,9.4,6.7,1.3,6.4,74.6,6.1,6.9,6.8,1.3,4.3,"710,630","480,355","42,755","78,485","56,470","9,045","43,525","540,700","386,315","32,505","48,020","44,895","6,500","22,465","678,135","474,780","41,570","64,010","45,695","8,930","43,150","511,110","381,105","31,425","35,060","34,985","6,415","22,130"
West Virginia's 1st,WV-01,93.7,2.5,1.3,1.0,0.2,1.3,94.3,2.5,1.2,1.0,0.2,0.9,94.3,2.5,1.1,0.6,0.2,1.3,95.0,2.4,0.9,0.6,0.2,0.9,"617,075","578,475","15,575","8,050","5,885",980,"8,105","496,725","468,540","12,335","5,740","4,870",820,"4,425","611,095","576,540","15,180","6,765","3,770",980,"7,860","491,170","466,655","11,950","4,625","2,865",820,"4,255"
West Virginia's 2nd,WV-02,90.7,3.9,1.9,0.8,0.2,2.4,91.9,3.9,1.5,0.8,0.2,1.6,91.2,3.9,1.7,0.6,0.2,2.4,92.5,3.8,1.3,0.6,0.2,1.6,"625,140","566,985","24,615","12,185","5,190","1,065","15,110","490,210","450,435","19,150","7,590","4,110",890,"8,035","619,815","565,400","23,960","10,580","3,840","1,065","14,980","485,510","448,995","18,585","6,270","2,865",890,"7,905"
West Virginia's 3rd,WV-03,93.2,3.7,1.0,0.5,0.2,1.3,93.6,3.8,0.9,0.6,0.2,0.9,93.5,3.7,0.9,0.4,0.2,1.3,94.0,3.8,0.8,0.4,0.2,0.9,"603,875","562,715","22,640","6,015","3,270","1,115","8,120","479,305","448,745","18,065","4,400","2,890","1,015","4,190","600,945","562,040","22,435","5,300","2,200","1,000","7,970","476,530","448,110","17,890","3,715","1,870",895,"4,055"
Wisconsin's 1st,WI-01,81.2,5.3,9.5,1.9,0.3,1.8,84.4,4.9,7.6,1.9,0.3,1.0,83.0,5.4,8.0,1.4,0.3,1.8,86.8,5.0,5.6,1.3,0.3,1.0,"715,455","580,820","37,915","68,225","13,495","2,455","12,545","548,040","462,585","26,675","41,445","10,190","1,810","5,330","696,010","577,790","37,620","55,960","9,760","2,435","12,440","529,810","459,780","26,425","29,825","6,760","1,790","5,225"
Wisconsin's 2nd,WI-02,82.9,4.2,6.2,4.1,0.3,2.2,85.8,3.6,4.8,4.1,0.3,1.3,85.8,4.2,4.6,2.7,0.3,2.3,89.4,3.6,2.9,2.4,0.3,1.3,"741,375","614,540","31,180","46,175","30,535","2,315","16,630","578,900","496,735","21,085","27,985","23,605","1,740","7,750","710,080","609,505","29,715","32,965","19,360","2,300","16,240","550,465","491,980","19,755","16,125","13,475","1,720","7,410"
Wisconsin's 3rd,WI-03,92.4,1.0,2.4,2.2,0.5,1.4,93.9,1.0,1.8,1.9,0.5,0.8,93.2,1.0,2.0,1.8,0.5,1.4,94.8,1.0,1.3,1.5,0.5,0.8,"718,575","664,295","7,500","17,180","15,500","3,910","10,195","565,825","531,285","5,925","10,265","10,670","2,970","4,710","710,120","662,180","7,225","14,070","12,605","3,900","10,145","558,335","529,385","5,710","7,470","8,150","2,960","4,665"
Wisconsin's 4th,WI-04,43.1,33.7,16.4,3.7,0.5,2.5,49.7,30.8,13.8,3.5,0.5,1.7,45.1,35.5,13.4,2.9,0.5,2.6,52.6,32.8,9.7,2.6,0.5,1.8,"715,265","308,500","241,165","117,570","26,710","3,310","18,020","531,725","264,240","163,820","73,355","18,645","2,620","9,045","672,620","303,315","238,735","89,845","19,665","3,300","17,770","493,865","259,595","162,060","48,095","12,695","2,610","8,815"
Wisconsin's 5th,WI-05,88.1,1.9,5.6,2.7,0.3,1.4,90.3,1.8,4.4,2.5,0.2,0.8,89.9,1.9,4.8,1.7,0.3,1.4,92.4,1.8,3.3,1.4,0.2,0.8,"719,340","634,050","13,845","40,510","19,185","1,820","9,930","562,195","507,850","9,880","24,465","14,035","1,310","4,660","702,210","631,030","13,580","33,655","12,235","1,810","9,900","546,590","505,075","9,645","18,055","7,880","1,300","4,630"
Wisconsin's 6th,WI-06,90.0,1.5,4.3,2.4,0.4,1.3,92.0,1.5,3.2,2.0,0.5,0.7,91.3,1.5,3.5,1.8,0.5,1.3,93.6,1.5,2.3,1.4,0.5,0.7,"712,500","641,175","10,880","30,695","17,075","3,175","9,505","558,465","513,860","8,625","17,995","11,345","2,560","4,080","698,950","638,250","10,680","24,535","12,890","3,175","9,420","546,370","511,150","8,445","12,445","7,770","2,560","3,995"
Wisconsin's 7th,WI-07,92.2,0.7,2.2,1.6,1.9,1.4,93.8,0.6,1.6,1.3,1.8,0.9,92.9,0.6,1.7,1.3,1.9,1.4,94.6,0.5,1.2,1.0,1.8,0.9,"709,035","653,445","4,990","15,300","11,505","13,675","10,125","552,825","518,295","3,275","8,980","7,370","9,675","5,230","701,860","651,970","4,530","12,230","9,460","13,625","10,045","546,440","517,045","2,905","6,295","5,410","9,635","5,160"
Wisconsin's 8th,WI-08,87.7,1.2,4.9,2.2,2.3,1.7,90.3,1.1,3.6,1.9,2.1,1.0,89.4,1.2,3.7,1.7,2.3,1.7,92.3,1.0,2.2,1.4,2.1,1.0,"723,245","634,515","8,730","35,560","15,945","16,540","11,960","555,325","501,685","5,865","20,205","10,555","11,525","5,490","707,485","632,345","8,285","26,385","12,175","16,490","11,815","541,425","499,685","5,515","12,010","7,385","11,485","5,345"
Wyoming's At-Large,WY-AL,84.4,1.1,9.7,1.0,2.0,1.9,86.5,1.0,8.3,1.0,1.7,1.4,85.8,1.0,8.6,0.7,2.0,2.0,88.4,0.9,6.9,0.6,1.8,1.5,"583,030","492,130","6,235","56,385","5,540","11,515","11,225","444,185","384,305","4,515","36,915","4,405","7,615","6,425","570,345","489,600","5,545","48,795","3,745","11,515","11,145","432,375","382,010","3,955","29,665","2,765","7,615","6,365"