District,Code,Total Population by Race,,,,,,Voting Age Population by Race,,,,,,Total Citizen Population by Race,,,,,,Citizen Voting Age Population by Race,,,,,,Total Population (Hispanics/Latinos include any race),,,,,,,Total Voting Age Population (Hispanics/Latinos include any race),,,,,,,Citizen Population (Hispanics/Latinos include any race),,,,,,,Citizen Voting Age Population (Hispanics/Latinos include any race),,,,,,
,,White (Non-Latino),Black,Latino,Asian and Pacific Islander,Native,Other/Multi,White (Non-Latino),Black,Latino,Asian and Pacific Islander,Native,Other/Multi,White (Non-Latino),Black,Latino,Asian and Pacific Islander,Native,Other/Multi,White (Non-Latino),Black,Latino,Asian and Pacific Islander,Native,Other/Multi,Total,White (Non-Latino),Black,Latino, Asian and Pacific Islander,Native American,Other/Multi,Total,White (Non-Latino),Black,Latino,Asian and Pacific Islander,Native American,Other/Multi,Total,White (Non-Latino),Black,Latino, Asian and Pacific Islander,Native American,Other/Multi,Total,White (Non-Latino),Black,Latino,Asian and Pacific Islander,Native American,Other/Multi
Nationwide,USA,60.9,12.4,18.0,5.7,0.7,2.4,63.8,12.1,15.9,5.9,0.6,1.7,64.3,12.8,15.3,4.5,0.7,2.5,68.2,12.5,12.4,4.5,0.7,1.7,"324,697,665","197,659,350","40,247,560","58,479,385","18,483,755","2,174,570","7,653,045","251,268,545","160,300,110","30,317,060","40,022,700","14,838,040","1,608,785","4,181,850","302,533,855","194,593,695","38,658,380","46,200,830","13,465,905","2,162,610","7,452,435","230,960,104","157,518,020","28,930,185","28,606,475","10,289,630","1,598,020","4,017,774"
Alabama's 1st,AL-01,65.2,27.5,3.2,1.5,1.1,1.5,67.5,26.0,2.7,1.5,1.1,1.2,65.8,27.8,2.6,1.2,1.1,1.5,68.3,26.3,2.0,1.1,1.1,1.2,"710,130","463,195","195,190","22,915","10,620","7,600","10,610","547,330","369,585","142,505","15,005","8,080","5,820","6,335","699,980","460,860","194,485","18,325","8,140","7,600","10,570","538,420","367,555","141,810","10,985","5,950","5,820","6,300"
Alabama's 2nd,AL-02,61.5,31.2,3.7,1.2,0.4,1.9,64.0,30.2,2.9,1.3,0.4,1.2,62.3,31.7,3.0,0.7,0.4,1.9,64.9,30.7,2.0,0.7,0.4,1.3,"679,690","418,085","212,365","25,465","8,315","2,430","13,030","525,975","336,430","159,020","15,370","6,585","2,020","6,550","668,240","416,260","211,880","19,940","4,830","2,425","12,905","516,005","334,800","158,600","10,565","3,560","2,015","6,465"
Alabama's 3rd,AL-03,67.6,25.5,3.1,1.9,0.3,1.6,69.3,25.0,2.5,1.8,0.3,1.1,68.7,25.9,2.5,1.0,0.3,1.7,70.6,25.4,1.8,0.8,0.3,1.1,"708,885","479,110","180,820","22,160","13,215","1,930","11,650","553,255","383,495","138,250","13,900","9,840","1,545","6,225","695,135","477,250","179,775","17,535","7,085","1,930","11,560","540,935","381,805","137,270","9,705","4,475","1,545","6,135"
Alabama's 4th,AL-04,83.4,7.0,6.6,0.6,0.6,1.7,85.8,6.9,4.7,0.6,0.7,1.3,85.6,7.1,4.5,0.4,0.7,1.8,88.4,7.0,2.2,0.4,0.7,1.3,"684,745","571,390","47,905","45,280","4,075","4,360","11,735","528,730","453,760","36,505","25,100","3,110","3,600","6,655","665,990","569,765","47,170","30,155","2,820","4,360","11,720","511,775","452,235","35,895","11,320","2,085","3,600","6,640"
Alabama's 5th,AL-05,72.5,17.6,5.2,1.8,0.6,2.3,74.5,17.3,4.0,1.8,0.6,1.8,73.9,17.8,3.9,1.4,0.6,2.3,76.3,17.5,2.5,1.3,0.6,1.8,"720,360","522,225","126,790","37,585","13,005","4,215","16,540","562,515","419,050","97,060","22,725","10,250","3,455","9,975","703,210","519,995","125,365","27,645","9,810","4,185","16,210","546,480","417,040","95,765","13,420","7,185","3,430","9,640"
Alabama's 6th,AL-06,75.9,15.7,4.8,1.8,0.2,1.6,78.0,15.2,3.7,1.7,0.2,1.1,77.7,15.9,3.3,1.2,0.2,1.6,80.2,15.5,1.9,1.1,0.2,1.0,"704,765","535,210","110,520","34,105","12,365","1,220","11,345","540,315","421,590","82,315","20,150","9,435","1,125","5,700","685,085","532,645","109,125","22,875","8,140","1,220","11,080","522,720","419,230","81,190","10,125","5,605","1,125","5,445"
Alabama's 7th,AL-07,31.7,63.1,3.2,1.0,0.2,1.0,34.5,61.0,2.6,1.0,0.1,0.8,32.1,64.2,2.0,0.6,0.2,1.0,35.1,62.3,1.2,0.5,0.2,0.7,"667,650","211,455","421,025","21,110","6,625","1,025","6,410","521,765","180,060","318,465","13,330","5,180",775,"3,955","653,295","209,805","419,450","12,870","3,890","1,025","6,255","508,770","178,445","317,080","5,900","2,770",775,"3,800"
Alaska's At-Large,AK-AL,60.9,3.1,7.0,7.4,14.4,7.2,64.7,3.2,6.1,7.4,13.2,5.3,62.4,3.0,6.7,5.7,14.9,7.4,66.6,3.1,5.7,5.4,13.7,5.5,"737,065","448,605","23,055","51,870","54,235","106,380","52,920","552,675","357,720","17,870","33,945","40,875","72,745","29,520","712,455","444,250","21,320","47,730","40,340","106,330","52,485","531,000","353,435","16,695","30,340","28,700","72,700","29,130"
Arizona's 1st,AZ-01,48.4,2.3,23.1,1.8,22.2,2.3,53.2,2.4,20.6,1.9,20.3,1.7,49.4,2.3,21.7,1.3,22.9,2.3,54.6,2.4,18.7,1.4,21.1,1.7,"762,580","368,865","17,660","176,100","13,360","169,295","17,300","583,460","310,135","13,740","120,235","11,270","118,430","9,650","737,835","364,765","17,280","159,895","9,650","169,245","17,000","560,380","306,145","13,500","104,905","7,940","118,380","9,510"
Arizona's 2nd,AZ-02,60.6,3.8,28.8,3.3,1.0,2.6,64.7,3.7,25.3,3.5,0.9,1.9,63.0,3.7,27.2,2.5,1.0,2.7,67.7,3.6,23.0,2.6,1.0,2.0,"724,085","438,480","27,555","208,670","23,760","6,910","18,710","578,940","374,365","21,415","146,335","20,230","5,435","11,160","685,970","432,110","25,070","186,340","17,200","6,905","18,345","544,215","368,680","19,480","125,440","14,345","5,425","10,845"
Arizona's 3rd,AZ-03,26.4,4.4,62.7,2.0,3.2,1.3,30.7,4.5,58.4,2.3,3.0,1.1,29.3,4.8,59.2,1.7,3.6,1.4,35.3,5.1,52.8,1.9,3.5,1.3,"776,580","205,130","34,090","487,105","15,680","24,700","9,875","568,355","174,215","25,665","331,995","13,065","17,230","6,185","686,935","201,460","33,070","406,340","11,640","24,605","9,820","483,400","170,670","24,755","255,475","9,245","17,130","6,125"
Arizona's 4th,AZ-04,73.9,1.7,19.4,1.3,1.6,2.1,77.2,1.7,16.6,1.4,1.5,1.6,75.5,1.7,17.9,1.1,1.7,2.2,79.2,1.7,14.7,1.1,1.6,1.6,"786,250","581,245","13,130","152,215","10,380","12,595","16,685","635,355","490,305","10,940","105,600","8,780","9,565","10,165","756,625","571,260","12,745","135,290","8,310","12,535","16,485","606,825","480,485","10,550","89,365","6,935","9,505","9,985"
Arizona's 5th,AZ-05,69.7,3.5,18.5,5.0,0.9,2.4,72.9,3.4,16.2,5.1,0.9,1.5,71.9,3.5,17.1,4.0,1.0,2.5,75.8,3.4,14.3,3.8,1.0,1.6,"820,920","572,130","28,445","151,460","41,140","7,640","20,105","609,440","444,255","20,650","98,575","31,025","5,710","9,225","782,050","562,235","27,225","134,100","31,010","7,610","19,870","573,405","434,870","19,655","82,230","21,920","5,690","9,040"
Arizona's 6th,AZ-06,70.7,2.8,17.3,5.2,1.6,2.4,74.5,2.7,14.7,5.1,1.4,1.6,74.5,2.9,15.0,3.3,1.7,2.6,79.3,2.8,11.6,3.1,1.5,1.7,"792,370","560,285","22,185","137,355","40,910","12,410","19,225","633,750","472,405","16,870","92,885","32,450","9,090","10,050","733,850","546,950","21,310","110,035","24,565","12,115","18,875","580,220","460,175","16,130","67,065","18,270","8,845","9,735"
Arizona's 7th,AZ-07,20.2,9.4,64.0,2.5,2.1,1.8,24.8,9.5,59.4,2.8,2.0,1.4,24.0,10.6,58.5,2.1,2.5,2.1,31.7,11.6,49.6,2.6,2.6,1.8,"811,870","164,325","76,340","519,400","20,215","17,045","14,545","568,030","140,800","54,075","337,390","16,090","11,490","8,185","665,105","159,620","70,770","389,385","14,260","16,910","14,160","431,440","136,935","50,165","214,005","11,055","11,405","7,875"
Arizona's 8th,AZ-08,68.2,4.4,20.4,4.0,0.7,2.4,72.2,4.1,17.2,4.1,0.7,1.7,69.7,4.4,19.5,3.2,0.7,2.4,74.2,4.2,15.9,3.2,0.8,1.7,"790,490","538,865","34,430","161,440","31,545","5,620","18,590","614,585","443,585","25,450","105,785","25,000","4,435","10,330","759,100","529,335","33,435","147,955","24,560","5,620","18,195","585,835","434,920","24,755","92,915","18,840","4,430","9,975"
Arizona's 9th,AZ-09,55.8,5.8,27.4,5.7,2.6,2.7,60.1,5.7,23.6,6.1,2.4,1.9,60.1,6.1,24.5,3.6,2.9,2.9,65.8,6.1,19.6,3.6,2.7,2.1,"785,165","437,850","45,715","214,925","44,755","20,670","21,250","623,045","374,740","35,735","147,305","38,075","15,115","12,075","711,920","427,625","43,525","174,075","25,365","20,650","20,680","554,725","365,235","33,960","108,795","20,070","15,105","11,560"
Arkansas' 1st,AR-01,75.8,17.2,3.5,0.6,0.3,2.5,78.1,16.3,2.8,0.6,0.4,1.8,76.6,17.3,2.8,0.4,0.3,2.5,79.1,16.4,1.9,0.4,0.4,1.9,"721,415","546,980","124,235","25,165","4,505","2,460","18,070","553,975","432,740","90,080","15,485","3,480","1,965","10,225","712,785","545,980","123,590","19,720","3,130","2,460","17,905","546,200","431,825","89,470","10,585","2,230","1,965","10,125"
Arkansas' 2nd,AR-02,68.0,22.6,5.2,1.7,0.3,2.1,70.9,21.4,4.2,1.7,0.3,1.4,69.4,23.1,3.9,1.2,0.3,2.1,72.7,22.0,2.5,1.1,0.3,1.4,"762,615","518,400","172,680","39,980","13,180","2,400","15,975","585,315","415,155","125,540","24,390","10,215","1,835","8,180","743,145","515,450","171,610","29,015","8,775","2,400","15,895","566,985","412,340","124,490","14,115","6,085","1,835","8,120"
Arkansas' 3rd,AR-03,74.9,3.0,14.4,4.0,1.0,2.7,78.3,2.9,12.0,3.8,1.1,2.0,79.8,3.1,10.8,2.4,1.1,2.8,84.5,3.0,7.1,2.1,1.1,2.1,"807,400","604,530","24,210","116,585","32,145","7,975","21,955","607,005","475,400","17,320","72,610","23,205","6,415","12,055","754,460","601,750","23,535","81,515","18,280","7,975","21,405","559,605","472,985","16,810","39,970","11,750","6,415","11,675"
Arkansas' 4th,AR-04,71.5,19.3,6.0,0.7,0.7,1.8,74.1,18.6,4.6,0.7,0.6,1.3,72.9,19.7,4.4,0.5,0.7,1.8,75.9,19.1,2.6,0.5,0.7,1.3,"707,935","505,965","136,940","42,400","5,225","4,875","12,530","548,790","406,610","102,160","25,260","4,040","3,565","7,155","692,675","504,850","136,620","30,175","3,720","4,875","12,435","534,525","405,540","101,885","13,845","2,630","3,565","7,060"
California's 1st,CA-01,76.5,1.5,13.9,3.0,1.5,3.6,79.2,1.6,12.0,2.9,1.4,2.8,78.2,1.5,12.5,2.6,1.5,3.7,81.3,1.6,10.3,2.4,1.5,2.9,"706,830","540,910","10,325","98,300","21,410","10,290","25,595","566,770","448,910","8,895","68,240","16,610","8,170","15,945","685,870","536,440","10,125","85,820","17,860","10,290","25,335","546,800","444,695","8,700","56,210","13,340","8,170","15,685"
California's 2nd,CA-02,71.2,1.4,17.6,4.1,1.9,3.8,74.6,1.5,15.0,4.2,1.8,2.9,74.9,1.5,14.0,3.5,2.0,4.1,79.2,1.6,10.6,3.6,1.9,3.1,"716,095","509,525","10,380","126,385","29,020","13,360","27,425","573,870","428,020","8,845","86,155","24,345","10,145","16,360","665,860","498,915","9,845","93,365","23,315","13,255","27,165","528,115","418,365","8,315","56,175","19,010","10,095","16,155"
California's 3rd,CA-03,46.9,6.0,30.1,11.9,0.7,4.4,50.4,6.4,26.4,12.8,0.7,3.4,51.0,6.5,26.8,10.3,0.7,4.7,56.0,7.1,21.6,10.9,0.8,3.7,"742,330","348,345","44,640","223,710","88,220","4,875","32,540","568,170","286,565","36,175","149,830","72,610","3,925","19,065","672,605","342,740","43,740","180,510","68,980","4,775","31,860","502,385","281,380","35,440","108,590","54,610","3,865","18,500"
California's 4th,CA-04,75.4,1.4,13.6,5.6,0.7,3.4,78.0,1.4,11.9,5.6,0.7,2.5,77.1,1.4,12.7,4.7,0.7,3.5,80.1,1.4,10.6,4.6,0.7,2.6,"741,885","559,360","10,140","100,870","41,225","4,990","25,300","587,625","458,405","8,235","69,645","32,665","3,825","14,850","716,155","551,815","9,935","90,725","33,690","4,930","25,060","563,580","451,365","8,025","59,970","25,810","3,765","14,645"
California's 5th,CA-05,50.0,6.2,28.3,11.6,0.4,3.6,54.3,6.2,24.1,12.2,0.4,2.8,54.4,6.6,24.0,10.7,0.4,3.9,60.1,6.7,18.3,11.3,0.4,3.1,"727,125","363,630","45,015","205,635","84,275","2,685","25,885","578,480","314,175","35,960","139,145","70,755","2,240","16,205","657,005","357,290","43,355","157,600","70,555","2,685","25,520","512,420","308,035","34,415","93,740","58,130","2,240","15,860"
California's 6th,CA-06,36.9,12.2,28.3,17.0,0.4,5.2,40.4,12.2,25.3,17.8,0.4,3.9,39.1,13.4,26.0,15.8,0.4,5.2,43.8,13.6,21.6,16.4,0.5,4.0,"760,830","280,460","92,795","215,675","129,510","2,950","39,440","573,600","231,700","69,835","145,135","102,195","2,535","22,200","677,585","265,100","90,970","176,010","107,110","2,930","35,465","500,150","219,315","68,230","108,240","81,860","2,515","19,990"
California's 7th,CA-07,52.3,7.1,17.7,16.9,0.4,5.5,56.0,7.3,15.3,17.1,0.4,4.0,54.7,7.5,16.9,15.1,0.4,5.4,59.0,7.7,14.1,14.9,0.4,3.9,"751,395","393,355","53,575","133,290","127,200","2,715","41,260","577,625","323,300","42,015","88,415","98,565","2,195","23,135","697,700","381,320","52,225","118,115","105,370","2,715","37,955","530,370","313,095","40,765","74,535","78,915","2,195","20,865"
California's 8th,CA-08,43.5,7.6,41.9,3.5,0.9,2.7,48.5,7.3,37.4,3.9,0.9,2.0,46.0,8.1,39.2,2.9,0.9,2.9,52.5,7.9,33.3,3.2,1.0,2.1,"724,110","314,940","55,380","303,085","24,985","6,295","19,425","523,150","253,925","38,305","195,510","20,470","4,670","10,270","674,905","310,545","54,585","264,725","19,530","6,235","19,285","476,875","250,200","37,645","158,980","15,270","4,635","10,145"
California's 9th,CA-09,33.3,8.8,38.8,15.1,0.3,3.8,37.4,8.8,35.0,15.7,0.3,2.8,36.7,9.7,35.3,13.8,0.3,4.1,42.7,10.1,29.6,14.2,0.3,3.2,"768,195","255,575","67,860","297,905","115,755","2,260","28,840","561,055","209,605","49,610","196,340","88,045","1,640","15,815","684,645","251,600","66,620","241,765","94,290","2,220","28,150","483,310","206,155","48,595","143,190","68,495","1,595","15,280"
California's 10th,CA-10,41.5,3.2,44.0,7.9,0.4,3.0,46.0,3.3,39.3,8.5,0.4,2.5,45.3,3.5,40.3,7.3,0.5,3.1,51.8,3.7,33.5,7.8,0.5,2.6,"751,615","312,200","24,270","330,545","59,290","3,055","22,255","548,905","252,560","18,165","215,585","46,690","2,405","13,500","672,480","304,885","23,825","271,145","48,950","3,045","20,630","475,550","246,410","17,735","159,465","37,115","2,395","12,430"
California's 11th,CA-11,45.6,7.8,27.1,14.9,0.2,4.4,48.5,8.2,23.9,15.9,0.2,3.3,50.3,8.6,22.6,13.4,0.2,4.9,54.9,9.2,17.7,14.2,0.2,3.7,"761,070","346,855","59,580","206,405","113,320","1,310","33,600","593,325","287,765","48,435","142,035","94,180","1,195","19,715","661,580","332,835","56,885","149,800","88,400","1,300","32,360","502,065","275,825","46,120","88,935","71,290","1,190","18,705"
California's 12th,CA-12,43.1,5.2,14.7,32.6,0.2,4.2,44.7,5.1,13.5,33.6,0.2,3.0,45.7,5.8,13.1,30.7,0.2,4.6,47.9,5.7,11.4,31.6,0.2,3.2,"762,625","328,395","39,580","112,445","248,650","1,540","32,015","662,045","295,875","33,495","89,050","222,315","1,310","20,000","667,300","304,915","38,375","87,415","204,590","1,530","30,475","570,885","273,170","32,295","65,190","180,390","1,295","18,545"
California's 13th,CA-13,34.6,16.6,22.2,21.4,0.3,4.9,37.0,16.7,19.3,23.0,0.4,3.6,38.0,18.3,18.6,19.3,0.3,5.4,41.4,18.7,14.7,20.9,0.4,4.0,"759,825","263,050","126,345","168,355","162,510","2,495","37,070","617,945","228,705","102,930","119,380","142,425","2,180","22,325","659,635","250,760","120,720","122,690","127,575","2,295","35,595","524,305","217,180","97,795","76,890","109,345","2,050","21,045"
California's 14th,CA-14,34.0,2.7,23.5,35.9,0.1,3.8,35.8,2.9,21.3,37.3,0.1,2.5,37.5,3.0,21.1,34.0,0.2,4.2,40.4,3.3,18.0,35.3,0.2,2.8,"753,405","256,500","20,555","176,890","270,195","1,005","28,260","606,385","217,085","17,665","129,445","226,465",790,"14,935","642,620","240,830","19,390","135,675","218,430",985,"27,310","502,135","203,040","16,800","90,240","177,170",770,"14,115"
California's 15th,CA-15,32.3,5.4,22.1,35.8,0.3,4.1,35.0,5.6,20.2,36.0,0.3,2.9,36.5,6.1,21.1,31.5,0.3,4.5,40.8,6.6,18.2,30.9,0.3,3.3,"779,710","251,870","42,100","172,705","279,045","2,155","31,835","597,720","208,945","33,545","120,885","215,045","1,725","17,575","662,785","241,690","40,595","139,560","208,965","2,115","29,860","490,695","200,165","32,190","89,160","151,395","1,700","16,085"
California's 16th,CA-16,22.1,5.3,61.5,8.9,0.5,1.7,26.1,5.7,56.9,9.3,0.6,1.4,25.5,6.2,57.1,8.7,0.6,2.0,32.0,7.1,49.3,9.1,0.7,1.8,"731,655","161,505","38,475","450,080","65,480","3,500","12,615","511,375","133,355","29,210","290,775","47,730","2,915","7,390","620,720","158,065","38,225","354,640","53,955","3,490","12,345","406,925","130,095","29,005","200,605","37,195","2,900","7,125"
California's 17th,CA-17,22.6,2.5,15.9,55.8,0.2,3.1,24.7,2.4,14.5,56.1,0.2,2.2,27.1,3.0,17.0,48.8,0.3,3.8,31.2,3.1,15.0,47.7,0.3,2.8,"779,960","175,945","19,140","124,180","434,940","1,705","24,050","616,420","152,095","15,055","89,115","345,565","1,250","13,340","590,285","160,050","17,745","100,230","287,990","1,685","22,585","442,735","138,220","13,735","66,270","210,970","1,250","12,290"
California's 18th,CA-18,53.5,2.0,16.3,24.1,0.2,4.0,56.3,2.0,14.6,24.3,0.2,2.6,58.6,2.1,14.4,20.3,0.2,4.4,63.1,2.1,11.9,19.8,0.2,3.0,"741,965","397,020","14,730","120,860","178,505","1,505","29,345","578,300","325,700","11,405","84,315","140,490","1,115","15,275","635,750","372,530","13,355","91,585","128,740","1,455","28,085","482,885","304,555","10,185","57,270","95,520","1,065","14,290"
California's 19th,CA-19,25.3,2.6,39.8,29.1,0.2,3.1,28.0,2.8,35.8,30.8,0.2,2.3,28.6,2.8,36.9,28.0,0.2,3.5,32.8,3.2,31.2,29.9,0.2,2.7,"758,830","191,775","19,700","302,050","220,580","1,280","23,445","583,015","163,380","16,555","208,990","179,415","1,095","13,580","644,665","184,090","18,340","238,095","180,280","1,250","22,610","475,550","156,090","15,255","148,330","141,970","1,065","12,840"
California's 20th,CA-20,36.6,1.8,53.3,5.4,0.2,2.7,41.9,2.1,47.2,6.2,0.2,2.3,43.4,2.2,45.8,5.2,0.3,3.2,52.4,2.6,35.6,6.1,0.3,2.9,"737,430","270,150","13,600","392,990","39,485","1,525","19,680","557,575","233,860","11,520","263,325","34,480","1,370","13,020","606,785","263,310","13,355","278,025","31,255","1,525","19,315","433,850","227,320","11,275","154,475","26,650","1,370","12,760"
California's 21st,CA-21,16.6,3.6,74.8,3.3,0.5,1.2,19.5,4.1,70.9,3.8,0.5,1.2,20.4,4.5,69.7,3.3,0.6,1.6,26.7,5.6,61.5,4.0,0.6,1.7,"713,135","118,095","25,630","533,670","23,500","3,335","8,905","494,765","96,640","20,260","350,865","18,630","2,330","6,040","563,555","115,195","25,195","392,545","18,465","3,300","8,855","354,405","94,460","19,855","217,815","14,000","2,295","5,980"
California's 22nd,CA-22,37.8,2.9,48.4,8.3,0.4,2.1,42.7,2.9,43.5,8.7,0.5,1.7,41.3,3.2,45.2,7.6,0.5,2.3,48.1,3.3,38.3,8.1,0.5,1.8,"763,695","288,805","22,150","370,005","63,230","3,370","16,135","546,145","233,075","15,885","237,700","47,735","2,525","9,225","689,120","284,610","21,745","311,205","52,620","3,365","15,575","477,485","229,435","15,585","182,780","38,465","2,520","8,700"
California's 23rd,CA-23,45.3,6.2,39.9,5.4,0.6,2.5,49.8,6.2,35.5,5.8,0.6,2.1,48.4,6.6,37.1,4.5,0.7,2.7,54.4,6.7,31.2,4.7,0.7,2.3,"743,055","336,865","45,890","296,745","40,160","4,650","18,745","539,925","268,945","33,275","191,585","31,175","3,340","11,605","688,210","333,280","45,160","255,540","31,030","4,635","18,565","488,850","265,715","32,680","152,545","23,140","3,330","11,440"
California's 24th,CA-24,54.2,1.8,36.4,4.8,0.4,2.3,59.0,2.0,31.3,5.3,0.5,2.0,59.8,2.0,31.1,4.1,0.5,2.6,66.5,2.2,24.0,4.6,0.6,2.2,"735,980","399,255","13,490","267,825","35,040","3,280","17,090","585,160","345,175","11,615","183,140","30,955","2,840","11,435","654,340","391,080","13,115","203,285","26,830","3,280","16,750","507,815","337,570","11,270","121,820","23,215","2,840","11,100"
California's 25th,CA-25,40.9,7.7,39.7,8.6,0.4,2.7,45.0,7.5,35.8,9.2,0.3,2.1,43.2,8.2,37.3,7.9,0.4,2.9,48.5,8.2,32.2,8.4,0.4,2.3,"714,475","291,895","54,900","283,915","61,585","2,615","19,565","528,575","237,755","39,840","189,230","48,860","1,795","11,095","661,285","285,670","54,180","246,985","52,430","2,615","19,405","478,665","232,170","39,200","154,155","40,380","1,795","10,965"
California's 26th,CA-26,43.3,1.8,45.4,6.9,0.2,2.4,47.6,1.9,40.9,7.5,0.3,1.8,48.1,2.0,40.7,6.2,0.3,2.6,54.5,2.2,34.2,6.8,0.3,2.0,"725,555","314,245","13,090","329,070","50,185","1,680","17,285","554,485","263,795","10,670","226,850","41,725","1,430","10,015","640,180","308,200","12,730","260,835","39,845","1,670","16,900","474,105","258,275","10,315","162,025","32,430","1,420","9,640"
California's 27th,CA-27,25.9,4.2,27.9,39.2,0.2,2.5,27.7,4.4,25.5,40.5,0.2,1.7,29.2,4.8,27.7,35.1,0.3,2.8,31.9,5.1,24.6,36.1,0.3,2.0,"714,775","185,290","30,290","199,710","280,100","1,585","17,800","576,860","159,595","25,340","147,010","233,465","1,420","10,030","611,070","178,545","29,570","169,505","214,565","1,565","17,320","481,445","153,550","24,720","118,200","174,020","1,395","9,560"
California's 28th,CA-28,55.6,2.9,24.5,13.7,0.2,3.1,57.5,3.0,23.1,13.8,0.2,2.4,58.4,3.2,22.3,12.5,0.2,3.4,61.2,3.4,20.1,12.5,0.2,2.7,"712,365","396,100","20,350","174,810","97,760","1,585","21,760","603,140","346,890","18,175","139,035","83,345","1,220","14,475","606,620","354,085","19,320","135,340","75,845","1,425","20,605","504,320","308,505","17,200","101,235","62,845","1,120","13,415"
California's 29th,CA-29,19.2,3.7,68.1,7.8,0.1,1.1,21.9,4.0,64.2,8.7,0.1,1.0,22.7,4.4,63.3,8.0,0.1,1.4,27.6,5.1,56.4,9.3,0.2,1.4,"720,200","138,040","26,420","490,340","56,345",810,"8,245","550,945","120,795","21,980","353,710","47,985",790,"5,685","564,905","128,290","24,995","357,730","45,030",790,"8,070","404,535","111,795","20,675","228,275","37,500",770,"5,520"
California's 30th,CA-30,50.1,4.8,28.8,13.0,0.1,3.1,52.8,4.8,26.6,13.5,0.2,2.2,53.6,5.3,26.0,11.5,0.2,3.4,57.6,5.4,22.7,11.9,0.2,2.3,"767,590","384,645","36,720","221,145","99,970","1,100","24,010","618,490","326,570","29,600","164,415","83,515",975,"13,415","671,095","359,930","35,315","174,590","77,450","1,095","22,715","528,145","303,980","28,325","119,810","62,800",975,"12,255"
California's 31st,CA-31,25.9,10.1,53.4,7.9,0.2,2.4,29.2,10.7,49.4,8.5,0.2,2.1,28.2,11.2,51.0,6.8,0.2,2.6,32.8,12.1,45.4,7.2,0.2,2.3,"748,360","194,000","75,740","399,895","59,175","1,585","17,965","552,785","161,170","59,020","272,965","46,975","1,185","11,470","669,645","189,090","74,750","341,255","45,405","1,575","17,570","478,850","156,925","58,050","217,320","34,255","1,175","11,125"
California's 32nd,CA-32,15.2,2.4,62.0,18.9,0.2,1.3,17.3,2.6,58.3,20.5,0.2,1.1,17.5,2.8,60.6,17.4,0.2,1.4,20.8,3.1,55.4,19.1,0.3,1.3,"712,870","108,585","17,010","442,005","134,870","1,405","8,995","555,590","96,105","14,445","323,645","114,150","1,290","5,955","603,445","105,895","16,645","365,645","105,155","1,375","8,730","450,815","93,615","14,115","249,920","86,175","1,260","5,730"
California's 33rd,CA-33,64.1,3.2,13.0,15.1,0.2,4.4,66.2,3.2,12.3,15.2,0.2,3.0,66.5,3.4,12.6,12.6,0.2,4.7,69.2,3.3,11.7,12.5,0.2,3.2,"711,555","456,010","22,915","92,465","107,530","1,230","31,405","577,875","382,615","18,280","71,065","87,575","1,000","17,340","650,150","432,650","22,005","81,745","82,200","1,180","30,370","522,505","361,570","17,495","60,940","65,085",950,"16,465"
California's 34th,CA-34,11.6,4.7,62.5,19.4,0.2,1.5,13.4,5.4,57.9,21.6,0.3,1.5,14.9,6.2,57.9,18.7,0.3,1.9,18.4,7.7,49.8,21.8,0.4,1.9,"733,630","85,455","34,620","458,165","142,290","1,830","11,270","584,735","78,230","31,450","338,440","126,560","1,570","8,485","535,825","79,990","33,390","310,280","100,170","1,750","10,245","396,220","72,935","30,355","197,395","86,475","1,490","7,570"
California's 35th,CA-35,13.8,5.9,70.6,7.7,0.3,1.7,16.1,6.3,67.2,8.6,0.3,1.6,16.0,6.9,67.8,7.1,0.3,2.0,19.7,7.7,62.3,8.0,0.4,1.9,"747,560","102,990","44,395","527,765","57,740","2,160","12,510","552,685","88,900","34,575","371,270","47,705","1,665","8,570","626,615","99,970","43,180","424,760","44,350","2,110","12,245","437,710","86,230","33,545","272,905","35,100","1,620","8,310"
California's 36th,CA-36,40.7,4.4,48.9,3.6,0.8,1.6,46.3,4.3,43.7,3.8,0.7,1.3,44.6,4.9,44.8,3.1,0.9,1.8,52.0,4.9,37.6,3.2,0.8,1.5,"748,445","304,925","33,000","365,815","26,970","5,675","12,060","583,975","270,105","25,030","255,045","21,965","4,155","7,675","661,430","294,965","32,440","296,180","20,505","5,665","11,675","500,925","260,465","24,495","188,330","16,195","4,140","7,300"
California's 37th,CA-37,25.6,22.3,39.0,10.2,0.2,2.8,27.2,23.2,35.6,11.4,0.2,2.4,28.7,26.2,32.9,8.8,0.2,3.2,31.5,28.2,27.3,9.9,0.2,2.8,"724,590","185,335","161,695","282,285","74,200","1,100","19,975","588,485","160,225","136,445","209,600","67,205",985,"14,025","598,245","171,815","156,725","196,825","52,825","1,075","18,980","467,740","147,435","132,010","127,765","46,365",955,"13,210"
California's 38th,CA-38,16.3,3.9,62.0,16.1,0.3,1.4,18.3,3.9,59.1,17.3,0.3,1.1,18.1,4.3,60.6,15.1,0.3,1.6,20.9,4.4,56.6,16.5,0.3,1.2,"713,170","116,450","27,675","442,440","114,730","1,830","10,045","551,230","101,065","21,240","325,710","95,555","1,605","6,055","628,675","113,840","27,150","381,205","94,860","1,830","9,790","471,155","98,570","20,780","266,740","77,610","1,605","5,850"
California's 39th,CA-39,29.4,2.2,34.1,31.8,0.2,2.3,32.0,2.4,30.9,32.8,0.2,1.7,32.8,2.4,33.1,28.9,0.2,2.5,36.6,2.7,28.9,29.7,0.3,1.9,"728,835","214,465","16,250","248,230","231,875","1,590","16,425","571,485","182,790","13,730","176,520","187,550","1,335","9,560","638,725","209,695","15,445","211,170","184,725","1,590","16,100","487,905","178,485","12,955","140,885","144,990","1,335","9,255"
California's 40th,CA-40,4.5,4.6,88.0,2.3,0.1,0.5,5.2,5.0,86.4,2.8,0.2,0.4,5.7,6.1,84.9,2.6,0.2,0.6,7.6,7.4,80.7,3.4,0.3,0.6,"715,560","31,945","32,950","629,840","16,640",945,"3,240","511,385","26,695","25,445","441,980","14,280",875,"2,110","530,795","30,285","32,270","450,595","13,635",925,"3,085","334,665","25,365","24,805","270,240","11,440",850,"1,965"
California's 41st,CA-41,22.2,8.9,60.8,6.1,0.2,1.8,25.3,9.3,56.6,7.0,0.3,1.5,24.9,10.1,57.2,5.5,0.3,2.0,29.7,11.0,50.8,6.4,0.3,1.7,"762,670","168,965","68,255","463,445","46,585","1,745","13,675","559,220","141,645","51,840","316,590","39,305","1,455","8,385","662,200","165,005","67,150","378,545","36,480","1,730","13,290","464,670","138,040","50,940","236,220","29,960","1,440","8,070"
California's 42nd,CA-42,41.4,5.5,39.9,9.7,0.3,3.2,45.0,5.9,36.0,10.4,0.4,2.3,44.1,5.8,37.6,8.8,0.3,3.4,48.9,6.4,32.5,9.4,0.4,2.5,"809,045","334,725","44,375","323,050","78,335","2,585","25,975","589,465","265,040","34,795","212,400","61,500","2,115","13,615","745,995","328,805","43,175","280,615","65,370","2,545","25,485","530,680","259,655","33,740","172,215","49,810","2,075","13,185"
California's 43rd,CA-43,14.6,21.7,47.7,13.5,0.2,2.3,16.5,22.4,44.1,14.9,0.2,1.9,16.6,25.2,42.7,12.5,0.2,2.7,19.8,27.1,36.3,14.1,0.3,2.4,"730,305","106,425","158,675","348,340","98,530","1,475","16,860","557,000","91,675","124,680","245,450","83,145","1,220","10,830","605,410","100,775","152,620","258,230","75,915","1,455","16,415","439,300","86,800","119,250","159,495","62,055","1,200","10,500"
California's 44th,CA-44,6.3,15.0,70.8,6.4,0.2,1.2,7.8,16.2,67.4,7.3,0.2,1.2,7.6,18.3,65.7,6.6,0.3,1.5,10.0,21.2,59.1,7.9,0.3,1.5,"718,915","45,440","107,740","508,895","46,135","1,790","8,915","522,840","40,535","84,565","352,415","38,070","1,240","6,015","582,745","44,270","106,520","382,820","38,560","1,790","8,785","392,890","39,410","83,445","232,025","30,880","1,240","5,890"
California's 45th,CA-45,50.5,1.7,18.6,25.4,0.2,3.6,53.1,1.7,17.0,25.6,0.2,2.5,54.9,1.8,17.7,21.5,0.2,3.9,58.8,1.8,15.4,21.1,0.2,2.6,"779,330","393,580","13,190","144,850","198,330","1,305","28,075","611,795","324,850","10,445","103,845","156,500","1,050","15,105","681,770","374,600","12,050","120,440","146,780","1,305","26,595","524,545","308,555","9,450","80,715","110,880","1,050","13,895"
California's 46th,CA-46,17.2,1.8,66.3,13.5,0.2,1.1,20.4,1.9,61.2,15.3,0.2,1.0,21.5,2.1,60.4,14.4,0.2,1.4,27.8,2.4,51.0,17.3,0.2,1.3,"730,435","125,370","12,870","483,985","98,620","1,320","8,270","547,195","111,710","10,500","335,120","83,535",910,"5,420","562,535","121,000","11,760","339,770","80,770","1,310","7,925","387,910","107,700","9,495","197,730","66,990",900,"5,095"
California's 47th,CA-47,31.5,7.2,35.0,23.3,0.3,2.7,34.9,7.2,31.2,24.4,0.3,2.1,34.9,8.0,31.5,22.3,0.3,3.0,39.7,8.2,26.1,23.3,0.4,2.4,"711,820","224,005","51,135","248,930","166,205","2,185","19,360","558,115","194,765","40,135","173,920","135,940","1,715","11,640","626,430","218,690","50,085","197,150","139,480","2,150","18,875","477,205","189,570","39,165","124,395","111,140","1,680","11,255"
California's 48th,CA-48,55.1,1.2,21.3,19.0,0.2,3.1,57.9,1.3,18.8,19.5,0.2,2.2,58.4,1.3,18.7,18.0,0.2,3.3,62.2,1.4,15.3,18.5,0.3,2.4,"723,585","399,040","8,985","154,100","137,345","1,535","22,580","581,920","336,985","7,760","109,240","113,690","1,340","12,905","661,620","386,595","8,770","123,450","119,175","1,535","22,095","524,160","325,900","7,560","79,990","96,915","1,340","12,455"
California's 49th,CA-49,60.1,2.4,26.6,7.3,0.3,3.3,63.4,2.6,23.9,7.5,0.3,2.3,63.4,2.5,23.8,6.5,0.3,3.5,67.8,2.7,20.1,6.6,0.3,2.4,"740,195","444,825","17,840","196,615","54,385","2,340","24,190","569,740","361,260","14,800","136,150","42,730","1,760","13,040","686,540","435,070","17,000","163,350","44,955","2,340","23,825","519,630","352,455","13,990","104,505","34,190","1,760","12,730"
California's 50th,CA-50,55.1,2.4,32.1,5.9,0.9,3.5,59.1,2.6,28.3,6.5,0.9,2.6,58.7,2.6,28.5,5.5,1.0,3.7,64.2,2.8,23.2,6.0,1.0,2.9,"750,185","413,685","18,350","241,000","44,440","6,765","25,945","570,130","336,825","14,570","161,445","37,145","5,065","15,080","682,800","400,860","17,915","194,755","37,265","6,765","25,240","507,915","326,035","14,290","117,670","30,290","5,065","14,565"
California's 51st,CA-51,13.0,6.2,70.8,8.1,0.3,1.5,15.3,6.7,67.0,9.3,0.3,1.3,15.4,7.1,67.4,7.8,0.4,1.8,19.2,8.2,61.1,9.4,0.4,1.6,"731,750","95,450","45,555","518,430","59,150","2,320","10,845","544,930","83,635","36,620","365,185","50,590","1,870","7,030","602,700","92,985","43,040","406,445","47,310","2,320","10,600","424,170","81,515","34,955","259,275","39,725","1,870","6,830"
California's 52nd,CA-52,57.6,2.9,14.8,20.3,0.2,4.2,59.9,3.0,13.2,20.7,0.3,2.9,61.1,3.1,14.3,16.8,0.3,4.5,64.3,3.2,12.4,16.6,0.3,3.2,"768,295","442,300","22,290","113,610","156,170","1,750","32,175","619,315","371,220","18,305","81,640","128,320","1,640","18,190","694,530","424,180","21,530","99,090","116,560","1,740","31,430","551,675","354,945","17,540","68,195","91,735","1,635","17,625"
California's 53rd,CA-53,39.8,8.0,34.1,14.0,0.2,3.9,43.7,7.8,30.7,14.7,0.2,3.0,42.1,8.5,32.2,12.8,0.2,4.2,47.1,8.4,27.8,13.3,0.2,3.2,"774,605","308,630","61,845","263,945","108,335","1,385","30,465","617,640","270,205","47,905","189,330","90,640","1,240","18,320","701,190","295,350","59,730","225,725","89,640","1,385","29,360","549,830","258,880","46,220","152,785","73,285","1,240","17,420"
Colorado's 1st,CO-01,58.4,7.9,27.3,3.6,0.4,2.5,62.9,7.5,23.5,3.6,0.4,2.0,62.5,8.0,23.8,2.7,0.5,2.6,68.2,7.7,18.8,2.7,0.5,2.1,"832,180","485,695","65,360","227,355","29,590","3,600","20,580","666,170","418,875","50,105","156,725","24,300","2,920","13,245","763,555","477,070","60,900","181,380","20,755","3,600","19,850","602,815","411,180","46,610","113,130","16,395","2,920","12,580"
Colorado's 2nd,CO-02,82.4,0.9,10.7,3.3,0.4,2.2,84.5,1.0,9.1,3.4,0.4,1.6,84.5,0.9,9.6,2.4,0.4,2.2,87.0,1.0,7.7,2.3,0.4,1.6,"807,260","665,330","7,655","86,420","26,840","3,000","18,015","652,145","551,385","6,495","59,040","21,995","2,525","10,705","774,410","654,700","7,050","73,995","18,430","2,975","17,260","622,265","541,675","5,935","47,860","14,210","2,500","10,085"
Colorado's 3rd,CO-03,70.6,0.8,24.8,0.9,1.4,1.6,73.8,0.8,21.8,0.9,1.4,1.3,72.8,0.8,22.6,0.7,1.5,1.6,76.6,0.8,19.1,0.7,1.4,1.4,"744,730","525,800","5,810","184,345","6,385","10,750","11,640","583,905","431,070","4,490","127,470","5,190","8,040","7,645","717,255","522,095","5,615","162,175","5,065","10,710","11,595","558,270","427,635","4,335","106,675","4,020","8,000","7,605"
Colorado's 4th,CO-04,71.8,1.3,22.2,2.3,0.4,1.9,74.8,1.3,19.6,2.4,0.4,1.4,75.0,1.2,19.8,1.6,0.4,2.0,78.9,1.2,16.4,1.6,0.5,1.4,"819,630","588,885","10,925","181,980","19,180","3,155","15,505","612,695","458,555","8,185","120,320","14,575","2,655","8,405","778,645","584,015","9,325","154,025","12,785","3,145","15,350","575,350","454,200","6,990","94,205","9,020","2,645","8,290"
Colorado's 5th,CO-05,71.2,5.6,16.3,2.8,0.4,3.7,74.1,5.7,14.1,3.0,0.4,2.7,72.6,5.6,15.2,2.3,0.4,3.8,76.0,5.7,12.7,2.4,0.4,2.7,"798,380","568,060","45,080","129,815","22,680","3,150","29,595","612,515","453,935","34,920","86,410","18,255","2,655","16,340","774,820","562,740","43,715","117,665","18,135","3,140","29,425","590,730","448,930","33,695","75,160","14,115","2,645","16,185"
Colorado's 6th,CO-06,60.6,9.3,20.3,6.5,0.4,2.9,64.2,9.1,17.6,6.7,0.4,2.1,65.1,9.1,17.3,4.9,0.4,3.1,70.1,8.9,13.5,4.9,0.5,2.2,"817,685","495,275","75,970","165,950","53,405","3,250","23,835","611,880","392,745","55,605","107,525","40,705","2,655","12,645","749,235","487,615","68,360","129,735","37,010","3,250","23,265","550,795","385,870","48,960","74,255","26,860","2,655","12,195"
Colorado's 7th,CO-07,63.1,1.7,29.4,3.4,0.5,2.0,67.3,1.6,25.6,3.5,0.5,1.5,66.6,1.7,26.3,2.8,0.5,2.1,71.9,1.6,21.5,2.8,0.6,1.6,"790,485","498,640","13,465","232,310","26,615","3,630","15,825","610,045","410,270","9,835","156,335","21,455","3,110","9,040","740,930","493,580","12,335","194,980","20,900","3,630","15,505","563,660","405,480","8,885","121,375","16,030","3,110","8,780"
Connecticut's 1st,CT-01,61.1,14.6,16.8,5.4,0.2,1.9,64.3,14.1,14.8,5.3,0.1,1.4,63.8,14.2,16.4,3.5,0.2,2.0,67.6,13.5,14.1,3.2,0.1,1.4,"711,560","434,420","104,160","119,760","38,130","1,280","13,810","563,065","361,815","79,345","83,565","29,745",700,"7,895","664,255","423,760","94,000","108,720","23,290","1,225","13,260","520,450","351,945","70,110","73,635","16,710",645,"7,405"
Connecticut's 2nd,CT-02,81.4,3.7,8.6,3.4,0.3,2.6,83.6,3.8,7.2,3.5,0.3,1.7,83.3,3.5,7.9,2.4,0.3,2.6,85.7,3.6,6.4,2.3,0.3,1.7,"702,765","572,070","25,960","60,580","24,175","1,890","18,090","568,810","475,270","21,620","41,210","19,715","1,585","9,410","680,570","566,595","24,060","53,715","16,585","1,850","17,765","548,510","470,165","20,020","35,095","12,585","1,545","9,100"
Connecticut's 3rd,CT-03,63.9,13.5,16.0,4.5,0.1,2.0,67.6,12.6,13.6,4.6,0.1,1.4,66.4,13.6,14.8,3.2,0.1,2.0,70.8,12.7,11.9,3.1,0.1,1.5,"713,930","456,225","96,260","114,390","32,365",590,"14,100","574,745","388,305","72,630","78,275","26,715",580,"8,240","668,930","444,075","90,825","98,730","21,250",570,"13,480","533,410","377,415","67,830","63,465","16,400",560,"7,740"
Connecticut's 4th,CT-04,61.1,11.5,19.9,5.6,0.1,1.8,63.3,11.5,18.3,5.7,0.1,1.0,66.0,11.4,16.4,4.2,0.1,2.0,69.6,11.5,13.7,4.1,0.1,1.1,"735,695","449,565","84,450","146,515","41,095",820,"13,250","564,360","357,375","65,025","103,280","32,185",695,"5,800","650,110","428,775","74,030","106,415","27,420",780,"12,690","486,405","338,375","55,790","66,415","19,750",655,"5,420"
Connecticut's 5th,CT-05,68.8,6.6,18.7,4.0,0.2,1.7,72.5,6.5,16.0,3.8,0.1,1.1,71.7,6.4,17.0,3.0,0.2,1.8,76.0,6.3,13.8,2.7,0.1,1.1,"711,135","489,445","47,165","133,000","28,295","1,100","12,130","560,265","405,950","36,695","89,565","21,250",745,"6,060","662,880","475,175","42,710","112,470","19,640","1,060","11,825","516,645","392,410","32,730","71,220","13,785",705,"5,795"
Delaware's At-Large,DE-AL,62.5,21.8,9.2,4.0,0.3,2.3,66.0,20.8,7.5,4.0,0.3,1.4,65.2,22.1,7.4,2.6,0.3,2.3,69.4,21.2,5.3,2.4,0.4,1.4,"957,250","598,050","208,330","88,365","37,820","2,850","21,835","753,550","497,375","156,915","56,345","29,820","2,575","10,520","909,580","593,155","201,320","67,540","23,510","2,825","21,230","710,275","492,780","150,730","37,405","16,805","2,565","9,990"
Florida's 1st,FL-01,73.2,13.2,6.6,2.6,0.4,4.0,75.5,12.6,5.9,2.9,0.4,2.8,74.3,13.3,5.9,2.1,0.4,4.0,76.8,12.8,5.0,2.2,0.4,2.8,"771,280","564,770","101,695","50,815","20,310","2,800","30,890","605,695","457,175","76,420","35,490","17,315","2,380","16,915","752,880","559,190","100,505","44,190","15,785","2,800","30,410","588,715","452,090","75,310","29,440","13,025","2,380","16,470"
Florida's 2nd,FL-02,76.4,12.6,6.7,1.9,0.3,2.1,77.8,12.6,6.0,1.8,0.3,1.5,77.8,12.6,5.7,1.4,0.3,2.2,79.5,12.6,4.8,1.3,0.3,1.5,"722,465","551,735","91,355","48,335","13,400","2,185","15,455","578,700","450,470","72,825","34,540","10,440","1,955","8,470","703,560","547,350","88,865","40,180","9,740","2,170","15,255","561,390","446,325","70,755","26,850","7,190","1,940","8,330"
Florida's 3rd,FL-03,67.6,16.1,10.1,3.5,0.2,2.5,69.8,15.3,9.3,3.6,0.3,1.6,69.3,16.3,9.2,2.4,0.2,2.6,71.9,15.5,8.3,2.4,0.3,1.6,"738,670","499,260","118,755","74,370","25,760","1,770","18,755","587,245","410,185","89,785","54,860","21,405","1,610","9,400","712,805","493,695","116,355","65,405","17,120","1,755","18,475","563,465","405,095","87,510","46,550","13,575","1,595","9,140"
Florida's 4th,FL-04,74.7,9.2,8.5,4.6,0.2,2.7,76.5,9.0,7.9,4.6,0.3,1.7,76.7,9.4,7.4,3.6,0.3,2.7,78.8,9.1,6.6,3.5,0.3,1.7,"800,940","598,585","74,060","68,160","36,735","1,995","21,405","633,250","484,730","56,945","49,795","29,340","1,725","10,715","766,655","587,795","71,995","56,775","27,340","1,995","20,755","603,075","475,355","54,930","39,870","20,905","1,725","10,290"
Florida's 5th,FL-05,39.4,46.9,8.5,2.6,0.3,2.4,42.8,44.6,7.7,2.8,0.3,1.7,40.3,47.9,7.2,1.9,0.3,2.5,44.1,45.8,6.1,2.0,0.3,1.7,"731,615","287,915","342,770","62,140","19,370","1,830","17,590","564,300","241,705","251,825","43,565","15,990","1,550","9,665","704,110","283,715","337,085","50,685","13,555","1,785","17,285","539,540","237,895","246,875","33,165","10,720","1,505","9,380"
Florida's 6th,FL-06,73.0,10.3,12.9,1.8,0.3,1.7,75.9,9.5,11.4,1.9,0.3,1.0,74.1,10.3,12.2,1.4,0.3,1.7,77.1,9.5,10.6,1.4,0.3,1.1,"767,325","560,220","79,230","98,990","13,930","2,270","12,685","629,835","477,785","60,040","71,790","11,695","1,950","6,575","744,880","551,785","76,900","91,230","10,270","2,230","12,465","609,245","469,950","57,985","64,585","8,410","1,905","6,410"
Florida's 7th,FL-07,57.3,10.0,25.7,4.8,0.2,2.0,59.9,9.5,24.1,4.8,0.2,1.5,59.6,10.1,24.3,3.8,0.2,2.1,62.6,9.6,22.4,3.7,0.2,1.6,"768,325","440,480","77,210","197,195","36,685","1,185","15,570","617,435","369,810","58,955","148,520","29,765","1,090","9,295","722,985","430,795","73,220","175,540","27,170","1,085","15,175","576,495","360,990","55,535","128,880","21,140","1,000","8,950"
Florida's 8th,FL-08,74.6,9.3,11.0,2.3,0.2,2.6,77.5,8.7,9.7,2.3,0.2,1.6,76.3,9.1,10.0,1.8,0.2,2.7,79.4,8.5,8.5,1.7,0.2,1.6,"754,590","563,225","70,170","82,765","17,060","1,795","19,575","618,390","479,365","53,965","59,750","14,025","1,470","9,815","728,435","555,445","66,185","72,925","12,765","1,790","19,325","594,250","471,910","50,450","50,700","10,105","1,460","9,625"
Florida's 9th,FL-09,41.1,12.2,41.6,3.1,0.2,1.7,44.3,11.7,39.3,3.3,0.2,1.2,43.3,12.3,39.8,2.6,0.2,1.8,47.3,11.7,36.9,2.7,0.2,1.2,"869,760","357,755","106,530","361,915","26,620","1,840","15,100","664,880","294,450","77,995","261,130","21,765","1,555","7,985","797,755","345,760","97,725","317,540","20,430","1,785","14,515","600,775","283,975","70,255","221,500","16,110","1,495","7,440"
Florida's 10th,FL-10,36.5,27.4,28.4,5.3,0.1,2.2,39.1,26.1,27.2,5.8,0.1,1.7,39.2,27.6,26.2,4.6,0.1,2.3,42.8,26.0,24.3,4.9,0.1,1.8,"823,865","300,810","226,060","233,745","44,075",985,"18,190","627,110","245,115","163,585","170,575","36,525",855,"10,455","722,035","282,925","199,095","188,990","33,220",930,"16,875","537,240","229,775","139,945","130,770","26,525",800,"9,425"
Florida's 11th,FL-11,78.9,7.1,10.7,1.4,0.3,1.6,81.8,6.3,9.3,1.3,0.3,1.1,79.9,7.1,9.8,1.1,0.3,1.6,83.0,6.3,8.3,1.0,0.3,1.1,"772,905","609,840","55,185","82,385","10,595","2,495","12,405","652,320","533,290","41,045","60,630","8,440","2,000","6,915","755,055","603,620","53,940","74,340","8,505","2,480","12,170","635,195","527,190","39,995","52,825","6,525","1,985","6,675"
Florida's 12th,FL-12,77.2,4.8,13.1,2.8,0.3,1.9,79.8,4.5,11.5,2.8,0.3,1.1,78.8,4.7,12.1,2.2,0.3,1.9,81.8,4.4,10.3,2.1,0.3,1.1,"772,330","596,145","36,725","100,955","21,740","2,200","14,565","623,485","497,635","28,095","71,825","17,330","1,805","6,795","740,250","583,065","34,685","89,440","16,635","2,200","14,225","593,450","485,315","26,220","60,990","12,600","1,805","6,520"
Florida's 13th,FL-13,71.4,12.2,10.2,3.6,0.2,2.4,74.8,11.0,9.0,3.5,0.2,1.3,73.1,12.4,9.0,2.9,0.2,2.5,76.8,11.2,7.6,2.8,0.3,1.4,"729,990","521,045","88,930","74,755","26,415","1,595","17,250","609,895","456,450","67,275","55,000","21,555","1,465","8,150","692,935","506,190","85,580","62,340","20,255","1,585","16,985","575,595","442,220","64,440","43,645","15,940","1,455","7,895"
Florida's 14th,FL-14,45.1,16.9,30.9,4.7,0.2,2.2,47.8,15.9,29.6,4.9,0.2,1.7,48.8,18.1,27.2,3.5,0.2,2.2,52.5,17.0,25.1,3.5,0.2,1.7,"788,250","355,300","133,565","243,495","37,400","1,310","17,180","619,825","296,230","98,545","183,515","30,140",970,"10,425","706,515","344,725","127,605","192,025","25,005","1,265","15,890","546,740","286,910","93,205","137,165","19,075",950,"9,435"
Florida's 15th,FL-15,57.4,14.2,23.2,3.1,0.3,1.8,61.1,13.4,20.8,3.1,0.3,1.3,60.1,14.5,20.9,2.3,0.3,1.9,64.4,13.7,17.9,2.3,0.3,1.3,"789,855","453,610","112,160","182,955","24,670","2,225","14,235","612,755","374,135","82,340","127,520","19,300","1,735","7,725","741,570","445,635","107,380","155,200","17,340","2,170","13,845","569,205","366,775","78,195","101,965","13,225","1,680","7,365"
Florida's 16th,FL-16,69.9,8.5,17.7,2.2,0.2,1.5,74.5,7.5,14.6,2.1,0.2,1.0,73.0,8.7,14.7,1.7,0.2,1.6,78.4,7.8,10.9,1.7,0.2,1.1,"831,420","581,540","70,410","147,205","18,065","1,540","12,660","672,305","500,900","50,570","98,145","14,420","1,375","6,895","775,325","566,260","67,780","113,960","13,535","1,505","12,285","620,240","486,330","48,125","67,325","10,600","1,335","6,525"
Florida's 17th,FL-17,73.8,7.1,15.9,1.4,0.3,1.5,77.3,6.5,13.5,1.4,0.2,0.9,76.5,7.0,13.5,1.1,0.3,1.6,80.6,6.5,10.7,1.1,0.2,0.9,"773,685","571,300","54,670","122,980","10,980","1,995","11,760","642,355","496,860","41,990","87,035","9,260","1,470","5,740","732,055","560,050","51,395","99,190","7,815","1,935","11,670","602,660","485,825","39,035","64,285","6,445","1,415","5,655"
Florida's 18th,FL-18,66.4,12.7,16.7,2.5,0.2,1.6,70.3,11.5,14.6,2.4,0.2,0.9,69.5,12.1,14.6,1.9,0.2,1.6,74.3,10.9,11.9,1.8,0.2,0.9,"771,250","512,035","97,695","128,655","18,900","1,600","12,365","628,245","441,965","72,230","91,545","15,340","1,205","5,960","722,280","502,100","87,715","105,565","13,650","1,520","11,730","582,265","432,345","63,395","69,490","10,500","1,125","5,410"
Florida's 19th,FL-19,69.0,7.6,20.4,1.8,0.2,1.0,73.7,6.5,17.2,1.8,0.2,0.7,73.6,7.3,16.3,1.5,0.2,1.1,79.2,6.0,12.4,1.5,0.2,0.7,"813,475","561,450","62,180","165,865","14,370","1,320","8,290","677,780","499,665","44,000","116,395","11,950","1,025","4,745","739,560","543,965","54,240","120,710","11,360","1,310","7,975","610,165","483,220","36,690","75,600","9,110","1,015","4,530"
Florida's 20th,FL-20,17.6,52.9,24.7,2.9,0.1,1.7,20.1,50.8,24.4,3.1,0.1,1.4,19.6,54.1,21.6,2.6,0.1,1.9,23.1,52.0,20.6,2.7,0.1,1.6,"788,170","138,990","417,255","194,710","22,825",905,"13,485","599,005","120,640","304,475","146,275","18,350",670,"8,595","667,165","131,045","361,225","144,245","17,300",870,"12,480","490,020","113,005","254,895","100,720","13,075",640,"7,685"
Florida's 21st,FL-21,56.0,15.5,24.2,2.6,0.1,1.5,60.2,14.0,22.0,2.6,0.1,1.0,61.6,14.5,19.8,2.4,0.1,1.7,67.3,12.6,16.6,2.3,0.1,1.1,"772,205","432,300","119,980","187,100","20,365",865,"11,595","629,385","379,200","88,035","138,675","16,635",720,"6,120","673,800","414,915","97,430","133,445","16,020",835,"11,155","539,300","362,930","67,715","89,565","12,650",685,"5,755"
Florida's 22nd,FL-22,57.7,14.8,22.4,3.2,0.1,1.7,61.4,13.6,20.5,3.2,0.1,1.2,61.4,14.4,19.6,2.8,0.1,1.8,66.1,12.9,17.1,2.6,0.1,1.2,"755,095","435,515","111,985","169,480","24,510",930,"12,675","614,835","377,265","83,420","126,320","19,830",755,"7,245","663,095","406,845","95,380","129,900","18,435",910,"11,625","531,575","351,390","68,310","90,750","14,035",730,"6,360"
Florida's 23rd,FL-23,41.0,13.5,39.0,4.4,0.3,2.0,42.6,12.9,38.5,4.5,0.3,1.4,44.2,13.9,35.7,3.7,0.3,2.2,46.5,13.2,34.8,3.7,0.3,1.5,"760,115","311,325","102,355","296,305","33,245","2,050","14,835","601,025","255,800","77,340","231,120","26,820","1,615","8,330","655,235","289,695","91,375","233,995","24,095","1,965","14,110","508,870","236,560","67,145","177,340","18,670","1,530","7,625"
Florida's 24th,FL-24,11.3,46.2,40.4,1.3,0.2,0.7,11.8,44.7,41.4,1.4,0.1,0.5,12.6,49.8,35.4,1.1,0.2,0.8,13.6,48.9,35.5,1.2,0.2,0.6,"746,405","84,370","344,735","301,430","9,670","1,130","5,070","579,395","68,515","259,030","239,720","8,225",770,"3,135","604,675","76,475","301,270","214,285","6,930","1,130","4,585","450,190","61,055","220,195","159,880","5,610",770,"2,680"
Florida's 25th,FL-25,19.1,3.6,75.6,1.1,0.2,0.4,19.7,3.4,75.4,1.1,0.1,0.3,24.5,4.1,69.8,0.9,0.2,0.5,26.1,3.9,68.5,0.9,0.2,0.3,"771,560","147,650","28,055","583,335","8,105","1,240","3,175","618,085","121,585","21,280","465,955","6,710",905,"1,650","577,735","141,355","23,780","403,135","5,220","1,240","3,005","444,235","115,875","17,350","304,385","4,210",905,"1,510"
Florida's 26th,FL-26,16.2,10.4,70.9,1.8,0.1,0.7,16.4,9.6,71.5,1.9,0.1,0.5,19.0,11.8,66.7,1.6,0.1,0.8,19.9,11.2,66.5,1.7,0.1,0.6,"768,910","124,490","79,645","545,390","13,685",660,"5,040","598,030","98,055","57,405","427,655","11,270",520,"3,125","623,665","118,585","73,740","415,700","10,240",660,"4,740","465,685","92,735","52,000","309,540","8,070",520,"2,820"
Florida's 27th,FL-27,21.0,3.9,72.4,2.0,0.0,0.7,20.6,3.9,72.7,2.1,0.0,0.6,24.6,4.8,68.2,1.7,0.0,0.7,24.8,4.9,67.9,1.8,0.1,0.6,"747,185","156,890","28,940","541,255","14,895",265,"4,940","613,620","126,705","23,980","446,265","12,910",265,"3,495","566,595","139,295","26,990","386,235","9,675",240,"4,160","448,850","111,130","22,100","304,545","7,990",240,"2,845"
Georgia's 1st,GA-01,59.0,29.5,6.8,2.0,0.3,2.4,61.4,28.7,6.0,2.1,0.3,1.5,60.1,30.2,5.6,1.3,0.3,2.4,62.9,29.5,4.5,1.4,0.3,1.5,"737,095","434,845","217,535","50,360","14,535","2,465","17,355","563,630","346,025","161,490","34,055","11,970","1,875","8,215","716,260","430,750","216,375","40,180","9,445","2,305","17,205","544,235","342,185","160,390","24,310","7,470","1,800","8,080"
Georgia's 2nd,GA-02,40.0,51.7,5.3,1.2,0.2,1.6,42.5,50.4,4.5,1.3,0.2,1.0,40.7,52.6,4.0,0.9,0.2,1.6,43.5,51.4,3.0,0.9,0.2,1.0,"670,505","268,115","346,655","35,265","8,295","1,445","10,730","511,370","217,530","257,615","23,130","6,620","1,265","5,210","656,560","267,275","345,285","26,175","5,820","1,345","10,660","498,275","216,720","256,255","14,700","4,270","1,170","5,160"
Georgia's 3rd,GA-03,65.1,24.8,5.7,2.2,0.2,2.0,67.4,24.0,5.0,2.2,0.2,1.2,66.5,25.1,4.7,1.5,0.2,2.0,69.0,24.5,3.6,1.4,0.2,1.3,"735,070","478,795","182,040","42,205","15,985","1,655","14,390","558,480","376,265","134,220","27,710","12,090","1,310","6,885","714,875","475,205","179,710","33,340","10,770","1,580","14,270","540,200","372,840","132,220","19,505","7,620","1,230","6,785"
Georgia's 4th,GA-04,22.9,60.2,9.6,5.2,0.2,2.0,25.7,59.6,7.8,5.3,0.2,1.4,24.4,63.3,6.8,3.4,0.2,2.0,27.8,63.2,4.0,3.3,0.2,1.4,"755,680","172,690","454,755","72,410","39,280","1,620","14,925","564,750","145,040","336,395","44,120","29,955","1,250","7,990","690,605","168,415","436,900","46,860","23,195","1,600","13,635","508,545","141,485","321,500","20,135","16,850","1,230","7,345"
Georgia's 5th,GA-05,29.2,57.7,6.5,4.4,0.2,2.1,32.1,55.8,5.5,4.9,0.2,1.6,29.9,60.1,4.9,2.9,0.2,2.1,33.1,58.4,3.5,3.1,0.2,1.6,"771,990","225,400","445,350","50,045","33,885","1,235","16,075","612,250","196,445","341,345","33,525","30,170","1,175","9,590","732,045","219,030","439,675","35,545","20,895","1,235","15,665","574,640","190,490","335,855","20,000","17,940","1,175","9,180"
Georgia's 6th,GA-06,59.5,13.4,12.7,11.9,0.2,2.3,62.4,13.5,10.5,11.8,0.3,1.5,65.5,14.4,9.2,8.2,0.3,2.4,70.1,14.7,5.8,7.6,0.3,1.6,"750,875","446,625","100,945","95,275","89,240","1,815","16,975","568,285","354,505","76,810","59,630","67,235","1,485","8,620","657,415","430,895","94,455","60,395","54,170","1,750","15,750","485,935","340,700","71,245","28,035","36,785","1,420","7,750"
Georgia's 7th,GA-07,43.8,20.0,19.5,14.5,0.1,2.1,46.6,19.6,17.1,15.1,0.2,1.4,49.5,21.8,14.6,11.6,0.2,2.3,54.9,22.0,9.9,11.5,0.2,1.6,"811,490","355,105","162,275","158,400","117,650","1,110","16,950","590,730","275,445","115,905","101,285","88,950",955,"8,190","697,070","344,855","152,050","101,785","80,915","1,110","16,355","485,145","266,260","106,660","48,090","55,575",955,"7,605"
Georgia's 8th,GA-08,59.1,30.9,6.5,1.6,0.3,1.6,61.7,30.0,5.4,1.6,0.3,1.0,60.5,31.6,4.8,1.1,0.3,1.7,63.5,30.8,3.2,1.1,0.3,1.0,"706,305","417,190","218,260","46,120","11,360","1,780","11,595","538,535","332,045","161,585","29,290","8,790","1,450","5,375","686,580","415,550","216,920","33,060","7,750","1,725","11,575","520,330","330,545","160,470","16,695","5,870","1,395","5,355"
Georgia's 9th,GA-09,77.2,6.7,13.1,1.2,0.2,1.6,80.4,6.6,10.4,1.3,0.2,1.1,81.2,6.9,9.0,1.0,0.2,1.6,85.4,6.9,5.3,1.0,0.2,1.2,"747,425","577,380","49,885","97,810","9,290","1,340","11,720","577,495","464,380","38,025","60,215","7,250","1,040","6,585","707,380","574,615","48,915","63,745","7,115","1,340","11,650","540,590","461,740","37,350","28,625","5,295","1,040","6,540"
Georgia's 10th,GA-10,64.7,25.5,5.8,2.1,0.1,1.8,67.0,24.7,4.9,2.2,0.1,1.2,66.1,25.8,4.5,1.7,0.1,1.8,68.7,25.0,3.3,1.7,0.1,1.2,"750,525","485,575","191,270","43,225","16,130",710,"13,615","574,715","384,865","141,690","27,975","12,755",605,"6,825","729,405","482,100","188,120","33,145","12,115",705,"13,220","555,430","381,730","138,845","18,445","9,170",600,"6,640"
Georgia's 11th,GA-11,66.7,16.7,11.1,3.5,0.1,1.9,69.0,16.5,9.4,3.6,0.1,1.4,70.2,17.0,8.2,2.5,0.1,2.0,73.5,16.9,5.6,2.4,0.1,1.4,"765,950","510,905","127,645","85,235","26,670",850,"14,645","585,790","404,385","96,790","54,895","20,995",745,"7,980","713,570","500,965","121,140","58,805","17,635",835,"14,190","537,570","395,240","90,935","30,355","12,715",735,"7,590"
Georgia's 12th,GA-12,55.2,34.8,6.3,1.8,0.2,1.9,57.6,33.9,5.2,1.9,0.2,1.2,56.2,35.4,5.0,1.3,0.2,2.0,58.8,34.7,3.7,1.3,0.2,1.2,"724,060","399,350","251,625","45,295","12,695","1,300","13,795","552,960","318,275","187,690","28,965","10,275","1,165","6,590","706,250","396,585","250,040","35,635","8,915","1,300","13,775","536,570","315,725","186,160","20,095","6,855","1,165","6,570"
Georgia's 13th,GA-13,24.7,59.0,11.4,2.7,0.1,2.1,28.0,58.2,9.2,2.9,0.1,1.6,25.6,61.2,8.7,2.2,0.1,2.2,29.4,61.0,5.4,2.4,0.1,1.7,"759,770","187,550","448,625","86,770","20,455",665,"15,705","558,745","156,375","325,175","51,290","16,440",625,"8,840","717,035","183,760","439,030","62,130","15,880",665,"15,570","519,175","152,810","316,505","28,250","12,265",625,"8,720"
Georgia's 14th,GA-14,76.2,8.8,11.7,1.0,0.2,2.1,78.9,8.8,9.7,1.0,0.2,1.3,79.5,9.1,8.3,0.7,0.2,2.1,83.3,9.1,5.3,0.7,0.3,1.3,"717,140","546,290","63,230","83,975","7,310","1,545","14,790","540,895","426,910","47,590","52,650","5,635","1,320","6,790","684,205","543,955","62,120","57,060","4,910","1,545","14,615","509,910","424,690","46,620","26,935","3,730","1,320","6,615"
Hawaii's 1st,HI-01,15.6,2.1,8.7,56.3,0.1,17.1,16.8,2.1,7.2,59.6,0.1,14.2,16.7,2.2,9.3,53.0,0.1,18.7,18.1,2.4,7.7,56.1,0.1,15.7,"710,800","111,185","14,695","62,025","400,445",580,"121,870","568,330","95,225","12,160","40,935","338,645",455,"80,910","646,335","107,770","14,475","60,130","342,735",580,"120,645","509,305","92,130","11,990","39,155","285,735",455,"79,840"
Hawaii's 2nd,HI-02,28.5,1.4,12.2,36.4,0.2,21.2,31.9,1.5,9.5,38.9,0.3,17.9,29.6,1.4,12.3,33.9,0.2,22.5,33.4,1.6,9.4,36.1,0.3,19.2,"711,295","202,770","9,875","87,095","259,145","1,670","150,740","549,135","175,000","8,390","52,335","213,650","1,435","98,325","666,935","197,585","9,555","82,200","226,105","1,550","149,940","509,090","169,970","8,110","48,045","184,015","1,320","97,630"
Idaho's 1st,ID-01,83.5,0.6,11.1,1.4,1.2,2.2,85.8,0.5,9.2,1.5,1.2,1.8,85.2,0.5,9.7,1.1,1.2,2.3,88.0,0.5,7.4,1.1,1.2,1.7,"888,810","742,010","5,200","98,460","12,425","10,770","19,945","667,840","573,175","3,390","61,750","9,850","7,985","11,690","864,735","736,795","4,250","83,940","9,480","10,760","19,510","645,770","568,540","2,940","47,935","7,125","7,975","11,255"
Idaho's 2nd,ID-02,80.6,0.7,14.1,1.6,1.0,2.0,83.0,0.6,12.0,1.7,1.1,1.5,83.5,0.7,11.6,1.1,1.0,2.1,87.0,0.6,8.6,1.1,1.2,1.6,"828,945","667,750","6,125","117,015","13,240","8,280","16,535","608,760","505,470","3,865","73,145","10,530","6,640","9,110","792,075","661,620","5,315","91,920","8,540","8,265","16,415","574,535","499,915","3,350","49,435","6,210","6,620","9,005"
Illinois' 1st,IL-01,35.2,50.8,10.4,2.1,0.1,1.5,36.4,50.9,9.0,2.4,0.1,1.2,35.8,52.3,8.9,1.3,0.1,1.5,37.3,52.9,7.2,1.4,0.1,1.2,"704,030","247,510","357,585","73,035","14,740",615,"10,545","544,985","198,540","277,650","49,030","12,845",535,"6,385","677,225","242,300","354,340","60,600","9,075",615,"10,295","519,810","193,755","274,775","37,180","7,405",535,"6,160"
Illinois' 2nd,IL-02,26.5,56.9,14.3,0.8,0.1,1.4,29.7,55.9,12.4,0.9,0.1,1.1,27.3,58.6,12.0,0.6,0.1,1.4,30.7,58.0,9.4,0.7,0.1,1.1,"698,740","185,425","397,820","99,810","5,520",625,"9,540","530,655","157,350","296,430","65,775","4,640",570,"5,890","672,845","183,395","394,505","80,565","4,330",625,"9,425","506,135","155,385","293,430","47,440","3,500",570,"5,810"
Illinois' 3rd,IL-03,56.9,5.0,32.6,4.5,0.1,1.0,60.8,5.3,28.4,4.8,0.0,0.6,60.1,5.5,29.6,3.7,0.1,1.1,65.5,5.9,23.9,3.9,0.1,0.7,"716,450","407,325","35,910","233,450","32,175",465,"7,125","542,980","330,020","28,670","154,365","26,205",260,"3,460","648,010","389,270","35,380","191,785","24,170",440,"6,965","477,675","312,975","28,205","114,120","18,825",250,"3,300"
Illinois' 4th,IL-04,22.7,3.5,68.9,3.7,0.1,1.1,26.1,3.7,64.9,4.3,0.1,0.9,26.7,4.3,64.2,3.4,0.1,1.3,33.0,4.8,56.8,4.1,0.1,1.2,"692,440","156,885","24,295","477,405","25,605",505,"7,745","520,580","136,010","19,120","337,780","22,315",490,"4,865","551,925","147,615","23,530","354,170","18,680",500,"7,430","384,945","127,050","18,420","218,540","15,890",480,"4,565"
Illinois' 5th,IL-05,67.6,2.8,19.9,7.5,0.1,2.2,69.9,2.9,17.7,7.8,0.1,1.6,70.0,2.9,18.4,6.4,0.1,2.3,73.0,3.1,15.7,6.5,0.1,1.6,"740,865","500,900","20,575","147,065","55,325",645,"16,355","602,680","421,060","17,705","106,915","46,985",575,"9,440","673,310","471,330","19,390","123,835","42,840",610,"15,305","539,035","393,575","16,570","84,625","35,155",545,"8,565"
Illinois' 6th,IL-06,75.4,2.5,10.4,9.7,0.1,1.9,77.9,2.5,8.8,9.7,0.1,1.1,78.4,2.5,8.9,8.1,0.1,2.0,81.7,2.5,6.8,7.9,0.1,1.1,"724,005","546,080","18,125","75,495","69,880",480,"13,945","555,785","433,130","13,720","48,800","53,775",325,"6,035","683,915","536,160","17,225","61,095","55,595",480,"13,360","519,340","424,230","12,980","35,425","40,800",325,"5,580"
Illinois' 7th,IL-07,29.4,45.4,16.0,7.4,0.1,1.7,32.4,43.9,14.1,8.2,0.1,1.3,30.4,49.1,13.6,5.0,0.1,1.7,34.0,48.3,10.9,5.4,0.1,1.3,"720,975","211,720","327,615","115,355","53,290",750,"12,245","578,775","187,410","254,170","81,570","47,255",640,"7,730","662,820","201,630","325,680","89,935","33,455",670,"11,450","522,600","177,745","252,285","56,880","28,140",565,"6,985"
Illinois' 8th,IL-08,50.8,5.0,28.8,13.6,0.1,1.7,56.0,4.4,24.4,13.9,0.1,1.1,56.8,5.6,24.2,11.3,0.1,1.9,64.6,5.1,17.5,11.4,0.1,1.3,"711,775","361,615","35,495","204,785","96,680",860,"12,340","544,690","305,115","24,080","132,760","75,910",605,"6,220","610,105","346,425","34,040","147,795","69,170",800,"11,875","449,830","290,750","22,875","78,515","51,300",550,"5,840"
Illinois' 9th,IL-09,63.7,8.8,11.4,13.3,0.1,2.6,65.8,8.4,10.3,13.6,0.1,1.8,67.9,8.5,9.9,10.9,0.1,2.6,71.0,8.2,8.2,10.7,0.1,1.8,"724,835","461,840","63,755","82,780","96,705",860,"18,895","574,810","378,250","48,490","58,960","78,000",720,"10,390","647,760","439,785","55,360","64,410","70,285",860,"17,060","504,925","358,295","41,495","41,480","53,995",720,"8,940"
Illinois' 10th,IL-10,56.9,6.7,23.1,11.2,0.2,1.8,60.7,6.6,19.7,11.5,0.2,1.3,62.5,7.4,19.1,8.7,0.2,2.0,68.4,7.5,14.0,8.5,0.2,1.5,"710,715","404,700","47,810","164,220","79,865","1,120","13,000","540,315","328,115","35,925","106,435","61,915",955,"6,970","627,450","392,050","46,605","120,105","54,870","1,080","12,740","463,675","317,020","34,760","64,700","39,550",915,"6,730"
Illinois' 11th,IL-11,51.0,10.9,27.9,8.1,0.1,2.0,55.0,11.0,24.4,8.3,0.1,1.3,55.7,11.9,23.5,6.5,0.1,2.2,61.7,12.2,18.0,6.5,0.1,1.4,"723,335","368,605","79,085","201,495","58,575",835,"14,740","540,480","297,055","59,285","131,665","44,605",675,"7,195","648,935","361,415","77,225","152,790","42,485",800,"14,220","471,185","290,625","57,670","84,930","30,540",640,"6,780"
Illinois' 12th,IL-12,76.0,16.9,3.5,1.3,0.2,2.1,78.2,16.1,3.0,1.3,0.2,1.2,76.9,17.0,3.0,0.9,0.2,2.1,79.2,16.2,2.4,0.8,0.2,1.2,"693,585","527,430","117,170","24,385","8,795","1,285","14,520","539,865","422,155","86,795","16,230","7,035","1,155","6,495","683,585","525,610","116,065","20,525","5,915","1,240","14,230","530,790","420,540","85,905","12,700","4,320","1,110","6,215"
Illinois' 13th,IL-13,78.3,11.3,3.6,4.1,0.2,2.5,80.5,10.2,3.1,4.4,0.2,1.6,80.5,11.4,3.2,2.2,0.2,2.6,83.1,10.3,2.6,2.1,0.2,1.6,"701,845","549,760","79,220","25,060","28,810","1,185","17,810","562,405","452,745","57,515","17,310","24,905","1,140","8,790","677,815","545,800","76,960","21,675","14,615","1,180","17,585","540,135","449,105","55,755","14,005","11,570","1,130","8,570"
Illinois' 14th,IL-14,78.3,3.2,12.3,4.6,0.1,1.6,81.1,3.0,10.4,4.5,0.1,0.9,80.7,3.2,10.6,3.9,0.1,1.7,84.2,3.1,8.1,3.6,0.1,1.0,"734,105","575,070","23,295","89,955","33,510",370,"11,905","546,330","443,100","16,595","56,740","24,460",350,"5,085","706,245","569,655","22,495","74,565","27,385",370,"11,775","520,710","438,220","16,020","42,200","18,965",350,"4,955"
Illinois' 15th,IL-15,90.5,4.4,2.9,0.7,0.2,1.3,91.7,4.1,2.4,0.7,0.2,0.8,91.1,4.4,2.4,0.5,0.2,1.3,92.4,4.1,1.9,0.5,0.2,0.8,"691,765","626,000","30,615","19,845","4,930","1,360","9,015","537,145","492,660","22,015","12,920","3,950","1,120","4,480","685,475","624,475","30,500","16,720","3,460","1,325","8,995","531,450","491,305","21,915","10,045","2,635","1,085","4,465"
Illinois' 16th,IL-16,82.7,3.8,10.1,1.6,0.2,1.7,85.2,3.7,8.2,1.6,0.2,1.2,84.5,3.9,8.6,1.1,0.2,1.7,87.6,3.7,6.3,1.1,0.2,1.1,"694,790","574,350","26,580","69,875","10,915","1,110","11,960","541,075","461,205","19,890","44,170","8,650",855,"6,305","676,090","571,175","26,230","58,300","7,655","1,095","11,635","523,165","458,145","19,595","32,800","5,795",840,"5,990"
Illinois' 17th,IL-17,75.4,11.7,9.1,1.4,0.2,2.2,79.2,10.7,7.5,1.3,0.2,1.1,77.5,11.5,7.7,0.9,0.2,2.2,81.6,10.5,5.7,0.7,0.2,1.2,"681,130","513,905","79,935","61,990","9,270","1,245","14,785","528,670","418,510","56,380","39,820","6,930","1,035","5,995","660,845","512,035","76,305","50,970","5,635","1,245","14,655","510,655","416,895","53,710","29,335","3,795","1,035","5,885"
Illinois' 18th,IL-18,88.6,3.8,2.9,2.8,0.2,1.7,90.1,3.7,2.4,2.6,0.2,1.0,90.2,3.8,2.5,1.7,0.2,1.7,91.9,3.7,1.9,1.3,0.2,1.0,"705,255","625,080","26,935","20,380","19,670","1,260","11,930","546,885","492,825","20,325","13,120","14,265",935,"5,415","690,580","622,645","25,965","17,335","11,530","1,250","11,855","533,930","490,695","19,535","10,330","7,100",925,"5,345"
Indiana's 1st,IN-01,62.7,18.3,15.7,1.4,0.2,1.8,65.7,17.4,14.0,1.5,0.2,1.1,63.9,18.7,14.5,1.0,0.2,1.8,67.3,17.9,12.5,1.0,0.2,1.1,"714,675","447,990","130,800","111,965","9,745","1,410","12,765","550,030","361,535","95,935","76,930","8,175","1,190","6,265","697,425","445,680","130,090","100,995","6,690","1,370","12,600","533,975","359,295","95,400","66,675","5,310","1,170","6,125"
Indiana's 2nd,IN-02,79.5,6.9,9.8,1.4,0.3,2.2,82.8,6.3,7.8,1.5,0.3,1.4,81.9,6.9,7.8,0.9,0.3,2.3,85.9,6.3,5.2,0.9,0.3,1.4,"724,055","575,470","49,625","70,980","10,160","1,870","15,950","545,600","451,665","34,315","42,550","8,005","1,600","7,465","699,320","572,490","47,920","54,660","6,600","1,870","15,780","522,725","448,910","33,020","27,010","4,840","1,600","7,345"
Indiana's 3rd,IN-03,83.1,6.0,6.2,2.3,0.2,2.2,85.5,5.7,5.1,2.2,0.2,1.3,85.0,6.1,5.1,1.5,0.2,2.2,87.9,5.7,3.6,1.2,0.2,1.3,"743,000","617,630","44,610","46,095","17,200","1,230","16,235","552,760","472,845","31,345","27,975","12,230","1,005","7,360","723,910","615,320","43,845","36,945","10,615","1,225","15,960","535,315","470,800","30,605","19,230","6,575","1,005","7,100"
Indiana's 4th,IN-04,84.9,4.0,6.1,3.2,0.2,1.6,86.6,3.7,4.9,3.4,0.3,1.1,87.9,4.0,4.7,1.5,0.2,1.6,90.3,3.8,3.1,1.4,0.3,1.1,"756,190","641,750","30,145","46,500","23,875","1,605","12,315","583,965","505,465","21,840","28,865","20,005","1,540","6,250","725,905","638,230","29,305","34,100","10,865","1,555","11,850","555,890","502,190","21,015","17,330","7,955","1,490","5,910"
Indiana's 5th,IN-05,80.9,8.5,4.6,3.6,0.2,2.3,82.7,8.4,3.7,3.5,0.2,1.4,82.6,8.5,3.8,2.5,0.2,2.4,84.8,8.5,2.8,2.3,0.2,1.4,"775,550","627,185","65,580","35,440","28,145","1,235","17,965","589,115","487,400","49,640","21,945","20,655",990,"8,485","752,705","621,740","64,030","28,875","19,125","1,235","17,700","569,305","482,835","48,235","16,140","12,875",990,"8,230"
Indiana's 6th,IN-06,91.2,2.6,2.8,1.6,0.1,1.6,92.4,2.6,2.2,1.7,0.2,1.0,92.6,2.6,2.3,0.8,0.1,1.6,94.0,2.6,1.5,0.7,0.2,1.0,"719,105","655,785","18,765","20,405","11,860",985,"11,305","560,045","517,260","14,500","12,340","9,370",845,"5,730","705,725","653,690","18,230","16,040","5,515",985,"11,265","548,105","515,375","14,075","8,480","3,625",845,"5,705"
Indiana's 7th,IN-07,52.3,29.8,11.4,3.5,0.2,2.8,57.2,28.3,8.9,3.4,0.2,2.0,55.9,30.8,8.1,2.0,0.2,3.0,62.0,29.5,4.4,1.7,0.2,2.1,"760,900","397,965","226,665","86,440","26,655","1,680","21,495","564,490","323,090","159,810","50,115","19,160","1,255","11,060","706,120","394,745","217,555","57,095","14,180","1,680","20,865","516,240","320,300","152,365","22,875","8,695","1,255","10,750"
Indiana's 8th,IN-08,90.1,4.3,2.5,1.1,0.1,1.9,91.4,4.2,2.0,1.1,0.2,1.2,91.1,4.2,1.9,0.7,0.1,1.9,92.6,4.1,1.3,0.7,0.2,1.2,"719,000","647,585","30,980","18,175","7,985",970,"13,305","558,140","509,965","23,180","11,030","6,175",885,"6,905","708,960","645,910","29,985","13,770","5,110",970,"13,215","549,180","508,390","22,355","7,060","3,675",885,"6,815"
Indiana's 9th,IN-09,88.9,2.9,3.4,2.6,0.2,2.0,90.2,2.8,2.8,2.8,0.2,1.3,90.7,2.9,2.8,1.4,0.2,2.0,92.4,2.7,1.9,1.4,0.2,1.3,"753,240","669,595","21,740","25,850","19,410","1,410","15,235","589,080","531,215","16,390","16,375","16,265","1,045","7,790","735,150","667,020","20,995","20,225","10,460","1,410","15,040","572,420","528,875","15,705","11,150","7,965","1,045","7,680"
Iowa's 1st,IA-01,87.9,4.1,4.1,1.8,0.3,1.7,90.2,3.5,3.2,1.7,0.3,1.0,89.7,3.8,3.3,1.1,0.4,1.8,92.3,3.2,2.2,0.9,0.3,1.0,"772,350","679,195","31,390","31,785","13,950","2,690","13,340","596,085","537,790","21,135","19,020","10,425","1,985","5,730","753,515","676,090","28,310","24,960","8,255","2,690","13,210","579,270","534,935","18,450","12,890","5,395","1,985","5,615"
Iowa's 2nd,IA-02,85.2,4.4,5.8,2.5,0.2,1.9,87.3,3.9,4.8,2.6,0.2,1.2,87.6,3.9,5.0,1.4,0.2,2.0,90.2,3.3,3.8,1.3,0.2,1.2,"780,575","665,155","34,390","45,005","19,370","1,640","15,015","604,220","527,740","23,455","28,825","15,505","1,435","7,260","755,640","661,795","29,120","37,585","10,705","1,640","14,795","581,840","524,565","19,275","21,990","7,545","1,435","7,030"
Iowa's 3rd,IA-03,83.1,4.3,7.0,3.4,0.2,2.1,85.9,3.9,5.6,3.3,0.2,1.2,86.0,4.0,5.6,2.2,0.2,2.1,89.4,3.5,3.8,1.9,0.2,1.2,"831,495","690,830","35,725","57,840","28,285","1,665","17,150","625,475","537,195","24,110","34,785","20,630","1,370","7,385","799,080","686,905","31,700","44,665","17,345","1,655","16,810","597,015","533,610","20,890","22,610","11,465","1,365","7,075"
Iowa's 4th,IA-04,87.1,1.7,7.1,2.3,0.4,1.4,89.3,1.5,5.5,2.4,0.4,0.8,89.6,1.5,5.7,1.4,0.4,1.4,92.4,1.4,3.7,1.2,0.5,0.9,"755,085","657,745","12,505","53,680","17,620","3,290","10,245","585,005","522,500","8,875","32,100","14,100","2,540","4,890","731,445","655,395","11,285","41,455","9,890","3,280","10,140","562,970","520,255","7,740","20,725","6,920","2,535","4,795"
Kansas' 1st,KS-01,76.5,3.0,16.1,1.8,0.5,2.1,79.8,3.1,13.3,1.9,0.5,1.4,80.2,2.9,13.1,1.1,0.5,2.2,84.5,3.0,9.3,1.1,0.6,1.5,"703,500","538,465","21,065","113,185","12,320","3,520","14,945","534,575","426,615","16,750","70,965","9,975","2,775","7,495","667,740","535,455","19,510","87,200","7,250","3,520","14,805","501,565","423,965","15,295","46,665","5,500","2,775","7,365"
Kansas' 2nd,KS-02,82.3,4.6,6.8,1.8,1.3,3.3,84.3,4.6,5.6,1.9,1.2,2.3,83.6,4.6,6.1,1.0,1.3,3.3,85.9,4.6,4.9,1.0,1.2,2.4,"715,045","588,595","32,835","48,570","12,620","9,000","23,425","552,145","465,410","25,380","31,155","10,505","6,750","12,945","701,490","586,440","32,510","43,140","7,150","8,995","23,255","539,635","463,445","25,060","26,220","5,370","6,745","12,795"
Kansas' 3rd,KS-03,71.8,8.2,12.1,5.0,0.2,2.6,74.8,8.1,10.1,5.0,0.2,1.7,76.2,8.3,9.1,3.4,0.2,2.7,80.4,8.3,6.1,3.2,0.3,1.8,"768,620","552,185","63,195","93,290","38,155","1,800","19,995","573,750","429,365","46,570","57,835","28,760","1,385","9,835","718,985","547,600","59,955","65,325","24,615","1,795","19,695","529,275","425,460","43,965","32,045","16,830","1,385","9,590"
Kansas' 4th,KS-04,73.5,6.6,12.5,3.4,0.7,3.3,77.0,6.3,10.1,3.6,0.7,2.3,76.0,6.7,10.6,2.6,0.7,3.4,80.3,6.4,7.6,2.7,0.8,2.3,"723,475","531,630","47,890","90,630","24,370","4,935","24,020","539,100","414,940","33,880","54,625","19,460","3,935","12,260","696,410","529,250","46,665","73,715","18,065","4,935","23,780","514,270","412,725","33,060","38,855","13,665","3,935","12,030"
Kentucky's 1st,KY-01,87.2,6.8,3.2,0.7,0.2,1.8,88.8,6.8,2.5,0.7,0.2,1.0,87.9,6.8,2.6,0.6,0.2,1.8,89.7,6.8,1.8,0.5,0.2,1.0,"718,565","626,815","49,125","22,945","5,195","1,605","12,880","555,330","493,290","37,525","13,920","3,805","1,175","5,615","711,310","625,460","48,710","18,740","4,085","1,595","12,720","548,485","492,010","37,115","9,950","2,785","1,165","5,460"
Kentucky's 2nd,KY-02,87.0,5.4,3.5,1.6,0.3,2.3,88.7,5.5,2.7,1.5,0.2,1.4,88.4,5.3,2.8,0.9,0.3,2.3,90.3,5.4,1.9,0.8,0.3,1.4,"758,605","659,845","40,880","26,495","12,240","1,945","17,200","582,740","516,725","31,895","15,995","8,560","1,425","8,140","742,825","656,465","39,515","20,985","6,960","1,945","16,955","569,140","513,700","30,860","10,770","4,445","1,425","7,940"
Kentucky's 3rd,KY-03,67.0,22.1,5.6,2.9,0.2,2.3,70.5,20.5,4.6,2.8,0.2,1.4,69.4,22.4,3.8,2.0,0.2,2.3,73.3,20.8,2.6,1.7,0.2,1.4,"744,535","499,110","164,330","41,405","21,510","1,155","17,025","579,375","408,710","118,760","26,880","16,035",975,"8,015","712,100","493,920","159,245","27,145","13,920","1,155","16,715","551,725","404,210","114,980","14,145","9,640",975,"7,775"
Kentucky's 4th,KY-04,89.9,3.4,3.4,1.3,0.1,1.9,91.3,3.5,2.7,1.2,0.1,1.2,91.2,3.3,2.5,0.9,0.1,2.0,93.0,3.3,1.6,0.8,0.1,1.2,"758,440","681,535","25,975","25,615","9,745",800,"14,770","576,770","526,825","19,985","15,420","7,155",735,"6,650","744,330","678,945","24,440","18,740","6,735",800,"14,670","564,095","524,400","18,540","9,125","4,740",735,"6,555"
Kentucky's 5th,KY-05,95.6,1.4,1.4,0.4,0.2,1.0,96.0,1.5,1.0,0.4,0.3,0.8,96.0,1.4,1.1,0.3,0.2,1.0,96.5,1.5,0.7,0.3,0.3,0.8,"697,180","666,390","9,665","9,480","3,090","1,660","6,895","543,990","522,190","8,130","5,675","2,315","1,465","4,215","693,335","665,540","9,555","7,630","2,090","1,660","6,860","540,515","521,405","8,050","3,900","1,515","1,465","4,180"
Kentucky's 6th,KY-06,82.0,8.6,4.8,2.1,0.1,2.3,84.1,8.4,3.7,2.1,0.2,1.5,84.7,8.5,3.2,1.2,0.1,2.4,87.1,8.3,1.8,1.1,0.2,1.5,"771,725","633,165","66,200","37,050","16,240","1,060","18,010","601,555","505,695","50,340","22,515","12,920",920,"9,165","741,750","628,065","62,805","23,490","8,860","1,060","17,470","575,185","501,100","47,930","10,190","6,390",920,"8,655"
Louisiana's 1st,LA-01,72.0,13.8,8.9,2.3,1.0,1.9,74.7,12.7,8.1,2.2,1.0,1.3,74.4,14.3,6.6,1.7,1.1,2.0,77.5,13.2,5.3,1.6,1.0,1.3,"805,525","579,920","111,115","71,900","18,560","8,435","15,595","620,455","463,215","79,025","50,170","13,920","6,060","8,065","773,085","574,840","110,250","50,735","13,440","8,405","15,415","592,210","458,770","78,270","31,635","9,600","6,025","7,910"
Louisiana's 2nd,LA-02,28.0,61.3,6.5,2.6,0.2,1.4,30.6,59.4,6.0,2.7,0.2,1.1,28.6,63.3,4.5,1.9,0.2,1.5,31.3,61.5,3.8,2.0,0.2,1.1,"790,755","221,470","484,985","51,040","20,290","1,640","11,330","610,870","187,015","362,560","36,720","16,740","1,225","6,610","763,570","218,025","483,355","34,665","14,675","1,625","11,225","586,790","183,820","361,120","22,490","11,630","1,210","6,520"
Louisiana's 3rd,LA-03,67.6,24.5,4.0,1.5,0.4,2.0,70.0,23.4,3.6,1.6,0.4,1.1,68.7,24.9,3.0,1.1,0.4,2.0,71.3,23.8,2.3,1.0,0.4,1.1,"784,880","530,420","192,030","31,695","12,095","2,860","15,780","590,395","413,135","137,920","21,095","9,200","2,390","6,655","769,450","528,480","191,415","22,835","8,110","2,860","15,750","576,550","411,285","137,325","13,260","5,660","2,390","6,630"
Louisiana's 4th,LA-04,58.3,34.2,4.0,1.1,0.7,1.7,60.5,33.0,3.5,1.1,0.7,1.2,58.9,34.5,3.4,0.8,0.7,1.7,61.3,33.4,2.7,0.8,0.7,1.2,"748,320","436,175","255,810","30,195","8,050","5,115","12,975","567,805","343,510","187,210","20,110","6,285","4,035","6,655","738,140","434,815","254,800","24,800","5,725","5,115","12,885","558,445","342,215","186,315","15,015","4,295","4,035","6,570"
Louisiana's 5th,LA-05,59.8,35.3,2.5,0.7,0.4,1.3,61.8,33.9,2.2,0.7,0.4,1.0,60.3,35.6,1.9,0.5,0.4,1.3,62.4,34.2,1.5,0.5,0.4,1.0,"744,070","445,275","262,485","18,290","5,475","2,685","9,860","568,205","351,300","192,370","12,715","4,250","2,155","5,415","736,250","444,175","261,895","13,860","3,915","2,620","9,785","561,020","350,295","191,795","8,670","2,835","2,090","5,335"
Louisiana's 6th,LA-06,67.0,24.0,4.6,2.2,0.4,1.9,69.5,22.7,3.9,2.3,0.4,1.1,68.4,24.5,3.2,1.6,0.4,1.9,71.2,23.3,2.4,1.6,0.5,1.1,"790,810","529,575","189,810","36,040","17,485","3,160","14,740","603,285","419,040","137,130","23,710","14,035","2,635","6,735","769,395","526,600","188,560","24,515","12,145","3,160","14,415","584,465","416,385","136,075","13,810","9,085","2,635","6,475"
Maine's 1st,ME-01,92.8,1.7,1.8,1.6,0.3,1.8,93.9,1.3,1.6,1.5,0.3,1.4,93.8,1.2,1.7,1.2,0.3,1.8,94.9,0.9,1.5,1.1,0.3,1.4,"681,865","632,630","11,605","12,475","10,805","2,100","12,250","553,895","519,950","7,455","8,755","8,565","1,665","7,505","669,100","627,500","7,950","11,580","7,930","2,050","12,090","542,900","515,280","4,675","7,975","5,990","1,635","7,345"
Maine's 2nd,ME-02,93.8,0.9,1.5,0.7,0.9,2.2,95.0,0.7,1.2,0.7,0.8,1.5,94.4,0.7,1.4,0.5,0.9,2.2,95.6,0.6,1.1,0.4,0.8,1.5,"653,630","613,310","5,840","9,625","4,675","5,920","14,260","529,100","502,655","3,905","6,325","3,810","4,300","8,105","645,560","609,205","4,425","8,965","2,935","5,885","14,145","521,775","498,650","2,940","5,710","2,175","4,265","8,035"
Maryland's 1st,MD-01,79.5,11.8,4.1,2.3,0.1,2.2,81.6,11.5,3.3,2.2,0.2,1.3,81.0,11.8,3.1,1.7,0.1,2.3,83.4,11.4,2.1,1.6,0.2,1.3,"732,770","582,595","86,585","29,730","16,490","1,065","16,305","576,925","470,750","66,215","18,820","12,455",940,"7,745","715,065","579,425","84,025","21,945","12,500","1,055","16,115","561,135","467,805","64,030","11,840","8,950",935,"7,575"
Maryland's 2nd,MD-02,49.0,35.1,7.3,5.4,0.2,2.9,53.0,33.2,6.0,5.6,0.2,1.8,51.4,35.7,5.7,4.0,0.2,3.0,56.0,33.8,4.0,4.0,0.3,1.9,"764,510","374,945","268,420","55,750","41,260","1,755","22,380","587,645","311,500","195,230","35,545","33,105","1,415","10,850","720,040","369,945","256,935","40,885","28,685","1,720","21,870","548,090","307,085","185,275","22,025","21,895","1,375","10,435"
Maryland's 3rd,MD-03,58.2,22.1,9.2,7.4,0.2,2.9,61.5,21.2,7.6,7.6,0.2,1.9,61.6,22.1,7.2,5.9,0.2,3.0,65.6,21.2,5.2,5.8,0.3,1.9,"757,060","440,920","167,240","69,460","55,905","1,650","21,885","594,860","365,945","126,110","45,170","44,960","1,430","11,245","704,160","433,785","155,505","50,360","41,875","1,635","21,000","547,315","359,280","115,800","28,300","32,005","1,420","10,510"
Maryland's 4th,MD-04,25.8,51.8,16.8,3.1,0.1,2.2,26.8,53.6,14.4,3.4,0.2,1.7,28.7,55.2,10.8,2.7,0.2,2.4,30.5,58.0,6.6,2.8,0.2,1.8,"752,245","194,305","390,015","126,505","23,660","1,055","16,705","575,310","154,270","308,520","82,680","19,325",935,"9,580","666,100","191,250","367,785","71,890","17,925","1,055","16,195","497,800","151,875","288,770","32,985","14,085",935,"9,150"
Maryland's 5th,MD-05,44.5,38.2,9.3,4.1,0.3,3.6,46.4,38.5,7.8,4.5,0.3,2.5,46.7,39.2,6.9,3.2,0.3,3.7,49.1,39.7,4.7,3.4,0.3,2.6,"762,365","339,005","291,155","71,150","31,430","2,475","27,150","592,230","274,610","228,135","45,950","26,525","1,915","15,095","718,145","335,345","281,400","49,520","23,135","2,465","26,280","552,180","271,340","219,485","26,170","18,765","1,905","14,515"
Maryland's 6th,MD-06,58.0,13.5,14.1,11.4,0.2,2.9,61.0,13.0,12.5,11.6,0.2,1.8,62.8,13.5,10.7,9.7,0.2,3.1,67.2,13.0,8.3,9.4,0.2,1.9,"768,925","445,770","103,655","108,405","87,590","1,355","22,150","591,485","361,000","76,810","73,835","68,415","1,025","10,400","697,325","438,175","94,280","74,625","67,410","1,255","21,580","526,960","354,075","68,755","43,520","49,745",965,"9,900"
Maryland's 7th,MD-07,33.3,52.5,3.9,7.7,0.3,2.3,35.2,52.1,3.3,7.4,0.3,1.7,34.4,54.0,3.0,5.9,0.3,2.4,36.6,53.7,2.4,5.3,0.3,1.8,"718,525","239,345","377,370","27,710","55,500","1,830","16,770","566,965","199,345","295,375","18,880","42,130","1,480","9,755","680,880","234,270","367,645","20,590","40,110","1,810","16,455","532,895","194,805","286,415","12,630","28,125","1,470","9,450"
Maryland's 8th,MD-08,59.8,12.3,15.4,9.4,0.2,2.9,62.0,12.4,13.6,10.0,0.2,1.8,65.3,11.6,11.7,8.0,0.2,3.1,68.9,11.7,8.8,8.4,0.2,2.0,"762,455","456,275","93,450","117,770","72,015","1,150","21,795","591,770","367,010","73,230","80,340","59,440",890,"10,860","675,530","441,420","78,580","79,295","53,990","1,080","21,165","514,590","354,685","60,100","45,100","43,470",865,"10,370"
Massachusetts' 1st,MA-01,71.9,5.7,18.3,2.1,0.1,1.8,75.8,5.5,15.3,2.2,0.1,1.2,72.9,5.4,18.1,1.6,0.1,1.8,77.0,5.1,15.0,1.5,0.1,1.2,"728,715","523,835","41,555","133,530","15,640","1,010","13,145","580,060","439,475","31,630","88,620","12,560",795,"6,980","707,800","515,835","38,190","128,420","11,550","1,010","12,795","560,920","432,090","28,630","84,040","8,650",790,"6,720"
Massachusetts' 2nd,MA-02,77.2,4.9,9.9,5.7,0.2,2.0,79.8,4.5,8.5,5.7,0.2,1.3,80.1,4.3,9.4,4.0,0.2,2.0,83.2,3.8,7.9,3.7,0.2,1.3,"748,720","577,970","36,925","74,085","42,970","1,500","15,270","600,760","479,330","27,005","51,235","34,085","1,165","7,940","705,550","565,090","30,095","66,385","28,225","1,470","14,285","561,685","467,160","21,165","44,255","20,775","1,135","7,195"
Massachusetts' 3rd,MA-03,67.2,3.1,19.6,8.3,0.1,1.7,70.3,3.1,17.3,8.0,0.1,1.1,71.1,2.7,17.4,6.8,0.2,1.8,75.1,2.7,14.7,6.2,0.1,1.1,"766,235","514,535","23,825","150,425","63,550","1,055","12,845","594,625","418,100","18,550","102,750","47,815",760,"6,650","701,520","499,120","19,250","122,115","47,630","1,055","12,350","537,785","404,010","14,375","79,210","33,270",760,"6,160"
Massachusetts' 4th,MA-04,83.1,3.1,5.1,6.6,0.1,2.0,84.9,2.8,4.4,6.4,0.0,1.3,85.4,2.9,4.6,5.0,0.1,2.0,87.7,2.6,3.8,4.5,0.0,1.3,"757,675","629,580","23,705","38,465","50,165",400,"15,360","590,310","501,385","16,695","26,235","37,955",270,"7,770","716,835","612,430","21,070","32,825","35,605",360,"14,545","554,865","486,830","14,490","21,095","25,025",255,"7,170"
Massachusetts' 5th,MA-05,71.0,5.2,9.2,12.2,0.1,2.3,73.0,4.9,8.2,12.2,0.1,1.5,76.2,4.8,7.8,8.6,0.1,2.4,79.5,4.3,6.5,8.0,0.1,1.6,"768,210","545,550","40,205","70,645","93,480",700,"17,630","616,845","450,475","30,070","50,715","75,435",645,"9,505","672,385","512,585","32,260","52,520","58,055",575,"16,390","529,045","420,755","22,795","34,170","42,475",520,"8,330"
Massachusetts' 6th,MA-06,80.7,3.3,9.8,4.4,0.1,1.7,83.3,3.0,8.2,4.4,0.1,1.0,84.1,2.9,7.8,3.3,0.1,1.7,87.2,2.5,6.0,3.1,0.1,1.0,"770,015","621,625","25,585","75,115","34,015",815,"12,860","611,625","509,440","18,645","49,925","26,775",615,"6,225","723,490","608,625","20,990","56,760","23,980",780,"12,355","570,295","497,465","14,450","34,070","17,890",595,"5,825"
Massachusetts' 7th,MA-07,40.7,23.7,22.5,10.6,0.2,2.3,44.7,22.4,19.7,11.3,0.2,1.8,45.3,24.7,19.4,7.9,0.2,2.4,50.8,23.2,15.6,8.2,0.2,1.9,"802,775","326,800","190,575","180,465","85,310","1,545","18,080","666,765","297,835","149,165","131,425","75,125","1,345","11,870","664,365","301,195","163,950","128,730","52,775","1,495","16,220","537,955","273,500","125,050","83,830","44,075","1,300","10,200"
Massachusetts' 8th,MA-08,73.1,10.8,5.9,8.4,0.2,1.7,75.3,9.8,5.3,8.3,0.2,1.2,76.5,9.9,5.4,6.2,0.2,1.8,79.4,8.7,4.7,5.9,0.2,1.2,"767,105","560,550","82,655","44,920","64,235","1,545","13,200","618,690","465,595","60,365","32,625","51,525","1,115","7,465","710,305","543,160","70,225","38,560","44,255","1,490","12,615","566,435","449,695","49,135","26,475","33,175","1,060","6,895"
Massachusetts' 9th,MA-09,87.6,3.2,5.6,1.5,0.2,1.9,89.7,3.0,4.3,1.4,0.3,1.3,88.9,2.7,5.0,1.2,0.3,1.9,91.2,2.5,3.6,1.1,0.3,1.3,"741,095","649,190","23,610","41,530","10,865","1,815","14,085","599,615","538,055","18,045","25,765","8,190","1,530","8,030","712,440","633,175","19,540","35,580","8,625","1,795","13,725","573,550","522,930","14,525","20,655","6,220","1,510","7,710"
Michigan's 1st,MI-01,90.9,1.4,2.0,0.7,2.4,2.5,92.0,1.6,1.6,0.7,2.2,1.9,91.4,1.4,1.8,0.5,2.4,2.5,92.6,1.5,1.3,0.4,2.2,1.9,"698,035","634,650","9,975","14,020","5,145","16,710","17,535","568,925","523,135","9,150","9,030","4,215","12,695","10,700","691,390","632,255","9,475","12,430","3,175","16,610","17,445","562,730","520,860","8,695","7,560","2,395","12,595","10,625"
Michigan's 2nd,MI-02,78.7,6.3,9.7,2.3,0.4,2.5,81.8,6.0,7.9,2.4,0.5,1.5,80.8,6.3,8.2,1.6,0.5,2.6,84.4,5.9,6.0,1.6,0.5,1.6,"739,220","581,745","46,905","71,765","16,875","3,270","18,660","563,955","461,065","33,695","44,360","13,415","2,745","8,675","716,285","578,785","44,995","59,090","11,580","3,270","18,565","542,910","458,325","32,125","32,355","8,750","2,745","8,610"
Michigan's 3rd,MI-03,79.2,8.1,7.5,2.2,0.3,2.8,82.1,7.7,6.0,2.2,0.3,1.8,81.4,8.0,6.0,1.4,0.3,2.9,84.8,7.7,4.1,1.3,0.3,1.8,"742,930","588,350","59,860","55,730","16,115","1,880","20,995","566,030","464,815","43,570","33,965","12,245","1,480","9,955","717,735","584,400","57,635","43,140","10,075","1,880","20,605","543,620","461,250","41,780","22,180","7,210","1,480","9,720"
Michigan's 4th,MI-04,91.4,1.8,3.3,1.0,0.7,1.8,92.3,2.0,2.8,1.0,0.6,1.3,91.9,1.8,3.2,0.6,0.7,1.8,93.0,1.9,2.6,0.6,0.6,1.3,"701,505","640,845","12,815","23,065","7,350","4,610","12,820","557,525","514,740","10,915","15,380","5,850","3,580","7,060","694,105","637,965","12,495","21,970","4,370","4,605","12,700","550,930","512,145","10,650","14,435","3,175","3,575","6,950"
Michigan's 5th,MI-05,73.9,17.0,5.0,1.0,0.3,2.8,76.7,16.0,4.2,1.0,0.3,1.8,74.2,17.1,4.8,0.7,0.3,2.8,77.1,16.1,3.9,0.8,0.4,1.7,"676,125","499,795","114,875","33,745","6,430","2,245","19,035","527,255","404,225","84,615","21,915","5,240","1,845","9,415","670,030","497,465","114,430","32,285","5,005","2,245","18,600","521,490","402,005","84,210","20,470","3,940","1,845","9,020"
Michigan's 6th,MI-06,80.6,8.1,6.2,1.6,0.3,3.1,83.3,7.6,4.9,1.7,0.3,2.1,82.3,8.0,5.2,1.0,0.3,3.2,85.4,7.5,3.6,1.0,0.3,2.1,"717,925","578,690","58,200","44,720","11,630","2,325","22,360","555,990","463,295","42,415","27,425","9,670","1,720","11,465","698,205","574,345","56,135","36,150","7,170","2,295","22,110","538,080","459,480","40,490","19,570","5,610","1,705","11,225"
Michigan's 7th,MI-07,87.8,4.1,4.5,1.1,0.4,2.2,89.2,4.2,3.8,1.1,0.3,1.4,88.5,4.1,4.1,0.7,0.4,2.2,90.1,4.2,3.3,0.7,0.3,1.4,"705,995","619,545","29,070","31,500","7,645","2,500","15,735","553,030","493,465","23,020","20,845","6,125","1,800","7,775","696,470","616,150","28,475","28,685","5,085","2,460","15,615","544,305","490,325","22,605","18,225","3,700","1,765","7,685"
Michigan's 8th,MI-08,81.8,5.5,5.2,4.8,0.2,2.6,83.6,5.2,4.5,4.8,0.2,1.7,84.2,5.3,4.7,2.9,0.2,2.6,86.3,5.1,3.9,2.7,0.2,1.7,"739,520","604,560","40,460","38,520","35,465","1,530","18,985","580,080","484,750","30,365","25,865","28,030","1,200","9,870","707,880","595,845","37,555","33,540","20,870","1,515","18,555","552,830","476,975","28,435","21,555","15,110","1,185","9,570"
Michigan's 9th,MI-09,76.1,13.8,2.6,4.7,0.3,2.4,78.7,12.5,2.2,4.6,0.3,1.6,76.7,14.3,2.4,3.8,0.3,2.5,79.5,13.0,2.0,3.5,0.3,1.6,"717,780","546,305","99,100","18,450","33,890","2,495","17,540","574,705","452,580","71,980","12,715","26,335","1,885","9,210","687,165","526,730","98,285","16,695","25,855","2,375","17,225","547,825","435,765","71,215","11,100","19,010","1,770","8,965"
Michigan's 10th,MI-10,90.1,2.9,3.3,1.8,0.2,1.8,91.2,2.9,2.7,1.7,0.2,1.2,90.9,3.0,2.8,1.4,0.2,1.8,92.2,3.0,2.2,1.3,0.2,1.2,"718,565","647,560","20,960","23,360","12,625","1,140","12,920","563,700","514,315","16,415","15,410","9,615",990,"6,955","703,135","638,935","20,835","19,845","9,695","1,100","12,725","549,360","506,360","16,290","12,000","6,940",945,"6,825"
Michigan's 11th,MI-11,78.4,5.1,3.4,10.7,0.2,2.2,80.3,5.0,2.9,10.3,0.2,1.4,82.3,5.3,2.8,7.0,0.2,2.3,84.7,5.3,2.2,6.1,0.2,1.4,"730,595","572,440","37,035","24,960","78,280","1,470","16,410","572,920","459,820","28,880","16,435","58,850","1,105","7,830","680,985","560,335","36,425","19,375","47,590","1,460","15,800","530,025","449,025","28,350","11,825","32,295","1,095","7,435"
Michigan's 12th,MI-12,74.5,10.8,6.0,5.6,0.2,2.9,76.2,10.2,5.2,6.0,0.2,2.1,76.5,11.1,5.6,3.6,0.2,2.9,78.8,10.6,4.7,3.6,0.2,2.1,"710,375","529,095","76,480","42,425","40,035","1,450","20,890","561,420","427,730","57,300","29,335","33,920","1,260","11,875","671,415","513,895","74,755","37,335","24,315","1,415","19,700","525,830","414,140","55,795","24,590","19,075","1,225","11,005"
Michigan's 13th,MI-13,34.0,54.5,7.7,1.5,0.4,2.0,36.4,53.8,6.3,1.6,0.4,1.5,34.1,56.5,6.2,0.8,0.4,2.0,36.8,56.2,4.3,0.9,0.4,1.5,"675,500","229,360","368,060","52,330","9,935","2,485","13,330","509,235","185,130","274,095","31,960","8,365","1,885","7,800","647,445","220,875","365,730","40,115","5,370","2,390","12,965","483,875","177,915","271,985","20,570","4,130","1,795","7,480"
Michigan's 14th,MI-14,31.2,56.3,4.7,5.1,0.2,2.4,33.2,55.5,4.0,5.2,0.3,1.8,31.3,58.9,3.9,3.2,0.3,2.5,33.5,58.5,2.9,3.0,0.3,1.9,"691,180","215,840","388,980","32,755","35,440","1,695","16,470","532,615","176,855","295,435","21,340","27,720","1,455","9,810","656,845","205,855","386,990","25,525","20,730","1,650","16,095","502,110","168,140","293,540","14,615","14,945","1,410","9,460"
Minnesota's 1st,MN-01,85.4,3.3,6.5,2.9,0.3,1.6,88.1,2.8,5.2,2.8,0.3,0.9,88.5,2.7,4.9,1.9,0.3,1.7,91.8,2.2,3.2,1.7,0.3,0.9,"675,190","576,325","22,455","44,150","19,435","1,710","11,115","519,175","457,225","14,605","26,780","14,470","1,320","4,775","647,805","573,355","17,650","32,010","12,360","1,700","10,730","495,550","454,750","10,940","15,650","8,365","1,310","4,535"
Minnesota's 2nd,MN-02,81.0,5.0,6.2,4.8,0.3,2.7,83.9,4.3,5.1,4.8,0.4,1.6,83.5,4.5,4.9,4.0,0.4,2.8,87.1,3.7,3.5,3.8,0.4,1.6,"703,970","569,875","34,920","43,715","34,080","2,395","18,985","528,405","443,310","22,650","27,065","25,285","1,850","8,245","677,955","565,860","30,440","33,220","27,340","2,390","18,705","504,965","439,735","18,770","17,425","19,155","1,845","8,035"
Minnesota's 3rd,MN-03,77.0,8.2,4.4,7.6,0.2,2.6,80.7,6.8,3.4,7.4,0.2,1.5,80.6,7.2,3.4,5.8,0.2,2.8,85.1,5.7,2.2,5.3,0.2,1.5,"716,885","551,900","58,660","31,250","54,535","1,580","18,960","546,140","440,685","37,090","18,645","40,355","1,215","8,150","678,075","546,380","49,040","23,305","39,110","1,580","18,660","512,205","435,665","29,145","11,330","26,940","1,215","7,910"
Minnesota's 4th,MN-04,66.6,10.3,6.7,12.6,0.4,3.3,71.8,8.9,5.6,11.1,0.4,2.2,70.6,9.7,5.5,10.3,0.5,3.4,76.5,8.1,4.1,8.6,0.5,2.2,"711,050","473,580","73,450","47,915","89,460","3,165","23,480","543,160","390,040","48,070","30,520","60,330","2,400","11,800","665,405","469,690","64,350","36,845","68,590","3,150","22,780","505,480","386,495","41,100","20,600","43,680","2,385","11,220"
Minnesota's 5th,MN-05,63.1,16.9,9.4,6.1,0.9,3.7,68.8,14.2,7.5,6.1,0.9,2.5,67.5,16.0,6.8,4.8,1.0,3.9,74.4,13.3,4.2,4.4,1.0,2.7,"712,915","449,675","120,355","66,755","43,380","6,490","26,260","565,855","389,500","80,170","42,440","34,350","5,015","14,380","656,755","443,485","105,305","44,435","31,235","6,415","25,880","515,660","383,645","68,800","21,440","22,785","4,940","14,050"
Minnesota's 6th,MN-06,88.6,3.5,3.0,2.6,0.4,2.1,90.6,2.9,2.4,2.5,0.4,1.2,90.0,2.8,2.5,2.2,0.4,2.1,92.3,2.2,1.8,2.1,0.4,1.3,"710,595","629,250","24,660","21,145","18,290","2,640","14,610","529,835","479,780","15,240","12,845","13,420","1,955","6,595","695,155","625,905","19,375","17,145","15,595","2,625","14,510","516,840","477,090","11,280","9,110","10,900","1,940","6,520"
Minnesota's 7th,MN-07,88.2,1.5,4.9,1.0,2.7,1.7,90.8,1.2,3.7,1.0,2.3,1.0,89.7,1.2,3.9,0.7,2.8,1.7,92.5,0.9,2.6,0.6,2.4,1.1,"666,100","587,560","9,930","32,350","6,645","18,300","11,315","508,660","461,945","6,070","18,660","4,890","11,790","5,305","652,610","585,195","7,815","25,740","4,320","18,300","11,240","497,270","460,035","4,600","12,700","2,895","11,785","5,255"
Minnesota's 8th,MN-08,91.6,1.1,1.8,0.8,2.4,2.2,93.1,1.0,1.5,0.8,2.1,1.5,92.0,1.0,1.7,0.6,2.4,2.2,93.5,1.0,1.3,0.6,2.1,1.5,"666,670","610,730","7,040","12,280","5,320","16,310","14,990","526,325","490,000","5,365","7,745","4,060","11,030","8,125","661,560","608,440","6,625","11,190","4,265","16,160","14,880","521,720","487,945","4,980","6,745","3,110","10,900","8,040"
Mississippi's 1st,MS-01,66.5,27.8,3.3,0.8,0.2,1.3,68.6,27.0,2.7,0.8,0.2,0.7,67.2,28.1,2.5,0.6,0.2,1.3,69.4,27.4,1.8,0.5,0.2,0.7,"762,560","507,225","211,885","25,520","6,390","1,385","10,155","580,855","398,195","156,610","15,900","4,930","1,110","4,110","752,060","505,705","211,475","19,140","4,270","1,385","10,085","571,305","396,765","156,260","10,035","3,090","1,110","4,045"
Mississippi's 2nd,MS-02,30.3,66.0,2.2,0.5,0.3,0.6,32.9,63.9,1.9,0.6,0.3,0.5,30.5,66.7,1.6,0.4,0.3,0.6,33.1,64.6,1.2,0.4,0.3,0.4,"703,570","213,270","464,665","15,160","3,840","2,245","4,390","528,785","173,880","337,795","9,935","3,120","1,665","2,390","696,235","212,015","464,295","10,965","2,460","2,245","4,255","522,300","172,775","337,480","6,230","1,895","1,665","2,255"
Mississippi's 3rd,MS-03,59.3,35.5,2.4,1.1,1.0,0.8,61.2,34.3,2.1,1.1,0.8,0.5,60.0,36.0,1.5,0.7,1.0,0.8,62.0,34.9,1.1,0.7,0.8,0.5,"748,575","443,630","265,860","17,695","8,230","7,360","5,800","574,160","351,175","196,740","11,845","6,480","4,805","3,115","736,255","441,460","265,350","10,915","5,445","7,295","5,790","562,945","349,100","196,230","5,930","3,840","4,750","3,095"
Mississippi's 4th,MS-04,68.6,23.5,4.3,1.5,0.3,1.8,70.9,22.3,3.6,1.6,0.3,1.2,69.5,23.7,3.5,1.2,0.3,1.8,72.0,22.6,2.7,1.2,0.3,1.2,"769,710","528,045","180,655","32,825","11,830","2,355","14,000","587,120","416,290","130,815","21,390","9,485","1,935","7,205","757,290","526,240","179,760","26,275","8,790","2,355","13,870","575,775","414,610","129,995","15,485","6,675","1,935","7,075"
Missouri's 1st,MO-01,40.7,49.6,3.6,3.4,0.2,2.6,44.7,46.6,3.1,3.6,0.2,1.8,41.6,51.0,2.8,1.9,0.2,2.6,46.0,47.9,2.1,1.9,0.2,1.8,"727,400","295,770","361,095","26,120","24,465","1,275","18,675","568,325","253,975","264,585","17,890","20,390","1,110","10,375","699,855","290,800","356,635","19,435","13,580","1,275","18,130","543,755","249,905","260,680","11,620","10,475","1,110","9,965"
Missouri's 2nd,MO-02,86.8,3.9,2.8,4.6,0.1,1.8,88.2,3.9,2.2,4.5,0.1,1.1,88.4,3.9,2.4,3.2,0.1,1.9,90.1,3.9,1.7,3.0,0.1,1.1,"764,015","662,845","29,745","21,245","35,320",935,"13,925","599,735","528,940","23,425","13,120","26,885",785,"6,580","741,490","655,630","29,205","17,930","24,070",935,"13,720","579,810","522,605","22,895","10,035","17,115",785,"6,375"
Missouri's 3rd,MO-03,90.7,3.3,2.6,1.2,0.3,1.9,91.9,3.3,2.2,1.2,0.3,1.2,91.5,3.3,2.2,0.8,0.3,1.9,92.8,3.2,1.7,0.8,0.3,1.2,"788,755","715,270","26,345","20,405","9,575","2,155","15,005","604,895","555,640","19,725","13,025","7,290","1,860","7,355","780,030","713,450","25,470","17,495","6,625","2,150","14,840","596,715","553,860","18,950","10,260","4,525","1,855","7,265"
Missouri's 4th,MO-04,86.5,4.6,3.9,1.8,0.5,2.6,87.9,4.6,3.3,1.9,0.5,1.8,87.8,4.5,3.5,1.0,0.6,2.6,89.3,4.5,2.8,1.0,0.6,1.8,"767,360","663,835","35,285","30,190","13,620","4,155","20,275","595,770","523,620","27,470","19,585","11,175","3,275","10,645","752,650","660,520","33,935","26,220","7,895","4,150","19,930","582,650","520,585","26,360","16,050","6,065","3,275","10,315"
Missouri's 5th,MO-05,63.9,21.7,9.1,2.2,0.3,2.8,67.7,20.4,7.5,2.2,0.4,1.9,65.9,22.0,7.4,1.6,0.3,2.9,70.1,20.8,5.3,1.5,0.4,1.9,"768,215","490,825","166,390","70,235","16,665","2,385","21,715","591,595","400,245","120,645","44,340","12,900","2,115","11,350","740,940","488,195","162,710","54,675","11,615","2,385","21,360","567,680","397,910","118,030","30,215","8,355","2,115","11,055"
Missouri's 6th,MO-06,87.5,4.2,4.1,1.5,0.3,2.4,89.0,4.3,3.4,1.5,0.4,1.4,88.4,4.1,3.6,1.1,0.3,2.4,90.1,4.2,2.9,1.0,0.4,1.4,"772,875","676,305","32,375","31,450","11,510","2,630","18,605","589,515","524,690","25,110","20,235","8,960","2,155","8,365","762,220","674,000","31,255","27,790","8,225","2,610","18,340","579,900","522,610","24,085","16,970","5,905","2,135","8,195"
Missouri's 7th,MO-07,88.0,1.9,5.1,1.5,0.9,2.6,89.9,1.8,4.0,1.5,0.9,1.9,89.5,1.8,4.1,1.1,0.9,2.6,91.8,1.7,2.7,1.0,0.9,1.9,"777,375","684,425","14,530","39,860","11,635","6,920","20,005","600,855","540,270","10,950","24,175","8,930","5,330","11,200","762,085","682,415","13,785","30,935","8,190","6,915","19,845","586,675","538,375","10,235","15,865","5,825","5,325","11,050"
Missouri's 8th,MO-08,90.5,4.5,2.1,0.8,0.4,1.7,91.6,4.3,1.6,0.8,0.5,1.2,91.0,4.5,1.8,0.4,0.4,1.7,92.3,4.3,1.3,0.4,0.5,1.2,"738,900","668,540","33,520","15,285","5,845","3,235","12,475","572,595","524,365","24,740","9,230","4,670","2,620","6,970","732,420","666,755","33,320","13,450","3,295","3,235","12,365","566,580","522,770","24,535","7,490","2,305","2,620","6,860"
Montana's At-Large,MT-AL,86.2,0.5,3.8,0.9,6.1,2.6,88.5,0.4,3.1,0.9,5.0,2.0,86.5,0.4,3.6,0.6,6.1,2.6,88.9,0.4,2.9,0.7,5.1,2.0,"1,050,645","905,365","4,765","40,315","9,030","63,755","27,415","822,265","727,350","3,675","25,820","7,655","41,375","16,390","1,040,285","900,315","4,360","37,875","6,760","63,740","27,235","812,545","722,455","3,280","23,705","5,520","41,365","16,220"
Nebraska's 1st,NE-01,81.5,2.8,9.4,2.7,1.1,2.4,84.5,2.8,7.5,2.8,0.9,1.5,84.4,2.7,7.6,1.8,1.2,2.4,88.1,2.5,5.2,1.7,1.0,1.5,"644,890","525,675","18,265","60,605","17,565","7,205","15,575","489,525","413,605","13,485","36,775","13,920","4,430","7,310","618,830","522,555","16,410","46,765","11,000","7,205","14,895","466,090","410,855","11,850","24,105","8,045","4,430","6,805"
Nebraska's 2nd,NE-02,72.5,9.5,11.4,3.6,0.4,2.6,76.4,9.0,9.1,3.5,0.4,1.6,76.3,9.5,9.1,2.0,0.4,2.7,81.2,8.9,6.0,1.8,0.4,1.7,"668,405","484,650","63,815","76,045","23,930","2,575","17,390","493,180","376,905","44,365","44,650","17,385","1,780","8,095","631,115","481,685","59,895","57,415","12,640","2,565","16,915","460,855","374,360","41,145","27,675","8,225","1,770","7,680"
Nebraska's 3rd,NE-03,83.8,1.3,11.9,0.8,0.8,1.3,86.7,1.3,9.6,0.9,0.7,0.9,86.6,1.1,9.6,0.6,0.8,1.3,90.1,1.0,6.7,0.6,0.7,0.9,"601,280","503,855","8,090","71,625","5,105","4,690","7,915","457,770","396,855","5,860","43,875","4,150","3,015","4,015","580,435","502,560","6,165","55,740","3,485","4,690","7,795","439,140","395,680","4,360","29,530","2,600","3,015","3,955"
Nevada's 1st,NV-01,29.8,11.4,46.2,9.3,0.5,2.9,34.6,10.9,41.2,10.4,0.6,2.3,35.5,13.3,38.7,8.5,0.6,3.4,43.3,13.2,30.1,9.7,0.7,2.9,"692,355","206,065","78,930","319,735","64,470","3,330","19,825","535,845","185,380","58,375","220,740","55,825","2,975","12,550","560,740","199,275","74,305","217,135","47,570","3,220","19,235","412,680","178,885","54,500","124,250","40,135","2,875","12,035"
Nevada's 2nd,NV-02,66.4,1.8,22.7,4.4,2.0,2.6,70.4,1.9,19.2,4.7,1.9,1.9,70.3,1.9,19.3,3.6,2.1,2.7,75.4,2.0,14.8,3.8,2.1,2.0,"716,360","475,840","13,225","162,460","31,840","14,355","18,640","559,470","393,625","10,730","107,555","26,165","10,885","10,510","670,625","471,650","12,545","129,545","24,250","14,350","18,285","516,835","389,695","10,190","76,375","19,510","10,880","10,185"
Nevada's 3rd,NV-03,55.7,7.3,17.9,14.3,0.4,4.4,58.7,7.2,15.7,15.0,0.4,3.1,57.9,7.4,17.1,12.6,0.4,4.6,61.5,7.4,14.5,12.9,0.4,3.3,"811,150","451,900","58,930","145,300","116,310","3,240","35,470","634,860","372,380","45,590","99,570","95,070","2,515","19,735","759,810","440,030","56,500","129,990","95,395","3,230","34,665","586,960","361,215","43,375","84,880","75,885","2,505","19,100"
Nevada's 4th,NV-04,44.7,14.7,30.0,6.1,0.9,3.7,49.2,14.5,26.0,6.9,0.8,2.6,48.1,15.8,25.6,5.6,0.9,4.0,54.1,15.9,19.9,6.4,0.9,2.8,"752,520","336,290","110,810","225,540","45,710","6,400","27,770","561,175","276,270","81,335","146,145","38,495","4,525","14,405","690,130","331,790","109,370","176,370","38,745","6,380","27,475","502,445","271,945","80,040","99,790","32,045","4,500","14,125"
New Hampshire's 1st,NH-01,90.3,1.5,3.7,2.6,0.1,1.8,91.7,1.3,3.1,2.6,0.1,1.2,91.9,1.3,3.2,1.6,0.1,1.8,93.5,1.1,2.5,1.5,0.1,1.2,"680,150","614,430","10,320","24,965","17,710",650,"12,075","548,830","503,405","7,205","16,820","14,205",560,"6,635","661,330","607,895","8,780","21,320","10,780",625,"11,930","532,040","497,585","5,920","13,480","8,010",555,"6,490"
New Hampshire's 2nd,NH-02,90.1,1.3,3.8,2.9,0.2,1.8,91.2,1.2,3.2,2.8,0.2,1.4,91.6,1.0,3.5,1.9,0.2,1.8,92.9,1.0,2.8,1.7,0.2,1.4,"667,980","601,815","8,405","25,525","19,080","1,180","11,975","539,325","491,790","6,515","17,520","15,095",940,"7,465","650,455","596,115","6,730","22,600","12,225","1,140","11,645","523,420","486,285","5,300","14,805","8,955",905,"7,170"
New Jersey's 1st,NJ-01,62.4,16.4,13.7,5.3,0.1,2.1,65.5,16.0,11.6,5.3,0.1,1.4,64.4,16.8,12.3,4.3,0.1,2.2,68.0,16.4,9.9,4.2,0.1,1.5,"725,605","452,790","118,790","99,425","38,555",480,"15,565","563,600","369,430","90,310","65,625","29,900",340,"7,995","696,565","448,340","116,765","85,365","30,120",440,"15,535","537,615","365,365","88,385","53,230","22,345",305,"7,985"
New Jersey's 2nd,NJ-02,65.6,11.8,16.4,3.9,0.3,2.1,69.2,11.6,13.8,3.7,0.3,1.4,68.4,12.0,14.0,3.3,0.3,2.1,72.6,11.9,10.7,3.1,0.3,1.4,"714,915","469,205","84,030","117,425","27,575","1,880","14,800","562,340","389,370","65,140","77,550","21,065","1,600","7,615","681,170","465,630","81,665","95,280","22,185","1,860","14,550","531,250","385,930","63,085","57,020","16,230","1,580","7,405"
New Jersey's 3rd,NJ-03,74.7,10.5,8.5,3.7,0.0,2.5,77.0,10.4,7.2,3.7,0.0,1.7,76.1,10.4,7.8,3.0,0.1,2.5,78.8,10.3,6.3,2.9,0.0,1.7,"737,335","551,045","77,520","62,765","27,530",365,"18,110","585,460","451,030","60,945","41,925","21,455",280,"9,825","716,975","545,960","74,855","56,265","21,825",365,"17,705","566,445","446,135","58,615","35,655","16,170",280,"9,590"
New Jersey's 4th,NJ-04,77.6,6.2,10.5,4.4,0.0,1.2,78.9,6.5,9.3,4.6,0.0,0.7,80.4,6.0,8.6,3.8,0.0,1.2,82.4,6.2,6.8,3.8,0.0,0.8,"740,700","574,985","46,240","78,100","32,545",310,"8,520","560,960","442,510","36,415","51,910","25,685",260,"4,180","704,885","567,055","41,995","60,705","26,440",310,"8,380","527,925","435,040","32,695","35,880","20,015",260,"4,035"
New Jersey's 5th,NJ-05,69.0,4.8,14.0,10.6,0.2,1.4,70.8,4.9,12.9,10.4,0.2,0.9,72.2,4.8,12.7,8.6,0.2,1.4,74.8,4.9,11.2,8.2,0.2,0.9,"736,345","507,955","35,645","103,455","77,930","1,160","10,200","574,500","406,725","28,185","73,825","59,830",950,"4,985","688,805","497,545","33,070","87,665","59,410","1,135","9,980","531,395","397,295","25,790","59,300","43,320",925,"4,765"
New Jersey's 6th,NJ-06,47.4,10.0,22.1,18.9,0.1,1.5,50.3,10.1,19.9,18.6,0.1,1.0,52.6,10.8,20.2,14.6,0.1,1.7,56.9,11.0,17.1,13.8,0.1,1.1,"733,995","347,680","73,395","162,550","138,405",920,"11,045","575,050","289,430","57,955","114,310","106,950",720,"5,685","641,495","337,625","69,385","129,665","93,365",865,"10,590","492,135","280,110","54,200","84,210","67,700",670,"5,245"
New Jersey's 7th,NJ-07,70.8,4.6,12.6,10.5,0.1,1.5,73.0,4.5,11.4,10.1,0.1,0.9,74.6,4.6,10.6,8.6,0.1,1.6,77.7,4.6,8.8,7.9,0.1,0.9,"739,095","522,930","33,735","93,120","77,730",575,"11,005","572,300","417,845","25,985","64,990","57,940",390,"5,150","686,080","511,530","31,655","72,865","58,695",560,"10,775","524,415","407,645","24,015","46,110","41,285",380,"4,980"
New Jersey's 8th,NJ-08,26.0,9.1,54.5,9.1,0.1,1.3,27.9,8.9,52.3,9.9,0.1,0.9,30.3,10.6,51.1,6.3,0.1,1.6,34.0,10.7,47.4,6.7,0.1,1.1,"762,465","197,900","69,450","415,405","69,085",680,"9,945","595,875","166,295","53,060","311,500","59,160",475,"5,385","574,480","174,220","60,765","293,385","36,400",585,"9,125","422,865","143,880","45,085","200,405","28,340",385,"4,770"
New Jersey's 9th,NJ-09,37.9,9.3,38.1,13.4,0.1,1.2,40.3,9.2,35.4,14.0,0.1,0.9,42.2,10.4,35.0,10.9,0.1,1.4,46.1,10.6,31.1,11.1,0.1,1.0,"752,445","285,145","69,670","286,825","100,845",750,"9,210","585,155","236,055","53,905","207,285","81,875",635,"5,400","627,780","265,175","65,365","219,545","68,350",730,"8,615","473,040","217,885","50,140","147,220","52,295",610,"4,890"
New Jersey's 10th,NJ-10,19.5,50.6,20.8,7.4,0.2,1.4,21.2,50.4,19.1,8.0,0.2,1.1,20.8,53.0,18.9,5.5,0.2,1.6,23.0,53.2,16.5,5.9,0.2,1.2,"751,860","146,960","380,705","156,335","55,655","1,530","10,675","577,520","122,570","290,935","110,075","46,335","1,140","6,465","654,185","136,170","346,410","123,630","36,235","1,530","10,210","490,185","112,725","260,630","80,885","28,780","1,140","6,025"
New Jersey's 11th,NJ-11,73.0,3.6,11.6,10.2,0.0,1.6,74.7,3.7,10.5,10.0,0.0,1.0,76.1,3.5,10.6,8.1,0.0,1.7,78.5,3.6,9.2,7.6,0.0,1.0,"735,095","536,255","26,440","85,200","75,185",315,"11,700","581,540","434,655","21,440","61,255","58,440",200,"5,550","689,500","524,720","24,390","72,955","55,710",315,"11,410","540,050","424,080","19,660","49,695","41,095",200,"5,320"
New Jersey's 12th,NJ-12,46.3,17.0,17.9,17.2,0.1,1.5,49.9,16.8,15.7,16.6,0.1,0.9,51.3,18.4,14.7,13.8,0.1,1.7,56.3,18.4,11.5,12.6,0.1,1.0,"748,660","346,565","127,130","134,130","128,935","1,000","10,900","582,695","290,515","97,620","91,725","96,910",635,"5,290","649,900","333,130","119,855","95,725","89,485",970,"10,735","494,865","278,770","91,175","56,740","62,430",605,"5,145"
New Mexico's 1st,NM-01,39.5,2.4,50.1,2.5,3.8,1.7,43.5,2.4,46.3,2.5,3.8,1.4,41.5,2.3,48.4,1.9,4.1,1.8,46.2,2.5,44.0,1.9,4.0,1.4,"695,710","274,930","16,470","348,475","17,055","26,690","12,090","546,225","237,830","13,320","252,965","13,900","20,515","7,695","655,160","271,815","15,300","317,270","12,440","26,680","11,655","508,335","234,915","12,480","223,480","9,695","20,500","7,265"
New Mexico's 2nd,NM-02,36.2,1.7,55.3,0.9,4.8,1.0,40.4,1.8,51.3,0.9,4.7,0.8,38.6,1.7,52.8,0.6,5.2,1.1,43.7,1.9,47.8,0.6,5.1,0.9,"700,115","253,790","12,035","387,310","6,060","33,570","7,350","526,355","212,670","9,580","270,125","4,925","24,675","4,380","649,805","250,505","11,330","343,195","3,975","33,565","7,235","479,695","209,685","8,985","229,075","2,980","24,670","4,300"
New Mexico's 3rd,NM-03,36.9,1.5,40.9,1.3,17.7,1.7,40.9,1.4,38.4,1.4,16.6,1.3,38.0,1.4,39.5,0.9,18.4,1.7,42.3,1.4,36.6,0.9,17.4,1.3,"696,615","257,385","10,175","285,030","8,830","123,400","11,795","531,410","217,090","7,635","204,280","7,325","88,435","6,645","671,270","255,280","9,730","265,100","6,025","123,400","11,735","508,255","215,055","7,275","186,100","4,805","88,435","6,585"
New York's 1st,NY-01,74.1,5.1,15.4,4.0,0.2,1.1,77.0,4.9,13.0,4.1,0.2,0.8,77.6,5.1,13.0,2.9,0.2,1.2,81.3,4.8,10.0,2.9,0.2,0.8,"716,530","531,035","36,830","110,500","28,840","1,285","8,040","568,570","437,980","27,710","73,970","23,380","1,105","4,425","675,210","523,860","34,610","87,655","19,890","1,285","7,910","530,430","431,040","25,685","53,100","15,210","1,105","4,290"
New York's 2nd,NY-02,61.8,9.4,23.8,3.5,0.2,1.3,64.8,9.3,21.2,3.6,0.2,0.9,65.8,9.5,20.0,3.1,0.2,1.3,69.8,9.4,16.6,3.1,0.2,1.0,"711,845","439,810","67,150","169,480","25,185","1,250","8,970","556,565","360,670","51,690","118,095","19,950",995,"5,165","659,935","434,305","62,860","132,215","20,500","1,250","8,805","509,190","355,360","47,680","84,620","15,535",995,"5,000"
New York's 3rd,NY-03,67.8,3.1,10.7,16.9,0.1,1.4,70.0,3.1,9.5,16.4,0.1,0.9,71.6,3.0,9.2,14.5,0.1,1.4,74.7,3.0,7.7,13.6,0.1,0.9,"727,150","493,065","22,580","77,570","122,945",920,"10,070","572,760","400,835","17,615","54,460","94,050",650,"5,150","677,285","485,220","20,555","62,605","98,515",910,"9,480","526,890","393,515","15,755","40,755","71,570",650,"4,645"
New York's 4th,NY-04,55.7,14.5,21.4,7.0,0.2,1.3,58.0,14.6,19.4,7.0,0.1,0.9,60.1,14.7,17.4,6.2,0.2,1.4,63.6,14.8,14.3,6.1,0.1,1.0,"723,355","402,780","104,915","154,805","50,555","1,095","9,205","564,735","327,365","82,220","109,730","39,590",750,"5,080","659,620","396,750","96,935","114,825","41,125","1,030","8,955","505,280","321,540","74,895","72,495","30,805",680,"4,865"
New York's 5th,NY-05,11.4,49.9,19.5,16.8,0.5,1.9,11.7,50.6,18.4,17.1,0.5,1.7,12.6,52.0,18.2,14.8,0.5,2.0,13.3,53.2,16.4,14.8,0.5,1.7,"771,100","88,085","384,530","150,645","129,275","3,605","14,960","602,140","70,610","304,620","110,705","102,865","2,890","10,450","662,140","83,725","344,220","120,195","97,960","3,125","12,915","502,220","66,710","267,310","82,540","74,560","2,430","8,670"
New York's 6th,NY-06,34.0,3.7,20.0,40.1,0.3,1.9,35.1,3.8,18.8,40.7,0.3,1.4,39.7,4.3,20.2,33.3,0.4,2.1,42.3,4.5,18.6,32.6,0.4,1.5,"729,460","248,135","27,140","146,010","292,455","2,055","13,665","588,470","206,270","22,300","110,635","239,680","1,580","8,005","576,735","228,825","24,920","116,690","192,100","2,055","12,145","444,735","188,180","20,215","82,895","145,200","1,580","6,665"
New York's 7th,NY-07,31.7,8.4,39.9,18.1,0.2,1.8,31.4,8.7,38.8,19.5,0.2,1.3,35.6,9.5,37.9,14.9,0.2,2.0,36.3,10.3,36.0,15.8,0.2,1.5,"730,825","231,825","61,555","291,345","131,915","1,125","13,060","561,600","176,565","48,975","217,990","109,740",885,"7,445","602,950","214,390","57,540","228,225","89,700","1,045","12,050","441,435","160,090","45,255","158,970","69,760",815,"6,545"
New York's 8th,NY-08,24.7,49.9,17.6,5.8,0.1,1.8,26.8,49.4,16.2,6.0,0.1,1.5,25.3,51.1,17.0,4.8,0.1,1.7,27.8,50.7,15.2,4.8,0.1,1.4,"772,575","191,165","385,240","135,990","45,145",995,"14,040","608,040","163,170","300,175","98,405","36,470",890,"8,930","688,990","174,325","351,765","116,975","33,255",905,"11,765","530,300","147,310","269,110","80,655","25,270",795,"7,160"
New York's 9th,NY-09,32.7,46.1,11.7,7.2,0.1,2.3,32.4,47.0,11.3,7.3,0.1,1.8,34.8,45.6,11.0,6.3,0.1,2.2,35.1,46.5,10.4,6.3,0.1,1.7,"726,820","237,360","335,160","84,730","52,185",695,"16,690","567,230","183,995","266,735","63,940","41,645",595,"10,320","625,885","217,865","285,210","68,865","39,485",590,"13,870","474,655","166,495","220,495","49,140","29,995",485,"8,045"
New York's 10th,NY-10,62.1,3.6,12.9,19.1,0.2,2.1,61.7,3.9,12.8,19.8,0.1,1.6,66.2,3.8,11.9,15.8,0.2,2.1,66.7,4.3,11.4,15.9,0.2,1.6,"731,475","454,045","26,075","94,705","139,910","1,235","15,505","589,710","363,945","23,235","75,230","116,825",825,"9,650","625,785","414,200","23,925","74,555","98,650","1,190","13,265","489,905","326,615","21,095","55,705","77,960",780,"7,750"
New York's 11th,NY-11,59.1,7.2,17.3,14.6,0.1,1.7,61.3,6.9,15.6,14.9,0.1,1.3,62.2,7.2,16.3,12.6,0.1,1.6,65.4,6.9,14.0,12.4,0.1,1.1,"730,635","431,635","52,265","126,465","106,765",855,"12,650","570,135","349,365","39,195","88,775","84,755",730,"7,315","654,240","406,725","47,145","106,875","82,215",855,"10,425","499,445","326,420","34,465","70,170","62,090",730,"5,570"
New York's 12th,NY-12,64.9,4.7,13.7,14.4,0.1,2.2,66.3,4.6,13.0,14.5,0.1,1.5,68.2,5.0,13.2,11.2,0.1,2.4,70.1,4.9,12.4,11.0,0.1,1.6,"721,820","468,325","33,740","98,785","104,085",890,"15,995","636,535","422,175","29,145","82,795","92,120",680,"9,620","625,870","426,670","31,020","82,485","70,105",820,"14,770","545,205","382,325","26,610","67,375","59,805",615,"8,475"
New York's 13th,NY-13,14.6,24.4,54.6,4.6,0.1,1.7,16.2,24.6,52.6,5.1,0.1,1.4,15.9,27.6,50.8,3.7,0.1,1.9,18.2,28.4,47.7,4.0,0.1,1.6,"767,700","112,000","187,660","419,035","35,390",915,"12,700","609,885","98,800","149,955","320,495","31,245",690,"8,700","629,350","100,075","173,560","319,985","23,070",865,"11,795","481,900","87,675","136,830","229,660","19,210",635,"7,890"
New York's 14th,NY-14,22.6,9.4,49.6,17.1,0.1,1.2,24.4,9.8,47.0,17.6,0.2,1.1,26.8,11.3,45.8,14.7,0.2,1.3,30.5,12.3,41.2,14.7,0.2,1.1,"694,615","156,800","65,155","344,510","118,705",895,"8,550","553,340","135,150","54,190","259,830","97,425",855,"5,890","526,800","141,280","59,275","241,235","77,235",820,"6,955","395,605","120,470","48,670","163,005","58,195",780,"4,485"
New York's 15th,NY-15,2.7,28.3,66.1,1.9,0.2,0.8,2.9,28.4,65.7,2.0,0.2,0.8,3.0,30.8,63.3,1.7,0.3,0.9,3.4,31.6,62.0,1.9,0.3,0.8,"744,475","20,030","210,335","492,320","14,120","1,700","5,970","537,880","15,825","152,740","353,245","10,895","1,140","4,035","595,925","17,665","183,690","377,355","10,305","1,655","5,255","404,575","13,700","127,930","250,945","7,530","1,100","3,370"
New York's 16th,NY-16,35.7,31.3,25.8,5.4,0.2,1.5,37.3,31.9,24.1,5.5,0.2,1.1,38.4,31.3,23.9,4.5,0.2,1.6,40.6,31.8,21.6,4.6,0.2,1.1,"744,275","265,865","233,205","191,960","40,210","1,670","11,365","581,120","216,580","185,265","139,815","32,040","1,230","6,190","656,180","251,760","205,330","157,150","29,540","1,625","10,775","501,425","203,820","159,520","108,075","23,155","1,190","5,665"
New York's 17th,NY-17,60.2,9.8,22.3,6.0,0.1,1.6,61.3,10.2,20.8,6.6,0.1,1.1,65.3,9.8,18.0,5.0,0.1,1.8,67.8,10.3,15.2,5.5,0.1,1.2,"739,325","444,735","72,345","164,880","44,480",905,"11,980","558,335","342,060","56,965","116,000","36,710",715,"5,885","662,320","432,250","64,870","119,455","33,300",800,"11,645","487,360","330,440","50,225","73,840","26,630",615,"5,610"
New York's 18th,NY-18,68.5,9.2,17.1,3.1,0.2,2.0,70.7,9.2,15.3,3.2,0.2,1.3,70.7,9.1,15.4,2.5,0.2,2.0,73.6,9.2,13.2,2.5,0.2,1.3,"722,790","494,900","66,150","123,360","22,655","1,625","14,100","556,525","393,460","51,360","85,180","18,015","1,245","7,265","690,100","488,010","62,855","106,510","17,245","1,580","13,900","525,735","386,855","48,310","69,160","13,145","1,200","7,065"
New York's 19th,NY-19,84.2,4.2,7.8,1.7,0.1,2.0,86.0,4.3,6.7,1.7,0.1,1.3,85.7,4.1,6.8,1.3,0.1,2.0,87.8,4.1,5.5,1.2,0.1,1.3,"698,755","588,260","29,480","54,490","11,655",865,"14,005","569,480","489,530","24,230","38,010","9,440",770,"7,500","679,400","582,505","27,565","45,965","8,605",865,"13,895","551,235","484,000","22,390","30,130","6,540",770,"7,405"
New York's 20th,NY-20,76.1,8.8,6.5,5.3,0.2,3.1,79.0,8.3,5.5,5.1,0.2,2.0,78.4,8.7,6.3,3.4,0.1,3.1,81.7,8.2,5.1,3.0,0.2,1.9,"725,985","552,570","63,855","47,340","38,155","1,200","22,865","583,370","461,015","48,400","31,820","29,515","1,055","11,565","696,685","546,090","60,690","43,570","23,730","1,040","21,565","557,270","455,245","45,640","28,270","16,745",895,"10,475"
New York's 21st,NY-21,90.2,2.9,3.4,1.1,0.9,1.5,90.8,3.1,3.1,1.1,0.8,1.0,90.9,2.8,3.2,0.8,0.9,1.5,91.6,3.0,2.8,0.8,0.8,1.0,"703,075","634,295","20,725","24,125","7,630","6,050","10,250","559,865","508,190","17,440","17,595","6,215","4,655","5,770","692,725","629,595","19,625","21,855","5,585","6,000","10,065","550,190","503,790","16,430","15,460","4,270","4,625","5,615"
New York's 22nd,NY-22,87.3,3.8,3.9,2.8,0.2,2.0,89.0,3.5,3.2,2.7,0.2,1.3,88.6,3.7,3.8,1.8,0.2,2.0,90.4,3.4,3.1,1.6,0.2,1.3,"696,135","607,545","26,470","26,915","19,665","1,475","14,065","553,990","493,165","19,445","17,775","15,025","1,255","7,325","680,365","602,755","24,905","25,665","12,010","1,430","13,600","540,575","488,795","18,195","16,665","8,690","1,210","7,020"
New York's 23rd,NY-23,88.3,2.7,4.0,2.4,0.5,2.0,89.5,2.7,3.4,2.6,0.5,1.3,89.6,2.7,3.8,1.4,0.5,2.0,91.0,2.7,3.2,1.3,0.5,1.3,"695,215","614,200","18,775","27,765","16,725","3,765","13,985","555,210","496,700","15,245","18,890","14,230","2,720","7,425","679,875","609,225","18,075","26,040","9,410","3,720","13,405","540,825","492,090","14,605","17,280","7,140","2,685","7,025"
New York's 24th,NY-24,81.7,8.1,4.5,2.7,0.4,2.6,84.4,7.3,3.7,2.6,0.4,1.6,83.3,7.8,4.2,1.8,0.4,2.5,86.1,7.1,3.3,1.6,0.4,1.5,"704,755","575,930","57,120","31,740","19,160","2,620","18,185","555,570","468,715","40,830","20,705","14,530","2,140","8,650","685,305","571,010","53,695","28,590","12,020","2,545","17,445","539,405","464,290","38,485","17,920","8,410","2,100","8,200"
New York's 25th,NY-25,69.8,15.1,9.0,3.8,0.2,2.1,73.5,13.8,7.6,3.7,0.2,1.3,71.3,15.1,8.8,2.4,0.2,2.1,75.2,13.8,7.2,2.2,0.2,1.3,"716,720","500,270","107,945","64,700","27,260","1,290","15,255","566,585","416,230","77,975","42,780","21,170","1,070","7,360","689,785","491,845","104,240","61,005","16,660","1,280","14,755","543,205","408,630","75,005","39,365","12,120","1,060","7,025"
New York's 26th,NY-26,68.5,17.8,6.7,4.3,0.3,2.4,72.3,16.5,5.5,4.0,0.3,1.4,70.2,17.8,6.7,2.6,0.4,2.3,74.1,16.6,5.4,2.2,0.3,1.4,"709,535","485,850","126,135","47,800","30,540","2,440","16,770","564,050","407,670","93,145","30,985","22,385","1,910","7,955","680,840","477,930","121,295","45,795","17,440","2,400","15,980","540,720","400,870","89,705","29,225","11,690","1,865","7,365"
New York's 27th,NY-27,91.9,2.3,2.7,1.1,0.7,1.4,92.8,2.4,2.3,1.1,0.7,0.8,92.4,2.3,2.4,0.8,0.7,1.4,93.4,2.4,2.0,0.8,0.7,0.8,"715,340","657,165","16,805","19,010","7,750","4,885","9,725","572,135","530,660","13,925","12,935","6,065","3,835","4,715","706,380","652,770","16,120","17,095","5,910","4,810","9,675","563,780","526,490","13,330","11,105","4,425","3,760","4,670"
North Carolina's 1st,NC-01,46.1,42.7,7.2,0.7,0.9,2.3,51.0,41.6,4.9,0.8,0.7,0.9,47.5,43.9,5.1,0.6,0.7,2.1,50.7,43.7,2.8,0.6,0.8,1.4,"721,397","332,909","308,278","51,766","5,206","6,371","16,790","560,784","286,145","233,512","27,417","4,521","4,111","5,078","699,499","332,400","307,399","35,456","4,428","5,210","14,605","543,603","275,423","237,716","15,473","3,454","4,112","7,424"
North Carolina's 2nd,NC-02,59.2,19.7,10.2,0.3,7.9,2.6,64.2,19.9,8.4,5.8,0.3,1.4,63.5,20.9,7.4,5.6,0.3,2.3,67.2,21.1,4.7,5.0,0.3,1.6,"868,611","514,298","171,438","88,955","2,614","68,582","22,656","548,630","352,421","109,382","46,062","31,629","1,570","7,566","796,831","505,641","166,934","58,932","44,255","2,486","18,582","599,859","403,299","126,667","28,299","30,053","1,906","9,636"
North Carolina's 3rd,NC-03,66.8,19.2,9.1,0.4,1.5,3.0,71.0,20.0,6.1,1.3,0.4,1.2,68.5,19.7,7.3,1.2,0.4,2.9,71.5,19.8,5.3,1.2,0.4,1.8,"754,532","504,243","145,232","68,293","2,691","11,575","22,642","564,228","400,468","112,902","34,491","7,215","2,313","6,839","734,642","503,051","145,018","53,646","8,661","2,744","21,522","570,655","408,181","113,252","30,035","6,911","2,138","10,138"
North Carolina's 4th,NC-04,57.1,25.0,10.5,0.2,4.1,3.0,60.9,25.2,8.5,3.9,0.3,1.3,60.4,26.4,7.2,3.0,0.3,2.7,64.0,26.7,4.1,3.0,0.3,1.8,"835,409","477,322","208,578","88,005","2,037","34,196","25,296","558,324","339,761","140,550","47,436","21,757","1,728","7,092","779,310","470,758","206,124","55,934","23,194","2,071","21,230","599,262","383,533","160,044","24,848","18,111","1,781","10,945"
North Carolina's 5th,NC-05,80.5,10.2,5.7,0.3,1.5,1.8,84.8,9.2,3.8,1.1,0.3,0.8,82.3,10.4,4.1,1.2,0.4,1.6,85.2,10.0,2.5,1.1,0.4,0.9,"745,489","599,797","75,965","42,717","2,578","10,972","13,285","569,695","483,103","52,694","21,807","6,139","1,453","4,499","727,457","598,659","75,972","29,933","8,649","2,608","11,637","575,283","489,901","57,536","14,309","6,291","2,067","5,178"
North Carolina's 6th,NC-06,50.2,32.7,10.0,0.4,4.1,2.6,57.4,30.6,7.3,3.0,0.4,1.3,52.8,34.3,7.5,2.8,0.4,2.3,57.4,34.0,4.3,2.4,0.4,1.5,"787,635","395,292","257,398","78,995","2,864","32,323","20,758","560,036","321,555","171,399","40,821","17,059","2,072","7,130","741,551","391,561","254,159","55,400","20,492","2,930","17,009","566,812","325,140","192,668","24,458","13,794","2,371","8,381"
North Carolina's 7th,NC-07,70.6,16.6,9.1,0.8,0.8,2.1,73.6,17.2,6.7,0.7,0.9,1.0,72.9,17.1,6.5,0.6,0.8,2.0,76.5,16.9,3.7,0.6,0.9,1.4,"816,845","576,523","135,761","74,230","6,538","6,509","17,382","565,291","416,244","97,166","37,746","3,880","4,865","5,390","786,461","573,166","134,644","51,350","4,927","6,600","15,776","616,859","471,695","104,291","23,123","3,921","5,296","8,532"
North Carolina's 8th,NC-08,56.5,25.0,11.5,0.8,2.6,3.6,63.5,24.0,8.1,2.0,0.9,1.6,58.4,25.8,9.7,2.0,0.9,3.3,62.1,25.9,7.2,1.9,0.9,2.1,"797,408","450,696","199,206","92,013","6,632","20,392","28,401","537,684","341,297","128,922","43,314","10,782","4,906","8,463","768,129","448,494","198,324","74,271","14,993","6,692","25,355","569,823","353,659","147,613","40,829","10,786","4,906","12,030"
North Carolina's 9th,NC-09,59.5,18.0,8.5,8.0,3.7,2.3,63.9,18.1,6.4,2.4,8.1,1.2,61.6,18.8,6.5,2.6,8.4,2.1,64.7,19.0,4.2,2.3,8.4,1.4,"796,371","473,786","143,610","67,446","63,504","29,218","18,702","537,951","343,483","97,114","34,681","12,764","43,612","6,297","759,003","467,389","143,035","49,314","19,498","63,702","16,064","563,534","364,884","107,139","23,548","12,819","47,476","7,669"
North Carolina's 10th,NC-10,77.6,9.9,8.4,0.3,2.0,1.8,82.2,9.7,5.8,1.3,0.3,0.8,80.2,10.2,6.0,1.6,0.3,1.7,83.6,10.2,3.6,1.3,0.3,1.0,"759,208","589,366","75,316","63,533","1,955","15,238","13,892","557,827","458,521","54,064","32,261","7,369","1,427","4,185","733,339","588,361","75,058","44,308","11,534","1,963","12,115","569,006","475,462","58,289","20,713","7,478","1,605","5,459"
North Carolina's 11th,NC-11,85.8,3.9,6.1,1.5,0.9,1.8,89.2,3.6,4.2,0.7,1.2,1.0,87.9,4.0,4.3,0.7,1.5,1.6,90.6,3.9,2.4,0.6,1.4,1.0,"767,772","658,892","29,980","46,851","11,385","7,241","13,556","586,944","523,438","21,115","24,899","4,233","7,208","6,051","745,569","655,576","29,649","31,876","5,252","11,394","11,822","605,309","548,289","23,557","14,811","3,818","8,749","6,085"
North Carolina's 12th,NC-12,40.7,36.3,14.8,0.3,5.2,2.8,47.7,34.4,11.8,4.3,0.3,1.5,44.5,39.4,9.9,3.4,0.3,2.5,49.3,39.3,6.0,3.2,0.3,1.9,"862,508","350,806","313,460","127,476","2,281","44,563","24,022","547,264","261,225","188,113","64,422","23,676","1,882","7,946","773,762","344,301","304,750","76,989","26,047","2,245","19,430","578,554","285,112","227,243","34,610","18,517","1,955","11,116"
North Carolina's 13th,NC-13,73.3,13.4,9.6,0.3,1.2,2.2,78.1,13.2,6.6,0.9,0.4,0.8,76.1,14.1,6.5,1.0,0.3,2.0,80.0,14.2,3.3,0.9,0.3,1.4,"751,691","550,759","101,080","72,386","2,220","8,985","16,171","559,190","436,664","73,836","36,973","5,304","2,148","4,265","721,240","549,193","101,348","46,910","7,056","2,233","14,500","556,081","444,780","78,764","18,291","4,973","1,717","7,555"
North Dakota's At-Large,ND-AL,84.6,2.9,3.7,1.6,5.1,2.2,87.0,2.6,3.1,1.6,4.2,1.5,86.1,2.2,3.5,0.8,5.2,2.2,88.8,1.9,2.8,0.8,4.3,1.5,"756,715","640,000","21,595","28,315","11,825","38,485","16,495","580,975","505,180","15,230","17,895","9,475","24,450","8,745","738,300","635,705","16,520","25,885","5,710","38,420","16,060","564,485","501,110","10,740","15,570","4,270","24,390","8,405"
Ohio's 1st,OH-01,68.8,21.5,3.3,3.7,0.1,2.7,71.8,20.3,2.5,3.7,0.1,1.6,70.6,21.8,2.5,2.3,0.1,2.7,74.0,20.6,1.7,2.0,0.1,1.7,"742,015","510,650","159,210","24,275","27,515",545,"19,820","563,095","404,285","114,210","14,335","20,645",345,"9,275","716,930","506,445","155,940","17,600","16,770",545,"19,630","541,385","400,500","111,440","9,010","10,955",345,"9,135"
Ohio's 2nd,OH-02,85.2,8.6,2.1,1.6,0.2,2.3,86.5,8.5,1.7,1.6,0.2,1.5,86.1,8.6,1.9,1.0,0.2,2.3,87.5,8.5,1.3,1.0,0.2,1.5,"728,705","621,075","62,645","15,505","11,510","1,115","16,855","563,550","487,520","47,945","9,545","9,035","1,005","8,500","718,365","618,695","61,785","13,305","7,115","1,095","16,370","554,470","485,360","47,130","7,370","5,325",990,"8,295"
Ohio's 3rd,OH-03,50.7,33.7,7.0,4.4,0.2,4.0,55.5,31.2,5.5,4.7,0.2,2.9,53.7,33.9,5.3,2.7,0.2,4.2,59.4,31.3,3.4,2.7,0.2,3.0,"790,140","400,650","266,625","55,565","34,735","1,300","31,265","595,265","330,135","185,860","32,960","27,970","1,215","17,125","737,200","396,055","249,615","39,425","19,975","1,290","30,840","548,465","325,885","171,605","18,430","14,625","1,205","16,715"
Ohio's 4th,OH-04,87.5,5.1,3.9,1.0,0.2,2.2,89.0,5.2,3.2,1.1,0.2,1.3,88.1,5.1,3.6,0.7,0.2,2.3,89.7,5.2,2.9,0.6,0.2,1.3,"711,000","622,150","36,535","27,415","7,385","1,525","15,990","551,705","490,970","28,595","17,550","5,925","1,310","7,355","703,980","620,310","36,090","25,490","4,660","1,525","15,905","545,225","489,305","28,195","15,740","3,395","1,310","7,280"
Ohio's 5th,OH-05,88.5,2.9,5.4,1.4,0.1,1.7,89.9,3.0,4.5,1.4,0.1,1.0,89.3,2.9,5.1,0.9,0.1,1.7,90.9,2.9,4.1,0.8,0.1,1.0,"722,910","639,430","21,065","38,900","10,235",845,"12,435","560,755","504,265","16,640","25,470","7,955",795,"5,630","713,300","636,800","20,660","36,125","6,575",830,"12,310","551,950","501,970","16,260","22,875","4,565",775,"5,505"
Ohio's 6th,OH-06,94.4,2.2,1.2,0.5,0.2,1.7,94.9,2.3,1.0,0.5,0.2,1.1,94.6,2.2,1.1,0.3,0.2,1.7,95.2,2.3,0.9,0.3,0.2,1.1,"696,110","656,915","15,155","8,195","3,205","1,090","11,550","550,775","522,905","12,645","5,450","2,670",910,"6,195","693,010","655,900","15,060","7,350","2,090","1,070","11,540","548,060","522,015","12,560","4,725","1,685",895,"6,180"
Ohio's 7th,OH-07,90.8,4.0,2.4,0.7,0.1,2.0,92.3,3.7,2.0,0.7,0.1,1.2,91.3,4.0,2.1,0.5,0.1,2.0,92.8,3.7,1.6,0.5,0.1,1.2,"727,520","660,490","29,150","17,790","4,960",890,"14,240","558,515","515,250","20,845","11,050","3,765",810,"6,795","722,095","659,080","29,015","15,250","3,630",880,"14,240","553,530","513,945","20,710","8,695","2,585",800,"6,795"
Ohio's 8th,OH-08,85.6,6.0,3.5,2.2,0.1,2.5,87.5,5.9,2.7,2.2,0.2,1.5,87.1,5.9,2.8,1.5,0.1,2.6,89.5,5.7,1.8,1.4,0.2,1.5,"729,575","624,315","44,085","25,880","15,725","1,010","18,560","558,515","488,935","32,965","15,175","12,420",860,"8,160","714,295","622,470","42,040","19,865","10,430","1,010","18,480","544,350","487,215","31,140","9,580","7,445",860,"8,110"
Ohio's 9th,OH-09,67.9,15.8,11.2,1.6,0.2,3.2,72.2,14.6,9.4,1.7,0.2,1.9,68.7,16.0,10.9,1.0,0.2,3.2,73.2,14.7,8.9,1.0,0.2,1.9,"706,915","479,765","112,025","79,340","11,495","1,630","22,660","549,020","396,320","79,965","51,650","9,490","1,365","10,230","691,030","474,420","110,320","75,300","7,040","1,595","22,355","535,155","391,810","78,610","47,840","5,550","1,335","10,010"
Ohio's 10th,OH-10,74.6,16.6,2.9,2.4,0.2,3.3,76.8,16.1,2.4,2.4,0.2,2.0,75.9,16.7,2.4,1.5,0.2,3.3,78.3,16.2,1.8,1.5,0.2,2.0,"722,025","538,875","120,100","21,270","17,075","1,180","23,525","564,075","433,300","90,920","13,810","13,600",890,"11,555","704,965","535,045","117,925","16,975","10,910","1,180","22,930","548,890","429,825","88,980","10,080","8,075",890,"11,040"
Ohio's 11th,OH-11,37.3,52.7,4.5,2.6,0.2,2.7,40.6,50.7,4.0,2.8,0.2,1.7,37.7,53.8,4.2,1.5,0.2,2.7,41.1,51.9,3.6,1.5,0.2,1.7,"689,575","257,340","363,500","31,360","17,945","1,105","18,325","540,445","219,255","274,030","21,510","15,230","1,005","9,415","671,790","252,950","361,240","28,520","9,940","1,100","18,040","524,170","215,230","272,155","18,840","7,815","1,000","9,130"
Ohio's 12th,OH-12,85.3,4.7,2.5,4.7,0.1,2.7,86.6,4.9,2.1,4.5,0.1,1.7,87.3,4.7,2.3,2.9,0.1,2.7,89.0,4.8,1.9,2.5,0.1,1.7,"781,470","666,715","37,085","19,185","36,555","1,125","20,805","599,850","519,700","29,180","12,790","27,195",715,"10,270","758,605","662,430","35,530","17,260","21,645","1,125","20,615","580,200","516,095","27,990","11,010","14,265",715,"10,125"
Ohio's 13th,OH-13,80.4,11.5,3.3,1.9,0.2,2.7,82.7,10.7,2.8,1.9,0.2,1.6,81.4,11.6,3.2,1.0,0.2,2.7,84.0,10.8,2.6,0.9,0.2,1.5,"708,540","569,415","81,585","23,625","13,730","1,100","19,085","568,200","470,150","60,925","16,190","10,980",945,"9,010","694,880","565,920","80,805","21,900","6,685","1,100","18,470","556,230","467,235","60,225","14,590","4,730",945,"8,505"
Ohio's 14th,OH-14,88.4,4.7,3.0,2.2,0.1,1.6,89.9,4.5,2.3,2.1,0.1,1.0,89.4,4.7,2.5,1.6,0.1,1.6,91.1,4.6,1.8,1.4,0.1,1.0,"716,940","634,085","33,385","21,170","15,695","1,005","11,600","563,565","506,780","25,540","13,080","12,045",700,"5,420","703,150","628,915","32,970","17,875","10,960","1,005","11,425","551,265","502,360","25,165","10,090","7,705",700,"5,245"
Ohio's 15th,OH-15,88.5,4.3,2.2,2.5,0.1,2.3,89.6,4.4,1.8,2.5,0.1,1.6,89.8,4.3,1.9,1.6,0.1,2.3,91.0,4.3,1.5,1.5,0.1,1.6,"761,670","674,455","33,075","16,600","18,950",930,"17,660","596,225","534,095","26,010","10,525","15,115",780,"9,700","746,275","670,120","31,805","14,345","11,755",930,"17,320","582,345","530,110","24,905","8,535","8,595",780,"9,420"
Ohio's 16th,OH-16,91.3,2.2,2.4,2.4,0.1,1.7,92.2,2.1,2.1,2.3,0.1,1.1,92.2,2.1,2.2,1.6,0.1,1.7,93.2,2.1,1.8,1.6,0.1,1.1,"720,290","657,320","15,570","17,340","16,935",920,"12,205","566,810","522,655","12,125","11,765","13,300",685,"6,280","707,320","651,860","15,180","15,675","11,625",915,"12,065","555,215","517,595","11,770","10,255","8,755",680,"6,160"
Oklahoma's 1st,OK-01,64.2,8.6,11.4,3.1,5.6,7.1,68.5,8.2,9.2,3.1,5.4,5.6,67.1,8.9,8.6,2.2,5.8,7.5,72.4,8.5,5.4,2.0,5.7,6.0,"801,845","514,395","69,100","91,800","25,125","44,510","56,915","600,870","411,550","49,525","55,150","18,495","32,385","33,765","760,250","510,055","67,465","65,050","16,540","44,445","56,695","563,360","407,710","48,095","30,505","11,180","32,320","33,550"
Oklahoma's 2nd,OK-02,63.8,3.3,5.4,0.8,16.7,10.0,68.0,3.4,4.1,0.8,15.4,8.2,64.6,3.3,4.4,0.6,17.0,10.1,69.1,3.4,2.9,0.6,15.7,8.3,"748,850","477,745","24,440","40,290","6,325","125,270","74,780","572,900","389,760","19,495","23,580","4,735","88,475","46,855","738,005","476,615","24,350","32,555","4,520","125,240","74,725","562,660","388,695","19,410","16,180","3,120","88,445","46,810"
Oklahoma's 3rd,OK-03,73.7,3.6,10.1,1.7,5.6,5.3,76.7,3.8,8.4,1.9,5.3,4.1,75.9,3.6,8.2,1.0,5.8,5.4,79.6,3.8,5.9,1.0,5.5,4.2,"778,165","573,435","27,675","78,855","13,400","43,885","40,915","590,265","452,580","22,175","49,495","10,920","31,150","23,945","751,345","570,500","27,180","61,375","7,740","43,870","40,680","565,330","449,770","21,685","33,115","5,905","31,135","23,720"
Oklahoma's 4th,OK-04,70.4,6.7,8.8,2.5,5.0,6.7,73.3,6.6,7.4,2.6,4.7,5.4,71.6,6.7,7.9,1.9,5.1,6.9,74.9,6.7,6.2,1.9,4.8,5.5,"786,720","553,565","52,615","68,950","19,320","39,170","53,100","603,250","442,210","40,080","44,490","15,770","28,295","32,405","768,855","550,495","51,620","60,470","14,330","39,170","52,770","586,605","439,405","39,165","36,445","11,160","28,295","32,135"
Oklahoma's 5th,OK-05,57.1,13.2,16.9,3.3,4.0,5.5,62.0,12.9,13.4,3.5,4.0,4.3,60.6,13.9,12.9,2.4,4.3,5.8,66.8,13.7,8.1,2.5,4.3,4.6,"817,285","466,540","108,280","138,010","26,700","33,015","44,740","608,620","377,070","78,635","81,275","21,280","24,330","26,030","763,840","463,230","105,930","98,805","18,670","33,005","44,200","559,345","373,885","76,455","45,330","13,765","24,320","25,590"
Oregon's 1st,OR-01,70.6,1.7,14.8,8.5,0.4,3.9,73.9,1.8,12.3,8.9,0.4,2.8,75.2,1.7,12.1,6.4,0.4,4.2,79.8,1.7,8.7,6.3,0.5,3.0,"842,950","595,320","14,635","124,390","72,035","3,420","33,150","655,395","484,205","11,480","80,300","58,025","2,925","18,460","776,855","584,455","12,990","93,785","49,595","3,420","32,610","594,980","474,765","10,135","51,660","37,555","2,925","17,940"
Oregon's 2nd,OR-02,79.8,0.6,13.9,1.3,1.8,2.6,83.0,0.6,11.2,1.4,1.7,2.1,82.5,0.6,11.3,1.1,1.8,2.7,86.4,0.6,7.9,1.1,1.8,2.2,"817,795","652,500","5,300","113,450","10,895","14,510","21,140","641,330","532,415","3,950","71,615","8,980","10,775","13,595","786,895","648,875","5,065","89,060","8,385","14,490","21,020","612,015","528,970","3,735","48,485","6,585","10,755","13,485"
Oregon's 3rd,OR-03,70.9,4.9,11.4,7.9,0.7,4.3,74.0,4.6,9.5,8.1,0.7,3.1,74.3,4.9,9.1,6.4,0.7,4.5,78.2,4.6,6.7,6.4,0.7,3.3,"837,550","593,545","41,300","95,215","66,060","5,755","35,675","674,170","499,100","30,790","63,860","54,665","4,595","21,160","781,675","581,110","38,340","71,380","50,135","5,700","35,010","623,370","487,705","28,585","41,770","40,130","4,540","20,640"
Oregon's 4th,OR-04,83.7,0.8,8.0,2.6,0.9,4.0,85.7,0.8,6.5,2.8,0.9,3.3,85.8,0.8,6.9,1.6,0.9,4.0,88.2,0.7,5.2,1.7,1.0,3.3,"803,190","672,185","6,270","64,410","20,850","7,400","32,075","651,845","558,780","4,975","42,695","18,055","6,030","21,310","778,160","667,330","5,840","53,335","12,775","7,380","31,500","628,480","554,150","4,565","32,450","10,470","6,010","20,835"
Oregon's 5th,OR-05,74.7,1.0,16.9,3.2,0.9,3.4,78.7,1.0,13.7,3.2,0.8,2.6,78.5,1.0,13.6,2.6,0.9,3.5,83.6,1.0,9.3,2.5,0.9,2.8,"828,320","619,100","8,165","139,755","26,325","7,055","27,920","639,125","502,965","6,150","87,315","20,720","5,110","16,865","781,620","613,430","7,505","106,175","19,960","7,040","27,510","595,185","497,630","5,665","55,250","15,025","5,095","16,520"
Pennsylvania's 1st,PA-01,82.8,4.0,5.4,6.0,0.1,1.6,84.7,3.7,4.6,5.9,0.1,1.0,85.0,3.9,4.6,4.8,0.1,1.6,87.3,3.6,3.5,4.5,0.1,1.0,"709,815","587,835","28,410","38,390","42,710","1,015","11,455","562,955","476,770","20,915","25,635","33,425",815,"5,395","682,590","580,220","26,500","31,305","32,515",815,"11,235","538,275","469,900","19,195","19,085","24,270",615,"5,210"
Pennsylvania's 2nd,PA-02,38.5,25.9,25.6,7.8,0.2,2.0,42.8,24.7,22.5,8.3,0.2,1.6,39.8,26.8,24.9,6.3,0.2,2.0,45.0,25.8,21.2,6.3,0.2,1.5,"737,500","283,885","190,945","188,840","57,850","1,315","14,665","552,395","236,565","136,435","124,050","45,830",930,"8,585","676,150","269,415","181,495","168,145","42,360","1,315","13,420","499,005","224,490","128,780","105,565","31,600",930,"7,640"
Pennsylvania's 3rd,PA-03,30.5,56.3,4.7,6.0,0.2,2.3,33.7,53.4,4.4,6.4,0.2,1.8,31.0,57.9,4.3,4.2,0.2,2.4,34.5,55.2,3.9,4.3,0.2,1.8,"722,875","220,145","406,715","34,225","43,225","1,690","16,875","589,675","198,710","315,140","25,960","37,710","1,395","10,760","687,535","213,310","397,855","29,545","28,940","1,660","16,225","556,845","192,350","307,215","21,745","24,005","1,360","10,170"
Pennsylvania's 4th,PA-04,76.7,9.4,5.0,6.6,0.1,2.2,78.8,9.2,4.1,6.5,0.1,1.3,79.2,9.5,4.2,4.8,0.1,2.2,81.8,9.4,3.1,4.4,0.1,1.3,"726,965","557,790","68,520","36,635","47,850",440,"15,730","569,460","448,990","52,600","23,465","36,775",395,"7,235","697,420","552,175","66,425","29,600","33,305",420,"15,495","542,745","444,045","50,750","16,815","23,735",375,"7,025"
Pennsylvania's 5th,PA-05,62.4,24.0,4.4,7.0,0.1,2.1,65.6,22.3,3.7,6.9,0.1,1.2,65.1,23.7,3.9,5.1,0.1,2.1,69.0,21.9,3.1,4.7,0.1,1.3,"716,430","447,000","172,155","31,430","50,010","1,065","14,770","557,240","365,745","124,425","20,840","38,590",750,"6,890","677,015","440,895","160,260","26,345","34,240",980,"14,295","521,875","360,050","114,100","16,105","24,425",660,"6,535"
Pennsylvania's 6th,PA-06,72.8,5.7,15.3,4.4,0.1,1.8,76.2,5.8,12.7,4.2,0.1,1.1,76.2,5.8,13.0,3.1,0.1,1.9,80.5,5.9,9.8,2.6,0.1,1.2,"728,610","530,110","41,475","111,545","31,770",665,"13,045","557,425","424,555","32,120","70,885","23,270",485,"6,110","688,125","524,485","39,835","89,320","20,995",610,"12,880","521,260","419,465","30,670","51,070","13,610",435,"6,010"
Pennsylvania's 7th,PA-07,70.0,5.9,18.9,3.2,0.1,1.9,74.1,5.5,16.0,3.1,0.1,1.2,72.1,5.8,17.6,2.4,0.1,1.9,76.7,5.4,14.4,2.3,0.1,1.2,"726,010","508,485","42,805","137,310","22,915",670,"13,825","571,460","423,550","31,390","91,190","17,965",575,"6,790","696,790","502,610","40,570","122,880","16,610",570,"13,550","545,360","418,305","29,365","78,335","12,355",475,"6,525"
Pennsylvania's 8th,PA-08,79.7,5.3,11.5,1.9,0.1,1.5,82.8,5.0,9.3,1.8,0.1,1.0,81.8,5.2,10.0,1.3,0.1,1.6,85.2,4.9,7.6,1.2,0.1,1.0,"694,125","553,425","36,670","79,480","13,195",665,"10,690","556,630","460,795","27,840","51,720","10,270",525,"5,480","671,665","549,620","34,940","67,260","8,650",635,"10,560","536,760","457,115","26,265","41,040","6,480",495,"5,365"
Pennsylvania's 9th,PA-09,88.7,2.5,6.7,1.1,0.1,0.9,90.3,2.5,5.4,1.1,0.1,0.6,89.5,2.4,6.2,0.8,0.1,0.9,91.2,2.4,4.8,0.8,0.1,0.6,"705,270","625,625","17,415","47,140","7,670",750,"6,670","563,885","509,415","13,905","30,305","6,085",710,"3,465","696,580","623,205","16,785","43,360","5,915",725,"6,590","556,075","507,250","13,310","26,965","4,480",685,"3,385"
Pennsylvania's 10th,PA-10,74.8,10.6,8.4,3.7,0.1,2.4,78.3,9.6,6.8,3.7,0.1,1.6,76.8,10.6,7.6,2.5,0.1,2.4,80.6,9.6,5.8,2.2,0.1,1.6,"731,135","547,090","77,280","61,090","27,385",935,"17,355","571,505","447,215","54,995","38,770","20,930",675,"8,920","706,420","542,730","74,875","53,445","17,370",930,"17,070","549,785","443,255","52,815","32,065","12,285",670,"8,695"
Pennsylvania's 11th,PA-11,84.7,3.2,8.6,1.9,0.1,1.5,86.9,3.1,7.2,1.9,0.1,0.9,85.9,3.1,8.1,1.4,0.1,1.5,88.3,2.9,6.5,1.3,0.1,0.9,"732,060","619,930","23,560","62,900","14,085",715,"10,870","561,820","488,035","17,190","40,460","10,700",505,"4,930","718,335","616,720","22,415","57,865","9,995",685,"10,655","549,280","484,895","16,080","35,720","7,265",495,"4,825"
Pennsylvania's 12th,PA-12,92.2,2.2,2.4,1.8,0.2,1.2,92.9,2.1,2.1,1.8,0.2,0.8,93.4,2.1,2.2,0.9,0.1,1.2,94.2,2.1,1.9,0.8,0.2,0.8,"699,355","644,945","15,375","16,860","12,455","1,060","8,660","561,930","521,950","12,055","11,905","10,395",895,"4,730","686,575","641,250","14,705","14,870","6,220","1,000","8,530","550,520","518,680","11,495","10,270","4,595",860,"4,620"
Pennsylvania's 13th,PA-13,91.7,2.7,3.3,0.6,0.1,1.6,93.1,2.6,2.6,0.7,0.1,0.9,92.6,2.6,2.7,0.5,0.1,1.6,94.1,2.6,1.9,0.5,0.1,0.9,"697,485","639,630","18,530","23,055","4,505",695,"11,070","556,930","518,480","14,660","14,420","3,710",535,"5,125","689,305","638,060","17,840","18,355","3,385",680,"10,985","549,555","517,075","14,070","10,190","2,665",520,"5,035"
Pennsylvania's 14th,PA-14,92.8,3.0,1.4,0.9,0.0,1.8,93.9,3.0,1.2,0.8,0.0,1.1,93.2,3.0,1.3,0.7,0.0,1.8,94.3,3.0,1.0,0.6,0.0,1.0,"687,895","638,510","20,740","9,505","6,160",270,"12,710","556,425","522,360","16,770","6,535","4,675",195,"5,890","683,430","636,940","20,355","8,595","4,650",270,"12,620","552,215","520,905","16,395","5,660","3,265",195,"5,795"
Pennsylvania's 15th,PA-15,94.7,1.9,1.5,0.7,0.1,1.0,94.8,2.2,1.4,0.8,0.1,0.8,95.4,1.8,1.3,0.4,0.1,1.0,95.6,2.0,1.2,0.4,0.1,0.7,"680,875","645,105","13,150","10,180","4,855",525,"7,060","552,175","523,650","11,880","7,775","4,225",470,"4,175","675,000","643,750","12,170","8,750","2,880",500,"6,950","546,595","522,340","11,015","6,415","2,315",440,"4,070"
Pennsylvania's 16th,PA-16,89.6,4.5,2.6,1.1,0.1,2.1,91.6,4.1,2.0,1.1,0.1,1.1,90.3,4.4,2.4,0.7,0.1,2.1,92.3,4.0,1.8,0.6,0.1,1.1,"687,940","616,570","30,635","17,555","7,685",950,"14,545","546,185","500,065","22,355","10,875","5,910",750,"6,230","679,300","613,335","29,925","16,015","4,705",945,"14,375","538,955","497,400","21,760","9,525","3,445",745,"6,080"
Pennsylvania's 17th,PA-17,87.3,5.9,1.6,2.9,0.1,2.2,89.2,5.5,1.4,2.6,0.1,1.2,88.6,5.8,1.5,1.8,0.1,2.2,90.7,5.5,1.2,1.4,0.1,1.1,"711,090","621,085","41,785","11,640","20,405",655,"15,520","568,685","507,005","31,425","7,790","15,060",550,"6,855","695,450","616,515","40,610","10,580","12,185",550,"15,010","554,585","502,855","30,310","6,765","7,850",450,"6,355"
Pennsylvania's 18th,PA-18,72.7,17.8,2.5,4.0,0.1,2.9,75.6,16.2,2.2,4.1,0.1,1.8,74.5,18.1,2.2,2.2,0.1,3.0,77.7,16.6,1.9,2.0,0.1,1.8,"696,070","506,020","123,840","17,435","27,615",640,"20,520","572,365","432,845","92,935","12,705","23,200",515,"10,165","671,630","500,220","121,540","14,765","14,445",640,"20,020","550,020","427,510","91,050","10,255","10,980",515,"9,710"
Rhode Island's 1st,RI-01,67.3,8.1,18.1,3.7,0.4,2.4,71.2,7.6,15.4,3.8,0.4,1.6,71.0,7.5,16.0,2.6,0.4,2.4,75.7,6.9,12.7,2.6,0.4,1.7,"533,730","359,395","43,310","96,870","19,545","2,020","12,590","425,875","303,315","32,300","65,500","16,240","1,565","6,955","493,535","350,470","37,155","79,075","12,735","2,020","12,080","389,290","294,800","26,835","49,485","9,970","1,565","6,635"
Rhode Island's 2nd,RI-02,77.9,3.8,12.7,3.4,0.4,1.9,80.9,3.6,10.7,3.2,0.3,1.3,80.6,3.7,10.8,2.6,0.4,1.9,84.0,3.5,8.5,2.3,0.3,1.3,"523,495","407,985","19,935","66,355","17,675","1,845","9,700","424,005","342,820","15,405","45,375","13,690","1,330","5,385","500,965","403,960","18,460","54,315","12,795","1,835","9,600","403,625","339,055","14,070","34,480","9,405","1,320","5,295"
South Carolina's 1st,SC-01,70.5,18.6,6.3,2.0,0.2,2.2,73.3,17.7,5.2,2.1,0.2,1.4,72.0,19.1,4.9,1.5,0.3,2.3,75.2,18.2,3.5,1.5,0.3,1.4,"785,400","553,950","146,270","49,855","15,900","1,930","17,495","615,170","451,175","108,965","32,095","12,745","1,495","8,695","759,645","547,010","145,010","36,915","11,545","1,930","17,235","592,015","444,900","107,910","20,440","8,820","1,495","8,450"
South Carolina's 2nd,SC-02,65.9,23.9,5.7,2.0,0.3,2.2,68.3,23.0,4.9,2.1,0.3,1.4,67.4,24.3,4.3,1.5,0.3,2.2,70.1,23.6,3.1,1.4,0.3,1.5,"714,740","471,060","170,495","41,030","14,625","1,985","15,545","551,275","376,420","127,020","26,755","11,460","1,650","7,970","694,585","468,130","169,100","29,805","10,210","1,985","15,355","533,135","373,740","125,820","16,570","7,560","1,650","7,795"
South Carolina's 3rd,SC-03,73.7,18.2,5.1,1.0,0.2,1.9,75.8,18.0,4.1,1.0,0.2,0.9,75.0,18.6,3.6,0.7,0.2,1.9,77.5,18.4,2.3,0.7,0.2,0.9,"693,350","510,890","125,920","35,575","6,690","1,345","12,930","543,305","412,035","97,755","22,020","5,360","1,055","5,080","677,125","508,045","125,615","24,570","4,710","1,325","12,860","528,840","409,650","97,475","12,210","3,445","1,040","5,020"
South Carolina's 4th,SC-04,68.4,18.4,8.4,2.8,0.2,1.9,70.9,18.0,7.0,2.8,0.2,1.1,70.9,19.2,5.7,2.0,0.2,1.9,74.1,19.0,3.7,1.9,0.2,1.2,"727,300","497,445","133,600","60,845","20,540","1,310","13,560","559,395","396,720","100,775","38,985","15,485","1,180","6,250","692,660","491,375","132,900","39,665","14,000","1,275","13,445","528,430","391,380","100,230","19,575","9,965","1,145","6,135"
South Carolina's 5th,SC-05,65.3,26.4,4.6,1.4,0.4,2.0,67.3,26.0,3.8,1.4,0.4,1.1,66.2,26.9,3.5,1.0,0.4,2.0,68.5,26.5,2.5,0.9,0.4,1.1,"717,410","468,295","189,575","32,645","10,015","2,855","14,025","551,590","371,495","143,220","20,810","7,610","2,250","6,205","702,890","465,065","188,965","24,860","7,210","2,855","13,935","537,980","368,570","142,775","13,255","5,010","2,250","6,120"
South Carolina's 6th,SC-06,35.6,55.9,5.2,1.2,0.3,1.8,38.5,54.2,4.2,1.3,0.3,1.5,36.3,57.3,3.6,0.7,0.3,1.8,39.5,55.7,2.4,0.7,0.3,1.5,"662,640","235,580","370,485","34,340","8,235","1,835","12,165","525,250","202,390","284,685","22,200","6,770","1,550","7,655","643,650","233,590","368,540","23,105","4,690","1,835","11,890","508,215","200,525","283,005","11,990","3,700","1,550","7,445"
South Carolina's 7th,SC-07,64.6,27.9,4.3,1.1,0.5,1.5,67.7,26.3,3.5,1.1,0.5,0.9,65.7,28.4,2.9,0.8,0.5,1.6,69.0,26.9,1.9,0.8,0.5,0.9,"719,975","465,445","200,880","31,170","7,750","3,575","11,155","572,310","387,395","150,770","19,840","6,035","2,955","5,315","702,780","461,980","199,720","20,560","5,855","3,575","11,090","556,735","384,075","149,760","10,355","4,340","2,955","5,250"
South Dakota's At-Large,SD-AL,82.0,2.0,3.8,1.5,8.4,2.3,85.4,1.7,3.0,1.5,6.9,1.5,83.6,1.4,3.2,0.8,8.6,2.3,87.2,1.2,2.3,0.7,7.0,1.5,"870,635","714,100","17,230","33,025","13,005","73,400","19,875","656,525","560,510","11,410","19,775","9,715","45,070","10,045","850,800","711,215","11,975","27,515","7,070","73,365","19,660","639,670","557,940","7,360","14,905","4,585","45,045","9,835"
Tennessee's 1st,TN-01,91.2,2.2,3.8,0.8,0.3,1.6,92.6,2.2,2.9,0.8,0.3,1.1,92.8,2.2,2.6,0.5,0.3,1.6,94.4,2.2,1.5,0.5,0.3,1.1,"716,775","653,875","15,835","27,405","5,970","1,980","11,710","574,330","532,095","12,840","16,620","4,665","1,560","6,550","702,510","651,670","15,225","18,565","3,685","1,980","11,385","561,275","529,990","12,275","8,685","2,540","1,560","6,225"
Tennessee's 2nd,TN-02,85.9,6.1,4.2,1.7,0.2,1.9,87.7,5.8,3.2,1.7,0.2,1.3,87.6,6.1,3.0,1.1,0.2,1.9,89.7,5.8,1.9,1.1,0.2,1.3,"746,435","641,185","45,335","31,215","12,630","1,665","14,405","591,795","519,220","34,035","19,185","10,320","1,425","7,610","727,340","637,255","44,110","21,840","8,355","1,655","14,125","574,740","515,760","33,155","10,730","6,300","1,415","7,380"
Tennessee's 3rd,TN-03,81.8,10.6,4.1,1.4,0.3,1.8,83.6,10.3,3.2,1.4,0.3,1.2,83.2,10.7,3.0,1.0,0.3,1.8,85.2,10.5,1.9,0.9,0.3,1.2,"730,730","598,100","77,430","30,270","10,005","2,050","12,875","577,980","483,355","59,620","18,610","7,875","1,755","6,765","715,170","595,195","76,715","21,580","6,835","2,035","12,810","564,130","480,635","59,040","10,985","5,030","1,740","6,700"
Tennessee's 4th,TN-04,79.7,9.2,6.6,1.8,0.2,2.5,82.0,9.1,5.3,1.8,0.2,1.6,81.8,9.4,4.8,1.3,0.3,2.5,84.5,9.3,3.1,1.2,0.3,1.6,"784,715","625,080","72,285","51,815","14,280","1,920","19,335","601,635","493,300","54,935","31,715","10,760","1,460","9,465","758,885","620,410","71,105","36,385","9,820","1,920","19,245","578,655","489,205","53,870","17,920","6,825","1,460","9,375"
Tennessee's 5th,TN-05,60.0,24.6,9.5,3.4,0.2,2.2,63.9,23.6,7.4,3.4,0.2,1.5,63.3,25.9,6.0,2.1,0.2,2.4,68.0,24.9,3.3,2.0,0.3,1.6,"769,195","461,550","189,445","73,235","26,030","1,655","17,280","605,390","386,555","142,725","44,790","20,480","1,505","9,335","710,465","449,955","184,085","42,970","15,220","1,515","16,720","554,845","377,200","137,920","18,385","11,070","1,390","8,880"
Tennessee's 6th,TN-06,88.1,4.6,4.4,1.0,0.3,1.6,89.8,4.5,3.4,1.0,0.3,1.0,89.6,4.6,3.1,0.7,0.3,1.6,91.7,4.5,1.8,0.7,0.3,1.0,"773,035","680,850","35,640","34,360","7,865","2,090","12,230","598,695","537,610","26,675","20,340","6,160","1,840","6,070","756,420","677,965","35,140","23,630","5,440","2,090","12,155","583,635","535,080","26,180","10,470","4,080","1,840","5,985"
Tennessee's 7th,TN-07,80.1,10.0,5.2,2.1,0.2,2.4,81.7,10.1,4.3,2.1,0.3,1.5,81.3,10.1,4.5,1.4,0.3,2.4,83.1,10.2,3.5,1.4,0.3,1.5,"776,605","622,105","77,290","40,230","16,675","1,925","18,380","584,135","477,085","58,940","25,380","12,385","1,625","8,720","760,860","618,820","76,810","34,040","11,005","1,920","18,265","570,515","474,190","58,475","19,770","7,830","1,620","8,630"
Tennessee's 8th,TN-08,72.5,20.0,3.3,2.2,0.2,1.8,74.7,19.5,2.6,2.0,0.3,1.0,73.6,20.3,2.6,1.4,0.2,1.8,76.0,19.8,1.8,1.1,0.3,1.0,"708,460","513,945","141,420","23,395","15,245","1,700","12,755","544,310","406,415","105,955","14,165","10,795","1,455","5,525","694,785","511,630","140,875","17,830","10,060","1,695","12,695","532,225","404,340","105,470","9,400","6,105","1,450","5,460"
Tennessee's 9th,TN-09,23.3,66.0,7.4,1.8,0.1,1.3,26.8,64.5,5.6,2.0,0.1,1.0,24.1,68.5,4.7,1.2,0.1,1.4,27.9,67.4,2.3,1.3,0.1,1.0,"703,375","164,185","464,255","52,245","12,745",730,"9,215","526,170","141,145","339,150","29,325","10,690",690,"5,170","673,035","162,135","460,910","31,815","8,360",715,"9,100","499,085","139,210","336,295","11,340","6,490",670,"5,080"
Texas' 1st,TX-01,62.1,17.3,17.6,1.2,0.3,1.5,65.9,17.5,14.2,1.2,0.3,0.9,65.1,18.1,13.9,0.9,0.3,1.6,69.9,18.5,9.4,0.9,0.3,1.0,"719,955","446,875","124,845","126,420","8,745","1,940","11,130","544,105","358,410","95,225","77,120","6,585","1,670","5,095","683,915","444,895","124,125","95,365","6,480","1,940","11,110","510,420","356,650","94,505","47,865","4,660","1,670","5,070"
Texas' 2nd,TX-02,46.6,12.1,31.7,7.8,0.2,1.7,50.2,11.4,28.6,8.2,0.2,1.3,51.3,13.5,26.7,6.6,0.2,1.8,56.5,13.0,22.0,6.8,0.2,1.5,"794,850","370,305","96,095","251,795","61,980","1,325","13,350","600,975","301,745","68,545","172,040","49,440","1,095","8,110","700,155","358,910","94,260","186,820","46,175","1,310","12,680","515,340","291,290","66,900","113,460","35,050","1,085","7,555"
Texas' 3rd,TX-03,56.5,9.6,14.8,16.5,0.3,2.2,59.0,9.6,13.3,16.3,0.3,1.5,62.4,10.1,12.5,12.2,0.4,2.4,66.6,10.3,10.1,10.9,0.4,1.6,"867,475","490,145","83,490","128,250","143,465","2,860","19,265","642,825","379,150","61,940","85,635","104,470","2,160","9,470","765,260","477,155","77,585","95,570","93,380","2,845","18,725","552,225","367,800","56,885","56,030","60,350","2,145","9,015"
Texas' 4th,TX-04,71.2,10.4,14.2,1.2,0.6,2.3,74.3,10.4,11.8,1.3,0.6,1.5,74.1,10.8,11.3,0.8,0.6,2.3,78.1,10.9,7.9,0.8,0.7,1.6,"751,165","534,950","78,385","106,935","9,240","4,720","16,935","566,815","421,280","59,150","66,810","7,250","3,655","8,670","718,490","532,435","77,540","81,030","6,010","4,645","16,830","536,660","418,930","58,475","42,555","4,505","3,620","8,575"
Texas' 5th,TX-05,51.9,15.2,28.9,2.1,0.4,1.5,56.8,15.3,24.3,2.1,0.4,1.1,57.6,16.0,22.8,1.5,0.4,1.6,64.7,16.4,15.7,1.4,0.5,1.2,"751,565","390,280","114,465","217,185","15,870","2,635","11,130","555,335","315,690","84,830","135,130","11,475","2,210","6,000","671,660","387,140","107,770","153,040","10,110","2,630","10,970","483,390","312,885","79,505","75,910","6,970","2,205","5,915"
Texas' 6th,TX-06,48.0,20.9,23.5,5.0,0.3,2.4,51.9,20.3,20.7,5.3,0.3,1.6,50.9,21.2,20.8,4.3,0.3,2.5,55.8,20.8,16.9,4.4,0.3,1.7,"785,325","376,925","163,830","184,360","39,560","1,995","18,655","581,805","301,715","118,040","120,220","30,610","1,630","9,590","732,240","372,405","155,345","152,500","31,780","1,995","18,215","533,155","297,580","110,850","90,190","23,625","1,630","9,280"
Texas' 7th,TX-07,41.6,13.7,31.4,11.0,0.2,2.0,44.7,13.5,28.6,11.5,0.2,1.4,47.4,14.8,26.2,9.2,0.3,2.0,53.1,15.0,20.9,9.4,0.3,1.3,"787,825","327,550","108,180","247,650","87,010","1,965","15,470","585,080","261,380","79,270","167,295","67,550","1,325","8,260","640,730","303,860","94,835","168,075","59,195","1,965","12,800","457,110","242,705","68,390","95,570","43,055","1,325","6,065"
Texas' 8th,TX-08,63.5,8.4,23.0,3.1,0.3,1.7,66.6,8.7,20.0,3.1,0.3,1.2,68.0,8.8,18.5,2.4,0.4,1.9,72.5,9.2,14.3,2.3,0.4,1.3,"858,420","544,755","72,460","197,065","26,370","2,950","14,820","641,925","427,575","55,945","128,630","20,070","2,065","7,640","789,105","536,415","69,740","146,245","19,110","2,950","14,645","580,245","420,440","53,545","83,210","13,450","2,065","7,535"
Texas' 9th,TX-09,10.5,37.2,39.2,11.9,0.1,1.0,12.2,37.6,35.8,13.4,0.1,0.9,12.4,43.9,32.4,10.1,0.2,1.1,15.3,46.7,25.3,11.6,0.2,1.0,"782,125","82,045","291,335","306,740","92,865",980,"8,160","577,435","70,440","217,180","206,545","77,300",800,"5,170","617,485","76,325","270,925","200,245","62,345",980,"6,665","429,635","65,615","200,695","108,785","49,635",800,"4,105"
Texas' 10th,TX-10,52.0,11.1,29.0,5.9,0.1,1.9,55.8,10.9,25.7,6.1,0.2,1.4,56.8,11.8,24.4,4.8,0.2,2.0,62.3,11.8,19.5,4.7,0.2,1.5,"875,930","455,530","96,885","253,850","51,910","1,295","16,460","652,105","363,555","70,800","167,775","40,035","1,105","8,835","785,140","446,195","92,600","191,505","37,680","1,295","15,865","571,040","355,510","67,465","111,535","27,005","1,105","8,420"
Texas' 11th,TX-11,54.8,3.8,38.7,1.1,0.3,1.2,59.1,3.8,34.7,1.1,0.4,1.0,58.1,3.7,35.8,0.7,0.3,1.3,63.5,3.8,30.6,0.7,0.4,1.0,"772,210","423,365","29,130","299,060","8,520","2,490","9,645","575,440","340,045","21,725","199,510","6,475","2,095","5,590","726,130","421,730","26,955","260,175","5,310","2,455","9,505","533,310","338,495","20,430","163,180","3,690","2,060","5,455"
Texas' 12th,TX-12,61.5,8.9,23.2,3.8,0.4,2.2,65.5,8.5,20.0,4.0,0.4,1.6,65.0,9.2,20.3,2.8,0.4,2.3,70.2,8.9,16.0,2.8,0.4,1.7,"811,605","498,955","72,370","188,165","30,970","3,125","18,020","609,740","399,395","51,915","121,720","24,450","2,520","9,740","761,805","495,070","70,020","154,405","21,425","3,125","17,760","564,040","395,795","49,970","90,315","15,935","2,520","9,505"
Texas' 13th,TX-13,62.9,5.3,27.2,2.2,0.6,1.8,66.9,5.4,23.7,2.1,0.6,1.4,66.9,5.2,23.9,1.5,0.6,1.9,71.9,5.4,19.2,1.4,0.6,1.5,"710,095","446,790","37,335","193,460","15,895","3,950","12,665","533,820","356,885","28,780","126,315","11,395","3,050","7,395","663,220","443,510","34,735","158,390","10,245","3,950","12,390","492,405","354,135","26,805","94,300","6,965","3,050","7,150"
Texas' 14th,TX-14,50.4,19.3,25.4,3.2,0.2,1.4,53.6,19.3,22.5,3.3,0.3,1.0,53.3,20.5,21.9,2.6,0.3,1.5,57.4,20.7,18.0,2.5,0.3,1.1,"751,600","378,845","144,830","191,000","24,170","1,875","10,880","568,430","304,615","109,470","128,155","18,830","1,460","5,900","702,815","374,590","143,735","153,795","18,185","1,785","10,725","523,835","300,680","108,485","94,215","13,335","1,370","5,750"
Texas' 15th,TX-15,15.0,1.8,81.6,1.1,0.1,0.4,17.3,2.0,78.9,1.3,0.1,0.4,17.7,2.1,78.7,1.0,0.1,0.5,21.7,2.5,74.1,1.1,0.1,0.5,"786,365","118,115","13,830","641,690","8,840",715,"3,175","543,370","94,065","10,885","428,910","6,855",615,"2,040","661,605","116,910","13,580","520,960","6,395",715,"3,045","427,615","92,910","10,630","316,790","4,715",615,"1,955"
Texas' 16th,TX-16,13.3,3.4,80.7,1.4,0.3,1.0,14.7,3.6,79.1,1.6,0.3,0.7,14.7,3.7,79.1,1.2,0.3,1.1,16.9,4.1,76.6,1.3,0.3,0.8,"737,390","97,735","24,870","595,275","10,460","1,885","7,165","537,210","79,045","19,415","424,940","8,435","1,470","3,905","652,760","95,670","24,210","516,345","7,595","1,885","7,055","456,900","77,200","18,770","349,810","5,835","1,470","3,815"
Texas' 17th,TX-17,54.4,12.8,25.9,4.9,0.2,1.8,58.4,12.3,22.5,5.1,0.2,1.4,58.2,13.5,23.0,3.1,0.2,1.9,63.5,13.1,18.5,3.1,0.2,1.5,"771,320","419,485","98,720","199,890","37,820","1,715","13,690","594,880","347,270","73,355","133,950","30,405","1,330","8,570","710,070","413,495","95,805","163,625","22,220","1,700","13,225","538,480","341,870","70,765","99,865","16,480","1,315","8,185"
Texas' 18th,TX-18,16.2,35.0,43.5,4.0,0.1,1.1,19.2,36.0,39.0,4.6,0.1,1.0,18.5,40.8,35.7,3.6,0.1,1.2,22.8,43.9,27.8,4.2,0.2,1.2,"778,620","126,335","272,820","338,745","31,350",925,"8,445","574,200","110,220","206,915","224,155","26,515",720,"5,675","659,905","121,865","269,485","235,700","23,765",925,"8,165","464,300","105,955","203,885","128,895","19,380",720,"5,465"
Texas' 19th,TX-19,53.5,5.9,37.2,1.5,0.4,1.5,57.3,6.0,33.5,1.7,0.4,1.2,55.8,5.9,35.3,1.0,0.4,1.6,60.6,6.0,30.8,1.0,0.4,1.2,"727,770","389,235","42,935","270,680","11,140","2,625","11,155","547,035","313,525","32,650","183,355","9,205","2,005","6,295","687,990","384,070","40,715","242,695","6,935","2,625","10,950","510,555","309,155","30,825","157,225","5,190","2,005","6,155"
Texas' 20th,TX-20,21.3,5.0,69.1,3.0,0.2,1.5,23.5,5.1,66.7,3.2,0.2,1.3,22.6,5.3,68.4,2.1,0.2,1.5,25.5,5.5,65.2,2.2,0.2,1.3,"809,095","172,305","40,150","558,855","23,975","1,380","12,430","601,800","141,300","30,805","401,245","19,545","1,190","7,715","734,020","165,760","38,645","501,770","15,345","1,375","11,125","533,380","136,265","29,435","347,815","11,950","1,180","6,735"
Texas' 21st,TX-21,60.8,3.5,29.7,3.8,0.2,2.0,63.7,3.4,27.1,4.0,0.2,1.6,63.5,3.6,28.1,2.5,0.2,2.1,67.1,3.5,25.0,2.5,0.2,1.7,"810,710","492,945","28,245","241,030","30,620","1,380","16,490","649,915","414,225","22,150","175,980","26,055","1,090","10,415","764,585","485,715","27,515","214,755","19,085","1,375","16,140","607,575","407,650","21,500","151,790","15,455","1,085","10,095"
Texas' 22nd,TX-22,39.5,13.7,25.9,18.7,0.3,1.9,41.5,13.7,24.3,19.1,0.3,1.2,43.0,14.7,24.0,15.9,0.3,2.1,46.3,15.0,21.4,15.7,0.3,1.3,"911,445","360,320","124,685","236,310","170,630","2,510","16,990","658,905","273,385","90,085","159,890","125,865","1,920","7,760","805,200","346,210","118,500","193,450","127,940","2,510","16,590","566,730","262,590","84,845","121,275","88,705","1,920","7,395"
Texas' 23rd,TX-23,24.2,3.4,69.4,1.6,0.3,1.0,26.6,3.7,66.9,1.7,0.4,0.8,26.6,3.7,67.0,1.3,0.4,1.1,30.1,4.1,63.2,1.4,0.4,0.9,"769,170","186,415","26,120","533,975","12,225","2,670","7,765","555,170","147,775","20,275","371,135","9,395","1,950","4,640","694,335","184,600","25,460","464,930","9,115","2,660","7,570","485,215","146,050","19,680","306,465","6,635","1,935","4,450"
Texas' 24th,TX-24,46.1,12.0,24.5,14.7,0.3,2.3,49.8,11.9,21.6,14.6,0.3,1.8,53.3,12.7,20.4,10.6,0.4,2.6,59.4,12.8,15.7,9.7,0.4,2.0,"802,355","369,820","96,600","196,595","118,075","2,560","18,705","615,585","306,275","73,520","133,095","89,595","2,095","11,005","678,565","361,950","86,200","138,210","71,760","2,560","17,885","504,495","299,595","64,535","79,195","48,740","2,095","10,335"
Texas' 25th,TX-25,67.7,7.0,18.9,3.5,0.3,2.6,70.4,7.1,16.8,3.6,0.3,1.8,69.8,7.2,17.4,2.7,0.3,2.6,73.2,7.3,14.7,2.6,0.3,1.9,"783,085","530,140","54,910","148,325","27,345","2,235","20,130","595,480","419,060","42,120","100,180","21,565","1,655","10,900","750,720","524,295","53,885","130,390","20,060","2,235","19,855","565,285","413,640","41,130","83,365","14,805","1,655","10,690"
Texas' 26th,TX-26,63.4,8.1,18.4,7.1,0.4,2.5,66.2,8.2,16.4,7.2,0.4,1.7,67.1,8.3,16.3,5.2,0.4,2.7,71.3,8.4,13.3,4.8,0.4,1.8,"874,510","554,365","71,235","161,130","62,070","3,455","22,255","642,640","425,435","52,855","105,230","45,985","2,435","10,700","813,515","546,210","67,535","132,325","42,065","3,435","21,945","587,085","418,525","49,570","77,930","28,215","2,415","10,430"
Texas' 27th,TX-27,39.0,4.9,53.2,1.7,0.2,0.9,42.7,5.0,49.6,1.8,0.2,0.8,41.1,5.1,51.4,1.2,0.2,0.9,45.6,5.3,46.9,1.3,0.2,0.8,"740,125","289,015","35,990","394,080","12,675","1,525","6,840","554,260","236,740","27,465","274,760","9,965","1,115","4,215","696,775","286,595","35,690","357,935","8,415","1,525","6,615","514,455","234,630","27,180","241,025","6,515","1,115","3,990"
Texas' 28th,TX-28,15.9,3.9,78.0,1.1,0.1,1.0,18.6,4.3,75.0,1.2,0.1,0.8,18.3,4.5,75.0,1.0,0.1,1.1,22.6,5.3,69.9,1.1,0.1,0.9,"750,085","119,270","29,440","585,415","8,235",590,"7,135","518,065","96,260","22,530","388,340","6,340",535,"4,060","643,790","117,900","29,050","483,030","6,210",580,"7,020","419,565","94,955","22,180","293,410","4,535",525,"3,960"
Texas' 29th,TX-29,8.9,10.6,78.1,1.8,0.1,0.5,11.2,11.0,75.1,2.1,0.1,0.5,11.4,13.6,72.5,1.7,0.1,0.7,16.0,15.7,65.4,2.1,0.2,0.7,"745,825","66,360","79,125","582,520","13,200",615,"4,005","517,330","57,735","56,945","388,575","10,885",540,"2,650","573,250","65,635","78,030","415,565","9,465",615,"3,940","357,300","57,060","55,990","233,685","7,440",540,"2,585"
Texas' 30th,TX-30,15.1,42.2,39.4,1.8,0.1,1.3,18.6,43.7,34.3,2.1,0.2,1.1,17.0,47.9,31.8,1.7,0.2,1.4,21.8,51.8,23.0,2.0,0.2,1.3,"782,120","118,360","330,070","308,310","14,350","1,145","9,885","564,565","104,990","246,680","193,845","12,045",990,"6,015","680,940","115,930","326,465","216,265","11,365","1,130","9,785","470,910","102,605","243,870","108,305","9,230",975,"5,925"
Texas' 31st,TX-31,55.5,10.9,24.6,5.6,0.2,3.1,58.7,10.9,22.3,5.6,0.2,2.3,58.1,11.3,23.0,4.0,0.2,3.3,62.2,11.4,20.0,3.8,0.2,2.4,"856,510","475,585","93,700","210,975","47,770","1,655","26,825","631,135","370,265","68,700","140,880","35,640","1,355","14,295","806,505","468,665","91,405","185,635","32,615","1,640","26,545","585,770","364,270","66,700","117,345","22,105","1,340","14,010"
Texas' 32nd,TX-32,48.3,13.5,26.6,8.9,0.3,2.4,53.0,12.9,22.8,9.2,0.3,1.8,54.4,14.0,21.3,7.4,0.3,2.6,61.2,13.5,15.5,7.5,0.3,1.9,"774,060","374,165","104,860","205,670","68,740","2,055","18,570","591,410","313,470","76,290","134,805","54,670","1,675","10,500","673,330","366,410","94,495","143,420","49,590","1,990","17,425","500,100","306,310","67,710","77,460","37,450","1,610","9,560"
Texas' 33rd,TX-33,13.8,15.5,67.4,2.3,0.2,0.9,15.9,16.6,64.1,2.5,0.2,0.6,18.2,20.0,58.4,2.1,0.2,1.1,23.5,24.2,48.6,2.4,0.3,1.0,"739,375","102,335","114,590","498,175","16,725","1,205","6,345","510,815","81,105","84,940","327,440","12,990","1,025","3,315","549,015","99,725","109,865","320,760","11,285","1,205","6,175","336,090","79,115","81,350","163,200","8,170","1,025","3,230"
Texas' 34th,TX-34,13.3,1.1,84.6,0.6,0.1,0.3,15.8,1.3,81.8,0.7,0.2,0.3,15.0,1.2,82.9,0.4,0.1,0.3,18.6,1.5,78.9,0.5,0.2,0.3,"721,495","95,945","8,090","610,090","4,505",865,"2,000","508,425","80,330","6,685","415,765","3,575",780,"1,290","630,305","94,430","7,825","522,580","2,820",750,"1,900","422,875","78,840","6,430","333,715","1,985",665,"1,240"
Texas' 35th,TX-35,26.0,8.6,61.9,1.8,0.2,1.5,29.7,9.0,57.8,2.1,0.2,1.2,28.7,9.3,58.8,1.4,0.2,1.6,33.8,10.1,52.9,1.6,0.2,1.3,"825,790","214,340","70,900","511,430","15,165","1,250","12,705","617,000","183,125","55,590","356,625","13,010","1,110","7,540","733,915","210,640","68,270","431,370","10,360","1,245","12,030","531,085","179,655","53,700","281,015","8,485","1,105","7,125"
Texas' 36th,TX-36,60.4,9.1,26.3,2.1,0.3,1.6,63.8,9.2,23.2,2.2,0.3,1.2,64.3,9.6,22.4,1.6,0.4,1.7,68.8,9.8,18.0,1.7,0.4,1.2,"743,450","449,415","67,915","195,810","15,620","2,585","12,105","557,410","355,725","51,395","129,370","12,440","1,880","6,600","694,685","446,430","66,840","155,720","11,300","2,495","11,900","512,795","352,985","50,365","92,465","8,785","1,795","6,400"
Utah's 1st,UT-01,81.3,1.0,13.0,1.7,0.9,2.2,82.9,1.1,11.5,2.1,0.9,1.6,83.5,1.0,11.1,1.4,0.9,2.2,85.9,1.0,8.9,1.7,0.9,1.6,"762,720","619,735","7,930","98,935","13,050","6,500","16,570","528,170","437,760","5,715","60,920","10,945","4,525","8,305","738,525","616,315","7,155","81,935","10,240","6,475","16,405","505,900","434,745","5,060","44,970","8,405","4,500","8,220"
Utah's 2nd,UT-02,76.2,1.3,15.6,3.9,1.0,2.1,78.6,1.2,13.7,4.2,0.9,1.4,80.4,1.1,12.4,3.0,1.0,2.1,84.2,1.0,9.3,3.0,1.0,1.5,"766,445","584,015","9,760","119,470","29,955","7,495","15,750","556,775","437,605","6,590","76,070","23,435","5,045","8,030","720,175","578,920","7,885","89,215","21,360","7,425","15,370","513,870","432,750","5,220","47,755","15,485","4,975","7,685"
Utah's 3rd,UT-03,82.5,0.6,10.6,2.6,1.3,2.3,84.1,0.5,9.4,2.9,1.4,1.7,85.4,0.5,8.4,1.9,1.4,2.3,88.1,0.5,6.2,2.0,1.4,1.8,"761,760","628,795","4,375","80,990","20,155","9,980","17,465","533,225","448,600","2,780","49,975","15,370","7,315","9,185","728,715","622,650","3,980","61,065","14,070","9,945","17,005","503,000","443,135","2,420","31,385","9,965","7,280","8,815"
Utah's 4th,UT-04,74.3,1.6,16.8,4.5,0.6,2.3,76.2,1.4,15.3,4.9,0.7,1.6,78.9,1.4,13.3,3.3,0.6,2.4,82.5,1.2,10.3,3.5,0.7,1.7,"805,930","598,865","12,645","135,440","35,865","4,750","18,365","555,100","422,870","7,730","84,900","27,090","3,670","8,840","751,310","592,950","10,440","100,045","25,100","4,710","18,065","506,269","417,925","6,020","52,145","17,915","3,635","8,629"
Vermont's At-Large,VT-AL,92.9,1.3,1.9,1.7,0.3,1.8,93.7,1.1,1.7,1.8,0.3,1.4,93.9,1.1,1.8,1.1,0.3,1.8,94.8,0.9,1.6,1.1,0.3,1.3,"624,310","579,985","8,125","12,040","10,830","1,805","11,525","507,655","475,565","5,640","8,865","8,965","1,580","7,040","610,985","573,960","6,460","10,890","6,890","1,785","11,000","495,820","469,925","4,490","7,755","5,510","1,555","6,585"
Virginia's 1st,VA-01,66.9,16.1,10.0,3.3,0.3,3.4,69.1,16.4,8.7,3.4,0.3,2.1,69.0,16.5,8.0,2.7,0.3,3.5,71.9,16.8,6.1,2.7,0.3,2.1,"793,630","530,740","128,005","79,590","26,055","2,260","26,980","605,530","418,600","99,030","52,750","20,445","1,945","12,760","761,795","525,865","125,980","60,890","20,440","2,170","26,450","576,625","414,385","97,160","35,430","15,430","1,855","12,365"
Virginia's 2nd,VA-02,62.6,19.3,8.1,5.7,0.2,4.1,64.9,18.9,7.3,6.0,0.2,2.7,64.0,19.7,7.2,4.6,0.3,4.2,66.7,19.4,6.1,4.8,0.2,2.8,"738,525","461,950","142,700","60,040","41,740","1,810","30,285","579,680","376,055","109,720","42,315","34,660","1,290","15,640","711,790","455,420","140,455","51,300","32,880","1,810","29,925","555,545","370,295","107,970","34,065","26,610","1,290","15,315"
Virginia's 3rd,VA-03,41.5,45.6,6.4,2.7,0.3,3.5,44.4,44.4,5.5,2.9,0.3,2.5,42.1,46.5,5.5,2.1,0.3,3.6,45.2,45.4,4.4,2.2,0.3,2.5,"739,945","306,895","337,435","47,610","20,020","2,010","25,975","574,175","254,840","255,085","31,840","16,570","1,765","14,075","720,900","303,240","334,875","39,755","15,240","1,955","25,835","557,150","251,565","252,805","24,685","12,395","1,750","13,950"
Virginia's 4th,VA-04,48.7,40.8,5.7,1.8,0.2,2.8,50.7,40.1,4.8,2.0,0.3,2.0,49.5,41.7,4.2,1.5,0.3,2.9,51.7,41.2,3.1,1.7,0.3,2.1,"770,325","375,000","314,020","43,785","13,970","1,900","21,650","607,575","308,080","243,745","29,360","12,365","1,615","12,410","749,115","371,100","312,295","31,185","11,210","1,900","21,425","588,635","304,420","242,235","18,350","9,805","1,615","12,210"
Virginia's 5th,VA-05,72.6,19.2,3.9,1.9,0.2,2.3,74.1,19.1,3.1,1.9,0.2,1.6,73.9,19.6,2.8,1.2,0.2,2.3,75.7,19.5,1.8,1.2,0.2,1.6,"735,065","533,310","141,420","28,305","13,795","1,400","16,835","589,850","437,100","112,660","18,310","11,480","1,080","9,220","716,185","529,250","140,410","19,810","8,795","1,400","16,520","572,775","433,345","111,910","10,585","6,905","1,080","8,950"
Virginia's 6th,VA-06,79.2,11.0,5.6,1.9,0.2,2.1,81.3,10.6,4.6,1.9,0.2,1.3,81.3,11.0,4.2,1.2,0.2,2.1,83.7,10.6,3.0,1.2,0.2,1.3,"753,340","596,490","83,035","41,960","14,145","1,640","16,070","600,930","488,565","63,805","27,755","11,575","1,450","7,780","728,545","592,420","79,845","30,400","8,835","1,635","15,410","579,415","485,020","61,270","17,330","7,030","1,445","7,320"
Virginia's 7th,VA-07,66.6,17.7,7.5,5.2,0.2,2.8,68.6,18.0,6.2,5.2,0.2,1.7,69.3,18.4,5.5,3.7,0.2,2.8,71.9,18.8,3.9,3.4,0.2,1.8,"785,195","522,635","138,900","58,700","41,210","1,675","22,075","602,585","413,395","108,490","37,385","31,450","1,330","10,535","745,790","516,645","137,190","41,335","27,805","1,675","21,140","567,890","408,060","106,955","22,105","19,455","1,330","9,985"
Virginia's 8th,VA-08,51.8,14.1,18.9,11.5,0.1,3.5,53.9,14.0,17.2,12.2,0.1,2.7,58.4,14.1,14.2,9.6,0.2,3.7,62.0,14.0,11.0,9.9,0.2,2.8,"798,225","413,570","112,445","151,165","92,065","1,030","27,950","629,780","339,205","88,110","108,030","76,635",830,"16,970","680,165","397,180","95,615","96,440","65,070","1,030","24,830","523,885","325,035","73,555","57,810","52,090",830,"14,565"
Virginia's 9th,VA-09,89.4,5.2,2.4,1.5,0.2,1.3,90.1,5.3,2.0,1.6,0.2,0.9,90.5,5.2,1.9,1.0,0.2,1.3,91.3,5.3,1.4,0.9,0.2,0.8,"707,800","633,080","36,735","16,755","10,670","1,250","9,310","577,580","520,435","30,505","11,415","9,010","1,175","5,040","697,240","630,770","36,245","13,165","6,785","1,250","9,025","567,700","518,330","30,125","8,085","5,195","1,175","4,790"
Virginia's 10th,VA-10,60.6,6.9,13.6,15.2,0.2,3.4,63.1,7.1,12.2,15.2,0.2,2.2,65.3,7.2,10.5,13.2,0.2,3.7,69.3,7.4,8.0,12.7,0.2,2.4,"838,540","508,175","58,075","114,190","127,550","1,745","28,805","616,505","388,895","43,515","75,085","93,910","1,255","13,845","763,265","498,320","54,660","79,950","100,520","1,720","28,095","548,460","380,180","40,430","43,895","69,525","1,225","13,205"
Virginia's 11th,VA-11,45.5,13.0,18.9,18.3,0.2,4.0,48.2,12.7,16.8,19.1,0.2,3.0,51.1,13.8,15.0,15.5,0.2,4.2,55.6,13.5,11.7,15.8,0.3,3.1,"793,875","361,440","103,530","149,895","145,500","1,625","31,885","604,540","291,365","76,550","101,715","115,525","1,360","18,025","678,545","347,040","93,755","102,090","105,315","1,625","28,720","502,155","279,250","67,900","58,750","79,310","1,360","15,585"
Washington's 1st,WA-01,72.6,1.3,9.1,12.1,1.0,4.0,75.5,1.3,7.5,12.0,1.0,2.7,77.5,1.2,7.8,8.1,1.1,4.3,81.7,1.2,5.7,7.4,1.1,2.9,"754,010","547,650","9,525","68,325","90,895","7,695","29,920","578,005","436,260","7,375","43,360","69,540","5,720","15,750","682,250","528,985","8,300","52,920","55,240","7,615","29,190","513,800","419,810","6,240","29,170","37,780","5,650","15,150"
Washington's 2nd,WA-02,70.9,3.1,11.0,9.4,1.0,4.6,74.2,3.0,8.8,9.7,0.9,3.4,74.6,2.8,9.2,7.5,1.1,4.9,78.7,2.7,6.4,7.5,1.0,3.6,"741,825","525,825","22,815","81,700","69,895","7,385","34,205","589,860","437,490","17,600","51,655","57,310","5,480","20,325","690,530","515,145","19,300","63,250","51,995","7,315","33,525","543,315","427,765","14,570","34,910","40,920","5,415","19,735"
Washington's 3rd,WA-03,80.4,1.3,9.6,3.9,0.7,4.1,83.3,1.3,7.4,4.1,0.7,3.1,82.7,1.3,7.8,3.2,0.8,4.2,86.4,1.3,5.1,3.2,0.7,3.3,"730,725","587,180","9,525","70,200","28,665","5,310","29,845","560,650","467,210","7,550","41,750","22,790","3,820","17,530","701,145","580,090","9,075","54,610","22,490","5,290","29,590","533,530","461,035","7,115","27,070","17,140","3,800","17,370"
Washington's 4th,WA-04,53.7,1.1,39.2,1.6,2.1,2.3,60.1,1.1,32.9,1.8,2.1,1.8,60.1,1.2,32.4,1.3,2.3,2.6,70.1,1.2,22.6,1.5,2.5,2.1,"725,465","389,435","8,170","284,210","11,760","15,020","16,870","515,770","310,210","5,835","169,825","9,480","11,050","9,370","641,060","385,555","7,700","207,950","8,350","15,000","16,505","437,860","306,890","5,395","98,950","6,485","11,025","9,115"
Washington's 5th,WA-05,83.7,1.5,6.7,2.9,1.4,3.9,85.6,1.5,5.7,3.0,1.3,2.9,85.2,1.4,6.0,2.0,1.4,3.9,87.5,1.4,4.8,2.0,1.4,2.9,"714,665","597,990","10,655","47,690","20,635","9,810","27,885","562,035","481,155","8,415","31,865","16,740","7,500","16,360","693,535","591,160","9,750","41,630","13,835","9,770","27,390","542,770","474,935","7,625","26,020","10,845","7,460","15,885"
Washington's 6th,WA-06,76.7,3.5,7.7,4.6,1.7,5.8,79.4,3.6,6.2,4.8,1.6,4.3,78.1,3.4,6.9,3.9,1.8,5.9,81.1,3.5,5.3,4.0,1.7,4.4,"709,225","543,825","24,590","54,485","32,705","12,380","41,240","570,460","453,090","20,410","35,590","27,625","9,235","24,510","690,415","539,120","23,730","47,410","26,790","12,345","41,020","552,920","448,555","19,595","29,095","22,185","9,205","24,285"
Washington's 7th,WA-07,68.8,4.4,7.9,13.0,0.4,5.5,70.6,4.0,6.9,13.9,0.4,4.1,73.6,4.2,6.6,9.4,0.5,5.8,76.2,3.7,5.4,9.8,0.5,4.4,"782,670","538,675","34,520","61,665","101,490","3,380","42,940","659,385","465,745","26,405","45,505","91,750","2,935","27,045","708,855","521,415","29,570","46,770","66,350","3,365","41,385","590,050","449,640","21,995","31,830","57,725","2,920","25,940"
Washington's 8th,WA-08,69.9,2.8,11.7,10.0,0.9,4.7,73.6,2.7,9.4,10.3,0.9,3.1,73.9,2.7,9.8,7.6,1.0,5.0,78.8,2.7,6.7,7.4,1.0,3.3,"751,140","524,675","20,815","88,240","74,945","6,900","35,565","565,535","416,385","15,090","53,065","58,070","5,190","17,735","695,670","513,910","19,100","68,080","52,760","6,875","34,945","516,350","407,140","14,015","34,790","38,050","5,165","17,190"
Washington's 9th,WA-09,45.2,11.5,12.4,24.8,0.5,5.6,48.9,10.6,10.4,25.5,0.5,4.0,50.8,11.7,9.7,20.9,0.6,6.4,56.3,10.9,6.6,20.9,0.6,4.7,"746,435","337,430","85,520","92,665","185,240","3,660","41,920","586,520","286,745","62,265","60,870","149,785","3,130","23,725","632,845","321,275","74,205","61,150","131,990","3,630","40,595","485,560","273,185","52,735","32,095","101,700","3,115","22,730"
Washington's 10th,WA-10,66.0,6.1,11.8,8.4,1.1,6.6,69.7,6.2,9.6,8.8,1.1,4.5,68.3,6.2,10.3,7.3,1.2,6.8,72.8,6.3,7.6,7.5,1.1,4.7,"747,930","493,265","45,830","88,400","62,640","8,370","49,425","572,340","398,885","35,745","55,215","50,450","6,300","25,745","714,625","488,440","43,995","73,300","51,910","8,260","48,720","541,740","394,345","34,060","41,035","40,810","6,220","25,270"
West Virginia's 1st,WV-01,93.3,2.5,1.5,1.0,0.2,1.5,93.9,2.5,1.3,1.1,0.2,1.0,93.8,2.5,1.3,0.7,0.2,1.5,94.6,2.5,1.1,0.6,0.2,1.0,"611,110","569,890","15,425","8,905","6,400","1,215","9,275","493,380","463,260","12,515","6,190","5,355",945,"5,115","604,735","567,480","14,945","7,835","4,135","1,215","9,125","487,375","461,105","12,080","5,130","3,150",945,"4,965"
West Virginia's 2nd,WV-02,90.2,4.7,2.1,0.9,0.2,1.9,91.4,4.6,1.7,0.9,0.2,1.1,90.8,4.5,1.9,0.6,0.2,1.9,92.1,4.5,1.5,0.6,0.2,1.0,"622,065","561,390","28,975","13,080","5,480","1,385","11,755","490,110","448,185","22,590","8,460","4,465","1,190","5,220","616,635","560,010","28,030","11,620","3,985","1,385","11,605","485,090","446,825","21,790","7,115","3,095","1,190","5,075"
West Virginia's 3rd,WV-03,93.0,3.8,1.1,0.5,0.2,1.4,93.6,3.8,1.0,0.6,0.2,0.8,93.3,3.8,1.0,0.4,0.2,1.4,94.0,3.8,0.9,0.4,0.2,0.8,"584,130","543,245","22,090","6,380","3,095","1,050","8,270","464,380","434,770","17,575","4,585","2,630",995,"3,825","581,300","542,310","21,860","5,815","2,205",945,"8,165","461,795","433,965","17,425","4,035","1,760",890,"3,720"
Wisconsin's 1st,WI-01,80.5,5.5,9.9,2.0,0.3,1.7,83.6,5.0,8.0,2.0,0.3,1.0,82.2,5.6,8.6,1.6,0.3,1.7,85.8,5.1,6.3,1.4,0.3,1.0,"718,230","578,465","39,700","71,005","14,665","2,295","12,100","554,715","463,865","27,970","44,410","11,115","1,820","5,535","699,695","575,135","39,195","60,150","10,900","2,295","12,020","537,170","460,700","27,505","34,060","7,620","1,820","5,465"
Wisconsin's 2nd,WI-02,81.8,4.4,6.5,4.5,0.4,2.4,84.6,4.0,5.1,4.6,0.4,1.4,84.9,4.4,5.1,2.8,0.4,2.4,88.3,3.9,3.3,2.6,0.4,1.4,"762,160","623,695","33,795","49,635","34,180","2,745","18,110","599,360","507,245","24,025","30,385","27,420","2,140","8,145","728,745","618,380","32,080","37,325","20,670","2,725","17,565","568,580","502,340","22,360","19,030","15,035","2,120","7,695"
Wisconsin's 3rd,WI-03,91.7,1.2,2.7,2.4,0.5,1.4,93.3,1.2,2.0,2.1,0.5,0.9,92.7,1.2,2.2,1.9,0.5,1.4,94.4,1.1,1.5,1.6,0.5,0.9,"721,305","661,575","8,905","19,550","17,240","3,755","10,280","569,945","531,610","6,740","11,610","12,005","2,885","5,095","711,540","659,310","8,505","16,005","13,745","3,745","10,230","561,245","529,540","6,395","8,470","8,890","2,875","5,075"
Wisconsin's 4th,WI-04,42.0,33.4,17.3,4.2,0.5,2.7,48.5,30.7,14.6,4.0,0.5,1.8,44.0,35.2,14.6,3.0,0.5,2.8,51.4,32.7,10.9,2.7,0.5,1.8,"710,310","298,640","237,175","122,570","29,700","3,220","19,005","531,565","257,910","163,135","77,560","21,045","2,610","9,305","666,355","293,320","234,445","96,985","19,785","3,215","18,605","492,405","253,025","161,120","53,645","13,060","2,600","8,955"
Wisconsin's 5th,WI-05,86.8,2.4,5.9,3.0,0.2,1.7,89.0,2.2,4.7,2.8,0.2,1.0,88.4,2.4,5.2,2.0,0.3,1.7,90.9,2.2,3.9,1.8,0.2,1.0,"725,070","629,555","17,370","42,895","21,420","1,795","12,035","571,435","508,600","12,830","26,900","15,930","1,355","5,820","708,460","626,475","17,000","36,980","14,380","1,785","11,840","556,515","505,860","12,485","21,435","9,740","1,345","5,650"
Wisconsin's 6th,WI-06,89.0,1.8,4.6,2.6,0.4,1.6,91.2,1.7,3.5,2.3,0.5,0.9,90.3,1.8,3.9,2.1,0.4,1.6,92.7,1.7,2.6,1.7,0.5,0.9,"713,550","635,410","12,620","32,995","18,295","3,100","11,130","562,285","512,580","9,490","19,820","12,770","2,535","5,090","700,580","632,370","12,280","27,235","14,585","3,100","11,010","550,265","509,940","9,200","14,255","9,360","2,535","4,975"
Wisconsin's 7th,WI-07,91.6,0.7,2.4,1.7,1.9,1.7,93.3,0.7,1.8,1.5,1.8,1.1,92.3,0.7,2.0,1.5,1.9,1.7,94.1,0.6,1.3,1.2,1.8,1.1,"709,125","649,545","5,255","16,975","12,035","13,400","11,915","555,690","518,185","3,645","9,805","8,340","9,740","5,975","701,940","647,890","4,790","13,870","10,200","13,360","11,830","549,250","516,705","3,345","6,985","6,595","9,720","5,900"
Wisconsin's 8th,WI-08,86.8,1.4,5.3,2.3,2.3,1.8,89.5,1.3,4.0,2.1,2.1,1.1,88.3,1.4,4.3,1.8,2.3,1.8,91.4,1.2,2.7,1.5,2.2,1.1,"730,985","634,595","10,480","38,765","17,115","16,740","13,290","564,815","505,440","7,110","22,440","11,775","11,940","6,110","715,790","632,370","9,865","30,440","13,155","16,720","13,240","550,990","503,375","6,595","14,835","8,205","11,920","6,060"
Wyoming's At-Large,WY-AL,84.1,0.9,9.9,0.9,2.2,2.0,86.2,0.9,8.5,1.0,1.9,1.5,85.5,0.8,8.8,0.6,2.2,2.0,87.9,0.8,7.1,0.7,2.0,1.5,"581,025","488,790","5,215","57,340","5,400","12,555","11,725","444,650","383,215","3,940","37,700","4,450","8,610","6,735","568,955","486,565","4,610","49,970","3,665","12,555","11,590","433,355","381,100","3,515","30,710","2,820","8,610","6,600"