"GEO_ID","NAME","S1501_C01_001E","S1501_C01_001M","S1501_C02_001E","S1501_C02_001M","S1501_C03_001E","S1501_C03_001M","S1501_C01_002E","S1501_C01_002M","S1501_C02_002E","S1501_C02_002M","S1501_C03_002E","S1501_C03_002M","S1501_C01_003E","S1501_C01_003M","S1501_C02_003E","S1501_C02_003M","S1501_C03_003E","S1501_C03_003M","S1501_C01_004E","S1501_C01_004M","S1501_C02_004E","S1501_C02_004M","S1501_C03_004E","S1501_C03_004M","S1501_C01_005E","S1501_C01_005M","S1501_C02_005E","S1501_C02_005M","S1501_C03_005E","S1501_C03_005M","S1501_C01_006E","S1501_C01_006M","S1501_C02_006E","S1501_C02_006M","S1501_C03_006E","S1501_C03_006M","S1501_C01_007E","S1501_C01_007M","S1501_C02_007E","S1501_C02_007M","S1501_C03_007E","S1501_C03_007M","S1501_C01_008E","S1501_C01_008M","S1501_C02_008E","S1501_C02_008M","S1501_C03_008E","S1501_C03_008M","S1501_C01_009E","S1501_C01_009M","S1501_C02_009E","S1501_C02_009M","S1501_C03_009E","S1501_C03_009M","S1501_C01_010E","S1501_C01_010M","S1501_C02_010E","S1501_C02_010M","S1501_C03_010E","S1501_C03_010M","S1501_C01_011E","S1501_C01_011M","S1501_C02_011E","S1501_C02_011M","S1501_C03_011E","S1501_C03_011M","S1501_C01_012E","S1501_C01_012M","S1501_C02_012E","S1501_C02_012M","S1501_C03_012E","S1501_C03_012M","S1501_C01_013E","S1501_C01_013M","S1501_C02_013E","S1501_C02_013M","S1501_C03_013E","S1501_C03_013M","S1501_C01_014E","S1501_C01_014M","S1501_C02_014E","S1501_C02_014M","S1501_C03_014E","S1501_C03_014M","S1501_C01_015E","S1501_C01_015M","S1501_C02_015E","S1501_C02_015M","S1501_C03_015E","S1501_C03_015M","S1501_C01_016E","S1501_C01_016M","S1501_C02_016E","S1501_C02_016M","S1501_C03_016E","S1501_C03_016M","S1501_C01_017E","S1501_C01_017M","S1501_C02_017E","S1501_C02_017M","S1501_C03_017E","S1501_C03_017M","S1501_C01_018E","S1501_C01_018M","S1501_C02_018E","S1501_C02_018M","S1501_C03_018E","S1501_C03_018M","S1501_C01_019E","S1501_C01_019M","S1501_C02_019E","S1501_C02_019M","S1501_C03_019E","S1501_C03_019M","S1501_C01_020E","S1501_C01_020M","S1501_C02_020E","S1501_C02_020M","S1501_C03_020E","S1501_C03_020M","S1501_C01_021E","S1501_C01_021M","S1501_C02_021E","S1501_C02_021M","S1501_C03_021E","S1501_C03_021M","S1501_C01_022E","S1501_C01_022M","S1501_C02_022E","S1501_C02_022M","S1501_C03_022E","S1501_C03_022M","S1501_C01_023E","S1501_C01_023M","S1501_C02_023E","S1501_C02_023M","S1501_C03_023E","S1501_C03_023M","S1501_C01_024E","S1501_C01_024M","S1501_C02_024E","S1501_C02_024M","S1501_C03_024E","S1501_C03_024M","S1501_C01_025E","S1501_C01_025M","S1501_C02_025E","S1501_C02_025M","S1501_C03_025E","S1501_C03_025M","S1501_C01_026E","S1501_C01_026M","S1501_C02_026E","S1501_C02_026M","S1501_C03_026E","S1501_C03_026M","S1501_C01_027E","S1501_C01_027M","S1501_C02_027E","S1501_C02_027M","S1501_C03_027E","S1501_C03_027M","S1501_C01_028E","S1501_C01_028M","S1501_C02_028E","S1501_C02_028M","S1501_C03_028E","S1501_C03_028M","S1501_C01_029E","S1501_C01_029M","S1501_C02_029E","S1501_C02_029M","S1501_C03_029E","S1501_C03_029M","S1501_C01_030E","S1501_C01_030M","S1501_C02_030E","S1501_C02_030M","S1501_C03_030E","S1501_C03_030M","S1501_C01_031E","S1501_C01_031M","S1501_C02_031E","S1501_C02_031M","S1501_C03_031E","S1501_C03_031M","S1501_C01_032E","S1501_C01_032M","S1501_C02_032E","S1501_C02_032M","S1501_C03_032E","S1501_C03_032M","S1501_C01_033E","S1501_C01_033M","S1501_C02_033E","S1501_C02_033M","S1501_C03_033E","S1501_C03_033M","S1501_C01_034E","S1501_C01_034M","S1501_C02_034E","S1501_C02_034M","S1501_C03_034E","S1501_C03_034M","S1501_C01_035E","S1501_C01_035M","S1501_C02_035E","S1501_C02_035M","S1501_C03_035E","S1501_C03_035M","S1501_C01_036E","S1501_C01_036M","S1501_C02_036E","S1501_C02_036M","S1501_C03_036E","S1501_C03_036M","S1501_C01_037E","S1501_C01_037M","S1501_C02_037E","S1501_C02_037M","S1501_C03_037E","S1501_C03_037M","S1501_C01_038E","S1501_C01_038M","S1501_C02_038E","S1501_C02_038M","S1501_C03_038E","S1501_C03_038M",
"Geography","Geographic Area Name","Total!!Estimate!!Population 18 to 24 years","Total!!Margin of Error!!Population 18 to 24 years","Male!!Estimate!!Population 18 to 24 years","Male!!Margin of Error!!Population 18 to 24 years","Female!!Estimate!!Population 18 to 24 years","Female!!Margin of Error!!Population 18 to 24 years","Total!!Estimate!!Less than high school graduate","Total!!Margin of Error!!Less than high school graduate","Male!!Estimate!!Less than high school graduate","Male!!Margin of Error!!Less than high school graduate","Female!!Estimate!!Less than high school graduate","Female!!Margin of Error!!Less than high school graduate","Total!!Estimate!!High school graduate (includes equivalency)","Total!!Margin of Error!!High school graduate (includes equivalency)","Male!!Estimate!!High school graduate (includes equivalency)","Male!!Margin of Error!!High school graduate (includes equivalency)","Female!!Estimate!!High school graduate (includes equivalency)","Female!!Margin of Error!!High school graduate (includes equivalency)","Total!!Estimate!!Some college or associate's degree","Total!!Margin of Error!!Some college or associate's degree","Male!!Estimate!!Some college or associate's degree","Male!!Margin of Error!!Some college or associate's degree","Female!!Estimate!!Some college or associate's degree","Female!!Margin of Error!!Some college or associate's degree","Total!!Estimate!!Bachelor's degree or higher","Total!!Margin of Error!!Bachelor's degree or higher","Male!!Estimate!!Bachelor's degree or higher","Male!!Margin of Error!!Bachelor's degree or higher","Female!!Estimate!!Bachelor's degree or higher","Female!!Margin of Error!!Bachelor's degree or higher","Total!!Estimate!!Population 25 years and over","Total!!Margin of Error!!Population 25 years and over","Male!!Estimate!!Population 25 years and over","Male!!Margin of Error!!Population 25 years and over","Female!!Estimate!!Population 25 years and over","Female!!Margin of Error!!Population 25 years and over","Total!!Estimate!!Population 25 years and over!!Less than 9th grade","Total!!Margin of Error!!Population 25 years and over!!Less than 9th grade","Male!!Estimate!!Population 25 years and over!!Less than 9th grade","Male!!Margin of Error!!Population 25 years and over!!Less than 9th grade","Female!!Estimate!!Population 25 years and over!!Less than 9th grade","Female!!Margin of Error!!Population 25 years and over!!Less than 9th grade","Total!!Estimate!!Population 25 years and over!!9th to 12th grade, no diploma","Total!!Margin of Error!!Population 25 years and over!!9th to 12th grade, no diploma","Male!!Estimate!!Population 25 years and over!!9th to 12th grade, no diploma","Male!!Margin of Error!!Population 25 years and over!!9th to 12th grade, no diploma","Female!!Estimate!!Population 25 years and over!!9th to 12th grade, no diploma","Female!!Margin of Error!!Population 25 years and over!!9th to 12th grade, no diploma","Total!!Estimate!!Population 25 years and over!!High school graduate (includes equivalency)","Total!!Margin of Error!!Population 25 years and over!!High school graduate (includes equivalency)","Male!!Estimate!!Population 25 years and over!!High school graduate (includes equivalency)","Male!!Margin of Error!!Population 25 years and over!!High school graduate (includes equivalency)","Female!!Estimate!!Population 25 years and over!!High school graduate (includes equivalency)","Female!!Margin of Error!!Population 25 years and over!!High school graduate (includes equivalency)","Total!!Estimate!!Population 25 years and over!!Some college, no degree","Total!!Margin of Error!!Population 25 years and over!!Some college, no degree","Male!!Estimate!!Population 25 years and over!!Some college, no degree","Male!!Margin of Error!!Population 25 years and over!!Some college, no degree","Female!!Estimate!!Population 25 years and over!!Some college, no degree","Female!!Margin of Error!!Population 25 years and over!!Some college, no degree","Total!!Estimate!!Population 25 years and over!!Associate's degree","Total!!Margin of Error!!Population 25 years and over!!Associate's degree","Male!!Estimate!!Population 25 years and over!!Associate's degree","Male!!Margin of Error!!Population 25 years and over!!Associate's degree","Female!!Estimate!!Population 25 years and over!!Associate's degree","Female!!Margin of Error!!Population 25 years and over!!Associate's degree","Total!!Estimate!!Population 25 years and over!!Bachelor's degree","Total!!Margin of Error!!Population 25 years and over!!Bachelor's degree","Male!!Estimate!!Population 25 years and over!!Bachelor's degree","Male!!Margin of Error!!Population 25 years and over!!Bachelor's degree","Female!!Estimate!!Population 25 years and over!!Bachelor's degree","Female!!Margin of Error!!Population 25 years and over!!Bachelor's degree","Total!!Estimate!!Population 25 years and over!!Graduate or professional degree","Total!!Margin of Error!!Population 25 years and over!!Graduate or professional degree","Male!!Estimate!!Population 25 years and over!!Graduate or professional degree","Male!!Margin of Error!!Population 25 years and over!!Graduate or professional degree","Female!!Estimate!!Population 25 years and over!!Graduate or professional degree","Female!!Margin of Error!!Population 25 years and over!!Graduate or professional degree","Total!!Estimate!!Percent high school graduate or higher","Total!!Margin of Error!!Percent high school graduate or higher","Male!!Estimate!!Percent high school graduate or higher","Male!!Margin of Error!!Percent high school graduate or higher","Female!!Estimate!!Percent high school graduate or higher","Female!!Margin of Error!!Percent high school graduate or higher","Total!!Estimate!!Percent bachelor's degree or higher","Total!!Margin of Error!!Percent bachelor's degree or higher","Male!!Estimate!!Percent bachelor's degree or higher","Male!!Margin of Error!!Percent bachelor's degree or higher","Female!!Estimate!!Percent bachelor's degree or higher","Female!!Margin of Error!!Percent bachelor's degree or higher","Total!!Estimate!!Population 25 to 34 years","Total!!Margin of Error!!Population 25 to 34 years","Male!!Estimate!!Population 25 to 34 years","Male!!Margin of Error!!Population 25 to 34 years","Female!!Estimate!!Population 25 to 34 years","Female!!Margin of Error!!Population 25 to 34 years","Total!!Estimate!!Population 25 to 34 years!!High school graduate or higher","Total!!Margin of Error!!Population 25 to 34 years!!High school graduate or higher","Male!!Estimate!!Population 25 to 34 years!!High school graduate or higher","Male!!Margin of Error!!Population 25 to 34 years!!High school graduate or higher","Female!!Estimate!!Population 25 to 34 years!!High school graduate or higher","Female!!Margin of Error!!Population 25 to 34 years!!High school graduate or higher","Total!!Estimate!!Population 25 to 34 years!!Bachelor's degree or higher","Total!!Margin of Error!!Population 25 to 34 years!!Bachelor's degree or higher","Male!!Estimate!!Population 25 to 34 years!!Bachelor's degree or higher","Male!!Margin of Error!!Population 25 to 34 years!!Bachelor's degree or higher","Female!!Estimate!!Population 25 to 34 years!!Bachelor's degree or higher","Female!!Margin of Error!!Population 25 to 34 years!!Bachelor's degree or higher","Total!!Estimate!!Population 35 to 44 years","Total!!Margin of Error!!Population 35 to 44 years","Male!!Estimate!!Population 35 to 44 years","Male!!Margin of Error!!Population 35 to 44 years","Female!!Estimate!!Population 35 to 44 years","Female!!Margin of Error!!Population 35 to 44 years","Total!!Estimate!!Population 35 to 44 years!!High school graduate or higher","Total!!Margin of Error!!Population 35 to 44 years!!High school graduate or higher","Male!!Estimate!!Population 35 to 44 years!!High school graduate or higher","Male!!Margin of Error!!Population 35 to 44 years!!High school graduate or higher","Female!!Estimate!!Population 35 to 44 years!!High school graduate or higher","Female!!Margin of Error!!Population 35 to 44 years!!High school graduate or higher","Total!!Estimate!!Population 35 to 44 years!!Bachelor's degree or higher","Total!!Margin of Error!!Population 35 to 44 years!!Bachelor's degree or higher","Male!!Estimate!!Population 35 to 44 years!!Bachelor's degree or higher","Male!!Margin of Error!!Population 35 to 44 years!!Bachelor's degree or higher","Female!!Estimate!!Population 35 to 44 years!!Bachelor's degree or higher","Female!!Margin of Error!!Population 35 to 44 years!!Bachelor's degree or higher","Total!!Estimate!!Population 45 to 64 years","Total!!Margin of Error!!Population 45 to 64 years","Male!!Estimate!!Population 45 to 64 years","Male!!Margin of Error!!Population 45 to 64 years","Female!!Estimate!!Population 45 to 64 years","Female!!Margin of Error!!Population 45 to 64 years","Total!!Estimate!!Population 45 to 64 years!!High school graduate or higher","Total!!Margin of Error!!Population 45 to 64 years!!High school graduate or higher","Male!!Estimate!!Population 45 to 64 years!!High school graduate or higher","Male!!Margin of Error!!Population 45 to 64 years!!High school graduate or higher","Female!!Estimate!!Population 45 to 64 years!!High school graduate or higher","Female!!Margin of Error!!Population 45 to 64 years!!High school graduate or higher","Total!!Estimate!!Population 45 to 64 years!!Bachelor's degree or higher","Total!!Margin of Error!!Population 45 to 64 years!!Bachelor's degree or higher","Male!!Estimate!!Population 45 to 64 years!!Bachelor's degree or higher","Male!!Margin of Error!!Population 45 to 64 years!!Bachelor's degree or higher","Female!!Estimate!!Population 45 to 64 years!!Bachelor's degree or higher","Female!!Margin of Error!!Population 45 to 64 years!!Bachelor's degree or higher","Total!!Estimate!!Population 65 years and over","Total!!Margin of Error!!Population 65 years and over","Male!!Estimate!!Population 65 years and over","Male!!Margin of Error!!Population 65 years and over","Female!!Estimate!!Population 65 years and over","Female!!Margin of Error!!Population 65 years and over","Total!!Estimate!!Population 65 years and over!!High school graduate or higher","Total!!Margin of Error!!Population 65 years and over!!High school graduate or higher","Male!!Estimate!!Population 65 years and over!!High school graduate or higher","Male!!Margin of Error!!Population 65 years and over!!High school graduate or higher","Female!!Estimate!!Population 65 years and over!!High school graduate or higher","Female!!Margin of Error!!Population 65 years and over!!High school graduate or higher","Total!!Estimate!!Population 65 years and over!!Bachelor's degree or higher","Total!!Margin of Error!!Population 65 years and over!!Bachelor's degree or higher","Male!!Estimate!!Population 65 years and over!!Bachelor's degree or higher","Male!!Margin of Error!!Population 65 years and over!!Bachelor's degree or higher","Female!!Estimate!!Population 65 years and over!!Bachelor's degree or higher","Female!!Margin of Error!!Population 65 years and over!!Bachelor's degree or higher","Total!!Estimate!!POVERTY RATE FOR THE POPULATION 25 YEARS AND OVER FOR WHOM POVERTY STATUS IS DETERMINED BY EDUCATIONAL ATTAINMENT LEVEL!!Less than high school graduate","Total!!Margin of Error!!POVERTY RATE FOR THE POPULATION 25 YEARS AND OVER FOR WHOM POVERTY STATUS IS DETERMINED BY EDUCATIONAL ATTAINMENT LEVEL!!Less than high school graduate","Male!!Estimate!!POVERTY RATE FOR THE POPULATION 25 YEARS AND OVER FOR WHOM POVERTY STATUS IS DETERMINED BY EDUCATIONAL ATTAINMENT LEVEL!!Less than high school graduate","Male!!Margin of Error!!POVERTY RATE FOR THE POPULATION 25 YEARS AND OVER FOR WHOM POVERTY STATUS IS DETERMINED BY EDUCATIONAL ATTAINMENT LEVEL!!Less than high school graduate","Female!!Estimate!!POVERTY RATE FOR THE POPULATION 25 YEARS AND OVER FOR WHOM POVERTY STATUS IS DETERMINED BY EDUCATIONAL ATTAINMENT LEVEL!!Less than high school graduate","Female!!Margin of Error!!POVERTY RATE FOR THE POPULATION 25 YEARS AND OVER FOR WHOM POVERTY STATUS IS DETERMINED BY EDUCATIONAL ATTAINMENT LEVEL!!Less than high school graduate","Total!!Estimate!!POVERTY RATE FOR THE POPULATION 25 YEARS AND OVER FOR WHOM POVERTY STATUS IS DETERMINED BY EDUCATIONAL ATTAINMENT LEVEL!!High school graduate (includes equivalency)","Total!!Margin of Error!!POVERTY RATE FOR THE POPULATION 25 YEARS AND OVER FOR WHOM POVERTY STATUS IS DETERMINED BY EDUCATIONAL ATTAINMENT LEVEL!!High school graduate (includes equivalency)","Male!!Estimate!!POVERTY RATE FOR THE POPULATION 25 YEARS AND OVER FOR WHOM POVERTY STATUS IS DETERMINED BY EDUCATIONAL ATTAINMENT LEVEL!!High school graduate (includes equivalency)","Male!!Margin of Error!!POVERTY RATE FOR THE POPULATION 25 YEARS AND OVER FOR WHOM POVERTY STATUS IS DETERMINED BY EDUCATIONAL ATTAINMENT LEVEL!!High school graduate (includes equivalency)","Female!!Estimate!!POVERTY RATE FOR THE POPULATION 25 YEARS AND OVER FOR WHOM POVERTY STATUS IS DETERMINED BY EDUCATIONAL ATTAINMENT LEVEL!!High school graduate (includes equivalency)","Female!!Margin of Error!!POVERTY RATE FOR THE POPULATION 25 YEARS AND OVER FOR WHOM POVERTY STATUS IS DETERMINED BY EDUCATIONAL ATTAINMENT LEVEL!!High school graduate (includes equivalency)","Total!!Estimate!!POVERTY RATE FOR THE POPULATION 25 YEARS AND OVER FOR WHOM POVERTY STATUS IS DETERMINED BY EDUCATIONAL ATTAINMENT LEVEL!!Some college or associate's degree","Total!!Margin of Error!!POVERTY RATE FOR THE POPULATION 25 YEARS AND OVER FOR WHOM POVERTY STATUS IS DETERMINED BY EDUCATIONAL ATTAINMENT LEVEL!!Some college or associate's degree","Male!!Estimate!!POVERTY RATE FOR THE POPULATION 25 YEARS AND OVER FOR WHOM POVERTY STATUS IS DETERMINED BY EDUCATIONAL ATTAINMENT LEVEL!!Some college or associate's degree","Male!!Margin of Error!!POVERTY RATE FOR THE POPULATION 25 YEARS AND OVER FOR WHOM POVERTY STATUS IS DETERMINED BY EDUCATIONAL ATTAINMENT LEVEL!!Some college or associate's degree","Female!!Estimate!!POVERTY RATE FOR THE POPULATION 25 YEARS AND OVER FOR WHOM POVERTY STATUS IS DETERMINED BY EDUCATIONAL ATTAINMENT LEVEL!!Some college or associate's degree","Female!!Margin of Error!!POVERTY RATE FOR THE POPULATION 25 YEARS AND OVER FOR WHOM POVERTY STATUS IS DETERMINED BY EDUCATIONAL ATTAINMENT LEVEL!!Some college or associate's degree","Total!!Estimate!!POVERTY RATE FOR THE POPULATION 25 YEARS AND OVER FOR WHOM POVERTY STATUS IS DETERMINED BY EDUCATIONAL ATTAINMENT LEVEL!!Bachelor's degree or higher","Total!!Margin of Error!!POVERTY RATE FOR THE POPULATION 25 YEARS AND OVER FOR WHOM POVERTY STATUS IS DETERMINED BY EDUCATIONAL ATTAINMENT LEVEL!!Bachelor's degree or higher","Male!!Estimate!!POVERTY RATE FOR THE POPULATION 25 YEARS AND OVER FOR WHOM POVERTY STATUS IS DETERMINED BY EDUCATIONAL ATTAINMENT LEVEL!!Bachelor's degree or higher","Male!!Margin of Error!!POVERTY RATE FOR THE POPULATION 25 YEARS AND OVER FOR WHOM POVERTY STATUS IS DETERMINED BY EDUCATIONAL ATTAINMENT LEVEL!!Bachelor's degree or higher","Female!!Estimate!!POVERTY RATE FOR THE POPULATION 25 YEARS AND OVER FOR WHOM POVERTY STATUS IS DETERMINED BY EDUCATIONAL ATTAINMENT LEVEL!!Bachelor's degree or higher","Female!!Margin of Error!!POVERTY RATE FOR THE POPULATION 25 YEARS AND OVER FOR WHOM POVERTY STATUS IS DETERMINED BY EDUCATIONAL ATTAINMENT LEVEL!!Bachelor's degree or higher","Total!!Estimate!!MEDIAN EARNINGS IN THE PAST 12 MONTHS (IN 2014 INFLATION-ADJUSTED DOLLARS)!!Population 25 years and over with earnings","Total!!Margin of Error!!MEDIAN EARNINGS IN THE PAST 12 MONTHS (IN 2014 INFLATION-ADJUSTED DOLLARS)!!Population 25 years and over with earnings","Male!!Estimate!!MEDIAN EARNINGS IN THE PAST 12 MONTHS (IN 2014 INFLATION-ADJUSTED DOLLARS)!!Population 25 years and over with earnings","Male!!Margin of Error!!MEDIAN EARNINGS IN THE PAST 12 MONTHS (IN 2014 INFLATION-ADJUSTED DOLLARS)!!Population 25 years and over with earnings","Female!!Estimate!!MEDIAN EARNINGS IN THE PAST 12 MONTHS (IN 2014 INFLATION-ADJUSTED DOLLARS)!!Population 25 years and over with earnings","Female!!Margin of Error!!MEDIAN EARNINGS IN THE PAST 12 MONTHS (IN 2014 INFLATION-ADJUSTED DOLLARS)!!Population 25 years and over with earnings","Total!!Estimate!!MEDIAN EARNINGS IN THE PAST 12 MONTHS (IN 2014 INFLATION-ADJUSTED DOLLARS)!!Population 25 years and over with earnings!!Less than high school graduate","Total!!Margin of Error!!MEDIAN EARNINGS IN THE PAST 12 MONTHS (IN 2014 INFLATION-ADJUSTED DOLLARS)!!Population 25 years and over with earnings!!Less than high school graduate","Male!!Estimate!!MEDIAN EARNINGS IN THE PAST 12 MONTHS (IN 2014 INFLATION-ADJUSTED DOLLARS)!!Population 25 years and over with earnings!!Less than high school graduate","Male!!Margin of Error!!MEDIAN EARNINGS IN THE PAST 12 MONTHS (IN 2014 INFLATION-ADJUSTED DOLLARS)!!Population 25 years and over with earnings!!Less than high school graduate","Female!!Estimate!!MEDIAN EARNINGS IN THE PAST 12 MONTHS (IN 2014 INFLATION-ADJUSTED DOLLARS)!!Population 25 years and over with earnings!!Less than high school graduate","Female!!Margin of Error!!MEDIAN EARNINGS IN THE PAST 12 MONTHS (IN 2014 INFLATION-ADJUSTED DOLLARS)!!Population 25 years and over with earnings!!Less than high school graduate","Total!!Estimate!!MEDIAN EARNINGS IN THE PAST 12 MONTHS (IN 2014 INFLATION-ADJUSTED DOLLARS)!!Population 25 years and over with earnings!!High school graduate (includes equivalency)","Total!!Margin of Error!!MEDIAN EARNINGS IN THE PAST 12 MONTHS (IN 2014 INFLATION-ADJUSTED DOLLARS)!!Population 25 years and over with earnings!!High school graduate (includes equivalency)","Male!!Estimate!!MEDIAN EARNINGS IN THE PAST 12 MONTHS (IN 2014 INFLATION-ADJUSTED DOLLARS)!!Population 25 years and over with earnings!!High school graduate (includes equivalency)","Male!!Margin of Error!!MEDIAN EARNINGS IN THE PAST 12 MONTHS (IN 2014 INFLATION-ADJUSTED DOLLARS)!!Population 25 years and over with earnings!!High school graduate (includes equivalency)","Female!!Estimate!!MEDIAN EARNINGS IN THE PAST 12 MONTHS (IN 2014 INFLATION-ADJUSTED DOLLARS)!!Population 25 years and over with earnings!!High school graduate (includes equivalency)","Female!!Margin of Error!!MEDIAN EARNINGS IN THE PAST 12 MONTHS (IN 2014 INFLATION-ADJUSTED DOLLARS)!!Population 25 years and over with earnings!!High school graduate (includes equivalency)","Total!!Estimate!!MEDIAN EARNINGS IN THE PAST 12 MONTHS (IN 2014 INFLATION-ADJUSTED DOLLARS)!!Population 25 years and over with earnings!!Some college or associate's degree","Total!!Margin of Error!!MEDIAN EARNINGS IN THE PAST 12 MONTHS (IN 2014 INFLATION-ADJUSTED DOLLARS)!!Population 25 years and over with earnings!!Some college or associate's degree","Male!!Estimate!!MEDIAN EARNINGS IN THE PAST 12 MONTHS (IN 2014 INFLATION-ADJUSTED DOLLARS)!!Population 25 years and over with earnings!!Some college or associate's degree","Male!!Margin of Error!!MEDIAN EARNINGS IN THE PAST 12 MONTHS (IN 2014 INFLATION-ADJUSTED DOLLARS)!!Population 25 years and over with earnings!!Some college or associate's degree","Female!!Estimate!!MEDIAN EARNINGS IN THE PAST 12 MONTHS (IN 2014 INFLATION-ADJUSTED DOLLARS)!!Population 25 years and over with earnings!!Some college or associate's degree","Female!!Margin of Error!!MEDIAN EARNINGS IN THE PAST 12 MONTHS (IN 2014 INFLATION-ADJUSTED DOLLARS)!!Population 25 years and over with earnings!!Some college or associate's degree","Total!!Estimate!!MEDIAN EARNINGS IN THE PAST 12 MONTHS (IN 2014 INFLATION-ADJUSTED DOLLARS)!!Population 25 years and over with earnings!!Bachelor's degree","Total!!Margin of Error!!MEDIAN EARNINGS IN THE PAST 12 MONTHS (IN 2014 INFLATION-ADJUSTED DOLLARS)!!Population 25 years and over with earnings!!Bachelor's degree","Male!!Estimate!!MEDIAN EARNINGS IN THE PAST 12 MONTHS (IN 2014 INFLATION-ADJUSTED DOLLARS)!!Population 25 years and over with earnings!!Bachelor's degree","Male!!Margin of Error!!MEDIAN EARNINGS IN THE PAST 12 MONTHS (IN 2014 INFLATION-ADJUSTED DOLLARS)!!Population 25 years and over with earnings!!Bachelor's degree","Female!!Estimate!!MEDIAN EARNINGS IN THE PAST 12 MONTHS (IN 2014 INFLATION-ADJUSTED DOLLARS)!!Population 25 years and over with earnings!!Bachelor's degree","Female!!Margin of Error!!MEDIAN EARNINGS IN THE PAST 12 MONTHS (IN 2014 INFLATION-ADJUSTED DOLLARS)!!Population 25 years and over with earnings!!Bachelor's degree","Total!!Estimate!!MEDIAN EARNINGS IN THE PAST 12 MONTHS (IN 2014 INFLATION-ADJUSTED DOLLARS)!!Population 25 years and over with earnings!!Graduate or professional degree","Total!!Margin of Error!!MEDIAN EARNINGS IN THE PAST 12 MONTHS (IN 2014 INFLATION-ADJUSTED DOLLARS)!!Population 25 years and over with earnings!!Graduate or professional degree","Male!!Estimate!!MEDIAN EARNINGS IN THE PAST 12 MONTHS (IN 2014 INFLATION-ADJUSTED DOLLARS)!!Population 25 years and over with earnings!!Graduate or professional degree","Male!!Margin of Error!!MEDIAN EARNINGS IN THE PAST 12 MONTHS (IN 2014 INFLATION-ADJUSTED DOLLARS)!!Population 25 years and over with earnings!!Graduate or professional degree","Female!!Estimate!!MEDIAN EARNINGS IN THE PAST 12 MONTHS (IN 2014 INFLATION-ADJUSTED DOLLARS)!!Population 25 years and over with earnings!!Graduate or professional degree","Female!!Margin of Error!!MEDIAN EARNINGS IN THE PAST 12 MONTHS (IN 2014 INFLATION-ADJUSTED DOLLARS)!!Population 25 years and over with earnings!!Graduate or professional degree","Total!!Estimate!!PERCENT IMPUTED!!Educational attainment","Total!!Margin of Error!!PERCENT IMPUTED!!Educational attainment","Male!!Estimate!!PERCENT IMPUTED!!Educational attainment","Male!!Margin of Error!!PERCENT IMPUTED!!Educational attainment","Female!!Estimate!!PERCENT IMPUTED!!Educational attainment","Female!!Margin of Error!!PERCENT IMPUTED!!Educational attainment",
"5001400US0101","Congressional District 1 (114th Congress), Alabama","63783","294","31977","244","31806","168","22.0","1.5","26.4","1.9","17.6","2.0","32.4","1.5","35.1","2.4","29.7","2.2","38.7","1.4","32.6","2.0","44.7","2.2","6.9","0.8","6.0","1.3","7.9","1.0","462956","532","218908","373","244048","333","4.4","0.2","4.9","0.3","3.9","0.3","10.1","0.4","10.9","0.6","9.4","0.5","32.9","0.6","35.0","0.8","31.0","0.7","22.4","0.5","21.2","0.7","23.5","0.7","7.9","0.3","6.6","0.4","9.0","0.4","14.8","0.4","14.4","0.6","15.1","0.5","7.6","0.3","7.0","0.4","8.1","0.4","85.4","0.4","84.1","0.6","86.6","0.5","22.4","0.4","21.4","0.6","23.2","0.6","86369","410","42176","328","44193","206","85.9","1.1","83.0","1.6","88.6","1.2","23.5","1.3","19.6","1.6","27.2","1.7","85550","369","41608","252","43942","238","87.9","0.8","85.1","1.3","90.6","0.9","23.2","1.2","18.9","1.5","27.3","1.7","186705","414","89542","282","97163","300","87.4","0.6","85.5","1.0","89.2","0.7","22.4","0.7","21.0","0.9","23.7","1.0","104332","252","45582","165","58750","160","79.5","0.8","81.5","1.1","78.0","1.0","20.6","0.8","26.1","1.3","16.3","0.9","31.3","1.6","26.5","2.2","36.0","2.2","16.8","0.9","13.3","1.1","20.4","1.2","12.2","0.7","8.5","0.9","15.0","0.8","4.5","0.5","4.2","0.8","4.8","0.7","31536","488","39774","748","25059","528","17887","1609","23092","2178","12556","715","26382","724","33451","1089","19787","659","30455","777","41276","1028","24361","754","44022","1026","56091","2802","36928","1506","53488","1064","72868","4817","49119","1529","5.4","(X)","(X)","(X)","(X)","(X)",
"5001400US0102","Congressional District 2 (114th Congress), Alabama","67466","802","34392","635","33074","653","19.0","1.0","22.8","1.4","15.0","1.5","32.7","1.1","35.4","1.8","29.8","1.6","42.0","1.4","37.4","1.7","46.9","2.1","6.3","0.7","4.5","0.7","8.3","1.3","457378","1037","217277","852","240101","738","5.7","0.2","6.2","0.3","5.3","0.3","11.3","0.3","12.0","0.4","10.6","0.3","32.3","0.5","33.0","0.7","31.7","0.5","21.6","0.5","21.0","0.5","22.2","0.6","7.8","0.3","6.8","0.4","8.7","0.3","13.3","0.3","13.1","0.4","13.5","0.4","8.0","0.3","7.9","0.3","8.1","0.4","83.0","0.4","81.8","0.6","84.1","0.4","21.3","0.4","21.0","0.5","21.6","0.5","90240","768","45085","624","45155","515","84.8","0.9","82.5","1.5","87.1","0.9","22.8","1.1","18.5","1.6","27.1","1.3","87746","667","42672","453","45074","428","86.6","0.8","84.0","1.2","89.1","0.8","24.7","1.1","22.0","1.4","27.2","1.3","178901","832","86586","513","92315","545","85.2","0.5","83.1","0.7","87.1","0.6","21.3","0.6","21.3","0.8","21.3","0.8","100491","436","42934","269","57557","314","74.4","0.8","76.2","1.1","73.1","1.0","17.1","0.6","22.2","1.0","13.4","0.7","30.3","1.2","25.5","1.5","35.1","1.6","16.5","0.8","13.6","0.9","19.0","1.0","11.9","0.6","8.7","0.9","14.5","0.8","4.4","0.5","3.6","0.6","5.0","0.8","31319","310","37957","673","25618","330","18434","817","22091","883","14941","876","25431","451","30963","564","20040","580","31007","439","40430","884","24997","545","45219","1200","56464","2863","37966","1477","54778","1342","73377","4557","50331","950","6.6","(X)","(X)","(X)","(X)","(X)",
"5001400US0103","Congressional District 3 (114th Congress), Alabama","79754","615","39989","446","39765","451","14.7","1.1","17.5","1.5","11.7","1.3","26.5","1.1","27.6","1.6","25.5","1.9","52.1","1.4","49.4","2.0","54.9","2.1","6.7","0.7","5.5","0.9","7.9","1.1","456335","828","217611","772","238724","594","6.0","0.3","6.6","0.5","5.5","0.4","12.0","0.4","12.4","0.6","11.6","0.5","32.5","0.6","33.1","0.8","32.0","0.8","22.0","0.5","21.6","0.7","22.2","0.6","7.4","0.3","6.4","0.4","8.3","0.4","12.1","0.3","12.1","0.5","12.2","0.4","7.9","0.3","7.6","0.4","8.2","0.3","82.0","0.5","80.9","0.7","82.9","0.6","20.1","0.4","19.7","0.6","20.4","0.5","87363","813","43275","604","44088","450","85.6","1.0","83.5","1.5","87.6","1.2","22.1","1.1","19.1","1.6","25.1","1.4","88197","703","43336","436","44861","528","86.0","1.1","83.9","1.6","88.0","1.1","23.7","1.1","21.5","1.4","25.8","1.5","182513","677","88425","487","94088","484","83.9","0.7","81.8","1.0","85.9","0.8","19.8","0.5","18.9","0.8","20.6","0.7","98262","445","42575","299","55687","323","71.6","0.9","73.5","1.3","70.1","1.3","15.6","0.7","20.2","1.2","12.0","0.8","31.2","1.3","25.8","1.6","36.5","1.7","16.2","0.8","12.5","1.0","19.5","1.0","12.8","0.8","9.3","0.9","15.6","1.1","4.4","0.6","4.1","0.8","4.7","0.7","31659","415","37844","872","25759","475","19756","951","23935","1321","13700","791","26602","547","32640","980","20437","656","31223","583","38481","1216","25867","639","44630","1005","54816","2104","38518","1266","54601","1417","67659","3608","50477","1178","5.5","(X)","(X)","(X)","(X)","(X)",
"5001400US0104","Congressional District 4 (114th Congress), Alabama","58850","816","30284","609","28566","614","20.9","1.2","24.4","1.9","17.3","1.6","32.4","1.7","36.7","2.3","27.9","1.8","42.0","1.3","35.9","2.0","48.4","2.0","4.7","0.8","3.1","0.8","6.3","1.2","466614","1111","223420","848","243194","694","7.9","0.3","8.4","0.4","7.5","0.3","12.9","0.3","13.7","0.5","12.1","0.4","33.7","0.5","34.6","0.7","32.8","0.6","22.0","0.4","21.7","0.6","22.3","0.5","7.9","0.2","6.4","0.3","9.4","0.4","9.6","0.3","9.7","0.4","9.5","0.4","6.0","0.2","5.4","0.3","6.4","0.3","79.2","0.4","77.8","0.6","80.4","0.5","15.5","0.4","15.1","0.5","15.9","0.4","80253","927","40057","710","40196","530","81.9","1.1","79.8","1.6","84.0","1.4","16.9","1.0","14.9","1.3","19.0","1.2","87056","737","42975","444","44081","522","81.7","1.1","77.8","1.5","85.4","1.3","17.6","0.9","14.2","1.1","21.0","1.2","187467","726","91748","521","95719","482","82.6","0.6","80.2","0.8","84.9","0.8","15.8","0.6","15.2","0.7","16.4","0.7","111838","482","48640","341","63198","325","69.7","0.8","71.8","1.3","68.0","1.0","12.5","0.5","15.9","0.9","9.8","0.7","29.4","1.4","24.7","1.6","34.3","1.8","15.1","0.7","12.5","0.9","17.6","0.9","12.2","0.7","8.3","0.8","15.3","1.0","4.1","0.5","3.7","0.6","4.5","0.8","30000","531","35466","561","23760","554","19158","698","21905","859","15027","960","25967","448","32489","802","19500","598","30736","515","39739","1541","24863","652","43698","1381","51928","1440","38502","1637","52813","1089","67119","6523","48831","1017","6.3","(X)","(X)","(X)","(X)","(X)",
"5001400US0105","Congressional District 5 (114th Congress), Alabama","66258","396","33743","266","32515","289","15.9","1.2","17.4","1.8","14.3","1.6","28.1","1.3","30.3","2.1","25.9","1.9","48.1","1.5","46.5","2.3","49.8","2.1","7.9","0.8","5.9","1.0","10.0","1.1","470767","387","226661","283","244106","312","4.8","0.3","5.0","0.4","4.7","0.3","9.4","0.3","9.5","0.5","9.4","0.4","27.2","0.6","27.1","0.8","27.4","0.6","21.8","0.4","21.1","0.6","22.6","0.6","7.5","0.3","6.6","0.4","8.3","0.4","18.4","0.4","19.0","0.6","17.8","0.5","10.8","0.3","11.9","0.4","9.8","0.4","85.7","0.4","85.6","0.6","85.9","0.4","29.2","0.5","30.8","0.6","27.7","0.6","89292","417","45065","314","44227","257","85.9","1.0","84.7","1.5","87.1","1.2","29.5","1.1","26.3","1.5","32.7","1.6","89288","284","44140","201","45148","200","87.5","0.9","85.8","1.3","89.2","1.2","30.4","1.3","28.9","1.5","31.8","1.6","193327","331","94556","255","98771","248","88.0","0.5","87.1","0.8","88.8","0.6","31.2","0.8","32.6","1.0","29.8","1.0","98860","194","42900","124","55960","123","79.7","0.7","83.1","1.1","77.1","1.0","24.0","0.9","33.7","1.4","16.6","1.0","27.7","1.5","23.2","2.0","31.9","1.8","12.8","0.8","10.7","0.9","14.7","1.1","10.7","0.6","8.7","0.9","12.4","0.9","3.7","0.4","3.3","0.6","4.1","0.6","34393","543","43394","1123","26806","416","19293","782","22216","1190","15171","1110","26231","489","32219","802","19686","623","31375","608","39636","1737","25639","576","52765","1174","71935","1805","39809","1441","68752","2851","94225","3141","52439","1123","5.8","(X)","(X)","(X)","(X)","(X)",
"5001400US0106","Congressional District 6 (114th Congress), Alabama","55326","868","28036","586","27290","666","14.2","1.1","17.6","1.6","10.7","1.3","29.5","1.5","32.0","2.3","27.0","2.0","44.9","1.7","41.5","2.6","48.5","2.4","11.3","1.0","8.9","1.4","13.8","1.4","469420","1619","223812","1178","245608","1079","3.8","0.2","4.4","0.3","3.4","0.2","7.6","0.3","8.4","0.4","6.8","0.4","25.6","0.5","24.9","0.7","26.3","0.6","21.7","0.5","21.1","0.7","22.2","0.6","7.2","0.3","6.3","0.4","8.0","0.4","21.1","0.4","21.8","0.6","20.5","0.5","13.0","0.4","13.1","0.6","12.8","0.5","88.6","0.4","87.2","0.5","89.8","0.4","34.1","0.5","34.9","0.6","33.3","0.6","92245","1276","45490","796","46755","791","89.1","0.8","86.0","1.4","92.0","1.0","38.2","1.3","34.0","1.5","42.4","1.9","95309","1004","46900","679","48409","635","89.9","0.7","88.3","1.1","91.4","0.9","39.2","1.1","35.9","1.5","42.3","1.4","186571","1157","90568","780","96003","684","90.7","0.5","88.9","0.8","92.4","0.6","34.4","0.9","35.9","1.0","33.1","1.0","95295","753","40854","422","54441","566","82.6","0.9","83.4","1.1","82.0","1.2","24.4","1.0","32.9","1.5","18.0","0.9","23.9","1.5","21.1","1.8","27.1","2.0","11.6","0.7","10.1","1.0","12.8","1.1","7.9","0.6","5.7","0.7","9.7","0.9","2.9","0.3","2.6","0.4","3.1","0.4","39763","497","47688","1040","32699","671","21129","771","23998","1911","15726","1613","29235","1061","35002","1267","23156","915","36436","713","45278","1408","30137","1055","52015","748","67370","1938","40775","946","61249","989","81504","3236","52401","974","5.1","(X)","(X)","(X)","(X)","(X)",
"5001400US0107","Congressional District 7 (114th Congress), Alabama","90421","1536","44017","1041","46404","1017","16.4","1.0","19.4","1.5","13.5","1.2","28.5","1.3","31.5","2.0","25.7","1.7","49.2","1.4","43.8","2.1","54.4","2.2","5.8","0.7","5.2","0.9","6.4","0.9","434432","1995","195234","1519","239198","1291","5.1","0.3","5.8","0.4","4.6","0.3","13.1","0.4","14.3","0.6","12.1","0.5","33.5","0.6","36.2","0.7","31.4","0.7","22.6","0.5","21.1","0.6","23.8","0.6","7.4","0.3","6.0","0.4","8.5","0.4","11.6","0.3","10.7","0.4","12.4","0.5","6.6","0.2","6.0","0.4","7.2","0.3","81.8","0.5","79.9","0.7","83.3","0.6","18.2","0.4","16.6","0.5","19.5","0.5","92720","1636","43077","1067","49643","1008","84.3","1.1","81.8","1.5","86.5","1.3","22.0","1.1","18.6","1.3","25.0","1.5","77646","1086","36103","659","41543","732","85.9","0.9","82.8","1.4","88.5","1.1","19.5","0.9","16.9","1.2","21.8","1.3","173883","1297","79933","882","93950","740","84.1","0.6","81.5","1.0","86.4","0.7","17.3","0.5","15.2","0.8","19.0","0.7","90183","879","36121","515","54062","665","71.1","0.9","71.3","1.6","70.9","1.1","15.1","0.7","17.2","1.1","13.6","0.9","39.3","1.5","34.3","2.0","44.1","1.8","22.8","1.0","17.9","1.2","27.4","1.1","18.2","0.8","13.2","1.1","21.6","1.0","7.9","0.7","6.8","1.0","8.6","1.0","27202","310","32067","450","23941","567","16574","642","19814","1120","13483","900","22653","744","27386","920","19275","626","27711","692","35376","1217","24553","654","40423","1031","49264","3714","35458","1576","50363","1061","59516","3010","46527","1443","7.7","(X)","(X)","(X)","(X)","(X)",
"5001400US0200","Congressional District (at Large) (114th Congress), Alaska","79891","319","44788","317","35103","167","17.0","1.1","17.5","1.4","16.4","1.6","38.0","1.2","40.6","1.5","34.5","1.8","39.7","1.2","38.5","1.7","41.2","1.6","5.4","0.6","3.4","0.7","7.9","0.9","460319","327","238830","360","221489","296","3.0","0.2","2.7","0.2","3.2","0.2","5.2","0.2","5.7","0.3","4.8","0.3","27.5","0.5","30.5","0.6","24.3","0.6","28.4","0.5","28.6","0.7","28.3","0.6","8.2","0.3","7.3","0.3","9.1","0.4","17.9","0.3","16.0","0.5","19.9","0.6","9.8","0.3","9.2","0.4","10.4","0.5","91.8","0.3","91.6","0.4","92.0","0.3","27.7","0.4","25.2","0.6","30.4","0.6","111054","475","58624","423","52430","265","92.9","0.6","92.0","0.9","93.9","0.6","24.9","1.0","19.5","1.2","30.9","1.5","92321","436","48317","383","44004","273","93.7","0.5","93.1","0.7","94.5","0.8","30.2","1.0","26.8","1.3","34.0","1.6","194703","568","101333","364","93370","400","93.0","0.4","92.7","0.6","93.3","0.5","28.2","0.7","26.2","0.8","30.3","0.9","62241","236","30556","176","31685","176","83.3","0.9","85.1","1.1","81.5","1.1","27.4","1.2","30.3","1.6","24.6","1.6","19.2","1.4","18.1","1.8","20.3","1.9","11.5","0.6","9.9","0.6","13.6","0.9","6.2","0.4","5.1","0.5","7.4","0.6","2.7","0.3","2.3","0.3","3.0","0.4","43194","515","51941","702","35826","584","24523","1324","28538","2185","20398","1410","33872","856","41149","1087","26603","659","41893","589","51318","1009","33602","1186","53579","1318","67416","1984","44161","1594","72078","1656","81709","2708","64172","2359","5.3","(X)","(X)","(X)","(X)","(X)",
"5001400US0401","Congressional District 1 (114th Congress), Arizona","78390","1442","39740","1050","38650","831","21.2","1.4","25.7","1.6","16.6","1.8","32.1","1.3","34.7","1.8","29.4","1.8","43.1","1.2","36.5","1.6","50.0","1.6","3.6","0.5","3.2","0.8","4.0","0.7","462622","2133","231012","1463","231610","1404","6.0","0.2","6.1","0.3","6.0","0.3","9.1","0.3","9.8","0.4","8.4","0.4","26.9","0.5","28.4","0.6","25.3","0.6","26.2","0.5","25.2","0.7","27.2","0.6","8.6","0.3","7.4","0.4","9.8","0.4","14.3","0.4","14.1","0.6","14.5","0.5","8.9","0.3","9.1","0.4","8.7","0.4","84.9","0.4","84.1","0.5","85.6","0.5","23.2","0.5","23.2","0.7","23.2","0.6","87661","1722","45671","909","41990","1084","84.4","0.9","82.6","1.1","86.3","1.2","17.0","0.9","14.3","1.2","20.0","1.3","85028","1361","44881","943","40147","751","86.1","1.0","84.6","1.3","87.7","1.3","22.7","1.1","20.0","1.6","25.7","1.5","181685","1709","88866","1172","92819","949","86.8","0.5","85.4","0.8","88.2","0.6","24.0","0.8","23.4","1.0","24.6","1.1","108248","1495","51594","885","56654","937","81.0","0.7","82.9","0.9","79.3","1.0","27.2","0.9","33.4","1.4","21.6","1.0","37.1","1.5","35.0","1.9","39.1","1.8","20.4","1.0","19.8","1.1","21.0","1.4","13.5","0.6","11.7","0.7","15.0","0.8","5.6","0.6","5.1","0.7","6.0","0.8","32603","544","38106","929","27106","593","19595","959","22646","1400","14104","1629","26719","828","31615","1065","21241","977","32191","598","39288","1491","26493","812","43152","1427","52384","1674","36413","1328","52979","1723","66610","4537","46618","1565","7.9","(X)","(X)","(X)","(X)","(X)",
"5001400US0402","Congressional District 2 (114th Congress), Arizona","73685","1775","38193","1349","35492","1124","15.2","1.2","16.1","1.6","14.3","1.7","27.7","1.5","30.0","2.0","25.1","2.2","48.6","1.7","46.8","2.1","50.6","2.3","8.5","1.0","7.1","1.2","9.9","1.3","494127","1856","238598","1429","255529","1294","4.0","0.3","3.9","0.4","4.0","0.3","5.7","0.3","6.1","0.4","5.4","0.3","21.7","0.5","21.2","0.7","22.0","0.5","27.4","0.5","27.0","0.7","27.7","0.6","9.1","0.3","8.5","0.5","9.6","0.4","18.8","0.4","18.9","0.5","18.6","0.5","13.4","0.4","14.3","0.5","12.6","0.4","90.3","0.3","90.0","0.5","90.6","0.4","32.2","0.5","33.2","0.7","31.2","0.6","91246","1507","47320","936","43926","897","90.6","0.8","88.9","1.0","92.5","1.0","27.9","1.4","24.5","1.5","31.5","1.9","80861","1060","41188","765","39673","652","90.4","0.7","89.0","1.0","91.8","1.0","32.5","1.3","29.9","1.7","35.2","1.8","188898","1594","90585","1091","98313","868","91.5","0.5","91.4","0.7","91.6","0.6","32.9","0.8","33.4","1.2","32.4","1.0","133122","1064","59505","748","73617","680","88.5","0.6","89.6","0.9","87.6","0.8","33.9","0.8","42.1","1.2","27.4","1.0","29.2","1.7","25.7","2.6","32.2","2.3","15.6","0.9","15.7","1.4","15.5","1.2","11.9","0.6","10.3","0.8","13.3","0.8","5.8","0.4","5.3","0.5","6.3","0.7","32568","474","38595","1026","28538","669","17131","1050","19159","1180","14223","1506","24279","749","26819","842","21146","962","31518","443","38288","1295","26816","585","44704","1081","55906","2676","36580","1210","54061","1617","70709","3708","45312","1740","5.8","(X)","(X)","(X)","(X)","(X)",
"5001400US0403","Congressional District 3 (114th Congress), Arizona","96049","1979","49799","1465","46250","1341","20.1","1.1","23.6","1.7","16.3","1.2","30.4","1.4","32.6","1.8","28.1","1.8","45.4","1.6","40.7","2.0","50.3","2.3","4.1","0.6","3.0","0.7","5.3","1.0","420751","3065","208004","2237","212747","1991","12.4","0.4","11.6","0.5","13.2","0.5","13.3","0.4","13.5","0.6","13.2","0.5","27.2","0.5","28.1","0.7","26.4","0.7","24.6","0.5","24.5","0.7","24.7","0.7","7.0","0.3","6.9","0.4","7.0","0.5","10.1","0.4","10.2","0.5","9.9","0.4","5.4","0.2","5.2","0.3","5.6","0.4","74.3","0.5","74.9","0.7","73.6","0.6","15.5","0.4","15.4","0.5","15.5","0.6","102214","2190","53213","1449","49001","1480","81.5","1.1","80.3","1.5","82.8","1.4","15.6","1.0","13.4","1.1","17.9","1.4","92047","1849","45618","1083","46429","1163","76.6","1.0","75.9","1.4","77.3","1.4","16.3","1.0","14.7","1.2","17.9","1.3","155956","2016","76859","1253","79097","1322","73.3","0.9","74.2","1.2","72.4","1.0","15.5","0.7","16.4","0.8","14.6","0.9","70534","1307","32314","720","38220","925","62.9","1.1","66.3","1.6","60.0","1.5","14.2","0.8","17.5","1.2","11.4","0.9","31.7","1.3","27.7","1.8","35.3","1.5","17.9","0.9","15.7","1.1","20.0","1.4","13.9","0.9","11.7","0.9","15.9","1.2","8.2","0.8","8.7","1.1","7.8","1.1","28092","517","31833","411","24501","598","17286","522","21327","785","13001","720","25897","486","29228","1229","22174","815","31675","578","37434","976","26991","683","40230","867","45582","2711","36520","971","49420","2484","54018","2983","44952","2157","6.9","(X)","(X)","(X)","(X)","(X)",
"5001400US0404","Congressional District 4 (114th Congress), Arizona","51385","1490","28587","952","22798","1000","22.4","2.0","25.3","2.4","18.8","2.6","36.0","2.4","38.1","2.9","33.3","3.6","38.2","2.1","33.8","2.5","43.7","3.1","3.4","0.6","2.8","1.0","4.2","0.9","520465","2331","259475","1631","260990","1388","4.6","0.3","5.2","0.4","4.0","0.3","8.7","0.4","9.3","0.5","8.1","0.4","30.4","0.5","30.0","0.6","30.7","0.7","29.5","0.5","29.2","0.8","29.7","0.7","8.8","0.3","8.0","0.5","9.5","0.4","11.7","0.3","11.6","0.5","11.7","0.5","6.4","0.2","6.7","0.3","6.1","0.3","86.7","0.4","85.5","0.6","87.8","0.5","18.1","0.4","18.3","0.6","17.8","0.6","77515","1691","41248","1074","36267","877","84.8","1.3","80.8","1.8","89.4","1.5","16.2","1.2","12.4","1.6","20.5","1.6","76816","1186","39742","850","37074","773","85.6","1.1","84.4","1.4","87.0","1.5","19.9","1.3","18.0","1.6","21.9","2.0","194692","1619","94539","1098","100153","958","88.0","0.7","86.8","0.8","89.1","0.8","17.5","0.8","16.8","0.9","18.1","1.0","171442","1361","83946","789","87496","914","86.5","0.6","86.9","0.8","86.2","0.9","18.8","0.6","23.0","0.9","14.7","0.9","26.5","1.7","25.6","2.0","27.4","2.3","15.0","1.1","13.9","1.3","16.0","1.2","10.7","0.6","9.1","0.9","12.1","0.7","5.1","0.6","4.5","0.8","5.6","0.9","29996","567","34587","839","25229","639","18553","1370","21802","1134","14714","1101","25070","770","29881","1005","19506","1105","30801","582","38354","1894","25884","760","40607","886","46247","3097","36081","1206","50397","1750","62252","5976","44400","2070","7.7","(X)","(X)","(X)","(X)","(X)",
"5001400US0405","Congressional District 5 (114th Congress), Arizona","56185","1804","28434","1322","27751","1340","15.2","1.1","16.4","1.5","13.9","1.3","30.0","1.4","32.6","2.0","27.3","2.1","47.1","1.8","45.9","2.7","48.3","2.2","7.8","0.9","5.1","1.0","10.5","1.4","485988","2987","232849","2067","253139","1907","2.9","0.2","2.9","0.3","2.8","0.2","4.5","0.2","4.8","0.4","4.2","0.3","22.3","0.4","20.9","0.6","23.5","0.6","27.2","0.5","25.8","0.6","28.4","0.7","9.7","0.3","9.4","0.4","10.0","0.4","21.9","0.5","23.1","0.5","20.8","0.6","11.6","0.3","13.0","0.4","10.3","0.4","92.6","0.3","92.2","0.4","93.0","0.3","33.5","0.5","36.1","0.6","31.1","0.6","91500","2265","43896","1467","47604","1339","92.5","0.8","91.5","1.1","93.5","1.1","34.4","1.4","32.5","1.7","36.2","1.8","103250","1596","51348","1213","51902","1086","93.5","0.6","92.5","0.9","94.5","0.7","42.4","1.2","41.6","1.5","43.1","1.6","178331","1934","86749","1280","91582","1286","94.1","0.4","93.6","0.5","94.5","0.6","33.0","0.8","36.1","1.1","30.1","1.0","112907","1857","50856","951","62051","1422","89.6","0.6","90.4","0.8","88.9","0.8","25.5","0.9","33.8","1.2","18.7","1.0","21.7","1.7","20.3","2.1","23.2","2.4","10.5","0.7","9.6","1.0","11.2","0.9","7.4","0.5","6.6","0.7","8.2","0.7","3.9","0.4","3.8","0.5","4.1","0.5","42188","386","51127","489","35040","529","21911","1043","24036","1790","18854","1565","31063","583","36183","1598","25858","877","39518","1078","48670","1403","31727","619","54728","1282","67281","2421","43139","1442","72256","2055","92299","3230","56974","2363","8.9","(X)","(X)","(X)","(X)","(X)",
"5001400US0406","Congressional District 6 (114th Congress), Arizona","58021","2104","30590","1462","27431","1296","16.4","1.2","18.4","1.8","14.2","1.7","28.4","1.6","34.0","2.5","22.2","1.9","43.3","1.9","38.4","2.7","48.9","2.3","11.9","1.2","9.3","1.5","14.7","1.7","516333","3142","247109","2007","269224","2322","3.0","0.2","3.2","0.3","2.8","0.3","4.8","0.3","5.1","0.4","4.6","0.3","19.5","0.5","18.2","0.6","20.6","0.6","23.5","0.5","22.4","0.8","24.4","0.6","8.3","0.3","7.4","0.4","9.1","0.5","25.5","0.5","26.7","0.6","24.5","0.6","15.5","0.3","17.0","0.5","14.0","0.5","92.2","0.3","91.8","0.4","92.6","0.4","41.0","0.5","43.7","0.7","38.5","0.7","97125","2176","49862","1518","47263","1253","90.8","0.8","90.0","1.2","91.8","0.8","39.9","1.5","37.8","1.8","42.1","1.8","97261","1806","47878","1253","49383","1101","90.6","0.8","89.1","1.1","92.0","1.0","43.2","1.5","41.6","1.8","44.7","1.9","208344","2267","98535","1266","109809","1669","93.8","0.5","93.4","0.6","94.2","0.6","42.5","0.8","44.7","1.0","40.5","1.1","113603","1903","50834","1026","62769","1367","91.9","0.6","93.0","0.7","91.1","0.8","37.3","0.9","49.4","1.4","27.5","1.2","25.6","2.0","23.8","2.2","27.5","2.7","13.4","0.9","13.5","1.3","13.2","1.1","9.9","0.6","8.5","0.7","11.1","0.8","4.3","0.4","3.8","0.5","4.7","0.6","41958","455","49759","1167","36193","529","20292","745","22012","960","17134","1120","27477","789","31546","1047","24582","1053","36447","678","42150","1003","31973","721","55182","1446","67449","1934","44548","1112","73941","2172","92025","4195","60106","3208","6.2","(X)","(X)","(X)","(X)","(X)",
"5001400US0407","Congressional District 7 (114th Congress), Arizona","89384","2461","46158","1503","43226","1766","26.9","1.3","28.9","1.9","24.8","1.3","37.5","1.5","40.6","2.1","34.2","1.9","32.0","1.1","27.2","1.6","37.1","2.0","3.6","0.4","3.4","0.7","3.9","0.6","410863","3236","204590","2433","206273","2015","18.6","0.5","18.5","0.7","18.8","0.6","14.6","0.5","15.1","0.6","14.1","0.6","27.5","0.6","28.3","0.8","26.6","0.8","19.9","0.5","18.9","0.7","20.9","0.7","5.8","0.3","5.4","0.4","6.2","0.4","9.1","0.3","9.4","0.4","8.8","0.4","4.5","0.2","4.4","0.3","4.6","0.3","66.8","0.6","66.4","0.8","67.1","0.8","13.6","0.4","13.8","0.5","13.4","0.5","116149","2023","59309","1524","56840","1404","71.8","1.1","70.7","1.4","72.8","1.3","15.3","0.8","14.0","1.1","16.7","1.2","102933","2249","51508","1582","51425","1348","63.1","1.3","62.3","1.7","63.9","1.6","11.9","0.7","11.5","0.9","12.4","1.0","143672","2090","72476","1467","71196","1231","66.7","0.9","66.8","1.1","66.5","1.2","13.6","0.6","14.7","0.9","12.5","0.8","48109","1241","21297","800","26812","892","63.0","1.6","63.2","2.1","62.8","2.0","13.1","1.2","16.0","1.7","10.8","1.2","40.8","1.2","36.7","1.5","44.9","1.5","30.0","1.3","26.7","1.6","33.5","1.7","19.8","0.9","16.3","1.2","22.8","1.3","9.4","0.9","9.0","1.0","9.9","1.4","26172","336","27304","387","24110","624","19268","472","21393","469","15984","399","23502","899","25476","648","21336","865","31233","524","33942","1621","29381","1133","40327","993","43027","2262","38082","1185","52234","1916","57332","5845","49616","3667","10.0","(X)","(X)","(X)","(X)","(X)",
"5001400US0408","Congressional District 8 (114th Congress), Arizona","54504","1794","26742","1268","27762","1231","13.3","1.1","13.4","1.5","13.1","1.5","32.8","1.5","36.0","2.2","29.6","2.2","47.2","1.6","45.2","2.2","49.1","2.5","6.7","0.7","5.3","1.1","8.1","1.1","503935","3114","236531","2556","267404","1994","3.1","0.2","2.9","0.3","3.3","0.3","5.2","0.3","5.3","0.3","5.0","0.3","25.7","0.5","24.8","0.7","26.5","0.6","28.9","0.6","28.5","0.8","29.2","0.8","9.4","0.3","9.1","0.5","9.7","0.4","18.2","0.4","19.0","0.6","17.5","0.5","9.6","0.3","10.3","0.4","8.9","0.4","91.7","0.4","91.7","0.5","91.7","0.4","27.8","0.5","29.3","0.7","26.4","0.6","86719","2318","41749","1510","44970","1330","93.2","0.9","92.1","1.2","94.1","1.0","27.5","1.3","23.5","1.7","31.3","1.7","94783","1909","46057","1334","48726","1219","91.9","0.9","91.2","1.2","92.5","1.0","30.6","1.4","28.4","1.8","32.7","1.8","179651","1897","85216","1309","94435","1295","92.7","0.5","92.2","0.7","93.1","0.6","27.1","0.8","28.6","1.2","25.8","0.8","142782","1796","63509","1024","79273","1407","89.6","0.6","91.3","0.8","88.2","0.9","26.9","0.9","34.7","1.2","20.5","1.1","19.0","1.7","17.9","2.0","20.0","2.2","10.6","0.8","10.2","1.1","10.9","1.1","7.5","0.6","5.9","0.7","8.9","0.8","4.5","0.5","4.0","0.7","5.0","0.7","39657","539","45473","891","34323","568","22845","2189","27428","2106","17633","1900","31368","571","36121","1248","26953","716","37714","946","44779","1314","32338","738","51639","1013","63549","2640","42683","1418","59444","2487","75568","3304","49916","1737","4.9","(X)","(X)","(X)","(X)","(X)",
"5001400US0409","Congressional District 9 (114th Congress), Arizona","98645","2414","51277","1728","47368","1636","11.5","0.8","12.5","1.3","10.3","1.0","24.5","1.2","26.3","1.7","22.5","1.7","52.5","1.6","51.1","1.9","54.1","2.0","11.5","0.8","10.1","1.2","13.1","1.0","469692","3503","234298","2672","235394","2095","5.4","0.3","5.4","0.4","5.5","0.3","6.2","0.3","6.5","0.5","5.9","0.4","20.2","0.5","20.2","0.7","20.3","0.7","24.5","0.5","24.0","0.7","24.9","0.7","8.5","0.3","8.2","0.5","8.7","0.4","22.2","0.5","22.5","0.7","22.0","0.6","12.9","0.4","13.2","0.5","12.7","0.5","88.3","0.4","88.1","0.6","88.6","0.5","35.2","0.7","35.7","0.9","34.6","0.7","124617","2640","65870","1821","58747","1553","87.7","0.9","86.7","1.3","88.8","1.0","34.7","1.3","31.2","1.7","38.7","1.6","96701","2143","50477","1387","46224","1359","86.6","1.0","87.0","1.2","86.2","1.4","37.3","1.3","36.8","1.6","37.8","1.7","174634","2296","85555","1340","89079","1556","90.2","0.5","89.7","0.8","90.8","0.6","35.9","0.9","36.7","1.2","35.1","1.1","73740","1424","32396","905","41344","950","87.2","1.0","88.4","1.3","86.2","1.1","31.4","1.3","40.4","1.6","24.4","1.4","32.4","1.8","27.0","2.3","38.1","2.3","17.6","1.0","16.1","1.4","19.0","1.3","12.3","0.7","11.5","0.8","13.0","0.9","5.8","0.4","5.3","0.6","6.4","0.6","36352","386","40330","538","33123","521","18560","893","21072","661","14143","934","27893","985","30512","753","24811","1038","33890","707","37528","1148","31005","653","49398","1483","57453","2111","41296","1009","61835","1511","79718","4121","52731","1427","9.1","(X)","(X)","(X)","(X)","(X)",
"5001400US0501","Congressional District 1 (114th Congress), Arkansas","64109","446","33120","314","30989","321","17.9","1.1","20.5","1.5","15.2","1.5","37.3","1.6","42.7","2.1","31.6","2.1","40.2","1.6","33.5","2.1","47.4","2.4","4.5","0.6","3.3","0.7","5.8","1.0","490579","716","238172","675","252407","395","6.7","0.2","7.0","0.3","6.4","0.2","11.8","0.3","12.6","0.4","11.0","0.4","38.5","0.4","40.7","0.6","36.5","0.6","21.8","0.4","21.0","0.5","22.6","0.5","6.2","0.2","4.6","0.3","7.7","0.3","10.0","0.3","9.5","0.4","10.6","0.4","4.9","0.2","4.6","0.3","5.3","0.3","81.5","0.3","80.4","0.5","82.6","0.4","15.0","0.3","14.0","0.4","15.9","0.4","89778","741","45915","584","43863","413","87.2","0.9","83.8","1.5","90.9","0.9","16.1","0.9","12.9","1.1","19.4","1.3","88790","499","45077","414","43713","295","86.9","0.9","84.9","1.3","88.9","1.1","17.3","1.0","14.5","1.3","20.2","1.2","191828","574","94037","418","97791","361","84.0","0.5","82.1","0.7","85.9","0.7","15.3","0.5","14.1","0.7","16.5","0.7","120183","320","53143","237","67040","213","69.3","0.8","70.5","1.2","68.4","1.0","11.9","0.6","14.6","0.9","9.8","0.6","29.8","1.0","25.1","1.4","34.7","1.3","17.8","0.8","14.2","0.8","21.4","1.0","14.6","0.7","10.5","0.8","17.8","0.9","4.6","0.6","4.8","0.9","4.5","0.6","27909","461","32651","636","23171","444","18776","901","21761","799","13964","901","24795","510","30327","582","19257","468","27572","681","35825","1137","22616","723","41406","1327","50469","1643","36494","1279","51592","1051","63362","3705","47385","949","4.9","(X)","(X)","(X)","(X)","(X)",
"5001400US0502","Congressional District 2 (114th Congress), Arkansas","75594","420","37627","271","37967","273","13.7","1.1","16.2","2.0","11.3","1.3","28.9","1.4","31.7","1.9","26.1","1.9","48.0","1.7","44.7","2.2","51.3","2.7","9.3","1.0","7.4","1.2","11.3","1.5","492111","414","233728","354","258383","270","3.5","0.2","3.9","0.3","3.2","0.3","8.0","0.3","7.9","0.4","8.1","0.4","31.2","0.5","33.2","0.7","29.4","0.7","23.3","0.4","22.0","0.7","24.5","0.6","6.6","0.3","5.6","0.4","7.5","0.4","17.7","0.5","17.7","0.6","17.8","0.6","9.6","0.3","9.7","0.5","9.6","0.4","88.5","0.4","88.2","0.5","88.7","0.5","27.4","0.5","27.4","0.7","27.4","0.6","106462","425","52645","318","53817","266","90.2","0.8","90.1","1.1","90.3","1.2","29.7","1.2","26.5","1.5","32.9","1.4","95570","376","46854","265","48716","269","90.4","0.8","89.3","1.3","91.5","1.0","30.4","1.0","28.2","1.6","32.6","1.4","189319","436","90562","298","98757","266","90.3","0.6","89.7","0.8","90.9","0.7","27.0","0.8","26.3","1.0","27.6","1.0","100760","219","43667","175","57093","141","81.2","0.8","81.6","1.1","81.0","1.1","22.7","0.9","29.8","1.2","17.3","1.1","26.6","1.5","23.2","2.0","29.8","2.3","15.2","0.8","14.4","0.9","16.1","1.0","11.0","0.8","8.3","1.0","13.1","0.9","4.2","0.5","3.4","0.6","4.9","0.6","34415","459","40271","526","30068","408","20275","1003","22636","1525","16011","1221","27144","512","31719","872","22883","727","31772","558","39614","1176","27395","814","45460","878","52983","2020","39768","1546","61191","1226","73125","3133","52855","1650","4.5","(X)","(X)","(X)","(X)","(X)",
"5001400US0503","Congressional District 3 (114th Congress), Arkansas","80677","629","41321","390","39356","418","13.5","1.0","15.1","1.2","11.8","1.4","32.6","1.6","35.4","2.0","29.7","2.0","45.8","1.8","42.6","2.1","49.2","2.1","8.1","0.8","6.9","1.0","9.3","1.1","479520","1071","232847","697","246673","599","7.2","0.3","7.6","0.4","6.8","0.3","8.7","0.3","9.1","0.4","8.2","0.4","31.6","0.5","31.1","0.7","32.1","0.7","22.0","0.4","21.4","0.6","22.6","0.6","5.8","0.2","5.2","0.3","6.4","0.3","15.9","0.4","16.3","0.6","15.5","0.5","8.8","0.3","9.3","0.5","8.3","0.4","84.1","0.4","83.3","0.5","85.0","0.5","24.7","0.5","25.6","0.6","23.9","0.6","104109","739","52415","482","51694","490","86.4","0.9","85.3","1.2","87.5","1.0","27.4","1.2","25.4","1.5","29.4","1.4","97151","734","49181","498","47970","492","83.8","0.9","82.9","1.3","84.7","1.0","28.8","1.2","28.3","1.5","29.3","1.4","180287","840","88045","559","92242","477","85.1","0.5","83.3","0.7","86.8","0.7","24.2","0.7","25.0","1.0","23.6","0.8","97973","479","43206","297","54767","327","80.3","0.8","81.1","1.2","79.6","1.2","18.7","0.8","24.2","1.3","14.3","0.9","26.8","1.6","22.1","2.0","31.7","2.1","14.7","0.7","12.4","1.0","16.8","0.9","11.2","0.7","9.1","0.9","13.1","1.0","4.2","0.5","3.2","0.6","5.2","0.7","31187","443","36414","541","25857","335","21502","573","23243","1032","18483","999","25676","407","30471","754","21162","593","30511","625","36541","927","25478","717","47661","1176","59486","3018","39812","1222","60194","1482","76013","4120","50616","1176","4.6","(X)","(X)","(X)","(X)","(X)",
"5001400US0504","Congressional District 4 (114th Congress), Arkansas","67136","684","34201","520","32935","436","16.9","1.1","19.6","1.5","14.0","1.3","34.5","1.4","36.5","1.8","32.4","2.2","44.8","1.6","40.5","1.8","49.3","2.4","3.8","0.6","3.4","0.8","4.3","0.8","487753","1144","232851","859","254902","543","6.0","0.2","6.6","0.3","5.5","0.3","11.0","0.3","11.5","0.4","10.5","0.4","38.6","0.5","40.7","0.6","36.7","0.6","22.6","0.5","21.4","0.6","23.6","0.6","6.3","0.2","5.0","0.3","7.5","0.3","10.3","0.3","10.0","0.4","10.6","0.4","5.2","0.2","4.8","0.3","5.5","0.3","83.0","0.4","82.0","0.5","84.0","0.4","15.5","0.4","14.9","0.5","16.2","0.5","81626","934","40270","716","41356","491","86.7","0.9","83.7","1.3","89.6","1.0","15.4","1.0","11.9","1.1","18.8","1.5","85644","705","41513","453","44131","531","86.6","0.9","84.9","1.3","88.1","1.0","16.1","0.9","13.3","1.2","18.8","1.1","197224","861","96585","605","100639","488","85.1","0.6","83.3","0.8","86.7","0.6","16.4","0.6","15.3","0.7","17.5","0.8","123259","501","54483","348","68776","341","74.9","0.7","76.1","1.0","73.9","0.8","13.9","0.6","17.6","0.9","10.9","0.6","29.7","1.1","25.8","1.5","33.7","1.4","16.8","0.6","14.0","0.7","19.6","0.9","13.8","0.6","9.7","0.8","17.0","0.8","4.9","0.6","4.5","0.8","5.2","0.8","27355","309","33133","610","22457","395","19170","845","22510","1054","14011","695","24505","537","30777","647","18780","542","27124","412","35842","1029","22076","436","40627","928","49270","2917","36751","846","51372","990","63323","3463","47505","1463","4.9","(X)","(X)","(X)","(X)","(X)",
"5001400US0601","Congressional District 1 (114th Congress), California","74150","697","39854","620","34296","368","12.6","1.0","16.2","1.4","8.4","1.2","28.4","1.5","32.4","2.0","23.7","1.8","53.5","1.6","47.5","2.1","60.5","2.1","5.6","0.8","4.0","0.9","7.5","1.2","486274","1140","240235","905","246039","747","3.7","0.2","3.9","0.3","3.6","0.3","7.9","0.2","9.1","0.4","6.8","0.3","25.1","0.5","26.3","0.7","23.9","0.6","30.4","0.4","28.9","0.7","31.9","0.6","10.3","0.3","9.0","0.5","11.5","0.5","14.8","0.3","14.7","0.5","14.9","0.4","7.7","0.3","8.1","0.3","7.4","0.4","88.3","0.3","87.0","0.5","89.6","0.4","22.5","0.4","22.8","0.5","22.3","0.5","80388","706","43103","532","37285","522","86.3","0.9","83.3","1.2","89.7","1.3","18.5","1.0","15.1","1.2","22.5","1.5","74484","725","38672","537","35812","455","87.2","0.9","85.4","1.2","89.0","1.2","22.8","1.1","20.2","1.3","25.7","1.5","202217","913","98980","580","103237","542","90.2","0.4","88.6","0.7","91.8","0.5","24.2","0.6","24.1","0.8","24.2","0.7","129185","600","59480","485","69705","330","87.2","0.6","88.0","0.8","86.6","0.8","22.3","0.8","27.9","1.1","17.6","0.9","27.9","1.7","25.7","2.2","30.3","1.9","16.8","0.9","16.0","1.2","17.5","1.2","13.1","0.7","12.0","0.8","14.1","0.9","7.1","0.6","6.5","0.8","7.7","0.8","31264","391","37463","901","26152","446","19035","1096","22061","1522","12519","2339","26933","668","31718","1081","21754","1175","29984","719","36190","1111","25467","629","43120","1252","53503","2116","34560","2125","58592","2260","70935","4346","50441","1979","5.7","(X)","(X)","(X)","(X)","(X)",
"5001400US0602","Congressional District 2 (114th Congress), California","58381","755","30994","609","27387","464","14.0","1.2","17.4","1.8","10.2","1.2","28.0","1.7","31.3","2.7","24.1","2.2","51.1","1.9","46.8","3.0","56.0","2.5","6.9","0.6","4.5","0.7","9.6","1.2","506007","1430","247557","1123","258450","891","4.5","0.3","5.1","0.4","3.9","0.3","5.5","0.2","6.3","0.4","4.7","0.3","19.4","0.4","20.8","0.6","18.1","0.5","23.9","0.5","23.4","0.7","24.5","0.6","7.8","0.3","7.1","0.4","8.5","0.4","23.5","0.4","22.1","0.5","24.9","0.6","15.3","0.3","15.2","0.5","15.4","0.4","90.0","0.4","88.6","0.5","91.3","0.4","38.9","0.5","37.4","0.7","40.3","0.7","79974","1097","41925","880","38049","593","87.0","0.9","84.3","1.5","90.1","1.2","29.1","1.1","23.4","1.4","35.3","1.7","88565","840","45405","606","43160","537","88.0","0.9","86.2","1.3","89.9","1.1","41.4","1.3","36.1","1.6","47.1","1.4","218061","1032","106145","748","111916","548","91.9","0.5","90.5","0.7","93.2","0.5","40.9","0.7","39.2","0.9","42.5","1.0","119407","687","54082","513","65325","498","90.1","0.7","90.3","0.9","89.9","0.9","39.8","0.9","45.7","1.2","34.9","1.1","25.9","1.7","24.6","2.4","27.3","2.0","14.5","0.8","13.0","1.1","16.0","1.2","12.0","0.6","11.4","0.9","12.5","0.8","5.5","0.4","4.9","0.6","6.1","0.5","38337","855","44021","897","32564","717","19507","1234","23215","1274","14090","773","28829","1419","33371","1612","23417","1489","33356","959","39998","1345","27664","1148","50963","1072","63428","2344","42090","1127","72830","2408","92698","3402","57654","3573","7.8","(X)","(X)","(X)","(X)","(X)",
"5001400US0603","Congressional District 3 (114th Congress), California","90557","916","46356","783","44201","625","13.3","0.9","16.4","1.3","10.0","1.1","27.5","1.2","29.5","1.8","25.4","1.4","51.0","1.4","48.3","1.8","53.9","1.9","8.2","0.8","5.8","0.9","10.6","1.2","446786","1985","221770","1566","225016","1153","8.3","0.4","8.6","0.4","8.0","0.4","8.5","0.3","9.4","0.5","7.6","0.4","23.9","0.6","24.9","0.7","23.0","0.7","26.6","0.5","26.0","0.7","27.1","0.7","9.0","0.3","8.2","0.4","9.8","0.4","14.8","0.4","13.4","0.5","16.2","0.5","8.9","0.3","9.4","0.3","8.4","0.4","83.2","0.5","82.0","0.7","84.5","0.5","23.7","0.5","22.9","0.6","24.6","0.6","95413","1400","49907","956","45506","761","84.9","0.9","81.7","1.3","88.5","1.1","21.6","0.9","17.8","1.1","25.9","1.2","86846","1011","44296","867","42550","624","81.2","1.0","78.3","1.4","84.3","1.2","24.7","1.1","21.4","1.3","28.1","1.5","178447","1386","88958","950","89489","849","85.1","0.7","84.3","1.0","86.0","0.7","24.9","0.7","24.6","1.0","25.2","0.8","86080","824","38609","629","47471","579","79.4","1.0","81.3","1.4","77.9","1.1","22.7","0.9","27.2","1.4","19.1","1.0","23.7","1.4","20.7","1.7","27.0","1.7","14.6","0.9","13.6","1.0","15.6","1.2","9.8","0.6","8.2","0.7","11.2","0.8","4.9","0.4","4.3","0.5","5.4","0.5","36107","511","41249","631","30554","515","20703","648","24155","1075","14543","884","29304","1200","33763","1236","23672","1047","37725","971","46398","1253","30916","773","53533","1697","61465","2628","47165","2702","70702","2146","81167","2239","57961","3356","6.8","(X)","(X)","(X)","(X)","(X)",
"5001400US0604","Congressional District 4 (114th Congress), California","53239","830","28678","666","24561","477","11.6","0.9","12.7","1.4","10.4","1.5","34.7","1.8","37.4","2.6","31.5","2.5","47.6","2.0","45.5","2.8","50.1","2.6","6.1","0.8","4.4","1.0","8.1","1.3","500912","1337","246030","985","254882","921","2.4","0.2","2.5","0.2","2.2","0.2","4.9","0.2","5.7","0.3","4.1","0.3","22.0","0.5","22.1","0.6","21.9","0.7","28.9","0.5","28.0","0.6","29.8","0.7","10.4","0.3","9.3","0.5","11.5","0.4","21.1","0.4","21.3","0.6","20.8","0.5","10.3","0.3","10.9","0.4","9.7","0.4","92.7","0.3","91.7","0.4","93.7","0.3","31.4","0.5","32.3","0.6","30.5","0.6","74304","856","38711","614","35593","530","91.7","0.7","89.6","1.3","94.0","0.9","27.0","1.4","21.9","1.7","32.6","1.7","85929","837","42932","564","42997","495","92.5","0.7","90.8","1.1","94.2","0.7","37.6","1.3","34.3","1.6","41.0","1.6","215262","1204","106253","705","109009","828","94.2","0.4","92.9","0.6","95.4","0.4","31.9","0.6","33.1","0.9","30.7","0.9","125417","811","58134","564","67283","496","90.9","0.5","91.7","0.8","90.3","0.7","28.7","0.7","36.1","1.1","22.3","1.0","22.1","2.1","23.2","2.6","20.9","2.6","12.0","0.8","13.0","1.3","11.0","1.0","9.2","0.6","7.8","0.7","10.3","0.7","4.2","0.4","4.3","0.5","4.1","0.5","41670","568","50390","879","35130","856","21861","1504","24956","1617","16366","2145","30847","911","34195","2160","26398","1113","37256","889","46146","1741","30948","962","61000","1155","75120","2478","48638","2376","76107","2321","94958","4116","62652","3039","5.1","(X)","(X)","(X)","(X)","(X)",
"5001400US0605","Congressional District 5 (114th Congress), California","68188","1423","34689","899","33499","1014","14.0","1.1","16.6","1.7","11.3","1.3","28.8","1.3","32.3","1.9","25.1","2.0","51.0","1.5","46.3","2.1","55.9","2.1","6.2","0.7","4.8","0.8","7.7","1.1","491489","2208","234785","1717","256704","1442","7.3","0.3","7.9","0.4","6.8","0.3","6.5","0.3","7.4","0.4","5.7","0.3","21.2","0.5","22.2","0.7","20.4","0.6","25.9","0.4","25.5","0.6","26.2","0.5","9.5","0.3","8.5","0.4","10.3","0.3","20.0","0.4","18.8","0.6","21.1","0.5","9.6","0.3","9.7","0.5","9.4","0.4","86.1","0.3","84.7","0.5","87.5","0.4","29.6","0.5","28.5","0.6","30.5","0.6","95433","1913","48259","1213","47174","1067","84.1","1.0","81.5","1.3","86.7","1.2","24.3","1.0","19.2","1.3","29.4","1.4","88063","1391","43587","1012","44476","804","83.1","1.0","81.5","1.5","84.7","1.1","27.7","1.2","24.5","1.4","30.8","1.5","203664","1668","97698","1215","105966","972","87.9","0.6","86.0","0.8","89.7","0.6","31.6","0.7","30.3","0.9","32.7","0.8","104329","1133","45241","827","59088","860","87.0","0.7","88.2","1.1","86.1","0.8","32.1","1.0","38.5","1.4","27.3","1.3","21.8","1.4","18.9","1.8","24.9","1.4","14.0","0.9","12.8","1.1","15.2","1.3","9.4","0.6","8.6","0.8","10.1","0.7","5.0","0.5","4.4","0.6","5.5","0.6","39347","610","42929","835","34925","761","22323","870","26108","1063","16407","739","30628","689","34874","1444","24586","998","39911","691","45146","1277","35286","940","53722","1097","62731","2364","47412","1940","71655","2823","85286","5512","61946","2498","6.5","(X)","(X)","(X)","(X)","(X)",
"5001400US0606","Congressional District 6 (114th Congress), California","78476","1735","38832","1074","39644","1198","14.9","1.0","18.4","1.6","11.4","1.1","29.2","1.1","30.8","1.6","27.6","1.5","48.4","1.5","44.9","1.7","51.9","2.0","7.5","0.7","5.9","0.8","9.1","1.0","457990","2635","216964","1811","241026","1771","9.0","0.3","8.8","0.5","9.1","0.4","8.4","0.3","8.9","0.5","8.0","0.4","22.7","0.5","23.8","0.7","21.7","0.6","25.4","0.5","24.6","0.7","26.2","0.6","8.6","0.3","7.9","0.4","9.3","0.4","16.8","0.4","16.8","0.6","16.9","0.5","8.9","0.3","9.1","0.4","8.8","0.3","82.6","0.5","82.3","0.7","82.9","0.5","25.8","0.5","25.9","0.6","25.7","0.6","118996","2207","57636","1428","61360","1228","86.3","0.9","84.8","1.3","87.7","1.0","27.8","1.1","26.0","1.5","29.5","1.2","92620","1531","46048","1032","46572","986","81.2","0.9","79.8","1.4","82.6","1.3","27.2","1.2","24.7","1.4","29.6","1.6","168012","1782","79940","1237","88072","1008","83.5","0.8","83.0","1.1","83.9","0.9","24.2","0.8","24.5","0.9","24.0","0.9","78362","1236","33340","781","45022","897","76.5","1.1","79.3","1.5","74.5","1.3","24.5","1.0","30.9","1.6","19.8","1.1","34.3","1.3","31.3","1.6","37.1","1.8","22.7","1.1","22.1","1.6","23.3","1.1","15.6","0.7","14.3","0.9","16.7","0.9","7.1","0.6","7.1","0.9","7.2","0.7","34418","630","35882","799","32888","865","17212","586","19703","1116","14671","695","26791","889","28847","1855","25184","1134","33530","843","35785","964","31845","849","51164","853","56570","2174","46645","1524","68553","2594","76650","1573","60970","2327","5.9","(X)","(X)","(X)","(X)","(X)",
"5001400US0607","Congressional District 7 (114th Congress), California","63568","1595","32959","1087","30609","1093","13.5","1.1","15.9","1.6","10.9","1.4","29.4","1.4","31.7","2.2","26.9","2.1","50.7","1.7","47.1","2.3","54.7","2.4","6.4","0.9","5.3","1.2","7.6","1.1","480046","2460","230721","1552","249325","1660","4.7","0.2","4.6","0.3","4.8","0.3","5.6","0.2","6.5","0.3","4.6","0.3","21.1","0.5","21.2","0.7","21.0","0.6","26.8","0.4","26.4","0.6","27.3","0.6","10.3","0.4","9.6","0.5","11.0","0.5","21.0","0.5","20.8","0.6","21.2","0.5","10.5","0.4","11.0","0.5","10.1","0.5","89.7","0.3","88.9","0.5","90.5","0.4","31.5","0.5","31.8","0.7","31.2","0.6","96575","1816","49619","1237","46956","1048","91.1","0.8","88.8","1.2","93.5","0.9","29.2","1.3","24.4","1.6","34.3","1.4","96745","1487","47584","969","49161","941","90.3","0.8","88.4","1.2","92.2","0.9","34.8","1.2","32.9","1.6","36.8","1.6","193220","1490","93453","1079","99767","990","90.7","0.4","89.7","0.7","91.6","0.6","32.6","0.7","33.2","0.9","32.1","0.9","93506","1098","40065","680","53441","851","85.8","0.8","87.9","1.1","84.2","1.0","28.0","0.9","36.2","1.4","21.8","1.1","25.6","1.8","24.9","2.5","26.2","2.0","14.2","1.0","13.4","1.2","15.0","1.3","10.3","0.7","9.4","0.9","11.0","0.8","3.7","0.3","3.2","0.4","4.2","0.5","41685","572","47700","1264","36323","712","20636","1091","23257","1715","16143","1181","28266","957","31641","1307","25648","956","38303","841","44480","1297","33541","1056","58157","1982","69102","2549","49572","1448","77153","1790","88750","4165","66600","2145","6.0","(X)","(X)","(X)","(X)","(X)",
"5001400US0608","Congressional District 8 (114th Congress), California","75728","1781","41238","1493","34490","1193","15.9","1.2","17.5","2.0","14.0","1.5","37.1","1.7","41.7","2.4","31.7","2.3","42.5","1.6","37.8","2.0","48.2","2.5","4.5","1.0","3.1","0.8","6.2","1.7","434792","3016","213842","2000","220950","1935","6.6","0.3","6.3","0.4","6.8","0.4","11.1","0.4","11.6","0.6","10.7","0.5","29.3","0.7","31.2","1.0","27.5","0.9","28.5","0.6","27.8","0.7","29.1","0.9","9.0","0.4","8.3","0.6","9.7","0.5","9.5","0.4","9.1","0.5","9.9","0.5","6.0","0.3","5.7","0.4","6.3","0.4","82.3","0.5","82.1","0.7","82.5","0.7","15.5","0.5","14.8","0.5","16.2","0.7","91860","2160","45986","1435","45874","1370","85.0","0.9","84.5","1.4","85.5","1.4","13.8","1.0","11.2","1.3","16.4","1.4","84148","1917","42758","1294","41390","1161","79.9","1.3","78.2","1.8","81.6","1.7","15.0","1.0","12.8","1.3","17.2","1.5","174035","2130","85352","1279","88683","1391","83.4","0.7","83.1","1.0","83.7","1.0","16.6","0.8","15.6","0.8","17.5","1.1","84749","1407","39746","754","45003","1058","79.5","0.9","81.3","1.4","77.9","1.3","15.7","1.0","19.2","1.5","12.7","1.1","30.2","1.8","27.3","2.2","33.0","2.1","18.6","1.1","17.3","1.4","19.9","1.5","13.9","0.8","10.6","0.9","16.8","1.1","6.1","0.7","5.7","1.0","6.5","0.9","34748","813","41209","644","26387","659","20708","741","25039","1465","13867","1051","30811","973","36748","1009","22675","877","36330","950","46389","1579","26242","838","50151","2116","59139","4333","41244","2998","67311","3484","73373","4454","63316","3563","6.3","(X)","(X)","(X)","(X)","(X)",
"5001400US0609","Congressional District 9 (114th Congress), California","75623","1714","39444","1005","36179","1140","18.8","1.1","20.9","1.6","16.5","1.5","31.4","1.5","33.8","1.9","28.7","2.2","45.1","1.5","41.7","1.9","48.8","2.5","4.8","0.6","3.6","0.8","6.0","1.0","446249","1857","216040","1570","230209","1196","11.0","0.4","11.4","0.6","10.5","0.4","9.6","0.4","10.2","0.5","9.1","0.4","25.3","0.6","26.4","0.9","24.3","0.7","25.3","0.5","24.5","0.7","26.1","0.6","9.4","0.3","8.5","0.4","10.3","0.4","13.3","0.4","12.9","0.6","13.7","0.5","6.0","0.3","6.1","0.4","5.9","0.4","79.4","0.5","78.4","0.7","80.4","0.5","19.3","0.5","19.0","0.6","19.7","0.7","93706","1466","46972","1047","46734","895","80.0","1.2","77.3","1.6","82.7","1.4","15.8","1.0","13.4","1.4","18.3","1.3","93961","1331","46628","1010","47333","747","79.6","1.1","77.8","1.6","81.3","1.4","20.6","1.1","17.6","1.4","23.5","1.7","175827","1608","85903","1082","89924","915","81.3","0.6","80.2","0.9","82.3","0.8","20.1","0.8","19.9","1.0","20.3","1.1","82755","1085","36537","724","46218","727","74.6","1.0","76.1","1.4","73.4","1.2","20.1","1.0","25.6","1.7","15.7","1.1","28.0","1.3","24.9","1.6","31.2","1.5","15.7","0.9","14.8","1.1","16.7","1.2","11.5","0.6","9.1","0.8","13.6","0.9","5.0","0.7","4.3","0.8","5.6","0.9","34370","618","39183","1074","29055","958","19007","608","23043","1122","12957","821","29116","1418","32906","1402","22629","1642","37282","923","48004","2499","30738","889","55520","2011","67093","3832","47180","2160","72684","1769","84258","5667","66969","2129","7.3","(X)","(X)","(X)","(X)","(X)",
"5001400US0610","Congressional District 10 (114th Congress), California","72131","1020","36968","669","35163","714","14.1","0.9","17.2","1.4","10.8","1.2","36.9","1.4","37.3","1.9","36.4","2.2","45.3","1.6","42.8","2.0","48.1","2.2","3.7","0.6","2.7","0.7","4.7","0.9","440909","1221","213748","1079","227161","820","11.4","0.4","11.6","0.5","11.2","0.5","9.8","0.4","10.5","0.5","9.1","0.5","28.6","0.6","29.6","0.7","27.7","0.7","25.1","0.5","24.7","0.7","25.6","0.7","7.9","0.3","7.2","0.4","8.7","0.4","11.9","0.4","11.1","0.5","12.7","0.5","5.3","0.2","5.5","0.3","5.0","0.3","78.8","0.5","78.0","0.6","79.7","0.6","17.1","0.4","16.6","0.6","17.7","0.5","96893","1055","48809","755","48084","590","83.2","1.0","80.7","1.4","85.6","1.2","15.6","1.0","12.6","1.2","18.7","1.2","93856","841","46323","629","47533","518","79.9","1.0","77.9","1.4","81.8","1.2","18.3","0.9","16.2","1.2","20.5","1.2","171792","1056","84451","741","87341","608","79.2","0.6","78.1","1.0","80.2","0.8","18.1","0.6","18.1","0.8","18.2","0.8","78368","708","34165","451","44203","493","71.6","1.1","73.9","1.5","69.8","1.5","15.4","0.8","19.3","1.2","12.5","1.0","25.2","1.3","21.9","1.5","28.5","1.6","15.7","1.0","13.6","1.2","17.7","1.3","10.6","0.6","8.6","0.8","12.3","0.9","4.1","0.5","3.5","0.6","4.7","0.9","33871","620","41247","656","26593","543","19580","895","24956","1167","12311","635","29504","1134","36570","1172","22492","932","36929","870","46358","897","29092","1313","52560","1558","62447","3010","46283","3027","72612","2035","87840","3076","59839","2283","5.5","(X)","(X)","(X)","(X)","(X)",
"5001400US0611","Congressional District 11 (114th Congress), California","61828","1099","31530","757","30298","776","13.3","0.9","14.7","1.3","11.9","1.4","29.3","1.7","31.9","2.3","26.6","2.1","46.9","1.4","45.0","2.2","48.8","2.3","10.5","1.0","8.4","1.2","12.7","1.4","493646","1938","234678","1323","258968","1313","6.4","0.3","6.6","0.4","6.3","0.3","5.6","0.2","6.2","0.4","5.1","0.2","18.0","0.4","18.2","0.6","17.8","0.5","20.8","0.5","20.2","0.6","21.4","0.6","7.5","0.3","6.3","0.3","8.5","0.4","25.9","0.5","25.3","0.7","26.4","0.6","15.8","0.4","17.2","0.6","14.5","0.4","88.0","0.3","87.2","0.4","88.7","0.4","41.7","0.6","42.5","0.7","41.0","0.7","91390","1334","45935","848","45455","980","86.3","0.9","83.9","1.3","88.8","1.0","35.5","1.3","31.1","1.7","39.9","1.6","96194","998","46886","676","49308","765","84.8","0.9","83.6","1.1","85.8","1.1","44.5","1.2","41.5","1.6","47.3","1.6","201875","1247","96798","860","105077","823","89.8","0.5","89.2","0.8","90.4","0.6","43.4","0.7","44.7","1.0","42.2","0.9","104187","900","45059","526","59128","635","88.8","0.6","90.0","0.8","87.8","0.9","41.2","0.9","50.4","1.4","34.2","1.2","24.3","1.6","21.9","1.8","26.8","2.0","14.1","1.0","12.9","1.3","15.3","1.4","9.1","0.7","7.7","1.1","10.3","0.8","3.7","0.3","3.2","0.4","4.2","0.4","45487","777","52187","683","38884","1111","20389","752","23298","1052","15397","925","30588","699","33489","1863","26252","930","40514","1050","46512","1690","34460","1409","65476","1491","81764","2464","52526","1469","90168","2899","116334","5403","70323","2287","6.0","(X)","(X)","(X)","(X)","(X)",
"5001400US0612","Congressional District 12 (114th Congress), California","56746","963","27154","621","29592","640","7.9","0.9","9.9","1.4","6.1","1.0","19.2","1.4","21.1","2.0","17.5","1.8","43.4","2.0","40.7","2.4","45.8","2.9","29.5","1.5","28.3","2.1","30.6","2.1","569803","1682","293435","1024","276368","1073","8.0","0.3","6.5","0.3","9.6","0.4","5.0","0.2","5.1","0.4","4.9","0.3","12.3","0.4","12.4","0.5","12.3","0.5","14.9","0.4","15.9","0.5","13.9","0.5","5.3","0.2","5.0","0.3","5.6","0.3","32.9","0.4","33.2","0.6","32.7","0.6","21.5","0.4","22.0","0.6","21.0","0.6","87.0","0.4","88.4","0.4","85.5","0.5","54.5","0.5","55.2","0.7","53.7","0.6","165868","1182","85246","716","80622","767","95.5","0.5","95.0","0.7","96.0","0.6","71.8","0.9","69.5","1.3","74.2","1.0","120839","907","65839","524","55000","583","92.1","0.6","91.8","0.9","92.3","0.9","64.4","1.1","62.8","1.6","66.2","1.5","183658","1060","98182","678","85476","643","84.2","0.6","86.3","0.6","81.8","1.0","44.0","0.8","45.3","1.0","42.5","1.1","99438","689","44168","501","55270","458","71.7","1.0","75.2","1.5","68.9","1.3","32.8","1.0","37.9","1.4","28.7","1.2","25.7","1.5","23.1","2.1","27.8","1.7","17.6","1.2","16.0","1.5","19.3","1.9","14.7","0.9","15.2","1.3","14.0","1.1","6.4","0.4","5.9","0.5","6.9","0.5","52304","502","58449","2120","47329","1113","20226","885","22982","1527","16445","1242","26087","878","29118","1964","22351","865","36549","1214","38870","2059","34408","1611","65984","1003","73156","2731","59343","2565","86523","1489","102193","1898","72694","1900","7.5","(X)","(X)","(X)","(X)","(X)",
"5001400US0613","Congressional District 13 (114th Congress), California","82355","1571","40084","1185","42271","877","10.6","0.8","13.6","1.2","7.8","0.9","19.5","1.1","21.6","1.4","17.5","1.5","53.4","1.6","50.0","2.3","56.6","2.1","16.5","1.1","14.9","1.6","18.1","1.4","498783","1823","238752","1534","260031","1423","8.5","0.3","8.3","0.4","8.7","0.4","6.4","0.3","6.7","0.3","6.2","0.3","15.9","0.4","17.2","0.6","14.6","0.5","18.2","0.3","18.7","0.5","17.8","0.5","6.0","0.2","5.5","0.3","6.4","0.3","24.7","0.4","24.0","0.5","25.4","0.6","20.2","0.4","19.5","0.5","20.9","0.5","85.0","0.4","85.0","0.5","85.1","0.5","45.0","0.5","43.5","0.6","46.3","0.6","119763","1775","59755","1269","60008","1177","89.3","0.7","87.9","1.0","90.8","0.9","50.6","1.2","46.3","1.5","55.0","1.3","107208","1300","53273","932","53935","871","84.9","0.8","84.0","1.0","85.8","1.0","48.6","0.8","44.9","1.2","52.1","1.2","182275","1470","87059","1017","95216","963","85.2","0.6","85.1","0.9","85.3","0.6","42.3","0.8","40.8","1.1","43.6","1.0","89537","1039","38665","626","50872","880","79.1","1.0","81.5","1.2","77.3","1.2","38.6","1.1","43.2","1.5","35.2","1.2","29.9","1.5","25.3","1.8","34.1","1.7","19.4","1.0","17.2","1.3","21.7","1.3","14.3","0.7","12.8","0.9","15.7","1.0","6.8","0.4","6.8","0.6","6.8","0.5","41045","499","43219","950","38551","1043","19680","762","22967","1054","15076","811","26240","630","29253","2066","22290","998","35448","862","38463","1755","31813","837","51688","816","56658","2217","47725","1555","71854","1518","84817","2282","62844","1667","5.8","(X)","(X)","(X)","(X)","(X)",
"5001400US0614","Congressional District 14 (114th Congress), California","62386","1162","32616","786","29770","800","10.3","1.0","11.4","1.3","9.0","1.3","23.0","1.3","23.4","2.0","22.4","1.9","51.3","1.6","51.9","2.4","50.6","2.2","15.5","1.2","13.2","1.3","18.0","1.8","514245","2067","247635","1445","266610","1351","6.8","0.3","6.4","0.4","7.1","0.3","5.5","0.2","5.7","0.4","5.2","0.3","17.7","0.4","18.5","0.6","17.0","0.4","19.8","0.4","20.4","0.6","19.2","0.5","7.7","0.2","7.0","0.4","8.3","0.4","26.8","0.4","25.4","0.5","28.1","0.5","15.8","0.3","16.5","0.4","15.1","0.4","87.8","0.4","87.9","0.5","87.7","0.4","42.6","0.5","41.9","0.6","43.2","0.6","102154","1587","51881","1044","50273","1010","90.5","0.9","89.7","1.4","91.4","1.0","46.6","1.2","41.6","1.5","51.8","1.6","107894","1272","53882","759","54012","777","88.8","0.7","87.9","1.0","89.8","1.0","49.8","1.1","46.2","1.4","53.3","1.4","201568","1365","98436","897","103132","915","88.6","0.5","88.5","0.7","88.8","0.6","41.3","0.8","40.9","0.9","41.6","0.9","102629","995","43436","638","59193","676","82.1","0.7","84.3","1.2","80.5","0.9","33.6","0.8","39.4","1.2","29.3","1.1","15.1","1.4","12.8","1.6","17.2","1.8","9.3","0.7","8.8","0.9","9.9","1.1","6.2","0.5","5.8","0.7","6.7","0.6","3.8","0.3","3.7","0.5","4.0","0.4","47750","740","52007","589","42431","757","22440","762","26100","1084","18650","1425","31004","683","34064","1997","26976","1005","42408","834","46845","1309","38576","1103","62059","797","71962","2023","54860","1473","99043","2151","112931","3453","78392","3051","7.1","(X)","(X)","(X)","(X)","(X)",
"5001400US0615","Congressional District 15 (114th Congress), California","59034","1487","30918","1014","28116","908","13.6","1.3","15.4","1.7","11.5","1.6","28.2","1.4","32.2","1.9","23.7","1.9","46.6","1.6","43.4","1.7","50.1","2.3","11.7","0.9","8.9","1.1","14.7","1.3","489583","2248","236087","1590","253496","1749","6.1","0.3","5.7","0.4","6.5","0.3","5.5","0.2","5.7","0.3","5.2","0.3","20.5","0.5","20.3","0.7","20.7","0.6","20.2","0.4","19.9","0.6","20.4","0.5","7.7","0.3","7.2","0.4","8.2","0.4","25.6","0.4","25.1","0.6","26.1","0.6","14.4","0.3","16.1","0.5","12.8","0.4","88.4","0.3","88.6","0.5","88.3","0.4","40.0","0.5","41.2","0.7","38.9","0.7","100248","1870","48847","1447","51401","1171","90.1","0.7","88.6","1.0","91.6","0.9","41.2","1.4","37.0","1.6","45.3","1.8","110987","1631","54335","1092","56652","979","90.1","0.6","89.1","0.9","91.0","0.8","48.9","1.2","48.9","1.5","49.0","1.4","197618","1802","97817","1110","99801","1225","89.5","0.5","89.7","0.7","89.4","0.7","39.5","0.9","41.5","1.1","37.6","1.2","80730","1102","35088","697","45642","864","81.3","0.9","84.6","1.2","78.7","1.1","27.3","1.0","34.4","1.6","21.9","1.0","18.0","1.3","14.9","1.5","20.7","1.9","10.8","0.8","9.5","1.2","11.9","1.1","6.2","0.5","5.0","0.7","7.3","0.7","3.0","0.3","2.5","0.3","3.5","0.4","50754","529","60723","903","41938","584","22782","840","26718","985","18153","820","33545","852","38130","1458","30074","1564","43754","863","52030","766","37232","1269","71001","1204","85468","2242","57226","2578","102377","1216","123055","2890","78081","2887","5.2","(X)","(X)","(X)","(X)","(X)",
"5001400US0616","Congressional District 16 (114th Congress), California","84220","1239","43233","797","40987","798","22.7","1.2","26.3","1.7","18.9","1.4","28.9","1.2","29.9","1.8","27.7","1.6","45.9","1.6","41.8","2.4","50.1","1.8","2.5","0.4","1.9","0.5","3.2","0.6","406751","1870","198277","1372","208474","1089","20.8","0.5","21.8","0.6","19.8","0.6","13.7","0.4","14.4","0.6","13.1","0.6","24.8","0.5","25.6","0.7","24.1","0.6","22.1","0.5","21.0","0.7","23.2","0.7","6.7","0.3","6.0","0.4","7.4","0.4","8.2","0.4","7.7","0.5","8.6","0.5","3.6","0.2","3.6","0.3","3.6","0.2","65.5","0.6","63.8","0.7","67.1","0.7","11.8","0.4","11.2","0.5","12.3","0.5","106126","1468","53310","1041","52816","743","72.3","1.1","69.4","1.6","75.2","1.2","11.2","0.7","8.9","1.0","13.6","1.1","87016","981","43316","692","43700","686","62.7","1.2","60.1","1.5","65.2","1.5","11.1","0.9","10.1","1.2","12.1","1.1","147122","1380","71670","940","75452","858","64.7","0.9","63.4","1.1","66.0","1.1","12.2","0.6","12.1","0.8","12.3","0.8","66487","797","29981","562","36506","552","60.0","1.0","60.2","1.5","59.8","1.4","12.6","0.9","15.0","1.2","10.7","1.0","34.6","1.0","30.4","1.2","38.9","1.3","23.6","1.1","21.8","1.4","25.4","1.4","18.7","0.9","15.3","1.1","21.6","1.2","8.1","1.0","8.3","1.5","8.0","1.1","24613","385","27096","472","21182","443","17424","433","20304","493","12325","461","24957","687","27367","1389","20975","998","29535","918","36297","1567","24274","1034","43467","1439","48345","3395","40582","2150","63564","3106","65871","4942","61366","3835","7.7","(X)","(X)","(X)","(X)","(X)",
"5001400US0617","Congressional District 17 (114th Congress), California","55632","1625","29079","1301","26553","920","10.3","1.0","11.2","1.4","9.4","1.3","24.2","1.1","25.2","1.7","23.1","1.5","46.5","1.7","45.8","2.4","47.4","2.2","18.9","1.3","17.8","1.9","20.2","1.4","504311","2232","250561","1795","253750","1729","5.2","0.2","4.0","0.3","6.3","0.3","4.7","0.2","4.5","0.3","4.9","0.3","15.7","0.4","15.0","0.5","16.4","0.5","15.0","0.4","14.5","0.5","15.4","0.4","6.9","0.2","6.1","0.3","7.6","0.3","28.1","0.5","27.1","0.5","29.1","0.6","24.5","0.4","28.7","0.6","20.4","0.5","90.1","0.3","91.4","0.4","88.8","0.4","52.6","0.5","55.8","0.7","49.4","0.6","120937","2341","61128","1682","59809","1272","94.4","0.6","93.7","0.7","95.1","0.6","63.8","0.9","62.6","1.3","65.0","1.2","117095","1729","60735","1026","56360","1082","92.7","0.6","93.4","0.8","92.0","0.8","61.6","1.1","63.4","1.3","59.6","1.4","185227","1538","92886","1121","92341","1020","90.1","0.5","91.3","0.6","88.9","0.6","47.7","0.7","51.5","1.0","43.8","0.9","81052","1330","35812","725","45240","986","80.0","0.8","84.8","1.0","76.2","1.2","34.2","1.0","42.4","1.4","27.8","1.3","17.0","1.5","16.1","2.1","17.6","1.7","10.8","1.0","9.8","1.3","11.7","1.4","7.3","0.5","6.0","0.7","8.4","0.9","3.0","0.3","3.1","0.4","2.9","0.3","60541","628","75717","1133","46963","1091","22714","1096","26621","1391","18435","1739","31912","664","36268","1528","27836","1447","43006","996","48744","1381","37992","1512","75822","1230","92170","1634","59232","2891","104451","962","120241","1576","80941","1798","5.8","(X)","(X)","(X)","(X)","(X)",
"5001400US0618","Congressional District 18 (114th Congress), California","55203","1407","29529","1128","25674","996","9.1","1.0","10.5","1.4","7.6","1.1","23.8","1.5","25.4","2.1","22.0","1.7","46.5","1.8","45.0","2.8","48.2","2.0","20.6","1.5","19.1","1.9","22.3","1.9","505062","2516","248382","1887","256680","1926","3.3","0.2","3.4","0.3","3.3","0.3","3.4","0.2","3.6","0.3","3.3","0.3","11.9","0.4","11.3","0.4","12.5","0.5","16.2","0.4","15.5","0.5","16.8","0.5","6.7","0.2","5.6","0.4","7.8","0.3","29.6","0.5","28.4","0.7","30.8","0.6","28.9","0.4","32.3","0.6","25.6","0.6","93.2","0.3","93.1","0.4","93.4","0.4","58.5","0.5","60.7","0.7","56.4","0.6","96074","2039","49983","1493","46091","1307","92.2","0.9","91.3","1.3","93.2","1.1","58.8","1.2","56.4","1.6","61.4","1.7","105410","1861","51710","1178","53700","1197","92.8","0.7","91.8","1.1","93.7","0.7","64.1","1.2","62.7","1.5","65.4","1.5","202655","1841","101869","1194","100786","1238","94.9","0.3","94.5","0.4","95.3","0.4","59.0","0.7","60.9","1.0","57.2","1.0","100923","1288","44820","903","56103","833","91.4","0.6","93.3","0.8","89.9","0.8","51.3","0.9","62.6","1.4","42.3","1.1","20.2","2.1","18.1","2.3","22.4","2.9","11.6","1.2","8.9","1.3","14.0","2.0","7.7","0.6","7.5","0.9","7.9","0.7","3.3","0.3","2.8","0.3","3.8","0.4","64504","1178","81515","1319","50739","763","21065","882","24502","2142","16999","1316","32405","1373","37189","2450","26205","1257","43514","1122","51361","1319","37249","1826","80200","1593","100535","1666","60056","2475","108495","1356","132849","3302","81331","1253","5.2","(X)","(X)","(X)","(X)","(X)",
"5001400US0619","Congressional District 19 (114th Congress), California","73427","1428","37836","1151","35591","1178","14.0","1.0","17.4","1.4","10.4","1.3","27.6","1.1","28.6","1.5","26.6","1.4","48.2","1.3","44.4","1.7","52.3","1.8","10.2","0.9","9.6","1.5","10.7","1.1","474694","2163","235944","1496","238750","1662","11.5","0.3","10.7","0.4","12.3","0.5","9.2","0.4","9.5","0.5","8.9","0.4","19.9","0.6","19.9","0.7","19.8","0.7","19.7","0.4","19.5","0.6","19.8","0.5","7.6","0.3","7.5","0.4","7.7","0.4","20.9","0.4","20.7","0.6","21.1","0.5","11.2","0.3","12.1","0.5","10.3","0.3","79.3","0.5","79.8","0.7","78.8","0.5","32.1","0.4","32.8","0.6","31.4","0.6","107606","1704","56213","1198","51393","1059","83.6","1.0","81.3","1.4","86.0","1.1","33.8","1.1","30.8","1.4","37.1","1.4","108441","1566","55054","938","53387","1054","80.6","0.9","80.4","1.3","80.8","1.1","35.5","0.9","34.7","1.3","36.3","1.2","181795","1520","90680","977","91115","980","80.0","0.6","80.6","0.7","79.3","0.9","31.6","0.7","33.2","0.9","29.9","0.9","76852","1117","33997","718","42855","724","69.7","1.1","73.9","1.4","66.4","1.4","26.3","1.0","32.1","1.5","21.7","1.2","21.6","1.2","18.2","1.5","24.8","1.4","13.1","1.0","12.1","1.2","14.1","1.3","8.5","0.5","7.9","0.7","9.2","0.7","4.1","0.4","4.0","0.5","4.2","0.5","41715","554","47092","875","35632","855","21986","485","25835","774","17000","635","30234","696","33567","1420","24725","1263","41103","751","47059","1386","35607","992","67328","1721","80371","2672","55766","2427","96240","4012","117048","4682","76808","3494","8.6","(X)","(X)","(X)","(X)","(X)",
"5001400US0620","Congressional District 20 (114th Congress), California","90371","683","47062","453","43309","443","16.3","1.0","18.5","1.4","13.9","1.2","26.2","1.2","28.1","1.8","24.0","1.7","51.6","1.4","48.4","1.7","55.0","2.0","5.9","0.8","4.9","1.0","7.0","1.0","448298","970","224119","734","224179","616","16.3","0.4","16.6","0.5","16.0","0.5","8.7","0.4","9.9","0.5","7.6","0.4","19.6","0.4","20.3","0.5","19.0","0.6","20.9","0.5","20.7","0.7","21.0","0.6","8.1","0.3","7.2","0.3","9.0","0.4","16.3","0.4","15.2","0.6","17.4","0.5","10.1","0.3","10.1","0.4","10.1","0.4","75.0","0.4","73.5","0.6","76.5","0.5","26.4","0.5","25.3","0.7","27.5","0.6","101287","690","53486","390","47801","495","74.4","1.0","71.6","1.3","77.6","1.3","21.7","0.9","17.7","1.1","26.2","1.2","91838","628","48213","431","43625","392","69.5","0.9","68.3","1.3","70.8","1.3","23.3","0.9","20.2","1.1","26.6","1.3","173997","764","86974","539","87023","500","76.9","0.6","75.3","0.9","78.4","0.8","27.7","0.8","26.8","1.1","28.6","0.9","81176","506","35446","351","45730","324","77.9","0.8","79.0","1.0","77.0","1.1","32.9","1.1","39.7","1.3","27.6","1.3","23.2","1.4","19.0","1.7","27.7","1.6","12.7","0.8","11.6","1.0","13.8","1.1","9.4","0.6","8.2","0.8","10.5","0.8","5.6","0.5","5.3","0.6","5.9","0.6","31148","399","34681","913","26674","521","17898","515","20956","542","14143","496","26738","646","30543","810","22919","1397","36913","834","41743","981","31667","840","52153","1074","63773","2728","43478","2227","67898","2009","82063","3118","57692","2470","6.4","(X)","(X)","(X)","(X)","(X)",
"5001400US0621","Congressional District 21 (114th Congress), California","85777","1575","48563","1168","37214","952","26.3","1.4","31.1","2.0","20.0","1.6","33.0","1.4","34.5","1.7","31.0","1.8","38.5","1.6","32.8","2.0","45.9","2.1","2.3","0.4","1.6","0.5","3.1","0.5","398328","2651","215079","1890","183249","1405","26.6","0.6","26.4","0.7","26.8","0.7","16.0","0.5","18.4","0.6","13.3","0.6","24.8","0.6","25.7","0.8","23.7","0.7","18.8","0.4","17.9","0.5","19.9","0.6","5.7","0.3","4.8","0.3","6.7","0.4","5.8","0.3","4.8","0.3","6.8","0.4","2.4","0.2","2.0","0.2","2.7","0.3","57.4","0.7","55.2","0.8","59.9","0.8","8.1","0.3","6.9","0.4","9.6","0.4","109334","1679","62086","1269","47248","865","65.9","1.1","61.5","1.6","71.7","1.3","7.3","0.6","5.1","0.6","10.3","1.0","93485","1507","52035","987","41450","948","54.7","1.4","52.9","1.7","56.9","1.8","8.6","0.7","6.8","0.8","10.8","1.1","142017","1720","76545","1231","65472","852","54.6","1.1","52.9","1.3","56.7","1.3","8.0","0.5","7.2","0.6","9.0","0.7","53492","1081","24413","655","29079","693","51.8","1.3","51.2","2.0","52.3","1.6","9.1","0.8","10.5","1.2","8.0","0.9","33.3","1.1","28.8","1.2","38.3","1.3","23.7","1.1","19.5","1.2","28.2","1.7","15.7","0.9","12.3","1.1","18.5","1.3","6.4","1.0","5.1","1.3","7.5","1.4","22286","276","25871","385","18178","459","16209","335","19753","623","11356","303","23882","699","26993","604","19001","1103","30016","931","36657","1306","24522","1044","48010","2099","56765","5120","42573","3257","62070","4495","71979","4524","53038","4511","8.5","(X)","(X)","(X)","(X)","(X)",
"5001400US0622","Congressional District 22 (114th Congress), California","79477","1559","39384","1115","40093","1084","15.9","1.1","19.8","1.6","12.1","1.4","27.6","1.4","30.6","2.1","24.6","1.7","51.2","1.5","45.6","2.3","56.7","2.1","5.3","0.6","4.0","0.8","6.6","1.0","436032","2234","210812","1743","225220","1314","11.9","0.4","12.4","0.5","11.5","0.4","8.4","0.4","9.5","0.5","7.4","0.4","22.7","0.5","23.2","0.7","22.3","0.7","24.6","0.5","24.2","0.7","24.9","0.7","9.0","0.3","7.8","0.5","10.1","0.4","15.5","0.5","14.7","0.6","16.2","0.6","7.8","0.3","8.1","0.4","7.5","0.4","79.6","0.5","78.1","0.7","81.1","0.5","23.3","0.5","22.9","0.6","23.7","0.7","101278","1651","51529","1128","49749","911","83.2","0.8","80.6","1.3","86.0","1.0","20.6","1.1","16.7","1.2","24.6","1.6","90187","1268","44519","839","45668","800","79.0","1.2","77.0","1.6","80.9","1.4","24.3","1.3","22.1","1.7","26.4","1.6","163258","1426","79318","916","83940","822","79.8","0.7","78.2","0.9","81.3","0.8","25.2","0.7","25.5","1.0","24.9","0.9","81309","963","35446","620","45863","639","75.6","1.1","75.5","1.2","75.6","1.3","21.7","0.9","26.8","1.3","17.8","0.9","30.5","1.5","28.2","1.5","32.9","1.9","17.7","1.1","15.7","1.5","19.7","1.5","12.4","0.8","10.3","1.0","14.2","1.2","3.9","0.5","3.3","0.5","4.4","0.6","32928","673","36909","780","29170","1136","17255","540","19820","726","12917","1016","27489","1174","31677","1156","22428","1177","33446","891","41258","1271","27445","1201","54360","1364","64278","3840","48421","2174","70861","1926","80870","3399","64322","2660","6.9","(X)","(X)","(X)","(X)","(X)",
"5001400US0623","Congressional District 23 (114th Congress), California","73505","1552","38850","1065","34655","948","16.5","1.2","19.7","1.6","12.8","1.5","34.8","1.7","35.7","2.1","33.9","2.3","43.9","1.8","41.2","2.2","46.9","2.4","4.8","0.6","3.5","0.7","6.4","1.0","446376","2771","222784","1994","223592","1500","8.2","0.4","8.5","0.5","7.9","0.4","10.0","0.4","10.9","0.5","9.1","0.5","26.4","0.6","27.1","0.7","25.8","0.7","27.6","0.5","26.4","0.7","28.9","0.7","8.6","0.3","8.0","0.5","9.3","0.5","12.5","0.3","12.3","0.4","12.7","0.4","6.6","0.3","6.8","0.4","6.3","0.4","81.8","0.5","80.6","0.6","83.0","0.5","19.1","0.4","19.1","0.6","19.0","0.5","102228","1935","53830","1428","48398","1035","84.9","0.8","82.0","1.1","88.1","1.1","18.0","0.9","15.2","1.1","21.2","1.3","89124","1416","45733","975","43391","936","79.8","1.1","77.7","1.5","81.9","1.5","19.4","1.0","17.9","1.3","21.1","1.3","173019","1655","86544","1030","86475","993","82.3","0.8","81.1","1.1","83.5","0.9","19.8","0.7","20.7","0.9","18.8","0.8","82005","1197","36677","633","45328","830","79.0","0.9","80.8","1.2","77.6","1.3","18.5","0.9","22.7","1.4","15.0","1.1","30.1","1.8","27.6","1.9","32.6","2.3","16.6","0.9","15.5","1.3","17.7","1.2","12.7","0.6","9.3","0.8","15.5","0.9","4.4","0.5","4.3","0.8","4.5","0.6","37032","627","45621","1041","28914","864","17985","962","21863","857","12845","1013","30903","890","38036","1706","23941","1752","38087","949","49627","1684","28736","1208","60543","1343","70727","2264","51868","1393","73459","1869","82959","4098","65325","2008","6.9","(X)","(X)","(X)","(X)","(X)",
"5001400US0624","Congressional District 24 (114th Congress), California","110552","359","58207","272","52345","216","10.1","0.8","11.3","1.0","8.7","1.0","18.9","1.2","19.1","1.5","18.6","1.6","62.8","1.3","62.9","1.8","62.7","1.9","8.3","0.8","6.7","1.1","10.1","1.1","454145","564","225751","397","228394","309","9.3","0.3","9.8","0.4","8.8","0.4","7.2","0.3","8.1","0.4","6.2","0.3","18.8","0.4","19.0","0.6","18.5","0.5","24.5","0.4","23.9","0.6","25.0","0.6","8.6","0.3","7.6","0.4","9.6","0.4","19.2","0.4","18.5","0.6","19.9","0.6","12.6","0.3","13.1","0.4","12.1","0.4","83.6","0.4","82.1","0.5","85.1","0.5","31.8","0.5","31.6","0.6","31.9","0.6","91316","531","48970","444","42346","243","80.0","1.0","77.7","1.3","82.7","1.3","27.7","1.2","23.2","1.5","32.9","1.6","80793","355","42206","303","38587","202","78.1","1.0","75.8","1.3","80.6","1.2","30.2","1.2","27.5","1.6","33.1","1.7","178457","400","88373","332","90084","202","86.1","0.5","84.7","0.7","87.4","0.7","32.8","0.8","32.2","1.0","33.4","1.0","103579","157","46202","91","57377","140","86.7","0.6","87.4","0.9","86.1","0.8","34.7","0.8","42.8","1.1","28.1","1.0","20.7","1.5","17.1","1.6","24.8","1.9","12.6","0.9","11.4","1.2","13.8","1.1","9.1","0.7","8.4","0.8","9.7","0.8","4.7","0.4","3.9","0.5","5.4","0.5","35518","514","41569","781","30071","717","20155","529","22652","910","15764","550","29482","1184","34216","1265","24347","1534","35890","855","44613","1639","29321","1257","52775","1188","65562","3138","43056","1868","68605","2377","83354","3457","57549","3960","6.5","(X)","(X)","(X)","(X)","(X)",
"5001400US0625","Congressional District 25 (114th Congress), California","72226","1676","37887","1184","34339","1151","17.2","1.2","20.8","1.7","13.2","1.5","28.0","1.4","29.4","1.8","26.4","2.0","49.0","1.5","45.2","1.8","53.2","2.2","5.9","0.6","4.7","0.7","7.2","1.0","442609","2780","215229","2024","227380","1881","7.0","0.3","6.9","0.4","7.0","0.4","8.5","0.3","9.0","0.4","8.1","0.4","22.2","0.5","22.3","0.6","22.1","0.6","26.3","0.5","26.3","0.7","26.4","0.6","9.1","0.3","8.3","0.4","9.9","0.4","18.1","0.4","17.8","0.6","18.4","0.5","8.7","0.3","9.4","0.4","8.1","0.3","84.5","0.4","84.1","0.5","84.9","0.5","26.8","0.5","27.2","0.7","26.5","0.5","85844","2075","43541","1379","42303","1165","85.1","1.0","82.0","1.4","88.2","1.2","24.5","1.2","20.4","1.5","28.6","1.6","98159","2086","47652","1529","50507","1167","82.6","0.9","80.9","1.2","84.2","1.2","27.7","1.1","25.5","1.4","29.8","1.2","188864","2296","93332","1445","95532","1453","86.9","0.6","87.1","0.7","86.6","0.8","29.0","0.8","30.4","1.0","27.6","0.9","69742","1457","30704","1001","39038","962","80.1","1.1","82.9","1.3","78.0","1.4","22.5","1.1","29.6","1.6","16.9","1.2","24.8","1.8","22.0","2.1","27.4","2.2","13.8","0.9","12.0","1.1","15.6","1.2","8.9","0.6","7.0","0.7","10.5","0.8","4.3","0.5","3.8","0.6","4.7","0.6","43135","578","51144","688","35227","758","21553","656","25335","1099","16681","1014","33018","804","38686","1747","27371","1445","43498","931","52865","1426","34695","841","62884","1378","77360","2747","51748","1592","81876","1509","98438","4392","69947","2174","5.3","(X)","(X)","(X)","(X)","(X)",
"5001400US0626","Congressional District 26 (114th Congress), California","72176","742","37641","560","34535","538","14.4","1.1","17.3","1.6","11.3","1.2","28.2","1.3","30.2","1.7","26.1","1.9","49.8","1.5","46.7","2.0","53.2","2.1","7.5","0.8","5.9","0.8","9.3","1.3","460951","1202","224711","915","236240","794","10.8","0.4","10.9","0.4","10.7","0.4","7.6","0.3","8.4","0.5","6.9","0.4","18.6","0.4","18.7","0.6","18.4","0.6","23.0","0.4","22.0","0.7","24.0","0.6","8.4","0.3","7.4","0.4","9.3","0.4","19.6","0.4","19.6","0.5","19.6","0.5","12.0","0.3","13.0","0.5","11.0","0.4","81.6","0.4","80.8","0.5","82.4","0.5","31.6","0.4","32.6","0.6","30.6","0.6","92093","962","47697","663","44396","529","81.0","1.0","78.9","1.3","83.3","1.4","25.8","1.1","21.7","1.2","30.1","1.5","91400","695","45718","498","45682","447","78.7","0.9","77.4","1.4","79.9","1.1","31.7","1.2","29.8","1.3","33.5","1.6","185839","912","90760","675","95079","499","83.5","0.6","82.7","0.7","84.2","0.7","34.9","0.6","36.6","0.9","33.3","0.9","91619","578","40536","415","51083","436","81.4","0.8","82.6","0.9","80.6","1.1","30.8","0.9","39.7","1.4","23.6","1.2","21.1","1.3","18.1","1.7","24.2","1.5","11.3","0.8","9.3","1.1","13.1","1.1","7.0","0.5","5.8","0.6","8.0","0.7","3.4","0.3","2.9","0.4","3.8","0.5","37814","682","44732","854","31163","612","18658","638","21696","677","15449","507","29036","1484","33541","2148","23837","1210","38974","987","47162","1396","32125","931","61186","1494","76330","2270","45974","2158","84771","1609","103686","3022","69025","3295","5.4","(X)","(X)","(X)","(X)","(X)",
"5001400US0627","Congressional District 27 (114th Congress), California","64018","1806","33364","1006","30654","1260","10.0","0.8","11.4","1.1","8.5","1.2","23.7","1.1","25.8","1.8","21.4","1.4","51.5","1.3","50.0","1.6","53.1","1.9","14.8","1.1","12.7","1.3","17.0","1.6","507588","2771","239040","2200","268548","2084","9.2","0.4","8.0","0.5","10.4","0.4","6.2","0.2","6.3","0.3","6.0","0.3","18.3","0.5","18.2","0.6","18.4","0.5","18.2","0.5","18.5","0.6","17.9","0.6","7.9","0.2","7.3","0.3","8.4","0.3","24.0","0.5","24.3","0.6","23.8","0.6","16.2","0.4","17.4","0.5","15.0","0.4","84.6","0.4","85.7","0.6","83.6","0.5","40.2","0.6","41.7","0.8","38.9","0.6","95323","1938","46880","1406","48443","1353","92.8","0.8","91.6","1.3","93.9","0.8","47.9","1.1","43.5","1.8","52.2","1.6","98445","1775","47850","1268","50595","1175","89.3","0.9","89.6","1.1","89.0","1.0","46.3","1.2","44.8","1.7","47.6","1.4","202702","2238","97179","1527","105523","1574","83.7","0.7","84.3","0.8","83.2","0.8","38.2","0.8","40.2","1.1","36.4","0.9","111118","1590","47131","863","63987","1146","75.1","1.0","79.0","1.3","72.3","1.1","31.9","1.0","39.9","1.4","25.9","1.0","21.8","1.1","21.4","1.5","22.1","1.4","15.6","1.0","14.0","1.2","16.9","1.2","9.5","0.6","8.9","0.8","10.0","0.8","6.2","0.4","5.8","0.5","6.6","0.6","40369","429","44626","973","35303","704","17175","440","20680","711","14093","650","25539","571","28536","1899","21375","1037","36637","893","41419","935","32930","874","53011","1111","61630","1610","48122","1757","76786","1676","87928","2648","66439","1785","6.6","(X)","(X)","(X)","(X)","(X)",
"5001400US0628","Congressional District 28 (114th Congress), California","60184","1829","29824","1137","30360","1226","10.3","0.9","11.7","1.4","8.8","1.1","21.7","1.1","24.9","1.8","18.5","1.5","49.1","1.6","48.2","2.2","50.1","2.1","18.9","1.4","15.2","1.9","22.6","2.0","535616","3280","267087","2553","268529","2250","8.4","0.3","7.4","0.4","9.5","0.4","5.8","0.2","6.1","0.3","5.5","0.3","16.5","0.4","16.4","0.5","16.6","0.5","19.2","0.4","20.0","0.6","18.5","0.5","7.3","0.3","6.6","0.3","8.0","0.3","28.9","0.5","29.0","0.7","28.8","0.6","13.8","0.3","14.5","0.5","13.1","0.5","85.8","0.3","86.5","0.5","85.1","0.5","42.7","0.6","43.6","0.8","41.9","0.6","132609","2504","69270","1877","63339","1557","93.6","0.5","92.6","0.8","94.6","0.6","52.5","1.2","49.7","1.7","55.6","1.4","111596","1873","58405","1424","53191","1329","89.4","0.7","88.4","0.9","90.4","0.9","46.8","1.3","45.1","1.5","48.6","1.7","191562","2227","96096","1527","95466","1366","85.0","0.6","85.8","0.8","84.2","0.7","39.2","0.9","40.5","1.1","37.9","1.0","99849","1587","43316","1083","56533","1214","73.0","0.9","75.7","1.3","71.0","1.1","32.1","1.0","38.4","1.7","27.2","1.1","27.1","1.3","23.6","1.7","30.3","1.6","18.7","1.0","17.5","1.4","20.0","1.3","13.0","0.6","12.6","0.7","13.5","1.0","8.0","0.5","7.3","0.5","8.7","0.7","38391","693","41676","603","34639","857","17781","534","20476","537","14407","741","25873","730","28767","2014","22161","911","33437","1159","36584","1118","30805","1107","49104","1060","52392","1033","44361","1450","70430","1601","79424","2911","61781","1087","6.4","(X)","(X)","(X)","(X)","(X)",
"5001400US0629","Congressional District 29 (114th Congress), California","80400","1532","40680","1150","39720","1236","19.9","1.1","23.8","1.6","15.8","1.3","30.5","1.3","32.4","1.9","28.7","1.9","43.0","1.2","38.4","1.7","47.6","1.7","6.6","0.6","5.4","0.8","7.9","0.9","445976","3681","220296","2473","225680","2310","20.6","0.5","19.9","0.6","21.4","0.5","12.8","0.3","13.8","0.4","11.9","0.5","24.3","0.5","25.3","0.7","23.3","0.6","17.9","0.4","18.0","0.6","17.9","0.6","5.8","0.2","5.1","0.4","6.6","0.3","14.0","0.3","13.9","0.5","14.2","0.4","4.4","0.2","4.1","0.2","4.8","0.3","66.5","0.5","66.3","0.6","66.7","0.6","18.5","0.4","18.0","0.5","19.0","0.5","117168","2547","60867","1811","56301","1512","76.2","1.1","74.4","1.3","78.2","1.6","20.5","0.9","17.9","1.1","23.3","1.3","101868","2212","51124","1308","50744","1395","66.5","1.2","64.5","1.5","68.6","1.4","18.3","0.8","16.8","1.1","19.8","1.1","163368","2194","80929","1287","82439","1339","62.4","0.8","62.9","1.1","61.9","1.1","17.6","0.6","18.0","0.7","17.2","0.8","63572","1431","27376","891","36196","977","59.2","1.4","62.0","1.9","57.1","1.6","17.2","1.0","20.2","1.5","14.9","1.1","26.2","1.0","21.5","1.0","30.8","1.2","18.7","0.9","16.2","1.0","21.4","1.3","13.9","0.7","12.5","1.0","15.2","1.0","8.3","0.6","7.7","0.7","8.8","0.7","26438","317","28650","618","23726","570","19008","403","21812","382","15016","500","24376","658","26853","856","21455","725","31298","600","34065","1025","27950","1199","42012","1050","44842","2512","40045","1662","56077","2199","61581","3450","52866","3105","11.1","(X)","(X)","(X)","(X)","(X)",
"5001400US0630","Congressional District 30 (114th Congress), California","66879","1921","34197","1443","32682","1328","12.6","0.9","15.2","1.4","9.9","1.1","23.4","1.1","23.9","1.8","22.9","1.4","50.8","1.5","49.3","2.4","52.3","1.8","13.2","1.1","11.7","1.6","14.9","1.4","515981","3622","249322","2789","266659","2396","6.5","0.3","6.2","0.4","6.7","0.4","5.3","0.2","5.7","0.4","5.0","0.3","18.4","0.5","18.2","0.7","18.6","0.6","21.0","0.5","20.9","0.6","21.0","0.6","7.4","0.3","6.8","0.4","7.9","0.4","27.3","0.4","27.2","0.6","27.3","0.6","14.2","0.3","14.9","0.5","13.5","0.5","88.2","0.4","88.1","0.5","88.3","0.5","41.5","0.5","42.1","0.7","40.8","0.7","110053","2608","55922","1956","54131","1542","91.3","0.8","90.4","1.0","92.2","0.9","43.8","1.2","39.5","1.5","48.1","1.7","108126","2063","53941","1340","54185","1283","88.5","0.7","87.2","1.1","89.8","0.8","45.5","1.0","42.8","1.3","48.1","1.4","197640","2112","95722","1657","101918","1199","87.8","0.6","87.6","0.7","87.9","0.8","40.6","0.8","42.0","1.1","39.3","1.1","100162","1289","43737","908","56425","1063","85.3","0.8","87.2","1.0","83.8","1.1","36.3","1.0","44.9","1.4","29.6","1.2","23.3","1.5","20.3","2.0","26.2","1.8","13.5","1.0","11.9","1.1","14.9","1.4","10.0","0.6","8.9","0.7","10.9","0.8","6.0","0.4","5.6","0.5","6.3","0.6","41702","397","46225","927","37568","839","20652","697","23330","1062","16330","866","29636","1120","32991","1480","25398","922","39087","991","42839","1335","35292","1203","52648","878","62097","1142","45301","1498","75385","1683","89253","3769","64942","2103","6.4","(X)","(X)","(X)","(X)","(X)",
"5001400US0631","Congressional District 31 (114th Congress), California","83837","2083","42336","1512","41501","1289","17.8","1.2","20.8","1.7","14.8","1.5","31.4","1.3","34.2","2.2","28.6","1.8","43.8","1.6","40.4","2.5","47.3","2.0","6.9","0.9","4.5","0.9","9.3","1.3","434397","2918","208966","2059","225431","1924","9.5","0.4","9.4","0.5","9.7","0.5","11.4","0.4","12.4","0.6","10.6","0.6","24.3","0.6","25.4","0.7","23.3","0.7","24.3","0.5","23.9","0.7","24.6","0.7","8.0","0.3","7.5","0.5","8.4","0.4","14.0","0.4","13.1","0.5","14.8","0.6","8.5","0.4","8.3","0.5","8.7","0.5","79.0","0.6","78.3","0.8","79.7","0.6","22.5","0.5","21.5","0.7","23.5","0.7","109883","2402","55508","1514","54375","1453","83.6","1.1","81.1","1.4","86.1","1.3","22.9","1.1","18.1","1.2","27.8","1.6","94514","1811","45839","1128","48675","1124","78.0","1.1","77.1","1.6","78.9","1.3","23.1","1.2","20.6","1.5","25.4","1.6","164943","1931","80006","1237","84937","1365","78.7","0.8","77.8","1.0","79.5","1.1","22.5","0.8","22.8","0.9","22.3","1.1","65057","1257","27613","770","37444","854","73.7","1.4","75.9","1.8","72.1","1.7","20.9","1.1","25.9","1.6","17.3","1.3","29.7","1.5","26.5","1.6","32.9","2.0","18.1","1.1","15.2","1.3","21.1","1.4","12.0","0.7","9.7","1.0","14.0","0.9","7.5","0.9","7.4","1.1","7.5","0.9","35059","697","39693","918","30594","730","20735","559","25067","1067","15196","846","29317","1297","32346","1162","24453","1475","36647","1161","44721","1476","30703","950","50701","1351","58219","4270","44699","2676","71243","1461","81067","3927","65800","1972","7.8","(X)","(X)","(X)","(X)","(X)",
"5001400US0632","Congressional District 32 (114th Congress), California","82697","1859","42583","1320","40114","1315","13.6","1.1","17.0","1.6","10.0","1.1","30.1","1.1","31.3","1.7","28.8","1.6","49.6","1.4","46.1","1.9","53.3","1.9","6.7","0.6","5.5","0.9","8.0","0.8","456055","2697","218662","2077","237393","1846","15.1","0.4","14.5","0.5","15.8","0.5","11.3","0.3","11.9","0.5","10.7","0.4","26.4","0.5","26.8","0.6","26.1","0.6","20.0","0.5","19.8","0.7","20.2","0.5","7.3","0.3","7.3","0.4","7.3","0.3","14.2","0.3","14.0","0.4","14.4","0.5","5.6","0.2","5.7","0.3","5.6","0.3","73.6","0.5","73.6","0.6","73.5","0.5","19.8","0.4","19.7","0.5","20.0","0.5","101502","2308","51856","1737","49646","1189","83.3","1.0","81.7","1.5","84.9","1.2","23.0","1.0","20.3","1.3","25.8","1.5","96058","1988","47510","1451","48548","1031","75.2","1.0","73.6","1.5","76.7","1.2","20.6","0.9","18.8","1.1","22.4","1.1","175469","2204","83932","1288","91537","1442","71.5","0.7","71.4","0.9","71.6","0.9","18.8","0.6","18.9","0.8","18.7","0.8","83026","1491","35364","850","47662","1174","64.2","1.0","67.1","1.5","62.0","1.2","17.3","0.8","21.6","1.3","14.2","0.9","20.2","1.2","17.3","1.4","22.8","1.3","12.4","0.8","10.9","1.0","13.9","1.1","8.0","0.6","6.9","0.8","9.1","0.8","5.4","0.6","5.0","0.8","5.8","0.8","31409","372","34623","736","27492","784","20760","486","24018","861","16670","514","26914","349","30542","603","23853","860","36032","671","41667","883","31949","692","49700","1475","54929","2227","44002","1387","65091","2003","72609","4130","59859","3895","8.5","(X)","(X)","(X)","(X)","(X)",
"5001400US0633","Congressional District 33 (114th Congress), California","69042","2894","32324","1743","36718","1773","5.2","0.6","6.1","0.9","4.4","0.8","18.7","1.7","20.3","2.3","17.2","2.2","55.6","1.9","56.2","2.4","55.0","2.6","20.6","1.1","17.5","1.3","23.3","1.9","511189","3019","244689","2178","266500","2316","2.0","0.1","1.6","0.2","2.3","0.2","2.3","0.2","2.4","0.2","2.3","0.2","10.6","0.3","9.8","0.4","11.3","0.4","16.5","0.4","15.5","0.5","17.5","0.5","6.2","0.3","5.2","0.3","7.1","0.4","35.5","0.5","35.2","0.6","35.8","0.6","26.9","0.5","30.4","0.7","23.8","0.5","95.7","0.2","96.0","0.3","95.4","0.3","62.4","0.5","65.5","0.7","59.6","0.7","100619","2477","49080","1566","51539","1525","97.9","0.4","97.7","0.5","98.2","0.5","72.0","1.2","68.9","1.8","74.9","1.7","99914","1646","47686","1139","52228","1157","96.5","0.5","95.9","0.7","97.0","0.5","68.2","1.3","68.3","1.4","68.2","1.8","198852","2220","97288","1444","101564","1333","96.3","0.3","96.4","0.4","96.1","0.4","60.9","0.8","63.7","1.0","58.2","1.0","111804","1550","50635","1104","61169","1156","92.0","0.6","93.7","0.7","90.6","0.8","51.5","0.9","63.3","1.2","41.6","1.2","24.1","2.4","24.8","3.1","23.6","2.9","12.0","1.0","9.8","1.2","13.8","1.4","9.0","0.5","8.8","0.8","9.2","0.8","4.9","0.3","4.3","0.4","5.5","0.5","61926","654","77335","1487","49941","953","18834","1907","21882","3235","16238","1219","35330","1898","43213","2855","25997","1280","44114","1351","53355","1476","37880","1887","65521","1147","81423","1600","53088","1583","90719","2454","110035","2632","70768","2376","4.8","(X)","(X)","(X)","(X)","(X)",
"5001400US0634","Congressional District 34 (114th Congress), California","80791","2042","42287","1517","38504","1327","24.2","1.0","28.7","1.5","19.1","1.3","26.1","1.2","26.5","1.5","25.7","1.6","41.1","1.3","37.8","1.6","44.6","2.0","8.7","0.7","7.0","0.8","10.5","1.0","469523","3347","239046","2799","230477","2128","23.8","0.5","22.4","0.6","25.2","0.6","13.7","0.4","14.3","0.5","13.0","0.5","20.6","0.4","21.2","0.5","20.0","0.6","15.0","0.4","15.6","0.5","14.4","0.5","5.1","0.2","4.6","0.2","5.5","0.3","15.8","0.4","15.8","0.4","15.8","0.5","6.1","0.2","6.1","0.3","6.1","0.3","62.6","0.5","63.3","0.6","61.8","0.6","21.9","0.4","21.9","0.5","21.9","0.6","125244","2213","68581","1790","56663","1317","73.8","1.0","71.0","1.2","77.2","1.3","28.3","1.0","25.2","1.2","32.2","1.3","110236","2181","59297","1510","50939","1074","62.9","0.8","62.1","1.2","63.7","1.2","22.1","0.9","21.0","1.0","23.3","1.3","161640","2428","80527","1618","81113","1565","58.4","0.8","60.0","1.1","56.7","1.2","18.8","0.7","19.7","0.9","17.9","0.8","72403","1178","30641","726","41762","972","52.1","1.2","57.1","1.6","48.5","1.5","17.2","0.9","21.6","1.6","14.0","1.1","34.2","1.0","28.8","1.3","39.3","1.1","25.0","1.3","21.3","1.3","28.9","1.8","18.9","0.7","17.2","1.1","20.7","0.8","11.4","0.7","11.3","0.8","11.5","1.1","22258","261","23394","402","20866","383","16208","149","17325","202","13725","324","20403","490","21810","573","17616","706","27140","559","29023","1509","25849","694","39900","1293","41968","1141","36787","1222","58523","2951","62361","3449","54785","3217","8.5","(X)","(X)","(X)","(X)","(X)",
"5001400US0635","Congressional District 35 (114th Congress), California","90695","1888","46240","1367","44455","1403","18.7","1.2","22.0","1.6","15.3","1.4","33.0","1.1","35.7","1.6","30.1","1.8","43.3","1.4","38.6","1.7","48.3","2.1","5.0","0.7","3.7","0.7","6.4","1.1","425908","3010","208294","2282","217614","1985","16.9","0.5","16.6","0.5","17.1","0.6","14.1","0.5","15.1","0.7","13.1","0.5","26.6","0.6","27.7","0.8","25.5","0.8","21.9","0.4","21.4","0.7","22.4","0.6","6.4","0.3","6.0","0.4","6.8","0.3","10.4","0.4","9.6","0.5","11.1","0.5","3.8","0.3","3.6","0.4","4.0","0.3","69.1","0.6","68.2","0.8","69.8","0.7","14.2","0.5","13.2","0.6","15.1","0.6","108565","2303","55298","1457","53267","1441","77.7","1.1","75.8","1.5","79.7","1.4","16.3","1.0","13.6","1.1","19.1","1.3","102243","2006","50976","1282","51267","1153","69.5","1.2","67.7","1.5","71.3","1.5","14.1","0.9","12.5","1.2","15.7","1.2","159470","1885","78514","1220","80956","1285","66.7","1.0","65.6","1.2","67.8","1.2","13.5","0.7","12.8","0.9","14.2","0.9","55630","1332","23506","907","32124","973","58.0","1.6","60.5","2.2","56.2","1.9","11.9","1.0","15.0","1.5","9.7","1.1","23.3","1.0","19.6","1.2","26.8","1.2","15.6","1.0","12.4","1.2","18.8","1.4","10.5","0.7","9.0","0.8","11.8","1.0","7.0","0.9","6.8","1.2","7.3","1.2","29691","558","33345","732","24807","602","21248","538","25756","641","15812","499","26909","672","31549","814","22036","841","34285","1010","40747","997","29597","1212","45920","1732","51194","1778","41260","1907","57192","4159","63353","5732","52408","3348","8.0","(X)","(X)","(X)","(X)","(X)",
"5001400US0636","Congressional District 36 (114th Congress), California","61765","1515","31984","1063","29781","982","23.1","1.3","26.5","2.0","19.4","1.7","36.8","1.8","39.1","2.5","34.4","2.1","37.1","1.6","32.3","2.3","42.3","2.2","2.9","0.5","2.1","0.6","3.8","0.8","482084","2456","238456","1787","243628","1779","10.1","0.3","10.0","0.4","10.3","0.5","11.4","0.4","11.9","0.5","10.9","0.5","26.4","0.5","26.4","0.7","26.3","0.7","24.9","0.5","23.9","0.6","25.8","0.7","6.9","0.3","6.2","0.4","7.6","0.4","12.6","0.4","13.0","0.5","12.2","0.5","7.7","0.3","8.5","0.4","7.0","0.3","78.5","0.4","78.1","0.6","78.8","0.5","20.3","0.4","21.5","0.6","19.2","0.5","88437","1870","45443","1184","42994","1085","77.9","1.3","75.6","1.9","80.3","1.4","13.4","0.9","10.5","1.1","16.5","1.3","83754","1682","42739","1217","41015","1024","72.4","1.1","70.9","1.4","73.9","1.6","15.7","1.0","12.9","1.1","18.6","1.5","172243","2178","86105","1302","86138","1389","77.7","0.8","77.6","1.0","77.7","1.0","21.1","0.6","22.5","0.9","19.6","1.0","137650","1631","64169","860","73481","1144","83.5","0.6","85.3","0.8","82.0","0.9","26.7","0.7","33.8","1.1","20.5","0.9","28.2","1.3","24.6","1.6","31.6","1.5","17.8","1.0","16.2","1.3","19.3","1.2","12.9","0.6","11.7","1.0","13.9","0.8","6.1","0.6","5.6","0.7","6.7","0.8","28460","839","32232","607","24527","788","17766","585","21155","767","13669","719","26242","550","30333","1057","21538","686","32173","596","39040","1843","26992","847","46363","3288","51994","2192","41217","2572","67676","3190","73264","3628","61136","2080","7.0","(X)","(X)","(X)","(X)","(X)",
"5001400US0637","Congressional District 37 (114th Congress), California","84106","2354","43102","1423","41004","1668","14.4","1.1","16.6","1.4","12.1","1.1","22.1","1.1","23.8","1.5","20.3","1.6","47.5","1.5","45.0","2.3","50.1","1.9","16.0","1.0","14.6","1.2","17.5","1.5","484161","3533","227712","2795","256449","2594","12.5","0.4","12.7","0.5","12.3","0.4","8.8","0.3","9.2","0.5","8.4","0.4","17.6","0.4","18.1","0.6","17.1","0.6","19.1","0.4","18.0","0.6","20.0","0.5","5.8","0.3","5.0","0.4","6.5","0.3","22.2","0.5","22.4","0.7","22.0","0.5","14.1","0.4","14.6","0.5","13.7","0.5","78.8","0.5","78.1","0.6","79.3","0.5","36.3","0.5","37.0","0.8","35.7","0.6","126757","2390","63248","1785","63509","1486","85.6","0.8","83.7","1.1","87.5","0.8","46.7","1.2","44.3","1.6","49.2","1.5","106197","1993","52542","1400","53655","1359","78.1","1.0","77.4","1.4","78.7","1.2","38.1","1.1","37.8","1.3","38.4","1.6","168552","2425","78605","1740","89947","1627","75.9","0.8","75.2","1.1","76.5","1.0","31.5","0.9","32.4","1.2","30.7","1.0","82655","1419","33317","1111","49338","1078","74.9","1.1","75.6","1.5","74.5","1.4","28.0","1.1","32.9","1.7","24.7","1.2","30.9","1.2","25.1","1.6","36.3","1.4","22.7","1.1","21.0","1.4","24.3","1.7","16.1","0.7","13.4","1.1","18.1","1.0","8.0","0.5","7.5","0.7","8.5","0.8","32978","731","34813","939","31604","572","17018","260","19143","558","14553","565","23588","909","24845","1157","22349","968","32161","831","34665","1553","30731","1002","50120","1289","52286","1428","46369","2545","68982","2908","79046","3723","60949","2566","7.9","(X)","(X)","(X)","(X)","(X)",
"5001400US0638","Congressional District 38 (114th Congress), California","77889","1938","39357","1365","38532","1314","13.0","0.9","14.8","1.3","11.1","1.2","30.1","1.1","32.7","1.5","27.5","1.7","50.5","1.3","47.4","1.7","53.6","1.7","6.4","0.6","5.1","0.8","7.8","0.9","462552","2918","219277","2107","243275","1977","12.2","0.4","11.3","0.5","13.1","0.4","10.6","0.3","11.0","0.5","10.2","0.4","25.3","0.5","25.6","0.6","25.1","0.5","22.9","0.4","23.6","0.5","22.2","0.5","7.8","0.3","7.6","0.4","7.9","0.3","14.5","0.3","14.4","0.4","14.7","0.4","6.7","0.2","6.6","0.3","6.8","0.3","77.2","0.5","77.7","0.6","76.7","0.5","21.2","0.4","21.0","0.5","21.5","0.5","98478","2118","50011","1463","48467","1349","84.7","0.9","82.6","1.2","86.9","1.2","23.1","1.0","18.4","1.1","27.9","1.5","96381","1842","46531","1108","49850","1361","80.5","0.8","80.2","1.2","80.8","1.0","23.6","0.9","21.9","1.1","25.3","1.2","177026","1930","85049","1112","91977","1170","77.0","0.8","77.0","1.0","77.1","0.9","21.3","0.7","21.6","0.8","21.0","0.8","90667","1381","37686","864","52981","1035","65.8","1.1","69.7","1.4","63.1","1.3","16.6","0.8","22.0","1.2","12.7","0.8","19.1","1.0","17.5","1.3","20.6","1.1","11.4","0.7","9.3","0.7","13.3","0.9","7.8","0.5","6.4","0.7","9.0","0.7","4.5","0.5","4.5","0.7","4.5","0.6","35319","455","39881","705","31244","454","21104","406","24714","832","17536","624","30898","462","34671","1127","26082","686","39382","1068","44967","1627","33821","1106","51297","1035","57163","2825","45387","1769","70602","1772","76010","2593","65585","1893","6.9","(X)","(X)","(X)","(X)","(X)",
"5001400US0639","Congressional District 39 (114th Congress), California","75976","1929","38199","1303","37777","1220","10.0","0.9","11.7","1.4","8.2","1.1","23.3","1.2","24.8","1.5","21.6","1.6","54.6","1.3","53.8","1.8","55.4","2.2","12.2","1.0","9.6","1.1","14.8","1.4","478084","2361","230302","1877","247782","1716","6.3","0.3","5.7","0.4","6.8","0.3","5.8","0.3","6.0","0.4","5.6","0.3","18.7","0.5","17.7","0.7","19.6","0.6","22.0","0.5","22.4","0.7","21.7","0.6","8.5","0.3","7.6","0.4","9.4","0.3","26.1","0.4","26.4","0.6","25.8","0.5","12.6","0.4","14.1","0.6","11.1","0.4","87.9","0.4","88.3","0.5","87.6","0.5","38.6","0.5","40.5","0.8","36.9","0.6","94728","1974","48092","1385","46636","1251","90.5","0.8","89.5","1.0","91.5","1.1","40.1","1.3","35.6","1.8","44.7","1.5","95624","1720","46326","1300","49298","1032","87.6","0.8","86.5","1.2","88.6","0.9","41.5","1.2","40.8","1.6","42.1","1.5","197311","2086","95760","1398","101551","1224","89.6","0.5","89.7","0.6","89.5","0.7","39.9","0.8","42.5","1.1","37.4","0.9","90421","1477","40124","989","50297","948","82.0","0.9","85.8","1.2","79.0","1.1","31.5","1.0","41.4","1.3","23.6","1.2","21.2","1.7","18.7","2.2","23.5","1.9","11.2","0.9","10.4","1.3","11.9","0.9","6.5","0.6","5.7","0.6","7.2","0.7","4.7","0.4","3.9","0.5","5.5","0.6","42567","607","49495","1098","36545","784","19504","983","22414","1004","14599","945","29924","1278","33762","1298","25247","1175","41049","751","48115","1591","34428","1014","53568","1332","64256","1814","45686","1515","79246","1902","88252","2872","69081","3416","6.2","(X)","(X)","(X)","(X)","(X)",
"5001400US0640","Congressional District 40 (114th Congress), California","85743","1662","43425","1336","42318","1187","25.7","1.0","29.6","1.5","21.6","1.4","31.2","1.4","32.1","1.7","30.3","1.7","39.8","1.3","36.0","1.6","43.8","1.9","3.3","0.4","2.3","0.5","4.3","0.8","406675","3551","198712","2326","207963","2083","30.8","0.5","30.2","0.7","31.4","0.6","18.2","0.5","19.3","0.6","17.2","0.6","23.3","0.5","24.4","0.7","22.2","0.6","14.4","0.4","13.8","0.6","14.9","0.4","4.7","0.2","4.3","0.3","5.0","0.3","6.5","0.3","6.0","0.3","6.9","0.4","2.1","0.2","1.9","0.2","2.3","0.2","50.9","0.6","50.4","0.8","51.4","0.7","8.6","0.3","7.9","0.4","9.2","0.4","107870","2392","54063","1691","53807","1199","65.0","1.1","62.1","1.5","68.0","1.4","11.2","0.7","8.5","0.7","13.9","1.1","103575","1948","52955","1337","50620","1192","50.1","0.9","48.1","1.2","52.2","1.4","7.4","0.6","6.3","0.7","8.6","0.7","142902","1954","69925","1249","72977","1285","45.2","0.9","46.1","1.1","44.4","1.1","8.2","0.5","8.5","0.6","7.9","0.6","52328","1295","21769","776","30559","961","39.1","1.3","41.3","1.9","37.6","1.7","6.6","0.7","8.4","1.1","5.3","0.7","30.3","1.0","25.8","1.2","34.7","1.0","19.8","0.8","16.0","1.3","23.7","1.2","14.0","1.0","11.4","1.2","16.3","1.4","7.5","1.0","6.7","1.4","8.2","1.2","22181","255","24474","520","19685","390","17283","194","19588","359","14602","392","24611","783","26922","745","20981","641","30059","935","32921","1378","26787","731","41112","1385","44509","3032","38127","2559","62951","2863","63735","2428","61572","7630","8.9","(X)","(X)","(X)","(X)","(X)",
"5001400US0641","Congressional District 41 (114th Congress), California","97695","1664","49379","1280","48316","1225","17.0","0.9","18.9","1.2","15.1","1.2","34.4","1.3","37.1","1.7","31.7","1.6","43.9","1.4","40.5","1.8","47.3","1.8","4.7","0.6","3.5","0.6","5.9","1.0","419046","2529","203197","1698","215849","1671","13.5","0.4","14.0","0.5","13.0","0.5","13.1","0.4","13.7","0.5","12.4","0.5","26.3","0.5","26.7","0.7","25.8","0.7","23.9","0.5","23.1","0.6","24.6","0.7","6.9","0.3","6.2","0.4","7.5","0.4","10.4","0.4","10.3","0.5","10.5","0.5","6.1","0.3","6.0","0.4","6.2","0.3","73.4","0.5","72.3","0.7","74.5","0.7","16.4","0.5","16.2","0.6","16.7","0.6","104386","1934","51832","1343","52554","1012","80.2","1.2","78.1","1.5","82.2","1.3","16.5","1.1","14.7","1.2","18.3","1.4","94423","1599","47019","1091","47404","1107","69.0","1.2","67.2","1.7","70.7","1.4","14.6","0.8","13.6","1.1","15.6","1.1","159509","1685","77951","1055","81558","1150","72.8","0.8","72.0","1.0","73.7","0.9","17.0","0.8","16.7","1.0","17.3","0.9","60728","1221","26395","792","34333","860","70.5","1.4","70.6","2.0","70.3","1.5","17.7","1.0","22.5","1.7","14.1","1.1","25.3","1.3","22.3","1.4","28.3","1.4","17.3","0.9","14.4","1.1","20.1","1.2","11.8","0.6","10.1","1.0","13.4","1.0","6.6","0.7","6.1","0.9","7.1","1.0","31144","364","35179","734","26333","450","21580","542","25648","625","16512","629","27603","861","31990","815","22747","957","35002","867","41044","1229","29888","1178","50394","1572","56848","2558","43645","1440","66929","2487","74092","3467","63614","3554","7.8","(X)","(X)","(X)","(X)","(X)",
"5001400US0642","Congressional District 42 (114th Congress), California","71681","1695","37252","1213","34429","1264","13.4","1.0","15.8","1.5","10.8","1.4","35.0","1.3","38.0","1.9","31.6","1.9","46.5","1.4","42.0","1.9","51.3","2.1","5.2","0.7","4.2","0.8","6.2","1.0","458519","2648","224457","1810","234062","1794","6.2","0.3","6.0","0.4","6.4","0.4","8.3","0.3","9.3","0.5","7.4","0.4","24.6","0.5","24.5","0.8","24.7","0.6","28.0","0.6","28.0","0.8","27.9","0.7","8.9","0.4","8.3","0.5","9.5","0.4","16.0","0.4","16.1","0.6","16.0","0.5","8.0","0.4","7.9","0.4","8.1","0.5","85.5","0.4","84.8","0.6","86.2","0.6","24.0","0.6","24.0","0.7","24.1","0.7","96503","2115","49006","1545","47497","1182","88.7","0.9","86.6","1.3","91.0","1.0","22.9","1.2","18.2","1.3","27.7","1.7","105344","1844","51438","1144","53906","1209","86.3","0.9","85.0","1.1","87.6","1.1","28.1","1.2","26.4","1.5","29.6","1.6","179200","1875","89825","1171","89375","1137","85.8","0.7","84.8","1.0","86.7","0.8","23.4","0.8","24.1","1.1","22.8","1.0","77472","1246","34188","741","43284","990","79.5","1.1","81.6","1.3","77.9","1.5","21.4","1.1","28.3","1.5","15.9","1.3","18.3","1.6","17.2","1.9","19.3","1.9","10.7","1.0","9.0","1.1","12.3","1.2","7.0","0.5","5.4","0.6","8.4","0.7","3.7","0.5","3.5","0.7","3.8","0.7","41356","455","51004","809","31908","546","23444","1094","28197","1746","16302","1643","32890","1116","41208","1228","25211","818","41662","641","53597","1401","31595","887","57597","2731","70609","3583","44710","2405","76369","1437","87643","3588","67408","2991","6.0","(X)","(X)","(X)","(X)","(X)",
"5001400US0643","Congressional District 43 (114th Congress), California","76733","1753","38198","1344","38535","1117","18.1","1.1","21.1","1.5","15.2","1.4","27.2","1.1","29.4","1.4","25.1","1.6","48.1","1.4","44.4","1.9","51.8","1.9","6.5","0.7","5.1","0.9","7.9","1.1","454226","2793","211708","2137","242518","2108","14.0","0.5","14.1","0.7","13.9","0.5","10.1","0.3","11.2","0.5","9.2","0.4","22.4","0.5","23.2","0.7","21.6","0.7","22.2","0.4","21.4","0.6","22.9","0.6","7.2","0.3","6.4","0.4","7.8","0.3","16.5","0.4","16.1","0.5","16.9","0.6","7.6","0.3","7.5","0.4","7.7","0.3","75.9","0.5","74.7","0.7","76.9","0.6","24.1","0.5","23.6","0.7","24.5","0.6","108416","2192","52317","1389","56099","1505","82.5","0.9","80.2","1.3","84.6","1.2","26.7","1.1","23.1","1.5","29.9","1.6","97698","1844","46648","1297","51050","1178","74.7","0.9","73.0","1.2","76.3","1.2","25.6","1.1","25.1","1.4","26.0","1.3","171493","2174","80413","1539","91080","1466","74.2","0.9","72.8","1.3","75.5","1.1","23.7","0.8","22.9","1.0","24.4","0.9","76619","1510","32330","937","44289","1030","71.8","1.1","73.0","1.5","70.9","1.5","19.3","1.0","23.7","1.5","16.1","1.2","28.9","1.3","24.1","1.5","33.5","1.6","18.9","1.0","16.5","1.4","21.2","1.3","13.5","0.7","11.3","0.9","15.2","0.8","5.5","0.5","5.2","0.6","5.9","0.7","31215","326","32623","791","29644","734","18859","455","21548","565","15080","440","25840","463","27194","634","23469","1208","32758","830","36544","1395","30710","659","50278","1118","55104","2636","45263","1870","70763","1742","81165","2617","61607","2698","8.4","(X)","(X)","(X)","(X)","(X)",
"5001400US0644","Congressional District 44 (114th Congress), California","87533","1746","44422","1443","43111","1249","23.8","1.1","27.1","1.6","20.3","1.3","30.8","1.1","32.3","1.5","29.2","1.4","42.1","1.2","37.7","1.5","46.6","1.6","3.4","0.5","2.9","0.6","3.8","0.6","418864","3015","200663","2476","218201","1788","22.2","0.5","21.9","0.6","22.5","0.5","15.2","0.4","16.0","0.5","14.3","0.5","25.1","0.5","26.5","0.7","23.8","0.6","20.1","0.4","19.8","0.6","20.4","0.5","6.0","0.2","5.4","0.4","6.5","0.4","8.6","0.3","7.7","0.4","9.3","0.4","2.9","0.2","2.6","0.3","3.2","0.2","62.6","0.5","62.0","0.7","63.2","0.6","11.5","0.4","10.4","0.5","12.5","0.4","105471","2298","53297","1690","52174","1223","74.7","1.0","73.0","1.5","76.4","1.1","11.9","0.7","10.1","0.9","13.7","1.0","95704","1603","46361","1176","49343","1151","62.5","1.1","60.6","1.6","64.3","1.3","10.9","0.8","9.3","1.0","12.4","1.0","156165","2118","74925","1229","81240","1420","58.2","0.9","58.2","1.2","58.3","1.1","11.9","0.5","11.0","0.7","12.8","0.7","61524","1327","26080","977","35444","808","53.3","1.1","53.3","1.5","53.3","1.5","10.7","0.7","11.2","1.1","10.3","0.8","26.0","0.9","21.7","1.1","30.0","1.0","18.7","0.9","15.2","1.1","22.2","1.1","13.6","0.8","10.3","1.1","16.4","1.1","7.4","0.9","6.1","1.2","8.3","1.2","26187","239","28757","590","23118","530","19182","383","22342","529","15230","394","25576","501","28116","1059","22027","709","31909","555","36239","924","28184","1248","45681","1673","49399","3759","43700","1642","59516","4239","60988","5775","57223","6208","10.9","(X)","(X)","(X)","(X)","(X)",
"5001400US0645","Congressional District 45 (114th Congress), California","72416","2028","37699","1581","34717","1424","7.8","0.8","8.3","1.0","7.3","1.0","23.5","1.5","25.0","2.1","21.9","1.8","54.6","1.8","55.1","2.5","54.0","2.1","14.1","1.2","11.6","1.2","16.8","1.7","492486","2300","235332","1945","257154","1760","3.7","0.3","3.3","0.4","4.0","0.3","3.3","0.2","3.2","0.2","3.5","0.2","13.5","0.5","12.9","0.7","14.2","0.5","19.8","0.4","18.8","0.6","20.6","0.6","8.1","0.3","6.8","0.4","9.2","0.4","31.6","0.5","32.6","0.7","30.7","0.6","20.0","0.4","22.4","0.6","17.8","0.5","93.0","0.4","93.5","0.5","92.5","0.5","51.6","0.5","55.1","0.7","48.4","0.6","93784","2216","47501","1434","46283","1427","93.9","0.7","93.5","0.9","94.2","0.9","53.6","1.4","48.7","1.9","58.7","1.8","103595","1798","50257","1181","53338","1170","92.7","0.9","92.0","1.4","93.4","0.8","57.9","1.3","57.0","2.0","58.8","1.7","200600","1934","96953","1176","103647","1271","94.2","0.5","94.6","0.6","93.9","0.6","52.5","0.7","57.5","1.0","47.7","1.1","94507","1428","40621","1009","53886","1010","89.8","0.9","92.8","1.0","87.5","1.1","40.9","1.1","54.2","1.9","30.8","1.3","19.3","2.1","18.2","2.7","20.2","2.5","9.2","1.0","7.9","1.2","10.2","1.4","6.5","0.5","5.8","0.7","7.1","0.8","4.1","0.4","3.6","0.4","4.7","0.5","54696","754","69168","2120","42477","964","20540","1269","24940","1327","16457","909","33876","1362","38450","2309","29497","2630","43221","1247","52695","1933","36227","1126","66774","1345","82981","2200","50955","1571","90110","1949","109096","1871","69203","2483","4.9","(X)","(X)","(X)","(X)","(X)",
"5001400US0646","Congressional District 46 (114th Congress), California","88496","1739","46092","1369","42404","1077","18.4","1.0","21.2","1.7","15.4","1.1","32.0","1.1","33.6","1.5","30.3","1.6","43.6","1.1","41.2","1.7","46.3","1.8","5.9","0.6","4.0","0.7","8.0","1.0","430518","2541","213455","1943","217063","1663","20.8","0.5","20.3","0.7","21.4","0.6","14.1","0.4","14.7","0.5","13.4","0.6","23.5","0.5","23.4","0.7","23.5","0.6","18.9","0.5","19.4","0.6","18.3","0.7","5.4","0.3","5.1","0.4","5.7","0.4","12.7","0.4","12.7","0.5","12.8","0.4","4.6","0.2","4.4","0.3","4.8","0.3","65.1","0.6","65.0","0.8","65.1","0.7","17.3","0.5","17.0","0.6","17.6","0.6","116615","2440","60623","1692","55992","1372","73.5","1.0","71.3","1.3","75.8","1.3","21.1","0.9","18.5","1.1","23.8","1.3","103657","1957","52468","1131","51189","1308","60.4","1.2","60.1","1.7","60.8","1.5","15.8","0.9","14.4","1.1","17.3","1.1","150393","1878","75304","1315","75089","1132","62.6","0.9","63.4","1.2","61.8","1.2","15.3","0.7","15.7","0.9","14.8","0.7","59853","1268","25060","770","34793","1027","63.0","1.4","65.1","1.9","61.5","1.8","18.0","1.1","23.1","1.7","14.3","1.4","23.9","0.9","19.1","1.1","28.7","1.1","14.6","0.8","11.5","0.9","17.5","1.2","10.6","0.8","9.9","0.9","11.3","1.1","6.6","0.7","6.2","0.9","6.9","0.9","27477","420","30566","371","24452","517","20460","423","23661","617","16254","406","26239","532","29253","1626","22502","869","34219","971","37593","992","30575","880","46033","1919","53060","2212","40566","1606","62320","2746","67992","5713","55383","4407","10.8","(X)","(X)","(X)","(X)","(X)",
"5001400US0647","Congressional District 47 (114th Congress), California","75428","1997","38203","1504","37225","1345","13.8","0.9","15.1","1.3","12.4","1.3","26.1","1.2","28.4","1.8","23.6","1.6","51.7","1.2","49.6","1.9","53.9","1.7","8.5","0.8","6.9","1.0","10.1","1.0","473134","2973","229759","2352","243375","1976","10.3","0.3","9.6","0.5","11.0","0.4","8.5","0.3","8.5","0.4","8.5","0.4","19.8","0.4","20.4","0.5","19.2","0.6","23.4","0.5","23.9","0.6","23.0","0.6","8.4","0.2","8.1","0.4","8.7","0.3","19.7","0.4","19.7","0.5","19.7","0.5","9.9","0.3","9.9","0.4","9.9","0.4","81.2","0.4","81.9","0.6","80.4","0.5","29.6","0.5","29.6","0.6","29.6","0.6","102920","2139","51248","1394","51672","1482","86.0","1.0","84.3","1.5","87.7","1.0","32.5","1.1","27.7","1.5","37.3","1.4","102074","2028","50765","1443","51309","1155","79.6","0.8","79.4","1.3","79.7","1.0","30.4","0.9","29.7","1.3","31.1","1.3","184463","2003","90792","1565","93671","1329","81.3","0.6","82.6","0.8","80.1","0.7","29.1","0.7","29.4","1.0","28.8","0.9","83677","1440","36954","861","46723","1162","76.8","1.0","80.7","1.2","73.8","1.3","26.2","1.1","32.4","1.3","21.3","1.4","27.6","1.1","24.2","1.5","30.7","1.4","16.4","1.3","15.1","1.7","17.8","1.4","11.9","0.5","10.5","0.8","13.1","0.9","5.8","0.5","5.6","0.7","5.9","0.6","37206","505","41312","637","33025","790","19080","685","22042","713","14696","648","28133","1281","31177","1148","25036","1463","37407","831","42484","1112","32908","1091","53625","1306","62347","2126","47007","1420","75641","1527","87732","2957","68341","1680","7.9","(X)","(X)","(X)","(X)","(X)",
"5001400US0648","Congressional District 48 (114th Congress), California","61719","1639","31943","1225","29776","1127","10.2","1.1","12.8","1.4","7.5","1.2","23.8","1.3","26.8","1.6","20.6","1.8","53.3","1.7","50.6","2.0","56.3","2.3","12.6","1.2","9.8","1.3","15.6","1.8","508371","2624","247034","2076","261337","1768","5.5","0.3","5.0","0.4","5.9","0.2","5.4","0.2","5.4","0.4","5.4","0.3","15.4","0.4","14.9","0.5","15.8","0.5","21.7","0.4","20.6","0.5","22.6","0.5","8.9","0.3","8.1","0.3","9.6","0.5","27.7","0.4","28.7","0.6","26.8","0.6","15.5","0.3","17.2","0.5","13.9","0.4","89.1","0.3","89.6","0.5","88.7","0.3","43.2","0.5","45.9","0.7","40.6","0.7","98822","2127","51375","1721","47447","1166","91.0","0.7","89.6","0.9","92.4","0.9","45.6","1.3","42.1","1.8","49.3","1.9","98760","1825","48142","1155","50618","1219","88.2","0.8","88.0","1.2","88.4","0.9","45.6","1.2","45.0","1.6","46.2","1.6","202553","2127","99324","1319","103229","1396","89.5","0.5","89.8","0.7","89.1","0.6","43.0","0.7","45.8","0.9","40.2","0.9","108236","1470","48193","858","60043","1053","87.7","0.6","90.6","0.9","85.4","0.8","39.2","0.9","51.0","1.3","29.8","1.1","24.9","1.7","23.6","2.3","25.9","1.8","13.3","0.9","12.4","1.2","14.1","1.3","8.2","0.5","7.9","0.8","8.5","0.7","4.4","0.4","4.0","0.5","4.8","0.4","48011","915","55972","1237","40145","846","19126","855","22483","1347","15465","712","31491","877","35771","1402","26398","1375","41467","763","48279","1931","35244","1282","62605","1446","76882","1931","50973","925","88448","2450","109369","4739","69684","3238","6.8","(X)","(X)","(X)","(X)","(X)",
"5001400US0649","Congressional District 49 (114th Congress), California","76198","2137","45498","1878","30700","1126","10.1","0.9","10.3","1.2","9.7","1.3","39.0","1.5","45.3","1.8","29.6","2.1","43.4","1.5","39.3","1.9","49.4","2.2","7.6","0.7","5.1","0.7","11.2","1.2","471440","3387","232374","2531","239066","2145","6.0","0.3","5.7","0.4","6.3","0.4","4.6","0.3","4.8","0.4","4.4","0.3","16.6","0.5","16.6","0.6","16.5","0.6","21.3","0.5","20.8","0.6","21.8","0.7","10.6","0.4","9.5","0.5","11.7","0.5","25.2","0.5","25.4","0.7","24.9","0.6","15.7","0.5","17.1","0.6","14.4","0.6","89.4","0.4","89.5","0.6","89.3","0.5","40.9","0.5","42.5","0.7","39.4","0.6","96677","2587","50413","1794","46264","1631","88.6","1.0","88.0","1.3","89.2","1.2","33.1","1.2","28.6","1.5","38.0","1.8","98554","2163","50081","1447","48473","1314","87.5","0.9","86.8","1.3","88.2","1.0","44.7","1.6","42.8","2.0","46.6","1.7","184247","2772","90223","1567","94024","1613","90.7","0.6","90.9","0.7","90.5","0.8","43.0","0.9","45.8","1.2","40.4","1.1","91962","1748","41657","1105","50305","1032","89.7","0.8","91.3","1.1","88.4","1.0","40.8","1.3","51.8","1.8","31.7","1.7","19.2","2.0","16.3","2.2","22.0","2.5","15.7","1.4","17.2","1.9","14.3","1.5","12.8","0.9","11.7","1.1","13.7","1.1","4.8","0.4","4.5","0.5","5.1","0.6","43269","788","52604","1011","33818","887","21950","978","25514","857","16633","772","30042","1021","33255","1199","25110","1178","38550","1026","47105","2154","31012","863","61198","1326","79357","2973","43097","1732","86529","1883","107268","2967","68245","3931","7.0","(X)","(X)","(X)","(X)","(X)",
"5001400US0650","Congressional District 50 (114th Congress), California","70516","2029","36542","1539","33974","1283","16.6","1.2","19.1","1.7","13.9","1.6","33.0","1.4","36.1","1.9","29.8","1.9","44.3","1.5","40.5","1.9","48.4","2.5","6.1","0.8","4.3","0.7","8.0","1.2","471874","3151","227340","2297","244534","1866","8.2","0.4","8.2","0.5","8.2","0.4","7.7","0.4","7.8","0.4","7.5","0.4","22.8","0.5","22.8","0.7","22.8","0.6","24.8","0.4","25.0","0.7","24.7","0.6","11.1","0.4","10.3","0.5","11.9","0.5","17.2","0.4","17.3","0.5","17.0","0.5","8.2","0.3","8.6","0.4","7.8","0.4","84.1","0.5","84.0","0.6","84.2","0.6","25.4","0.5","25.9","0.6","24.9","0.7","96107","2349","48790","1631","47317","1332","82.6","1.5","81.3","1.9","83.9","1.4","21.7","1.1","17.6","1.4","26.0","1.5","93975","2131","45704","1384","48271","1153","79.8","1.0","78.8","1.6","80.8","1.3","24.8","1.1","23.9","1.4","25.7","1.5","190882","2390","92421","1553","98461","1496","86.6","0.7","86.3","0.9","86.9","0.7","26.4","0.7","27.4","1.1","25.4","1.0","90910","1667","40425","1024","50485","1039","84.9","1.0","87.7","1.2","82.6","1.3","27.6","1.1","34.7","1.5","22.0","1.3","23.4","1.7","20.7","1.6","25.9","2.3","13.9","0.8","13.1","1.2","14.6","1.1","12.4","0.8","11.2","1.0","13.5","0.9","5.1","0.5","5.3","0.7","4.8","0.5","36946","525","42968","945","31162","580","21634","612","24013","700","16803","926","30473","758","35697","1096","25081","1097","38007","853","47718","1388","30495","721","54523","1906","65967","1782","44670","1788","72925","1953","87690","4190","62024","2792","6.8","(X)","(X)","(X)","(X)","(X)",
"5001400US0651","Congressional District 51 (114th Congress), California","92796","1778","51377","1161","41419","1166","18.8","1.1","20.2","1.3","17.1","1.4","32.9","1.2","37.0","1.7","27.8","1.6","44.7","1.2","39.5","1.7","51.1","1.6","3.6","0.5","3.2","0.6","4.0","0.7","430232","2564","211549","1964","218683","1730","17.3","0.4","15.2","0.5","19.3","0.5","15.4","0.4","16.2","0.5","14.6","0.6","24.5","0.5","25.9","0.8","23.1","0.6","22.3","0.5","23.0","0.7","21.7","0.7","7.2","0.3","6.7","0.4","7.6","0.4","9.7","0.3","9.4","0.5","10.0","0.4","3.6","0.2","3.6","0.3","3.7","0.3","67.3","0.5","68.6","0.7","66.1","0.6","13.4","0.4","13.0","0.5","13.7","0.5","108077","1726","57978","1304","50099","1084","79.7","1.0","77.1","1.4","82.7","1.3","14.8","0.8","12.5","1.0","17.5","1.3","93150","1092","46648","828","46502","987","70.5","1.1","71.0","1.5","70.1","1.5","14.2","0.9","13.7","1.1","14.6","1.0","155565","1674","75564","1111","80001","1013","64.9","1.0","66.7","1.4","63.3","1.2","12.9","0.5","12.8","0.7","13.0","0.7","73440","1106","31359","739","42081","830","50.2","1.3","54.0","1.6","47.4","1.5","11.2","0.7","13.2","1.2","9.6","0.8","29.3","1.0","24.7","1.4","33.1","1.1","18.9","0.8","15.8","1.1","21.9","1.2","13.2","0.7","9.9","0.8","16.1","1.1","7.6","0.8","6.8","0.9","8.4","1.0","26616","303","31018","506","22196","420","18299","557","22200","494","14164","505","25636","484","29482","1298","21298","684","31905","632","38097","1569","26441","742","40207","1337","45826","1865","34670","2163","56379","3523","62984","4769","51959","4488","7.3","(X)","(X)","(X)","(X)","(X)",
"5001400US0652","Congressional District 52 (114th Congress), California","84027","2186","46894","1778","37133","1489","5.3","0.6","6.0","0.9","4.6","0.8","25.0","1.5","28.5","1.8","20.5","2.0","51.1","1.7","49.5","2.2","53.1","2.5","18.6","1.3","16.1","1.9","21.9","1.7","495111","2344","245664","2065","249447","1826","2.3","0.2","1.9","0.2","2.7","0.2","2.6","0.2","2.6","0.2","2.5","0.2","12.3","0.4","11.8","0.5","12.9","0.5","19.8","0.4","19.3","0.6","20.2","0.6","7.4","0.3","6.8","0.3","8.0","0.4","31.8","0.4","31.6","0.6","32.0","0.6","23.8","0.4","26.0","0.6","21.7","0.6","95.1","0.2","95.5","0.3","94.8","0.3","55.6","0.5","57.6","0.7","53.7","0.7","122612","2377","65095","1697","57517","1424","97.4","0.3","96.9","0.5","97.9","0.4","60.0","1.1","56.0","1.5","64.6","1.4","98472","1889","49569","1194","48903","1135","95.9","0.5","95.8","0.7","96.0","0.7","60.2","1.2","59.7","1.7","60.7","1.6","183096","1972","90983","1236","92113","1408","95.5","0.3","95.4","0.4","95.6","0.5","54.8","0.9","57.5","1.1","52.2","1.2","90931","1380","40017","904","50914","1045","90.5","0.7","93.2","0.8","88.4","1.0","46.1","1.1","57.6","1.9","37.2","1.3","19.0","2.4","19.7","3.1","18.4","2.9","10.9","1.2","10.6","1.9","11.2","1.5","8.9","0.7","8.0","1.0","9.7","0.8","4.8","0.4","4.6","0.5","5.1","0.5","51837","460","62280","1000","42337","774","20226","1558","22091","1957","16014","1736","31718","907","36536","1725","26131","1226","38636","1270","44850","1846","32454","1238","60735","1030","72554","1836","49082","2175","82254","1353","102021","1605","65490","1532","5.9","(X)","(X)","(X)","(X)","(X)",
"5001400US0653","Congressional District 53 (114th Congress), California","84550","2323","41586","1459","42964","1578","9.5","1.0","11.9","1.4","7.3","1.1","26.7","1.5","29.5","2.1","23.9","1.7","52.9","1.5","50.5","2.3","55.3","1.9","10.9","0.9","8.2","1.0","13.5","1.5","491185","3538","241859","2555","249326","2272","5.5","0.3","4.5","0.3","6.5","0.4","6.0","0.3","6.0","0.5","6.0","0.4","19.1","0.4","19.5","0.6","18.6","0.5","25.6","0.5","27.0","0.7","24.2","0.7","9.0","0.3","8.5","0.4","9.5","0.4","22.7","0.5","22.6","0.6","22.8","0.6","12.2","0.3","12.0","0.5","12.4","0.5","88.5","0.5","89.5","0.6","87.5","0.6","34.9","0.6","34.6","0.7","35.2","0.8","128482","2608","64709","1841","63773","1534","93.8","0.6","93.3","0.9","94.3","0.7","39.3","1.0","33.4","1.6","45.2","1.5","100464","1912","51523","1468","48941","1108","89.6","0.9","90.1","1.2","89.0","1.1","38.0","1.2","37.5","1.7","38.5","1.6","177448","2185","88733","1287","88715","1405","87.9","0.6","88.4","0.9","87.5","0.8","32.7","0.8","33.1","1.0","32.4","1.1","84791","1266","36894","751","47897","972","80.5","1.2","84.9","1.6","77.1","1.5","29.1","1.2","36.2","1.5","23.6","1.4","26.0","1.7","23.1","1.9","28.4","2.3","14.2","1.0","13.9","1.3","14.6","1.3","10.0","0.7","8.7","0.8","11.3","0.9","5.4","0.5","5.6","0.7","5.2","0.6","40740","516","45644","769","35225","630","20439","814","23483","2196","16337","872","31208","653","35452","1161","24959","1017","37923","1090","42970","1400","32349","799","50734","963","59142","2956","44159","1321","65234","1709","76815","2458","56237","1825","5.8","(X)","(X)","(X)","(X)","(X)",
"5001400US0801","Congressional District 1 (114th Congress), Colorado","69413","637","33876","451","35537","521","15.0","1.1","17.5","1.7","12.7","1.3","23.8","1.2","26.4","1.9","21.3","1.5","42.8","1.7","42.4","2.2","43.2","2.0","18.4","1.0","13.8","1.2","22.9","1.6","524595","1023","260609","749","263986","759","6.1","0.3","6.3","0.4","6.0","0.3","7.0","0.2","7.1","0.4","6.8","0.4","18.5","0.4","18.9","0.6","18.0","0.5","19.3","0.4","19.4","0.6","19.1","0.6","5.7","0.2","5.3","0.3","6.0","0.3","26.7","0.3","26.7","0.4","26.8","0.6","16.8","0.3","16.2","0.5","17.3","0.4","86.9","0.3","86.5","0.5","87.2","0.4","43.5","0.5","42.9","0.6","44.1","0.6","152097","830","77318","601","74779","498","89.4","0.5","88.2","0.8","90.5","0.6","50.3","0.7","46.0","1.2","54.8","1.1","114118","871","59904","540","54214","509","85.8","0.7","85.8","1.1","85.8","0.9","46.6","1.0","44.2","1.3","49.3","1.3","177344","816","88843","567","88501","512","87.4","0.6","86.7","0.8","88.1","0.7","39.5","0.8","39.3","1.0","39.7","1.1","81036","513","34544","327","46492","416","82.6","0.9","83.5","1.1","81.9","1.1","34.9","1.0","42.9","1.5","29.0","1.2","31.1","1.6","26.5","2.0","35.7","2.0","18.6","1.0","18.0","1.2","19.4","1.3","13.1","0.8","11.9","1.0","14.3","1.1","5.3","0.3","5.0","0.5","5.6","0.5","39461","641","42901","749","35648","635","20935","611","24730","903","14973","883","27107","599","30242","992","22992","1160","34004","774","37949","1344","30628","880","49646","886","57000","1925","43362","1067","64977","1351","77345","2476","55546","1718","5.5","(X)","(X)","(X)","(X)","(X)",
"5001400US0802","Congressional District 2 (114th Congress), Colorado","98880","968","51045","683","47835","557","6.9","0.7","7.5","1.0","6.2","0.9","19.0","1.2","20.4","1.6","17.5","1.4","59.1","1.5","59.6","2.0","58.6","2.1","15.0","1.0","12.4","1.3","17.7","1.4","492647","1372","245827","1114","246820","938","1.7","0.1","2.0","0.2","1.5","0.2","2.5","0.2","2.6","0.2","2.5","0.2","15.6","0.3","15.9","0.5","15.3","0.4","20.5","0.5","20.5","0.6","20.5","0.6","7.5","0.3","7.0","0.4","8.1","0.4","30.8","0.5","30.1","0.7","31.5","0.6","21.3","0.5","21.9","0.5","20.6","0.6","95.7","0.2","95.4","0.3","96.1","0.3","52.0","0.6","52.0","0.8","52.1","0.7","99077","1124","52331","848","46746","662","95.9","0.5","95.3","0.7","96.5","0.7","52.8","1.3","47.3","1.8","59.0","1.6","97137","1037","49752","698","47385","571","95.3","0.6","94.5","0.9","96.1","0.7","56.7","1.3","52.6","1.7","61.0","1.7","208093","1141","102987","737","105106","698","96.7","0.3","96.4","0.4","97.1","0.4","52.4","0.8","52.8","1.0","51.9","0.9","88340","734","40757","439","47583","507","93.7","0.6","94.0","0.8","93.4","0.7","45.3","1.1","55.0","1.5","36.9","1.2","21.6","2.2","16.6","2.7","27.4","3.2","10.5","0.9","9.7","1.3","11.3","1.0","8.0","0.5","7.8","0.8","8.2","0.7","4.6","0.3","4.0","0.4","5.1","0.4","41396","399","50425","633","33782","586","21401","1006","25241","2023","16572","1708","30564","693","34451","1418","24518","1308","35341","848","41279","913","29755","1064","45391","1038","60537","1682","35775","931","65162","1292","85295","3341","51097","1030","6.0","(X)","(X)","(X)","(X)","(X)",
"5001400US0803","Congressional District 3 (114th Congress), Colorado","65899","661","34569","450","31330","417","19.1","1.2","22.1","1.7","15.7","1.5","29.7","1.4","31.7","2.0","27.4","2.1","45.1","1.7","41.1","2.4","49.5","2.0","6.2","0.8","5.1","1.0","7.4","1.2","491366","878","244309","805","247057","604","4.0","0.2","4.3","0.3","3.7","0.3","6.7","0.3","7.2","0.4","6.2","0.3","26.8","0.5","27.7","0.7","25.9","0.6","24.3","0.4","24.3","0.6","24.2","0.6","8.7","0.3","7.5","0.4","9.9","0.4","19.5","0.4","19.1","0.5","19.9","0.4","10.0","0.3","9.9","0.4","10.1","0.3","89.3","0.3","88.5","0.4","90.1","0.4","29.5","0.4","29.0","0.5","30.0","0.5","92213","714","47868","580","44345","518","87.5","0.9","85.7","1.3","89.3","1.2","25.8","1.0","22.1","1.2","29.9","1.4","87982","700","45077","542","42905","413","88.2","0.9","87.2","1.2","89.2","1.2","30.6","1.1","27.2","1.4","34.2","1.6","202582","836","100451","563","102131","524","92.1","0.4","91.0","0.5","93.2","0.5","31.0","0.6","29.9","0.9","32.0","0.8","108589","454","50913","299","57676","261","86.4","0.6","87.1","0.8","85.8","0.9","29.1","0.8","35.6","1.1","23.5","1.0","26.5","1.6","24.0","2.0","29.4","2.0","14.7","0.7","13.2","0.9","16.2","0.8","11.5","0.6","9.8","0.9","13.0","0.8","5.7","0.4","5.0","0.6","6.4","0.5","32120","331","38929","803","26178","389","20862","981","25282","1356","14808","1598","27125","470","34342","1051","20842","601","31355","431","38928","1390","25126","712","40053","913","46605","1381","34231","1416","49362","1278","58058","3582","43051","2305","6.2","(X)","(X)","(X)","(X)","(X)",
"5001400US0804","Congressional District 4 (114th Congress), Colorado","65955","945","34165","790","31790","654","17.2","1.0","20.3","1.5","14.0","1.4","31.3","1.5","33.4","2.0","28.9","2.0","43.6","1.6","40.6","2.1","46.8","2.3","7.9","0.7","5.7","1.0","10.3","1.2","479312","1238","239773","945","239539","777","4.8","0.2","5.4","0.3","4.2","0.3","6.0","0.3","6.6","0.3","5.3","0.3","24.4","0.5","24.9","0.6","23.8","0.6","23.5","0.4","22.5","0.5","24.6","0.6","9.0","0.3","8.4","0.4","9.7","0.4","21.8","0.5","21.6","0.6","21.9","0.6","10.5","0.3","10.4","0.4","10.5","0.4","89.2","0.3","87.9","0.5","90.4","0.4","32.2","0.5","32.1","0.7","32.4","0.5","92967","1123","47875","751","45092","612","87.8","0.9","84.9","1.4","90.8","0.9","30.6","1.0","25.9","1.4","35.6","1.5","103862","949","53720","647","50142","557","89.0","0.7","87.0","1.0","91.1","0.8","38.1","1.0","35.2","1.3","41.2","1.4","197257","965","98955","679","98302","585","91.5","0.4","90.5","0.6","92.5","0.5","33.1","0.7","33.4","1.0","32.7","0.8","85226","576","39223","335","46003","439","85.6","0.7","86.4","0.9","85.0","1.0","24.9","0.7","31.9","1.2","19.0","0.9","22.7","1.5","19.9","1.9","25.9","1.7","10.9","0.7","9.5","0.9","12.3","1.0","8.1","0.5","6.5","0.6","9.5","0.7","3.4","0.4","2.9","0.4","3.9","0.6","39083","511","47959","914","30618","453","23546","1301","27009","1046","16904","1092","31300","564","37445","1178","23485","1030","36576","664","46264","1165","27820","941","52340","944","71591","1537","38973","1262","65875","1671","86919","3858","52849","1886","7.4","(X)","(X)","(X)","(X)","(X)",
"5001400US0805","Congressional District 5 (114th Congress), Colorado","78791","256","44171","202","34620","150","12.7","1.0","13.6","1.4","11.6","1.3","30.7","1.4","33.3","1.7","27.3","2.0","49.3","1.4","47.4","1.8","51.7","2.0","7.3","0.6","5.7","0.7","9.3","1.1","481371","419","239836","400","241535","387","2.4","0.2","2.8","0.3","1.9","0.2","4.9","0.2","5.2","0.4","4.6","0.3","22.7","0.4","22.8","0.6","22.7","0.5","26.0","0.5","25.7","0.7","26.2","0.5","10.5","0.3","9.7","0.4","11.2","0.4","20.5","0.4","19.6","0.6","21.5","0.5","13.1","0.4","14.3","0.5","11.8","0.5","92.7","0.3","92.0","0.4","93.4","0.3","33.6","0.5","33.9","0.6","33.3","0.6","107345","428","57544","452","49801","160","91.8","0.6","89.8","0.9","94.2","0.9","26.9","1.1","22.2","1.4","32.3","1.4","93375","442","48030","429","45345","221","92.5","0.7","90.9","1.1","94.3","0.7","36.5","1.2","34.6","1.6","38.5","1.6","193919","411","95256","283","98663","235","94.4","0.4","93.9","0.6","95.0","0.5","36.9","0.7","38.1","0.9","35.6","0.9","86732","214","39006","155","47726","135","90.3","0.6","92.3","0.7","88.6","0.9","31.5","1.0","39.9","1.6","24.6","1.2","25.2","2.3","22.0","2.8","28.3","2.7","12.9","0.8","11.7","0.9","14.0","1.1","9.6","0.6","7.6","0.6","11.5","0.8","4.4","0.4","3.5","0.5","5.3","0.6","35967","475","43760","955","28381","747","20202","1245","22782","2093","14668","1300","26454","537","31838","916","21322","816","33005","633","40738","770","26333","565","45979","1092","60364","2120","36199","1165","63450","2376","88309","2697","46169","1681","6.1","(X)","(X)","(X)","(X)","(X)",
"5001400US0806","Congressional District 6 (114th Congress), Colorado","61096","921","31599","725","29497","665","18.7","1.2","21.9","1.8","15.4","1.6","31.1","1.7","33.6","2.2","28.4","1.9","39.6","1.7","36.4","2.4","43.0","2.2","10.6","0.9","8.1","1.1","13.2","1.5","486718","1275","234884","1047","251834","928","4.0","0.2","4.1","0.3","3.8","0.2","4.5","0.2","4.9","0.3","4.2","0.3","20.2","0.4","19.9","0.7","20.4","0.5","22.9","0.4","22.4","0.6","23.4","0.5","8.1","0.2","7.3","0.3","8.8","0.3","26.5","0.4","26.6","0.5","26.4","0.5","13.8","0.4","14.7","0.5","12.9","0.5","91.5","0.3","91.0","0.4","92.0","0.3","40.3","0.5","41.4","0.6","39.4","0.6","106022","970","52607","770","53415","678","90.4","0.7","89.1","1.0","91.6","0.8","37.6","1.2","33.5","1.4","41.6","1.3","112675","885","56421","597","56254","588","91.1","0.6","89.8","0.9","92.4","0.8","42.8","1.0","42.0","1.1","43.6","1.5","191959","1199","92770","753","99189","750","92.8","0.4","92.5","0.5","93.2","0.5","42.1","0.8","43.6","1.0","40.7","0.9","76062","660","33086","467","42976","472","90.4","0.6","92.1","0.9","89.0","0.8","36.2","1.0","46.7","1.4","28.1","1.2","25.1","1.6","21.5","1.9","28.7","2.4","11.5","0.8","9.8","1.0","13.2","1.2","7.6","0.5","6.2","0.6","8.9","0.7","3.9","0.3","3.4","0.4","4.4","0.4","41848","362","49861","749","35234","571","21579","645","24563","1053","16671","1254","31009","597","34534","1133","26491","1057","37762","789","44769","1214","32260","703","53702","980","66893","1469","43758","1186","73673","2148","92676","3443","58673","2085","5.9","(X)","(X)","(X)","(X)","(X)",
"5001400US0807","Congressional District 7 (114th Congress), Colorado","69446","918","36201","655","33245","578","18.8","1.1","20.6","1.6","16.9","1.6","31.2","1.4","33.4","1.8","28.9","2.1","40.1","1.7","37.5","2.2","42.9","2.3","9.8","0.9","8.5","1.0","11.3","1.2","497394","1396","244876","930","252518","976","4.7","0.3","5.1","0.4","4.3","0.3","7.7","0.3","8.2","0.4","7.2","0.4","26.0","0.5","25.8","0.7","26.1","0.6","22.8","0.4","22.4","0.5","23.1","0.5","8.4","0.3","8.0","0.4","8.8","0.4","20.0","0.4","20.6","0.5","19.5","0.5","10.5","0.3","10.0","0.4","10.9","0.4","87.6","0.4","86.7","0.5","88.5","0.4","30.5","0.5","30.6","0.6","30.4","0.6","114663","1167","59594","748","55069","683","87.1","1.0","85.4","1.2","89.0","1.2","31.1","1.0","27.5","1.2","35.0","1.3","101501","792","52134","547","49367","520","87.2","0.7","85.6","1.0","89.0","0.8","33.3","1.0","31.3","1.3","35.5","1.5","192870","1089","94747","649","98123","704","89.2","0.5","88.1","0.7","90.2","0.7","30.5","0.7","31.1","1.0","29.8","0.8","88360","689","38401","436","49959","489","85.4","0.6","86.9","0.9","84.2","1.0","26.5","0.9","32.9","1.4","21.6","1.1","22.4","1.8","17.4","1.8","27.9","2.7","10.4","0.7","9.2","1.0","11.6","0.9","7.8","0.5","6.6","0.7","8.9","0.7","3.9","0.4","3.7","0.5","4.1","0.5","39067","425","43695","595","34197","669","23397","1284","27256","1196","16143","908","32329","528","36087","735","28399","1162","37619","677","43931","1073","32272","593","52004","769","61868","1108","43950","1260","62352","1397","76228","2576","55136","1762","5.5","(X)","(X)","(X)","(X)","(X)",
"5001400US0901","Congressional District 1 (114th Congress), Connecticut","63052","909","32429","677","30623","576","14.9","1.0","17.3","1.5","12.3","1.3","27.0","1.4","30.2","2.1","23.7","1.6","44.0","1.5","41.0","2.3","47.2","1.7","14.1","0.9","11.5","1.2","16.9","1.3","496964","1510","233029","1124","263935","1025","4.9","0.2","4.7","0.3","5.0","0.3","6.6","0.3","6.8","0.4","6.4","0.3","27.6","0.4","28.8","0.7","26.6","0.6","18.1","0.3","17.4","0.5","18.7","0.5","7.9","0.2","6.6","0.3","9.0","0.4","19.9","0.4","20.9","0.6","19.1","0.5","15.0","0.4","14.8","0.5","15.2","0.4","88.5","0.4","88.5","0.5","88.6","0.4","35.0","0.5","35.7","0.6","34.3","0.6","91482","1389","45861","955","45621","749","92.3","0.8","90.7","1.1","94.0","0.7","42.8","1.2","38.1","1.6","47.4","1.6","90730","931","44293","665","46437","610","91.0","0.7","90.9","0.8","91.2","1.0","39.7","1.3","38.1","1.6","41.3","1.8","204348","1157","97164","799","107184","740","90.7","0.5","90.2","0.6","91.1","0.6","34.9","0.7","35.3","0.9","34.5","0.9","110404","930","45711","580","64693","649","79.5","0.9","80.4","1.3","78.8","1.0","24.7","0.8","31.8","1.2","19.7","1.0","28.0","1.5","24.5","1.9","31.1","1.8","11.6","0.7","10.1","0.9","13.1","0.9","7.8","0.5","6.5","0.9","8.8","0.7","3.4","0.4","3.4","0.5","3.4","0.4","44659","452","51909","474","39212","865","22124","1183","26109","1737","17813","1487","34039","722","40798","1016","27460","904","40148","745","45787","1416","35317","919","59250","1771","70388","1963","49973","1321","76037","1162","91466","1590","66500","1250","5.7","(X)","(X)","(X)","(X)","(X)",
"5001400US0902","Congressional District 2 (114th Congress), Connecticut","78971","705","42359","553","36612","457","9.3","0.8","10.6","1.3","7.7","1.0","29.9","1.1","34.7","1.7","24.2","1.7","50.8","1.3","46.2","1.8","56.0","1.9","10.1","0.8","8.4","1.0","12.1","1.2","486770","902","239085","774","247685","701","2.6","0.2","2.8","0.2","2.5","0.2","5.9","0.3","6.6","0.3","5.1","0.3","30.4","0.5","31.9","0.6","28.9","0.6","19.4","0.4","19.6","0.6","19.3","0.6","8.6","0.2","7.1","0.4","10.1","0.4","18.4","0.4","17.9","0.5","18.8","0.5","14.7","0.4","14.1","0.4","15.3","0.5","91.5","0.3","90.6","0.4","92.4","0.3","33.1","0.5","32.0","0.6","34.1","0.7","79411","818","42054","577","37357","506","92.3","0.8","90.0","1.1","94.8","0.9","32.4","1.1","26.9","1.5","38.5","1.5","87975","726","44030","543","43945","479","93.2","0.8","91.9","1.0","94.6","1.0","37.4","1.4","32.2","1.6","42.5","1.7","212836","875","105536","642","107300","499","93.6","0.3","92.4","0.4","94.7","0.4","33.9","0.7","32.9","0.9","35.0","1.0","106548","749","47465","463","59083","472","85.4","0.8","85.8","0.8","85.1","1.0","28.4","1.0","34.3","1.2","23.6","1.2","17.8","1.3","15.8","1.9","20.0","1.9","8.7","0.5","7.3","0.6","10.1","0.7","6.3","0.5","4.7","0.7","7.7","0.7","2.3","0.3","1.8","0.4","2.7","0.3","44115","532","52842","629","35953","705","23241","1950","27209","1844","18759","1441","34980","738","42324","844","26853","757","40726","509","50487","1065","32594","701","57037","1459","71592","1856","45811","2177","75293","1149","93111","2185","64363","1709","3.9","(X)","(X)","(X)","(X)","(X)",
"5001400US0903","Congressional District 3 (114th Congress), Connecticut","75728","1206","37625","903","38103","758","10.3","1.0","12.2","1.3","8.4","1.3","28.6","1.4","32.2","2.1","25.0","1.9","47.2","1.5","43.1","2.2","51.2","2.2","14.0","1.0","12.5","1.3","15.4","1.2","491599","1719","229838","1342","261761","1193","4.0","0.2","4.2","0.3","3.8","0.3","6.0","0.2","6.0","0.3","6.1","0.3","30.3","0.5","31.7","0.7","29.1","0.6","17.9","0.4","17.5","0.6","18.2","0.5","7.0","0.3","6.0","0.4","7.9","0.4","18.6","0.4","18.9","0.6","18.4","0.5","16.1","0.4","15.7","0.5","16.4","0.5","90.0","0.3","89.8","0.4","90.1","0.4","34.7","0.5","34.6","0.7","34.8","0.5","95935","1370","46818","996","49117","843","93.7","0.7","92.5","0.9","94.7","0.9","45.3","1.4","39.8","2.0","50.4","1.6","89993","1312","43783","825","46210","797","92.4","0.8","91.4","1.2","93.3","0.9","38.0","1.0","35.4","1.3","40.4","1.5","198635","1226","94546","796","104089","846","91.8","0.4","91.6","0.6","92.0","0.6","33.6","0.7","33.7","1.1","33.6","1.0","107036","1032","44691","632","62345","716","81.1","0.9","81.4","1.2","80.9","1.1","24.5","0.8","30.1","1.4","20.5","0.8","21.7","1.6","18.0","2.2","25.1","2.0","11.9","0.6","9.8","0.9","14.0","0.9","8.2","0.7","5.7","0.7","10.1","0.8","4.4","0.4","4.1","0.6","4.8","0.6","43627","573","51367","485","37362","645","23124","1331","26087","1452","20534","1366","33694","916","41265","956","26943","564","40315","754","49316","1401","34349","940","55130","1084","64399","2531","47433","1709","68499","1991","82975","2758","61096","1566","5.1","(X)","(X)","(X)","(X)","(X)",
"5001400US0904","Congressional District 4 (114th Congress), Connecticut","60465","870","31015","558","29450","637","16.7","1.4","20.3","2.0","13.0","1.5","27.0","1.3","29.6","1.6","24.2","2.0","39.5","1.6","35.7","2.2","43.6","2.6","16.8","1.3","14.4","1.6","19.3","1.6","487551","1085","231005","1124","256546","787","5.1","0.3","5.6","0.4","4.8","0.3","5.5","0.2","5.8","0.3","5.3","0.3","21.0","0.5","20.7","0.6","21.2","0.6","15.0","0.3","14.1","0.5","15.8","0.4","5.4","0.2","4.1","0.3","6.6","0.3","26.7","0.4","27.0","0.6","26.4","0.5","21.3","0.4","22.8","0.6","19.9","0.5","89.3","0.3","88.7","0.5","89.9","0.4","47.9","0.5","49.8","0.6","46.3","0.6","84726","1086","42290","729","42436","691","89.1","0.8","86.2","1.3","92.1","0.8","45.7","1.1","41.1","1.5","50.4","1.6","98068","1087","47470","732","50598","647","90.9","0.7","88.9","1.1","92.8","0.8","54.2","1.0","52.2","1.5","56.1","1.2","204717","1103","99025","780","105692","638","91.6","0.5","91.2","0.7","92.0","0.7","51.0","0.7","53.1","0.9","49.0","1.0","100040","780","42220","559","57820","556","83.3","0.8","85.0","1.0","82.0","1.0","37.4","1.0","48.0","1.3","29.6","1.1","21.4","1.5","16.6","1.7","26.2","1.9","11.2","0.8","9.2","1.1","13.0","1.1","8.6","0.7","7.2","1.0","9.6","0.8","3.4","0.3","2.7","0.4","4.1","0.5","50548","577","63015","1331","39899","864","22007","898","25464","1125","17418","975","31406","578","36728","1398","25622","932","39161","1516","46535","1699","34034","1213","71232","1826","97555","4058","50233","1465","94639","2512","133512","4729","71003","1625","5.6","(X)","(X)","(X)","(X)","(X)",
"5001400US0905","Congressional District 5 (114th Congress), Connecticut","63175","1467","32461","1009","30714","956","14.7","1.2","16.0","1.7","13.3","1.6","30.0","1.1","34.5","1.8","25.2","1.6","43.0","1.6","38.5","2.2","47.7","2.2","12.4","0.9","11.0","1.4","13.8","1.0","492693","1880","235064","1512","257629","1267","5.1","0.3","5.4","0.4","4.8","0.3","6.6","0.2","7.2","0.3","5.9","0.3","28.7","0.5","29.7","0.7","27.8","0.6","17.6","0.4","16.8","0.6","18.2","0.5","7.7","0.3","6.2","0.4","9.1","0.3","19.6","0.4","20.0","0.6","19.3","0.6","14.8","0.3","14.7","0.5","14.9","0.4","88.4","0.4","87.3","0.5","89.3","0.4","34.4","0.5","34.6","0.6","34.2","0.6","81591","2015","40262","1417","41329","1069","89.1","0.8","87.7","1.4","90.4","1.0","33.8","1.0","29.7","1.4","37.7","1.3","92364","1508","44537","988","47827","1016","90.5","0.8","88.2","1.4","92.6","0.7","37.9","1.0","34.7","1.5","40.8","1.1","211687","1558","104284","1132","107403","948","90.9","0.5","89.8","0.7","91.9","0.5","36.5","0.8","36.2","1.0","36.9","1.1","107051","1350","45981","898","61070","895","81.0","0.8","80.6","1.1","81.3","1.0","27.6","0.9","35.3","1.2","21.8","1.1","25.6","1.4","21.7","2.0","29.9","1.7","11.5","0.7","10.4","0.9","12.6","1.0","7.8","0.6","6.3","0.8","9.0","0.8","3.0","0.3","2.6","0.3","3.4","0.4","43549","565","51459","457","36014","610","22798","1156","26228","998","19197","1394","33625","1010","40944","965","26259","689","40172","897","48256","1725","33268","782","57190","1538","74074","2046","46147","1379","77330","1644","98800","3856","62824","2080","5.5","(X)","(X)","(X)","(X)","(X)",
"5001400US1000","Congressional District (at Large) (114th Congress), Delaware","91658","199","45940","123","45718","160","15.7","0.9","19.0","1.3","12.4","1.2","30.1","1.3","33.5","1.7","26.7","1.8","44.3","1.2","39.7","1.5","49.0","1.8","9.9","0.7","7.8","0.9","12.0","1.2","620886","212","293974","133","326912","178","4.1","0.2","4.6","0.3","3.5","0.2","7.9","0.3","8.5","0.4","7.3","0.3","31.5","0.4","31.9","0.6","31.2","0.6","19.7","0.3","19.3","0.5","20.1","0.5","7.3","0.2","6.4","0.3","8.2","0.3","17.5","0.4","17.0","0.5","18.0","0.5","11.9","0.3","12.2","0.4","11.7","0.4","88.0","0.3","86.8","0.5","89.1","0.4","29.4","0.4","29.2","0.6","29.7","0.5","117308","200","58080","151","59228","153","87.0","0.9","84.5","1.3","89.4","0.9","32.7","1.0","28.2","1.3","37.2","1.1","112435","197","54711","142","57724","143","89.8","0.6","87.6","1.0","91.8","0.8","33.6","1.2","30.1","1.4","37.0","1.6","250061","182","118949","156","131112","111","90.7","0.5","89.6","0.7","91.8","0.6","29.2","0.7","29.0","1.0","29.3","0.8","141082","104","62234","90","78848","59","82.7","0.7","83.0","1.1","82.5","0.9","23.8","0.7","29.7","1.0","19.2","0.8","23.0","1.2","18.0","1.5","28.2","1.6","10.7","0.6","8.2","0.7","13.0","0.8","7.6","0.5","5.9","0.6","9.0","0.7","3.4","0.3","2.9","0.4","3.9","0.5","39364","422","44796","635","34368","517","21742","955","25739","1244","16726","1245","31248","519","36633","952","26032","681","37762","718","44478","1030","33049","662","50797","888","59957","1664","44035","1011","67632","1614","81516","2564","57036","1795","5.5","(X)","(X)","(X)","(X)","(X)",
"5001400US1198","Delegate District (at Large) (114th Congress), District of Columbia","83026","80","37925","54","45101","64","11.3","0.9","15.4","1.5","7.9","1.0","21.8","1.2","24.8","1.8","19.4","1.6","42.8","1.7","38.8","2.7","46.1","2.5","24.1","1.4","21.0","2.0","26.6","2.0","442721","87","207602","113","235119","113","4.3","0.3","4.8","0.4","3.9","0.3","6.8","0.3","6.9","0.4","6.6","0.4","18.6","0.4","18.4","0.7","18.8","0.5","13.7","0.4","12.5","0.6","14.8","0.6","3.1","0.2","2.9","0.3","3.3","0.3","23.3","0.5","23.8","0.6","22.9","0.6","30.1","0.5","30.6","0.6","29.6","0.6","88.9","0.4","88.3","0.5","89.4","0.5","53.4","0.4","54.4","0.7","52.5","0.6","140234","162","65703","96","74531","131","93.7","0.5","92.3","0.8","95.0","0.6","68.9","0.8","65.8","1.1","71.7","1.1","87033","126","43561","107","43472","65","92.1","0.6","91.5","1.0","92.8","0.9","57.8","1.1","58.9","1.8","56.7","1.3","143731","113","69386","63","74345","102","86.7","0.7","86.2","1.0","87.2","0.9","43.1","0.7","44.5","1.0","41.9","1.0","71723","70","28952","44","42771","55","80.0","0.9","79.7","1.2","80.2","1.2","38.2","0.9","45.8","1.3","33.1","1.3","34.3","1.7","29.2","2.5","39.1","1.9","23.5","1.3","19.5","1.7","26.9","1.7","16.3","1.0","13.5","1.4","18.3","1.2","5.3","0.3","4.8","0.5","5.8","0.5","55010","824","58593","2191","52542","752","23338","1332","24661","1656","21911","1458","30644","734","31069","964","30098","1353","38305","1591","39924","2463","37002","1563","61971","909","67121","2197","57996","1411","84598","1613","96973","2416","76437","1174","7.9","(X)","(X)","(X)","(X)","(X)",
"5001400US1201","Congressional District 1 (114th Congress), Florida","78181","414","43358","373","34823","163","14.3","1.1","14.8","1.5","13.6","1.4","33.8","1.7","39.9","2.1","26.2","2.1","45.4","1.8","39.3","2.3","53.1","2.5","6.5","1.0","6.0","1.0","7.2","1.4","485869","605","239120","426","246749","387","3.3","0.2","3.4","0.3","3.1","0.3","7.7","0.3","8.1","0.4","7.4","0.4","28.3","0.6","28.4","0.7","28.3","0.7","24.0","0.5","23.4","0.7","24.7","0.7","11.2","0.4","9.7","0.5","12.7","0.6","16.5","0.4","16.7","0.6","16.2","0.5","9.0","0.3","10.3","0.4","7.7","0.4","89.0","0.4","88.5","0.5","89.5","0.5","25.4","0.6","27.0","0.8","23.9","0.6","97251","512","51684","413","45567","271","89.1","0.9","86.9","1.3","91.7","1.1","24.2","1.3","21.4","1.6","27.3","1.5","85413","348","43403","296","42010","231","89.8","1.0","87.2","1.5","92.4","1.2","28.3","1.3","26.5","1.9","30.2","1.7","196232","514","96202","400","100030","286","90.7","0.4","90.0","0.6","91.3","0.6","25.9","0.7","27.8","1.0","24.0","0.9","106973","268","47831","186","59142","163","85.3","0.8","88.3","0.9","82.9","1.1","23.6","1.0","32.1","1.4","16.7","1.0","30.2","1.8","28.1","2.6","32.2","2.0","14.9","0.8","13.8","1.0","16.0","1.0","9.6","0.6","7.7","0.7","11.2","0.9","4.0","0.4","3.6","0.6","4.4","0.6","31954","360","38178","831","26643","395","17034","1286","19233","1938","14617","1155","24772","719","28808","1108","20454","620","31485","447","37823","1070","26505","525","44058","1024","53138","1386","36023","1356","62659","2825","81344","3232","46365","1664","6.6","(X)","(X)","(X)","(X)","(X)",
"5001400US1202","Congressional District 2 (114th Congress), Florida","102586","590","51226","503","51360","292","12.7","0.9","14.9","1.1","10.5","1.1","22.0","1.2","25.7","1.7","18.3","1.4","55.8","1.4","52.3","1.9","59.4","1.9","9.5","0.9","7.1","1.0","11.8","1.4","460671","739","233241","630","227430","517","4.4","0.2","4.9","0.4","3.8","0.3","9.9","0.4","11.4","0.5","8.3","0.4","29.2","0.6","30.5","0.7","27.8","0.7","21.6","0.4","21.0","0.6","22.2","0.6","8.3","0.3","7.3","0.5","9.4","0.4","16.1","0.4","14.9","0.5","17.4","0.5","10.5","0.3","10.0","0.4","11.1","0.4","85.8","0.4","83.8","0.6","87.8","0.5","26.7","0.4","24.9","0.6","28.5","0.6","97071","726","53240","656","43831","334","86.9","0.8","83.1","1.4","91.6","0.8","27.3","1.2","21.7","1.3","34.1","1.7","86035","625","46104","538","39931","266","86.2","0.9","82.4","1.2","90.5","1.0","28.3","1.1","23.2","1.5","34.2","1.4","182553","688","91501","563","91052","375","88.0","0.6","85.8","0.9","90.1","0.7","27.4","0.7","25.9","0.9","28.8","0.9","95012","356","42396","260","52616","244","80.0","0.9","81.6","1.2","78.7","1.1","23.3","0.8","28.7","1.2","19.0","1.2","31.9","1.7","30.1","2.1","33.8","2.3","17.2","0.8","15.9","1.2","18.5","0.9","12.6","0.9","10.8","1.0","14.1","1.2","5.4","0.5","5.2","0.7","5.5","0.6","32164","384","35507","681","29442","573","17086","696","19589","1548","14862","1367","25638","469","28756","1019","21908","615","30922","589","34345","1056","28063","795","42554","796","51871","2134","38243","1233","53710","1472","67893","2731","45812","1247","8.3","(X)","(X)","(X)","(X)","(X)",
"5001400US1203","Congressional District 3 (114th Congress), Florida","93854","1246","48560","986","45294","872","14.4","1.0","19.2","1.8","9.2","1.0","22.7","1.3","24.7","1.8","20.6","1.7","52.6","1.5","47.0","2.0","58.6","1.9","10.3","1.1","9.1","1.5","11.6","1.4","465263","2068","230727","1411","234536","1340","3.9","0.2","4.6","0.3","3.3","0.3","9.3","0.3","11.1","0.5","7.5","0.4","30.9","0.6","32.0","0.8","29.8","0.7","22.1","0.5","20.3","0.6","23.9","0.7","9.6","0.3","8.4","0.5","10.8","0.4","14.3","0.4","13.8","0.6","14.8","0.5","9.8","0.3","9.7","0.5","9.9","0.5","86.8","0.4","84.3","0.6","89.2","0.5","24.1","0.5","23.5","0.7","24.7","0.6","88576","1155","47267","943","41309","624","87.7","0.9","84.1","1.4","91.9","1.1","27.0","1.2","22.5","1.5","32.2","1.6","80930","1166","41340","714","39590","686","88.6","0.9","85.0","1.4","92.3","1.2","25.4","1.1","22.4","1.4","28.6","1.5","184217","1381","90644","892","93573","830","88.1","0.5","85.6","0.8","90.6","0.7","23.2","0.7","22.3","0.8","24.1","1.0","111540","962","51476","572","60064","726","82.4","0.9","81.7","1.4","83.0","1.1","22.4","1.0","27.6","1.4","17.9","1.2","30.4","1.9","27.6","2.4","33.6","2.4","16.2","0.9","14.2","1.1","18.1","1.1","11.7","0.7","9.3","0.9","13.7","1.1","5.7","0.6","5.3","0.8","6.0","0.7","32212","391","36392","562","27812","936","20549","1154","22390","1569","16821","2167","25824","555","30484","807","21753","762","31383","566","36859","951","26574","611","44031","1473","51926","935","38549","2258","53490","1838","62919","4126","49359","1614","6.7","(X)","(X)","(X)","(X)","(X)",
"5001400US1204","Congressional District 4 (114th Congress), Florida","68298","1252","34857","856","33441","781","14.3","1.2","16.1","1.9","12.4","1.6","33.3","1.7","36.9","2.5","29.7","2.3","41.7","1.8","38.5","2.4","45.0","2.7","10.7","1.1","8.5","1.4","12.9","1.8","487450","2347","234365","1745","253085","1360","2.8","0.2","3.0","0.3","2.6","0.3","6.5","0.3","6.8","0.4","6.2","0.3","27.9","0.6","28.0","0.9","27.8","0.8","23.1","0.5","22.5","0.7","23.7","0.6","9.9","0.4","9.1","0.5","10.6","0.6","20.2","0.5","20.5","0.8","19.9","0.6","9.6","0.3","10.1","0.5","9.1","0.4","90.7","0.4","90.1","0.5","91.1","0.4","29.7","0.6","30.5","0.9","29.0","0.7","107925","1454","54413","1031","53512","828","92.2","0.9","90.2","1.3","94.2","0.8","32.6","1.5","29.2","1.8","36.2","1.8","93746","1150","46714","734","47032","694","92.5","0.9","92.1","1.0","92.9","1.1","31.9","1.4","30.6","1.8","33.2","2.0","194101","1486","93333","977","100768","853","91.6","0.5","90.8","0.7","92.4","0.6","28.7","0.8","29.3","1.2","28.0","1.0","91678","703","39905","410","51773","544","84.9","1.0","86.2","1.2","83.9","1.3","26.4","0.9","35.1","1.7","19.8","1.1","24.6","2.2","22.9","2.9","26.3","2.5","12.9","0.7","11.5","1.0","14.1","1.1","8.5","0.6","7.3","0.8","9.5","0.7","4.1","0.5","3.8","0.6","4.5","0.7","36867","482","42026","675","32350","535","19960","1165","22150","1904","17258","1315","29941","705","34574","1054","25154","1010","34208","640","39873","1244","31004","638","46790","1021","56116","2991","41087","726","63922","2441","79889","4947","52321","2668","8.9","(X)","(X)","(X)","(X)","(X)",
"5001400US1205","Congressional District 5 (114th Congress), Florida","77075","2356","38729","1628","38346","1420","22.9","1.4","25.8","1.9","19.9","1.8","33.3","1.4","37.5","2.1","29.1","2.1","38.4","1.6","32.8","2.2","44.1","2.2","5.3","0.7","3.8","0.9","6.9","0.9","448569","3965","209079","2955","239490","2420","6.1","0.3","6.6","0.5","5.7","0.4","12.8","0.4","14.2","0.7","11.5","0.5","34.4","0.6","36.1","0.9","33.0","0.8","22.2","0.6","20.9","0.8","23.4","0.7","8.5","0.4","7.3","0.5","9.7","0.5","11.1","0.4","10.5","0.5","11.6","0.5","4.9","0.3","4.5","0.4","5.2","0.4","81.1","0.5","79.3","0.9","82.7","0.6","16.0","0.4","15.0","0.6","16.8","0.6","104570","2396","49522","1786","55048","1301","83.2","1.2","79.3","1.9","86.8","1.4","17.1","1.2","14.2","1.4","19.7","1.5","90612","1882","43340","1282","47272","1301","83.6","1.1","80.9","1.6","86.0","1.4","17.7","1.1","17.1","1.4","18.2","1.4","174099","2452","83233","1646","90866","1382","82.4","0.8","80.7","1.2","83.9","0.8","14.7","0.7","13.4","0.9","15.8","0.9","79288","1224","32984","777","46304","978","72.8","1.0","73.3","1.5","72.3","1.3","15.3","1.0","17.7","1.5","13.6","1.1","36.0","1.7","32.8","2.5","39.2","2.3","23.6","1.0","19.9","1.3","27.1","1.2","16.9","0.8","13.1","1.2","19.7","1.2","8.1","0.8","7.4","1.1","8.6","1.1","25906","309","28060","988","23981","539","17508","612","19256","1008","16047","703","22964","667","26006","627","20479","579","27680","806","32174","1160","25550","622","37585","1258","40369","1852","35999","1420","46776","2046","51583","4734","45047","2070","10.7","(X)","(X)","(X)","(X)","(X)",
"5001400US1206","Congressional District 6 (114th Congress), Florida","60167","937","31790","641","28377","607","16.0","1.3","18.1","1.7","13.7","2.0","31.3","2.1","34.0","2.6","28.3","2.8","46.4","2.2","41.9","3.0","51.3","3.1","6.4","1.0","6.0","1.2","6.7","1.3","519937","1487","248005","1161","271932","998","3.3","0.2","3.7","0.3","3.0","0.3","7.6","0.3","8.0","0.4","7.2","0.4","29.9","0.6","29.4","0.7","30.4","0.7","23.0","0.5","22.5","0.6","23.5","0.7","9.0","0.3","8.1","0.4","9.8","0.4","17.5","0.4","18.1","0.6","17.0","0.5","9.6","0.3","10.3","0.4","9.0","0.4","89.1","0.4","88.3","0.5","89.8","0.5","27.1","0.5","28.4","0.7","26.0","0.6","70882","1054","35376","748","35506","612","88.5","1.2","86.1","1.9","90.8","1.5","25.3","1.6","21.0","1.8","29.6","2.1","79628","872","39157","630","40471","560","90.2","0.8","88.1","1.0","92.2","1.1","30.6","1.4","29.8","1.9","31.3","1.8","210878","1175","100496","881","110382","726","91.1","0.5","90.1","0.6","92.0","0.7","27.2","0.8","27.6","1.1","26.8","1.0","158549","918","72976","565","85573","632","86.2","0.7","87.1","0.9","85.4","0.9","26.1","0.8","32.2","1.1","20.9","0.9","25.1","1.6","22.8","2.3","27.5","2.4","15.8","0.9","14.6","1.1","16.9","1.2","12.1","0.7","10.5","1.1","13.5","1.0","5.6","0.5","5.1","0.6","6.1","0.7","31765","519","36757","783","27313","553","19083","1067","21859","1218","15761","782","25459","570","28680","1889","22261","798","30365","730","36293","1190","26137","736","43711","1346","54735","3026","37294","1155","57894","4621","74860","6160","47966","2876","10.7","(X)","(X)","(X)","(X)","(X)",
"5001400US1207","Congressional District 7 (114th Congress), Florida","83984","2370","42711","1335","41273","1473","9.1","1.0","9.4","1.2","8.8","1.0","22.7","1.4","25.5","1.8","19.9","1.9","59.1","1.6","57.8","2.0","60.4","2.3","9.1","1.0","7.2","1.1","11.0","1.4","476080","2243","226957","1476","249123","1678","2.9","0.2","2.6","0.3","3.2","0.3","5.6","0.3","6.1","0.5","5.1","0.4","25.6","0.6","25.3","0.8","25.9","0.8","21.7","0.6","20.9","0.8","22.4","0.7","10.7","0.3","10.4","0.5","10.9","0.4","21.9","0.5","22.2","0.7","21.6","0.6","11.7","0.3","12.4","0.5","11.0","0.4","91.6","0.4","91.3","0.6","91.8","0.5","33.6","0.7","34.6","0.8","32.6","0.8","97027","1633","49111","1171","47916","1038","93.4","0.8","91.9","1.2","94.9","0.9","35.3","1.4","31.5","1.9","39.2","1.8","89491","1385","44285","878","45206","935","93.6","0.8","92.3","1.0","94.8","1.1","38.1","1.4","35.8","1.8","40.5","1.7","191715","1554","91337","955","100378","1102","93.2","0.5","93.0","0.6","93.3","0.6","34.8","0.9","36.5","1.1","33.2","1.1","97847","1159","42224","766","55623","830","84.8","1.1","86.1","1.2","83.7","1.4","25.3","0.9","33.0","1.5","19.5","1.1","23.9","2.0","22.3","2.5","25.4","2.7","12.9","0.8","11.9","1.2","13.7","1.2","9.7","0.7","9.1","1.0","10.2","0.9","5.0","0.5","4.6","0.6","5.3","0.6","35256","433","40381","680","30875","470","20597","1467","22557","1688","17837","1807","27050","541","31575","922","23661","907","31512","536","36414","827","27444","901","45564","1046","56591","2727","39059","1222","62611","1952","82519","5759","48985","2107","8.3","(X)","(X)","(X)","(X)","(X)",
"5001400US1208","Congressional District 8 (114th Congress), Florida","54024","416","29137","299","24887","237","16.1","1.2","19.2","2.0","12.6","1.7","31.4","1.8","33.0","2.6","29.5","2.6","45.3","1.8","41.1","2.6","50.2","2.8","7.2","1.1","6.8","1.3","7.7","1.7","516599","677","245791","494","270808","454","3.1","0.2","3.0","0.3","3.2","0.3","7.2","0.3","7.6","0.5","6.8","0.4","29.6","0.6","28.9","0.7","30.3","0.7","23.1","0.5","21.8","0.6","24.2","0.7","10.5","0.4","9.8","0.5","11.2","0.5","16.6","0.4","17.0","0.6","16.1","0.5","10.0","0.3","11.9","0.4","8.2","0.3","89.7","0.4","89.4","0.5","90.0","0.4","26.5","0.5","28.9","0.7","24.4","0.6","71882","521","35978","364","35904","366","88.5","1.0","87.1","1.6","89.9","1.4","23.5","1.4","20.1","1.7","26.9","2.0","75076","483","36305","351","38771","271","91.8","0.9","90.0","1.3","93.6","1.0","29.4","1.5","26.9","2.1","31.8","2.1","209804","499","100982","302","108822","358","91.6","0.6","90.3","0.8","92.7","0.6","27.6","0.7","29.3","1.1","26.1","1.0","159837","293","72526","198","87311","203","86.8","0.7","88.9","0.8","85.1","0.9","25.1","0.8","33.7","1.1","17.9","0.9","26.2","2.0","24.8","2.3","27.6","2.7","13.9","0.9","12.5","0.9","15.2","1.2","10.5","0.6","9.0","0.9","11.8","0.8","4.9","0.5","4.0","0.6","5.9","0.7","31360","401","37865","959","26631","420","18632","1179","21263","1050","14772","2004","24829","905","27867","1204","21198","683","29405","766","36080","1357","25050","629","44984","1342","59971","3900","37659","1564","66063","1788","84765","5543","49443","1222","6.6","(X)","(X)","(X)","(X)","(X)",
"5001400US1209","Congressional District 9 (114th Congress), Florida","80590","2103","40363","1253","40227","1440","15.4","1.2","19.5","2.0","11.4","1.5","28.4","1.6","33.7","2.3","23.0","1.9","46.9","1.8","38.8","2.6","55.1","2.6","9.3","1.0","8.1","1.3","10.5","1.3","481310","3735","231840","2617","249470","2127","6.3","0.4","6.5","0.5","6.1","0.4","8.7","0.5","9.8","0.7","7.7","0.5","30.1","0.7","31.1","1.1","29.1","0.8","21.3","0.6","20.9","0.9","21.6","0.8","10.2","0.4","9.2","0.6","11.2","0.6","16.4","0.6","15.6","0.7","17.2","0.7","7.0","0.4","6.9","0.5","7.1","0.5","85.0","0.6","83.7","0.9","86.2","0.7","23.5","0.6","22.5","0.8","24.4","0.8","111515","2432","57447","1531","54068","1398","87.5","1.2","84.3","1.7","90.9","1.4","25.6","1.5","20.2","1.6","31.2","2.0","109576","1796","52914","1194","56662","1258","88.0","1.1","86.1","1.6","89.7","1.2","26.1","1.2","23.1","1.7","28.9","1.5","178566","1957","85788","1201","92778","1266","86.9","0.7","86.1","1.2","87.7","1.0","23.6","1.0","24.2","1.3","23.0","1.3","81653","1215","35691","719","45962","938","73.4","1.4","73.4","1.9","73.5","1.7","16.9","1.1","21.3","1.8","13.4","1.4","26.2","2.0","24.4","2.2","28.1","2.6","16.0","0.8","13.8","1.1","18.3","1.3","12.4","0.8","10.0","1.0","14.5","1.2","6.6","0.8","6.2","1.2","6.9","1.0","28724","594","31619","614","25929","396","18334","900","20313","996","16093","758","24505","830","26884","802","21053","690","29043","751","33366","963","25822","605","39321","1075","43521","1409","35741","990","54699","3424","66535","6465","47802","2569","8.9","(X)","(X)","(X)","(X)","(X)",
"5001400US1210","Congressional District 10 (114th Congress), Florida","61542","2007","31497","1312","30045","1347","17.3","1.8","19.5","2.6","15.1","2.1","29.4","1.9","31.1","2.9","27.7","2.2","42.2","2.0","40.2","2.9","44.3","2.4","11.0","1.5","9.1","2.1","12.9","1.8","509822","3814","245768","2566","264054","2314","4.1","0.3","4.2","0.3","4.0","0.3","7.4","0.3","7.9","0.6","6.9","0.4","29.3","0.7","28.9","0.8","29.6","0.8","21.3","0.5","21.3","0.6","21.3","0.7","9.3","0.4","8.6","0.4","10.0","0.5","19.0","0.5","18.8","0.6","19.2","0.7","9.6","0.3","10.3","0.4","9.0","0.5","88.5","0.4","87.8","0.6","89.1","0.5","28.6","0.6","29.1","0.7","28.2","0.8","93325","2209","45511","1646","47814","1212","89.1","0.9","87.4","1.4","90.6","1.0","31.7","1.4","26.3","1.6","36.9","2.1","97505","1699","48459","1196","49046","1124","90.9","1.0","89.7","1.3","92.1","1.2","33.7","1.3","30.4","1.7","36.9","2.0","191084","2198","93086","1466","97998","1224","89.6","0.7","88.6","0.9","90.5","0.8","28.5","0.8","29.5","1.1","27.6","1.2","127908","1500","58712","859","69196","1148","84.6","0.9","85.4","1.0","83.9","1.2","22.6","0.8","29.5","1.2","16.8","1.1","23.4","1.6","21.7","2.1","25.1","2.1","13.6","0.8","13.4","1.1","13.8","1.0","10.2","0.6","7.8","0.8","12.4","1.0","4.8","0.6","4.4","0.7","5.2","0.7","33002","482","37721","845","28978","714","19396","816","21805","1396","16730","772","25885","469","28904","1099","22331","695","31698","599","36982","1395","26951","669","44231","926","53488","2227","39863","1135","57947","2965","72004","4846","47971","2367","8.8","(X)","(X)","(X)","(X)","(X)",
"5001400US1211","Congressional District 11 (114th Congress), Florida","45136","779","23757","489","21379","497","22.9","1.5","26.0","2.2","19.4","2.5","39.8","2.0","42.9","2.8","36.4","2.6","33.9","2.0","28.2","2.4","40.2","2.8","3.4","0.7","2.8","1.1","4.0","0.9","544142","1723","259438","1067","284704","1108","3.8","0.2","4.4","0.3","3.3","0.3","9.6","0.3","10.4","0.5","8.8","0.5","36.4","0.5","35.4","0.8","37.3","0.6","23.2","0.5","22.4","0.6","23.9","0.7","8.7","0.3","7.4","0.4","9.9","0.5","11.7","0.4","12.7","0.6","10.8","0.5","6.6","0.3","7.3","0.4","5.9","0.3","86.6","0.4","85.1","0.6","87.8","0.5","18.3","0.5","20.0","0.6","16.8","0.6","62079","869","31362","629","30717","602","84.3","1.5","80.3","2.3","88.3","1.5","12.6","1.1","9.7","1.3","15.6","1.7","68110","692","34056","493","34054","470","87.0","1.0","83.6","1.5","90.4","1.3","15.6","1.0","12.2","1.2","19.0","1.8","192892","1141","89351","749","103541","690","88.8","0.6","86.8","1.0","90.4","0.8","18.8","0.8","18.9","1.0","18.7","1.0","221061","1010","104669","656","116392","710","85.1","0.6","85.6","0.9","84.7","0.9","20.2","0.7","26.5","1.2","14.6","0.9","24.9","1.7","23.4","1.8","26.6","2.3","13.9","0.7","12.5","0.9","15.1","0.9","11.4","0.7","9.8","0.8","12.6","0.9","5.7","0.6","4.8","0.7","6.6","0.8","26563","436","30781","595","23556","563","17825","1039","20103","1147","15080","1227","23968","816","28407","1571","20221","872","26799","727","32493","1088","23481","855","39106","1196","43450","2379","36821","1306","47338","2956","54651","8369","45445","1908","6.9","(X)","(X)","(X)","(X)","(X)",
"5001400US1212","Congressional District 12 (114th Congress), Florida","50204","877","25708","618","24496","573","16.1","1.4","18.0","1.6","14.1","1.8","34.0","1.6","36.2","2.6","31.6","2.0","43.5","1.7","40.5","2.7","46.6","2.5","6.4","0.8","5.3","0.9","7.6","1.3","512647","1969","242494","1215","270153","1358","3.1","0.2","3.1","0.3","3.2","0.3","7.0","0.3","7.5","0.4","6.6","0.3","30.7","0.6","30.2","0.7","31.1","0.7","21.7","0.4","21.5","0.6","21.8","0.5","10.3","0.3","9.4","0.5","11.1","0.4","18.1","0.4","18.8","0.6","17.5","0.5","9.1","0.3","9.6","0.4","8.6","0.4","89.8","0.3","89.4","0.4","90.2","0.4","27.2","0.5","28.4","0.6","26.2","0.6","72849","1190","35359","790","37490","689","92.1","0.8","91.2","1.2","93.0","1.0","30.1","1.6","26.3","2.0","33.7","2.0","90168","910","44456","656","45712","601","93.2","0.6","92.1","0.8","94.3","0.8","33.8","1.3","31.3","1.5","36.3","1.7","203037","1344","96797","806","106240","869","91.6","0.5","90.5","0.6","92.5","0.6","28.6","0.7","29.4","0.9","27.7","0.9","146593","1184","65882","637","80711","1053","84.2","0.6","85.0","1.0","83.6","0.9","19.9","0.7","25.9","1.0","14.9","0.9","21.9","1.7","19.9","2.0","23.7","2.2","14.6","0.8","14.1","1.1","15.0","1.0","9.5","0.5","7.9","0.7","10.9","0.8","4.1","0.4","3.6","0.5","4.6","0.6","36234","604","42108","662","31306","543","21157","996","24789","2045","16852","1144","26467","623","31394","830","22234","872","33718","677","40471","1011","29279","1181","49464","1228","61930","1259","41590","913","63228","2613","79070","5760","54158","3644","7.4","(X)","(X)","(X)","(X)","(X)",
"5001400US1213","Congressional District 13 (114th Congress), Florida","49740","1010","25197","746","24543","601","16.0","1.4","19.1","2.0","12.8","1.7","33.8","1.7","36.3","2.3","31.2","2.3","42.1","1.8","38.7","2.4","45.7","2.4","8.1","0.9","5.9","1.1","10.3","1.4","533038","1848","252235","1251","280803","1231","3.4","0.2","3.7","0.3","3.1","0.2","7.3","0.3","7.7","0.4","6.9","0.3","30.0","0.5","29.0","0.6","30.8","0.7","22.0","0.4","21.6","0.6","22.4","0.5","9.4","0.3","8.5","0.4","10.3","0.4","18.3","0.4","19.2","0.6","17.5","0.5","9.5","0.2","10.2","0.4","8.9","0.3","89.3","0.3","88.6","0.4","90.0","0.4","27.9","0.5","29.4","0.6","26.5","0.6","79691","1032","39067","793","40624","662","89.1","0.9","87.2","1.6","90.9","0.9","29.4","1.3","25.0","1.8","33.7","1.7","80941","791","40582","574","40359","613","90.9","0.8","89.5","1.2","92.4","0.9","30.2","1.1","27.6","1.4","32.7","1.6","213192","1114","103240","840","109952","759","91.1","0.5","89.9","0.8","92.2","0.5","28.6","0.7","29.4","1.0","27.8","0.9","159214","1100","69346","615","89868","953","86.2","0.6","86.8","0.8","85.7","0.7","24.9","0.7","32.9","1.2","18.8","0.7","23.2","1.5","20.7","2.0","25.7","2.0","14.3","0.7","14.3","1.0","14.4","1.0","10.7","0.6","9.4","0.7","11.8","0.9","5.9","0.5","5.4","0.7","6.4","0.6","33367","415","36524","624","31003","396","20369","756","22210","1095","16614","980","27116","453","30207","659","25145","756","32350","520","35752","996","30440","570","45632","970","53656","1776","41374","556","58959","3411","75703","5362","46974","2159","7.3","(X)","(X)","(X)","(X)","(X)",
"5001400US1214","Congressional District 14 (114th Congress), Florida","74389","1853","37440","1188","36949","1153","18.1","1.2","21.4","1.5","14.7","1.5","33.2","1.5","36.2","2.2","30.1","1.9","40.1","1.4","35.4","2.1","44.9","1.9","8.6","0.9","6.9","1.0","10.4","1.3","487964","2823","233141","2199","254823","1868","5.8","0.3","5.9","0.3","5.8","0.4","9.7","0.4","10.1","0.5","9.2","0.4","29.8","0.6","30.3","0.8","29.4","0.6","19.6","0.5","18.6","0.7","20.4","0.6","9.0","0.3","8.4","0.4","9.5","0.4","17.1","0.4","17.2","0.6","16.9","0.5","9.1","0.3","9.5","0.4","8.7","0.4","84.5","0.4","84.0","0.6","85.0","0.5","26.1","0.5","26.7","0.7","25.6","0.6","116749","1838","57927","1463","58822","1096","88.4","0.9","86.4","1.3","90.4","1.0","31.1","1.1","27.3","1.7","34.8","1.5","100347","1895","49581","1270","50766","1055","87.2","0.9","85.4","1.4","88.9","1.0","30.0","1.0","29.2","1.5","30.9","1.2","184328","1838","88903","1375","95425","1166","85.2","0.6","84.9","0.8","85.6","0.9","23.9","0.7","25.2","1.0","22.7","0.9","86540","1085","36730","698","49810","835","74.5","1.1","76.0","1.6","73.4","1.3","19.5","0.8","25.6","1.2","15.0","1.0","34.2","1.7","31.0","2.0","37.3","1.9","21.4","1.0","18.7","1.3","23.9","1.3","14.9","0.8","12.3","1.0","17.0","1.0","5.9","0.5","6.1","0.7","5.6","0.6","31557","321","34469","640","29149","532","18624","595","20322","938","16109","696","25467","474","27306","830","22725","957","30655","450","33410","1142","28499","705","45440","1062","52717","2032","41278","792","61016","1721","76087","2253","50366","1639","7.5","(X)","(X)","(X)","(X)","(X)",
"5001400US1215","Congressional District 15 (114th Congress), Florida","76484","1861","36750","1211","39734","1336","15.4","1.0","19.3","1.6","11.7","1.3","28.7","1.5","31.1","1.9","26.5","1.8","47.2","1.6","43.0","2.3","51.1","2.2","8.7","0.8","6.6","1.1","10.6","1.2","470331","3257","223705","2069","246626","2143","4.6","0.2","5.1","0.4","4.1","0.3","8.4","0.3","9.4","0.5","7.4","0.3","31.2","0.6","31.0","0.8","31.4","0.7","20.6","0.5","19.8","0.7","21.4","0.6","8.9","0.3","8.2","0.4","9.5","0.4","17.2","0.4","16.9","0.6","17.4","0.6","9.2","0.3","9.6","0.4","8.8","0.4","87.0","0.4","85.5","0.6","88.4","0.4","26.4","0.5","26.6","0.7","26.2","0.6","91877","1892","45179","1176","46698","1332","86.4","1.1","83.3","1.6","89.4","1.3","26.5","1.4","21.5","1.6","31.2","1.8","90766","1806","44160","1142","46606","1226","88.3","1.0","85.7","1.5","90.8","1.0","30.7","1.1","28.7","1.4","32.6","1.5","187777","2144","90066","1434","97711","1305","89.4","0.6","88.0","0.9","90.7","0.5","27.1","0.7","27.7","0.9","26.6","0.9","99911","1404","44300","798","55611","1043","82.1","0.8","82.6","1.4","81.7","1.1","20.8","0.9","27.4","1.5","15.6","1.0","27.8","1.9","25.4","2.2","30.7","2.3","14.4","0.9","12.9","1.1","15.8","1.2","9.8","0.6","8.2","0.8","11.1","0.9","4.5","0.5","4.1","0.5","4.8","0.7","34726","494","39740","815","30952","407","19098","1252","21766","1106","15020","824","28187","805","31907","707","24801","904","33210","761","39804","1292","30057","683","47163","1081","57564","2865","41006","961","60864","1632","80207","3595","50380","1528","6.0","(X)","(X)","(X)","(X)","(X)",
"5001400US1216","Congressional District 16 (114th Congress), Florida","46841","273","24035","256","22806","136","20.2","1.8","23.3","2.6","16.9","2.3","37.8","2.0","41.6","3.3","33.7","2.8","36.4","1.7","31.0","2.5","42.2","2.6","5.6","0.7","4.1","0.9","7.2","1.3","544856","553","256034","487","288822","347","3.5","0.2","3.9","0.3","3.2","0.3","6.2","0.3","6.7","0.4","5.8","0.4","30.7","0.5","29.2","0.7","32.1","0.6","21.2","0.4","20.8","0.5","21.6","0.6","8.7","0.3","7.5","0.4","9.8","0.4","17.7","0.4","18.7","0.6","16.8","0.5","12.0","0.3","13.3","0.5","10.8","0.4","90.3","0.3","89.4","0.5","91.0","0.4","29.6","0.5","32.0","0.7","27.5","0.7","65529","293","32769","211","32760","206","85.8","1.4","83.9","2.0","87.7","1.5","21.3","1.3","17.2","1.4","25.5","2.0","72532","359","35450","311","37082","150","88.4","0.9","87.6","1.3","89.1","1.4","27.9","1.6","25.5","2.1","30.1","2.0","199436","340","93054","238","106382","213","92.1","0.5","90.7","0.7","93.3","0.7","30.2","0.8","31.1","1.1","29.5","1.1","207359","223","94761","162","112598","152","90.6","0.4","90.8","0.6","90.4","0.6","32.3","0.6","40.5","1.0","25.4","0.7","24.7","1.7","21.3","2.2","28.2","2.2","12.9","0.7","11.8","0.9","13.8","0.8","9.4","0.6","8.5","0.7","10.1","0.8","5.0","0.4","4.6","0.6","5.4","0.6","30938","415","34889","871","27304","506","19308","982","21935","1188","15009","1201","25963","499","29754","1014","22388","862","30363","524","33045","1061","27395","896","42943","1117","51691","1339","38733","1646","54203","2239","68252","5737","49097","2095","7.7","(X)","(X)","(X)","(X)","(X)",
"5001400US1217","Congressional District 17 (114th Congress), Florida","51755","1357","28030","975","23725","853","28.7","1.5","34.5","2.6","21.8","1.9","35.0","2.1","32.6","2.7","37.8","2.8","33.2","1.8","31.0","2.2","35.8","2.7","3.1","0.6","2.0","0.6","4.5","1.1","519542","3559","255612","2216","263930","1983","7.2","0.3","8.7","0.5","5.7","0.4","10.0","0.3","10.9","0.5","9.1","0.4","35.0","0.5","34.3","0.6","35.7","0.6","21.5","0.4","20.8","0.6","22.2","0.6","7.9","0.3","6.7","0.4","9.0","0.4","11.9","0.4","11.8","0.4","12.0","0.5","6.5","0.2","6.7","0.3","6.2","0.3","82.8","0.4","80.4","0.5","85.1","0.5","18.4","0.4","18.5","0.5","18.3","0.6","71710","1754","38075","1167","33635","1138","78.7","1.4","73.7","2.1","84.3","1.8","14.5","1.3","11.2","1.3","18.2","1.8","77576","1565","39502","958","38074","930","80.2","1.4","76.4","1.8","84.2","1.5","19.3","1.3","16.3","1.5","22.4","1.8","186777","1928","91568","1356","95209","1168","84.6","0.7","81.6","0.9","87.5","0.9","18.7","0.7","17.5","0.9","19.9","1.0","183479","1648","86467","1060","97012","1057","83.7","0.6","83.9","0.8","83.5","0.8","19.2","0.6","23.8","0.9","15.1","0.7","28.7","1.4","26.0","2.0","31.8","1.6","13.8","0.7","12.4","1.0","15.1","0.8","11.0","0.7","8.9","0.9","12.8","0.9","5.7","0.6","5.5","0.8","5.9","0.7","27602","662","31127","611","25188","534","17502","798","19748","1086","14633","1011","25008","665","28241","1428","21303","558","30059","825","35827","1295","25795","678","41501","756","49498","2826","37850","1588","54126","2255","68368","6203","46977","2664","7.9","(X)","(X)","(X)","(X)","(X)",
"5001400US1218","Congressional District 18 (114th Congress), Florida","48577","1023","25269","737","23308","623","18.7","1.8","19.3","2.8","18.0","1.9","32.9","2.0","37.3","2.8","28.1","3.1","40.7","2.2","37.1","3.1","44.5","2.9","7.8","1.1","6.3","1.6","9.4","1.6","520940","2120","247160","1399","273780","1505","4.3","0.3","4.9","0.4","3.8","0.3","6.8","0.3","7.5","0.5","6.1","0.4","28.5","0.6","27.5","0.9","29.5","0.7","21.7","0.5","20.9","0.8","22.4","0.6","9.5","0.3","7.9","0.4","11.0","0.5","18.3","0.5","19.2","0.7","17.4","0.6","10.9","0.3","12.1","0.5","9.9","0.4","88.9","0.4","87.6","0.5","90.1","0.5","29.2","0.6","31.3","0.8","27.3","0.7","73442","1213","37121","867","36321","775","85.9","1.3","83.0","1.9","88.8","1.7","25.0","1.7","21.9","2.4","28.3","2.3","80485","1102","38727","752","41758","648","87.9","1.2","84.5","1.8","90.9","1.1","29.9","1.5","27.5","1.7","32.1","2.0","201059","1632","96470","1004","104589","1039","91.2","0.5","89.6","0.8","92.6","0.6","30.1","0.9","30.9","1.2","29.4","1.0","165954","1127","74842","765","91112","859","88.1","0.6","88.9","0.8","87.5","0.9","29.7","0.8","38.5","1.2","22.5","1.1","25.6","2.2","23.7","2.8","27.7","2.5","12.9","0.8","11.9","1.1","13.7","1.1","9.1","0.6","8.0","0.9","9.9","0.8","4.8","0.6","4.5","0.7","5.0","0.8","34008","617","38791","1128","30522","553","18986","859","20622","1212","16035","1061","26897","655","30836","928","23490","1054","32905","935","38918","1399","29995","988","47881","2128","55715","3595","41429","993","62165","2048","81047","4244","50059","3078","8.8","(X)","(X)","(X)","(X)","(X)",
"5001400US1219","Congressional District 19 (114th Congress), Florida","50148","1002","25251","759","24897","650","20.7","2.0","23.6","2.8","17.6","2.6","33.6","2.1","36.9","2.8","30.3","3.0","39.3","2.3","35.7","2.8","42.8","3.1","6.5","1.1","3.8","0.9","9.2","1.8","542927","2725","260575","1536","282352","1635","5.0","0.3","5.4","0.4","4.7","0.4","6.8","0.3","7.4","0.4","6.2","0.4","29.3","0.6","28.2","0.8","30.4","0.7","20.9","0.4","19.9","0.6","21.8","0.5","8.2","0.2","6.9","0.4","9.4","0.3","18.4","0.4","19.0","0.6","17.7","0.6","11.4","0.3","13.2","0.4","9.7","0.4","88.2","0.4","87.2","0.6","89.1","0.5","29.8","0.5","32.2","0.7","27.5","0.6","73181","1228","36993","834","36188","839","82.2","1.4","77.8","2.3","86.6","1.6","22.8","1.4","17.9","1.6","27.9","2.0","76225","1045","38146","677","38079","679","86.1","1.1","84.1","1.5","88.0","1.6","26.4","1.3","24.3","1.4","28.5","1.9","193457","1631","90308","1087","103149","1006","89.8","0.6","88.8","0.9","90.6","0.7","28.8","0.8","29.2","1.2","28.4","1.1","200064","1325","95128","789","104936","984","89.6","0.5","90.6","0.6","88.8","0.7","34.5","0.8","43.8","1.1","26.0","0.9","26.6","2.0","23.3","2.3","30.1","2.5","14.2","0.8","13.5","1.3","14.7","0.9","9.1","0.6","8.0","0.8","9.9","0.8","5.3","0.4","4.7","0.6","5.9","0.6","29950","494","32496","743","26735","408","18803","1139","21134","1068","15919","859","24255","742","27677","939","21010","670","30865","659","35344","1507","27652","948","42049","651","49281","1913","38155","1531","56101","2956","74859","5309","47020","2559","7.2","(X)","(X)","(X)","(X)","(X)",
"5001400US1220","Congressional District 20 (114th Congress), Florida","73479","1696","37860","1358","35619","1125","23.6","1.1","28.0","1.6","18.8","1.7","33.8","1.6","36.0","2.1","31.3","2.1","38.5","1.6","33.2","2.2","44.1","2.3","4.2","0.6","2.7","0.7","5.8","1.1","478511","3224","227393","2694","251118","2175","9.5","0.5","10.5","0.6","8.5","0.5","11.2","0.4","12.0","0.6","10.5","0.4","34.1","0.6","34.7","0.9","33.5","0.7","19.5","0.5","19.0","0.8","19.9","0.6","8.1","0.3","7.1","0.5","9.0","0.5","12.2","0.4","11.5","0.5","12.9","0.6","5.4","0.3","5.2","0.4","5.7","0.4","79.3","0.5","77.5","0.6","81.0","0.7","17.7","0.4","16.7","0.5","18.6","0.6","102861","2236","50411","1625","52450","1242","83.7","1.1","79.6","1.6","87.6","1.1","18.1","1.0","14.5","1.1","21.6","1.7","94204","1988","46385","1290","47819","1202","82.6","1.0","78.5","1.5","86.5","1.2","18.9","1.0","17.5","1.3","20.4","1.3","183579","2600","89638","1707","93941","1586","79.4","0.8","78.2","1.1","80.5","1.1","17.3","0.7","16.5","1.0","18.1","1.0","97867","1586","40959","963","56908","1370","71.5","1.0","72.2","1.4","71.0","1.5","16.6","0.9","19.0","1.2","15.0","1.2","31.8","1.5","28.3","1.7","35.3","2.0","20.2","0.9","17.9","1.4","22.3","1.1","14.7","0.7","11.6","1.1","17.2","1.0","9.8","0.9","10.5","1.2","9.2","1.1","26085","315","27620","716","24525","478","17105","411","19882","906","14943","612","23126","551","25783","656","20906","582","28615","847","31928","1113","26553","614","38613","1556","41851","2037","36513","1258","47008","1544","49268","4322","46446","1299","10.1","(X)","(X)","(X)","(X)","(X)",
"5001400US1221","Congressional District 21 (114th Congress), Florida","55398","1619","29228","1232","26170","1096","16.0","1.4","19.1","2.0","12.7","1.8","30.5","1.6","33.4","2.5","27.3","2.1","44.7","1.9","41.6","2.6","48.3","2.4","8.7","1.0","6.0","1.0","11.8","1.6","512576","3125","234788","2249","277788","2157","3.9","0.2","4.0","0.4","3.9","0.3","5.2","0.2","5.5","0.4","4.9","0.3","26.7","0.6","24.5","0.8","28.6","0.7","20.9","0.4","20.8","0.6","21.0","0.6","9.0","0.3","8.3","0.4","9.6","0.5","21.7","0.5","23.2","0.7","20.4","0.5","12.6","0.3","13.7","0.5","11.7","0.4","90.9","0.3","90.5","0.5","91.3","0.4","34.3","0.5","36.9","0.7","32.1","0.6","74695","1957","35963","1319","38732","1195","91.4","1.0","90.2","1.5","92.6","1.1","32.1","1.5","27.7","2.0","36.2","2.0","91115","1734","43448","1179","47667","1098","92.4","0.8","91.6","1.2","93.1","0.9","37.9","1.2","36.0","1.6","39.7","1.5","186114","2261","86754","1300","99360","1473","92.2","0.5","91.5","0.7","92.8","0.6","36.8","0.8","38.9","1.2","34.9","1.0","160652","2030","68623","1285","92029","1451","88.4","0.6","88.7","0.9","88.2","0.7","30.5","0.7","39.9","1.2","23.5","0.9","20.5","1.6","16.7","1.8","24.0","2.3","11.9","0.7","9.6","1.0","13.5","0.9","8.1","0.6","6.5","0.7","9.5","0.8","4.9","0.4","4.0","0.5","5.8","0.6","36357","537","41836","626","31152","544","19304","1159","21874","1134","16144","888","26972","562","30882","901","23436","1391","34456","1018","41350","977","30330","668","47193","1185","57964","2911","40372","971","60221","2469","75266","3462","50898","1298","6.9","(X)","(X)","(X)","(X)","(X)",
"5001400US1222","Congressional District 22 (114th Congress), Florida","54628","1636","27706","1297","26922","1114","18.7","1.6","21.4","2.4","15.9","2.0","26.1","1.8","28.0","2.3","24.1","2.4","45.3","2.3","41.3","2.9","49.5","2.9","9.9","1.1","9.2","1.4","10.5","1.5","540489","3503","271093","2468","269396","2161","5.6","0.3","6.2","0.5","5.0","0.3","5.8","0.3","6.1","0.4","5.5","0.3","23.8","0.5","22.9","0.7","24.7","0.6","20.1","0.5","19.3","0.6","20.9","0.6","8.4","0.3","7.2","0.4","9.5","0.4","22.9","0.4","23.5","0.6","22.4","0.6","13.3","0.4","14.7","0.5","11.9","0.5","88.6","0.4","87.7","0.6","89.5","0.4","36.2","0.6","38.2","0.7","34.3","0.7","93251","2112","49384","1597","43867","1177","86.1","1.1","82.7","1.8","89.8","1.1","34.4","1.5","30.4","2.0","38.9","2.0","90953","1770","48268","1185","42685","1067","88.0","1.0","86.6","1.5","89.5","1.2","36.4","1.3","33.8","1.8","39.3","1.6","205651","2295","104574","1537","101077","1416","90.6","0.6","89.7","0.8","91.4","0.7","37.5","0.8","39.8","0.9","35.2","1.1","150634","2049","68867","1173","81767","1557","87.8","0.7","88.7","0.9","86.9","0.9","35.5","0.9","44.2","1.2","28.2","1.0","28.0","1.9","23.2","2.4","33.6","2.3","14.9","0.8","14.1","1.0","15.6","0.9","11.0","0.5","9.8","0.8","12.1","0.7","6.7","0.6","6.1","0.6","7.4","0.8","35603","462","39530","897","31564","519","18200","1145","20563","765","14817","1081","27376","794","30780","843","23662","1254","32905","902","37474","1211","29722","1121","49048","1119","57749","2652","41467","775","64057","1988","79581","4616","52147","1356","7.7","(X)","(X)","(X)","(X)","(X)",
"5001400US1223","Congressional District 23 (114th Congress), Florida","56315","1805","28325","1172","27990","1275","13.5","1.3","14.8","2.0","12.2","1.6","28.1","1.5","32.3","2.3","23.8","2.1","46.7","1.8","44.6","2.6","48.8","3.0","11.7","1.1","8.3","1.5","15.1","1.8","517306","2755","246719","2222","270587","2534","4.8","0.3","4.5","0.4","5.0","0.3","5.6","0.3","6.0","0.4","5.3","0.4","24.0","0.5","23.8","0.7","24.2","0.8","19.5","0.5","19.2","0.7","19.6","0.6","9.4","0.3","8.4","0.4","10.2","0.5","21.8","0.4","21.9","0.6","21.7","0.6","15.0","0.4","16.3","0.6","13.9","0.5","89.6","0.4","89.5","0.5","89.6","0.4","36.8","0.5","38.1","0.7","35.5","0.7","94406","2205","46807","1565","47599","1473","92.2","1.0","89.8","1.5","94.6","0.9","40.6","1.4","35.7","2.1","45.3","1.8","105568","2099","51672","1515","53896","1255","93.7","0.7","92.9","1.0","94.4","0.8","44.2","1.2","42.0","1.5","46.4","1.9","202779","2914","98902","1684","103877","1891","91.5","0.6","91.5","0.7","91.5","0.7","37.5","0.7","39.5","1.0","35.6","1.1","114553","1917","49338","1128","65215","1484","80.2","0.8","81.8","1.1","79.0","1.1","25.5","0.9","33.6","1.4","19.4","1.1","28.1","1.9","25.6","2.7","30.4","2.1","15.3","1.2","13.4","1.3","17.0","1.5","11.0","0.8","9.8","1.1","12.1","0.9","7.1","0.6","6.5","0.8","7.7","0.7","36691","539","42060","685","31728","462","18450","969","21720","1118","14800","856","25913","584","29136","1395","22879","861","34045","789","40288","1043","30338","621","46934","1054","56321","3172","41171","989","67845","3426","86982","3783","52607","2199","5.3","(X)","(X)","(X)","(X)","(X)",
"5001400US1224","Congressional District 24 (114th Congress), Florida","75495","1660","36366","1365","39129","1083","18.9","1.2","23.8","2.0","14.3","1.4","30.2","1.4","33.0","2.0","27.6","1.9","44.4","1.6","38.5","2.2","49.9","2.1","6.4","0.8","4.6","0.9","8.1","1.2","473999","3814","220989","2743","253010","2481","10.4","0.4","9.9","0.5","10.8","0.5","10.7","0.4","11.5","0.5","10.0","0.5","31.2","0.7","32.7","0.9","29.9","0.7","19.0","0.5","18.8","0.7","19.2","0.6","8.5","0.3","7.1","0.5","9.6","0.5","13.0","0.4","12.7","0.6","13.3","0.5","7.2","0.3","7.2","0.4","7.2","0.5","78.9","0.6","78.6","0.7","79.3","0.6","20.2","0.5","19.9","0.7","20.5","0.7","112252","2302","53632","1655","58620","1490","88.6","0.9","86.3","1.4","90.7","1.1","25.6","1.0","22.2","1.5","28.8","1.6","99995","1953","48472","1224","51523","1407","86.2","1.1","84.2","1.4","88.1","1.3","23.0","1.2","21.3","1.6","24.7","1.5","180285","2434","85565","1731","94720","1656","78.3","0.8","78.1","1.0","78.5","0.9","18.2","0.6","19.0","1.0","17.4","0.9","81467","1751","33320","1021","48147","1272","58.0","1.5","58.9","1.9","57.4","1.8","13.8","0.9","16.4","1.3","12.1","1.1","36.3","1.5","32.8","1.9","39.3","1.6","24.7","1.2","20.9","1.6","28.2","1.5","15.6","1.0","12.1","1.2","18.3","1.3","9.0","0.8","8.9","1.0","9.1","1.0","26977","316","29343","853","25367","382","17025","412","18532","972","15911","419","22637","620","25412","624","20418","663","28982","904","32023","1044","26454","703","41202","686","44077","1939","39750","1294","52850","2329","61360","2963","49637","2255","7.5","(X)","(X)","(X)","(X)","(X)",
"5001400US1225","Congressional District 25 (114th Congress), Florida","69986","1625","36734","1243","33252","1184","16.5","1.2","20.3","1.7","12.3","1.4","30.5","1.6","34.6","2.1","26.0","2.1","45.9","1.6","40.0","2.2","52.4","2.4","7.0","1.0","5.0","1.2","9.3","1.5","491772","3203","232533","2126","259239","2474","10.9","0.4","10.6","0.5","11.1","0.5","9.0","0.4","9.6","0.6","8.4","0.4","30.0","0.5","30.6","0.8","29.4","0.7","16.6","0.5","15.8","0.7","17.3","0.7","8.8","0.4","8.2","0.5","9.4","0.5","16.3","0.5","16.2","0.6","16.4","0.6","8.4","0.5","9.0","0.5","7.9","0.5","80.2","0.5","79.8","0.7","80.5","0.6","24.7","0.6","25.2","0.8","24.3","0.7","90879","2452","45148","1691","45731","1455","87.3","1.2","83.6","1.8","90.9","1.1","25.1","1.8","21.0","2.0","29.2","2.2","105046","2219","52135","1462","52911","1594","86.0","1.1","83.7","1.5","88.2","1.3","26.5","1.3","23.9","1.8","29.0","1.7","186636","2099","88345","1488","98291","1424","83.5","0.7","82.9","1.0","84.1","1.0","27.2","1.0","28.7","1.3","25.7","1.1","109211","2041","46905","1069","62306","1627","62.9","1.2","66.2","1.5","60.5","1.5","18.6","1.0","24.1","1.3","14.5","1.3","28.3","1.4","25.2","1.9","31.0","1.5","17.8","1.0","15.2","1.2","20.2","1.3","10.4","0.8","9.1","1.1","11.4","0.9","7.5","0.7","6.3","0.8","8.6","0.9","28818","693","31416","630","26233","438","18237","1101","21023","876","15405","597","23492","687","26419","698","19907","752","31535","716","35795","1478","28593","1968","40358","886","45535","3583","35812","959","51366","1760","61369","3773","44431","2954","6.3","(X)","(X)","(X)","(X)","(X)",
"5001400US1226","Congressional District 26 (114th Congress), Florida","73376","1976","38124","1550","35252","1197","15.5","1.1","17.2","1.5","13.7","1.6","27.7","1.6","30.7","2.2","24.4","2.0","49.0","1.6","47.1","2.5","51.0","2.4","7.8","0.7","4.9","0.8","10.9","1.2","507886","4079","243506","2991","264380","2538","8.5","0.4","8.1","0.5","8.8","0.5","9.1","0.4","10.1","0.5","8.2","0.5","28.2","0.6","28.4","0.8","28.0","0.8","17.7","0.5","18.0","0.6","17.3","0.7","9.7","0.4","9.2","0.5","10.1","0.5","18.1","0.4","17.3","0.6","18.8","0.6","8.8","0.3","8.8","0.4","8.8","0.5","82.4","0.5","81.8","0.6","83.0","0.7","26.9","0.5","26.1","0.7","27.6","0.7","95768","2681","49778","1832","45990","1466","86.1","1.2","83.8","1.6","88.5","1.5","26.5","1.3","21.8","1.6","31.7","2.0","100059","2185","49940","1460","50119","1276","88.2","0.8","85.0","1.3","91.3","1.1","28.7","1.3","23.8","1.9","33.6","2.0","206278","2508","99700","1797","106578","1735","85.5","0.8","83.9","1.0","87.0","0.9","28.6","0.8","28.5","1.1","28.6","1.0","105781","1968","44088","1179","61693","1458","67.7","1.2","71.3","1.7","65.1","1.4","22.2","0.9","28.3","1.4","17.9","1.1","26.1","1.5","25.4","2.0","26.8","1.8","16.9","1.0","15.0","1.4","18.6","1.1","10.2","0.8","8.5","1.0","11.7","1.0","7.1","0.7","6.4","0.9","7.7","0.9","30824","366","32369","612","28057","953","19234","954","20689","762","16805","811","24417","701","26615","628","21507","688","32174","545","36740","1139","29111","1203","40910","649","45263","2041","38810","1598","54276","2165","62475","4575","50088","2560","5.4","(X)","(X)","(X)","(X)","(X)",
"5001400US1227","Congressional District 27 (114th Congress), Florida","66967","2013","34280","1505","32687","1176","16.5","1.1","19.6","1.7","13.2","1.4","30.4","1.7","31.6","2.2","29.0","2.4","43.0","1.9","40.6","2.4","45.5","2.3","10.1","0.8","8.1","1.1","12.2","1.3","511100","3362","243951","2847","267149","2111","12.9","0.5","12.4","0.6","13.3","0.6","9.5","0.4","9.9","0.5","9.2","0.5","26.8","0.6","27.6","0.8","26.1","0.8","14.1","0.4","14.0","0.6","14.1","0.5","8.0","0.3","6.9","0.4","9.0","0.4","17.1","0.4","16.8","0.5","17.5","0.5","11.6","0.3","12.4","0.4","10.9","0.4","77.6","0.6","77.6","0.7","77.6","0.7","28.7","0.5","29.2","0.6","28.3","0.6","96999","2382","48627","1600","48372","1567","87.1","1.2","85.0","1.7","89.3","1.4","31.2","1.4","27.4","1.8","35.1","2.0","107334","2321","53420","1524","53914","1422","85.0","1.0","83.0","1.4","87.1","1.3","32.0","1.2","30.3","1.5","33.8","1.7","188832","2412","90766","1696","98066","1493","80.5","0.8","80.4","1.3","80.6","1.1","30.4","0.7","30.9","1.0","29.9","0.9","117935","2071","51138","1171","66797","1578","58.3","1.1","60.1","1.7","56.9","1.3","21.1","0.9","26.6","1.3","16.9","1.0","32.7","1.4","30.2","1.7","35.1","1.7","23.0","1.1","19.1","1.3","26.7","1.4","13.9","0.7","11.7","1.3","15.7","1.1","8.3","0.6","7.4","0.8","9.1","0.8","28015","660","31469","559","25323","574","16287","303","18047","973","13804","540","20671","401","22330","537","17363","483","30646","832","35901","1153","26275","712","42619","1285","50902","2093","37718","2045","66511","2654","86843","3785","51474","1667","6.0","(X)","(X)","(X)","(X)","(X)",
"5001400US1301","Congressional District 1 (114th Congress), Georgia","79626","815","41399","523","38227","560","17.2","1.1","20.0","1.7","14.2","1.5","35.4","1.6","38.9","2.1","31.7","2.4","42.3","1.6","37.8","2.0","47.1","2.3","5.1","0.7","3.4","0.7","7.0","0.9","456189","1081","218834","839","237355","616","4.2","0.2","4.6","0.3","3.8","0.3","9.4","0.4","9.8","0.5","9.1","0.5","31.2","0.5","32.7","0.8","29.8","0.6","23.7","0.5","23.7","0.7","23.8","0.6","7.2","0.3","5.9","0.3","8.3","0.5","15.2","0.4","14.6","0.5","15.8","0.6","9.0","0.3","8.6","0.4","9.4","0.5","86.4","0.4","85.6","0.5","87.1","0.5","24.3","0.5","23.2","0.6","25.2","0.8","103878","921","51874","601","52004","515","87.3","0.9","85.9","1.2","88.7","1.0","24.8","1.2","19.9","1.4","29.8","1.9","89281","847","44592","586","44689","536","89.1","0.9","86.3","1.5","91.8","1.1","26.7","1.3","23.4","1.5","29.9","1.9","174967","961","83829","585","91138","557","88.4","0.6","87.4","0.7","89.4","0.7","23.4","0.8","22.7","1.0","23.9","1.1","88063","367","38539","260","49524","277","78.5","0.9","80.5","1.5","77.0","1.2","22.9","1.1","28.5","1.5","18.6","1.2","30.7","1.5","25.7","1.9","35.5","2.2","16.0","0.8","13.4","1.1","18.5","1.0","11.5","0.8","7.6","0.8","14.7","1.0","5.7","0.6","4.4","0.6","6.8","0.8","32132","376","38329","627","25848","509","18118","750","21249","945","13328","1012","26684","520","32858","906","20048","690","31414","502","39780","944","24738","853","44267","1416","55204","2212","37625","1444","55277","2236","72332","5432","48914","2400","5.9","(X)","(X)","(X)","(X)","(X)",
"5001400US1302","Congressional District 2 (114th Congress), Georgia","80681","880","43104","602","37577","659","20.9","1.0","23.9","1.3","17.4","1.6","31.6","1.4","35.3","1.9","27.5","1.8","42.9","1.3","36.8","1.7","49.8","2.1","4.6","0.6","4.0","0.8","5.3","0.8","441709","1642","210426","1013","231283","1090","6.9","0.3","7.7","0.4","6.2","0.4","14.1","0.4","15.4","0.6","12.9","0.4","33.7","0.5","35.7","0.7","32.0","0.7","22.8","0.5","21.0","0.7","24.5","0.6","6.3","0.3","5.2","0.3","7.3","0.4","9.9","0.3","9.7","0.4","10.1","0.4","6.3","0.3","5.4","0.4","7.1","0.3","79.0","0.5","76.9","0.7","80.9","0.6","16.2","0.4","15.1","0.5","17.2","0.5","92322","1249","47517","877","44805","730","81.4","1.1","77.8","1.4","85.1","1.4","16.1","0.9","13.3","1.3","19.2","1.2","83943","795","41417","597","42526","515","83.5","1.0","79.4","1.7","87.4","1.2","18.2","0.8","14.7","1.2","21.6","1.3","175910","991","84512","685","91398","646","81.5","0.6","79.1","1.0","83.7","0.8","16.0","0.6","15.2","0.8","16.8","0.8","89534","565","36980","335","52554","430","67.5","0.9","68.1","1.3","67.1","1.3","14.6","0.7","17.5","1.0","12.6","0.8","38.6","1.4","32.5","1.6","44.6","1.9","21.9","0.8","17.8","1.0","25.8","1.0","17.6","0.7","11.7","1.1","21.8","1.0","5.1","0.6","3.5","0.7","6.4","0.9","27201","325","31734","478","23677","430","16421","487","18265","1149","13516","977","23868","609","27907","1329","20382","544","27646","601","34308","1242","23536","678","41233","1127","49251","2633","35997","1027","53341","1656","70480","3351","48192","1735","7.4","(X)","(X)","(X)","(X)","(X)",
"5001400US1303","Congressional District 3 (114th Congress), Georgia","66966","1032","33076","674","33890","650","19.3","1.3","23.7","1.9","15.0","1.6","33.5","1.6","34.5","2.4","32.4","2.2","41.5","1.8","38.1","2.6","44.7","2.4","5.8","0.7","3.6","0.8","7.9","1.1","457080","1688","215771","1152","241309","1013","4.9","0.2","5.2","0.4","4.6","0.3","9.8","0.4","10.4","0.5","9.2","0.5","31.6","0.5","32.0","0.7","31.2","0.6","22.4","0.5","21.3","0.7","23.3","0.6","6.9","0.3","6.3","0.4","7.5","0.4","15.6","0.3","16.3","0.5","15.0","0.5","8.8","0.3","8.5","0.4","9.1","0.4","85.3","0.4","84.4","0.6","86.2","0.6","24.5","0.5","24.8","0.6","24.2","0.6","84381","1122","40721","758","43660","716","86.7","1.0","84.2","1.4","88.9","1.2","23.3","1.2","19.2","1.6","27.2","1.6","94402","824","45470","552","48932","545","88.9","0.8","86.4","1.2","91.3","1.2","27.9","1.2","25.4","1.4","30.2","1.6","187842","1178","90628","711","97214","736","87.3","0.6","86.2","0.7","88.3","0.9","26.1","0.6","27.2","0.9","25.2","0.9","90455","573","38952","413","51503","499","76.3","1.0","78.0","1.4","75.0","1.2","18.4","0.9","24.3","1.3","14.0","1.0","28.6","1.6","23.6","1.7","33.6","2.2","13.9","0.8","10.8","1.0","16.6","1.1","9.9","0.7","7.6","0.7","11.6","0.9","3.7","0.5","2.7","0.5","4.7","0.7","35245","484","42122","540","28518","740","20909","860","25169","1362","14055","869","28625","849","34814","1019","21769","735","33957","866","42458","1185","27534","939","51645","1045","64596","2145","40427","1214","62416","1149","78794","3549","54422","1285","7.1","(X)","(X)","(X)","(X)","(X)",
"5001400US1304","Congressional District 4 (114th Congress), Georgia","67481","1566","34435","1107","33046","924","20.8","1.3","24.4","1.7","17.1","1.8","31.3","1.8","33.4","2.4","29.1","2.1","41.4","2.1","36.7","2.4","46.2","2.7","6.5","0.8","5.4","1.2","7.5","1.2","457330","3222","206450","2248","250880","2084","5.4","0.3","5.7","0.5","5.1","0.4","7.4","0.4","8.6","0.6","6.5","0.5","25.4","0.5","27.1","0.8","24.0","0.7","23.8","0.6","23.0","0.7","24.5","0.7","8.5","0.4","7.6","0.5","9.3","0.5","18.6","0.5","18.2","0.7","19.0","0.7","10.7","0.4","9.8","0.5","11.5","0.5","87.2","0.5","85.6","0.7","88.4","0.6","29.4","0.7","28.0","0.9","30.5","0.7","100423","2007","47987","1178","52436","1448","85.6","1.2","82.8","1.7","88.2","1.4","26.6","1.4","22.9","1.8","30.0","1.6","103789","1767","47442","1136","56347","1126","88.4","0.8","85.8","1.3","90.6","0.8","31.6","1.3","27.7","1.8","34.9","1.7","187256","1827","84122","1191","103134","1071","90.1","0.6","88.8","0.9","91.0","0.7","31.6","0.9","30.3","1.2","32.8","1.1","65862","934","26899","683","38963","724","79.3","1.3","80.3","2.1","78.6","1.6","23.6","1.1","30.2","2.0","19.1","1.3","31.3","2.2","26.4","2.6","36.3","2.5","18.9","1.1","15.8","1.5","21.8","1.5","12.6","0.8","10.9","1.1","13.8","1.0","6.3","0.6","5.8","0.8","6.6","0.8","32975","605","35401","855","31345","491","19113","842","21023","701","15793","793","26022","644","28666","1502","22644","1182","31864","620","35514","1118","29898","762","44457","1263","51486","1730","40565","920","56701","1534","66858","3054","52756","1521","6.3","(X)","(X)","(X)","(X)","(X)",
"5001400US1305","Congressional District 5 (114th Congress), Georgia","96708","1871","47612","1322","49096","1262","13.6","0.9","14.8","1.6","12.3","1.2","22.2","1.2","22.6","1.5","21.9","1.7","51.6","1.4","50.9","2.0","52.4","2.0","12.6","1.0","11.8","1.3","13.3","1.5","468346","3327","224863","2714","243483","2169","4.6","0.3","5.1","0.4","4.2","0.3","9.0","0.3","9.2","0.5","8.8","0.5","23.5","0.4","24.0","0.7","22.9","0.5","18.8","0.5","18.1","0.6","19.4","0.7","5.5","0.3","4.9","0.4","6.1","0.4","22.8","0.5","23.2","0.6","22.4","0.6","15.8","0.5","15.5","0.6","16.2","0.5","86.4","0.4","85.8","0.6","87.0","0.5","38.6","0.6","38.7","0.8","38.5","0.6","134231","2158","65739","1524","68492","1350","89.3","0.8","88.0","1.3","90.6","0.8","47.7","1.1","45.8","1.7","49.5","1.4","105256","1922","53734","1168","51522","1224","89.5","0.7","88.9","1.0","90.1","1.0","42.5","1.3","40.7","1.6","44.5","1.6","161166","2203","78031","1450","83135","1312","86.5","0.7","85.5","1.1","87.4","0.8","33.0","0.8","33.8","1.2","32.1","1.0","67693","1198","27359","758","40334","885","75.5","1.2","74.9","1.7","75.9","1.3","28.0","1.2","31.8","1.7","25.5","1.5","39.8","1.8","34.4","2.4","45.0","2.1","26.9","1.2","22.2","1.6","31.4","1.7","19.1","1.0","15.1","1.3","22.3","1.2","7.0","0.5","6.4","0.6","7.5","0.7","34691","545","38739","1140","31971","610","17188","758","19049","1220","14496","1122","23161","884","26094","759","20744","593","28426","917","31977","837","25805","730","49245","1462","56055","2397","43839","1263","65137","1636","74684","3832","56676","1911","7.3","(X)","(X)","(X)","(X)","(X)",
"5001400US1306","Congressional District 6 (114th Congress), Georgia","50510","1668","26808","1258","23702","1072","17.7","1.4","19.9","1.9","15.3","2.0","25.7","1.6","27.6","2.2","23.5","2.4","39.8","2.1","40.1","2.9","39.5","2.5","16.8","1.3","12.4","1.4","21.7","2.1","486622","2684","236279","2000","250343","1887","3.9","0.3","4.2","0.3","3.5","0.3","2.9","0.2","3.0","0.3","2.9","0.2","13.9","0.5","13.3","0.7","14.4","0.6","16.2","0.5","14.5","0.6","17.8","0.5","5.9","0.3","5.3","0.4","6.4","0.4","36.1","0.6","36.5","0.8","35.8","0.7","21.2","0.5","23.3","0.6","19.2","0.5","93.2","0.3","92.8","0.4","93.6","0.4","57.3","0.6","59.8","0.8","54.9","0.8","102659","2280","51447","1576","51212","1353","90.7","0.8","88.3","1.1","93.0","0.8","53.6","1.4","48.3","1.9","59.0","1.8","112602","1853","55817","1095","56785","1244","91.8","0.7","91.2","0.9","92.4","0.9","61.2","1.2","59.3","1.6","63.0","1.6","195304","1856","95359","1255","99945","1201","95.5","0.4","95.4","0.6","95.7","0.5","61.3","1.0","65.5","1.2","57.2","1.4","76057","1231","33656","800","42401","890","92.8","0.8","95.3","0.8","90.9","1.2","46.3","1.3","61.8","2.0","33.9","1.5","27.5","3.1","20.3","3.7","35.0","3.8","13.4","1.3","13.8","1.8","13.0","1.6","8.2","0.7","6.9","1.1","9.2","1.0","3.5","0.3","3.0","0.4","4.1","0.4","49467","1081","61066","1280","40258","901","17522","751","18579","1065","14256","1323","25128","896","26076","857","23117","1612","35083","1042","40750","1356","30452","1242","61806","1263","81415","2198","47190","1416","81571","1185","103359","1835","60529","1090","5.5","(X)","(X)","(X)","(X)","(X)",
"5001400US1307","Congressional District 7 (114th Congress), Georgia","61195","1346","32719","811","28476","957","18.5","1.4","20.8","2.3","15.9","1.9","30.0","1.6","31.0","2.4","28.9","2.2","41.0","1.7","39.4","2.1","42.9","2.8","10.5","1.1","8.9","1.4","12.3","1.6","457886","2985","221119","2049","236767","1869","5.6","0.4","5.7","0.5","5.5","0.4","6.0","0.4","6.4","0.5","5.6","0.4","22.1","0.6","21.4","0.8","22.8","0.7","19.8","0.6","19.2","0.8","20.3","0.7","8.3","0.4","7.5","0.5","9.1","0.5","26.3","0.6","27.4","0.9","25.2","0.7","11.9","0.4","12.4","0.6","11.4","0.5","88.4","0.5","87.9","0.7","88.9","0.6","38.2","0.8","39.9","1.0","36.6","0.8","96483","1713","47509","1007","48974","1243","85.7","1.1","81.9","1.6","89.4","1.2","34.2","1.4","30.2","1.9","38.0","1.9","118193","1827","57522","1252","60671","1008","88.6","0.9","87.7","1.2","89.5","1.0","43.9","1.4","43.4","1.7","44.3","1.9","184393","1613","90439","946","93954","1033","91.6","0.6","91.9","0.8","91.3","0.8","40.1","1.0","43.3","1.4","37.1","1.2","58817","964","25649","540","33168","763","82.4","1.4","85.6","2.3","80.0","1.5","27.2","1.6","37.7","2.6","19.2","1.3","25.6","2.2","24.6","2.9","26.6","2.6","13.3","1.1","12.1","1.5","14.4","1.3","7.9","0.8","6.3","0.9","9.2","1.1","3.8","0.4","3.3","0.6","4.2","0.5","38062","771","44190","1036","32243","620","20097","1001","22675","1382","16782","675","26801","538","30515","860","23697","788","34549","809","40733","893","30142","947","54105","1072","69067","2078","41975","1254","67281","2361","88970","3305","55707","1993","6.2","(X)","(X)","(X)","(X)","(X)",
"5001400US1308","Congressional District 8 (114th Congress), Georgia","75847","860","38876","656","36971","565","20.0","1.2","23.6","1.8","16.1","1.4","33.4","1.6","37.4","1.9","29.1","2.3","41.5","1.6","35.0","2.0","48.5","2.3","5.1","0.7","4.0","0.8","6.3","1.1","452934","1410","216859","914","236075","862","5.7","0.2","6.2","0.3","5.3","0.3","12.4","0.4","13.3","0.5","11.6","0.5","34.3","0.5","35.3","0.6","33.3","0.7","20.9","0.5","20.6","0.7","21.2","0.6","7.8","0.3","6.4","0.4","9.0","0.4","11.4","0.3","11.5","0.5","11.4","0.5","7.5","0.3","6.8","0.4","8.1","0.5","81.9","0.4","80.5","0.5","83.1","0.6","18.9","0.5","18.2","0.6","19.6","0.7","92247","1053","46580","690","45667","655","83.9","1.0","80.3","1.4","87.5","1.1","19.1","1.1","16.0","1.4","22.3","1.5","88910","930","44233","614","44677","497","85.8","0.9","83.9","1.2","87.7","1.3","21.8","1.3","18.6","1.6","25.0","1.5","178554","897","86359","606","92195","553","84.1","0.6","82.2","0.9","85.8","0.8","19.2","0.7","18.6","0.9","19.7","0.9","93223","438","39687","326","53536","321","72.0","1.0","73.4","1.3","71.0","1.3","15.5","0.8","19.5","1.2","12.6","0.9","33.9","1.5","30.4","2.0","37.3","2.0","19.2","0.8","16.1","1.2","22.0","1.0","13.3","0.7","9.5","0.8","16.3","1.1","4.4","0.5","3.7","0.6","5.0","0.7","30864","408","36230","576","25629","496","17488","903","21697","900","13403","774","25733","475","31112","849","20604","597","31424","498","38337","1128","26147","750","44075","1509","52416","1783","37423","1248","57364","1620","71740","3596","51782","1339","7.2","(X)","(X)","(X)","(X)","(X)",
"5001400US1309","Congressional District 9 (114th Congress), Georgia","63141","867","31939","508","31202","656","20.1","1.2","21.4","1.6","18.7","1.8","34.1","1.5","37.7","2.2","30.4","2.0","41.1","1.5","36.9","2.1","45.4","2.0","4.7","0.7","4.1","1.0","5.4","1.0","471268","1820","227940","996","243328","1185","8.0","0.4","8.9","0.5","7.2","0.4","11.0","0.4","12.1","0.5","10.1","0.5","33.5","0.6","33.1","0.8","33.8","0.7","20.3","0.5","19.7","0.6","20.7","0.7","6.8","0.3","5.6","0.3","7.8","0.4","13.0","0.4","13.5","0.5","12.5","0.5","7.5","0.3","7.1","0.4","7.8","0.4","80.9","0.5","79.0","0.6","82.7","0.6","20.4","0.5","20.6","0.6","20.3","0.6","81037","1012","40600","668","40437","593","79.8","1.3","77.9","1.8","81.7","1.6","18.1","1.1","14.0","1.2","22.3","1.6","91428","949","45342","599","46086","575","81.0","1.0","78.0","1.3","84.0","1.3","21.0","1.2","18.8","1.3","23.2","1.7","187829","1040","91497","588","96332","689","83.5","0.6","81.1","1.0","85.9","0.7","21.3","0.7","21.6","0.9","21.0","0.7","110974","644","50501","408","60473","432","77.2","1.0","77.1","1.2","77.2","1.2","20.2","0.9","25.8","1.4","15.5","1.1","30.0","1.5","26.5","1.6","33.9","1.9","15.3","0.8","13.3","0.9","17.1","1.1","11.3","0.8","9.4","1.2","12.9","0.9","4.5","0.5","4.3","0.7","4.7","0.7","30207","403","34179","920","25730","404","19644","827","21692","595","16062","711","26033","404","30674","734","21275","596","31300","494","37745","1604","26202","588","45631","1709","54265","1961","39302","1451","55126","1428","65494","4325","51945","1117","5.2","(X)","(X)","(X)","(X)","(X)",
"5001400US1310","Congressional District 10 (114th Congress), Georgia","87804","1351","43366","946","44438","977","13.9","1.0","17.0","1.6","11.0","1.3","29.8","1.9","32.1","2.3","27.7","2.2","47.8","1.9","44.4","2.3","51.1","2.4","8.4","1.1","6.5","1.3","10.3","1.4","447498","2311","214294","1278","233204","1657","5.2","0.3","5.6","0.4","4.9","0.4","10.7","0.4","11.6","0.6","9.9","0.5","32.6","0.5","33.8","0.7","31.5","0.6","20.6","0.4","20.0","0.7","21.2","0.6","6.9","0.3","5.6","0.3","8.2","0.4","14.4","0.4","14.3","0.5","14.4","0.6","9.5","0.3","9.0","0.4","10.0","0.5","84.1","0.5","82.8","0.7","85.2","0.5","23.9","0.5","23.3","0.6","24.4","0.6","85439","1409","42098","854","43341","918","86.6","1.1","83.7","1.4","89.4","1.3","26.0","1.0","20.9","1.1","30.8","1.6","93798","1467","45986","949","47812","924","88.4","0.9","85.9","1.3","90.8","0.9","27.2","1.2","24.2","1.5","30.0","1.5","180037","1378","88090","907","91947","891","85.7","0.7","83.8","1.0","87.6","0.7","23.5","0.8","23.7","1.1","23.3","1.0","88224","849","38120","535","50104","706","73.8","1.1","76.0","1.4","72.1","1.3","19.1","0.7","24.0","1.2","15.3","1.1","30.4","1.8","27.8","2.2","32.9","2.2","15.7","0.8","12.9","1.1","18.3","1.0","10.8","0.8","8.0","1.0","13.0","1.0","5.7","0.5","4.8","0.7","6.4","0.7","32741","484","39803","826","26936","459","19908","1155","22394","1499","14835","1290","27028","500","32254","829","21673","649","32255","612","40869","1157","26111","703","45977","1400","56616","2461","38084","2020","55757","1041","65825","3906","50721","1296","6.6","(X)","(X)","(X)","(X)","(X)",
"5001400US1311","Congressional District 11 (114th Congress), Georgia","67385","1253","34085","882","33300","788","18.0","1.5","21.7","2.4","14.2","1.8","28.0","1.7","28.8","2.4","27.3","2.3","42.9","1.7","41.4","2.4","44.4","2.4","11.1","0.9","8.1","1.0","14.1","1.7","465983","2148","223487","1447","242496","1412","4.3","0.3","4.8","0.4","3.9","0.3","6.5","0.3","7.3","0.4","5.8","0.4","23.1","0.6","23.0","0.8","23.1","0.7","21.1","0.5","20.4","0.7","21.8","0.8","6.7","0.3","6.3","0.5","7.1","0.4","25.4","0.5","25.3","0.7","25.5","0.7","12.9","0.5","12.8","0.6","12.9","0.5","89.2","0.4","87.9","0.6","90.4","0.5","38.3","0.7","38.1","0.9","38.4","0.8","101865","1500","50074","914","51791","1106","88.1","1.0","85.2","1.5","90.9","1.2","39.5","1.5","34.2","1.9","44.6","1.9","111120","1435","54561","864","56559","904","90.1","0.8","87.7","1.2","92.3","1.0","41.9","1.2","38.1","1.8","45.6","1.5","182168","1563","88069","863","94099","949","90.7","0.6","90.0","0.8","91.3","0.8","39.1","0.9","40.8","1.3","37.5","1.1","70830","864","30783","573","40047","656","85.3","1.0","86.1","1.4","84.6","1.2","28.9","1.4","37.1","2.0","22.6","1.6","25.8","2.0","21.3","2.4","30.8","2.6","13.5","1.0","10.9","1.1","15.9","1.3","8.8","0.7","7.0","0.8","10.3","1.0","3.9","0.4","3.8","0.5","4.0","0.6","40029","622","47020","1058","33012","714","18764","814","20986","903","14721","1501","27968","955","32694","1161","22503","1011","35504","899","43271","1509","30724","900","53503","1232","71370","2332","41954","1325","67152","2140","96181","5478","55487","2170","5.6","(X)","(X)","(X)","(X)","(X)",
"5001400US1312","Congressional District 12 (114th Congress), Georgia","84168","744","44665","599","39503","443","18.9","1.1","23.4","1.6","13.9","1.4","32.0","1.5","34.7","1.7","28.9","1.9","43.2","1.5","38.0","1.8","49.0","2.2","5.9","0.8","3.8","0.9","8.3","1.2","446819","1100","215311","990","231508","1081","6.0","0.3","6.4","0.3","5.6","0.3","11.3","0.4","12.1","0.5","10.5","0.5","34.8","0.4","37.0","0.6","32.8","0.7","20.4","0.4","19.0","0.6","21.7","0.6","7.8","0.3","6.4","0.4","9.1","0.5","12.3","0.4","12.1","0.5","12.4","0.5","7.5","0.2","7.0","0.4","8.0","0.3","82.8","0.5","81.5","0.6","83.9","0.6","19.8","0.5","19.2","0.6","20.4","0.6","97405","973","49678","902","47727","594","84.6","1.0","81.6","1.4","87.6","1.4","20.5","0.9","17.3","1.3","23.7","1.5","86385","818","43052","545","43333","540","87.2","1.0","85.0","1.5","89.4","1.3","22.4","1.1","19.6","1.5","25.2","1.6","176440","1120","85764","650","90676","753","84.2","0.7","82.1","1.0","86.1","0.9","20.0","0.6","19.3","0.8","20.7","0.9","86589","485","36817","278","49772","313","73.3","0.9","75.7","1.3","71.6","1.3","16.0","0.8","21.0","1.2","12.3","0.9","34.7","1.9","29.8","2.3","39.3","2.1","19.7","1.0","16.4","1.3","22.9","1.3","13.4","0.9","9.4","0.9","16.3","1.2","6.2","0.7","4.8","0.9","7.4","1.0","30703","338","36446","677","25465","537","18632","979","21409","1005","14095","894","25200","545","30476","854","20061","719","30749","606","39204","1264","25524","711","45300","1475","56231","3492","37551","1967","57188","1516","70231","3951","51402","1043","6.9","(X)","(X)","(X)","(X)","(X)",
"5001400US1313","Congressional District 13 (114th Congress), Georgia","64282","1765","31906","1329","32376","881","22.3","1.6","25.9","2.6","18.6","1.9","32.8","1.6","36.5","2.4","29.2","2.1","38.3","1.8","32.4","2.5","44.2","2.5","6.6","0.8","5.2","1.1","8.0","1.1","447699","3542","202260","2403","245439","2282","5.3","0.3","5.8","0.5","4.9","0.4","7.8","0.3","8.7","0.5","7.1","0.4","28.0","0.6","30.8","0.9","25.7","0.7","23.9","0.6","23.0","0.8","24.6","0.8","7.8","0.4","7.3","0.5","8.2","0.4","17.6","0.5","16.9","0.7","18.2","0.6","9.6","0.5","7.5","0.5","11.3","0.6","86.9","0.4","85.5","0.7","88.0","0.5","27.2","0.6","24.4","0.7","29.4","0.8","96464","2413","44161","1485","52303","1694","85.7","1.2","84.1","1.5","87.2","1.5","28.3","1.3","21.8","1.5","33.7","1.8","108143","1887","48796","1251","59347","1169","89.5","0.9","86.7","1.3","91.8","1.0","33.5","1.3","29.2","1.7","37.1","1.8","179543","2173","82159","1318","97384","1290","89.0","0.7","87.6","1.0","90.3","0.9","26.4","0.9","24.2","1.2","28.3","1.2","63549","1105","27144","720","36405","768","77.9","1.3","79.6","1.9","76.7","1.6","16.8","1.1","20.8","1.8","13.9","1.4","28.2","1.9","24.6","2.0","31.7","2.5","17.0","1.0","14.1","1.2","19.8","1.4","12.5","0.7","9.7","1.1","14.6","0.9","5.5","0.6","4.1","0.8","6.5","0.8","34528","647","37057","786","32018","527","19863","846","22084","1015","16012","944","27197","730","31188","926","23815","1199","32638","858","37223","1194","30235","824","48471","1745","53874","1719","44111","1856","60550","1897","71204","3543","56363","2168","6.9","(X)","(X)","(X)","(X)","(X)",
"5001400US1314","Congressional District 14 (114th Congress), Georgia","62878","480","32055","355","30823","337","21.9","1.3","24.2","2.0","19.6","1.6","34.3","1.5","37.7","2.0","30.8","2.1","38.9","1.8","35.0","2.2","43.0","2.6","4.8","0.8","3.1","0.9","6.6","1.2","453053","682","217821","531","235232","438","8.5","0.3","8.8","0.4","8.3","0.4","13.4","0.4","14.6","0.6","12.2","0.6","34.0","0.6","35.1","0.7","33.0","0.8","21.2","0.5","20.2","0.7","22.0","0.6","6.4","0.3","5.6","0.3","7.2","0.4","10.3","0.3","10.3","0.5","10.3","0.5","6.2","0.3","5.3","0.4","7.0","0.4","78.1","0.5","76.5","0.7","79.5","0.7","16.5","0.5","15.6","0.6","17.3","0.6","86332","509","42919","412","43413","321","80.0","1.2","76.2","1.7","83.7","1.6","16.9","1.1","13.1","1.3","20.7","1.6","99397","652","49053","431","50344","438","82.0","1.1","80.4","1.3","83.6","1.5","19.5","1.0","17.0","1.3","22.0","1.3","178958","694","87778","445","91180","480","79.5","0.8","76.9","1.2","82.0","0.9","16.4","0.8","15.9","1.0","16.9","1.0","88366","362","38071","219","50295","268","68.9","1.3","71.1","1.7","67.2","1.6","12.6","0.8","15.7","1.3","10.3","0.9","27.8","1.4","24.5","1.5","31.3","2.0","14.5","0.7","11.9","0.8","16.9","1.2","11.5","0.8","8.2","1.1","14.2","1.1","5.1","0.8","4.6","1.0","5.6","1.0","31064","328","35557","609","26377","441","21098","499","22859","1582","17220","826","28422","687","33135","954","23208","1002","31943","585","40160","1183","26704","802","44136","1893","53814","2401","37783","1958","55828","1479","65524","2501","51669","1479","5.9","(X)","(X)","(X)","(X)","(X)",
"5001400US1501","Congressional District 1 (114th Congress), Hawaii","67636","1348","36009","969","31627","722","6.8","0.8","7.6","1.1","5.9","1.1","33.6","1.4","38.2","1.7","28.4","1.9","49.8","1.5","46.7","1.7","53.3","2.1","9.8","0.7","7.5","0.9","12.3","1.1","486915","1858","240602","1333","246313","1148","5.0","0.2","3.9","0.2","6.1","0.3","4.8","0.2","4.6","0.3","4.9","0.3","25.5","0.5","25.7","0.7","25.2","0.6","20.9","0.4","21.9","0.5","19.9","0.5","10.1","0.3","10.2","0.4","10.0","0.4","22.3","0.4","21.9","0.5","22.7","0.6","11.5","0.3","11.7","0.4","11.2","0.4","90.2","0.3","91.4","0.3","89.0","0.5","33.8","0.4","33.6","0.6","33.9","0.6","103455","1262","55683","841","47772","774","95.0","0.5","94.5","0.7","95.7","0.8","35.2","1.1","29.5","1.4","41.9","1.5","91085","964","46919","552","44166","694","94.9","0.5","94.6","0.7","95.3","0.6","38.7","1.2","36.0","1.5","41.5","1.6","178025","1033","88563","705","89462","724","90.7","0.5","91.5","0.6","90.0","0.7","35.5","0.6","36.1","1.0","34.9","0.8","114350","956","49437","559","64913","674","81.3","0.7","84.8","0.8","78.6","1.0","25.9","0.7","31.6","1.2","21.5","0.9","17.3","1.6","16.3","1.8","18.1","2.0","9.6","0.6","7.7","0.7","11.6","0.8","6.8","0.6","5.4","0.7","8.3","0.7","4.0","0.4","3.4","0.5","4.5","0.5","40276","332","45644","728","34939","539","21862","1076","24367","1295","18881","1736","31255","567","35455","679","26512","752","38270","663","44369","983","32089","575","48957","1301","55262","1700","42873","1108","65337","1251","78064","2787","55035","1614","6.9","(X)","(X)","(X)","(X)","(X)",
"5001400US1502","Congressional District 2 (114th Congress), Hawaii","67616","1353","38011","971","29605","724","10.1","0.9","11.2","1.3","8.7","1.2","42.0","1.7","46.8","2.2","35.7","2.4","41.9","1.4","38.0","1.7","46.8","2.1","6.1","0.8","4.0","0.8","8.7","1.4","463948","1870","229518","1338","234430","1157","3.6","0.2","3.2","0.3","4.0","0.3","5.2","0.2","5.5","0.3","4.8","0.3","30.9","0.5","32.8","0.7","29.1","0.6","23.6","0.4","24.0","0.6","23.2","0.6","9.7","0.4","9.6","0.5","9.9","0.4","17.9","0.4","16.7","0.5","19.1","0.5","9.1","0.3","8.4","0.4","9.8","0.4","91.3","0.3","91.4","0.4","91.2","0.4","27.0","0.5","25.0","0.7","28.9","0.6","96043","1298","49870","852","46173","782","94.1","0.6","93.7","0.8","94.5","0.8","23.4","1.2","18.3","1.4","28.8","1.7","84223","956","42542","557","41681","686","94.0","0.7","92.9","1.1","95.1","0.7","28.0","1.0","24.0","1.4","32.2","1.4","186376","1004","92454","765","93922","681","93.2","0.4","92.5","0.5","93.9","0.5","28.9","0.7","26.8","1.0","30.9","0.8","97306","943","44652","554","52654","674","82.4","0.9","84.9","1.1","80.3","1.3","26.2","1.0","29.9","1.3","23.0","1.2","21.0","1.6","19.6","2.1","22.4","2.1","13.9","0.8","12.3","1.0","15.7","1.0","10.5","0.8","8.5","1.0","12.4","1.0","5.7","0.5","4.9","0.7","6.3","0.7","34790","453","39743","615","30735","345","22663","1138","25872","1967","20375","1279","30175","511","33114","1014","25817","615","33888","751","40128","971","28230","1248","44352","1176","51175","1204","38948","1630","56365","2094","69293","4511","50776","935","6.6","(X)","(X)","(X)","(X)","(X)",
"5001400US1601","Congressional District 1 (114th Congress), Idaho","71270","965","37329","713","33941","662","15.2","1.0","17.0","1.2","13.2","1.6","36.3","1.5","40.0","2.4","32.2","2.0","41.9","1.5","38.5","2.2","45.5","2.3","6.6","0.9","4.4","0.9","9.1","1.5","522923","1550","257957","1004","264966","1052","3.8","0.2","4.1","0.3","3.5","0.3","6.7","0.3","7.3","0.4","6.3","0.4","28.9","0.5","28.9","0.7","29.0","0.6","27.9","0.4","26.5","0.6","29.1","0.7","8.8","0.3","8.3","0.4","9.2","0.4","16.7","0.4","16.6","0.5","16.7","0.6","7.2","0.2","8.3","0.4","6.2","0.3","89.5","0.3","88.6","0.4","90.3","0.4","23.9","0.5","24.9","0.6","22.9","0.6","99865","1313","50299","795","49566","812","90.7","0.7","89.4","1.1","92.0","1.0","23.3","1.3","21.0","1.5","25.7","1.7","101884","1068","51590","605","50294","701","91.3","0.7","90.2","1.0","92.4","0.8","28.4","1.1","27.6","1.4","29.1","1.6","206507","1081","101778","714","104729","664","90.5","0.5","89.5","0.7","91.6","0.6","23.8","0.7","24.9","0.9","22.7","0.9","114667","655","54290","420","60377","454","84.8","0.8","84.9","1.0","84.7","1.0","20.6","0.7","25.9","1.0","15.8","0.9","26.1","2.0","22.8","2.2","29.7","2.7","13.6","0.8","12.1","1.0","15.1","1.0","10.2","0.7","8.6","0.8","11.6","0.9","5.6","0.6","5.2","0.7","6.0","0.9","30592","302","37147","623","23881","581","20702","934","25923","1013","13785","1002","25572","493","31956","607","19762","913","29175","625","35994","899","23282","943","41093","1359","51951","1742","32539","1417","57070","1962","71671","4733","46163","1746","9.0","(X)","(X)","(X)","(X)","(X)",
"5001400US1602","Congressional District 2 (114th Congress), Idaho","84159","974","42106","756","42053","626","12.9","1.1","15.3","1.5","10.5","1.2","31.3","1.6","33.2","2.0","29.5","2.1","49.4","1.6","47.6","2.0","51.2","2.1","6.4","0.7","3.9","0.7","8.8","1.1","492564","1618","244343","1047","248221","1103","4.7","0.2","5.2","0.3","4.2","0.3","6.5","0.2","6.8","0.4","6.2","0.3","26.5","0.5","26.3","0.6","26.6","0.6","26.2","0.5","25.2","0.6","27.2","0.6","9.1","0.3","8.3","0.4","9.9","0.4","18.2","0.4","17.8","0.5","18.5","0.5","8.9","0.3","10.4","0.4","7.3","0.4","88.8","0.3","88.0","0.4","89.6","0.4","27.0","0.5","28.2","0.6","25.8","0.6","112133","1289","57713","841","54420","817","89.8","0.8","88.9","1.0","90.6","1.0","25.3","1.2","23.0","1.4","27.9","1.4","93391","1040","47487","614","45904","654","88.2","0.9","86.6","1.1","89.9","1.1","29.4","1.0","28.9","1.4","29.9","1.2","188306","1258","94017","762","94289","811","89.9","0.5","88.7","0.6","91.1","0.6","28.5","0.6","29.6","0.8","27.3","0.9","98734","723","45126","499","53608","510","86.2","0.6","86.9","0.9","85.6","0.8","24.0","0.9","31.4","1.1","17.7","1.1","22.8","1.5","20.1","1.7","25.7","1.9","13.7","0.7","12.0","0.7","15.4","1.1","11.3","0.6","10.2","0.7","12.3","0.7","5.7","0.5","5.4","0.6","6.2","0.7","29971","406","36328","510","22525","340","20334","758","25986","1040","13232","1081","24505","520","30314","673","17945","799","27259","429","34970","732","21483","433","39883","985","51284","1147","31737","775","59640","2370","72866","3541","49871","2293","6.2","(X)","(X)","(X)","(X)","(X)",
"5001400US1701","Congressional District 1 (114th Congress), Illinois","74405","1610","37089","1208","37316","1097","15.7","1.1","17.7","1.7","13.7","1.3","28.7","1.3","30.0","2.1","27.4","1.6","44.4","1.4","42.4","2.1","46.4","1.9","11.2","0.9","9.8","1.4","12.5","1.2","470456","2909","210856","2066","259600","2009","4.0","0.2","4.6","0.3","3.6","0.3","8.0","0.3","8.1","0.5","7.8","0.4","28.1","0.5","30.4","0.8","26.2","0.6","25.3","0.5","25.2","0.8","25.4","0.6","7.9","0.3","7.2","0.4","8.5","0.4","16.2","0.4","15.2","0.5","17.1","0.5","10.5","0.3","9.3","0.4","11.5","0.4","88.0","0.4","87.3","0.6","88.6","0.5","26.7","0.5","24.5","0.6","28.6","0.5","89944","1814","42194","1278","47750","1276","91.9","0.9","91.2","1.2","92.5","1.1","33.6","1.2","28.0","1.6","38.5","1.6","88914","1782","41108","1121","47806","1207","91.3","0.8","90.4","1.2","92.2","1.0","31.7","1.1","27.4","1.4","35.4","1.6","192585","2306","88387","1475","104198","1410","89.6","0.5","88.3","0.7","90.8","0.6","25.6","0.6","23.5","0.8","27.4","0.9","99013","1639","39167","970","59846","1166","78.3","0.9","77.5","1.3","78.9","1.1","18.3","0.9","19.9","1.2","17.2","1.0","30.3","1.5","23.6","2.0","36.4","1.7","17.9","0.7","15.6","1.0","20.0","1.0","14.6","0.7","11.4","0.9","17.1","0.9","6.6","0.6","6.0","0.8","7.0","0.7","37436","592","43727","940","32361","497","19266","1309","24210","2312","14988","1045","29410","1206","35550","1219","24597","1005","34274","822","43317","2132","29485","1005","49712","1276","59746","2432","42994","1371","62424","1653","75327","2699","56695","1475","6.5","(X)","(X)","(X)","(X)","(X)",
"5001400US1702","Congressional District 2 (114th Congress), Illinois","68189","1468","33402","1067","34787","1123","17.2","1.0","20.0","1.4","14.5","1.4","32.6","1.5","35.2","2.1","30.0","2.0","43.3","1.3","39.2","1.9","47.2","2.0","6.9","0.7","5.5","1.0","8.3","1.1","461463","3194","206726","2364","254737","2078","5.3","0.3","5.9","0.4","4.8","0.3","8.5","0.3","9.4","0.5","7.8","0.4","29.4","0.5","32.1","0.7","27.3","0.6","27.5","0.5","27.2","0.7","27.9","0.6","7.9","0.3","6.5","0.4","9.1","0.4","13.2","0.4","12.1","0.5","14.1","0.5","8.1","0.3","6.8","0.4","9.2","0.4","86.2","0.4","84.7","0.6","87.5","0.4","21.3","0.5","18.9","0.7","23.3","0.5","85710","1636","40560","1144","45150","1122","88.9","0.9","86.8","1.3","90.7","1.0","22.3","1.1","18.3","1.6","26.0","1.6","88663","1817","40708","1124","47955","1154","89.2","0.9","87.3","1.3","90.8","1.1","23.4","1.2","18.2","1.4","27.7","1.5","190579","2387","85608","1446","104971","1598","88.3","0.6","86.3","0.8","89.8","0.6","21.8","0.6","19.0","0.9","24.0","0.7","96511","1338","39850","797","56661","1037","77.1","0.9","76.4","1.3","77.7","1.2","17.6","0.8","19.8","1.2","16.1","1.0","30.9","1.3","27.2","1.7","34.6","1.7","18.7","0.7","15.7","1.0","21.5","1.2","14.7","0.7","10.6","0.8","17.7","0.9","6.3","0.6","5.4","0.9","6.9","0.8","34611","510","40259","603","30677","433","20848","737","24654","1275","16200","912","28487","1232","33615","1499","22802","1064","33606","861","41886","1090","28658","1136","45960","1185","51842","1559","42424","1470","59183","2809","65383","3266","55804","2563","6.7","(X)","(X)","(X)","(X)","(X)",
"5001400US1703","Congressional District 3 (114th Congress), Illinois","65615","1751","33508","1221","32107","1243","14.4","1.1","17.1","1.8","11.5","1.3","29.0","1.3","32.4","1.9","25.5","1.6","44.6","1.3","40.6","2.1","48.7","1.8","12.1","0.8","10.0","1.1","14.3","1.3","474334","3014","229712","2259","244622","2007","8.4","0.3","8.0","0.4","8.7","0.4","7.6","0.2","8.3","0.4","7.0","0.3","30.4","0.5","30.8","0.6","30.1","0.6","20.5","0.4","21.1","0.5","19.9","0.6","7.4","0.2","6.7","0.3","8.0","0.4","16.4","0.3","16.1","0.5","16.6","0.5","9.3","0.3","8.9","0.3","9.7","0.4","84.0","0.4","83.7","0.5","84.3","0.5","25.7","0.4","25.1","0.5","26.3","0.6","96823","2135","49111","1406","47712","1396","89.0","0.8","87.6","1.2","90.4","1.0","30.5","1.2","26.0","1.4","35.3","1.7","95852","1678","47979","1168","47873","1073","84.7","0.8","83.8","1.1","85.6","1.0","29.0","1.0","25.8","1.4","32.2","1.3","189670","1953","94085","1380","95585","1193","85.0","0.7","84.2","0.8","85.8","0.8","26.1","0.7","25.7","0.9","26.5","0.8","91989","1695","38537","944","53452","1090","76.2","0.9","77.4","1.3","75.3","1.1","16.3","0.8","21.3","1.1","12.8","0.9","18.7","1.3","16.0","1.4","21.3","1.8","11.2","0.7","9.6","0.9","12.8","0.8","7.6","0.6","6.1","0.6","9.0","0.8","3.9","0.4","3.8","0.6","3.9","0.4","37944","596","44378","763","31462","412","22611","873","26913","929","17818","831","31091","474","36977","877","24306","912","38398","989","47067","1311","31513","724","51713","963","63596","2767","43374","1142","69470","2885","83702","3359","58551","3272","5.8","(X)","(X)","(X)","(X)","(X)",
"5001400US1704","Congressional District 4 (114th Congress), Illinois","76886","1711","40283","1127","36603","1052","21.4","1.2","25.0","1.7","17.5","1.5","31.0","1.5","31.3","1.7","30.6","2.0","40.0","1.5","36.9","1.9","43.4","1.9","7.6","0.7","6.8","1.0","8.5","1.0","438087","3778","221283","2365","216804","2323","20.4","0.6","20.5","0.8","20.2","0.6","11.6","0.4","12.5","0.5","10.8","0.4","28.0","0.6","28.9","0.7","27.1","0.7","15.6","0.4","15.8","0.5","15.4","0.5","5.1","0.2","4.4","0.2","5.8","0.4","13.2","0.3","12.5","0.4","13.9","0.4","6.1","0.3","5.4","0.3","6.8","0.3","68.0","0.6","67.0","0.8","69.0","0.7","19.3","0.4","17.9","0.5","20.7","0.5","127407","2269","66600","1383","60807","1491","78.9","0.9","76.3","1.3","81.8","1.1","27.0","0.9","23.3","1.0","31.1","1.2","107744","2244","56198","1329","51546","1403","69.5","1.2","68.4","1.6","70.8","1.3","19.4","0.8","18.1","1.0","20.7","1.2","146213","2106","74115","1357","72098","1310","62.4","1.0","61.4","1.2","63.5","1.1","15.0","0.6","13.9","0.8","16.2","0.8","56723","1403","24370","776","32353","991","55.0","1.6","55.5","2.5","54.6","1.7","12.8","1.0","15.2","1.6","11.0","1.1","24.6","1.0","20.6","1.1","29.0","1.3","19.7","0.9","16.5","1.1","23.3","1.4","13.7","0.9","10.9","1.1","16.3","1.2","7.1","0.6","7.0","0.9","7.1","0.9","27267","262","29678","599","24871","467","21123","313","23587","698","16820","355","23956","650","26691","588","19851","719","30130","526","32789","1223","26548","777","43541","1321","48196","1887","41209","899","56764","1119","61514","2589","54356","1502","7.6","(X)","(X)","(X)","(X)","(X)",
"5001400US1705","Congressional District 5 (114th Congress), Illinois","69583","2038","33170","1342","36413","1422","9.3","0.9","11.6","1.3","7.2","1.0","16.3","0.9","18.4","1.4","14.4","1.3","42.8","1.7","43.9","2.3","41.8","2.4","31.5","1.7","26.0","2.4","36.6","2.0","523420","3205","256663","2500","266757","2217","5.1","0.3","4.6","0.3","5.6","0.4","4.9","0.2","5.2","0.3","4.5","0.3","18.8","0.4","18.9","0.6","18.7","0.5","15.3","0.3","15.9","0.5","14.8","0.4","5.4","0.2","5.2","0.3","5.5","0.3","30.8","0.4","30.9","0.7","30.8","0.6","19.7","0.4","19.3","0.5","20.1","0.5","90.0","0.4","90.1","0.5","89.9","0.5","50.6","0.5","50.2","0.7","50.9","0.6","161443","2608","79989","1831","81454","1514","95.5","0.6","94.6","0.8","96.5","0.6","68.7","0.9","63.8","1.3","73.6","1.1","106751","2078","55827","1235","50924","1189","93.5","0.6","92.9","0.8","94.2","0.7","57.6","1.1","55.8","1.6","59.6","1.4","169431","2004","84489","1339","84942","1232","89.0","0.7","89.3","0.7","88.7","0.9","40.9","0.8","41.5","1.1","40.3","1.0","85795","1754","36358","1035","49437","1244","77.3","1.0","78.1","1.4","76.6","1.4","26.7","0.9","32.1","1.5","22.8","1.3","21.1","1.5","19.8","1.9","22.3","1.9","11.5","0.8","10.1","1.0","12.8","1.2","9.7","0.7","8.8","0.8","10.7","1.0","5.0","0.3","4.4","0.4","5.5","0.4","47284","558","53240","745","41714","521","22652","1521","26047","905","20020","1347","31202","617","35713","1350","25258","1404","36118","713","40965","1063","32177","732","56076","958","64868","1294","50148","738","72716","1338","91349","2336","61260","887","5.1","(X)","(X)","(X)","(X)","(X)",
"5001400US1706","Congressional District 6 (114th Congress), Illinois","54563","1206","27715","853","26848","921","11.8","0.9","13.1","1.2","10.4","1.4","24.6","1.3","26.8","1.7","22.3","2.1","45.6","1.5","44.3","1.9","46.9","2.2","18.0","1.1","15.7","1.6","20.4","1.6","490090","2550","234728","1919","255362","1566","2.3","0.2","2.1","0.2","2.5","0.2","3.3","0.2","3.3","0.3","3.3","0.2","17.6","0.4","16.1","0.6","18.9","0.5","18.9","0.4","19.1","0.6","18.8","0.4","7.4","0.3","6.5","0.4","8.1","0.3","30.7","0.5","31.4","0.7","30.0","0.6","19.9","0.4","21.6","0.6","18.3","0.4","94.4","0.3","94.6","0.4","94.1","0.3","50.5","0.6","52.9","0.8","48.3","0.6","79889","1894","40437","1411","39452","1085","94.1","0.9","93.9","1.2","94.3","1.0","51.9","1.4","46.1","1.7","57.9","1.9","95151","1617","46420","1088","48731","978","94.7","0.5","94.0","0.8","95.4","0.7","57.4","1.1","56.2","1.5","58.5","1.4","222039","2064","107537","1112","114502","1254","96.0","0.3","96.0","0.4","96.0","0.4","52.7","0.8","55.7","1.0","49.8","0.9","93011","1444","40334","864","52677","930","90.3","0.7","92.2","0.9","88.8","0.9","37.1","1.1","48.9","1.6","28.1","1.2","16.2","2.6","15.1","2.8","17.2","3.0","6.5","0.6","6.1","0.9","6.8","0.8","4.6","0.4","3.2","0.5","5.8","0.7","2.6","0.3","2.2","0.3","3.0","0.4","51764","506","65885","986","39503","828","24694","1397","30618","2090","18264","2962","34817","1079","42094","1415","28022","1671","40374","745","50809","1099","32717","1059","62264","1121","82855","2576","44311","1232","85844","1851","107578","1988","64403","1387","4.4","(X)","(X)","(X)","(X)","(X)",
"5001400US1707","Congressional District 7 (114th Congress), Illinois","82642","1907","39698","1258","42944","1387","19.2","1.1","24.8","1.9","13.9","1.3","27.0","1.1","29.2","1.7","24.9","1.4","37.8","1.5","32.8","2.0","42.4","2.0","16.1","1.2","13.1","1.5","18.8","1.5","477514","3416","221073","2678","256441","2547","5.8","0.2","6.3","0.3","5.4","0.3","10.4","0.3","10.9","0.5","10.0","0.4","22.5","0.4","23.4","0.6","21.7","0.5","17.9","0.4","16.3","0.6","19.3","0.5","5.2","0.3","4.6","0.3","5.7","0.3","21.0","0.5","20.7","0.7","21.3","0.6","17.2","0.4","17.8","0.6","16.7","0.6","83.8","0.4","82.8","0.5","84.7","0.4","38.2","0.5","38.5","0.7","38.0","0.6","139303","2398","66675","1906","72628","1515","91.1","0.7","89.1","1.0","92.9","0.7","52.9","1.2","50.5","1.7","55.1","1.4","96122","1981","45531","1391","50591","1145","87.7","0.6","85.9","0.9","89.2","0.8","41.4","1.1","41.7","1.7","41.2","1.4","165231","2135","77607","1479","87624","1444","82.6","0.6","81.5","0.8","83.6","0.8","30.9","0.8","30.8","1.1","31.0","1.0","76858","1646","31260","971","45598","1181","68.4","1.0","68.2","1.5","68.6","1.4","23.2","1.0","27.1","1.5","20.5","1.0","39.8","1.5","34.2","1.9","44.7","1.7","28.3","1.2","23.8","1.5","32.3","1.5","20.1","0.8","16.7","1.2","22.5","1.1","7.1","0.5","6.4","0.7","7.6","0.7","41475","559","47640","1379","37144","883","20158","629","22117","860","17313","1139","24412","881","26640","936","22032","679","31099","632","34887","1436","27964","1347","60555","1565","69753","2317","52845","1452","75538","2260","89755","3917","65063","2109","7.0","(X)","(X)","(X)","(X)","(X)",
"5001400US1708","Congressional District 8 (114th Congress), Illinois","61985","1580","32948","1118","29037","1107","12.9","1.1","14.3","1.4","11.3","1.5","31.8","1.9","34.7","2.5","28.5","2.2","40.6","1.7","37.9","2.0","43.6","2.4","14.7","1.0","13.0","1.3","16.5","1.5","478481","2624","232669","1982","245812","1778","7.5","0.3","7.9","0.4","7.2","0.4","6.6","0.3","6.8","0.4","6.4","0.3","25.5","0.5","25.2","0.6","25.8","0.6","20.6","0.5","20.7","0.6","20.6","0.6","7.2","0.3","6.6","0.3","7.8","0.5","22.0","0.4","22.3","0.6","21.8","0.5","10.6","0.4","10.6","0.4","10.6","0.4","85.9","0.4","85.4","0.5","86.4","0.5","32.6","0.4","32.9","0.6","32.3","0.5","112685","2542","56450","1674","56235","1420","88.3","0.8","87.3","1.2","89.4","1.0","38.5","1.1","34.0","1.4","43.0","1.3","101251","1835","52033","1242","49218","1177","83.6","0.9","82.2","1.1","85.0","1.4","36.0","1.2","34.5","1.4","37.6","1.6","187105","2311","91419","1427","95686","1318","87.6","0.5","86.5","0.8","88.5","0.7","31.4","0.7","32.3","1.0","30.6","0.9","77440","1305","32767","832","44673","975","81.5","0.9","83.9","1.3","79.7","1.1","22.3","1.0","29.9","1.5","16.6","1.2","16.4","1.4","14.6","1.8","18.3","1.6","9.6","0.8","7.1","0.8","11.9","1.0","7.2","0.6","5.8","0.8","8.5","0.7","4.0","0.5","3.6","0.5","4.4","0.6","38304","579","43596","819","32047","468","22742","887","26227","831","18112","913","30252","776","35794","1137","24362","1121","37616","703","44085","1414","31643","710","51336","779","61006","1143","43289","1235","67667","2576","82419","3627","56889","2647","5.8","(X)","(X)","(X)","(X)","(X)",
"5001400US1709","Congressional District 9 (114th Congress), Illinois","62051","1822","30558","1265","31493","1197","9.7","0.9","11.3","1.5","8.2","1.1","22.7","1.5","24.5","1.9","20.9","1.9","47.1","1.8","47.0","2.5","47.2","1.9","20.5","1.3","17.2","1.6","23.7","1.8","506197","2694","243784","2181","262413","2034","4.9","0.3","4.4","0.4","5.4","0.4","4.2","0.2","4.2","0.3","4.1","0.3","17.5","0.5","16.9","0.5","18.0","0.6","16.5","0.3","16.6","0.5","16.3","0.5","5.4","0.2","5.1","0.3","5.6","0.3","29.5","0.5","29.6","0.7","29.3","0.7","22.2","0.5","23.2","0.7","21.2","0.5","90.9","0.4","91.4","0.5","90.5","0.4","51.6","0.5","52.8","0.7","50.5","0.7","100022","1908","50978","1322","49044","1342","94.3","0.6","92.9","0.9","95.7","0.7","59.7","1.2","54.5","1.7","65.0","1.5","95813","1829","48790","1221","47023","1153","93.5","0.7","93.5","0.9","93.5","0.9","58.9","1.2","57.6","1.6","60.3","1.6","196759","1903","96815","1336","99944","1349","91.2","0.5","91.4","0.8","91.0","0.6","51.6","0.8","52.0","1.0","51.3","1.1","113603","1759","47201","1138","66402","1231","85.4","0.9","87.6","1.2","83.9","1.0","38.4","1.0","47.6","1.4","31.8","1.1","26.1","1.6","23.9","2.5","28.1","2.0","15.1","0.9","14.6","1.4","15.6","1.1","11.2","0.7","10.1","1.0","12.2","1.1","5.6","0.4","5.5","0.5","5.7","0.5","43555","749","50765","676","37855","848","21111","787","23282","1672","17922","1088","27847","1207","31830","1362","24052","1511","34848","1123","39567","1468","30144","1120","50952","768","60420","1562","42966","1339","71845","1065","87215","1847","58277","1654","4.7","(X)","(X)","(X)","(X)","(X)",
"5001400US1710","Congressional District 10 (114th Congress), Illinois","66216","1026","37136","773","29080","600","14.0","1.0","14.3","1.3","13.8","1.5","32.5","1.3","35.8","1.8","28.4","1.9","41.6","1.6","39.8","2.1","43.9","2.5","11.8","0.9","10.2","1.2","13.9","1.4","464854","1835","223919","1292","240935","1214","6.3","0.3","6.2","0.4","6.4","0.4","5.7","0.3","6.2","0.4","5.3","0.3","21.3","0.5","21.0","0.6","21.7","0.6","18.2","0.4","17.8","0.5","18.5","0.5","5.8","0.3","5.1","0.3","6.4","0.4","24.9","0.4","24.3","0.6","25.5","0.5","17.8","0.4","19.4","0.5","16.2","0.5","88.0","0.4","87.6","0.5","88.3","0.5","42.7","0.5","43.8","0.6","41.7","0.6","86237","1431","44089","856","42148","833","86.6","1.0","85.0","1.4","88.3","1.0","37.2","1.2","32.7","1.7","42.0","1.7","96353","1123","47636","667","48717","755","87.4","0.9","86.3","1.0","88.4","1.1","46.2","1.0","43.9","1.3","48.5","1.2","192543","1416","93631","896","98912","876","89.9","0.5","89.5","0.6","90.3","0.6","46.7","0.7","48.1","1.0","45.4","1.0","89721","1001","38563","606","51158","767","85.8","0.8","87.8","0.9","84.3","1.1","35.5","1.0","45.7","1.2","27.9","1.3","19.5","1.6","17.0","1.8","22.1","2.1","11.1","0.8","10.4","1.3","11.8","0.8","7.7","0.6","6.3","0.8","8.9","0.8","3.1","0.3","2.3","0.3","3.8","0.4","41792","504","50893","713","33962","765","21092","522","23992","1557","17888","808","28748","1187","33249","1257","23677","1083","36993","719","43221","1325","32155","635","56333","1498","71565","2138","42336","1240","86320","1996","105443","2164","64057","2201","5.6","(X)","(X)","(X)","(X)","(X)",
"5001400US1711","Congressional District 11 (114th Congress), Illinois","66572","1329","34691","956","31881","1083","16.5","1.2","20.0","1.8","12.7","1.5","31.5","1.4","34.5","1.9","28.2","2.2","40.7","1.6","37.1","2.0","44.7","2.4","11.3","0.8","8.4","1.0","14.4","1.3","453403","2639","218094","2116","235309","1464","6.8","0.3","7.2","0.4","6.5","0.3","7.2","0.3","7.7","0.5","6.7","0.4","23.7","0.6","23.5","0.8","23.8","0.6","20.5","0.4","20.6","0.6","20.4","0.5","7.3","0.3","6.4","0.4","8.2","0.4","21.5","0.5","20.8","0.7","22.2","0.5","13.0","0.4","13.7","0.5","12.3","0.5","86.0","0.4","85.1","0.6","86.9","0.5","34.5","0.5","34.6","0.7","34.4","0.6","99942","2119","49165","1360","50777","1224","85.5","0.9","83.9","1.4","87.1","1.0","36.5","1.2","32.7","1.6","40.2","1.5","108132","1589","53154","1018","54978","1084","85.6","0.8","83.4","1.2","87.8","0.9","36.9","1.2","33.6","1.4","40.0","1.4","174250","1739","84757","1139","89493","1064","88.8","0.6","88.2","0.8","89.4","0.7","36.0","0.9","37.1","0.9","35.0","1.2","71079","1249","31018","841","40061","780","80.4","1.2","81.4","1.5","79.6","1.4","24.3","1.0","32.5","1.5","18.0","1.2","21.3","1.6","18.6","1.8","24.1","1.9","10.8","0.7","8.7","0.9","12.7","0.8","6.4","0.5","4.5","0.6","8.1","0.7","3.1","0.3","2.9","0.5","3.3","0.3","40431","534","48902","1187","33137","661","21951","662","25123","910","17401","786","29751","1017","35395","1386","24494","970","38115","808","47562","1629","30831","764","54450","1194","70343","1965","44696","1422","73480","2177","90324","3729","61966","1715","5.2","(X)","(X)","(X)","(X)","(X)",
"5001400US1712","Congressional District 12 (114th Congress), Illinois","71275","760","36962","611","34313","478","13.5","0.9","15.4","1.2","11.5","1.3","29.3","1.2","32.6","1.9","25.9","1.7","50.0","1.5","46.5","1.9","53.9","2.1","7.1","0.6","5.6","0.9","8.8","1.0","478033","903","231407","792","246626","629","3.9","0.2","4.1","0.3","3.8","0.2","7.9","0.3","8.4","0.4","7.4","0.4","32.0","0.5","33.0","0.7","31.2","0.6","25.4","0.4","24.4","0.5","26.4","0.5","9.6","0.2","9.4","0.4","9.9","0.3","13.3","0.3","13.1","0.4","13.5","0.5","7.8","0.2","7.8","0.3","7.9","0.3","88.2","0.3","87.6","0.5","88.8","0.4","21.1","0.4","20.9","0.5","21.4","0.5","92814","919","47634","679","45180","521","90.6","0.7","88.6","1.1","92.7","0.8","23.5","1.0","19.9","1.2","27.3","1.4","87175","749","43955","538","43220","387","91.2","0.6","89.3","0.9","93.1","0.8","25.3","0.8","22.5","1.3","28.2","1.1","192243","935","94739","605","97504","581","90.9","0.4","89.9","0.6","91.9","0.6","21.4","0.6","21.7","0.7","21.2","0.8","105801","527","45079","329","60722","382","78.8","0.8","80.0","1.1","78.0","1.2","15.0","0.7","18.5","1.1","12.5","0.8","30.5","1.2","27.7","1.9","33.1","1.7","16.1","0.7","13.5","0.8","18.5","1.0","12.5","0.6","9.6","0.9","15.0","0.7","5.5","0.5","4.8","0.7","6.1","0.6","33152","456","41109","454","26708","397","20089","1052","25174","1699","15837","942","27138","579","34041","1011","20977","692","31524","452","40745","903","25440","455","45614","1043","54917","2092","39411","1525","61073","1432","72374","2707","53277","1410","4.3","(X)","(X)","(X)","(X)","(X)",
"5001400US1713","Congressional District 13 (114th Congress), Illinois","110961","1328","56431","870","54530","904","8.0","0.6","8.9","0.8","7.1","0.9","19.5","1.0","22.4","1.4","16.4","1.1","61.1","1.4","58.6","2.0","63.6","1.7","11.5","0.8","10.2","1.1","12.8","1.3","452942","1563","218466","1078","234476","976","2.9","0.1","2.9","0.2","2.8","0.2","6.3","0.2","6.8","0.3","5.8","0.3","31.3","0.4","31.4","0.6","31.3","0.5","22.7","0.4","22.3","0.5","23.0","0.6","7.8","0.3","7.5","0.3","8.2","0.4","17.4","0.4","17.4","0.6","17.3","0.5","11.6","0.3","11.7","0.4","11.6","0.4","90.9","0.2","90.3","0.4","91.4","0.3","29.0","0.5","29.1","0.6","28.9","0.6","94208","1375","47779","914","46429","736","92.9","0.5","91.8","0.8","94.1","0.7","38.8","1.3","35.8","1.7","42.0","1.6","80091","1030","40359","663","39732","639","92.6","0.7","91.2","1.0","94.0","0.8","33.4","1.4","31.4","1.5","35.5","2.0","179123","1204","87722","809","91401","735","92.7","0.3","91.7","0.5","93.7","0.4","26.9","0.7","26.4","0.9","27.5","0.8","99520","841","42606","517","56914","558","84.1","0.6","84.6","1.0","83.8","0.8","19.8","0.7","24.9","1.1","16.0","0.8","29.6","2.0","25.9","2.4","33.4","2.5","13.4","0.6","11.2","0.8","15.4","0.9","11.1","0.7","9.1","0.8","12.8","0.9","5.8","0.5","5.4","0.7","6.2","0.6","34116","425","41574","514","28175","617","16886","810","20766","1693","13254","1364","27094","508","34060","1003","21717","518","32291","532","40519","909","27033","651","42859","1259","54522","2474","36457","1243","55779","1866","66666","2515","49847","1683","4.7","(X)","(X)","(X)","(X)","(X)",
"5001400US1714","Congressional District 14 (114th Congress), Illinois","55934","1323","29644","815","26290","1035","13.3","1.2","14.6","1.6","11.8","1.4","31.0","1.7","34.5","2.3","27.0","2.0","43.9","1.6","41.2","2.3","47.0","2.1","11.8","1.1","9.6","1.3","14.2","1.7","467844","2464","228476","1555","239368","1648","2.8","0.2","2.9","0.3","2.8","0.3","4.0","0.2","4.3","0.3","3.7","0.2","23.8","0.6","23.8","0.8","23.8","0.7","22.8","0.6","23.2","0.8","22.5","0.7","8.2","0.3","7.4","0.4","9.0","0.4","24.6","0.6","24.9","0.8","24.4","0.6","13.7","0.4","13.5","0.5","13.9","0.5","93.1","0.3","92.7","0.4","93.5","0.4","38.3","0.6","38.3","0.7","38.3","0.7","77474","1803","38766","1111","38708","1203","93.5","0.8","92.3","1.1","94.7","0.9","40.5","1.2","33.2","1.7","47.9","1.6","107541","1556","52392","1035","55149","859","94.1","0.6","93.8","0.7","94.3","0.8","46.1","1.2","44.5","1.6","47.6","1.3","204380","1858","102520","1098","101860","1091","94.5","0.4","93.8","0.6","95.2","0.5","38.2","0.9","39.0","1.1","37.3","1.1","78449","1264","34798","723","43651","880","88.0","0.8","88.5","1.2","87.5","0.9","25.8","1.1","32.8","1.6","20.2","1.2","16.4","1.9","13.7","1.9","19.4","2.6","8.1","0.8","7.3","1.0","9.0","0.9","5.3","0.4","4.1","0.6","6.4","0.6","2.2","0.3","1.9","0.3","2.4","0.4","47083","648","60040","1021","34982","722","23713","1871","29497","2268","17166","1330","32610","985","40849","1098","24508","1607","42104","671","53959","1166","31115","671","62648","1630","83293","2495","42713","1013","76620","1954","102592","2693","60424","1563","3.9","(X)","(X)","(X)","(X)","(X)",
"5001400US1715","Congressional District 15 (114th Congress), Illinois","64696","773","33655","650","31041","513","15.7","1.0","18.6","1.4","12.5","1.2","29.1","1.3","32.9","1.7","24.9","1.7","47.4","1.3","42.3","1.8","52.9","1.9","7.9","0.9","6.1","1.2","9.7","1.0","483665","1193","237572","777","246093","738","4.4","0.2","4.5","0.2","4.2","0.2","7.6","0.3","8.3","0.4","6.9","0.3","35.6","0.4","37.0","0.5","34.2","0.5","23.4","0.3","22.9","0.4","23.8","0.5","11.2","0.2","10.3","0.4","12.0","0.3","11.9","0.3","11.3","0.4","12.6","0.3","6.0","0.2","5.7","0.2","6.3","0.3","88.1","0.3","87.2","0.4","88.9","0.4","17.9","0.3","16.9","0.4","18.9","0.4","83201","894","43627","630","39574","508","89.4","0.7","87.2","1.0","91.7","0.9","21.1","0.9","15.9","1.1","26.9","1.1","84170","745","43846","542","40324","433","91.7","0.7","90.1","0.9","93.5","0.8","22.2","0.9","19.5","1.2","25.2","1.3","196345","952","98200","666","98145","504","91.4","0.4","90.1","0.6","92.7","0.5","17.6","0.5","16.7","0.6","18.5","0.6","119949","528","51899","342","68050","391","79.0","0.6","79.0","0.8","79.0","0.9","13.3","0.5","16.1","0.8","11.1","0.6","25.1","1.2","22.1","1.8","28.0","1.5","12.2","0.5","10.7","0.7","13.7","0.7","9.9","0.5","7.5","0.7","12.0","0.6","3.8","0.5","3.7","0.6","3.9","0.6","32648","349","40404","362","25995","308","19271","1009","25721","1268","13385","1101","28481","694","35876","685","21265","474","32043","356","41092","509","25590","377","44713","1117","55533","1948","36094","890","53911","1520","61749","2664","50312","1341","5.0","(X)","(X)","(X)","(X)","(X)",
"5001400US1716","Congressional District 16 (114th Congress), Illinois","68966","609","35583","523","33383","547","13.7","0.8","15.9","1.3","11.4","1.2","29.3","1.4","33.5","1.7","24.9","2.0","48.7","1.5","43.7","2.0","54.0","2.1","8.3","0.8","7.0","1.2","9.7","1.1","474498","1155","231515","948","242983","743","3.3","0.2","3.5","0.3","3.2","0.2","6.9","0.2","7.5","0.3","6.4","0.3","35.3","0.5","36.0","0.7","34.7","0.6","24.7","0.4","24.7","0.5","24.8","0.7","8.8","0.3","7.9","0.3","9.6","0.4","13.6","0.3","13.4","0.4","13.8","0.4","7.4","0.3","7.1","0.3","7.7","0.3","89.8","0.3","89.0","0.4","90.5","0.4","21.0","0.5","20.5","0.6","21.4","0.5","82370","882","41503","554","40867","592","91.0","0.7","89.3","1.0","92.8","0.9","25.3","1.1","21.2","1.3","29.4","1.6","86816","829","43913","585","42903","509","91.4","0.6","90.3","1.0","92.5","0.8","23.7","1.1","21.3","1.3","26.2","1.3","196113","1045","98041","705","98072","648","91.8","0.4","90.7","0.6","93.0","0.4","20.9","0.7","20.3","0.9","21.6","0.8","109199","651","48058","417","61141","406","83.8","0.7","84.2","0.9","83.6","0.9","15.6","0.5","19.5","0.7","12.5","0.8","19.4","1.4","16.7","1.7","22.3","1.7","10.0","0.5","8.5","0.7","11.6","0.7","8.2","0.5","6.3","0.6","9.9","0.7","3.9","0.5","3.6","0.6","4.2","0.7","35732","343","45356","706","27334","464","20728","1101","24906","1474","15473","1200","30700","467","40066","1035","22298","548","35000","552","46907","948","26174","572","47450","1409","60747","1907","38002","1643","60975","1248","75052","2697","52930","1409","5.2","(X)","(X)","(X)","(X)","(X)",
"5001400US1717","Congressional District 17 (114th Congress), Illinois","66579","947","33617","611","32962","616","16.1","0.9","18.1","1.1","14.0","1.1","31.9","1.2","36.1","1.6","27.5","1.9","45.1","1.4","40.5","1.8","49.7","2.0","7.0","0.6","5.3","0.8","8.7","1.0","476864","1416","230648","940","246216","861","4.3","0.2","4.7","0.3","3.9","0.2","9.1","0.2","9.5","0.4","8.7","0.3","36.0","0.4","37.3","0.7","34.7","0.5","23.8","0.4","23.1","0.5","24.4","0.5","9.1","0.3","7.9","0.3","10.1","0.4","11.9","0.3","11.8","0.3","12.0","0.4","5.9","0.2","5.5","0.2","6.2","0.3","86.6","0.3","85.8","0.5","87.4","0.3","17.8","0.4","17.4","0.4","18.2","0.5","85840","1027","43469","715","42371","626","87.7","0.7","85.9","1.0","89.6","1.0","20.7","0.8","16.6","0.9","24.8","1.3","83740","879","42318","566","41422","542","88.4","0.8","87.6","1.0","89.3","1.0","20.3","0.8","18.2","1.1","22.3","1.2","190869","888","94288","616","96581","518","89.3","0.4","88.1","0.7","90.4","0.5","17.6","0.6","17.3","0.7","17.9","0.7","116415","714","50573","393","65842","494","80.1","0.6","79.8","1.0","80.3","0.8","14.2","0.6","17.4","0.9","11.7","0.6","28.5","1.3","24.4","1.7","32.8","1.5","13.8","0.5","11.2","0.7","16.4","0.7","11.4","0.5","8.8","0.7","13.6","0.8","4.6","0.4","4.2","0.6","5.0","0.6","30871","274","37860","619","24754","378","19938","899","24703","1441","14645","785","26255","402","32779","799","20385","463","30949","420","40743","800","24669","675","42430","893","51497","1270","36591","1083","57038","1436","67481","2780","52467","1694","5.3","(X)","(X)","(X)","(X)","(X)",
"5001400US1718","Congressional District 18 (114th Congress), Illinois","66108","1373","34195","949","31913","853","12.2","1.0","14.4","1.4","9.9","1.2","27.2","1.7","29.9","2.0","24.4","2.1","49.7","1.8","46.9","2.3","52.7","2.3","10.9","0.9","8.8","1.0","13.0","1.5","488410","1238","236437","877","251973","928","2.1","0.1","2.2","0.2","2.1","0.1","5.3","0.2","5.6","0.3","5.0","0.3","31.0","0.4","31.6","0.5","30.4","0.5","22.3","0.3","21.9","0.5","22.6","0.5","8.6","0.3","7.6","0.3","9.6","0.4","20.4","0.4","20.2","0.5","20.5","0.5","10.3","0.3","10.9","0.4","9.8","0.3","92.6","0.2","92.2","0.3","92.9","0.3","30.7","0.4","31.1","0.6","30.3","0.5","86007","1125","44044","746","41963","652","94.2","0.6","93.0","0.8","95.4","0.7","38.3","1.2","33.8","1.4","43.0","1.5","88861","832","44542","606","44319","527","95.1","0.5","94.1","0.7","96.2","0.5","38.5","0.9","35.6","1.2","41.3","1.3","198335","1004","97660","671","100675","591","94.5","0.3","93.8","0.4","95.2","0.4","30.1","0.7","30.4","0.9","29.9","0.8","115207","793","50191","499","65016","536","86.1","0.6","86.6","1.0","85.6","0.7","20.0","0.6","25.9","0.9","15.5","0.7","24.9","1.6","23.1","2.2","26.7","2.0","9.7","0.5","8.9","0.7","10.5","0.5","7.4","0.5","5.7","0.7","8.8","0.6","2.6","0.3","2.5","0.4","2.8","0.4","38308","445","47400","717","29716","600","19614","1193","25201","1890","14826","1145","29537","637","37028","708","21785","480","34535","591","45070","1116","26970","482","51448","597","67232","1530","39721","903","63069","1773","80062","2366","52462","1127","4.4","(X)","(X)","(X)","(X)","(X)",
"5001400US1801","Congressional District 1 (114th Congress), Indiana","65398","369","33621","271","31777","228","19.8","1.2","22.3","1.7","17.2","1.5","34.0","1.2","37.4","2.1","30.4","1.9","39.2","1.3","34.4","2.1","44.3","2.0","7.0","0.6","5.9","0.9","8.1","1.0","479370","478","229561","364","249809","338","4.1","0.2","4.1","0.3","4.1","0.3","8.0","0.3","8.3","0.4","7.7","0.3","35.7","0.5","37.5","0.7","34.1","0.6","22.9","0.4","22.8","0.6","23.0","0.6","8.1","0.3","6.7","0.3","9.4","0.4","14.0","0.3","13.7","0.4","14.2","0.5","7.2","0.3","6.8","0.3","7.6","0.3","87.9","0.4","87.5","0.5","88.2","0.4","21.2","0.4","20.5","0.5","21.8","0.6","90872","432","45479","276","45393","244","89.2","0.7","87.6","1.0","90.8","0.8","23.8","1.0","20.0","1.2","27.6","1.4","91577","415","45470","268","46107","269","91.2","0.7","89.8","0.9","92.6","1.0","25.1","1.0","22.0","1.2","28.1","1.4","197634","469","96174","289","101460","310","89.5","0.5","88.6","0.6","90.2","0.7","21.1","0.6","20.6","0.7","21.6","0.9","99287","368","42438","256","56849","245","80.4","0.7","82.5","1.2","78.9","0.9","15.2","0.6","19.4","1.0","12.2","0.7","25.6","1.4","21.4","2.0","29.4","1.6","12.9","0.6","10.3","0.8","15.4","0.8","11.7","0.6","8.0","0.7","14.7","0.8","4.5","0.5","4.2","0.7","4.6","0.5","36009","510","46973","861","27336","521","20039","969","24590","2097","15304","1315","30845","468","42020","770","20899","597","34709","814","49404","1624","26391","697","46648","1143","60853","1504","38628","1427","62346","1499","75518","3198","53442","2495","5.1","(X)","(X)","(X)","(X)","(X)",
"5001400US1802","Congressional District 2 (114th Congress), Indiana","68956","582","34432","407","34524","344","20.2","1.0","23.2","1.5","17.3","1.3","34.9","1.1","37.4","1.7","32.5","1.7","38.1","1.3","34.2","1.8","42.0","1.6","6.7","0.6","5.3","0.8","8.2","1.0","468373","675","227307","559","241066","508","5.1","0.2","5.4","0.3","4.8","0.3","9.5","0.3","9.7","0.4","9.3","0.4","37.2","0.5","38.0","0.7","36.5","0.6","20.6","0.4","20.4","0.5","20.8","0.5","7.3","0.2","6.2","0.3","8.4","0.3","12.9","0.3","12.8","0.4","13.0","0.4","7.4","0.2","7.6","0.3","7.2","0.3","85.4","0.4","84.9","0.5","85.9","0.4","20.3","0.4","20.4","0.5","20.2","0.5","87492","676","44415","436","43077","399","84.6","0.8","82.7","1.1","86.5","1.1","22.4","1.0","18.8","1.0","26.1","1.5","88458","637","44294","423","44164","363","86.8","0.8","86.5","1.0","87.1","1.1","22.3","1.0","20.4","1.2","24.2","1.5","190119","681","94256","477","95863","417","87.8","0.5","86.8","0.7","88.8","0.5","20.3","0.6","20.6","0.8","19.9","0.7","102304","439","44342","278","57962","304","80.3","0.7","81.3","1.0","79.5","0.9","16.7","0.7","21.4","1.0","13.1","0.9","25.7","1.5","20.8","1.7","30.6","1.9","11.6","0.6","9.8","0.7","13.4","0.8","11.5","0.7","8.6","0.8","13.9","1.1","4.3","0.5","3.9","0.6","4.8","0.7","31412","240","38468","503","25009","442","21461","686","26473","897","14284","1541","28017","680","35073","624","21076","482","31006","396","39622","780","25062","630","41417","851","51296","1126","34084","1060","56006","1880","66337","3221","49299","2155","5.8","(X)","(X)","(X)","(X)","(X)",
"5001400US1803","Congressional District 3 (114th Congress), Indiana","66964","411","33984","293","32980","263","20.9","1.1","22.4","1.5","19.4","1.4","31.7","1.2","34.7","1.9","28.7","1.6","39.6","1.4","37.7","2.0","41.7","1.8","7.7","0.7","5.3","0.8","10.3","1.3","469332","495","226915","360","242417","352","5.1","0.2","5.3","0.3","4.9","0.2","7.7","0.2","8.1","0.3","7.3","0.3","35.1","0.4","35.3","0.6","34.9","0.6","21.5","0.3","21.5","0.5","21.6","0.5","8.9","0.3","7.9","0.4","9.8","0.3","14.1","0.3","14.0","0.4","14.2","0.4","7.6","0.3","7.9","0.3","7.2","0.3","87.2","0.3","86.6","0.4","87.8","0.3","21.7","0.4","22.0","0.6","21.5","0.4","90008","426","44949","302","45059","237","86.5","0.8","84.9","1.1","88.2","1.0","25.2","1.1","21.8","1.2","28.6","1.4","90566","373","45604","227","44962","250","87.5","0.7","86.3","0.9","88.8","0.9","24.3","0.9","22.0","1.2","26.6","1.2","190612","414","94173","274","96439","288","89.4","0.5","88.8","0.7","90.0","0.5","21.5","0.6","22.1","0.9","20.9","0.7","98146","260","42189","178","55957","176","83.3","0.6","83.7","0.9","82.9","0.8","16.6","0.7","21.8","1.1","12.6","0.8","23.9","1.3","21.4","1.6","26.5","1.7","11.4","0.5","10.1","0.7","12.6","0.7","9.1","0.5","6.9","0.7","11.1","0.6","3.8","0.4","3.3","0.5","4.3","0.6","33496","323","41253","455","26439","322","22503","770","27291","1221","16127","967","29451","570","36135","521","22221","468","33372","533","42316","754","26078","642","43049","856","54386","971","34924","1096","59265","1770","68234","4006","51444","1535","4.6","(X)","(X)","(X)","(X)","(X)",
"5001400US1804","Congressional District 4 (114th Congress), Indiana","91206","617","49695","474","41511","367","13.2","0.8","14.7","1.0","11.4","1.1","30.5","1.2","31.7","1.7","29.0","1.7","47.4","1.5","45.3","2.1","49.8","1.7","8.9","1.0","8.2","1.2","9.8","1.1","468311","696","229003","523","239308","588","3.3","0.2","3.8","0.2","2.9","0.2","7.2","0.3","7.3","0.4","7.1","0.3","36.6","0.5","36.9","0.7","36.4","0.6","21.0","0.4","21.0","0.6","21.0","0.5","8.1","0.3","7.6","0.3","8.7","0.4","15.2","0.4","14.9","0.5","15.6","0.5","8.4","0.2","8.5","0.3","8.3","0.3","89.5","0.3","88.9","0.4","90.0","0.3","23.7","0.5","23.4","0.6","23.9","0.6","89707","631","46354","431","43353","398","89.5","0.7","87.9","0.9","91.3","0.8","29.6","1.2","26.1","1.5","33.3","1.5","91758","672","46236","504","45522","375","91.5","0.7","89.9","1.0","93.0","0.7","28.3","1.2","25.8","1.4","30.9","1.6","187861","708","93260","482","94601","433","91.5","0.4","90.7","0.5","92.3","0.5","22.6","0.8","22.7","1.0","22.6","1.0","98985","460","43153","287","55832","328","83.6","0.6","84.9","1.0","82.6","0.9","15.9","0.7","19.7","1.0","13.0","0.8","22.0","1.3","19.4","1.7","24.7","1.8","9.9","0.6","8.4","0.7","11.4","0.7","8.5","0.5","6.7","0.7","10.2","0.8","4.1","0.4","3.9","0.5","4.3","0.6","34776","476","42468","546","27568","539","21416","634","24959","1300","15074","1363","29456","621","36543","913","22409","571","34352","702","43674","1015","26689","642","46978","1255","59506","1679","38384","1161","58231","1463","68689","2621","52074","1896","4.1","(X)","(X)","(X)","(X)","(X)",
"5001400US1805","Congressional District 5 (114th Congress), Indiana","60122","1010","30039","707","30083","701","17.9","1.3","22.1","2.0","13.6","1.6","26.4","1.2","29.2","2.1","23.6","1.8","41.8","1.5","36.5","2.2","47.1","2.2","14.0","1.1","12.2","1.4","15.8","1.5","490571","1877","233644","1161","256927","1204","2.3","0.2","2.4","0.2","2.2","0.2","5.0","0.2","5.2","0.3","4.8","0.3","23.9","0.5","23.4","0.7","24.4","0.5","19.2","0.4","19.2","0.6","19.2","0.5","7.1","0.3","6.1","0.4","8.0","0.4","26.8","0.4","27.3","0.7","26.4","0.5","15.6","0.4","16.4","0.5","15.0","0.5","92.7","0.3","92.4","0.4","93.0","0.4","42.5","0.5","43.7","0.8","41.4","0.6","96936","1106","47411","738","49525","765","93.5","0.5","92.2","0.9","94.8","0.8","49.1","1.3","44.6","1.5","53.4","1.5","103467","999","51003","666","52464","659","94.5","0.7","93.4","0.8","95.5","0.8","49.1","1.2","47.5","1.5","50.7","1.6","196202","1229","94708","892","101494","612","94.4","0.3","94.0","0.5","94.8","0.4","42.4","0.8","43.9","1.1","40.9","1.1","93966","698","40522","446","53444","545","86.5","0.7","87.8","0.9","85.5","1.0","28.6","0.9","37.0","1.3","22.2","1.1","24.2","1.9","21.3","2.5","27.1","2.7","11.8","0.7","11.0","1.0","12.6","0.9","8.5","0.6","6.4","0.8","10.3","0.9","2.9","0.4","2.5","0.5","3.3","0.4","41311","358","50675","639","33411","536","19025","934","21342","1419","15678","1117","27478","775","33458","1116","22446","796","34360","691","41711","927","28561","990","51530","730","66163","1248","40839","826","71470","1545","92251","2605","58514","2437","5.0","(X)","(X)","(X)","(X)","(X)",
"5001400US1806","Congressional District 6 (114th Congress), Indiana","72797","416","36634","297","36163","278","17.8","1.1","19.8","1.6","15.8","1.2","30.9","1.5","34.8","1.9","26.9","1.9","44.5","1.6","39.5","2.2","49.6","2.1","6.8","0.8","5.9","1.0","7.8","1.1","480983","433","233030","460","247953","411","3.8","0.2","4.2","0.2","3.3","0.2","9.1","0.3","9.4","0.4","8.7","0.4","40.2","0.5","41.1","0.6","39.3","0.6","20.1","0.4","19.9","0.5","20.3","0.5","7.9","0.3","6.9","0.3","8.9","0.4","11.8","0.4","11.4","0.5","12.2","0.4","7.1","0.2","6.9","0.3","7.2","0.3","87.2","0.3","86.4","0.4","88.0","0.5","18.9","0.5","18.4","0.5","19.4","0.5","81152","595","41275","382","39877","364","89.2","0.8","87.9","1.1","90.5","1.1","22.8","1.2","19.4","1.3","26.3","1.7","91006","570","45579","381","45427","369","91.0","0.6","89.7","0.9","92.3","0.9","21.8","0.9","18.7","1.1","25.0","1.2","198167","595","97727","433","100440","405","89.2","0.5","87.8","0.6","90.6","0.7","18.9","0.6","18.6","0.7","19.2","0.8","110658","342","48449","227","62209","241","78.9","0.7","79.1","1.1","78.8","0.9","13.7","0.7","16.8","1.0","11.3","0.8","25.3","1.3","21.9","1.6","28.9","1.5","11.5","0.5","9.7","0.7","13.2","0.6","10.6","0.6","7.8","0.8","12.9","0.9","3.3","0.4","2.7","0.4","3.8","0.6","32753","400","40176","398","26329","391","20171","1086","24188","1794","13976","1167","28439","499","35405","564","21467","389","32594","608","41193","812","26485","649","45231","1209","55079","1747","37888","1711","58177","1516","69568","2747","51413","1413","4.0","(X)","(X)","(X)","(X)","(X)",
"5001400US1807","Congressional District 7 (114th Congress), Indiana","76529","1011","36854","666","39675","686","24.2","1.0","28.3","1.5","20.3","1.4","28.4","1.2","30.7","1.6","26.3","1.7","38.6","1.4","33.5","2.0","43.3","2.1","8.9","0.9","7.5","1.1","10.1","1.3","469240","1793","221547","1062","247693","1184","5.8","0.3","6.3","0.4","5.3","0.3","11.9","0.4","12.4","0.5","11.5","0.5","32.3","0.6","33.1","0.9","31.6","0.7","21.8","0.4","20.8","0.6","22.6","0.6","7.1","0.3","6.4","0.4","7.7","0.4","14.2","0.4","14.4","0.6","14.1","0.4","7.0","0.3","6.6","0.4","7.3","0.4","82.3","0.5","81.3","0.6","83.2","0.6","21.2","0.5","21.0","0.6","21.3","0.5","119076","1174","57394","745","61682","778","82.0","0.9","80.6","1.2","83.4","1.3","26.2","1.0","24.6","1.4","27.6","1.3","95373","851","47084","583","48289","602","82.4","1.2","80.0","1.6","84.7","1.3","22.4","1.0","21.0","1.1","23.8","1.4","178803","1108","86174","756","92629","597","85.1","0.7","84.0","1.0","86.2","0.8","20.0","0.8","19.1","0.9","20.8","0.9","75988","604","30895","402","45093","469","76.0","0.9","77.0","1.5","75.4","1.1","14.6","0.8","19.6","1.4","11.3","0.8","35.9","1.5","32.7","1.7","39.1","2.1","18.0","0.9","15.3","1.2","20.5","1.2","15.3","0.7","12.3","1.1","17.8","1.0","5.8","0.4","5.5","0.7","6.1","0.7","30154","313","32237","554","27212","343","17942","690","19747","809","15816","852","25741","493","29120","1064","22579","770","30047","635","33252","991","26844","552","42212","648","46994","1298","39845","1103","53420","1391","60576","3028","50936","1258","5.1","(X)","(X)","(X)","(X)","(X)",
"5001400US1808","Congressional District 8 (114th Congress), Indiana","71992","451","36938","344","35054","258","16.7","1.0","19.2","1.5","14.2","1.2","31.8","1.4","35.8","1.8","27.5","1.6","44.9","1.4","39.6","2.1","50.5","1.7","6.6","0.7","5.4","0.9","7.8","1.0","485130","535","237566","535","247564","555","3.8","0.2","4.0","0.3","3.6","0.2","8.6","0.3","8.8","0.4","8.3","0.3","38.1","0.4","39.1","0.6","37.3","0.5","21.2","0.3","21.2","0.5","21.2","0.4","9.6","0.3","8.7","0.3","10.5","0.4","12.0","0.3","11.8","0.4","12.2","0.4","6.7","0.2","6.6","0.3","6.9","0.3","87.7","0.3","87.3","0.4","88.1","0.4","18.8","0.4","18.4","0.5","19.1","0.5","88438","669","46059","461","42379","394","89.0","0.8","87.8","1.1","90.2","0.9","22.1","1.1","18.3","1.3","26.1","1.4","86789","533","44315","310","42474","412","90.0","0.6","88.8","1.1","91.2","0.9","21.5","1.1","18.4","1.3","24.7","1.4","199798","430","99830","374","99968","333","89.8","0.5","89.0","0.7","90.5","0.6","18.8","0.5","18.8","0.7","18.8","0.7","110105","303","47362","203","62743","234","81.0","0.6","81.6","1.0","80.5","0.8","13.9","0.6","17.5","1.0","11.1","0.7","25.8","1.3","24.2","1.6","27.4","1.9","11.5","0.6","9.8","0.7","13.1","0.8","9.7","0.5","7.0","0.5","12.0","0.7","3.6","0.4","3.2","0.6","4.0","0.5","32425","280","40424","443","25674","357","19307","933","23398","1404","14254","892","28694","534","36192","622","20888","506","31969","365","41867","942","25348","518","43459","1152","55996","1564","36060","999","56063","1677","67989","4141","49269","2144","4.2","(X)","(X)","(X)","(X)","(X)",
"5001400US1809","Congressional District 9 (114th Congress), Indiana","88606","470","44723","375","43883","333","12.4","0.8","14.1","1.2","10.8","1.0","28.8","1.3","31.3","1.9","26.3","1.7","49.7","1.4","47.8","1.9","51.6","2.1","9.0","0.7","6.8","0.9","11.3","1.2","476509","620","230714","550","245795","449","3.5","0.2","3.8","0.3","3.2","0.2","8.1","0.3","8.5","0.5","7.7","0.3","35.7","0.5","35.9","0.7","35.4","0.6","20.5","0.4","19.9","0.6","21.0","0.5","8.4","0.3","7.9","0.4","8.9","0.4","14.5","0.3","14.8","0.5","14.2","0.4","9.4","0.3","9.2","0.4","9.6","0.4","88.5","0.3","87.8","0.5","89.1","0.4","23.9","0.4","24.1","0.6","23.8","0.5","92298","735","46567","528","45731","406","90.4","0.9","88.3","1.2","92.6","0.9","30.0","1.1","26.7","1.5","33.3","1.4","91949","708","46645","557","45304","357","91.3","0.6","90.2","1.0","92.5","0.7","27.6","1.1","25.7","1.5","29.5","1.6","192913","793","94020","525","98893","495","90.4","0.5","89.5","0.7","91.2","0.6","22.6","0.7","22.8","0.8","22.4","0.9","99349","438","43482","291","55867","260","80.3","0.7","80.8","1.1","79.8","0.9","17.5","0.7","22.1","1.0","13.9","0.8","24.8","1.6","22.5","1.9","27.3","2.1","11.1","0.6","9.4","0.7","12.8","0.8","8.9","0.6","6.4","0.7","11.1","0.9","5.1","0.5","4.9","0.7","5.2","0.6","33948","487","40572","503","28188","611","20873","870","24506","1828","15716","1278","28879","583","35025","884","23125","706","33823","725","41914","973","28090","1024","44904","1081","54103","2199","37959","1612","56820","1653","67799","3074","49466","1741","4.3","(X)","(X)","(X)","(X)","(X)",
"5001400US1901","Congressional District 1 (114th Congress), Iowa","80560","334","40586","295","39974","205","10.5","0.7","12.0","1.2","9.0","1.0","24.9","1.2","29.4","1.6","20.4","1.5","56.3","1.4","52.1","2.0","60.6","2.0","8.2","0.7","6.5","0.9","10.0","1.0","507814","338","247771","390","260043","278","3.3","0.1","3.6","0.2","3.0","0.2","5.1","0.2","5.9","0.3","4.4","0.2","34.6","0.4","36.3","0.6","32.9","0.5","21.3","0.3","20.6","0.4","21.9","0.4","10.9","0.3","9.5","0.4","12.2","0.4","17.1","0.3","16.3","0.4","17.8","0.4","7.8","0.3","7.8","0.4","7.8","0.3","91.6","0.2","90.5","0.3","92.6","0.3","24.9","0.4","24.1","0.5","25.6","0.5","92414","368","47247","323","45167","225","92.9","0.6","91.0","1.0","94.9","0.7","31.4","1.1","26.6","1.2","36.4","1.4","88595","350","44555","252","44040","239","93.5","0.5","92.5","0.7","94.6","0.7","30.3","1.0","26.4","1.2","34.3","1.3","205327","441","103035","344","102292","270","93.6","0.3","92.5","0.4","94.7","0.4","23.9","0.6","23.6","0.7","24.3","0.8","121478","207","52934","129","68544","146","85.7","0.5","84.5","0.7","86.5","0.6","17.4","0.6","20.8","0.9","14.8","0.6","20.7","1.2","18.6","1.6","23.4","1.6","9.2","0.4","7.6","0.5","10.8","0.6","8.0","0.5","6.0","0.7","9.7","0.7","3.0","0.3","2.7","0.5","3.3","0.4","35140","308","42221","366","28272","457","22438","799","26800","903","16234","931","29422","629","35971","490","22219","493","33777","448","42320","552","27167","444","45923","629","57340","1472","38789","921","59929","1212","74700","2861","51457","1102","3.7","(X)","(X)","(X)","(X)","(X)",
"5001400US1902","Congressional District 2 (114th Congress), Iowa","83025","484","42322","392","40703","292","11.1","0.7","12.5","1.1","9.7","1.0","25.0","1.1","27.1","1.5","22.7","1.5","52.7","1.3","50.1","1.8","55.4","1.7","11.2","0.9","10.3","1.3","12.2","1.2","510122","433","249898","425","260224","374","3.5","0.2","3.7","0.2","3.4","0.2","5.4","0.2","5.6","0.3","5.3","0.2","32.1","0.4","34.2","0.5","30.0","0.4","21.4","0.4","21.0","0.5","21.8","0.5","10.5","0.2","9.3","0.3","11.7","0.4","17.3","0.2","16.2","0.4","18.3","0.3","9.8","0.2","10.1","0.3","9.5","0.3","91.0","0.3","90.7","0.4","91.3","0.3","27.0","0.3","26.2","0.5","27.8","0.5","99120","455","50998","400","48122","285","92.9","0.6","92.0","0.9","93.8","0.8","35.0","1.1","30.9","1.4","39.3","1.4","90172","451","45991","362","44181","270","93.3","0.5","93.0","0.7","93.6","0.7","31.2","1.0","27.1","1.3","35.5","1.3","205097","474","102487","335","102610","336","92.7","0.3","92.1","0.5","93.3","0.4","26.1","0.5","25.2","0.7","27.1","0.7","115733","218","50422","143","65311","149","84.7","0.5","84.7","0.8","84.8","0.6","18.6","0.7","22.9","1.1","15.3","0.7","24.5","1.4","21.6","1.5","27.5","2.1","11.4","0.5","10.0","0.6","13.0","0.7","10.3","0.6","8.0","0.8","12.3","0.7","4.8","0.5","4.5","0.6","5.0","0.6","34519","384","41539","384","27535","506","21854","791","27168","1487","15344","1196","28703","682","35265","845","21436","607","32262","398","41005","504","26074","441","43503","1042","54131","1276","37233","1175","59454","1616","68192","3025","52479","1228","4.2","(X)","(X)","(X)","(X)","(X)",
"5001400US1903","Congressional District 3 (114th Congress), Iowa","66298","265","33080","188","33218","169","14.2","0.8","16.3","1.1","12.1","1.1","29.2","1.4","33.6","1.7","24.8","2.0","43.6","1.3","38.6","2.0","48.7","2.2","13.0","1.0","11.5","1.2","14.4","1.6","518431","307","250622","291","267809","278","3.0","0.2","3.1","0.2","2.9","0.2","5.0","0.2","5.6","0.3","4.4","0.3","29.2","0.4","29.8","0.5","28.6","0.6","21.5","0.4","21.1","0.5","21.9","0.6","10.2","0.3","9.4","0.4","11.0","0.4","22.1","0.4","21.9","0.6","22.2","0.5","9.0","0.3","9.1","0.4","8.9","0.3","92.0","0.2","91.3","0.3","92.7","0.3","31.1","0.5","31.0","0.6","31.1","0.6","111187","311","55289","175","55898","264","93.4","0.6","92.4","0.8","94.3","0.7","38.0","1.3","33.8","1.6","42.2","1.5","102887","328","51916","253","50971","217","92.4","0.6","91.3","0.9","93.5","0.7","37.2","1.1","34.1","1.5","40.3","1.5","202659","306","99695","256","102964","196","93.1","0.4","92.3","0.5","93.9","0.4","29.7","0.7","30.0","0.9","29.3","0.8","101698","160","43722","132","57976","91","87.9","0.5","87.6","0.8","88.2","0.7","20.1","0.7","26.0","1.1","15.6","0.8","23.5","1.7","20.9","1.9","26.4","2.3","11.1","0.6","9.9","0.7","12.2","0.7","8.4","0.5","6.5","0.6","10.2","0.6","2.8","0.3","2.3","0.4","3.2","0.4","38448","409","44216","459","32879","465","21993","974","25326","1335","18328","1642","29345","620","34170","695","23779","607","35906","572","42558","683","30610","493","50310","729","61210","991","42913","769","63720","1318","76036","2480","56561","1110","5.8","(X)","(X)","(X)","(X)","(X)",
"5001400US1904","Congressional District 4 (114th Congress), Iowa","83899","453","45036","381","38863","261","10.2","0.6","10.5","0.9","9.8","0.7","23.3","1.1","25.9","1.7","20.3","1.3","57.5","1.1","56.1","1.8","59.2","1.6","8.9","0.7","7.5","0.8","10.7","1.1","502575","445","245611","380","256964","354","4.1","0.1","4.5","0.2","3.7","0.2","5.5","0.2","6.2","0.2","4.8","0.3","34.3","0.4","35.6","0.6","33.0","0.5","22.1","0.3","21.4","0.5","22.8","0.4","11.7","0.2","10.5","0.3","12.8","0.3","15.5","0.3","14.5","0.5","16.4","0.4","6.8","0.2","7.4","0.3","6.3","0.3","90.4","0.2","89.4","0.3","91.4","0.3","22.3","0.4","21.9","0.5","22.7","0.5","86609","514","45336","363","41273","354","90.9","0.6","89.5","0.8","92.5","0.9","27.5","0.9","23.5","1.2","31.9","1.2","81580","441","41641","325","39939","261","91.5","0.7","90.7","0.9","92.4","0.9","27.0","0.8","23.3","1.1","30.8","1.1","203317","454","102385","337","100932","334","93.2","0.3","92.0","0.5","94.4","0.4","22.3","0.5","21.7","0.7","23.0","0.6","131069","300","56249","163","74820","263","85.1","0.5","83.6","0.7","86.3","0.6","15.9","0.6","19.9","0.9","12.8","0.7","21.3","1.3","18.3","1.5","25.0","1.8","10.1","0.5","7.8","0.5","12.4","0.6","8.1","0.4","6.3","0.5","9.6","0.5","3.5","0.3","3.0","0.5","4.0","0.5","32779","310","40490","342","26120","244","22799","961","25883","817","18089","1445","27711","491","35497","515","20653","346","32422","345","41425","515","25839","355","42156","555","51846","784","34967","783","56354","1597","64340","3042","52050","1166","4.0","(X)","(X)","(X)","(X)","(X)",
"5001400US2001","Congressional District 1 (114th Congress), Kansas","88717","537","48156","422","40561","347","12.7","0.8","14.2","1.1","10.9","1.0","27.6","1.1","32.0","1.7","22.5","1.4","53.2","1.0","48.7","1.5","58.5","1.5","6.5","0.7","5.2","0.8","8.1","1.0","454224","625","225108","504","229116","487","5.8","0.2","6.0","0.2","5.6","0.3","7.0","0.3","7.4","0.4","6.5","0.3","30.1","0.4","32.1","0.6","28.2","0.5","25.5","0.4","24.8","0.6","26.3","0.5","8.3","0.2","7.2","0.3","9.3","0.4","15.3","0.3","14.6","0.4","16.1","0.4","8.0","0.3","8.0","0.3","8.0","0.4","87.3","0.3","86.6","0.5","87.9","0.4","23.3","0.4","22.6","0.5","24.1","0.5","93653","572","49291","408","44362","367","87.1","0.8","86.1","1.1","88.2","1.0","25.6","0.9","21.7","1.1","30.0","1.4","77594","714","40370","478","37224","455","85.7","0.8","84.7","1.1","86.8","1.1","26.3","1.1","23.3","1.3","29.6","1.5","175336","684","88391","467","86945","498","89.3","0.5","88.3","0.7","90.5","0.6","23.3","0.6","22.4","0.7","24.2","0.8","107641","419","47056","262","60585","323","85.1","0.6","85.8","0.8","84.6","0.8","19.3","0.7","23.4","0.9","16.2","0.8","20.5","1.3","15.9","1.4","25.4","1.9","10.8","0.7","9.1","0.8","12.7","0.9","8.8","0.5","6.6","0.7","10.7","0.7","4.1","0.4","3.9","0.6","4.3","0.5","31517","222","37825","465","25102","291","25191","502","29840","977","16611","1039","27292","417","33246","743","20414","472","30923","371","38865","676","23876","526","39818","664","48222","1270","33417","791","48947","1043","56902","4248","44446","1081","4.9","(X)","(X)","(X)","(X)","(X)",
"5001400US2002","Congressional District 2 (114th Congress), Kansas","82556","505","42737","319","39819","359","10.2","0.7","12.2","0.9","7.9","1.0","24.1","1.0","25.7","1.3","22.4","1.6","56.3","1.2","54.9","1.9","57.8","1.9","9.4","0.8","7.2","1.1","11.8","1.3","464366","576","226932","441","237434","456","3.0","0.1","3.1","0.2","2.9","0.2","5.9","0.2","6.3","0.3","5.5","0.3","31.9","0.5","33.9","0.7","30.1","0.6","24.0","0.4","23.4","0.6","24.5","0.5","8.0","0.2","6.8","0.3","9.1","0.3","16.7","0.3","16.1","0.4","17.4","0.5","10.5","0.3","10.4","0.4","10.5","0.3","91.1","0.3","90.6","0.4","91.6","0.3","27.2","0.5","26.5","0.6","27.9","0.6","88949","536","45843","367","43106","416","92.4","0.6","91.5","0.8","93.3","0.8","31.8","1.1","27.6","1.4","36.2","1.5","82583","459","42026","316","40557","315","92.6","0.5","91.3","0.9","94.0","0.7","31.5","1.3","28.7","1.5","34.5","1.6","186767","639","92593","399","94174","378","92.7","0.4","91.5","0.6","93.8","0.5","27.0","0.7","25.8","0.9","28.2","0.7","106067","415","46470","217","59597","294","86.0","0.5","87.1","0.7","85.1","0.7","20.4","0.7","24.7","0.9","17.1","0.8","26.7","1.5","24.2","2.1","29.4","2.0","12.9","0.6","11.2","0.8","14.6","0.8","11.0","0.6","8.9","0.7","12.8","0.9","4.2","0.4","3.8","0.6","4.6","0.5","32991","359","39137","608","27378","440","20071","1011","24231","1768","14242","911","27000","434","33132","906","20843","653","30949","482","37267","749","25758","572","41433","766","49978","1697","36463","701","53293","940","65778","2623","48077","1110","4.3","(X)","(X)","(X)","(X)","(X)",
"5001400US2003","Congressional District 3 (114th Congress), Kansas","57373","184","29099","148","28274","123","14.6","1.1","15.9","1.5","13.3","1.4","27.5","1.5","29.8","2.0","25.2","2.0","44.3","1.6","42.9","2.4","45.7","2.3","13.6","1.0","11.5","1.3","15.8","1.4","480990","318","230626","181","250364","228","3.5","0.2","3.9","0.3","3.2","0.2","4.4","0.2","4.4","0.3","4.3","0.3","19.2","0.4","19.0","0.5","19.3","0.5","21.3","0.4","20.8","0.6","21.8","0.5","7.4","0.3","6.3","0.3","8.3","0.4","28.3","0.4","28.8","0.5","27.9","0.6","15.9","0.3","16.7","0.4","15.2","0.4","92.1","0.3","91.7","0.3","92.5","0.3","44.2","0.4","45.5","0.6","43.0","0.6","105854","224","52445","190","53409","119","91.6","0.5","90.3","0.8","92.8","0.7","45.0","1.2","41.4","1.5","48.4","1.3","100446","219","50030","150","50416","160","91.9","0.6","91.4","0.7","92.4","0.8","48.8","1.1","47.6","1.3","50.0","1.5","189906","252","91799","143","98107","163","94.0","0.4","93.4","0.5","94.5","0.4","45.7","0.6","47.1","0.9","44.3","0.9","84784","191","36352","99","48432","135","88.8","0.7","90.0","0.8","87.9","0.9","34.6","0.8","44.6","1.2","27.2","1.1","26.0","1.9","21.6","2.3","30.4","2.6","12.7","0.8","11.0","1.0","14.4","1.0","7.8","0.5","5.9","0.6","9.4","0.7","2.8","0.2","2.6","0.3","3.0","0.3","41629","384","50852","564","34152","479","20547","690","23194","1578","16523","1289","27423","760","31808","899","23803","848","35463","714","42471","1027","29570","913","52520","786","67683","1900","41609","864","68549","1823","88648","2937","53650","1446","3.9","(X)","(X)","(X)","(X)","(X)",
"5001400US2004","Congressional District 4 (114th Congress), Kansas","67435","328","34651","232","32784","198","16.0","1.1","18.1","1.7","13.9","1.3","28.6","1.4","31.8","1.8","25.2","1.9","46.6","1.3","43.5","1.7","49.9","2.1","8.8","0.7","6.7","1.0","11.0","1.2","462314","353","225265","270","237049","231","3.9","0.2","3.9","0.3","3.8","0.2","6.9","0.3","7.3","0.4","6.5","0.4","27.8","0.5","28.5","0.7","27.2","0.5","26.3","0.5","26.5","0.5","26.2","0.6","7.6","0.3","6.9","0.4","8.4","0.4","18.7","0.4","18.3","0.5","19.1","0.5","8.7","0.3","8.7","0.4","8.8","0.4","89.2","0.3","88.8","0.4","89.7","0.4","27.4","0.5","27.0","0.6","27.9","0.5","95706","359","48456","274","47250","228","89.4","0.8","87.4","1.2","91.4","0.7","29.6","1.1","25.3","1.5","34.1","1.3","85146","229","42582","169","42564","165","89.8","0.7","88.8","0.9","90.8","1.0","31.3","1.2","27.9","1.4","34.8","1.4","184895","297","91834","254","93061","206","90.9","0.4","90.2","0.5","91.5","0.6","27.9","0.6","27.8","0.7","28.0","0.9","96567","165","42393","146","54174","114","85.4","0.7","87.1","1.0","84.0","0.8","20.9","0.7","26.2","1.1","16.7","0.9","26.2","1.7","22.0","2.0","30.4","2.1","14.1","0.7","12.0","0.9","16.2","1.0","9.5","0.5","7.5","0.6","11.4","0.8","4.0","0.4","3.5","0.5","4.4","0.5","34557","426","42128","571","27481","459","21397","637","26673","1086","15515","641","27876","683","34529","879","21807","666","32127","480","41211","858","25750","523","44839","771","57079","1637","37308","860","55672","1264","66628","2287","49193","1149","4.0","(X)","(X)","(X)","(X)","(X)",
"5001400US2101","Congressional District 1 (114th Congress), Kentucky","70413","655","37609","492","32804","364","15.3","0.9","17.7","1.2","12.5","1.5","37.9","1.4","43.1","1.8","31.9","2.1","42.3","1.3","35.5","1.6","50.1","1.9","4.5","0.7","3.7","0.8","5.5","1.0","487594","729","235818","618","251776","487","8.1","0.3","8.9","0.4","7.3","0.3","10.3","0.3","11.0","0.5","9.7","0.4","37.7","0.5","40.1","0.7","35.5","0.6","21.1","0.4","20.4","0.5","21.7","0.6","7.8","0.2","5.5","0.3","9.9","0.3","8.8","0.3","8.7","0.4","8.8","0.3","6.2","0.3","5.3","0.3","7.1","0.3","81.6","0.5","80.1","0.6","83.0","0.5","15.0","0.4","14.0","0.5","15.9","0.5","87784","575","44555","461","43229","374","87.2","0.9","85.1","1.1","89.4","1.1","17.6","1.0","13.5","1.3","21.7","1.1","87174","557","44253","448","42921","287","87.5","0.8","85.3","1.1","89.8","1.0","17.5","1.0","14.6","1.3","20.4","1.3","195348","591","95486","460","99862","408","83.9","0.6","81.5","0.9","86.2","0.6","15.1","0.6","14.1","0.7","16.1","0.7","117288","331","51524","214","65764","210","69.2","0.8","68.7","1.1","69.5","1.1","11.1","0.6","13.9","0.9","8.9","0.7","30.4","1.3","27.8","1.8","33.3","1.5","15.5","0.6","12.4","0.7","18.7","0.8","13.1","0.7","9.7","0.8","15.7","0.9","4.2","0.6","3.3","0.8","5.0","0.9","29112","494","35217","473","23070","571","19719","777","22173","663","14313","1142","25644","400","31777","655","18385","529","29263","820","38011","1229","23588","873","40177","1018","50993","2046","33120","1265","50891","680","58460","3416","47931","1311","5.2","(X)","(X)","(X)","(X)","(X)",
"5001400US2102","Congressional District 2 (114th Congress), Kentucky","74421","425","38280","342","36141","333","12.8","0.8","14.0","1.2","11.5","1.1","35.9","1.4","42.7","2.1","28.7","2.2","45.5","1.5","39.4","2.1","51.9","2.3","5.9","0.6","3.9","0.6","7.9","0.9","484848","676","233997","459","250851","482","6.3","0.2","6.5","0.3","6.2","0.3","8.9","0.3","9.6","0.4","8.2","0.3","37.8","0.6","39.9","0.8","35.8","0.7","20.6","0.4","20.3","0.5","21.0","0.6","8.0","0.3","6.2","0.3","9.6","0.4","10.7","0.3","10.7","0.4","10.8","0.4","7.7","0.3","6.9","0.4","8.4","0.3","84.8","0.3","83.9","0.4","85.6","0.5","18.4","0.4","17.6","0.5","19.2","0.5","91263","538","45639","374","45624","414","90.6","0.7","89.3","1.0","91.9","0.9","21.0","1.0","17.0","1.3","25.0","1.2","93171","516","46330","324","46841","333","89.0","0.8","86.7","1.2","91.4","0.9","21.9","1.0","19.2","1.2","24.6","1.3","199010","541","97653","405","101357","316","87.2","0.5","85.9","0.6","88.6","0.7","18.0","0.6","17.3","0.8","18.6","0.8","101404","378","44375","269","57029","277","70.8","0.9","71.3","1.1","70.4","1.2","13.6","0.6","17.0","0.8","10.9","0.7","27.4","1.1","23.7","1.5","31.2","1.5","13.9","0.6","11.9","0.6","16.1","0.8","10.2","0.6","7.4","0.8","12.4","0.8","4.1","0.5","3.4","0.6","4.7","0.8","31330","332","37548","614","25560","372","20769","723","23639","1424","14717","995","26432","383","32380","552","20494","439","31823","553","40358","796","25619","646","42276","1117","52471","1628","34690","1482","53032","1140","64138","2395","49188","1262","5.1","(X)","(X)","(X)","(X)","(X)",
"5001400US2103","Congressional District 3 (114th Congress), Kentucky","66948","199","33364","171","33584","134","15.5","1.1","18.0","1.7","13.1","1.3","31.7","1.4","33.6","2.2","29.9","1.7","42.2","1.6","40.4","2.1","44.1","2.1","10.5","0.8","8.0","0.9","13.0","1.3","498061","373","234056","284","264005","247","3.8","0.2","3.8","0.3","3.8","0.3","8.2","0.3","8.5","0.4","8.0","0.3","27.9","0.4","28.9","0.6","27.0","0.6","22.8","0.4","22.0","0.6","23.5","0.5","7.2","0.2","6.2","0.3","8.1","0.3","17.7","0.3","18.4","0.5","17.1","0.4","12.4","0.3","12.3","0.4","12.6","0.4","88.0","0.4","87.8","0.5","88.2","0.4","30.1","0.4","30.7","0.6","29.6","0.6","105566","338","51940","203","53626","191","90.3","0.8","90.0","1.0","90.6","1.1","36.4","1.0","34.0","1.4","38.8","1.4","93351","295","46048","180","47303","184","90.1","0.8","88.8","1.1","91.4","0.9","33.5","0.9","30.9","1.3","36.0","1.2","197518","325","94494","218","103024","216","90.1","0.5","89.4","0.7","90.8","0.6","29.2","0.6","29.4","0.7","28.9","0.8","101626","222","41574","162","60052","153","79.4","0.8","80.2","0.9","78.8","1.1","22.3","0.8","29.1","1.2","17.6","0.9","31.8","1.8","27.3","2.2","36.0","2.1","15.8","0.8","14.6","1.0","17.0","1.1","12.2","0.6","9.8","0.8","14.1","0.8","4.7","0.4","4.4","0.6","4.9","0.5","34303","405","39350","662","30465","473","19526","1056","22292","1584","16143","954","25929","450","28879","1237","22881","965","31997","574","37509","995","28271","800","45297","899","53016","1640","39513","1256","58383","1644","67341","2725","51286","953","5.5","(X)","(X)","(X)","(X)","(X)",
"5001400US2104","Congressional District 4 (114th Congress), Kentucky","60852","545","31438","420","29414","348","16.4","1.1","19.7","1.7","12.8","1.0","35.0","1.6","36.8","2.0","33.0","2.3","39.9","1.7","36.7","2.1","43.3","2.2","8.7","0.8","6.7","1.0","10.9","1.3","491903","915","239568","662","252335","567","4.4","0.2","4.9","0.3","4.0","0.2","8.0","0.3","8.6","0.4","7.4","0.4","32.4","0.4","33.4","0.6","31.4","0.6","21.8","0.4","21.1","0.6","22.5","0.5","7.8","0.3","6.4","0.3","9.1","0.4","16.1","0.4","16.7","0.5","15.6","0.5","9.5","0.3","9.0","0.4","10.0","0.4","87.6","0.3","86.5","0.5","88.6","0.4","25.6","0.5","25.7","0.6","25.6","0.6","92772","734","45893","440","46879","439","90.9","0.7","89.2","1.0","92.6","0.9","28.8","1.1","24.8","1.4","32.8","1.4","100644","623","50713","415","49931","400","91.4","0.7","90.9","0.9","92.0","1.0","31.5","1.0","29.0","1.2","34.0","1.4","204549","757","101339","495","103210","478","89.2","0.5","87.5","0.7","90.8","0.5","25.4","0.6","26.1","0.7","24.7","0.9","93938","465","41623","335","52315","322","76.8","0.8","76.1","1.1","77.4","1.0","16.8","0.7","21.8","1.1","12.8","0.8","27.7","1.5","24.2","1.7","31.6","2.0","13.0","0.7","11.6","0.8","14.4","0.8","9.6","0.6","6.4","0.6","12.3","0.8","2.8","0.3","2.2","0.4","3.3","0.4","36527","391","43948","677","30333","491","20266","862","23755","1388","15469","985","28984","708","34655","1037","23253","752","34037","904","43651","1121","27353","672","51476","916","64298","2146","42175","895","60151","1486","80319","3895","51891","1002","4.3","(X)","(X)","(X)","(X)","(X)",
"5001400US2105","Congressional District 5 (114th Congress), Kentucky","64717","472","33453","327","31264","321","18.5","1.1","20.7","1.5","16.1","1.5","35.5","1.4","41.2","2.0","29.4","1.9","42.2","1.5","35.1","1.9","49.7","2.2","3.9","0.6","3.1","0.7","4.7","0.9","492983","555","240659","454","252324","459","13.2","0.3","14.7","0.5","11.8","0.4","13.6","0.3","14.9","0.4","12.4","0.4","37.7","0.4","39.9","0.6","35.5","0.6","17.4","0.3","15.9","0.5","18.8","0.5","6.2","0.2","4.2","0.2","8.0","0.4","6.4","0.2","5.9","0.3","6.8","0.3","5.6","0.3","4.5","0.3","6.7","0.4","73.2","0.4","70.5","0.5","75.8","0.5","12.0","0.4","10.4","0.4","13.5","0.4","87407","434","45150","294","42257","283","83.8","0.9","81.1","1.2","86.6","1.1","13.8","0.8","10.4","0.9","17.5","1.3","94940","479","48030","315","46910","272","82.0","0.8","79.8","1.1","84.4","1.3","14.7","0.8","11.3","0.9","18.2","1.3","203075","547","99609","369","103466","325","74.5","0.6","70.0","1.0","78.8","0.8","11.3","0.5","10.0","0.7","12.6","0.6","107561","419","47870","249","59691","299","54.4","0.9","52.0","1.4","56.4","1.1","9.2","0.6","10.1","0.8","8.4","0.7","38.0","1.2","35.2","1.3","41.1","1.5","21.6","0.8","18.4","0.9","24.9","1.0","18.5","0.9","13.8","1.2","21.8","1.2","5.4","0.7","5.4","0.9","5.4","0.9","27283","377","32800","838","22415","464","18173","931","21655","942","13861","1421","24821","622","31467","649","18307","735","26784","714","34375","1325","22196","677","38797","1628","45970","2497","35100","1416","51179","770","59023","3747","48921","1530","5.9","(X)","(X)","(X)","(X)","(X)",
"5001400US2106","Congressional District 6 (114th Congress), Kentucky","87862","493","43497","382","44365","353","10.3","0.8","12.6","1.1","8.0","0.9","27.8","1.2","30.9","1.8","24.8","1.6","51.3","1.5","47.1","2.1","55.4","2.1","10.6","0.9","9.4","1.1","11.8","1.3","484320","755","232739","560","251581","454","6.2","0.3","6.9","0.4","5.5","0.3","8.2","0.3","8.7","0.4","7.8","0.4","29.0","0.4","30.4","0.6","27.8","0.6","20.3","0.4","19.3","0.5","21.2","0.5","6.9","0.3","5.3","0.3","8.3","0.4","17.4","0.4","18.0","0.5","17.0","0.5","12.0","0.3","11.4","0.3","12.5","0.4","85.6","0.4","84.4","0.5","86.7","0.4","29.4","0.4","29.4","0.5","29.5","0.6","101301","605","50621","431","50680","375","89.3","0.7","88.2","1.0","90.4","1.1","34.6","1.2","30.7","1.5","38.4","1.5","99173","532","49859","358","49314","325","89.4","0.8","87.1","1.0","91.7","1.0","33.0","1.1","30.8","1.2","35.2","1.5","191167","709","92432","468","98735","386","86.7","0.6","84.9","0.9","88.4","0.7","28.3","0.7","28.5","0.9","28.2","0.9","92679","453","39827","309","52852","287","75.3","0.9","75.1","1.2","75.5","1.0","22.3","0.8","28.0","1.1","17.9","1.0","33.6","1.5","30.0","1.7","37.5","2.1","16.0","0.9","13.9","1.0","18.2","1.1","12.6","0.7","9.1","0.9","15.2","1.0","4.8","0.5","4.7","0.7","5.0","0.5","32684","533","38761","834","27977","713","17744","772","20760","792","13345","1128","26373","443","30981","619","21246","723","30911","475","38428","1827","26071","489","44162","937","53544","1587","37740","1245","54490","850","67960","3029","49208","914","4.1","(X)","(X)","(X)","(X)","(X)",
"5001400US2201","Congressional District 1 (114th Congress), Louisiana","73276","1417","35998","860","37278","920","18.3","1.1","21.4","1.7","15.2","1.6","29.5","1.3","32.1","1.8","27.1","2.0","43.0","1.4","38.4","2.0","47.6","2.0","9.1","0.7","8.1","1.0","10.1","1.0","523059","2237","250786","1628","272273","1198","5.8","0.3","6.8","0.4","4.9","0.3","8.7","0.3","9.1","0.5","8.3","0.5","29.8","0.6","29.3","0.7","30.3","0.7","22.2","0.4","22.4","0.6","22.0","0.6","5.6","0.2","4.8","0.3","6.3","0.3","18.1","0.4","17.5","0.6","18.7","0.5","9.8","0.3","10.1","0.4","9.4","0.3","85.5","0.4","84.1","0.6","86.8","0.5","27.9","0.5","27.6","0.6","28.2","0.6","107713","1444","53523","1019","54190","861","86.3","1.0","83.6","1.6","88.9","1.1","31.8","1.1","26.7","1.4","36.9","1.5","95377","1321","47221","907","48156","768","87.6","0.9","85.7","1.3","89.5","1.2","31.2","1.1","28.3","1.5","34.0","1.5","213214","1538","103831","965","109383","860","86.8","0.5","85.0","0.8","88.5","0.7","27.4","0.6","27.3","0.8","27.5","0.9","106755","923","46211","624","60544","643","80.2","0.8","81.1","1.1","79.5","0.9","22.0","0.8","28.7","1.2","16.9","0.9","25.4","1.4","21.0","1.9","30.3","1.9","11.8","0.6","9.3","0.8","14.0","0.8","9.6","0.6","6.5","0.8","12.3","0.8","4.0","0.3","3.5","0.4","4.5","0.5","37593","495","46783","903","29360","764","21808","1102","27679","2198","14912","1110","31141","556","41228","973","22305","659","34665","793","44407","1409","26888","509","49321","1168","63645","2653","41358","900","63709","2178","89250","3676","52399","1115","5.2","(X)","(X)","(X)","(X)","(X)",
"5001400US2202","Congressional District 2 (114th Congress), Louisiana","82427","1239","40147","1017","42280","879","23.1","1.3","27.0","1.7","19.5","1.6","30.4","1.1","33.5","1.8","27.4","1.8","39.1","1.4","33.6","1.9","44.3","2.1","7.4","0.7","5.9","0.9","8.8","1.0","506557","2367","236906","1690","269651","1379","6.2","0.2","7.2","0.4","5.3","0.3","12.9","0.3","13.9","0.5","12.0","0.4","32.2","0.5","33.7","0.7","31.0","0.6","22.4","0.5","21.2","0.7","23.4","0.6","5.1","0.2","4.2","0.3","5.9","0.4","13.4","0.3","12.7","0.5","14.0","0.4","7.8","0.2","7.1","0.3","8.5","0.3","80.9","0.4","78.9","0.6","82.7","0.5","21.2","0.4","19.8","0.5","22.5","0.5","119081","1253","57427","975","61654","813","85.2","0.8","82.9","1.3","87.4","1.1","27.4","0.8","24.3","1.1","30.2","1.2","95321","1324","46108","920","49213","820","84.1","0.9","80.6","1.4","87.3","1.1","23.1","1.0","21.1","1.2","25.0","1.3","203307","1421","96779","930","106528","881","81.9","0.6","79.2","0.9","84.4","0.7","18.6","0.6","16.7","0.8","20.4","0.7","88848","892","36592","562","52256","616","69.4","0.8","69.8","1.3","69.1","1.2","16.8","0.8","19.4","1.2","15.0","1.0","35.8","1.3","29.9","1.7","41.9","1.6","21.4","0.8","16.6","1.0","25.9","1.1","17.6","0.7","11.8","0.9","22.0","0.9","8.0","0.5","8.0","0.7","8.0","0.7","30558","326","36193","569","25924","370","17686","770","21788","961","13859","904","25280","414","31418","784","20414","493","30085","623","38413","1416","25365","509","44617","1203","51543","1300","41138","983","54775","1043","63903","2285","51422","1184","6.0","(X)","(X)","(X)","(X)","(X)",
"5001400US2203","Congressional District 3 (114th Congress), Louisiana","77002","334","38381","232","38621","256","19.4","1.2","21.3","1.7","17.5","1.5","32.9","1.5","35.3","2.3","30.6","1.9","42.0","1.7","39.0","2.3","45.1","2.1","5.6","0.7","4.5","0.9","6.8","1.0","495104","484","237097","394","258007","373","7.4","0.3","8.2","0.4","6.7","0.3","11.4","0.4","12.0","0.5","10.8","0.6","36.0","0.6","36.9","0.9","35.2","0.8","20.1","0.5","19.7","0.6","20.5","0.6","5.6","0.2","4.5","0.3","6.6","0.4","13.8","0.4","13.1","0.6","14.4","0.5","5.7","0.3","5.6","0.3","5.9","0.4","81.2","0.4","79.7","0.6","82.5","0.6","19.5","0.5","18.7","0.6","20.2","0.5","106825","472","53098","328","53727","360","84.8","0.9","83.0","1.2","86.6","1.3","21.7","1.1","18.6","1.4","24.8","1.5","93262","456","45936","301","47326","335","86.2","0.8","83.2","1.3","89.1","1.0","21.9","1.0","19.0","1.4","24.7","1.4","199730","524","96770","326","102960","360","82.9","0.7","80.9","0.9","84.7","1.0","19.1","0.7","18.3","0.8","19.8","0.8","95287","292","41293","203","53994","167","68.5","1.1","68.7","1.4","68.4","1.4","15.6","0.8","19.5","1.3","12.6","0.8","27.9","1.3","21.4","1.5","34.7","1.8","14.5","0.7","10.1","0.9","18.7","1.0","12.0","0.7","7.7","0.9","15.6","1.1","3.8","0.5","3.4","0.7","4.1","0.7","33716","638","45829","1050","24227","527","20747","730","27749","2136","13726","860","29517","1057","42608","1324","20026","602","31778","584","47091","2576","22836","1070","47151","1115","61630","1643","41192","603","57178","2906","79131","4998","48967","1889","5.0","(X)","(X)","(X)","(X)","(X)",
"5001400US2204","Congressional District 4 (114th Congress), Louisiana","76386","530","40093","439","36293","260","22.2","1.0","24.3","1.7","19.8","1.6","36.5","1.6","40.5","2.2","32.1","2.0","36.1","1.5","30.9","2.0","41.8","2.3","5.2","0.7","4.3","0.7","6.2","1.1","497276","846","238982","619","258294","552","5.7","0.2","6.5","0.4","5.0","0.3","11.2","0.3","12.0","0.5","10.6","0.3","36.2","0.5","37.7","0.7","34.7","0.7","21.9","0.5","21.0","0.6","22.7","0.6","5.8","0.2","4.7","0.3","6.8","0.3","12.6","0.3","11.8","0.5","13.3","0.4","6.7","0.2","6.4","0.3","7.0","0.4","83.1","0.4","81.6","0.6","84.4","0.4","19.3","0.4","18.3","0.6","20.2","0.5","103730","699","52036","499","51694","379","84.8","0.9","82.4","1.3","87.1","1.1","19.8","1.0","17.1","1.3","22.5","1.2","92189","594","46286","396","45903","363","86.8","0.8","84.1","1.3","89.5","1.1","21.8","1.0","18.5","1.2","25.2","1.4","194712","669","94598","473","100114","412","84.6","0.6","82.5","0.9","86.5","0.7","19.2","0.6","17.9","0.8","20.4","0.8","106645","386","46062","259","60583","257","75.4","0.7","76.3","1.0","74.8","1.0","16.7","0.8","20.1","1.2","14.1","0.8","31.4","1.3","26.8","1.7","35.9","1.6","17.3","0.7","12.7","0.9","21.7","1.0","12.5","0.6","7.6","0.7","16.4","0.9","4.9","0.5","4.3","0.6","5.4","0.7","32070","323","41849","537","24721","523","18570","996","25644","1228","13528","715","27235","427","37075","1059","20277","603","31048","611","43151","1078","23709","691","46076","1106","55317","1977","40430","847","55936","2377","73923","3855","48850","1659","5.2","(X)","(X)","(X)","(X)","(X)",
"5001400US2205","Congressional District 5 (114th Congress), Louisiana","77844","776","40656","634","37188","495","22.4","1.1","27.1","1.6","17.3","1.3","33.5","1.2","35.0","1.7","31.8","1.7","38.9","1.3","33.9","2.0","44.4","1.8","5.2","0.7","4.1","0.8","6.5","1.2","492336","1442","240072","953","252264","845","7.0","0.2","8.2","0.4","5.8","0.2","13.9","0.4","15.6","0.5","12.2","0.4","37.8","0.5","39.6","0.7","36.0","0.6","20.4","0.4","19.0","0.6","21.7","0.6","4.6","0.2","3.2","0.2","6.0","0.3","11.0","0.3","9.6","0.4","12.3","0.4","5.4","0.2","4.8","0.3","5.9","0.3","79.1","0.4","76.2","0.6","81.9","0.5","16.4","0.3","14.4","0.4","18.2","0.5","100129","985","51947","591","48182","636","80.2","1.0","76.9","1.4","83.8","1.2","15.7","1.0","12.2","1.0","19.4","1.4","90965","901","46683","709","44282","450","82.8","1.0","78.6","1.5","87.2","1.2","18.0","0.9","13.4","1.0","22.9","1.5","195028","1031","96030","704","98998","605","80.7","0.6","76.6","1.0","84.8","0.7","15.9","0.6","13.9","0.6","18.0","0.8","106214","610","45412","391","60802","381","72.0","0.9","72.2","1.3","71.9","1.0","16.4","0.7","19.3","1.0","14.2","0.9","36.8","1.5","30.8","1.7","43.2","2.0","20.1","0.8","15.7","1.0","24.2","1.0","15.2","0.8","11.0","1.1","18.2","1.1","5.5","0.6","5.1","0.9","5.7","0.8","28747","806","36659","760","22615","513","16977","611","22178","1156","12816","547","24785","664","34281","1261","17441","479","28846","1120","40238","1354","23518","976","43979","1235","51830","1321","40472","1236","50803","1339","67067","5186","45875","1381","4.4","(X)","(X)","(X)","(X)","(X)",
"5001400US2206","Congressional District 6 (114th Congress), Louisiana","87675","1244","43942","941","43733","921","14.7","1.2","16.0","1.6","13.3","1.6","25.7","1.2","27.4","1.7","23.9","1.9","49.5","1.8","49.1","2.3","50.0","2.8","10.1","0.9","7.4","1.0","12.9","1.5","496496","1967","238446","1256","258050","1266","4.4","0.2","5.0","0.3","3.9","0.3","8.4","0.3","9.2","0.4","7.8","0.4","32.0","0.5","32.4","0.8","31.6","0.6","21.7","0.5","21.3","0.7","22.0","0.7","5.4","0.3","4.7","0.4","6.0","0.4","19.0","0.4","18.7","0.5","19.3","0.6","9.1","0.3","8.7","0.4","9.5","0.4","87.2","0.3","85.9","0.5","88.4","0.4","28.2","0.5","27.5","0.6","28.8","0.6","111513","1240","55393","770","56120","805","88.8","0.8","86.7","1.3","91.0","1.0","33.7","1.1","29.0","1.4","38.4","1.5","99576","1097","48619","817","50957","664","89.3","0.9","87.9","1.3","90.7","1.1","30.7","1.2","27.4","1.6","33.8","1.9","195349","1575","94328","949","101021","918","88.3","0.5","86.4","0.7","90.2","0.6","26.3","0.6","26.6","0.9","26.1","0.8","90058","880","40106","556","49952","582","80.2","0.9","81.1","1.2","79.5","1.1","22.4","1.0","27.5","1.5","18.4","0.9","24.4","1.6","18.7","1.7","30.9","2.4","11.7","0.7","8.5","0.9","14.7","0.9","8.9","0.9","6.2","0.9","11.2","1.1","4.1","0.4","3.4","0.5","4.7","0.6","40292","464","50896","572","31138","580","23874","1403","31389","1772","14813","1002","33347","746","46610","1390","22931","898","36826","824","49354","1857","29409","1096","51349","762","66122","2307","43192","812","59027","2558","75764","2519","51417","1182","5.5","(X)","(X)","(X)","(X)","(X)",
"5001400US2301","Congressional District 1 (114th Congress), Maine","55880","465","28259","340","27621","271","11.1","0.9","12.1","1.2","10.0","1.2","32.7","1.4","35.3","1.8","30.0","2.1","44.2","1.6","42.7","2.0","45.8","2.2","12.0","1.0","9.9","1.2","14.2","1.5","478173","670","227913","424","250260","469","2.6","0.2","2.9","0.2","2.4","0.2","4.5","0.2","5.2","0.3","3.9","0.3","29.3","0.5","30.5","0.6","28.2","0.6","19.9","0.4","19.7","0.5","20.1","0.5","9.1","0.3","8.3","0.4","9.8","0.4","22.1","0.5","21.3","0.6","22.9","0.5","12.5","0.4","12.1","0.4","12.7","0.4","92.8","0.3","91.9","0.4","93.7","0.4","34.6","0.5","33.4","0.7","35.6","0.6","76645","504","38079","329","38566","290","94.8","0.6","93.0","0.9","96.5","0.7","37.1","1.3","31.5","1.6","42.6","1.8","83814","413","41255","264","42559","282","94.8","0.6","94.0","0.8","95.6","0.7","36.6","1.2","31.4","1.6","41.6","1.6","205808","574","99616","370","106192","426","94.6","0.4","93.5","0.5","95.6","0.4","35.1","0.8","33.5","0.9","36.7","0.9","111906","401","48963","234","62943","327","86.8","0.6","86.0","1.0","87.4","0.8","30.3","0.9","36.4","1.3","25.5","1.1","23.5","1.5","22.0","2.0","25.3","2.3","13.4","0.7","11.1","0.9","15.6","0.8","8.8","0.5","7.1","0.7","10.3","0.6","4.4","0.4","4.2","0.5","4.5","0.5","35086","441","41178","563","30219","531","21595","995","24761","1818","16444","1887","27371","476","32577","1007","21994","497","32516","597","39478","1128","27819","835","44098","1033","54408","1508","37019","874","55816","1261","67945","3209","50255","1522","3.3","(X)","(X)","(X)","(X)","(X)",
"5001400US2302","Congressional District 2 (114th Congress), Maine","59318","433","30575","286","28743","296","12.5","0.9","13.9","1.2","11.0","1.2","31.2","1.2","34.3","1.7","27.9","1.7","48.9","1.4","45.6","2.0","52.5","1.9","7.3","0.8","6.1","1.0","8.6","1.1","469786","616","226849","413","242937","492","3.8","0.2","4.3","0.2","3.3","0.2","6.5","0.2","7.4","0.3","5.6","0.3","37.9","0.4","39.5","0.6","36.4","0.5","20.3","0.3","19.5","0.4","21.0","0.5","9.5","0.3","8.2","0.3","10.7","0.4","14.4","0.3","13.6","0.4","15.1","0.4","7.7","0.2","7.5","0.3","7.8","0.3","89.8","0.3","88.3","0.4","91.1","0.3","22.0","0.4","21.1","0.4","23.0","0.5","72042","550","35397","312","36645","368","92.6","0.6","90.1","1.1","95.0","0.7","23.7","1.1","19.7","1.3","27.6","1.4","78377","376","38644","271","39733","248","93.9","0.5","92.6","0.9","95.3","0.6","23.0","1.0","20.3","1.2","25.6","1.3","204801","547","100601","329","104200","379","92.4","0.3","90.7","0.5","94.1","0.4","22.7","0.5","20.8","0.7","24.5","0.7","114566","384","52207","220","62359","298","80.3","0.6","79.3","0.8","81.2","0.9","19.2","0.7","23.1","1.0","16.0","0.8","28.4","1.4","25.9","1.6","31.4","2.1","15.6","0.5","13.1","0.7","18.1","0.6","11.5","0.5","9.0","0.6","13.5","0.7","4.6","0.4","4.0","0.5","5.1","0.6","30395","299","35422","521","25619","307","18697","1515","21719","960","12285","1165","25809","340","31357","512","20464","390","30003","508","37387","733","25258","458","39060","982","44926","1485","34761","820","51268","1167","60345","3691","46466","1511","3.6","(X)","(X)","(X)","(X)","(X)",
"5001400US2401","Congressional District 1 (114th Congress), Maryland","69855","970","35060","711","34795","632","12.2","0.9","14.0","1.2","10.3","1.1","31.4","1.1","36.3","1.7","26.5","1.8","45.9","1.2","41.4","1.8","50.4","2.1","10.5","0.9","8.3","1.2","12.8","1.3","495513","1391","238765","876","256748","989","3.2","0.2","3.4","0.3","2.9","0.2","7.4","0.3","8.3","0.4","6.6","0.3","32.2","0.5","33.3","0.7","31.3","0.6","20.4","0.3","20.1","0.5","20.6","0.4","7.2","0.2","5.9","0.3","8.5","0.3","17.6","0.4","17.6","0.6","17.7","0.5","11.9","0.4","11.5","0.5","12.4","0.4","89.4","0.3","88.3","0.4","90.5","0.4","29.6","0.5","29.0","0.7","30.1","0.6","76404","1135","39283","780","37121","698","90.1","0.8","87.6","1.2","92.8","1.0","31.4","1.5","24.9","1.7","38.3","1.8","86963","999","42662","630","44301","616","92.5","0.7","90.1","1.0","94.8","0.8","33.8","1.3","29.5","1.7","38.0","1.6","214844","980","104191","681","110653","607","91.9","0.4","90.8","0.6","92.9","0.5","30.2","0.6","29.6","0.8","30.7","0.9","117302","655","52629","449","64673","486","82.2","0.7","82.3","1.0","82.1","0.9","24.2","0.9","30.6","1.3","19.0","0.9","21.0","1.6","17.3","1.8","25.0","2.4","9.3","0.6","7.6","0.7","10.8","0.8","6.1","0.5","4.5","0.6","7.4","0.6","2.5","0.3","2.1","0.4","2.9","0.4","42827","483","51117","495","34820","670","24168","1362","29644","1885","16029","1040","32308","571","40513","906","25118","766","41031","683","51533","945","32386","574","56679","1342","70551","2304","46038","1043","71906","1325","91440","3002","61990","1700","5.6","(X)","(X)","(X)","(X)","(X)",
"5001400US2402","Congressional District 2 (114th Congress), Maryland","73177","1608","35815","1048","37362","1247","11.7","1.0","14.1","1.4","9.4","1.3","31.8","1.5","34.6","2.1","29.2","2.0","45.5","1.6","42.7","2.1","48.2","2.3","10.9","0.8","8.6","1.0","13.2","1.3","492846","2596","228130","1669","264716","1871","4.2","0.2","4.3","0.4","4.1","0.3","8.3","0.3","8.8","0.4","7.9","0.4","30.3","0.6","31.2","0.7","29.5","0.7","21.5","0.4","21.3","0.6","21.6","0.6","7.0","0.3","5.9","0.4","8.0","0.4","16.9","0.4","17.1","0.5","16.8","0.5","11.7","0.3","11.3","0.4","12.0","0.5","87.4","0.4","86.8","0.5","88.0","0.5","28.6","0.5","28.4","0.6","28.8","0.6","111021","2017","52750","1355","58271","1264","90.4","0.7","89.2","1.2","91.6","0.8","32.4","1.2","29.2","1.5","35.3","1.6","99455","1705","47165","1025","52290","1051","91.0","0.7","89.6","1.1","92.3","0.9","35.4","1.3","31.9","1.6","38.5","1.5","193909","1784","91632","1248","102277","1114","89.0","0.6","87.5","0.8","90.4","0.7","27.1","0.6","27.3","0.8","27.0","0.9","88461","1151","36583","777","51878","820","76.2","0.9","78.2","1.3","74.7","1.1","19.6","0.7","25.6","1.2","15.3","0.9","20.3","1.5","17.1","1.8","23.2","1.8","12.1","0.7","9.7","0.8","14.1","0.9","7.9","0.6","5.6","0.6","9.7","0.8","3.4","0.4","2.9","0.6","3.7","0.6","43199","527","48512","827","38848","738","23064","1469","27680","2392","17136","1085","33686","642","38332","1209","30276","730","41572","613","48243","1352","36027","1054","56282","1114","66129","1679","50902","1006","72078","1701","85403","2498","64852","1329","7.6","(X)","(X)","(X)","(X)","(X)",
"5001400US2403","Congressional District 3 (114th Congress), Maryland","70597","1986","36006","1242","34591","1386","10.1","0.9","10.9","1.3","9.2","1.1","26.2","1.1","29.1","1.8","23.2","1.3","46.8","1.5","46.1","2.0","47.5","2.0","16.9","1.2","13.9","1.4","20.1","1.7","507439","3184","236907","1915","270532","2085","3.7","0.2","3.9","0.4","3.5","0.3","5.5","0.3","5.7","0.4","5.3","0.3","21.6","0.4","21.6","0.7","21.6","0.5","17.5","0.4","17.7","0.6","17.4","0.4","6.1","0.3","5.1","0.3","6.9","0.4","24.6","0.4","24.4","0.6","24.7","0.5","21.0","0.4","21.6","0.6","20.6","0.5","90.8","0.4","90.4","0.5","91.2","0.4","45.6","0.5","46.0","0.7","45.3","0.6","118325","2293","57383","1367","60942","1515","92.6","0.7","91.1","1.1","94.1","0.8","51.8","1.0","46.6","1.5","56.6","1.3","96555","1802","46747","969","49808","1216","92.7","0.7","92.1","1.0","93.1","0.9","50.8","1.0","48.3","1.4","53.1","1.5","194645","1791","92826","1251","101819","1082","92.5","0.5","91.4","0.8","93.5","0.6","44.1","0.7","44.3","1.0","43.9","1.0","97914","1307","39951","845","57963","902","83.5","0.9","84.8","1.2","82.6","1.1","36.0","1.0","46.2","1.5","29.0","1.2","20.3","1.8","18.2","2.6","22.4","2.0","10.5","0.7","8.9","1.0","11.8","0.9","7.4","0.5","5.1","0.7","9.3","0.9","3.1","0.3","2.7","0.4","3.4","0.4","50337","356","56436","791","43726","619","23187","1041","27477","2077","18679","1517","33982","894","39489","1727","29542","1483","41264","632","50175","1281","35934","915","59452","1534","70156","1947","51793","1060","78603","1841","97324","2535","66753","1125","6.2","(X)","(X)","(X)","(X)","(X)",
"5001400US2404","Congressional District 4 (114th Congress), Maryland","67647","1292","35290","947","32357","802","17.0","1.0","21.3","1.4","12.3","1.3","35.5","1.3","37.6","1.8","33.3","2.0","37.5","1.5","33.4","1.8","41.9","2.1","10.0","0.8","7.7","0.9","12.5","1.5","492461","2293","228425","1645","264036","1511","7.1","0.3","8.7","0.4","5.7","0.3","6.9","0.3","7.9","0.4","6.1","0.3","26.5","0.4","27.4","0.7","25.8","0.6","22.0","0.5","20.6","0.6","23.3","0.6","6.2","0.3","5.2","0.3","7.0","0.4","18.8","0.4","18.3","0.6","19.2","0.6","12.5","0.3","11.9","0.5","12.9","0.4","86.0","0.3","83.4","0.5","88.2","0.4","31.2","0.4","30.2","0.6","32.1","0.6","110613","1532","54255","1043","56358","1028","83.9","0.7","79.3","1.2","88.3","0.8","31.0","1.0","25.5","1.3","36.2","1.4","104069","1522","50265","967","53804","924","84.9","0.8","80.5","1.1","88.9","0.9","33.5","1.0","29.4","1.1","37.4","1.4","197230","1247","89935","920","107295","713","89.2","0.4","87.9","0.6","90.3","0.6","32.2","0.7","32.6","0.9","31.9","0.9","80549","949","33970","656","46579","661","82.2","0.9","82.3","1.3","82.2","1.1","26.2","0.8","32.6","1.5","21.5","1.0","15.7","1.1","11.5","1.3","20.8","1.9","8.6","0.6","6.6","0.8","10.4","0.8","6.7","0.5","6.1","0.7","7.1","0.7","3.3","0.4","2.9","0.5","3.6","0.5","44771","597","46691","812","43058","798","25438","690","28628","1191","19607","1305","36083","530","39577","1292","32322","1001","44628","913","47607","1607","42998","1130","60982","873","70909","2299","53901","1262","80465","1255","93724","3839","72977","2231","6.7","(X)","(X)","(X)","(X)","(X)",
"5001400US2405","Congressional District 5 (114th Congress), Maryland","81814","1228","42092","831","39722","813","9.3","0.8","10.6","1.1","7.9","1.0","25.9","1.0","29.0","1.5","22.5","1.4","54.6","1.4","52.6","2.0","56.7","1.7","10.3","0.7","7.8","1.0","12.8","1.1","482233","2290","230480","1696","251753","1387","3.3","0.2","3.6","0.3","3.0","0.3","5.7","0.3","6.7","0.4","4.8","0.3","27.9","0.5","29.1","0.7","26.8","0.6","23.3","0.4","23.0","0.6","23.6","0.6","6.8","0.3","5.8","0.3","7.7","0.4","19.1","0.5","18.4","0.6","19.6","0.6","13.9","0.4","13.4","0.5","14.4","0.5","91.0","0.3","89.7","0.5","92.2","0.4","33.0","0.7","31.8","0.8","34.1","0.8","89677","1340","44928","931","44749","885","91.7","0.7","90.1","1.0","93.3","0.9","35.4","1.3","30.9","1.5","40.0","1.8","98118","1424","46491","911","51627","830","92.9","0.7","91.6","1.0","94.0","0.7","36.8","1.3","34.0","1.7","39.3","1.5","211875","1300","102051","896","109824","743","92.9","0.4","91.2","0.7","94.5","0.6","32.7","0.9","31.4","1.1","33.9","1.1","82563","822","37010","487","45553","587","83.2","0.8","82.7","1.3","83.6","0.9","26.6","1.1","31.5","1.6","22.6","1.1","16.4","1.4","12.2","1.5","21.3","2.2","7.3","0.5","5.8","0.6","8.8","0.8","4.5","0.4","3.4","0.5","5.5","0.6","2.3","0.3","1.9","0.4","2.7","0.4","53269","490","58819","1163","48310","787","27144","946","31400","958","21734","2031","41334","635","47114","1219","34595","1266","52165","800","59819","1535","44526","1023","68353","2273","80035","1717","59086","2130","84960","1852","99973","2540","75587","1493","5.3","(X)","(X)","(X)","(X)","(X)",
"5001400US2406","Congressional District 6 (114th Congress), Maryland","63246","1297","33818","925","29428","894","13.6","1.1","16.6","1.5","10.1","1.3","28.6","1.3","30.8","1.9","26.0","1.8","45.4","1.3","42.5","1.8","48.7","1.9","12.4","0.8","10.0","1.1","15.2","1.3","501440","2344","242775","1617","258665","1428","3.9","0.2","3.9","0.3","3.9","0.3","6.2","0.3","7.0","0.4","5.6","0.4","24.4","0.4","25.1","0.7","23.7","0.5","18.4","0.4","18.1","0.5","18.6","0.5","6.9","0.3","5.4","0.3","8.3","0.4","21.5","0.4","20.6","0.5","22.3","0.5","18.8","0.4","20.0","0.5","17.6","0.5","89.9","0.3","89.2","0.4","90.5","0.4","40.2","0.5","40.5","0.7","39.9","0.6","98620","1476","50169","1032","48451","804","89.9","0.8","88.5","1.1","91.4","1.1","38.9","1.2","35.8","1.4","42.1","1.7","104302","1383","52469","792","51833","920","91.3","0.8","90.0","1.0","92.6","0.8","44.5","1.1","40.4","1.3","48.6","1.5","205587","1395","99965","1062","105622","737","91.9","0.4","91.0","0.5","92.8","0.6","42.4","0.9","43.0","1.0","41.9","1.0","92931","855","40172","564","52759","579","83.7","0.7","84.6","1.1","83.1","1.0","31.8","0.9","40.5","1.3","25.3","1.1","19.2","1.4","13.9","2.1","24.2","2.1","9.9","0.7","8.5","0.9","11.2","0.9","8.0","0.6","6.6","0.8","9.1","0.8","2.7","0.3","2.4","0.3","3.0","0.4","46093","603","53828","775","38283","763","23057","1233","27074","1187","17838","1370","30622","676","36271","928","24760","732","39451","873","46676","1200","32990","1329","58989","1369","72737","2320","49901","1534","87101","1462","103734","1358","71569","1896","4.9","(X)","(X)","(X)","(X)","(X)",
"5001400US2407","Congressional District 7 (114th Congress), Maryland","80466","1634","40500","1146","39966","1174","15.2","0.9","17.7","1.6","12.6","1.3","29.9","1.3","31.1","1.7","28.6","1.9","42.7","1.5","40.9","2.2","44.5","2.1","12.3","0.9","10.3","1.3","14.3","1.1","484244","2720","224137","1671","260107","1799","4.2","0.2","4.5","0.3","3.9","0.2","9.6","0.3","10.1","0.5","9.3","0.3","25.7","0.5","26.3","0.6","25.1","0.6","19.2","0.4","18.2","0.5","20.1","0.6","5.2","0.2","4.2","0.3","6.1","0.3","19.3","0.4","19.3","0.6","19.3","0.5","16.7","0.4","17.5","0.5","16.1","0.5","86.2","0.4","85.5","0.5","86.8","0.5","36.0","0.5","36.7","0.7","35.4","0.5","100625","1647","48773","1063","51852","1193","88.4","0.8","86.5","1.3","90.1","1.1","40.2","1.2","36.9","1.7","43.4","1.4","87001","1375","41120","831","45881","987","89.3","0.8","88.6","1.1","90.0","1.1","41.1","1.1","39.5","1.6","42.5","1.5","199807","1492","94060","895","105747","972","88.3","0.5","87.2","0.8","89.4","0.6","35.8","0.7","36.5","0.9","35.2","0.8","96811","1034","40184","703","56627","700","76.5","0.7","76.9","1.1","76.3","1.0","27.6","0.8","34.3","1.3","22.8","0.9","33.3","1.3","28.1","1.7","38.1","2.0","19.4","0.9","17.9","1.2","20.8","1.2","13.4","0.7","11.8","1.2","14.5","0.9","4.5","0.4","4.3","0.6","4.6","0.5","42327","543","48681","1211","37818","861","20783","754","22642","1844","17743","1678","30428","618","32249","1086","27675","1164","36832","724","43255","1246","32515","927","54755","1123","65037","1791","49653","2038","78017","2630","97363","3232","64298","2661","7.6","(X)","(X)","(X)","(X)","(X)",
"5001400US2408","Congressional District 8 (114th Congress), Maryland","58805","1366","30270","1016","28535","847","12.7","1.1","15.0","1.6","10.3","1.5","24.7","1.4","26.9","2.1","22.5","1.9","43.3","1.6","42.5","2.2","44.3","2.3","19.2","1.2","15.7","1.5","23.0","1.6","517017","2291","244884","1608","272133","1531","4.7","0.3","5.0","0.4","4.4","0.3","4.3","0.2","4.6","0.3","3.9","0.3","17.8","0.4","17.5","0.5","18.0","0.5","14.9","0.3","14.6","0.4","15.2","0.4","5.4","0.2","4.5","0.3","6.3","0.3","24.2","0.5","23.5","0.7","24.8","0.5","28.8","0.4","30.3","0.6","27.4","0.5","91.1","0.4","90.4","0.5","91.7","0.4","53.0","0.5","53.8","0.6","52.2","0.5","95576","1612","47843","1070","47733","993","90.4","0.9","88.8","1.3","92.1","1.0","54.5","1.2","49.7","1.6","59.3","1.7","102227","1478","49270","863","52957","1005","91.3","0.8","89.0","1.0","93.5","0.8","56.9","1.1","53.6","1.3","60.0","1.5","211688","1325","101860","1019","109828","834","93.2","0.3","92.8","0.4","93.6","0.4","54.2","0.7","55.0","0.9","53.5","0.9","107526","950","45911","671","61615","707","87.3","0.7","88.5","0.9","86.4","0.8","45.4","0.8","55.7","1.2","37.7","1.0","16.6","1.5","12.7","1.7","20.6","1.9","9.3","0.8","7.1","0.8","11.2","1.3","6.1","0.5","5.6","0.9","6.5","0.6","2.7","0.2","2.3","0.3","3.0","0.3","53433","510","63077","1143","45090","972","24191","1240","27222","1134","18441","1728","31811","840","37735","1651","26189","962","41507","697","51507","1571","33869","1293","62183","1046","76171","1459","51409","815","91912","1426","110217","2120","72587","1584","4.3","(X)","(X)","(X)","(X)","(X)",
"5001400US2501","Congressional District 1 (114th Congress), Massachusetts","75349","998","37268","589","38081","651","16.5","1.1","19.4","1.5","13.7","1.4","29.3","1.2","32.9","1.9","25.7","1.7","45.4","1.4","40.4","2.1","50.3","1.8","8.8","0.7","7.3","1.0","10.3","1.0","496298","947","233004","747","263294","611","5.2","0.2","5.4","0.4","5.0","0.3","8.1","0.3","8.8","0.4","7.4","0.3","30.8","0.4","32.5","0.6","29.2","0.6","18.8","0.4","18.8","0.5","18.8","0.5","9.4","0.3","7.9","0.4","10.8","0.4","16.5","0.4","16.0","0.5","17.0","0.4","11.2","0.3","10.6","0.4","11.8","0.4","86.7","0.3","85.8","0.6","87.6","0.4","27.7","0.5","26.6","0.6","28.7","0.5","84304","753","41260","532","43044","448","88.4","0.8","86.7","1.4","89.9","0.9","29.0","1.2","24.1","1.4","33.7","1.6","87470","701","42033","481","45437","430","89.3","0.8","87.3","1.2","91.1","0.9","30.9","1.1","26.9","1.4","34.6","1.4","209794","792","101000","552","108794","531","88.9","0.4","87.6","0.7","90.1","0.5","28.8","0.6","27.1","0.8","30.3","0.9","114730","555","48711","454","66019","376","79.6","0.8","79.7","1.1","79.4","1.0","22.4","0.8","27.2","1.1","18.8","1.0","29.7","1.5","25.4","1.6","34.1","2.0","12.9","0.7","10.1","0.8","15.8","1.1","10.1","0.6","7.5","0.8","12.1","0.9","4.0","0.4","3.2","0.4","4.7","0.5","38158","462","44964","624","32073","360","22668","1173","27192","1444","17348","1840","31295","447","37707","1054","24615","899","36558","558","45596","1299","30961","627","48880","1065","57277","2228","41274","991","62229","1085","75749","2595","55718","1607","5.8","(X)","(X)","(X)","(X)","(X)",
"5001400US2502","Congressional District 2 (114th Congress), Massachusetts","94131","1290","46296","799","47835","869","8.2","0.7","10.2","1.1","6.3","0.9","24.1","1.1","26.8","1.3","21.5","1.6","56.2","1.4","52.3","1.9","60.0","1.9","11.4","0.9","10.7","1.1","12.1","1.2","484933","1527","231677","1167","253256","1092","3.8","0.2","3.8","0.3","3.9","0.3","5.9","0.3","6.3","0.3","5.6","0.3","27.7","0.5","29.4","0.6","26.2","0.6","17.3","0.4","16.5","0.5","17.9","0.5","8.8","0.3","7.5","0.4","9.9","0.4","21.3","0.3","21.5","0.5","21.0","0.6","15.3","0.3","15.1","0.5","15.4","0.4","90.3","0.4","90.0","0.5","90.6","0.4","36.5","0.5","36.6","0.6","36.5","0.6","86330","1157","42872","788","43458","777","92.2","0.9","90.6","1.2","93.8","1.1","41.4","1.3","36.6","1.6","46.1","2.0","92177","1011","44790","658","47387","611","92.6","0.6","92.0","0.8","93.1","0.9","42.0","1.0","40.3","1.5","43.7","1.2","207847","1213","102020","815","105827","819","92.5","0.4","92.1","0.6","92.9","0.5","37.2","0.7","37.0","0.8","37.3","1.0","98579","856","41995","613","56584","687","81.7","0.7","81.9","1.1","81.7","0.9","25.7","0.8","31.5","1.2","21.4","1.0","27.3","1.8","23.4","2.1","31.2","2.4","11.7","0.7","9.8","0.9","13.7","1.0","8.3","0.7","6.6","0.8","9.6","0.9","4.5","0.4","3.9","0.5","5.0","0.5","42616","443","51072","551","35749","580","22298","1006","27432","2801","17694","1507","32919","811","40683","749","25747","793","37883","933","45552","1448","32511","792","54143","1169","67286","2132","44941","1361","68273","1653","81658","2046","60393","1225","4.9","(X)","(X)","(X)","(X)","(X)",
"5001400US2503","Congressional District 3 (114th Congress), Massachusetts","67038","1637","36094","1180","30944","1186","15.7","1.2","18.6","1.6","12.4","1.6","33.0","1.4","35.9","2.0","29.6","1.7","37.7","1.5","34.8","2.0","41.1","1.9","13.6","0.9","10.8","1.1","16.8","1.4","501032","2193","242476","1630","258556","1798","6.1","0.2","5.7","0.3","6.5","0.3","6.4","0.3","6.7","0.4","6.1","0.4","26.7","0.5","28.5","0.6","25.1","0.7","16.7","0.4","16.4","0.5","16.9","0.5","7.9","0.3","6.4","0.3","9.3","0.4","20.8","0.4","20.6","0.6","20.9","0.5","15.4","0.3","15.7","0.4","15.1","0.4","87.5","0.4","87.6","0.5","87.4","0.5","36.2","0.5","36.3","0.6","36.0","0.6","92868","2093","47023","1369","45845","1170","89.1","0.8","88.5","1.1","89.8","1.1","34.9","1.3","29.6","1.7","40.3","1.6","99271","1718","48504","1103","50767","1024","90.0","0.8","89.4","1.1","90.5","1.0","41.5","1.2","40.4","1.5","42.6","1.4","215181","1907","106533","1350","108648","1235","89.3","0.6","88.9","0.7","89.8","0.6","38.9","0.8","39.0","0.9","38.8","1.0","93712","1193","40416","792","53296","938","78.9","0.8","80.7","1.0","77.5","1.2","25.5","0.9","32.2","1.2","20.5","1.0","26.4","1.5","22.1","1.9","30.2","2.1","12.3","0.7","10.2","0.9","14.5","1.0","8.2","0.6","6.4","0.7","9.6","0.9","3.3","0.3","2.9","0.4","3.8","0.5","43863","632","53069","778","35878","601","22453","1040","25414","1397","20482","801","32839","857","39906","1044","25470","783","39266","980","47585","1503","33186","1127","60299","1172","76979","2289","45176","1636","78834","1685","104838","2189","64592","1616","5.7","(X)","(X)","(X)","(X)","(X)",
"5001400US2504","Congressional District 4 (114th Congress), Massachusetts","69095","1639","32674","1116","36421","1082","9.6","0.9","11.9","1.4","7.6","1.2","28.6","1.3","31.2","2.2","26.3","1.9","45.8","1.6","42.5","2.6","48.7","1.9","16.0","1.1","14.4","1.4","17.5","1.6","497030","1938","234766","1530","262264","1365","3.4","0.2","3.4","0.2","3.4","0.2","4.3","0.2","4.5","0.3","4.1","0.3","21.6","0.5","22.4","0.7","20.9","0.5","14.5","0.3","14.2","0.4","14.9","0.4","7.4","0.3","6.3","0.3","8.4","0.4","25.2","0.4","25.3","0.6","25.2","0.6","23.5","0.4","23.9","0.6","23.1","0.4","92.3","0.3","92.1","0.3","92.5","0.3","48.7","0.5","49.2","0.6","48.3","0.6","78686","1613","37725","981","40961","1098","95.1","0.7","93.8","1.0","96.2","0.7","54.5","1.3","48.6","1.9","59.9","1.5","100260","1342","48397","887","51863","919","95.1","0.5","94.6","0.6","95.5","0.7","56.0","1.1","53.8","1.6","58.0","1.3","215969","1707","104468","1015","111501","1147","94.1","0.4","93.7","0.5","94.5","0.4","49.9","0.6","50.1","0.9","49.6","0.8","102115","1186","44176","794","57939","908","83.6","0.8","84.1","1.0","83.2","1.0","34.7","0.9","42.6","1.3","28.7","1.0","19.4","1.5","16.9","1.9","21.7","2.1","8.9","0.7","6.8","0.9","10.9","0.9","7.0","0.6","6.2","0.8","7.7","0.8","2.7","0.3","2.1","0.3","3.3","0.4","52500","564","64597","1018","42388","596","25357","1445","30573","2696","21370","1513","34824","989","42486","1156","26575","803","42219","987","51367","1097","35411","1066","63313","1376","81468","2117","50047","1431","84494","1698","109459","3242","67509","1445","4.6","(X)","(X)","(X)","(X)","(X)",
"5001400US2505","Congressional District 5 (114th Congress), Massachusetts","69739","1470","34783","1119","34956","1117","8.1","0.8","9.3","1.3","6.9","1.1","26.2","1.1","28.0","1.7","24.5","1.4","44.5","1.6","44.2","2.2","44.8","1.9","21.2","1.2","18.6","1.5","23.8","1.6","524203","1986","247786","1755","276417","1730","3.8","0.3","3.9","0.3","3.7","0.3","3.7","0.2","3.7","0.3","3.8","0.3","20.6","0.4","20.7","0.6","20.6","0.5","12.9","0.4","12.8","0.5","13.0","0.4","5.9","0.2","5.0","0.3","6.6","0.3","26.8","0.5","27.1","0.6","26.5","0.6","26.3","0.4","26.7","0.5","25.9","0.5","92.5","0.3","92.4","0.4","92.6","0.4","53.1","0.5","53.9","0.7","52.4","0.7","113949","1865","55901","1199","58048","1443","95.8","0.6","95.0","0.8","96.6","0.6","64.8","1.1","60.5","1.7","68.9","1.5","102932","1836","52043","1377","50889","1024","94.5","0.7","94.0","1.0","95.0","0.8","60.5","1.2","58.0","1.6","63.1","1.6","200335","1786","95424","1063","104911","1200","93.6","0.4","93.3","0.6","93.8","0.5","51.6","0.9","52.2","1.1","51.1","1.1","106987","1456","44418","995","62569","949","84.9","0.8","85.1","1.1","84.7","1.0","36.3","0.9","44.3","1.3","30.6","1.1","19.6","1.7","17.1","2.3","21.9","2.0","10.8","0.8","8.9","1.0","12.5","1.1","7.6","0.7","5.9","0.9","9.0","0.9","4.4","0.3","4.0","0.4","4.9","0.5","51165","467","60511","793","42603","830","23428","1955","27479","2437","18626","2127","32164","784","38158","1675","25494","1540","40765","779","47752","2383","34318","1233","59810","1471","73286","1771","48916","1644","78210","1704","98082","2189","62589","1444","5.8","(X)","(X)","(X)","(X)","(X)",
"5001400US2506","Congressional District 6 (114th Congress), Massachusetts","62731","881","31474","713","31257","707","12.9","1.1","14.7","1.7","11.1","1.4","30.2","1.5","33.0","2.2","27.3","2.0","40.3","1.6","38.0","2.1","42.6","2.2","16.7","1.0","14.3","1.4","19.0","1.5","520165","1243","245527","1154","274638","1158","3.4","0.2","3.4","0.2","3.3","0.2","4.1","0.2","4.5","0.3","3.8","0.3","25.8","0.4","26.2","0.6","25.4","0.5","17.1","0.4","17.1","0.5","17.2","0.5","8.3","0.3","6.4","0.3","10.1","0.4","24.6","0.4","25.4","0.5","23.9","0.5","16.7","0.3","17.0","0.5","16.4","0.4","92.5","0.3","92.0","0.4","93.0","0.3","41.3","0.5","42.4","0.6","40.3","0.6","84065","1356","41883","885","42182","913","92.9","0.7","91.0","1.1","94.7","0.7","47.0","1.3","41.1","1.6","52.8","1.8","94404","1238","45608","808","48796","695","95.0","0.6","94.0","0.8","95.9","0.6","50.5","1.2","48.6","1.5","52.2","1.5","225143","1213","108886","818","116257","825","94.6","0.4","93.9","0.5","95.2","0.5","42.6","0.7","43.4","1.0","41.8","0.9","116553","976","49150","632","67403","741","86.3","0.6","87.0","0.8","85.8","0.9","27.2","0.8","35.5","1.3","21.2","1.0","23.3","1.8","19.5","2.1","27.1","2.6","8.9","0.6","7.1","0.8","10.5","0.7","6.3","0.5","4.2","0.7","7.8","0.7","3.1","0.3","2.6","0.3","3.6","0.4","49788","682","60167","881","40478","526","25472","1158","30030","2188","19184","1899","36168","749","43878","1128","27338","1311","41817","632","51719","908","35125","1055","61306","879","76621","1413","48742","1726","76958","1230","100246","1971","65073","1044","4.7","(X)","(X)","(X)","(X)","(X)",
"5001400US2507","Congressional District 7 (114th Congress), Massachusetts","132282","1459","63568","1027","68714","1090","7.8","0.6","9.6","0.8","6.1","0.7","20.9","0.9","22.6","1.3","19.3","1.0","52.3","1.2","49.9","1.8","54.5","1.5","19.1","0.9","17.9","1.3","20.1","1.1","484321","2356","230628","1993","253693","1648","9.3","0.4","8.9","0.5","9.7","0.4","7.5","0.3","7.7","0.4","7.4","0.3","24.0","0.5","24.3","0.7","23.7","0.6","14.3","0.4","14.0","0.6","14.5","0.5","4.6","0.2","3.9","0.3","5.3","0.3","21.5","0.4","22.4","0.6","20.7","0.5","18.7","0.4","18.7","0.6","18.7","0.5","83.2","0.5","83.5","0.6","82.9","0.5","40.2","0.5","41.2","0.8","39.4","0.6","160344","2068","79542","1518","80802","1294","91.8","0.6","91.3","0.8","92.3","0.7","58.9","1.0","56.9","1.3","60.8","1.2","95731","1776","47252","1327","48479","962","85.2","1.0","84.3","1.3","86.1","1.1","40.0","1.2","41.3","1.5","38.7","1.5","153272","1660","73164","1133","80108","1017","80.8","0.7","80.3","1.0","81.2","0.9","29.8","0.8","30.0","1.2","29.5","1.0","74974","1192","30670","758","44304","764","67.1","1.0","69.6","1.7","65.4","1.3","22.1","1.0","26.8","1.6","18.8","1.1","30.1","1.4","25.0","1.8","34.4","1.8","19.4","0.9","15.2","1.1","23.4","1.4","16.7","1.0","13.9","1.5","19.1","1.2","8.7","0.5","8.1","0.7","9.4","0.8","39551","625","41802","616","36771","750","21500","500","25719","793","18428","651","28890","915","32259","759","24955","1212","33931","932","35439","993","32663","1031","50895","797","55509","1497","46996","1436","62152","1065","68981","3180","58129","1352","9.5","(X)","(X)","(X)","(X)","(X)",
"5001400US2508","Congressional District 8 (114th Congress), Massachusetts","62493","1533","31848","1036","30645","1007","10.9","1.1","13.6","1.7","8.2","1.2","27.2","1.5","29.4","2.0","25.0","1.8","38.6","1.5","36.9","2.1","40.3","2.0","23.2","1.3","20.2","1.7","26.4","1.7","530244","2089","250241","1888","280003","1582","3.9","0.2","3.8","0.3","3.9","0.3","4.6","0.2","5.0","0.3","4.2","0.3","24.8","0.5","25.9","0.6","23.9","0.5","15.8","0.3","16.0","0.5","15.6","0.4","8.0","0.3","6.5","0.4","9.2","0.3","26.1","0.4","26.3","0.6","26.0","0.5","16.9","0.4","16.6","0.5","17.1","0.4","91.5","0.3","91.2","0.4","91.8","0.4","43.0","0.5","42.9","0.7","43.1","0.6","116437","2079","56919","1286","59518","1349","95.8","0.5","95.2","0.7","96.4","0.6","60.0","1.2","55.6","1.6","64.3","1.6","98086","1361","47738","902","50348","906","94.4","0.6","93.6","0.8","95.2","0.8","50.8","1.3","48.0","1.6","53.5","1.4","204710","1364","99372","1030","105338","887","91.7","0.5","91.2","0.6","92.3","0.6","38.3","0.9","37.3","0.9","39.3","1.1","111011","1078","46212","764","64799","796","84.1","0.8","83.9","1.1","84.3","1.0","26.7","1.0","33.8","1.3","21.7","1.2","21.0","1.7","17.1","1.9","24.6","2.4","10.1","0.7","8.8","0.9","11.3","0.8","7.6","0.5","6.1","0.6","8.7","0.7","3.6","0.4","3.1","0.4","4.1","0.5","50011","613","55727","1026","43253","687","22152","1276","26903","2100","19052","1634","33949","921","40922","951","27756","1362","42062","772","50131","1593","36107","942","60342","955","70368","1634","52185","894","75581","1191","91598","2029","65592","1469","5.3","(X)","(X)","(X)","(X)","(X)",
"5001400US2509","Congressional District 9 (114th Congress), Massachusetts","60475","1116","31671","736","28804","774","13.1","1.1","15.4","1.6","10.6","1.2","35.3","2.0","40.7","2.5","29.3","2.3","41.0","1.8","36.5","2.1","46.0","2.5","10.6","1.0","7.4","1.0","14.1","1.5","523120","1764","245819","1431","277301","1122","5.4","0.3","5.5","0.3","5.3","0.3","5.9","0.3","6.5","0.4","5.4","0.3","28.1","0.5","29.9","0.6","26.5","0.6","19.1","0.5","18.4","0.6","19.7","0.6","9.1","0.3","7.6","0.3","10.4","0.4","20.1","0.4","20.2","0.5","20.0","0.5","12.3","0.3","11.9","0.4","12.7","0.4","88.7","0.4","87.9","0.6","89.3","0.3","32.4","0.5","32.1","0.6","32.7","0.6","75551","1448","38300","920","37251","874","89.9","0.9","87.7","1.3","92.2","1.1","30.2","1.2","23.9","1.4","36.7","1.8","86918","1162","42243","761","44675","735","92.2","0.7","90.8","1.1","93.5","0.8","35.1","1.2","32.7","1.5","37.3","1.7","220712","1386","105423","968","115289","789","90.6","0.5","89.1","0.8","91.9","0.6","33.7","0.7","32.3","0.9","35.0","0.9","139939","998","59853","663","80086","671","82.9","0.6","84.0","1.0","82.0","0.7","29.9","0.8","36.6","1.1","24.9","1.0","23.5","1.7","19.4","2.0","27.6","2.2","11.1","0.7","9.1","0.7","13.2","1.1","7.5","0.6","5.9","0.8","8.8","0.7","3.9","0.3","3.5","0.5","4.3","0.4","40781","503","48932","998","33408","610","25084","1224","29738","1852","19635","1373","32138","559","40220","860","25143","772","38325","1060","47647","1505","31602","700","53350","1120","65442","1664","44348","1596","66951","1478","80769","2705","60513","1230","5.5","(X)","(X)","(X)","(X)","(X)",
"5001400US2601","Congressional District 1 (114th Congress), Michigan","61844","421","33912","301","27932","271","14.9","0.9","17.7","1.3","11.6","1.2","30.2","1.3","33.5","1.9","26.2","1.5","49.0","1.3","44.3","1.8","54.7","1.8","5.9","0.5","4.5","0.7","7.5","0.8","504997","541","253134","455","251863","382","2.6","0.1","3.0","0.2","2.1","0.2","6.6","0.2","7.4","0.2","5.8","0.2","35.4","0.3","36.2","0.5","34.6","0.5","23.6","0.3","23.4","0.4","23.9","0.3","9.2","0.2","7.5","0.2","10.8","0.3","14.4","0.3","14.1","0.4","14.6","0.3","8.3","0.2","8.4","0.2","8.2","0.3","90.8","0.2","89.5","0.3","92.1","0.2","22.7","0.3","22.5","0.4","22.8","0.4","72438","524","39032","443","33406","265","90.8","0.7","88.9","1.0","92.9","0.8","22.2","0.9","18.6","1.2","26.4","1.0","76511","545","40020","433","36491","255","93.1","0.5","90.9","0.8","95.4","0.5","25.2","0.9","21.9","1.1","28.9","1.2","216067","488","108794","353","107273","277","93.3","0.3","92.0","0.4","94.6","0.3","22.4","0.5","21.9","0.6","22.9","0.6","139981","269","65288","146","74693","216","85.8","0.4","85.0","0.6","86.4","0.5","21.9","0.5","26.1","0.7","18.3","0.6","24.8","1.2","23.1","1.5","27.0","1.7","14.7","0.4","13.4","0.6","16.0","0.6","10.8","0.4","8.8","0.5","12.5","0.6","5.1","0.4","4.3","0.5","5.8","0.5","27453","268","33671","486","22786","383","16364","818","19493","1353","12354","973","22652","444","28287","782","18186","563","26776","329","33846","773","22452","434","39955","842","47975","1629","31646","754","54337","1213","64673","2243","49023","1913","4.4","(X)","(X)","(X)","(X)","(X)",
"5001400US2602","Congressional District 2 (114th Congress), Michigan","77433","866","38385","620","39048","527","13.7","0.9","16.3","1.5","11.2","1.0","28.1","1.1","32.0","1.7","24.3","1.4","49.9","1.3","44.7","1.8","55.1","1.8","8.2","0.7","6.9","0.9","9.5","1.2","461188","963","224736","725","236452","841","3.8","0.2","4.1","0.3","3.5","0.2","7.2","0.3","7.7","0.4","6.7","0.3","32.4","0.4","33.1","0.6","31.8","0.5","23.3","0.4","23.0","0.5","23.5","0.5","9.3","0.3","8.1","0.4","10.5","0.4","16.1","0.3","16.0","0.5","16.1","0.4","7.9","0.3","7.9","0.4","7.8","0.3","89.0","0.3","88.1","0.4","89.8","0.4","24.0","0.3","24.0","0.5","24.0","0.4","90480","957","46062","700","44418","599","90.6","0.7","88.6","1.1","92.6","0.8","28.0","1.0","24.8","1.2","31.4","1.5","86019","880","43306","603","42713","510","89.3","0.7","88.2","1.0","90.4","1.0","28.6","0.9","26.1","1.1","31.2","1.3","188510","852","92728","569","95782","589","91.6","0.5","90.5","0.7","92.6","0.5","22.6","0.6","22.8","0.8","22.5","0.6","96179","468","42640","367","53539","385","82.2","0.7","82.4","1.0","82.0","1.0","18.5","0.7","23.4","1.0","14.7","0.8","25.3","1.7","22.5","2.3","28.4","1.8","13.5","0.7","12.4","0.8","14.4","1.0","10.3","0.5","7.8","0.5","12.4","0.7","3.8","0.4","3.1","0.5","4.4","0.6","31925","341","39861","615","25329","332","19648","1237","24051","1608","13097","1035","26063","371","31700","634","20160","607","31095","488","40912","729","24031","844","43873","1101","55656","1732","34897","1252","60960","1330","67949","2839","54520","1862","4.9","(X)","(X)","(X)","(X)","(X)",
"5001400US2603","Congressional District 3 (114th Congress), Michigan","67805","872","34616","608","33189","536","15.3","0.8","19.7","1.4","10.7","1.0","28.6","1.3","31.6","1.8","25.5","1.7","45.9","1.4","40.1","1.9","51.9","2.1","10.2","1.0","8.6","1.2","11.9","1.3","466193","1044","226010","837","240183","804","3.8","0.2","4.1","0.3","3.5","0.2","6.6","0.2","7.3","0.3","5.9","0.3","29.1","0.5","29.5","0.6","28.8","0.6","23.3","0.4","23.3","0.6","23.3","0.6","8.9","0.3","7.6","0.4","10.2","0.4","18.4","0.4","17.9","0.5","18.8","0.5","10.0","0.3","10.4","0.4","9.6","0.4","89.7","0.2","88.7","0.4","90.6","0.3","28.4","0.4","28.3","0.5","28.4","0.5","93814","960","46223","733","47591","578","89.3","0.7","87.4","1.0","91.0","0.8","30.9","0.9","26.6","1.2","35.2","1.2","89505","788","45120","570","44385","503","90.4","0.7","89.3","0.9","91.6","0.8","33.1","1.2","30.5","1.2","35.8","1.6","190215","834","94239","556","95976","505","91.9","0.4","91.0","0.6","92.8","0.5","28.2","0.6","28.9","0.8","27.4","0.9","92659","440","40428","358","52231","381","84.7","0.5","83.9","0.9","85.3","0.7","21.5","0.8","26.4","1.2","17.8","0.9","29.8","1.5","25.9","1.9","34.2","1.9","14.2","0.7","12.4","0.9","15.9","0.9","10.7","0.5","8.9","0.7","12.2","0.6","3.5","0.4","3.1","0.4","3.9","0.5","33698","396","40752","422","27597","507","17668","1143","21035","1162","14498","1191","26608","483","32078","611","20895","559","31760","423","39397","1085","26476","508","45453","1019","57033","2100","36577","1061","64454","1067","76934","2215","54728","2234","4.4","(X)","(X)","(X)","(X)","(X)",
"5001400US2604","Congressional District 4 (114th Congress), Michigan","83565","605","42442","438","41123","412","11.7","0.7","13.8","1.0","9.5","0.9","27.4","1.0","30.3","1.4","24.4","1.4","55.5","1.2","51.8","1.9","59.3","1.7","5.4","0.6","4.2","0.7","6.8","1.0","469460","723","231593","636","237867","540","2.9","0.1","3.4","0.2","2.5","0.2","7.4","0.2","8.4","0.3","6.5","0.3","35.8","0.4","36.8","0.5","34.9","0.5","24.2","0.4","24.0","0.5","24.3","0.5","9.5","0.2","7.9","0.3","11.1","0.3","12.7","0.3","12.0","0.4","13.3","0.4","7.4","0.2","7.5","0.3","7.3","0.3","89.6","0.2","88.3","0.3","90.9","0.3","20.1","0.4","19.5","0.4","20.6","0.4","76041","669","39565","465","36476","391","90.8","0.6","88.6","0.9","93.2","0.7","23.6","0.9","20.2","1.2","27.3","1.2","79926","546","40753","447","39173","276","92.3","0.5","90.5","0.7","94.2","0.7","24.5","0.8","20.9","1.0","28.1","1.1","197756","622","98562","448","99194","420","92.0","0.3","90.7","0.5","93.3","0.4","19.9","0.5","19.3","0.7","20.6","0.6","115737","410","52713","293","63024","281","82.9","0.5","81.8","0.8","83.8","0.8","14.9","0.5","18.1","0.7","12.2","0.7","26.0","1.2","24.5","1.5","27.9","1.5","14.3","0.5","12.5","0.6","16.2","0.7","11.7","0.5","8.9","0.6","14.1","0.7","4.8","0.4","4.6","0.7","5.1","0.5","30847","259","37052","529","25123","314","17858","1027","21266","1038","13072","1262","25001","464","30983","562","18826","597","29428","598","37512","1002","23494","629","46234","1231","56079","1779","38411","1446","63739","1380","72426","2239","57279","2076","4.5","(X)","(X)","(X)","(X)","(X)",
"5001400US2605","Congressional District 5 (114th Congress), Michigan","63585","512","31905","346","31680","378","19.1","1.0","21.8","1.6","16.4","1.5","31.8","1.2","34.9","1.7","28.7","1.8","43.4","1.5","39.5","1.9","47.3","2.3","5.7","0.7","3.8","0.8","7.6","1.2","470272","595","221724","511","248548","493","3.0","0.1","3.1","0.2","2.9","0.2","8.8","0.3","9.5","0.4","8.1","0.3","34.4","0.4","36.2","0.6","32.8","0.6","26.0","0.4","25.5","0.6","26.5","0.6","9.6","0.2","7.8","0.3","11.1","0.3","11.7","0.2","11.5","0.3","11.9","0.4","6.6","0.2","6.4","0.3","6.7","0.3","88.2","0.3","87.4","0.5","88.9","0.4","18.3","0.4","17.9","0.4","18.6","0.5","80013","549","38817","352","41196","316","89.5","0.7","88.6","1.2","90.3","1.0","20.7","0.9","17.0","1.2","24.2","1.3","83722","396","40502","263","43220","262","91.1","0.6","89.8","0.9","92.4","0.8","22.3","1.0","19.8","1.3","24.6","1.3","196388","560","94740","397","101648","338","90.8","0.4","89.4","0.5","92.1","0.5","18.1","0.6","17.9","0.7","18.3","0.8","110149","427","47665","267","62484","313","80.5","0.6","80.6","1.0","80.5","0.8","13.8","0.6","17.2","0.9","11.3","0.7","30.4","1.4","26.8","1.6","34.0","1.7","17.4","0.6","15.9","0.8","18.9","0.9","14.8","0.6","11.9","0.8","17.1","0.8","4.9","0.5","4.2","0.7","5.5","0.6","29929","486","36298","604","24468","562","15323","917","19350","1481","11784","1280","23781","679","30379","665","18012","716","28347","817","35866","1127","23794","761","42983","1233","53793","2045","37114","1083","64984","1904","73386","2706","60569","1635","6.0","(X)","(X)","(X)","(X)","(X)",
"5001400US2606","Congressional District 6 (114th Congress), Michigan","77555","312","39506","177","38049","194","14.2","0.9","16.2","1.4","12.1","1.0","27.3","1.2","29.2","1.7","25.3","1.6","50.3","1.5","48.5","2.0","52.1","2.1","8.3","0.9","6.2","1.1","10.5","1.3","465391","397","224614","213","240777","275","3.4","0.2","3.8","0.3","3.0","0.2","7.1","0.2","7.4","0.3","6.8","0.3","31.5","0.4","32.0","0.6","31.1","0.5","23.9","0.4","23.7","0.5","24.0","0.4","8.9","0.3","7.7","0.3","10.0","0.4","15.7","0.3","15.6","0.5","15.9","0.4","9.5","0.3","9.9","0.3","9.2","0.3","89.5","0.3","88.8","0.4","90.2","0.4","25.3","0.4","25.4","0.5","25.1","0.4","83323","340","41769","230","41554","210","90.1","0.8","89.2","1.0","91.1","0.9","26.8","1.1","24.3","1.4","29.3","1.3","83807","298","41767","183","42040","224","91.1","0.6","90.0","1.0","92.3","0.8","28.8","1.0","26.0","1.3","31.6","1.3","193780","349","94962","205","98818","243","91.7","0.4","90.5","0.5","92.9","0.4","25.0","0.5","25.1","0.7","24.8","0.6","104481","234","46116","133","58365","160","83.7","0.6","84.0","0.8","83.5","0.8","21.8","0.8","26.7","1.2","17.9","0.8","29.9","1.5","26.7","2.0","33.4","2.0","14.8","0.6","12.9","0.7","16.8","0.8","11.3","0.5","9.3","0.8","13.1","0.7","4.3","0.5","4.2","0.6","4.3","0.6","32409","322","40182","530","25872","368","18106","1104","23021","1675","12814","1391","26652","508","32839","878","20931","555","31015","415","39583","1054","24942","602","45117","1090","56186","1824","36799","1245","60740","1392","73102","2203","51534","1583","4.3","(X)","(X)","(X)","(X)","(X)",
"5001400US2607","Congressional District 7 (114th Congress), Michigan","62528","626","32652","472","29876","414","14.9","1.0","17.0","1.4","12.6","1.2","31.2","1.2","34.3","1.8","27.8","1.6","47.4","1.4","43.8","2.0","51.4","1.9","6.5","0.6","4.9","0.8","8.3","0.9","480548","705","237265","497","243283","590","2.6","0.1","2.7","0.2","2.5","0.2","6.7","0.2","7.5","0.4","6.0","0.3","33.4","0.4","34.5","0.5","32.4","0.5","25.7","0.4","26.1","0.5","25.3","0.5","9.2","0.2","7.9","0.3","10.4","0.4","14.0","0.3","13.6","0.4","14.5","0.4","8.3","0.3","7.7","0.3","8.9","0.4","90.7","0.3","89.8","0.4","91.5","0.3","22.4","0.4","21.3","0.5","23.4","0.5","78405","634","40481","412","37924","403","90.3","0.7","89.3","1.0","91.4","1.0","23.2","0.9","18.6","1.3","28.0","1.1","87740","572","45083","356","42657","402","93.1","0.5","91.7","0.9","94.6","0.6","25.5","1.0","21.5","1.2","29.7","1.4","208774","706","104633","483","104141","440","93.1","0.4","92.0","0.6","94.2","0.4","22.8","0.6","22.1","0.8","23.5","0.8","105629","380","47068","244","58561","300","84.2","0.5","83.5","0.9","84.7","0.6","18.4","0.7","21.7","1.0","15.7","0.8","25.2","1.3","21.9","1.8","28.8","2.0","12.2","0.6","10.9","0.7","13.4","0.7","8.8","0.4","6.8","0.5","10.6","0.6","3.3","0.4","2.8","0.4","3.8","0.6","34534","377","42097","547","28084","581","16805","931","19931","1696","13754","2015","27000","400","34009","912","20670","483","33458","644","42234","881","26629","575","50576","1156","61770","1401","40996","1203","64732","1509","77335","4271","57702","2174","3.9","(X)","(X)","(X)","(X)","(X)",
"5001400US2608","Congressional District 8 (114th Congress), Michigan","89276","718","44814","528","44462","520","7.9","0.7","9.1","0.9","6.8","0.8","21.7","1.1","24.3","1.6","19.2","1.3","58.3","1.3","56.2","1.8","60.4","1.8","12.0","0.9","10.4","1.1","13.6","1.3","460512","894","222147","716","238365","854","1.9","0.1","1.8","0.2","2.0","0.2","4.6","0.2","5.0","0.3","4.3","0.3","22.4","0.4","21.4","0.5","23.3","0.5","24.1","0.4","24.5","0.6","23.8","0.5","9.1","0.3","8.0","0.4","10.1","0.4","22.5","0.4","23.1","0.4","21.9","0.5","15.4","0.3","16.3","0.4","14.6","0.4","93.5","0.2","93.2","0.3","93.8","0.3","37.9","0.5","39.4","0.6","36.5","0.6","81692","958","40865","658","40827","625","94.5","0.6","93.6","0.9","95.4","0.7","43.0","1.2","39.7","1.4","46.4","1.6","88863","838","43484","542","45379","499","95.5","0.5","95.0","0.7","96.0","0.6","44.5","1.1","42.8","1.4","46.1","1.4","202723","938","99117","614","103606","503","94.6","0.3","93.9","0.4","95.3","0.4","37.0","0.7","38.8","0.9","35.2","0.8","87234","708","38681","409","48553","536","87.9","0.6","89.1","0.8","87.0","0.7","28.6","1.0","36.9","1.4","22.0","1.1","24.0","1.9","21.4","2.2","26.7","2.6","11.4","0.7","10.4","0.7","12.2","1.1","8.8","0.5","7.4","0.7","9.9","0.7","4.0","0.3","3.4","0.4","4.5","0.4","41224","410","51996","676","31822","607","19214","2102","21538","1160","14003","1231","27235","613","34886","1078","20702","586","34084","793","43774","1174","26866","747","53932","1049","74156","1689","40054","1463","73772","1388","88170","2502","61317","1437","4.2","(X)","(X)","(X)","(X)","(X)",
"5001400US2609","Congressional District 9 (114th Congress), Michigan","60386","1049","30555","838","29831","734","15.1","1.1","17.2","1.5","13.0","1.5","27.4","1.3","29.3","1.7","25.5","1.9","45.2","1.6","42.2","2.0","48.2","2.1","12.3","0.8","11.4","1.2","13.3","1.1","501588","1431","237031","1203","264557","1095","3.7","0.2","3.4","0.2","3.9","0.2","7.6","0.3","7.8","0.4","7.4","0.3","28.8","0.4","27.7","0.6","29.7","0.5","23.2","0.4","23.7","0.6","22.7","0.5","8.6","0.2","8.2","0.3","9.0","0.4","17.4","0.4","17.6","0.5","17.2","0.5","10.8","0.3","11.5","0.5","10.2","0.4","88.8","0.3","88.8","0.4","88.7","0.4","28.2","0.4","29.2","0.6","27.4","0.6","96772","1309","48405","941","48367","901","92.0","0.7","91.8","0.8","92.3","0.9","36.1","1.1","33.3","1.3","38.9","1.5","93003","1034","46240","697","46763","928","91.7","0.7","91.2","0.9","92.3","0.9","32.8","1.0","31.2","1.3","34.3","1.4","200190","1300","96413","904","103777","815","90.9","0.5","90.4","0.7","91.3","0.5","26.8","0.7","27.3","0.8","26.3","0.9","111623","957","45973","604","65650","652","79.6","0.8","79.9","1.2","79.5","1.0","20.1","0.6","26.5","1.1","15.7","0.7","26.1","1.6","23.9","2.0","28.2","1.9","14.0","0.7","12.8","0.9","15.0","1.0","10.2","0.5","7.9","0.7","12.2","0.8","5.1","0.4","4.7","0.5","5.4","0.6","36867","443","44111","726","30515","419","19772","1200","23114","2246","15632","1614","28246","833","34501","1118","21970","703","33319","622","41909","782","27264","752","50456","785","61691","1751","42758","1451","68066","1703","81247","2434","59082","2558","4.8","(X)","(X)","(X)","(X)","(X)",
"5001400US2610","Congressional District 10 (114th Congress), Michigan","55816","819","29128","604","26688","561","13.3","1.0","16.0","1.4","10.4","1.2","32.7","1.2","36.2","1.9","29.0","1.6","46.8","1.4","42.7","2.0","51.3","1.7","7.2","0.7","5.2","0.9","9.3","0.9","488070","1326","238170","945","249900","948","3.2","0.2","3.2","0.2","3.2","0.2","6.7","0.2","7.3","0.3","6.1","0.3","33.5","0.4","33.7","0.6","33.3","0.5","24.3","0.4","25.0","0.5","23.7","0.5","10.3","0.3","8.9","0.3","11.7","0.4","14.0","0.4","14.0","0.5","14.0","0.4","7.9","0.2","7.8","0.3","8.0","0.3","90.1","0.3","89.5","0.4","90.7","0.4","21.9","0.4","21.8","0.5","22.0","0.5","75575","1018","38159","712","37416","663","91.5","0.9","90.1","1.0","93.0","1.2","26.4","1.2","21.3","1.6","31.5","1.6","92334","900","45851","566","46483","669","93.4","0.5","92.5","0.7","94.2","0.7","28.8","1.1","26.3","1.3","31.3","1.3","214037","989","106726","624","107311","692","92.0","0.4","90.9","0.6","93.1","0.5","21.1","0.6","21.6","0.8","20.6","0.8","106124","690","47434","498","58690","486","82.3","0.8","82.7","1.1","82.0","0.9","14.5","0.6","18.5","1.0","11.3","0.7","21.0","1.3","18.3","1.6","23.8","1.6","10.7","0.5","9.6","0.6","11.7","0.7","8.4","0.5","6.3","0.5","10.3","0.7","3.7","0.4","3.1","0.5","4.1","0.5","36273","413","46524","748","27199","440","20698","737","24715","1612","15651","868","27600","683","36375","945","20771","553","35035","618","47669","1419","26059","661","54088","1259","70916","1834","41528","1415","71250","1572","85566","2333","61443","1892","4.0","(X)","(X)","(X)","(X)","(X)",
"5001400US2611","Congressional District 11 (114th Congress), Michigan","54610","1379","28123","1006","26487","909","9.9","1.0","10.6","1.3","9.0","1.2","25.0","1.2","28.0","1.8","21.8","1.5","48.6","1.3","46.6","1.9","50.7","1.8","16.5","0.9","14.7","1.3","18.4","1.3","493183","1436","236680","1311","256503","1144","1.9","0.1","1.9","0.2","2.0","0.2","4.0","0.2","4.1","0.2","3.9","0.2","20.6","0.4","18.9","0.5","22.2","0.4","20.5","0.4","20.5","0.6","20.6","0.5","8.2","0.2","7.2","0.3","9.2","0.3","26.4","0.4","27.7","0.5","25.3","0.5","18.3","0.4","19.8","0.5","16.8","0.4","94.0","0.2","94.0","0.3","94.1","0.3","44.7","0.5","47.5","0.6","42.1","0.6","82593","1532","40958","947","41635","1028","95.9","0.5","95.4","0.7","96.4","0.6","50.7","1.2","47.8","1.7","53.4","1.5","97315","1380","47562","914","49753","874","96.3","0.4","95.8","0.5","96.8","0.5","56.3","1.2","54.8","1.6","57.7","1.4","214737","1519","105314","911","109423","921","95.3","0.3","95.0","0.4","95.5","0.4","43.8","0.6","47.2","0.9","40.6","0.8","98538","939","42846","702","55692","733","87.6","0.6","88.2","0.8","87.1","0.8","30.1","0.9","39.7","1.3","22.7","1.0","17.6","1.3","15.2","1.8","20.0","2.1","9.1","0.6","9.0","0.9","9.2","0.8","6.8","0.5","5.0","0.5","8.3","0.7","2.3","0.2","2.1","0.3","2.5","0.2","47615","734","61172","806","36117","653","20441","1168","23093","2079","15789","1862","28856","1038","36187","1078","22467","1159","37064","780","47831","1501","29708","1027","59889","1167","77042","1009","43190","1007","83935","1525","99388","1625","67609","2735","4.0","(X)","(X)","(X)","(X)","(X)",
"5001400US2612","Congressional District 12 (114th Congress), Michigan","94564","1298","47608","847","46956","887","9.0","0.7","10.1","1.0","7.8","0.9","19.4","1.0","21.0","1.4","17.8","1.4","57.8","1.3","56.2","1.9","59.5","1.7","13.8","0.9","12.7","1.2","14.9","1.3","454027","1445","215862","1169","238165","1149","3.7","0.2","3.4","0.2","4.0","0.3","7.4","0.3","7.9","0.4","6.9","0.3","25.9","0.5","25.2","0.6","26.5","0.6","22.8","0.3","23.3","0.4","22.4","0.5","7.8","0.3","7.3","0.3","8.2","0.4","17.2","0.3","17.3","0.5","17.1","0.5","15.1","0.4","15.5","0.5","14.8","0.5","88.9","0.3","88.7","0.5","89.0","0.4","32.3","0.5","32.8","0.6","31.9","0.6","96252","1390","47378","970","48874","796","92.4","0.6","91.4","0.9","93.5","0.8","40.8","1.0","38.6","1.3","43.0","1.4","90464","1127","44606","770","45858","672","91.1","0.6","90.4","0.9","91.7","0.8","35.7","1.1","33.6","1.3","37.8","1.4","179915","1353","86704","892","93211","890","90.2","0.5","89.5","0.7","90.7","0.6","30.0","0.6","30.5","0.8","29.6","0.7","87396","896","37174","666","50222","667","80.1","0.9","81.4","1.1","79.1","1.1","24.3","0.8","30.1","1.3","20.0","1.0","28.2","1.5","25.3","1.6","31.0","2.1","14.0","0.8","13.2","1.0","14.7","1.0","12.0","0.5","9.6","0.7","14.2","0.8","5.7","0.4","5.3","0.6","6.0","0.5","37587","618","45611","776","31387","396","20443","1168","23332","1847","15256","1799","27983","871","33511","1385","22472","911","34186","696","43908","1369","26995","727","46014","1282","56563","2687","39396","1593","66482","1265","79787","2429","57077","1422","4.8","(X)","(X)","(X)","(X)","(X)",
"5001400US2613","Congressional District 13 (114th Congress), Michigan","75320","1452","37129","1088","38191","998","21.9","1.2","25.6","1.7","18.4","1.7","32.1","1.3","34.1","1.9","30.2","1.7","41.4","1.3","36.3","1.7","46.4","2.1","4.5","0.6","4.0","0.8","5.1","0.8","444852","2130","205588","1783","239264","1319","5.7","0.2","6.1","0.4","5.3","0.3","13.5","0.4","14.7","0.6","12.5","0.5","33.7","0.5","36.3","0.7","31.4","0.6","26.4","0.5","24.5","0.7","28.1","0.6","7.0","0.2","5.7","0.4","8.1","0.3","8.8","0.3","8.2","0.4","9.3","0.4","4.9","0.2","4.4","0.3","5.3","0.3","80.8","0.5","79.2","0.7","82.1","0.6","13.6","0.4","12.6","0.5","14.5","0.5","88668","1514","41960","1038","46708","994","82.6","0.9","80.2","1.5","84.7","1.0","16.2","1.0","14.2","1.2","18.0","1.4","88560","1237","42237","960","46323","873","83.7","1.0","82.3","1.2","85.0","1.2","15.4","0.8","13.1","1.2","17.4","1.1","180909","1597","86820","1315","94089","1063","83.0","0.6","80.8","0.9","85.0","0.8","13.2","0.6","12.1","0.7","14.3","0.8","86715","952","34571","731","52144","724","71.2","1.0","70.0","1.6","72.0","1.2","10.2","0.6","11.3","0.9","9.5","0.7","41.7","1.3","36.9","1.6","46.4","1.8","26.2","0.9","24.4","1.0","28.0","1.2","22.5","0.7","19.5","1.0","24.7","1.1","10.2","0.9","10.8","1.3","9.8","1.1","27398","372","31622","470","24581","648","17385","831","21279","843","12496","900","24809","793","28638","1584","20862","631","27443","700","34213","1107","24079","1057","40964","1003","43071","3512","39855","1328","52472","1537","56094","5488","50908","1680","7.0","(X)","(X)","(X)","(X)","(X)",
"5001400US2614","Congressional District 14 (114th Congress), Michigan","70626","1540","35402","980","35224","1146","20.8","1.1","24.9","1.4","16.6","1.5","32.4","1.4","33.8","2.0","30.9","1.5","39.8","1.5","35.4","2.0","44.2","2.0","7.1","0.6","5.9","0.8","8.2","1.1","459553","2175","208859","1925","250694","1428","4.4","0.2","4.7","0.3","4.1","0.2","10.2","0.3","11.5","0.5","9.1","0.4","25.4","0.4","27.1","0.7","24.0","0.5","23.8","0.4","22.6","0.7","24.8","0.6","6.9","0.2","5.4","0.3","8.1","0.4","16.2","0.3","15.7","0.5","16.6","0.4","13.2","0.3","13.2","0.4","13.2","0.4","85.5","0.4","83.9","0.5","86.8","0.4","29.4","0.4","28.8","0.7","29.9","0.5","82451","1505","39530","1087","42921","1114","85.7","0.9","83.7","1.5","87.5","1.0","26.9","1.3","24.1","1.7","29.5","1.6","87603","1593","41014","1143","46589","995","86.9","0.9","84.9","1.3","88.7","1.0","29.2","1.0","26.0","1.4","32.0","1.4","189864","1806","87381","1202","102483","1174","87.7","0.6","85.7","0.8","89.4","0.7","31.5","0.7","29.8","1.0","32.9","0.8","99635","973","40934","697","58701","807","79.7","0.7","79.1","1.2","80.1","1.0","27.7","0.7","34.2","1.2","23.2","0.9","39.8","1.3","35.8","1.8","43.8","1.6","25.6","1.0","23.6","1.2","27.4","1.3","18.3","0.7","16.0","0.9","20.0","1.0","6.4","0.5","5.9","0.7","6.9","0.5","32924","579","37997","1200","30143","513","16783","795","19039","1659","14597","991","23719","900","26434","821","20917","647","27952","879","32333","1068","25580","704","50106","1355","62684","2129","42327","1367","69745","2108","87026","2168","57399","3043","6.2","(X)","(X)","(X)","(X)","(X)",
"5001400US2701","Congressional District 1 (114th Congress), Minnesota","68770","583","34543","377","34227","431","12.2","0.7","14.3","1.0","10.0","1.0","26.1","1.2","29.3","1.5","22.8","1.7","53.2","1.4","49.4","1.9","56.9","2.0","8.6","0.7","7.0","1.0","10.2","1.0","441635","571","217290","471","224345","476","3.8","0.2","3.8","0.2","3.8","0.2","5.2","0.2","6.1","0.2","4.4","0.2","31.2","0.4","33.1","0.6","29.3","0.5","22.3","0.3","21.5","0.5","23.2","0.4","11.1","0.3","10.1","0.4","12.1","0.3","17.6","0.3","16.5","0.5","18.6","0.4","8.7","0.3","8.9","0.3","8.5","0.3","90.9","0.2","90.1","0.3","91.8","0.3","26.3","0.4","25.4","0.5","27.1","0.4","85508","539","44251","433","41257","310","92.0","0.6","91.0","0.8","93.0","0.8","30.8","0.8","25.8","1.0","36.3","1.2","76302","475","38650","298","37652","342","92.4","0.7","91.0","0.9","93.8","0.8","31.5","0.9","28.4","1.0","34.6","1.2","176730","504","89155","364","87575","321","94.1","0.3","92.9","0.4","95.2","0.4","26.2","0.5","25.3","0.7","27.0","0.6","103095","309","45234","175","57861","261","83.7","0.5","82.8","0.7","84.4","0.7","18.9","0.7","22.7","0.8","15.8","0.9","24.0","1.5","19.8","1.9","29.0","2.2","9.8","0.5","7.9","0.6","11.9","0.7","7.0","0.4","5.6","0.5","8.2","0.6","3.0","0.3","2.8","0.5","3.1","0.4","35585","288","41724","369","30214","317","21835","730","25204","1053","17786","1884","29672","647","35287","575","22303","468","34118","357","41868","494","28585","583","46852","939","55669","1380","39594","908","62022","837","71881","2590","56925","1840","4.1","(X)","(X)","(X)","(X)","(X)",
"5001400US2702","Congressional District 2 (114th Congress), Minnesota","56174","634","28978","385","27196","406","12.4","1.0","13.7","1.4","10.9","1.1","28.2","1.5","31.4","2.3","24.8","1.6","48.0","1.5","46.0","2.0","50.1","1.8","11.5","0.8","9.0","1.2","14.1","1.4","444317","595","215138","499","229179","417","1.9","0.1","1.9","0.2","2.0","0.2","3.6","0.2","3.9","0.3","3.4","0.2","24.2","0.4","24.9","0.6","23.6","0.6","21.9","0.4","21.3","0.6","22.5","0.6","11.3","0.3","10.9","0.5","11.7","0.4","25.8","0.5","25.8","0.6","25.8","0.5","11.2","0.3","11.4","0.4","11.0","0.5","94.5","0.2","94.3","0.3","94.6","0.3","37.0","0.6","37.2","0.7","36.8","0.7","87932","591","43292","442","44640","321","95.2","0.5","94.3","0.7","96.1","0.7","41.7","1.3","35.9","1.5","47.4","1.6","94032","501","46613","297","47419","338","94.7","0.5","93.9","0.7","95.4","0.5","43.3","1.2","41.7","1.4","45.0","1.4","186663","550","91745","359","94918","340","96.2","0.3","96.2","0.4","96.1","0.4","36.0","0.8","36.9","0.9","35.1","1.0","75690","313","33488","174","42202","258","89.1","0.7","89.4","0.9","88.9","0.9","26.3","0.8","33.5","1.3","20.5","1.1","19.5","2.2","16.6","2.8","22.4","2.9","8.6","0.6","7.5","0.8","9.7","0.8","5.4","0.3","4.1","0.5","6.5","0.5","2.3","0.3","2.0","0.4","2.6","0.4","45169","339","53029","570","37500","514","24025","1925","29197","3679","17359","1655","33666","787","40644","864","26896","716","41212","482","49543","972","34580","748","57298","927","71473","1448","46689","960","71977","1139","86770","1733","60945","1347","3.8","(X)","(X)","(X)","(X)","(X)",
"5001400US2703","Congressional District 3 (114th Congress), Minnesota","46881","1225","23816","925","23065","883","14.1","1.1","16.0","1.7","12.0","1.4","26.8","1.3","29.7","1.9","23.7","1.9","41.8","1.7","41.2","2.3","42.4","2.3","17.4","1.3","13.1","1.4","21.8","1.9","467426","1716","223553","1365","243873","1157","1.7","0.2","1.5","0.2","1.9","0.2","2.8","0.2","3.0","0.2","2.6","0.2","18.4","0.4","17.8","0.6","19.1","0.5","21.0","0.4","20.2","0.5","21.7","0.5","9.5","0.3","9.1","0.4","9.9","0.4","31.3","0.5","32.0","0.7","30.6","0.5","15.3","0.4","16.4","0.5","14.2","0.4","95.5","0.2","95.5","0.3","95.5","0.3","46.5","0.5","48.5","0.7","44.8","0.6","88649","1452","43780","960","44869","887","95.4","0.5","95.1","0.7","95.7","0.7","50.2","1.2","46.9","1.7","53.3","1.4","89455","1263","44077","805","45378","767","95.9","0.5","95.7","0.7","96.1","0.7","54.8","1.0","52.5","1.4","57.0","1.2","202454","1342","98076","918","104378","863","96.4","0.3","96.3","0.4","96.5","0.4","46.0","0.8","48.4","0.9","43.8","1.0","86868","884","37620","600","49248","628","93.1","0.5","93.7","0.7","92.6","0.6","35.5","0.9","45.7","1.3","27.8","1.2","19.7","2.1","15.6","2.5","23.5","3.0","8.4","0.7","7.7","0.8","9.1","1.1","6.2","0.4","5.1","0.6","7.2","0.6","2.2","0.2","2.0","0.2","2.5","0.3","48037","635","57916","1032","40083","580","25010","1570","27784","1871","20883","1700","31493","629","36018","892","25799","715","40746","522","46895","1164","35440","800","60649","831","75901","1414","47565","1310","80730","1276","102019","2346","65138","1859","3.6","(X)","(X)","(X)","(X)","(X)",
"5001400US2704","Congressional District 4 (114th Congress), Minnesota","71405","458","35514","337","35891","290","12.9","1.0","15.0","1.5","10.8","1.2","25.2","1.2","29.6","1.8","20.9","1.5","47.1","1.5","42.8","2.2","51.5","2.2","14.7","0.8","12.7","1.2","16.8","1.2","446394","644","213318","509","233076","432","4.3","0.3","4.1","0.3","4.6","0.3","4.2","0.2","4.6","0.3","3.9","0.2","21.9","0.4","21.8","0.5","22.0","0.5","19.8","0.4","20.4","0.6","19.3","0.4","8.4","0.3","7.8","0.3","8.9","0.4","25.5","0.4","25.2","0.5","25.8","0.5","15.8","0.4","16.1","0.5","15.5","0.4","91.5","0.3","91.3","0.4","91.6","0.4","41.3","0.5","41.4","0.6","41.3","0.6","100640","545","49878","406","50762","322","92.2","0.6","91.2","0.9","93.1","0.7","44.2","1.0","40.0","1.4","48.2","1.2","82582","506","41007","323","41575","315","90.6","0.7","90.2","0.9","91.1","0.8","46.0","1.1","43.8","1.4","48.3","1.5","179119","377","86670","275","92449","280","92.8","0.3","93.0","0.5","92.7","0.5","41.7","0.7","41.2","1.0","42.2","0.9","84053","358","35763","210","48290","269","88.4","0.7","88.7","0.9","88.2","0.9","32.5","1.1","40.7","1.7","26.3","1.1","34.6","1.9","30.6","2.6","38.3","2.3","14.0","0.8","12.7","1.1","15.3","1.1","9.2","0.5","8.0","0.8","10.3","0.8","3.6","0.3","3.2","0.4","4.0","0.4","41082","426","46263","802","36483","554","19032","1071","20113","1408","17377","1339","30340","639","33101","1092","26213","815","36179","576","41533","845","32078","569","51109","825","61337","1110","43232","1153","67223","1268","81420","2619","60077","1328","3.9","(X)","(X)","(X)","(X)","(X)",
"5001400US2705","Congressional District 5 (114th Congress), Minnesota","78236","1231","38798","848","39438","890","12.1","0.8","13.3","1.1","10.9","1.1","20.1","1.2","21.7","1.7","18.6","1.6","48.8","1.7","48.3","2.0","49.2","1.9","19.0","1.2","16.7","1.7","21.3","1.5","458757","1615","225476","1324","233281","1202","4.7","0.2","4.4","0.3","5.1","0.3","5.4","0.2","5.7","0.3","5.1","0.3","19.7","0.4","20.2","0.5","19.3","0.6","19.5","0.3","19.6","0.5","19.4","0.5","7.7","0.2","7.5","0.4","7.9","0.3","27.5","0.4","27.8","0.5","27.2","0.6","15.5","0.3","14.8","0.4","16.1","0.4","89.9","0.3","90.0","0.4","89.8","0.4","42.9","0.4","42.6","0.6","43.3","0.6","134899","1407","68306","904","66593","920","91.3","0.6","91.3","0.8","91.2","0.8","51.3","0.8","47.9","1.1","54.8","1.1","90025","1180","46712","756","43313","771","89.0","0.7","88.8","0.9","89.2","1.0","46.0","1.1","43.9","1.6","48.3","1.4","159232","1324","79263","921","79969","871","91.0","0.5","91.0","0.6","90.9","0.6","40.1","0.7","39.1","0.9","41.1","0.9","74601","825","31195","584","43406","629","86.1","0.8","86.0","1.1","86.2","0.9","30.1","0.9","38.1","1.4","24.4","1.1","36.9","1.8","31.4","2.3","42.2","2.2","18.9","0.9","17.8","1.2","19.9","1.3","13.7","0.6","12.0","0.8","15.2","1.0","5.0","0.3","5.1","0.5","4.9","0.4","39129","471","42036","512","36085","511","19336","1090","21854","835","15086","1224","27317","699","30198","935","24290","1242","32694","890","35988","932","30218","859","48657","1111","55305","1209","42522","765","64937","1540","73800","2422","58278","2352","4.9","(X)","(X)","(X)","(X)","(X)",
"5001400US2706","Congressional District 6 (114th Congress), Minnesota","64242","738","33252","482","30990","533","12.1","0.9","13.9","1.2","10.1","1.2","25.6","1.4","30.4","2.0","20.4","1.6","54.3","1.7","50.5","2.2","58.4","2.3","8.0","0.9","5.1","0.8","11.2","1.5","433537","920","216160","687","217377","725","2.0","0.1","1.9","0.2","2.0","0.2","4.2","0.2","5.0","0.3","3.4","0.2","28.3","0.4","30.2","0.6","26.4","0.5","25.0","0.4","25.0","0.5","25.0","0.6","12.5","0.3","11.5","0.4","13.4","0.5","20.1","0.4","19.0","0.6","21.3","0.6","8.0","0.3","7.4","0.3","8.6","0.4","93.9","0.2","93.1","0.3","94.6","0.3","28.1","0.5","26.4","0.6","29.9","0.6","88038","933","44633","589","43405","597","94.6","0.6","92.9","0.9","96.4","0.6","31.3","1.1","24.9","1.3","37.8","1.5","94060","995","47468","620","46592","586","96.4","0.5","95.4","0.7","97.3","0.5","36.1","1.0","33.1","1.4","39.2","1.4","181344","987","92032","604","89312","623","95.2","0.3","94.3","0.4","96.2","0.4","25.7","0.7","24.9","0.8","26.6","0.9","70095","542","32027","341","38068","379","86.1","0.7","86.4","0.9","85.8","1.0","19.7","0.9","22.8","1.3","17.1","1.2","17.1","1.6","14.3","2.1","20.5","2.4","8.0","0.6","6.8","0.6","9.3","0.9","6.4","0.5","5.5","0.6","7.2","0.7","2.5","0.3","2.0","0.4","2.8","0.5","42171","310","50497","362","34992","439","24092","1977","29341","2496","19073","2278","34556","659","41060","578","26564","677","40431","485","50334","558","32436","707","53790","967","66429","1574","43732","1019","66907","1175","78300","2947","59764","1469","4.5","(X)","(X)","(X)","(X)","(X)",
"5001400US2707","Congressional District 7 (114th Congress), Minnesota","60392","505","31089","404","29303","305","13.9","0.8","16.0","1.0","11.8","1.1","28.5","1.2","31.5","1.7","25.4","1.6","50.4","1.4","46.8","2.0","54.2","2.0","7.1","0.7","5.7","0.8","8.6","0.9","446282","631","220615","441","225667","399","4.3","0.2","4.4","0.2","4.2","0.2","5.5","0.1","6.4","0.2","4.6","0.2","34.2","0.4","35.9","0.5","32.6","0.5","22.9","0.3","22.1","0.4","23.6","0.4","12.5","0.2","11.4","0.3","13.5","0.3","15.0","0.3","13.9","0.3","16.1","0.4","5.6","0.2","5.8","0.2","5.4","0.2","90.2","0.2","89.2","0.2","91.2","0.3","20.6","0.3","19.7","0.4","21.5","0.4","74972","517","39319","351","35653","349","92.5","0.5","91.2","0.6","93.8","0.8","23.8","0.9","19.5","1.0","28.4","1.1","70741","436","36033","298","34708","258","93.0","0.5","91.9","0.7","94.0","0.7","26.1","0.9","21.7","1.1","30.8","1.2","181634","529","92066","330","89568","327","94.2","0.2","93.3","0.4","95.2","0.3","20.5","0.4","20.1","0.6","20.9","0.5","118935","345","53197","213","65738","239","81.0","0.5","78.8","0.6","82.8","0.6","15.5","0.5","17.9","0.7","13.5","0.6","23.0","0.9","18.4","1.2","28.7","1.2","10.5","0.4","8.5","0.5","12.6","0.6","7.6","0.3","6.2","0.5","8.9","0.4","3.3","0.3","2.7","0.4","3.9","0.5","32651","245","40030","305","26470","258","21590","635","25752","851","16046","1036","27988","459","34542","419","21037","352","32322","282","41018","429","26361","327","42291","529","51881","881","35604","593","55103","1433","62396","2174","50379","1690","4.3","(X)","(X)","(X)","(X)","(X)",
"5001400US2708","Congressional District 8 (114th Congress), Minnesota","58311","352","30887","247","27424","191","13.2","1.0","15.8","1.3","10.2","1.2","29.8","1.1","33.6","1.4","25.5","1.6","50.1","1.5","45.4","1.8","55.3","2.0","6.9","0.7","5.2","0.8","9.0","1.0","460880","409","230690","294","230190","306","2.3","0.1","2.6","0.2","2.0","0.2","5.8","0.2","6.6","0.2","5.0","0.2","33.9","0.4","35.6","0.5","32.2","0.5","25.0","0.3","24.1","0.4","25.8","0.4","11.3","0.2","10.1","0.3","12.4","0.3","15.0","0.3","14.1","0.4","15.8","0.4","6.8","0.2","6.9","0.2","6.8","0.3","91.9","0.2","90.8","0.3","93.0","0.3","21.8","0.3","21.0","0.4","22.6","0.4","74484","396","38972","265","35512","275","93.6","0.5","92.3","0.8","95.0","0.6","22.5","0.8","17.5","1.0","27.8","1.1","74174","368","38276","246","35898","219","94.5","0.6","92.9","0.7","96.1","0.7","25.2","0.9","21.5","1.2","29.1","1.1","195177","314","99398","237","95779","211","94.5","0.2","93.3","0.4","95.7","0.3","22.0","0.5","21.1","0.6","23.0","0.7","117045","207","54044","129","63001","150","84.9","0.6","83.8","0.8","85.9","0.7","18.8","0.6","22.9","0.8","15.3","0.6","23.9","1.2","21.7","1.5","26.8","1.8","12.6","0.4","11.4","0.7","13.8","0.6","10.2","0.4","8.8","0.5","11.4","0.6","4.0","0.3","3.8","0.5","4.3","0.4","32331","271","40057","430","26199","296","19118","1060","22207","1187","14459","1206","26756","360","33559","642","20590","479","31645","350","40885","606","25432","386","43051","1060","51892","743","36061","880","60028","1007","64372","1448","55944","1356","4.2","(X)","(X)","(X)","(X)","(X)",
"5001400US2801","Congressional District 1 (114th Congress), Mississippi","77393","511","39052","380","38341","325","17.0","1.0","20.2","1.5","13.6","1.2","27.7","1.4","31.0","1.9","24.2","1.9","49.1","1.8","43.5","2.2","54.9","2.5","6.2","0.8","5.2","1.0","7.3","1.1","486451","581","229223","484","257228","425","6.4","0.2","7.2","0.3","5.6","0.3","12.2","0.4","13.4","0.5","11.1","0.4","31.7","0.5","32.6","0.7","30.8","0.6","22.8","0.4","22.3","0.7","23.3","0.5","8.6","0.3","7.0","0.4","10.1","0.4","12.1","0.3","11.5","0.4","12.6","0.4","6.2","0.3","5.9","0.3","6.6","0.3","81.4","0.5","79.3","0.6","83.3","0.5","18.3","0.4","17.4","0.5","19.2","0.5","93384","694","45553","527","47831","335","84.5","1.2","81.3","1.6","87.5","1.2","19.9","0.9","16.8","1.3","22.9","1.2","97576","573","47349","441","50227","320","87.3","0.9","84.1","1.2","90.3","1.1","21.9","1.1","18.9","1.2","24.7","1.5","191299","542","91886","380","99413","326","82.6","0.6","79.7","0.8","85.3","0.7","17.6","0.6","16.2","0.8","18.9","0.7","104192","302","44435","213","59757","188","71.1","1.0","71.5","1.4","70.7","1.2","14.8","0.7","18.7","0.9","11.9","0.8","29.5","1.4","24.1","1.5","35.3","1.8","15.4","0.8","12.6","0.9","18.0","1.2","11.8","0.8","7.1","0.7","15.4","1.1","4.8","0.5","4.5","0.8","5.0","0.7","30831","288","36734","501","25306","400","20122","652","23409","1280","14313","831","27194","450","32810","837","21090","603","30608","500","39561","1238","24766","696","41766","774","52780","2468","36263","776","53400","1750","66772","4099","47852","1785","4.5","(X)","(X)","(X)","(X)","(X)",
"5001400US2802","Congressional District 2 (114th Congress), Mississippi","80364","708","41015","478","39349","579","21.6","1.1","27.0","1.5","16.0","1.5","30.4","1.5","31.2","2.0","29.5","2.1","43.8","1.5","38.4","2.0","49.5","2.1","4.1","0.6","3.3","0.7","5.0","0.9","463283","1286","215208","956","248075","731","7.8","0.3","8.6","0.4","7.0","0.3","14.1","0.4","15.6","0.6","12.9","0.4","29.6","0.5","31.6","0.8","27.8","0.5","22.7","0.5","22.0","0.7","23.3","0.5","7.6","0.3","6.3","0.4","8.7","0.4","11.7","0.3","10.5","0.5","12.8","0.4","6.5","0.3","5.4","0.3","7.5","0.4","78.1","0.5","75.8","0.7","80.1","0.5","18.2","0.4","15.9","0.6","20.3","0.5","95360","1012","46505","793","48855","574","82.0","0.9","77.5","1.5","86.2","0.9","17.8","1.1","13.6","1.5","21.8","1.5","87210","711","42071","523","45139","452","84.0","1.0","80.7","1.4","87.1","1.0","19.6","0.9","14.0","1.0","24.9","1.4","187389","815","88329","492","99060","485","80.2","0.6","77.6","0.9","82.6","0.8","18.6","0.6","15.9","0.9","21.0","0.9","93324","497","38303","302","55021","381","64.5","0.9","64.3","1.2","64.6","1.2","16.6","0.8","20.8","1.4","13.7","0.8","40.8","1.2","33.8","1.5","47.5","1.7","26.7","1.0","20.8","1.5","32.0","1.2","17.9","0.8","13.2","1.0","21.3","1.1","7.0","0.7","5.3","0.9","8.1","0.8","26836","341","31139","493","23461","568","16343","488","18613","1054","13778","904","22560","605","27745","1063","17829","703","26908","484","31963","763","22963","804","37475","1131","46814","2302","33299","983","45791","1250","57473","4139","42102","1030","5.9","(X)","(X)","(X)","(X)","(X)",
"5001400US2803","Congressional District 3 (114th Congress), Mississippi","75993","850","38356","486","37637","635","16.1","1.0","19.4","1.8","12.8","1.1","26.2","1.2","28.8","1.8","23.5","1.7","49.7","1.5","44.9","2.0","54.7","2.1","8.0","0.9","6.9","1.1","9.1","1.3","488755","1420","230428","957","258327","879","5.4","0.2","6.5","0.3","4.4","0.3","10.7","0.3","11.9","0.4","9.6","0.4","29.0","0.5","30.6","0.7","27.5","0.5","21.7","0.4","20.7","0.6","22.7","0.6","8.3","0.3","6.6","0.3","9.8","0.4","15.3","0.4","14.3","0.6","16.2","0.5","9.7","0.4","9.3","0.4","10.0","0.5","84.0","0.4","81.6","0.5","86.1","0.5","25.0","0.5","23.6","0.7","26.1","0.6","97394","908","47677","687","49717","616","86.8","0.9","82.6","1.4","90.8","0.9","29.1","1.3","23.2","1.5","34.8","1.7","94382","757","46401","547","47981","500","88.1","0.8","85.8","1.2","90.4","1.0","28.1","1.1","23.7","1.5","32.3","1.5","192453","923","91889","563","100564","549","85.4","0.5","82.5","0.7","88.1","0.7","24.6","0.8","23.8","1.0","25.3","1.0","104526","600","44461","372","60065","384","74.9","0.9","74.2","1.4","75.4","1.0","19.0","0.8","23.7","1.1","15.5","0.9","32.4","1.4","26.1","1.6","39.4","2.0","18.7","0.9","14.9","1.0","22.4","1.2","14.0","0.7","10.2","0.8","16.8","0.9","4.6","0.5","3.3","0.6","5.6","0.6","32115","310","38378","768","26754","392","19831","1023","23146","1769","14545","1073","25718","494","31450","671","20318","662","30173","415","37772","1247","25064","570","42468","846","55169","2159","35934","720","54666","1787","71379","3587","48169","2003","4.8","(X)","(X)","(X)","(X)","(X)",
"5001400US2804","Congressional District 4 (114th Congress), Mississippi","77705","580","39439","405","38266","343","16.7","1.2","21.2","1.9","12.1","1.4","29.7","1.5","33.3","2.0","25.9","1.9","48.6","1.5","41.4","2.1","56.1","2.2","5.0","0.7","4.1","1.0","6.0","1.0","491102","721","237266","490","253836","540","5.3","0.2","6.0","0.3","4.6","0.3","10.7","0.4","11.2","0.5","10.2","0.5","30.8","0.5","32.2","0.7","29.5","0.7","23.9","0.4","23.4","0.6","24.4","0.7","9.3","0.4","7.9","0.4","10.7","0.5","12.5","0.4","12.2","0.5","12.8","0.5","7.5","0.3","7.2","0.4","7.9","0.4","84.0","0.4","82.9","0.5","85.2","0.5","20.0","0.5","19.3","0.6","20.6","0.6","101081","648","50537","467","50544","408","85.8","1.1","82.9","1.5","88.7","1.2","19.8","1.0","16.5","1.1","23.1","1.4","93873","565","46635","393","47238","347","86.4","1.0","84.4","1.4","88.4","1.3","22.0","1.1","19.0","1.4","24.9","1.5","195022","647","95234","471","99788","435","85.1","0.7","83.2","1.0","86.9","0.7","19.5","0.7","18.5","0.9","20.4","1.0","101126","351","44860","223","56266","223","78.1","1.0","80.4","1.1","76.2","1.4","19.4","0.9","24.7","1.3","15.2","1.0","32.0","1.6","28.6","2.0","35.6","2.1","17.2","0.8","14.4","1.2","20.0","1.1","14.0","0.7","9.9","0.8","17.4","1.1","5.1","0.5","4.1","0.6","5.9","0.8","30947","376","37331","719","24873","561","18455","853","22688","1253","14248","908","26528","557","33620","1442","19829","814","30438","542","38999","1266","23690","885","41507","988","52864","1918","35996","836","50952","1084","60477","3419","45568","1351","5.4","(X)","(X)","(X)","(X)","(X)",
"5001400US2901","Congressional District 1 (114th Congress), Missouri","81773","957","39848","740","41925","669","15.9","1.1","18.7","1.7","13.4","1.3","28.5","1.3","32.0","2.1","25.2","1.6","44.1","1.4","39.9","2.2","48.1","1.9","11.4","0.8","9.5","1.2","13.3","1.1","495591","1654","226607","1124","268984","1246","3.9","0.2","3.8","0.3","3.9","0.3","9.6","0.3","9.8","0.4","9.5","0.3","26.0","0.5","27.4","0.7","24.9","0.6","23.8","0.5","22.9","0.7","24.6","0.6","7.5","0.2","7.0","0.4","8.0","0.3","16.8","0.4","17.0","0.6","16.7","0.5","12.3","0.3","12.2","0.4","12.3","0.4","86.5","0.3","86.4","0.5","86.6","0.4","29.1","0.5","29.1","0.7","29.1","0.6","120489","1263","57693","847","62796","782","90.2","0.7","89.6","1.0","90.8","0.9","38.3","1.1","35.6","1.4","40.7","1.4","92596","987","43542","559","49054","674","88.6","0.8","87.8","1.1","89.4","1.1","31.8","1.1","30.6","1.5","32.8","1.5","191507","1165","89208","734","102299","817","88.1","0.5","87.4","0.7","88.7","0.6","26.1","0.7","25.8","1.0","26.3","0.8","90999","906","36164","507","54835","759","76.1","0.8","77.3","1.4","75.3","1.0","20.6","0.9","25.3","1.5","17.5","1.0","33.6","1.4","28.9","2.0","37.6","1.9","19.2","0.9","17.3","1.0","21.0","1.2","16.3","0.8","12.8","0.8","19.1","1.1","7.3","0.6","7.1","0.8","7.5","0.7","32052","339","35646","560","29922","527","17131","594","19071","1677","15933","855","25556","545","27363","1033","23260","777","30252","504","33736","897","27382","692","42479","902","49159","2199","38676","1034","54722","1098","64538","2667","49594","1208","6.3","(X)","(X)","(X)","(X)","(X)",
"5001400US2902","Congressional District 2 (114th Congress), Missouri","55805","1064","28108","863","27697","737","11.5","0.9","12.7","1.4","10.4","1.1","27.0","1.3","30.1","2.0","23.8","1.7","44.5","1.6","43.1","2.1","46.0","1.8","17.0","1.1","14.1","1.5","19.9","1.5","526854","2256","247697","1530","279157","1494","2.0","0.2","1.6","0.2","2.3","0.2","3.4","0.2","3.3","0.3","3.4","0.2","20.0","0.4","18.2","0.6","21.6","0.5","20.3","0.4","19.9","0.5","20.6","0.5","7.0","0.2","6.5","0.3","7.5","0.4","28.5","0.5","29.7","0.6","27.5","0.6","18.8","0.4","20.8","0.5","17.0","0.5","94.7","0.3","95.1","0.3","94.3","0.3","47.3","0.5","50.4","0.6","44.6","0.6","88056","1674","43163","1121","44893","990","96.2","0.5","95.5","0.7","96.8","0.6","53.7","1.3","47.6","1.6","59.5","1.8","92026","1318","45011","807","47015","771","96.1","0.5","95.8","0.7","96.4","0.6","57.4","1.4","56.2","1.7","58.5","1.6","223729","1468","107959","920","115770","942","96.3","0.3","96.3","0.4","96.4","0.4","48.4","0.7","51.3","0.9","45.6","0.9","123043","1110","51564","638","71479","942","89.4","0.6","91.4","0.7","87.9","0.8","33.4","0.7","45.9","1.2","24.3","0.8","15.0","1.9","10.1","2.0","18.9","2.3","7.8","0.7","6.8","0.9","8.6","0.8","5.7","0.4","4.1","0.5","7.0","0.7","2.6","0.2","2.2","0.3","3.1","0.4","46374","449","59474","1300","37022","504","21805","1059","26158","1744","17819","2426","31138","701","36408","1061","25172","1014","37269","627","45284","1174","31824","686","55448","1101","75201","1624","41701","738","75427","1248","98471","2590","57652","1682","3.6","(X)","(X)","(X)","(X)","(X)",
"5001400US2903","Congressional District 3 (114th Congress), Missouri","66731","845","34277","594","32454","570","14.5","1.2","16.9","1.7","12.0","1.3","31.5","1.3","35.2","1.9","27.7","1.8","46.6","1.5","42.4","2.1","51.1","2.1","7.3","0.6","5.5","0.8","9.2","1.0","508725","1603","249617","1063","259108","975","3.6","0.2","3.6","0.2","3.5","0.2","7.5","0.2","8.0","0.4","7.0","0.3","33.7","0.4","34.6","0.6","32.9","0.6","23.0","0.4","22.6","0.6","23.4","0.6","8.8","0.2","8.3","0.4","9.4","0.4","15.7","0.4","15.7","0.5","15.8","0.4","7.7","0.3","7.2","0.3","8.1","0.4","89.0","0.3","88.4","0.4","89.5","0.4","23.4","0.5","22.9","0.6","23.9","0.6","98192","1180","49807","775","48385","637","91.0","0.7","89.5","0.8","92.5","1.0","27.8","1.0","22.7","1.3","33.1","1.5","96246","935","48240","638","48006","567","91.9","0.7","90.5","1.0","93.4","0.9","28.4","1.2","25.7","1.5","31.2","1.5","210799","1190","104758","696","106041","745","90.9","0.4","90.1","0.6","91.7","0.6","22.7","0.8","22.9","1.0","22.4","0.9","103488","831","46812","465","56676","567","80.3","0.6","81.2","1.0","79.5","1.0","16.1","0.7","20.4","1.1","12.6","0.8","22.6","1.5","20.0","1.9","25.3","1.9","10.5","0.6","10.1","0.8","11.0","0.8","7.7","0.5","5.3","0.7","9.8","0.8","3.1","0.4","3.0","0.6","3.2","0.4","35465","406","42295","455","29669","569","21050","894","26278","1876","16341","665","29787","732","35436","976","23609","807","34719","625","43007","968","28552","805","46293","927","56426","1583","39108","863","56737","2111","73925","3890","50451","1303","4.6","(X)","(X)","(X)","(X)","(X)",
"5001400US2904","Congressional District 4 (114th Congress), Missouri","96562","663","50744","388","45818","467","11.5","0.8","12.7","1.1","10.1","0.9","26.3","1.0","30.4","1.5","21.8","1.4","53.4","1.2","49.5","1.7","57.6","2.0","8.9","0.8","7.5","1.0","10.5","1.3","485427","838","238012","504","247415","597","4.1","0.2","4.3","0.2","3.9","0.3","8.1","0.3","8.5","0.4","7.6","0.3","34.5","0.5","35.8","0.6","33.3","0.6","22.0","0.4","22.0","0.5","22.0","0.6","7.4","0.3","6.7","0.4","8.1","0.4","14.8","0.4","14.2","0.4","15.3","0.5","9.1","0.3","8.5","0.4","9.8","0.4","87.9","0.3","87.2","0.4","88.5","0.5","23.9","0.4","22.7","0.5","25.1","0.6","96806","650","49908","412","46898","446","89.6","0.6","88.2","0.9","91.0","0.8","28.9","1.2","23.9","1.4","34.2","1.6","86120","540","43598","397","42522","353","89.9","0.7","88.9","1.0","90.8","1.0","29.3","1.2","25.5","1.5","33.3","1.5","191640","715","94191","464","97449","488","89.4","0.5","88.4","0.6","90.4","0.7","23.3","0.7","22.0","0.8","24.5","0.9","110861","396","50315","223","60546","284","82.1","0.8","82.4","1.0","81.8","1.0","16.4","0.7","20.4","1.0","13.1","0.7","28.2","1.2","25.1","1.6","31.3","1.7","13.4","0.5","11.1","0.7","15.7","0.7","11.9","0.6","9.6","0.8","13.9","0.8","5.6","0.5","5.4","0.6","5.8","0.7","31083","274","36182","564","26012","334","18785","1153","22795","1018","13582","1034","26290","402","31108","507","20739","540","30220","441","36953","930","23899","740","40123","905","48607","2179","34351","804","50448","1107","60850","2491","44517","1408","5.1","(X)","(X)","(X)","(X)","(X)",
"5001400US2905","Congressional District 5 (114th Congress), Missouri","68855","804","33712","631","35143","444","15.9","1.0","18.5","1.4","13.5","1.4","32.5","1.2","34.9","1.9","30.3","1.9","39.6","1.5","36.3","1.9","42.7","2.3","12.0","0.8","10.3","1.0","13.6","1.2","505029","1202","239534","809","265495","842","3.6","0.2","3.9","0.3","3.3","0.2","8.6","0.3","9.1","0.5","8.2","0.3","31.5","0.5","32.6","0.6","30.6","0.7","24.1","0.4","23.2","0.6","24.8","0.6","6.9","0.2","6.2","0.3","7.6","0.3","16.0","0.4","16.0","0.5","16.1","0.5","9.2","0.3","9.0","0.3","9.3","0.3","87.7","0.3","87.0","0.5","88.4","0.4","25.2","0.5","25.0","0.6","25.4","0.6","112400","958","55242","634","57158","599","89.6","0.6","87.8","1.0","91.3","0.8","30.6","1.2","28.4","1.6","32.6","1.4","93326","904","46637","599","46689","496","87.9","0.7","87.2","1.1","88.5","1.0","27.6","1.1","24.8","1.3","30.4","1.5","196617","878","94912","598","101705","546","89.0","0.5","87.9","0.7","90.0","0.7","24.5","0.6","23.6","0.8","25.3","0.9","102686","585","42743","351","59943","448","83.2","0.7","83.4","0.9","83.0","1.0","18.6","0.6","24.1","1.0","14.7","0.7","31.1","1.6","27.0","1.8","35.3","2.0","15.2","0.6","13.0","0.9","17.4","0.8","12.1","0.7","10.0","0.9","13.9","0.7","4.7","0.4","4.3","0.5","5.1","0.6","33133","428","38139","689","29711","507","18895","959","21491","896","15212","920","27338","517","31619","737","23354","829","32399","413","38828","912","29005","686","43896","878","51550","1462","39468","1213","53998","898","61674","1707","50186","1325","4.8","(X)","(X)","(X)","(X)","(X)",
"5001400US2906","Congressional District 6 (114th Congress), Missouri","71416","852","35974","694","35442","500","13.6","0.9","15.8","1.4","11.4","1.1","31.7","1.4","35.5","1.7","27.9","1.8","46.3","1.4","42.5","2.0","50.3","1.8","8.4","0.8","6.3","0.9","10.5","1.1","502170","1243","244774","918","257396","831","3.3","0.1","3.5","0.2","3.1","0.2","6.7","0.2","7.0","0.3","6.5","0.3","34.9","0.5","36.9","0.6","33.1","0.5","22.6","0.4","21.9","0.5","23.4","0.5","6.8","0.2","6.1","0.3","7.4","0.3","16.6","0.4","16.0","0.4","17.3","0.4","9.0","0.3","8.7","0.3","9.3","0.4","90.0","0.2","89.5","0.3","90.5","0.3","25.6","0.4","24.6","0.5","26.5","0.5","93107","1022","47087","732","46020","613","91.5","0.6","90.0","0.9","93.0","0.7","30.1","1.1","24.7","1.4","35.6","1.5","96324","994","48238","670","48086","522","92.1","0.6","91.2","0.8","92.9","0.7","32.3","1.0","28.8","1.2","35.8","1.2","203120","992","100971","673","102149","625","91.9","0.3","91.2","0.5","92.6","0.5","25.4","0.6","24.7","0.7","26.1","0.7","109619","618","48478","359","61141","482","83.3","0.6","83.6","0.8","83.1","0.9","16.3","0.7","20.2","1.1","13.2","0.7","24.3","1.5","22.0","1.8","26.7","1.9","11.1","0.5","9.4","0.7","12.9","0.6","8.9","0.5","6.7","0.6","10.7","0.7","2.9","0.3","2.7","0.4","3.1","0.4","35065","308","42067","411","28762","514","19835","978","23508","1667","15193","1022","29323","541","35023","691","22337","485","33555","629","41949","719","27133","470","45424","969","59083","2221","37113","623","56516","1476","72179","2620","48560","1597","4.2","(X)","(X)","(X)","(X)","(X)",
"5001400US2907","Congressional District 7 (114th Congress), Missouri","81274","417","39936","296","41338","282","12.1","0.8","14.3","1.3","9.9","0.9","29.7","1.2","32.1","1.8","27.2","1.7","50.5","1.4","47.6","1.8","53.3","2.1","7.8","0.8","6.0","1.0","9.5","1.1","499310","451","240411","402","258899","345","3.8","0.2","4.0","0.2","3.6","0.2","8.9","0.3","9.3","0.4","8.5","0.3","33.0","0.5","34.0","0.7","32.0","0.6","24.9","0.5","24.7","0.6","25.0","0.6","6.9","0.3","5.7","0.3","7.9","0.4","15.1","0.4","14.5","0.5","15.6","0.5","7.6","0.3","7.8","0.3","7.4","0.3","87.3","0.3","86.8","0.4","87.9","0.4","22.6","0.4","22.3","0.5","23.0","0.5","96695","461","48521","344","48174","361","89.2","0.8","87.2","1.2","91.3","0.8","25.9","1.2","21.6","1.4","30.3","1.5","90688","394","45646","293","45042","247","88.0","0.6","86.9","1.0","89.1","0.8","25.6","1.0","22.8","1.2","28.4","1.4","194186","570","94202","448","99984","276","89.0","0.5","87.9","0.7","89.9","0.6","22.7","0.6","22.1","0.8","23.3","0.9","117741","273","52042","185","65699","171","82.6","0.7","84.2","1.0","81.4","1.0","17.6","0.6","23.1","1.0","13.3","0.8","28.7","1.5","26.6","1.7","30.8","1.8","14.8","0.6","12.9","0.8","16.6","0.9","11.8","0.6","9.3","0.7","14.0","0.8","5.2","0.5","4.7","0.6","5.6","0.7","29554","359","34381","505","24712","442","19494","834","23290","1573","15174","779","25097","360","30196","549","20164","544","28276","595","34452","863","23696","659","38028","729","45878","1937","33747","960","49843","1151","62356","2974","43937","951","5.3","(X)","(X)","(X)","(X)","(X)",
"5001400US2908","Congressional District 8 (114th Congress), Missouri","70236","574","37066","497","33170","391","18.7","1.0","20.5","1.5","16.8","1.3","33.6","1.4","36.7","1.8","30.1","1.7","43.2","1.5","39.3","2.1","47.5","1.9","4.6","0.6","3.6","0.8","5.7","0.9","505824","965","247535","674","258289","779","6.9","0.2","6.9","0.3","6.9","0.3","12.3","0.4","13.0","0.5","11.6","0.4","38.1","0.4","40.7","0.5","35.5","0.6","21.3","0.3","20.3","0.5","22.2","0.5","6.4","0.2","5.1","0.3","7.6","0.4","9.3","0.3","8.8","0.4","9.8","0.4","5.7","0.2","5.1","0.3","6.3","0.3","80.8","0.4","80.1","0.5","81.4","0.5","15.1","0.4","13.9","0.5","16.2","0.4","86815","886","44189","571","42626","527","85.8","0.9","84.1","1.3","87.5","1.2","17.6","0.9","14.4","1.0","20.9","1.4","88185","766","44970","549","43215","376","86.5","0.8","84.1","1.2","89.0","1.0","17.2","0.9","13.3","1.1","21.3","1.3","206709","816","103041","546","103668","522","83.5","0.6","82.2","0.8","84.8","0.8","15.2","0.6","13.5","0.7","16.8","0.7","124115","472","55335","294","68780","365","68.7","0.8","69.8","0.9","67.9","1.1","11.6","0.6","14.8","0.9","9.0","0.7","29.2","1.1","25.6","1.3","32.7","1.6","15.5","0.6","13.1","0.8","18.1","0.8","13.5","0.6","11.2","0.9","15.3","0.9","5.3","0.5","5.5","0.7","5.2","0.7","27864","396","33427","514","22462","382","18583","779","23634","1219","14404","781","25032","479","31435","486","18822","642","27948","637","35393","843","23108","602","37368","816","48236","1633","32725","708","46752","1294","53539","4316","44195","1296","6.3","(X)","(X)","(X)","(X)","(X)",
"5001400US3000","Congressional District (at Large) (114th Congress), Montana","98741","526","51471","375","47270","359","14.9","0.8","16.3","1.1","13.5","1.1","32.1","1.2","35.1","1.7","28.7","1.6","46.1","1.4","43.3","1.8","49.1","1.9","6.9","0.6","5.3","0.7","8.7","0.8","683960","614","339277","507","344683","512","2.2","0.1","2.5","0.2","2.0","0.1","5.3","0.2","5.6","0.2","5.0","0.2","29.8","0.4","31.1","0.5","28.5","0.5","25.3","0.4","24.8","0.5","25.8","0.4","8.3","0.2","7.4","0.2","9.2","0.3","19.8","0.3","19.0","0.4","20.7","0.4","9.2","0.2","9.6","0.3","8.9","0.3","92.4","0.2","91.9","0.3","93.0","0.3","29.1","0.4","28.6","0.5","29.6","0.4","125660","651","64913","495","60747","465","92.7","0.6","91.4","0.8","94.1","0.7","31.3","1.0","27.0","1.2","35.9","1.4","113403","536","57513","372","55890","352","94.7","0.5","94.0","0.7","95.4","0.7","33.3","1.0","29.1","1.2","37.6","1.3","286713","618","142551","423","144162","425","94.1","0.3","93.7","0.4","94.6","0.4","28.6","0.5","28.0","0.6","29.2","0.6","158184","286","74300","173","83884","200","87.5","0.4","87.2","0.6","87.8","0.5","25.1","0.6","30.6","1.0","20.2","0.7","24.4","1.2","21.1","1.6","28.1","1.8","14.2","0.6","12.4","0.7","16.1","0.8","11.6","0.4","10.0","0.6","13.1","0.6","5.3","0.4","4.6","0.5","6.0","0.5","30486","249","36828","436","24795","329","18384","1292","23459","1481","13300","716","25118","459","31043","613","19372","581","28572","698","36061","734","22861","572","37247","593","45349","1042","31815","512","51520","737","61469","1593","44713","1365","4.6","(X)","(X)","(X)","(X)","(X)",
"5001400US3101","Congressional District 1 (114th Congress), Nebraska","73143","562","37716","395","35427","337","9.1","0.8","10.4","1.0","7.8","0.9","22.0","1.1","25.5","1.6","18.3","1.3","58.0","1.4","55.2","2.1","60.9","1.9","10.9","0.8","8.9","1.2","13.0","1.3","396135","760","194459","542","201676","486","3.2","0.2","3.3","0.2","3.1","0.2","4.8","0.2","5.2","0.4","4.4","0.2","27.7","0.5","28.2","0.7","27.2","0.6","23.8","0.4","23.0","0.5","24.6","0.5","11.2","0.3","11.5","0.4","10.9","0.3","19.8","0.5","19.2","0.6","20.4","0.5","9.5","0.3","9.7","0.4","9.4","0.4","92.0","0.3","91.6","0.4","92.5","0.3","29.3","0.5","28.8","0.7","29.7","0.6","82971","676","42729","405","40242","461","91.9","0.6","91.4","0.9","92.4","0.8","33.4","1.2","29.0","1.5","38.2","1.4","73348","537","37226","327","36122","390","91.4","0.7","90.6","0.9","92.2","1.0","34.3","1.1","30.7","1.5","38.0","1.5","156453","567","77692","367","78761","385","94.4","0.4","93.6","0.6","95.1","0.4","29.4","0.7","29.3","1.0","29.6","0.8","83363","369","36812","192","46551","259","88.3","0.6","88.3","0.9","88.2","0.8","20.5","0.8","25.8","1.2","16.3","0.9","23.4","1.8","18.0","1.9","29.2","2.7","9.6","0.6","7.9","0.7","11.4","0.9","8.3","0.5","6.3","0.7","10.3","0.7","3.3","0.3","3.3","0.4","3.3","0.5","34820","377","41632","437","28162","553","23013","1241","26738","823","15526","1873","28559","648","35251","1031","22090","501","33218","547","41008","660","26192","477","42488","687","52367","1073","35969","762","57309","1649","70357","2357","51592","1064","3.4","(X)","(X)","(X)","(X)","(X)",
"5001400US3102","Congressional District 2 (114th Congress), Nebraska","59117","499","29518","338","29599","296","12.9","1.0","15.3","1.4","10.4","1.2","26.0","1.4","28.4","1.7","23.6","2.2","47.5","1.6","44.5","2.2","50.5","2.5","13.7","0.9","11.8","1.3","15.5","1.4","401923","689","195093","457","206830","431","4.4","0.2","4.9","0.3","4.0","0.3","5.2","0.3","5.8","0.4","4.6","0.3","21.9","0.4","21.4","0.5","22.3","0.5","23.8","0.4","23.5","0.6","24.1","0.6","7.4","0.3","7.1","0.4","7.7","0.3","24.5","0.4","24.6","0.6","24.5","0.5","12.7","0.3","12.7","0.4","12.7","0.4","90.3","0.3","89.3","0.4","91.3","0.4","37.2","0.5","37.3","0.6","37.2","0.6","99244","547","49747","309","49497","364","90.2","0.6","88.6","0.9","91.7","0.9","42.5","1.2","38.8","1.3","46.3","1.6","82995","444","41864","277","41131","291","89.6","0.7","88.1","1.0","91.1","0.9","41.7","1.1","38.8","1.6","44.6","1.5","153029","446","75017","263","78012","278","92.4","0.5","91.2","0.7","93.5","0.5","36.9","0.8","37.8","1.0","35.9","1.0","66655","260","28465","166","38190","185","86.9","0.7","87.1","1.1","86.7","0.8","24.8","0.9","31.0","1.4","20.2","1.1","27.7","1.8","22.4","2.2","33.9","2.4","12.5","0.8","10.7","1.1","14.2","1.0","9.3","0.6","7.1","0.7","11.2","0.8","3.7","0.3","3.3","0.4","4.1","0.5","37488","478","43318","652","32357","536","21157","550","23212","1035","17521","1099","27685","792","31998","763","23791","968","34075","652","40270","701","28960","944","47371","898","59612","1872","40325","707","60921","1423","78560","4695","51701","790","4.6","(X)","(X)","(X)","(X)","(X)",
"5001400US3103","Congressional District 3 (114th Congress), Nebraska","55475","481","28789","337","26686","387","15.3","0.9","15.6","1.3","14.9","1.3","28.9","1.5","31.0","1.9","26.7","2.0","50.1","1.5","48.5","2.1","51.8","2.0","5.8","0.6","4.9","0.9","6.6","0.8","407171","546","199052","426","208119","439","4.8","0.2","5.4","0.3","4.2","0.3","6.0","0.2","6.4","0.3","5.6","0.3","33.9","0.4","35.8","0.5","32.0","0.5","24.3","0.4","22.5","0.5","25.9","0.5","10.6","0.3","10.1","0.3","11.2","0.4","14.4","0.3","13.7","0.4","15.1","0.4","6.0","0.2","6.1","0.3","5.9","0.3","89.2","0.2","88.2","0.4","90.2","0.4","20.5","0.3","19.8","0.4","21.0","0.4","67622","511","34623","370","32999","351","88.9","0.8","87.8","1.0","90.0","1.2","23.8","1.1","19.7","1.1","28.2","1.5","66128","466","33700","304","32428","286","88.8","0.8","88.4","1.2","89.2","1.0","25.0","0.9","22.1","1.1","28.2","1.2","165776","485","83424","317","82352","332","91.8","0.3","90.6","0.5","93.0","0.4","20.9","0.5","20.2","0.7","21.6","0.7","107645","239","47305","165","60340","175","85.8","0.5","84.2","0.7","87.0","0.6","14.8","0.5","17.7","0.8","12.5","0.7","22.8","1.5","18.8","1.7","27.5","2.1","10.6","0.5","7.6","0.6","13.8","0.6","8.3","0.5","6.0","0.5","10.3","0.6","3.2","0.4","3.1","0.5","3.4","0.5","30895","219","37947","487","24103","290","22113","691","25007","809","17286","1431","27044","325","34579","617","19103","455","30234","328","39493","717","23604","457","39613","908","50091","1193","32214","545","53311","1084","59713","3501","49848","1214","4.9","(X)","(X)","(X)","(X)","(X)",
"5001400US3201","Congressional District 1 (114th Congress), Nevada","68592","1655","35921","1144","32671","1121","27.1","1.3","30.6","2.0","23.2","1.7","35.8","1.3","36.7","1.9","34.8","1.8","33.6","1.6","29.8","2.2","37.7","1.9","3.5","0.5","2.9","0.6","4.3","0.8","442863","3376","226572","2270","216291","2083","11.2","0.4","11.2","0.6","11.2","0.6","13.1","0.4","12.9","0.5","13.3","0.5","32.5","0.6","32.7","0.8","32.2","0.7","22.8","0.6","23.0","0.7","22.6","0.7","5.9","0.3","5.4","0.3","6.4","0.4","10.0","0.3","10.2","0.5","9.8","0.4","4.5","0.2","4.5","0.3","4.4","0.3","75.7","0.5","75.9","0.7","75.5","0.7","14.5","0.4","14.7","0.5","14.2","0.5","99121","2396","52513","1622","46608","1235","76.0","1.1","75.8","1.4","76.2","1.3","12.5","0.8","11.7","1.1","13.4","1.2","91871","1955","48397","1416","43474","1098","72.4","1.2","71.6","1.5","73.3","1.4","12.4","0.7","11.2","1.0","13.8","0.9","168862","2205","87101","1456","81761","1416","76.9","0.7","77.1","1.0","76.7","1.0","15.3","0.7","15.5","0.8","15.1","1.0","83009","1278","38561","818","44448","952","76.3","1.2","78.4","1.4","74.5","1.7","17.3","0.9","21.5","1.4","13.7","1.0","24.5","1.3","21.0","1.4","28.1","1.6","17.5","0.9","16.3","1.0","18.7","1.2","15.7","0.9","14.3","1.1","17.1","1.2","9.5","0.9","9.1","1.3","10.0","1.3","27289","280","29128","529","25765","414","23237","560","24775","775","20798","830","26382","479","28036","1028","24689","908","29365","760","31798","655","26650","698","36908","1528","39693","2923","35260","1553","50714","2349","49971","3236","51533","3019","7.7","(X)","(X)","(X)","(X)","(X)",
"5001400US3202","Congressional District 2 (114th Congress), Nevada","64370","403","33128","302","31242","242","17.5","1.3","21.7","2.1","13.1","1.5","30.2","1.6","33.0","2.3","27.1","2.0","45.1","1.8","40.3","2.2","50.3","2.5","7.2","0.9","5.0","1.1","9.5","1.4","462013","610","232855","549","229158","388","5.2","0.2","5.3","0.3","5.2","0.3","8.0","0.3","8.2","0.4","7.8","0.4","26.5","0.5","27.5","0.6","25.5","0.7","27.8","0.5","26.8","0.7","28.7","0.7","8.1","0.3","7.4","0.3","8.8","0.4","15.7","0.4","15.6","0.5","15.8","0.5","8.7","0.3","9.3","0.4","8.2","0.3","86.8","0.4","86.6","0.5","87.0","0.5","24.4","0.4","24.9","0.5","24.0","0.6","89559","512","46858","354","42701","302","85.5","0.8","84.7","1.2","86.3","1.1","23.5","1.1","21.0","1.3","26.3","1.6","84530","444","43303","271","41227","294","84.0","0.9","83.4","1.3","84.7","1.1","23.8","1.1","23.0","1.4","24.6","1.4","190151","605","95869","399","94282","376","88.6","0.5","87.8","0.6","89.5","0.7","25.7","0.8","25.4","0.9","25.9","1.0","97773","451","46825","288","50948","297","86.8","0.8","88.9","0.9","84.9","1.1","23.4","0.9","29.4","1.2","17.9","1.1","23.9","1.5","20.4","1.9","27.5","1.9","12.6","0.8","11.0","1.1","14.4","1.1","9.7","0.6","8.3","0.8","10.8","0.8","5.7","0.6","5.5","0.9","5.9","0.7","34522","501","40283","656","29119","584","21158","836","25138","1227","17293","757","29022","770","34189","1336","24476","843","33965","715","40773","846","28389","993","49015","1576","58225","3276","42079","1428","64537","2139","79678","4569","55547","2147","5.4","(X)","(X)","(X)","(X)","(X)",
"5001400US3203","Congressional District 3 (114th Congress), Nevada","54875","1753","26712","1154","28163","1318","14.3","1.1","16.7","2.0","12.1","1.5","32.6","1.9","35.8","2.2","29.5","2.7","46.2","2.1","42.2","2.4","50.0","3.1","6.9","0.7","5.3","0.9","8.4","1.2","495748","3457","242755","2290","252993","2043","2.6","0.2","2.4","0.3","2.8","0.3","5.6","0.3","5.4","0.4","5.8","0.3","25.5","0.6","24.9","0.7","26.0","0.7","26.8","0.5","27.1","0.7","26.5","0.7","8.3","0.3","8.1","0.5","8.5","0.3","20.6","0.5","20.6","0.7","20.6","0.7","10.6","0.4","11.4","0.5","9.7","0.5","91.8","0.3","92.2","0.5","91.4","0.4","31.2","0.6","32.0","0.7","30.4","0.8","109396","2117","53740","1594","55656","1143","93.1","0.8","92.8","1.3","93.4","0.8","32.8","1.2","29.3","1.8","36.2","1.5","107810","1908","54142","1342","53668","1142","93.4","0.6","93.0","1.0","93.8","0.9","32.5","1.2","30.9","1.6","34.1","1.6","183680","2213","89580","1513","94100","1415","92.5","0.5","93.0","0.7","92.0","0.7","31.0","0.9","32.7","1.1","29.4","1.2","94862","1635","45293","958","49569","1072","87.1","0.8","88.8","1.0","85.5","1.1","28.1","0.9","35.2","1.4","21.5","1.1","16.8","1.6","14.5","2.1","18.8","2.2","9.4","0.7","8.6","0.9","10.2","1.0","7.7","0.6","5.7","0.8","9.6","0.9","4.5","0.4","4.6","0.7","4.4","0.5","40276","384","45229","825","35274","455","29001","2027","31537","1678","25016","2051","32842","729","37035","1168","29278","880","38200","801","43495","1240","33444","854","48303","1285","57151","1892","41640","810","67333","2502","80792","2698","56429","1915","5.1","(X)","(X)","(X)","(X)","(X)",
"5001400US3204","Congressional District 4 (114th Congress), Nevada","64727","1570","33880","1137","30847","1108","20.8","1.3","21.9","1.5","19.6","1.9","40.0","1.4","42.5","1.8","37.2","2.3","35.3","1.4","33.0","1.9","37.8","2.3","3.9","0.6","2.6","0.7","5.4","0.9","447296","2844","220981","1709","226315","2051","6.0","0.3","6.1","0.3","6.0","0.4","9.7","0.3","10.0","0.5","9.4","0.5","30.6","0.7","30.4","0.8","30.8","0.8","26.6","0.5","26.8","0.7","26.5","0.7","8.0","0.4","7.9","0.5","8.2","0.4","12.5","0.4","12.6","0.5","12.4","0.6","6.5","0.3","6.3","0.4","6.8","0.4","84.3","0.5","83.9","0.5","84.6","0.6","19.0","0.5","18.9","0.7","19.1","0.6","95904","2316","48542","1450","47362","1271","82.7","1.0","82.0","1.3","83.4","1.4","16.4","1.1","13.6","1.3","19.2","1.6","96832","1785","48595","1279","48237","1118","83.4","0.8","81.7","1.1","85.2","1.2","18.9","1.1","17.7","1.4","20.2","1.4","168021","2108","83297","1332","84724","1309","86.3","0.7","85.7","0.9","86.9","0.9","19.9","0.7","19.4","1.1","20.4","0.9","86539","1482","40547","749","45992","1043","83.0","0.9","85.2","1.1","81.1","1.3","20.2","1.0","25.5","1.4","15.5","1.1","24.0","1.5","21.3","1.5","26.6","1.9","14.1","0.9","13.3","1.2","14.9","0.9","10.0","0.6","8.1","0.8","11.9","0.8","5.4","0.6","4.7","0.7","6.1","0.9","33822","509","37931","850","30201","510","23280","825","25821","812","20836","835","29654","1031","33313","1276","25423","753","36167","705","42867","1255","30860","746","46262","1141","52838","1835","40742","1418","62210","1892","75034","6758","57191","2327","5.7","(X)","(X)","(X)","(X)","(X)",
"5001400US3301","Congressional District 1 (114th Congress), New Hampshire","63839","984","31834","753","32005","688","11.5","0.9","14.0","1.3","9.1","1.1","29.8","1.6","33.6","2.4","25.9","1.8","46.9","1.8","42.9","2.1","50.9","2.4","11.8","1.1","9.5","1.2","14.0","1.4","461709","1110","224205","903","237504","835","2.6","0.2","2.6","0.2","2.5","0.2","5.1","0.2","5.6","0.3","4.6","0.3","28.6","0.6","29.6","0.7","27.7","0.7","19.2","0.5","19.2","0.6","19.3","0.6","9.9","0.3","8.4","0.4","11.3","0.4","22.0","0.5","22.2","0.6","21.9","0.5","12.6","0.4","12.5","0.5","12.8","0.4","92.4","0.3","91.8","0.4","92.9","0.3","34.6","0.6","34.6","0.7","34.6","0.7","78008","1187","39775","688","38233","700","93.4","0.7","92.2","1.2","94.7","0.8","37.6","1.5","32.6","1.9","42.8","1.9","85220","909","42060","554","43160","633","94.6","0.4","93.1","0.8","96.0","0.7","40.2","1.3","37.0","1.6","43.2","1.6","203117","1131","100079","762","103038","793","94.1","0.4","93.6","0.6","94.6","0.5","34.7","0.8","34.8","0.9","34.7","0.9","95364","826","42291","574","53073","554","85.8","0.7","85.9","1.0","85.7","0.9","27.1","1.0","33.9","1.2","21.7","1.2","18.0","1.6","15.7","2.0","20.5","2.1","9.2","0.6","7.8","0.8","10.7","0.8","6.7","0.5","5.5","0.7","7.8","0.7","2.8","0.3","2.4","0.4","3.2","0.4","41560","492","50112","675","34044","562","24719","1387","30108","1563","19120","2345","33527","656","40231","850","26237","733","37489","727","46109","1397","30943","788","53185","1130","68440","1756","42292","1080","66055","1567","86527","2614","54845","1845","4.2","(X)","(X)","(X)","(X)","(X)",
"5001400US3302","Congressional District 2 (114th Congress), New Hampshire","62471","937","32281","751","30190","675","11.2","0.9","13.0","1.3","9.2","1.2","30.6","1.5","33.0","2.0","28.1","2.3","47.0","1.5","43.8","2.0","50.5","2.3","11.1","1.0","10.2","1.4","12.2","1.3","457324","1114","222800","946","234524","832","2.7","0.2","2.9","0.2","2.5","0.2","5.7","0.3","6.8","0.4","4.6","0.3","29.6","0.4","31.0","0.6","28.3","0.5","18.6","0.4","18.0","0.5","19.2","0.5","9.3","0.3","8.4","0.3","10.3","0.4","21.1","0.4","20.1","0.6","22.0","0.6","13.0","0.3","12.9","0.4","13.2","0.4","91.6","0.3","90.3","0.4","92.9","0.4","34.1","0.5","33.0","0.7","35.1","0.7","71313","1099","35502","663","35811","666","92.9","0.8","90.5","1.1","95.3","0.8","36.0","1.2","29.1","1.5","42.9","1.9","82427","970","40954","616","41473","605","94.6","0.6","92.5","0.9","96.6","0.7","38.3","1.3","34.8","1.7","41.7","1.8","205064","1091","101841","706","103223","693","93.1","0.4","91.7","0.6","94.4","0.4","34.5","0.7","33.1","1.0","35.8","0.9","98520","800","44503","536","54017","577","85.3","0.7","85.0","1.0","85.5","1.0","28.3","0.9","34.1","1.2","23.6","1.1","17.2","1.5","14.9","1.6","20.3","2.3","9.0","0.6","7.3","0.6","10.7","0.9","7.3","0.5","5.6","0.7","8.7","0.7","3.1","0.4","2.9","0.4","3.4","0.5","40517","382","48137","884","33483","490","25798","1237","28999","1727","19751","1519","32598","719","38182","1014","26176","588","38139","679","47334","1209","31470","473","50353","867","66575","1891","39750","1358","65610","1684","90000","3317","54317","1401","4.0","(X)","(X)","(X)","(X)","(X)",
"5001400US3401","Congressional District 1 (114th Congress), New Jersey","67776","622","34856","485","32920","431","12.7","1.0","14.9","1.4","10.3","1.1","33.6","1.6","37.4","2.1","29.6","2.0","42.6","1.7","38.7","2.0","46.7","2.2","11.1","0.8","9.0","1.1","13.3","1.1","494272","807","231742","715","262530","507","3.9","0.2","3.8","0.2","4.1","0.3","7.4","0.3","7.8","0.4","7.1","0.3","32.8","0.5","32.7","0.7","32.9","0.6","19.4","0.3","20.1","0.5","18.7","0.5","7.5","0.3","6.4","0.3","8.5","0.4","19.1","0.4","19.0","0.5","19.2","0.5","9.8","0.3","10.2","0.4","9.5","0.4","88.6","0.3","88.5","0.4","88.8","0.4","28.9","0.4","29.2","0.6","28.7","0.5","97123","679","47984","507","49139","392","92.1","0.7","90.8","1.0","93.4","0.8","33.8","1.0","28.8","1.4","38.6","1.3","94678","597","45735","387","48943","384","91.7","0.7","90.6","1.0","92.8","0.8","33.5","1.0","30.4","1.5","36.3","1.3","202326","675","96272","461","106054","405","90.8","0.4","90.1","0.6","91.5","0.5","28.8","0.6","29.6","0.9","28.1","0.8","100145","465","41751","308","58394","343","78.1","0.8","79.8","1.1","76.9","1.0","20.1","0.7","27.3","1.0","15.0","0.8","24.2","1.5","19.6","2.0","28.3","1.8","10.7","0.6","8.3","0.8","12.9","0.8","7.2","0.5","5.7","0.7","8.5","0.7","3.5","0.3","3.3","0.5","3.7","0.5","42803","527","50673","644","35751","759","23090","1119","27278","1607","18175","1184","33532","883","42451","939","25771","570","40424","640","48835","1555","33330","1039","55533","1054","65426","1522","50061","1094","74419","2286","87865","3434","64059","2158","5.4","(X)","(X)","(X)","(X)","(X)",
"5001400US3402","Congressional District 2 (114th Congress), New Jersey","64850","653","33330","439","31520","562","13.8","0.9","15.4","1.2","12.0","1.3","35.6","1.4","39.4","2.0","31.5","2.0","41.7","1.3","37.4","1.8","46.3","2.0","9.0","0.8","7.8","1.1","10.2","1.1","504424","926","243459","652","260965","729","5.7","0.3","6.1","0.3","5.4","0.3","9.2","0.3","9.9","0.4","8.4","0.4","35.1","0.5","35.8","0.6","34.5","0.6","19.3","0.4","19.1","0.5","19.4","0.5","7.0","0.3","5.8","0.3","8.1","0.3","16.0","0.3","15.6","0.5","16.3","0.5","7.7","0.2","7.7","0.3","7.7","0.3","85.1","0.3","84.0","0.5","86.1","0.4","23.7","0.4","23.3","0.5","24.0","0.5","86324","624","44586","436","41738","462","86.4","0.8","83.3","1.3","89.6","0.9","26.0","1.1","20.9","1.6","31.5","1.6","91270","615","45367","414","45903","408","85.8","0.9","84.0","1.3","87.5","1.2","25.1","1.0","20.9","1.1","29.3","1.4","209927","858","102683","570","107244","553","87.9","0.5","86.9","0.7","88.8","0.7","24.7","0.5","24.8","0.8","24.5","0.7","116903","658","50823","434","66080","440","78.6","0.7","78.7","1.0","78.6","0.9","19.0","0.6","24.5","1.0","14.8","0.8","25.1","1.4","20.7","1.6","29.5","2.0","11.3","0.6","9.6","0.8","12.9","0.8","8.5","0.6","6.4","0.8","10.2","0.8","3.8","0.4","3.5","0.5","4.0","0.6","36713","482","42925","927","31420","425","21634","576","23754","1186","18336","918","31088","453","38574","1400","25123","712","36631","825","45991","1259","30900","675","52675","1074","59492","2794","48048","1821","71923","2265","82400","5729","64707","1923","5.5","(X)","(X)","(X)","(X)","(X)",
"5001400US3403","Congressional District 3 (114th Congress), New Jersey","59789","775","32590","576","27199","546","12.6","1.1","13.9","1.5","11.1","1.4","31.1","1.6","34.3","2.2","27.4","1.9","43.7","1.7","41.9","2.2","45.9","2.0","12.5","0.8","9.9","1.0","15.6","1.4","518937","1226","245512","967","273425","966","2.6","0.2","2.7","0.3","2.5","0.2","5.6","0.2","5.7","0.3","5.5","0.3","33.0","0.4","32.3","0.6","33.7","0.5","19.5","0.3","20.4","0.5","18.8","0.5","7.7","0.2","7.0","0.3","8.3","0.4","21.0","0.4","21.0","0.5","20.9","0.5","10.6","0.3","10.9","0.4","10.4","0.4","91.8","0.3","91.6","0.4","92.0","0.4","31.6","0.4","32.0","0.6","31.2","0.6","80605","882","41309","641","39296","578","93.8","0.8","92.1","1.1","95.6","0.8","36.5","1.3","29.9","1.8","43.4","1.6","93662","810","45479","465","48183","561","94.0","0.6","93.2","0.7","94.8","0.8","38.4","1.3","34.6","1.5","41.9","1.7","214772","922","103300","633","111472","552","94.6","0.3","93.9","0.4","95.2","0.4","32.6","0.5","33.1","0.8","32.2","0.8","129898","870","55424","531","74474","676","84.3","0.7","85.6","0.9","83.4","0.9","21.9","0.8","29.3","1.0","16.4","0.9","14.6","1.4","13.6","1.9","15.5","1.6","6.8","0.4","5.6","0.5","7.9","0.5","4.8","0.4","3.7","0.4","5.8","0.6","2.2","0.3","1.9","0.3","2.5","0.4","47715","639","56568","793","38589","757","23506","1545","28487","3020","17485","1829","36290","770","46964","1310","27084","632","43611","949","53919","1123","36005","869","60808","1093","74243","3029","51476","828","81678","1305","98655","2746","70322","1610","4.5","(X)","(X)","(X)","(X)","(X)",
"5001400US3404","Congressional District 4 (114th Congress), New Jersey","56539","1190","28777","844","27762","806","12.2","1.2","14.2","1.7","10.3","1.5","28.0","1.7","29.1","2.3","26.9","2.2","44.0","1.8","43.5","2.3","44.5","2.4","15.7","1.0","13.2","1.1","18.4","1.7","494670","1276","231968","1358","262702","1200","3.4","0.2","3.6","0.3","3.3","0.3","5.2","0.2","5.6","0.3","4.8","0.3","28.6","0.5","26.8","0.7","30.1","0.6","18.4","0.3","19.1","0.5","17.9","0.4","7.0","0.3","5.9","0.4","8.0","0.3","23.4","0.4","24.1","0.6","22.7","0.5","14.0","0.3","15.0","0.5","13.2","0.4","91.4","0.3","90.8","0.4","91.9","0.4","37.4","0.5","39.1","0.7","36.0","0.6","77447","1442","39012","883","38435","918","90.7","1.0","89.5","1.3","91.9","1.1","40.3","1.4","35.6","1.6","45.1","2.0","87407","1247","42859","898","44548","763","93.5","0.7","91.9","1.1","94.9","0.8","45.3","1.2","42.1","1.6","48.4","1.5","205103","1384","98963","975","106140","817","94.3","0.4","93.3","0.5","95.3","0.5","39.8","0.7","41.2","1.0","38.5","0.8","124713","1207","51134","810","73579","885","85.6","0.7","86.1","0.9","85.2","0.9","26.2","0.9","35.1","1.4","20.0","1.0","19.1","1.6","16.2","2.2","22.1","2.2","8.5","0.6","7.3","0.8","9.5","0.8","6.9","0.5","5.5","0.6","8.1","0.7","3.6","0.3","3.5","0.5","3.7","0.4","49324","763","60206","958","38962","986","21741","918","24285","1668","17153","1193","35297","1256","44929","1756","26616","807","43043","1076","54314","1389","34840","828","62919","1559","83136","2360","50183","1144","80597","1470","104802","3380","63260","1925","4.6","(X)","(X)","(X)","(X)","(X)",
"5001400US3405","Congressional District 5 (114th Congress), New Jersey","58744","1043","30449","769","28295","792","10.1","0.9","11.4","1.2","8.8","1.1","26.0","1.3","29.9","1.7","21.8","1.7","46.9","1.5","45.6","1.8","48.4","2.1","17.0","1.0","13.1","1.3","21.1","1.5","509911","1647","242428","1423","267483","1133","3.3","0.2","3.1","0.3","3.5","0.3","3.8","0.2","4.1","0.3","3.4","0.3","25.2","0.5","24.7","0.6","25.7","0.6","16.4","0.3","16.5","0.4","16.3","0.5","6.3","0.2","5.4","0.3","7.1","0.3","28.0","0.4","28.2","0.7","27.8","0.4","17.0","0.3","17.9","0.5","16.2","0.4","92.9","0.3","92.7","0.4","93.1","0.4","45.0","0.5","46.2","0.7","44.0","0.5","72678","1495","36176","1033","36502","861","95.3","0.7","94.1","1.2","96.6","0.6","52.0","1.3","46.7","1.8","57.3","1.6","96893","1188","46839","774","50054","803","95.8","0.4","95.1","0.7","96.4","0.6","52.9","1.0","48.8","1.5","56.8","1.4","227247","1728","110975","995","116272","1088","94.6","0.4","94.0","0.5","95.1","0.5","45.9","0.7","46.8","1.0","45.1","0.8","113093","1275","48438","699","64655","1008","85.6","0.6","86.5","0.9","84.9","0.9","31.9","1.0","41.8","1.3","24.5","1.2","16.9","1.7","12.6","1.8","21.0","2.4","6.9","0.6","5.7","0.7","8.0","0.8","5.6","0.5","4.5","0.7","6.5","0.7","2.6","0.3","2.1","0.3","3.0","0.4","52692","560","64809","1220","41849","737","25291","1266","30728","2604","17937","1697","36146","1029","44834","1598","27059","948","43740","923","53876","1509","35593","895","63095","1478","81139","1771","51503","884","86655","1635","106526","2674","70681","1673","5.3","(X)","(X)","(X)","(X)","(X)",
"5001400US3406","Congressional District 6 (114th Congress), New Jersey","80269","1011","40777","803","39492","826","9.9","0.8","11.4","1.2","8.4","1.0","23.5","1.2","26.1","1.7","20.9","1.4","53.2","1.4","51.7","2.0","54.8","2.0","13.3","0.8","10.8","1.0","15.9","1.1","494467","1493","239520","1446","254947","1098","6.0","0.3","5.8","0.3","6.1","0.3","5.8","0.2","5.8","0.3","5.7","0.3","28.1","0.5","28.1","0.7","28.2","0.7","16.0","0.4","16.3","0.6","15.8","0.4","6.4","0.2","5.7","0.3","7.2","0.3","23.1","0.4","23.1","0.5","23.0","0.6","14.5","0.3","15.2","0.5","14.0","0.4","88.2","0.3","88.4","0.4","88.1","0.4","37.6","0.5","38.3","0.6","37.0","0.6","105745","1558","53290","1023","52455","876","91.8","0.7","90.8","1.0","93.0","0.9","47.6","1.1","42.2","1.4","53.1","1.4","101119","1323","51453","931","49666","808","90.2","0.6","89.3","0.8","91.0","0.9","43.6","1.1","42.9","1.4","44.3","1.3","198658","1331","97106","828","101552","834","89.8","0.5","89.6","0.6","90.1","0.7","35.5","0.7","36.6","0.9","34.5","0.9","88945","879","37671","654","51274","724","78.2","0.8","80.5","1.2","76.6","1.1","23.6","0.9","30.9","1.5","18.2","1.0","20.3","1.4","17.5","1.8","22.9","1.7","9.8","0.6","8.0","0.7","11.4","0.8","6.4","0.5","4.8","0.7","7.8","0.8","3.4","0.4","3.0","0.4","3.8","0.5","47619","674","55994","830","38181","817","21320","693","25057","1582","16906","600","33714","908","41309","966","27496","1021","43633","1165","52759","1290","35970","1026","62763","1338","75568","1621","52103","992","82153","1539","98171","3443","66954","2480","6.0","(X)","(X)","(X)","(X)","(X)",
"5001400US3407","Congressional District 7 (114th Congress), New Jersey","54256","1091","28627","824","25629","883","14.5","1.0","15.9","1.4","12.9","1.4","28.7","1.3","32.2","1.7","24.7","2.0","38.9","1.5","37.4","1.9","40.6","2.5","18.0","1.1","14.5","1.4","21.8","1.5","504771","1537","240086","1310","264685","1047","3.0","0.2","3.1","0.3","2.9","0.2","3.6","0.2","3.8","0.3","3.5","0.3","22.4","0.5","21.4","0.5","23.3","0.6","14.7","0.4","14.7","0.5","14.7","0.5","6.0","0.2","4.8","0.3","7.1","0.3","28.8","0.5","29.0","0.6","28.7","0.6","21.4","0.4","23.1","0.4","19.9","0.4","93.3","0.3","93.0","0.4","93.6","0.3","50.2","0.6","52.0","0.6","48.6","0.7","69044","1357","34412","898","34632","825","93.8","0.8","92.2","1.2","95.5","0.9","52.6","1.4","45.9","1.7","59.2","2.0","101639","1116","48428","825","53211","798","95.0","0.6","94.0","0.9","95.9","0.6","59.0","1.1","56.5","1.1","61.2","1.7","232406","1275","113808","992","118598","800","95.6","0.3","95.0","0.4","96.2","0.5","52.8","0.8","54.4","1.0","51.2","1.0","101682","1112","43438","652","58244","775","86.3","0.7","87.5","0.9","85.3","0.9","34.0","0.9","45.7","1.4","25.3","1.0","13.4","1.4","12.2","1.9","14.7","1.9","7.2","0.6","5.9","0.8","8.3","0.9","4.7","0.5","4.0","0.7","5.2","0.6","1.8","0.2","1.8","0.3","1.9","0.2","59808","773","74810","1234","47339","974","25340","1319","28701","2692","20469","1640","36483","883","45320","1632","27474","1450","47348","1298","56675","2008","37962","1418","71341","1118","93037","2328","54870","1203","100716","1346","129237","3474","77173","1684","5.0","(X)","(X)","(X)","(X)","(X)",
"5001400US3408","Congressional District 8 (114th Congress), New Jersey","72970","1289","37802","1018","35168","890","15.8","1.2","18.1","1.5","13.4","1.3","30.2","1.5","32.2","2.0","28.1","1.8","40.1","1.6","38.3","2.2","42.1","1.8","13.8","0.9","11.4","1.2","16.4","1.3","516034","2537","255346","1675","260688","1764","13.3","0.4","13.1","0.6","13.4","0.5","9.1","0.3","9.2","0.4","9.0","0.3","29.1","0.5","29.8","0.7","28.5","0.6","14.6","0.4","14.4","0.5","14.9","0.5","4.4","0.2","3.7","0.2","5.0","0.3","18.6","0.3","18.7","0.5","18.5","0.5","10.9","0.3","11.0","0.4","10.8","0.4","77.6","0.5","77.7","0.7","77.6","0.5","29.5","0.5","29.7","0.6","29.2","0.5","155419","2025","79909","1460","75510","1165","86.7","0.8","84.5","1.3","89.0","0.9","43.6","1.0","41.3","1.3","46.1","1.1","117381","1513","62087","904","55294","1123","81.2","1.0","81.0","1.1","81.4","1.4","31.8","0.9","30.8","1.1","32.8","1.3","170055","1820","82937","1087","87118","1214","75.9","0.7","75.5","1.1","76.3","0.9","22.0","0.8","22.5","1.1","21.4","0.9","73179","1147","30413","699","42766","781","56.7","1.3","58.9","1.6","55.0","1.7","13.2","0.8","16.7","1.1","10.7","0.9","24.7","1.0","18.6","1.2","30.7","1.5","17.2","0.8","13.0","1.0","21.5","1.0","12.7","0.8","9.0","0.9","15.9","1.2","6.4","0.5","5.6","0.7","7.1","0.7","35829","501","40588","688","30267","611","21092","442","25302","744","15739","599","26941","487","31917","779","21300","610","33485","979","40356","1152","28924","1063","56830","1393","65074","1865","52095","1299","75035","1659","85561","2832","67154","1690","7.7","(X)","(X)","(X)","(X)","(X)",
"5001400US3409","Congressional District 9 (114th Congress), New Jersey","66910","1164","34320","820","32590","842","13.9","0.9","15.4","1.4","12.4","1.4","31.2","1.4","35.0","1.9","27.3","1.8","43.6","1.4","40.1","1.9","47.2","2.1","11.2","0.9","9.4","1.1","13.1","1.4","505206","1888","238700","1632","266506","1383","8.5","0.3","8.3","0.5","8.6","0.5","7.3","0.3","7.3","0.4","7.2","0.4","31.9","0.5","32.5","0.6","31.3","0.7","15.6","0.4","15.4","0.6","15.8","0.5","5.4","0.2","4.9","0.4","5.8","0.3","20.4","0.4","20.1","0.5","20.6","0.6","11.0","0.3","11.4","0.5","10.6","0.4","84.3","0.5","84.4","0.6","84.2","0.6","31.4","0.5","31.6","0.6","31.2","0.6","107562","1510","53697","989","53865","960","90.3","0.9","88.9","1.3","91.8","1.0","38.2","1.2","34.0","1.5","42.4","1.4","106424","1342","51495","834","54929","914","87.2","0.9","85.6","1.3","88.7","1.1","36.0","1.1","34.4","1.4","37.6","1.4","193208","1930","92154","1176","101054","1154","85.5","0.6","85.8","0.9","85.3","0.8","30.3","0.7","31.0","0.9","29.6","0.9","98012","1250","41354","792","56658","966","71.9","1.1","73.8","1.5","70.5","1.4","21.0","0.8","26.1","1.3","17.2","0.9","24.6","1.5","19.7","1.8","28.9","1.6","14.7","0.8","12.4","1.1","16.8","1.0","10.2","0.7","7.1","0.9","12.9","1.1","5.2","0.5","4.6","0.5","5.7","0.7","40808","405","46372","957","35176","650","21918","561","26314","902","17182","720","31378","489","36302","973","25818","683","38697","1124","45886","1848","32928","1246","57282","1550","64476","3138","51621","1085","76764","1986","90979","3511","67498","3039","6.4","(X)","(X)","(X)","(X)","(X)",
"5001400US3410","Congressional District 10 (114th Congress), New Jersey","77772","1329","39859","970","37913","877","13.3","0.9","14.6","1.3","11.9","1.3","29.7","1.2","32.2","1.7","27.1","1.6","47.0","1.5","44.6","2.0","49.5","1.9","10.0","0.8","8.6","1.1","11.5","1.1","483640","2552","221730","1986","261910","1709","6.7","0.3","7.0","0.5","6.4","0.3","8.9","0.3","9.1","0.5","8.7","0.4","31.8","0.5","33.4","0.8","30.4","0.6","20.2","0.5","19.6","0.7","20.7","0.6","6.0","0.2","5.1","0.4","6.7","0.3","17.3","0.4","16.7","0.6","17.9","0.5","9.2","0.3","9.1","0.4","9.2","0.4","84.4","0.4","83.9","0.6","84.9","0.5","26.5","0.5","25.8","0.7","27.1","0.6","108030","1982","51946","1354","56084","1249","90.4","0.7","88.8","1.1","91.9","0.8","32.3","1.0","29.6","1.5","34.9","1.4","104968","1490","50022","943","54946","990","87.6","0.8","86.0","1.3","89.0","1.0","28.9","1.1","26.2","1.6","31.4","1.5","187917","1795","87505","1079","100412","1208","85.4","0.7","84.4","1.0","86.4","0.8","25.7","0.7","25.4","1.0","26.0","0.9","82725","1077","32257","800","50468","735","70.3","1.1","71.5","1.6","69.5","1.4","17.7","0.8","20.6","1.2","15.9","0.9","27.1","1.3","22.2","1.5","31.2","1.7","18.8","0.8","15.0","1.1","22.2","1.1","15.1","0.7","11.4","1.1","17.9","0.9","6.4","0.5","6.3","0.8","6.5","0.7","37283","415","40811","690","34567","630","22798","1297","26539","1363","19879","1076","30705","584","33615","964","25992","889","35227","688","38798","1341","32629","912","52199","929","55633","1853","49791","1495","67908","2241","80146","4202","61987","1610","8.8","(X)","(X)","(X)","(X)","(X)",
"5001400US3411","Congressional District 11 (114th Congress), New Jersey","56654","1203","28744","831","27910","867","9.5","0.8","10.5","1.4","8.5","1.2","23.2","1.3","25.8","1.9","20.6","1.6","47.6","1.6","46.3","2.4","49.0","1.9","19.6","1.1","17.4","1.6","21.9","1.6","518731","1507","244903","1358","273828","1179","2.6","0.2","2.3","0.3","2.8","0.2","3.3","0.2","3.3","0.2","3.3","0.2","23.3","0.5","21.9","0.6","24.6","0.6","14.1","0.3","15.0","0.4","13.4","0.3","5.7","0.2","4.8","0.3","6.6","0.3","30.5","0.4","30.9","0.6","30.1","0.5","20.5","0.5","21.8","0.6","19.3","0.5","94.1","0.3","94.3","0.3","93.8","0.3","50.9","0.5","52.7","0.6","49.3","0.6","76823","1355","37587","976","39236","852","97.0","0.5","96.6","0.7","97.4","0.6","61.5","1.4","56.5","1.8","66.4","1.8","98692","1331","47934","916","50758","793","96.7","0.4","96.2","0.7","97.1","0.5","60.2","1.3","57.4","1.6","62.8","1.5","224460","1448","108861","1009","115599","833","95.9","0.3","95.8","0.4","96.1","0.4","51.5","0.7","52.8","0.9","50.3","0.9","118756","1133","50521","630","68235","826","86.6","0.7","87.9","0.9","85.6","0.8","35.4","1.1","45.4","1.3","27.9","1.3","12.5","1.6","10.8","2.1","13.9","2.0","5.8","0.5","5.0","0.6","6.4","0.7","4.0","0.5","3.4","0.6","4.5","0.7","2.2","0.2","1.8","0.3","2.7","0.3","58842","932","72772","1305","47338","1165","29172","3281","34193","3706","23398","2922","39528","1056","47117","1686","30772","939","49110","1545","58902","1864","38311","1652","66887","1094","86492","2289","52476","1200","91421","1595","115082","3726","72358","1808","4.4","(X)","(X)","(X)","(X)","(X)",
"5001400US3412","Congressional District 12 (114th Congress), New Jersey","69140","1188","36032","996","33108","909","12.9","1.0","16.1","1.5","9.4","1.4","26.5","1.3","28.8","1.9","23.9","1.7","47.1","1.6","43.7","2.2","50.7","2.2","13.6","0.9","11.3","1.3","16.0","1.2","507558","1722","244379","1740","263179","1247","5.5","0.3","5.6","0.4","5.4","0.4","5.8","0.3","6.2","0.4","5.4","0.3","24.5","0.5","23.9","0.6","25.1","0.6","15.5","0.3","15.2","0.5","15.6","0.5","6.0","0.2","5.1","0.4","6.9","0.3","23.6","0.5","23.8","0.6","23.4","0.5","19.1","0.4","20.2","0.5","18.1","0.5","88.7","0.4","88.2","0.5","89.2","0.4","42.7","0.5","44.0","0.7","41.5","0.6","96191","1719","49088","1257","47103","871","88.7","0.8","86.5","1.2","91.1","1.0","45.9","1.2","40.4","1.8","51.6","1.3","106163","1613","52626","1108","53537","988","90.0","0.7","88.4","1.0","91.6","0.8","48.0","1.2","45.2","1.5","50.7","1.6","203991","1560","99970","1065","104021","977","91.2","0.5","90.3","0.7","92.1","0.5","43.3","0.7","45.5","1.0","41.3","0.9","101213","930","42695","677","58518","795","82.2","0.8","85.1","1.2","80.1","1.0","32.9","1.0","42.9","1.6","25.6","1.0","21.6","1.7","19.1","2.2","24.1","1.9","9.7","0.7","8.0","1.0","11.3","1.0","6.9","0.6","5.9","0.6","7.7","0.8","2.9","0.3","2.7","0.3","3.0","0.4","48884","860","56933","1459","41340","652","20361","730","22583","1515","16136","873","32227","757","37183","1382","27511","1131","41609","763","48086","2271","36933","1406","65479","933","79227","2669","52295","1166","86640","1963","105832","2640","70116","2423","5.6","(X)","(X)","(X)","(X)","(X)",
"5001400US3501","Congressional District 1 (114th Congress), New Mexico","69340","671","35199","464","34141","355","18.6","1.3","20.9","1.8","16.1","1.6","26.4","1.4","29.5","2.0","23.3","1.9","48.0","1.7","44.0","2.3","52.1","2.2","7.0","0.6","5.6","1.0","8.5","0.9","464852","1161","224403","759","240449","682","5.7","0.3","6.0","0.4","5.5","0.4","7.1","0.3","7.6","0.3","6.6","0.4","24.1","0.5","24.5","0.6","23.7","0.6","24.1","0.5","23.2","0.6","24.8","0.7","7.5","0.3","7.0","0.4","8.1","0.4","17.4","0.4","17.0","0.5","17.8","0.5","14.1","0.4","14.7","0.4","13.5","0.5","87.2","0.4","86.4","0.6","87.9","0.5","31.5","0.5","31.7","0.6","31.3","0.6","100800","728","51429","447","49371","460","87.3","1.0","85.7","1.3","88.9","1.3","27.8","1.2","23.8","1.3","32.1","1.5","85374","748","42953","509","42421","380","86.9","1.1","85.5","1.4","88.4","1.4","32.6","1.1","29.9","1.2","35.4","1.7","185048","934","88837","617","96211","522","88.8","0.6","87.3","0.9","90.1","0.8","33.0","0.7","33.7","1.0","32.4","0.9","93630","552","41184","318","52446","370","84.1","0.7","86.1","1.0","82.5","0.9","31.4","0.9","39.1","1.2","25.4","1.1","33.5","1.9","30.2","2.4","36.8","2.2","17.6","0.9","15.7","1.3","19.5","1.2","14.4","0.8","12.9","0.9","15.8","1.1","6.0","0.5","5.8","0.7","6.2","0.6","33670","476","38082","925","29933","761","18966","928","21921","1327","14777","885","26395","688","30689","758","21654","832","30896","586","35574","1200","26699","761","44314","956","52332","1307","39835","1585","58784","1891","76553","2223","50809","1084","6.7","(X)","(X)","(X)","(X)","(X)",
"5001400US3502","Congressional District 2 (114th Congress), New Mexico","76597","723","40191","549","36406","410","20.1","1.2","21.8","1.7","18.2","1.6","27.9","1.4","32.0","1.8","23.3","2.0","47.8","1.5","42.9","1.8","53.1","2.3","4.3","0.7","3.2","0.8","5.4","1.0","443254","1207","218046","746","225208","749","9.9","0.3","9.9","0.4","9.9","0.4","10.6","0.4","11.3","0.5","9.9","0.5","28.2","0.5","30.2","0.7","26.3","0.7","23.7","0.5","23.1","0.8","24.3","0.7","7.4","0.3","6.1","0.3","8.6","0.5","12.2","0.4","12.0","0.5","12.4","0.5","7.9","0.3","7.4","0.4","8.5","0.4","79.5","0.5","78.8","0.7","80.2","0.6","20.1","0.5","19.4","0.6","20.9","0.6","87781","984","45775","614","42006","628","82.7","1.0","80.2","1.6","85.5","1.3","17.1","1.0","14.5","1.2","20.0","1.4","76318","706","38206","489","38112","512","80.7","1.2","79.5","1.6","81.8","1.5","19.1","1.1","15.8","1.3","22.4","1.6","174825","916","85203","653","89622","545","81.3","0.7","80.5","0.9","82.1","0.8","21.8","0.7","21.0","0.9","22.6","1.0","104330","516","48862","309","55468","407","72.8","0.9","73.9","1.2","71.9","1.2","20.7","0.8","24.0","1.2","17.8","1.1","34.5","1.3","30.3","1.7","38.6","1.6","18.4","0.9","16.1","1.1","20.9","1.2","14.4","0.8","12.3","1.1","16.2","1.2","6.5","0.6","5.8","0.8","7.1","0.8","27341","351","34037","778","21981","451","15565","551","20324","965","10766","596","24466","673","30679","882","17862","1004","27582","889","36773","1189","22448","686","42370","1044","50004","2939","37750","1589","53806","1371","63200","5484","50636","1570","4.6","(X)","(X)","(X)","(X)","(X)",
"5001400US3503","Congressional District 3 (114th Congress), New Mexico","63258","780","32839","582","30419","478","21.9","1.4","23.5","1.8","20.2","1.9","30.5","1.6","32.7","2.2","28.1","2.4","43.7","1.9","40.9","2.4","46.8","2.7","3.9","0.6","2.9","0.7","4.9","0.9","451907","1261","218499","786","233408","809","5.8","0.2","6.1","0.4","5.5","0.3","9.1","0.3","10.0","0.5","8.3","0.4","26.8","0.4","28.4","0.7","25.3","0.5","23.8","0.4","22.7","0.6","24.8","0.6","8.1","0.3","7.3","0.4","8.9","0.4","14.7","0.4","14.1","0.5","15.3","0.5","11.6","0.3","11.4","0.5","11.8","0.4","85.1","0.4","83.9","0.6","86.2","0.4","26.3","0.4","25.5","0.6","27.1","0.5","85933","877","43328","509","42605","558","84.5","1.0","81.4","1.5","87.6","1.2","19.2","1.1","15.5","1.3","22.9","1.5","84758","737","42092","513","42666","449","86.4","0.8","85.0","1.1","87.8","1.2","24.9","1.1","22.8","1.4","27.0","1.3","183909","1119","89162","704","94747","626","88.0","0.6","86.5","0.7","89.3","0.7","28.9","0.6","27.4","0.9","30.3","0.8","97307","646","43917","389","53390","460","79.1","0.8","80.2","1.2","78.1","0.9","29.1","1.0","34.1","1.5","25.0","1.1","33.6","1.4","31.0","1.8","36.3","1.8","20.1","0.8","19.1","1.1","21.1","1.0","14.6","0.8","12.5","0.9","16.4","1.1","6.1","0.5","5.1","0.6","7.0","0.7","32125","370","37519","937","27055","428","19307","882","23349","1719","14342","1075","26233","427","30661","749","21747","801","31459","570","39766","1468","25605","661","43405","1087","50287","1605","38948","1955","55273","1392","74299","4130","49075","1725","5.4","(X)","(X)","(X)","(X)","(X)",
"5001400US3601","Congressional District 1 (114th Congress), New York","67006","1350","35289","939","31717","943","10.4","1.0","12.4","1.2","8.3","1.4","28.4","1.3","31.4","2.1","25.1","1.5","46.2","1.6","43.7","2.2","48.9","2.0","15.0","1.0","12.5","1.2","17.8","1.7","493253","1769","238780","1419","254473","1309","3.4","0.3","3.7","0.4","3.2","0.3","4.9","0.2","5.3","0.3","4.5","0.3","29.8","0.6","29.2","0.8","30.3","0.7","17.9","0.4","18.7","0.6","17.3","0.5","9.6","0.3","8.9","0.4","10.4","0.4","18.4","0.4","19.4","0.6","17.4","0.5","15.9","0.3","14.8","0.5","16.9","0.4","91.7","0.4","91.0","0.5","92.2","0.4","34.3","0.5","34.2","0.7","34.3","0.5","79684","1514","40682","1125","39002","976","90.9","1.1","90.1","1.5","91.7","1.2","39.8","1.5","33.6","1.8","46.4","2.2","95661","1497","47119","1017","48542","883","93.1","0.8","91.4","1.1","94.8","0.8","39.2","1.4","34.4","1.7","43.9","1.6","208550","1895","102473","1343","106077","963","94.0","0.4","92.8","0.5","95.2","0.5","33.7","0.8","34.3","1.1","33.1","0.9","109358","1119","48506","707","60852","814","86.5","0.7","87.7","1.0","85.5","0.9","26.9","0.7","34.4","1.0","21.0","0.9","17.9","2.0","14.3","2.3","21.7","2.4","7.9","0.7","7.0","0.9","8.7","0.8","5.1","0.4","3.9","0.6","6.3","0.6","3.2","0.4","2.8","0.4","3.5","0.5","49425","746","59929","1225","39880","694","25586","1369","29734","3495","17664","2155","37683","945","46133","2223","29209","1691","47183","981","58790","2727","37744","1026","61353","1385","78151","2919","48395","2250","81911","1413","100382","2374","70367","2407","5.8","(X)","(X)","(X)","(X)","(X)",
"5001400US3602","Congressional District 2 (114th Congress), New York","65846","1351","33813","998","32033","1062","12.6","1.0","14.8","1.4","10.4","1.2","29.5","1.4","30.8","1.7","28.0","1.9","43.9","1.4","42.8","1.9","44.9","1.9","14.1","1.0","11.6","1.2","16.7","1.4","490314","1835","233812","1499","256502","1426","5.8","0.4","6.2","0.5","5.5","0.4","6.3","0.3","6.5","0.3","6.1","0.4","32.8","0.5","32.1","0.7","33.4","0.7","18.0","0.4","19.9","0.5","16.4","0.5","9.1","0.3","8.4","0.4","9.8","0.3","16.6","0.4","17.3","0.5","16.0","0.5","11.3","0.3","9.6","0.4","12.8","0.4","87.9","0.4","87.3","0.6","88.4","0.5","27.9","0.5","26.9","0.6","28.8","0.5","88258","1605","44689","1217","43569","1047","89.2","1.0","88.0","1.4","90.5","1.0","36.5","1.1","29.1","1.5","44.0","1.6","97464","1390","48623","1044","48841","836","87.8","0.9","85.4","1.2","90.1","1.0","33.0","1.1","28.3","1.3","37.7","1.5","208074","1852","100952","1280","107122","1113","90.2","0.5","89.7","0.7","90.7","0.6","26.8","0.6","27.2","0.9","26.5","0.8","96518","1224","39548","809","56970","892","81.8","0.7","82.9","1.0","81.1","0.9","17.3","0.8","22.2","1.4","13.9","0.9","11.9","1.1","9.2","1.2","14.5","1.5","6.1","0.5","4.6","0.6","7.4","0.6","4.2","0.4","3.1","0.4","5.2","0.5","2.3","0.3","2.1","0.4","2.6","0.5","45473","591","53923","750","38528","865","24624","991","30237","1160","19651","860","36675","721","45165","1220","29051","1386","46756","1035","57087","2063","38345","1193","60269","1429","75522","2491","51005","1024","79310","2368","93473","2797","71376","1756","7.7","(X)","(X)","(X)","(X)","(X)",
"5001400US3603","Congressional District 3 (114th Congress), New York","56028","1609","28601","1050","27427","1100","7.2","0.8","8.6","1.3","5.7","0.9","22.4","1.0","24.4","1.7","20.4","1.3","47.7","1.4","47.1","2.0","48.2","2.0","22.7","1.1","19.9","1.7","25.7","1.6","504304","2802","238813","2043","265491","1862","4.1","0.3","4.1","0.4","4.1","0.3","3.8","0.2","3.9","0.3","3.6","0.3","20.4","0.5","18.5","0.6","22.2","0.6","14.2","0.3","14.9","0.4","13.5","0.4","6.9","0.3","6.0","0.4","7.7","0.3","26.9","0.4","29.2","0.6","24.9","0.5","23.8","0.4","23.4","0.5","24.1","0.5","92.2","0.4","92.0","0.5","92.3","0.4","50.7","0.5","52.6","0.6","49.0","0.6","67906","1682","34433","1214","33473","1169","93.1","1.1","91.4","1.6","94.9","0.9","58.1","1.4","52.4","1.9","64.0","1.8","87353","1645","41329","1002","46024","985","93.5","0.7","92.4","1.0","94.5","0.8","59.3","1.2","56.3","1.6","62.0","1.4","219055","2042","107398","1365","111657","1121","94.7","0.4","94.4","0.5","94.9","0.5","53.1","0.7","54.6","0.8","51.7","0.8","129990","1353","55653","1019","74337","1034","86.6","0.7","87.3","0.9","86.0","0.8","37.0","0.9","46.4","1.2","30.0","0.9","16.3","1.5","15.3","2.1","17.3","2.1","7.7","0.6","6.9","0.8","8.3","0.9","5.0","0.5","4.3","0.6","5.6","0.6","2.5","0.2","2.0","0.3","2.9","0.3","56030","1042","71278","935","43968","878","23133","1813","26005","1374","17291","2421","36676","1189","44693","1887","28485","2044","45414","1228","59184","2718","36117","1658","67621","1648","85125","2413","50340","1100","88998","2038","110986","2688","72434","1457","6.1","(X)","(X)","(X)","(X)","(X)",
"5001400US3604","Congressional District 4 (114th Congress), New York","66739","1262","33893","913","32846","996","10.5","1.0","12.0","1.8","8.9","1.2","24.4","1.0","26.9","1.8","21.8","1.4","47.7","1.3","45.7","1.9","49.7","2.1","17.4","0.9","15.3","1.1","19.6","1.4","490567","2227","231590","1523","258977","1425","5.7","0.2","5.9","0.3","5.5","0.2","5.5","0.3","5.8","0.4","5.4","0.3","25.0","0.5","23.9","0.7","26.0","0.6","16.4","0.4","17.8","0.6","15.1","0.4","8.0","0.3","7.5","0.4","8.4","0.4","21.7","0.4","22.9","0.6","20.5","0.4","17.6","0.4","16.1","0.5","19.0","0.5","88.7","0.3","88.3","0.5","89.1","0.4","39.3","0.5","39.0","0.8","39.5","0.6","84227","1374","42769","1007","41458","821","88.2","0.9","85.7","1.4","90.8","1.0","45.2","1.2","38.0","1.6","52.7","1.7","93329","1306","45875","864","47454","788","89.3","0.9","88.0","1.3","90.5","1.1","45.4","1.2","41.1","1.5","49.5","1.5","205033","1755","98057","1060","106976","985","91.3","0.5","91.0","0.6","91.5","0.6","40.0","0.8","39.8","1.0","40.1","1.0","107978","1129","44889","691","63089","844","83.9","0.6","85.4","1.0","82.9","0.8","28.1","0.8","36.2","1.4","22.3","0.9","15.6","1.2","12.2","1.7","18.8","1.5","8.9","0.7","7.3","1.0","10.3","0.9","5.2","0.5","4.3","0.8","6.1","0.7","2.7","0.3","2.3","0.4","3.1","0.4","50160","614","57441","1647","42002","748","21974","764","25428","943","17396","957","34876","954","42495","1042","27564","1812","45552","1132","54545","1888","37628","1329","65906","1394","79672","2168","54340","1799","82168","1291","99231","3509","72135","1485","9.2","(X)","(X)","(X)","(X)","(X)",
"5001400US3605","Congressional District 5 (114th Congress), New York","80625","1514","39830","1092","40795","924","16.5","1.0","19.2","1.6","13.9","1.2","25.4","1.1","28.6","1.5","22.3","1.4","48.5","1.3","45.3","1.6","51.6","1.8","9.6","0.8","6.8","1.0","12.2","1.2","501450","3384","226386","2096","275064","2049","9.3","0.3","9.2","0.4","9.4","0.4","10.2","0.3","10.8","0.5","9.8","0.4","30.0","0.5","31.7","0.8","28.6","0.6","18.7","0.4","19.0","0.6","18.4","0.5","8.3","0.3","7.5","0.4","9.0","0.4","15.5","0.4","14.9","0.5","15.9","0.5","8.0","0.3","6.9","0.3","8.9","0.4","80.5","0.4","80.0","0.6","80.8","0.5","23.5","0.4","21.9","0.5","24.9","0.6","104629","2121","49559","1250","55070","1259","86.7","0.9","84.2","1.3","88.9","0.9","28.1","1.0","23.4","1.5","32.3","1.3","100030","1824","46521","1192","53509","1091","83.7","0.9","82.1","1.1","85.1","1.2","25.9","1.1","22.6","1.4","28.8","1.6","204023","2108","93327","1325","110696","1318","81.4","0.7","80.9","0.9","81.8","0.9","23.1","0.6","22.0","0.7","24.0","0.7","92768","1284","36979","798","55789","895","67.8","1.0","69.4","1.4","66.8","1.3","16.7","0.7","18.7","1.1","15.3","1.0","21.2","1.2","18.0","1.4","23.9","1.5","12.6","0.7","9.8","0.8","15.1","0.9","8.8","0.6","7.0","0.8","10.2","0.8","6.1","0.5","6.3","0.7","5.9","0.6","36536","400","38354","785","35179","502","21804","607","25090","860","18398","1057","30850","504","33483","1195","27254","801","38558","920","42224","1015","36215","726","50320","966","51651","977","48387","1931","64065","1895","63545","3782","64263","1948","11.9","(X)","(X)","(X)","(X)","(X)",
"5001400US3606","Congressional District 6 (114th Congress), New York","56184","1680","28959","1135","27225","1078","9.6","1.0","11.7","1.4","7.5","1.1","21.0","1.1","22.0","1.7","19.9","1.7","51.5","1.5","51.2","2.2","51.9","2.0","17.8","1.2","15.1","1.5","20.8","1.5","530560","3749","249342","2222","281218","2164","8.8","0.4","7.9","0.4","9.7","0.4","7.5","0.3","7.7","0.4","7.2","0.3","24.9","0.4","24.2","0.6","25.6","0.5","13.7","0.3","14.8","0.4","12.8","0.5","8.4","0.3","7.8","0.4","8.9","0.4","22.6","0.4","23.8","0.6","21.5","0.5","14.0","0.3","13.8","0.5","14.3","0.4","83.7","0.4","84.3","0.6","83.1","0.5","36.6","0.5","37.5","0.8","35.8","0.6","111198","2200","54172","1331","57026","1380","91.8","0.7","90.9","1.0","92.6","0.8","48.6","1.3","45.0","2.1","52.0","1.5","104249","2255","51163","1388","53086","1316","87.1","0.7","86.2","1.0","88.1","0.9","43.0","1.4","41.7","1.7","44.2","1.7","203879","2602","98077","1574","105802","1642","83.7","0.6","84.1","0.9","83.3","0.8","32.7","0.8","33.8","1.1","31.6","1.0","111234","1462","45930","876","65304","1049","72.4","0.9","75.1","1.3","70.5","1.0","25.9","0.9","32.0","1.5","21.7","1.0","22.8","1.4","19.9","1.6","25.2","1.5","15.1","0.9","13.4","1.2","16.6","1.1","11.3","0.9","9.6","1.0","12.9","1.2","7.3","0.5","7.1","0.6","7.5","0.6","40312","455","42677","864","36485","750","19587","802","23054","1430","15690","726","27600","1154","32654","1435","22664","1217","39372","1100","43652","1365","33856","1492","51639","909","53346","1447","49455","1853","67220","1609","74939","2814","62360","1655","10.6","(X)","(X)","(X)","(X)","(X)",
"5001400US3607","Congressional District 7 (114th Congress), New York","78899","2353","40506","1499","38393","1311","20.4","1.2","22.7","1.6","18.0","1.5","24.6","1.2","25.2","1.5","23.9","1.7","37.9","1.3","37.5","1.9","38.4","1.7","17.1","1.2","14.7","1.5","19.7","1.5","485681","3766","235427","2982","250254","2258","18.1","0.5","17.3","0.7","18.8","0.5","13.0","0.4","13.3","0.5","12.7","0.5","23.4","0.4","23.3","0.6","23.4","0.6","11.9","0.3","13.0","0.5","11.0","0.4","4.5","0.3","4.3","0.4","4.7","0.3","18.1","0.4","18.5","0.6","17.8","0.5","11.0","0.3","10.4","0.4","11.6","0.4","68.9","0.5","69.4","0.6","68.5","0.6","29.1","0.4","28.8","0.6","29.4","0.6","147565","2712","76032","1891","71533","1652","81.5","0.9","79.6","1.2","83.4","0.9","43.4","1.0","39.0","1.2","48.0","1.2","109304","2046","55930","1481","53374","1182","73.3","1.0","72.5","1.4","74.2","1.1","32.8","0.9","32.0","1.2","33.6","1.1","159388","2584","74935","1547","84453","1620","64.2","0.9","65.3","1.2","63.2","1.2","20.0","0.7","20.7","0.9","19.4","0.8","69424","1179","28530","751","40894","888","46.3","1.6","46.9","2.1","45.8","1.8","13.9","0.9","16.7","1.3","11.9","1.1","35.6","1.0","29.6","1.3","41.1","1.2","25.0","1.1","20.7","1.3","29.0","1.4","18.1","1.0","16.8","1.3","19.5","1.4","8.1","0.6","7.7","0.8","8.5","0.7","32249","451","33913","930","30598","689","17877","523","20844","474","14985","506","25415","689","28474","1607","21803","777","32902","1251","36393","1533","30583","1052","52020","832","55837","1711","49516","1940","67150","1919","74158","4091","63213","1914","10.2","(X)","(X)","(X)","(X)","(X)",
"5001400US3608","Congressional District 8 (114th Congress), New York","78506","1729","38602","1157","39904","1309","17.8","0.9","21.0","1.5","14.8","1.1","27.2","1.1","29.6","1.6","24.9","1.6","42.9","1.4","39.9","2.2","45.9","1.9","12.1","0.9","9.6","1.2","14.5","1.3","489722","2908","211511","2154","278211","1941","8.2","0.3","8.1","0.4","8.2","0.4","10.5","0.3","11.0","0.5","10.2","0.4","29.5","0.4","30.5","0.6","28.7","0.6","16.3","0.4","16.3","0.5","16.4","0.5","7.5","0.3","6.9","0.4","8.0","0.4","17.5","0.4","17.6","0.5","17.4","0.5","10.5","0.3","9.6","0.4","11.1","0.4","81.3","0.4","80.9","0.6","81.6","0.5","28.0","0.4","27.2","0.6","28.5","0.5","114663","2155","51637","1446","63026","1382","88.5","0.7","88.1","1.0","88.8","1.0","38.3","1.1","36.0","1.5","40.1","1.5","97091","1742","43074","1024","54017","1300","86.9","0.9","86.4","1.2","87.3","1.0","32.5","1.0","31.0","1.4","33.8","1.3","183131","2057","80292","1210","102839","1392","80.7","0.7","79.0","1.0","82.0","0.8","24.2","0.7","22.8","0.9","25.3","0.9","94837","1449","36508","905","58329","1100","68.1","1.1","68.4","1.7","67.9","1.3","18.2","1.0","20.3","1.5","16.9","1.0","37.8","1.2","31.4","1.6","42.8","1.5","23.5","1.0","20.5","1.3","25.8","1.1","16.3","0.9","13.1","1.1","18.5","1.2","9.2","0.5","7.3","0.7","10.5","0.6","38147","463","40664","573","36297","497","20579","542","22822","1193","17954","831","30291","541","33463","1136","26555","788","37601","800","41596","906","35078","1025","51231","902","53178","1587","49836","1726","65201","1673","68589","4580","63727","1585","12.4","(X)","(X)","(X)","(X)","(X)",
"5001400US3609","Congressional District 9 (114th Congress), New York","72089","1575","34585","1134","37504","965","14.2","0.9","16.8","1.5","11.9","1.1","25.7","1.4","27.7","2.1","23.8","1.7","44.4","1.3","42.5","2.2","46.1","1.7","15.7","1.0","13.0","1.3","18.3","1.3","494444","2894","216611","2254","277833","1907","7.5","0.3","7.3","0.4","7.6","0.4","8.5","0.3","8.5","0.5","8.6","0.4","27.9","0.5","28.4","0.7","27.6","0.6","16.3","0.4","17.0","0.7","15.7","0.4","6.6","0.3","6.1","0.4","7.0","0.3","19.9","0.4","20.2","0.7","19.6","0.4","13.3","0.3","12.5","0.5","13.9","0.4","84.0","0.4","84.2","0.6","83.8","0.5","33.1","0.5","32.7","0.8","33.5","0.5","119323","1972","55143","1405","64180","1448","91.4","0.6","90.2","1.0","92.5","0.6","43.9","1.1","39.5","1.7","47.6","1.3","101692","1553","45819","1165","55873","1040","88.9","0.8","88.8","1.1","88.9","0.9","38.9","1.3","37.6","1.7","40.0","1.6","182610","2202","80303","1282","102307","1400","83.2","0.7","82.8","1.0","83.5","0.7","28.8","0.8","29.2","1.1","28.5","0.9","90819","1424","35346","873","55473","1045","70.3","1.0","72.3","1.4","68.9","1.3","21.2","0.7","23.6","1.2","19.7","1.0","32.4","1.3","27.5","1.8","36.1","1.5","20.6","1.0","16.5","1.1","23.8","1.3","15.1","0.8","13.2","1.1","16.6","0.9","7.4","0.5","7.3","0.7","7.6","0.7","37051","380","41084","612","34413","569","20221","621","22444","1127","17289","628","27733","842","31706","767","25447","591","35586","665","39697","1436","32584","879","50512","760","54566","1551","46394","1198","65419","1651","73145","3711","61543","1492","9.9","(X)","(X)","(X)","(X)","(X)",
"5001400US3610","Congressional District 10 (114th Congress), New York","66548","1998","30026","1149","36522","1505","9.0","0.9","13.3","1.8","5.4","0.8","21.8","1.6","20.4","2.3","22.9","2.0","42.0","1.8","41.9","2.7","42.1","2.2","27.2","1.3","24.4","2.3","29.5","2.0","520887","4218","253798","3089","267089","2655","7.0","0.3","6.5","0.4","7.5","0.4","5.8","0.3","6.1","0.3","5.5","0.3","15.7","0.4","15.4","0.6","16.0","0.5","9.5","0.4","10.5","0.5","8.5","0.4","3.7","0.2","3.2","0.2","4.1","0.3","29.5","0.6","29.2","0.7","29.8","0.7","28.8","0.5","29.1","0.7","28.6","0.6","87.2","0.4","87.4","0.4","87.0","0.5","58.4","0.6","58.3","0.7","58.5","0.7","149142","3194","71958","1877","77184","2223","93.1","0.6","92.2","0.8","94.0","0.6","71.3","1.0","68.3","1.3","74.2","1.3","104739","2383","54390","1474","50349","1634","89.8","0.7","89.6","0.9","90.1","1.0","63.2","1.0","61.9","1.5","64.7","1.4","171532","2654","86269","1635","85263","1574","86.3","0.6","86.3","0.8","86.3","0.8","52.3","1.0","52.6","1.4","51.9","1.2","95474","1787","41181","1254","54293","1186","76.8","1.1","78.7","1.3","75.4","1.6","43.7","1.4","48.0","2.0","40.5","1.5","28.5","1.5","25.6","1.7","31.2","1.9","21.2","1.1","19.7","1.7","22.6","1.2","15.9","1.1","13.7","1.3","18.1","1.6","6.6","0.4","6.0","0.6","7.1","0.5","56083","1047","62912","1622","50742","852","18065","748","20237","766","15004","1012","25738","798","29527","1573","20847","834","38550","1513","44190","1652","32023","1329","71960","1591","85543","3371","60209","2222","88047","2679","107740","3617","74658","2250","7.1","(X)","(X)","(X)","(X)","(X)",
"5001400US3611","Congressional District 11 (114th Congress), New York","63897","825","32480","560","31417","583","10.4","1.0","11.4","1.3","9.4","1.3","24.9","1.3","27.1","1.7","22.7","1.8","47.9","1.5","47.3","2.1","48.5","2.0","16.8","1.1","14.2","1.5","19.4","1.6","501681","1956","236535","1315","265146","1186","6.8","0.2","6.5","0.3","7.0","0.3","7.8","0.3","8.0","0.4","7.5","0.3","30.4","0.5","30.0","0.7","30.7","0.6","16.1","0.3","17.7","0.6","14.8","0.4","7.2","0.3","6.6","0.4","7.8","0.3","19.4","0.4","20.2","0.5","18.7","0.5","12.3","0.3","11.0","0.4","13.5","0.5","85.5","0.4","85.4","0.5","85.5","0.4","31.8","0.5","31.2","0.6","32.3","0.6","99943","1428","49887","929","50056","913","90.2","0.8","89.2","1.3","91.3","0.8","43.2","1.3","38.4","1.7","47.9","1.6","98965","1221","47867","750","51098","732","89.3","0.8","88.9","1.1","89.7","0.9","36.4","1.1","33.4","1.5","39.2","1.5","197531","1393","94812","828","102719","839","86.6","0.5","86.2","0.7","86.9","0.7","30.2","0.8","29.7","0.9","30.6","1.0","105242","974","43969","584","61273","667","75.4","0.8","75.8","1.2","75.1","1.0","19.5","0.8","23.8","1.2","16.5","0.9","26.6","1.3","23.8","1.6","29.1","1.6","13.1","0.7","11.8","1.1","14.2","0.8","9.2","0.7","7.1","0.8","11.1","1.0","6.2","0.5","5.7","0.6","6.7","0.6","45907","762","51860","685","40082","754","21350","628","23543","1451","17485","1238","34806","1093","42994","1505","25731","825","44900","1231","54728","1738","36134","1063","57053","1305","64089","1512","51076","1047","70864","1279","77052","3641","66924","1383","8.4","(X)","(X)","(X)","(X)","(X)",
"5001400US3612","Congressional District 12 (114th Congress), New York","69544","2192","28451","1263","41093","1635","5.0","0.6","7.9","1.0","3.0","0.6","14.7","1.4","16.8","2.1","13.3","1.7","36.1","2.0","33.4","2.7","38.1","2.7","44.1","2.1","42.0","2.9","45.6","2.6","564741","5198","265219","3248","299522","3466","3.7","0.3","3.3","0.3","4.0","0.3","3.4","0.2","3.5","0.3","3.3","0.3","10.0","0.4","10.4","0.5","9.6","0.5","9.6","0.4","10.2","0.5","9.0","0.5","3.6","0.2","3.1","0.3","4.1","0.4","38.3","0.7","37.7","0.9","38.8","0.8","31.4","0.5","31.8","0.8","31.1","0.7","92.9","0.3","93.2","0.4","92.7","0.4","69.7","0.6","69.5","0.7","70.0","0.8","192891","3603","88159","2094","104732","2695","97.7","0.3","97.4","0.4","97.9","0.4","84.8","0.9","82.6","1.2","86.6","1.1","110441","2654","56530","1770","53911","1644","94.9","0.6","94.9","0.8","94.9","0.8","73.6","1.3","71.5","1.6","75.8","1.8","159546","2843","78119","1959","81427","1666","90.9","0.5","90.5","0.8","91.2","0.8","60.6","1.2","60.2","1.7","61.1","1.3","101863","1778","42411","1284","59452","1103","85.0","1.0","86.9","1.4","83.6","1.1","51.4","1.2","56.6","1.9","47.6","1.7","34.2","2.6","32.6","3.2","35.5","3.1","21.5","1.7","20.5","2.2","22.5","2.1","13.0","1.1","12.8","1.6","13.1","1.5","5.4","0.3","4.7","0.5","6.1","0.4","66840","759","76458","1720","60492","930","20663","1176","25352","2723","15877","1929","31651","1177","36473","2030","25342","2813","41699","1312","45509","2751","37365","2706","72091","1377","81951","1874","64247","2005","91716","1579","109512","4552","76369","2384","6.2","(X)","(X)","(X)","(X)","(X)",
"5001400US3613","Congressional District 13 (114th Congress), New York","88622","2224","45663","1530","42959","1437","22.1","1.3","25.4","1.8","18.5","1.8","23.9","1.3","26.9","2.2","20.7","1.8","38.0","1.6","34.7","2.6","41.4","2.0","16.1","1.3","13.0","1.6","19.5","1.9","501752","3828","228219","3045","273533","2263","14.3","0.5","13.8","0.7","14.7","0.6","13.0","0.4","13.2","0.6","12.8","0.6","23.3","0.6","24.7","1.0","22.2","0.7","15.6","0.4","16.5","0.7","14.8","0.6","5.6","0.3","4.6","0.3","6.4","0.4","17.0","0.5","16.7","0.8","17.2","0.6","11.2","0.3","10.4","0.5","12.0","0.4","72.7","0.6","72.9","0.8","72.5","0.7","28.2","0.6","27.1","0.9","29.2","0.7","136570","2217","67254","1637","69316","1423","83.8","1.1","82.1","1.6","85.5","1.1","40.2","1.4","35.4","1.9","45.0","1.7","103252","2020","49385","1443","53867","1379","77.2","1.1","75.5","1.8","78.7","1.5","30.2","1.0","27.5","1.5","32.8","1.4","179088","2039","80982","1397","98106","1450","71.2","0.9","70.5","1.4","71.7","1.1","24.2","0.9","24.0","1.3","24.4","1.1","82842","1590","30598","923","52244","1143","52.1","1.3","54.9","1.8","50.4","1.6","14.5","0.8","16.4","1.5","13.4","1.0","36.9","1.4","29.4","1.7","43.2","1.7","28.6","1.4","24.4","1.8","32.6","1.7","21.4","1.2","17.8","1.8","24.5","1.5","12.0","1.0","11.6","1.5","12.4","1.1","30718","476","31503","628","29768","927","17737","540","20130","913","14793","609","22684","1122","25613","1116","20088","975","30482","706","32097","1195","28292","1330","42499","983","44487","1995","41496","865","61630","1367","64495","3368","60641","1268","10.0","(X)","(X)","(X)","(X)","(X)",
"5001400US3614","Congressional District 14 (114th Congress), New York","72302","1671","38525","1273","33777","1190","19.4","1.2","23.4","1.8","14.8","1.5","23.7","1.1","25.6","1.5","21.5","1.6","43.0","1.2","41.0","1.9","45.3","1.9","13.9","0.9","9.9","1.2","18.4","1.4","500912","4361","248976","2631","251936","2724","14.3","0.4","13.8","0.6","14.9","0.5","10.8","0.4","12.1","0.5","9.6","0.4","28.2","0.5","28.9","0.7","27.4","0.7","14.3","0.4","14.8","0.6","13.8","0.5","7.3","0.3","6.9","0.5","7.7","0.4","16.4","0.4","15.9","0.5","16.9","0.6","8.6","0.3","7.5","0.4","9.7","0.4","74.8","0.5","74.1","0.7","75.6","0.6","25.1","0.5","23.5","0.6","26.7","0.6","133120","2807","70475","1672","62645","1747","82.1","1.0","79.0","1.4","85.6","1.2","32.7","1.1","27.2","1.3","39.0","1.4","109844","2283","59078","1540","50766","1300","76.7","1.0","75.5","1.5","78.1","1.3","28.5","1.1","24.9","1.5","32.6","1.6","173163","2594","85366","1615","87797","1456","75.0","0.9","73.9","1.1","76.0","1.2","22.3","0.8","22.0","1.2","22.6","1.0","84785","1842","34057","954","50728","1267","60.8","1.1","61.9","1.8","60.0","1.3","14.2","0.8","17.0","1.3","12.4","0.9","24.4","1.2","18.9","1.4","29.9","1.6","16.6","0.9","13.6","1.0","19.8","1.2","12.5","0.9","9.6","1.1","15.5","1.1","8.1","0.7","6.8","0.7","9.2","0.9","32340","391","33375","737","31281","573","20967","369","23175","768","15989","606","26849","414","29486","977","23392","1016","36162","798","39381","1370","32981","1220","47381","939","49045","1159","45785","1239","57785","1782","60659","2291","56048","2361","12.8","(X)","(X)","(X)","(X)","(X)",
"5001400US3615","Congressional District 15 (114th Congress), New York","91660","1678","45406","1133","46254","1128","29.6","1.2","32.5","1.6","26.7","1.7","27.3","1.2","29.9","1.5","24.7","1.4","38.5","1.3","33.8","1.7","43.0","1.9","4.7","0.5","3.8","0.7","5.6","0.8","429566","3324","189467","2326","240099","2008","19.4","0.5","19.5","0.7","19.3","0.6","18.3","0.5","18.3","0.7","18.3","0.6","27.6","0.6","30.4","0.9","25.4","0.7","16.4","0.4","16.1","0.7","16.7","0.5","6.4","0.3","5.2","0.4","7.3","0.4","8.5","0.3","7.5","0.5","9.4","0.5","3.4","0.2","3.1","0.2","3.6","0.3","62.3","0.6","62.3","0.8","62.4","0.7","11.9","0.4","10.6","0.5","13.0","0.5","110763","1920","51424","1434","59339","1068","71.5","1.3","70.2","1.9","72.6","1.6","14.7","0.8","11.6","1.1","17.4","1.1","93903","1535","41625","1146","52278","895","66.0","1.1","65.1","1.6","66.8","1.3","12.5","0.7","9.9","1.1","14.6","1.0","160767","1578","72550","1136","88217","1197","61.6","1.0","61.5","1.3","61.8","1.2","11.8","0.6","11.2","1.0","12.2","0.8","64133","1115","23868","771","40265","783","42.8","1.5","42.5","2.3","43.0","1.7","6.8","0.7","7.7","1.3","6.2","0.7","44.3","1.2","35.3","1.6","51.4","1.4","32.7","1.2","24.8","1.5","40.1","1.3","26.1","1.1","20.6","1.5","30.0","1.4","16.3","1.3","16.0","1.9","16.5","1.6","23243","450","25260","456","21341","392","16922","382","20233","614","13845","475","21851","454","24383","887","19372","834","28994","1034","31875","911","26476","889","36162","1112","37119","1966","35607","1412","47584","2866","40828","4678","50599","2761","9.7","(X)","(X)","(X)","(X)","(X)",
"5001400US3616","Congressional District 16 (114th Congress), New York","67779","1676","33562","1222","34217","1060","14.6","1.3","17.4","2.0","11.8","1.4","25.9","1.2","28.0","1.9","23.8","1.5","46.2","1.6","42.8","2.4","49.6","2.0","13.3","0.9","11.7","1.2","14.8","1.3","494962","2979","222725","2074","272237","1952","7.0","0.4","7.0","0.6","7.0","0.4","7.5","0.3","8.2","0.4","6.9","0.4","24.3","0.5","25.5","0.8","23.4","0.6","16.6","0.4","17.0","0.7","16.3","0.5","6.6","0.3","5.7","0.4","7.4","0.4","20.1","0.4","19.2","0.6","20.8","0.6","17.9","0.3","17.4","0.5","18.3","0.5","85.5","0.4","84.8","0.7","86.0","0.5","38.0","0.5","36.6","0.7","39.0","0.6","90114","1898","42371","1549","47743","1243","88.8","0.9","87.0","1.4","90.5","0.9","40.1","1.3","34.9","1.9","44.7","1.8","96442","1876","44968","1249","51474","1086","88.9","0.9","87.0","1.4","90.5","1.0","43.3","1.1","38.3","1.7","47.7","1.3","197004","2060","90956","1262","106048","1393","87.1","0.7","86.3","1.0","87.7","0.8","39.4","0.9","38.4","1.2","40.2","1.2","111402","1517","44430","1025","66972","985","77.1","1.0","77.6","1.2","76.7","1.3","29.1","0.8","33.0","1.4","26.5","1.0","24.1","1.3","20.2","1.5","27.5","1.9","13.9","0.9","11.6","1.1","16.1","1.2","10.9","0.9","8.1","1.0","13.2","1.2","3.6","0.3","2.8","0.5","4.1","0.5","44810","578","51038","691","40815","716","22448","757","26104","1245","17845","1620","31476","683","36416","1512","26479","840","40881","621","45663","1546","36759","793","57908","1609","68693","3711","51676","1191","84741","1814","108474","2195","72386","2241","6.9","(X)","(X)","(X)","(X)","(X)",
"5001400US3617","Congressional District 17 (114th Congress), New York","65835","883","33538","683","32297","716","12.9","0.9","15.6","1.4","10.2","1.2","26.9","1.1","28.1","1.8","25.7","1.6","43.5","1.1","42.1","1.7","44.9","1.8","16.7","1.0","14.2","1.2","19.2","1.5","482875","1367","231125","1156","251750","1069","6.8","0.4","7.4","0.5","6.3","0.4","5.7","0.3","6.2","0.4","5.2","0.3","21.1","0.5","21.2","0.6","21.0","0.6","15.0","0.4","15.5","0.6","14.6","0.5","6.6","0.3","5.8","0.3","7.3","0.4","23.5","0.4","23.4","0.6","23.6","0.6","21.2","0.4","20.5","0.6","22.0","0.5","87.5","0.4","86.4","0.6","88.5","0.5","44.8","0.5","43.9","0.7","45.6","0.6","83308","1102","43261","876","40047","752","85.1","1.0","82.9","1.3","87.5","1.4","44.2","1.3","37.9","1.5","51.0","1.6","94518","1154","46780","717","47738","736","85.8","1.0","83.2","1.5","88.2","1.0","48.2","1.3","43.3","1.7","52.9","1.5","198800","1342","96568","871","102232","821","91.4","0.5","90.0","0.7","92.7","0.6","48.0","0.8","47.0","1.0","49.0","1.0","106249","1017","44516","653","61733","703","83.5","0.9","85.2","1.1","82.3","1.1","36.1","1.0","43.6","1.5","30.8","1.1","21.6","1.6","19.3","2.0","24.0","2.2","12.5","0.8","11.3","1.1","13.5","1.0","7.0","0.4","5.6","0.7","8.2","0.6","3.1","0.3","2.7","0.4","3.5","0.4","49412","965","55603","1562","41804","663","20139","843","23765","1172","14605","1045","32152","703","37648","1414","25485","1078","41558","660","49833","1765","35005","1632","65147","1540","80849","1347","52567","1374","88181","1796","109126","1878","72663","1986","6.6","(X)","(X)","(X)","(X)","(X)",
"5001400US3618","Congressional District 18 (114th Congress), New York","71509","816","38893","595","32616","494","12.5","0.8","14.0","1.3","10.7","1.2","29.5","1.1","30.5","1.6","28.4","1.7","47.3","1.4","46.8","1.7","47.8","2.0","10.7","0.8","8.7","1.1","13.1","1.0","470886","986","227301","782","243585","793","3.9","0.2","4.0","0.3","3.8","0.3","6.5","0.3","7.0","0.4","6.0","0.3","26.8","0.4","27.3","0.7","26.4","0.6","19.6","0.4","20.3","0.6","18.9","0.6","8.6","0.2","7.4","0.4","9.8","0.4","19.5","0.4","19.8","0.6","19.2","0.5","15.1","0.4","14.2","0.5","15.9","0.5","89.5","0.3","88.9","0.4","90.1","0.4","34.6","0.5","33.9","0.7","35.1","0.6","76857","675","38950","553","37907","462","88.7","1.0","86.8","1.2","90.5","1.4","34.0","1.4","28.7","1.6","39.5","2.1","93649","564","45835","369","47814","388","90.7","0.7","89.5","0.9","91.9","0.9","38.6","1.2","34.6","1.7","42.4","1.5","205945","1002","101191","673","104754","632","92.3","0.4","91.5","0.6","93.1","0.6","36.4","0.7","35.4","1.0","37.4","0.9","94435","747","41325","473","53110","522","83.1","0.8","84.1","1.0","82.3","1.1","26.9","0.9","34.5","1.4","21.0","1.0","23.8","1.7","21.3","2.0","26.3","2.2","10.2","0.7","9.2","0.8","11.1","1.0","6.8","0.6","6.0","0.7","7.6","0.8","2.7","0.3","2.6","0.4","2.7","0.4","45743","688","54785","875","37080","653","22007","1082","26074","1109","16869","656","33023","702","40992","1083","26437","655","41472","634","52368","1412","33795","1209","60709","1520","78087","2633","48548","1798","80174","1838","100022","1969","68149","2245","5.6","(X)","(X)","(X)","(X)","(X)",
"5001400US3619","Congressional District 19 (114th Congress), New York","72934","917","38191","653","34743","609","13.4","0.9","15.8","1.5","10.7","1.1","28.8","1.2","31.9","1.7","25.4","1.6","49.4","1.3","45.5","1.6","53.6","1.9","8.5","0.7","6.8","0.9","10.3","1.2","499376","1217","247686","1018","251690","810","3.4","0.2","3.8","0.2","3.0","0.2","8.0","0.2","9.4","0.3","6.6","0.3","31.9","0.5","32.9","0.6","31.0","0.5","18.6","0.4","18.6","0.5","18.7","0.5","11.2","0.2","10.0","0.4","12.4","0.4","14.7","0.4","14.4","0.5","15.1","0.5","12.1","0.3","10.9","0.3","13.4","0.4","88.6","0.3","86.8","0.4","90.4","0.4","26.9","0.4","25.3","0.5","28.4","0.6","72674","806","38187","625","34487","495","88.6","0.9","85.6","1.3","91.8","1.0","26.7","1.2","20.1","1.5","34.0","1.7","83997","747","42505","525","41492","435","91.7","0.6","89.1","1.0","94.3","0.8","28.9","1.2","23.5","1.2","34.4","1.6","223011","1025","112000","724","111011","604","90.6","0.4","89.0","0.6","92.3","0.5","28.0","0.6","26.9","0.7","29.1","0.9","119694","717","54994","518","64700","474","82.8","0.7","81.6","0.9","83.9","0.8","23.3","0.7","26.8","0.9","20.4","0.8","22.6","1.4","19.8","1.7","26.0","1.8","11.8","0.7","10.5","0.9","13.1","0.9","8.9","0.6","7.8","0.7","9.9","0.7","3.9","0.3","3.5","0.4","4.3","0.4","36777","377","42555","662","31566","359","21772","1017","25340","1416","16277","1147","30488","451","36679","800","23560","841","35929","609","43650","1305","31054","591","46833","1445","56468","2351","38634","1483","64180","1751","75822","2275","58408","2131","5.2","(X)","(X)","(X)","(X)","(X)",
"5001400US3620","Congressional District 20 (114th Congress), New York","85974","743","43694","502","42280","564","8.8","0.7","10.1","1.2","7.4","0.8","25.7","1.3","27.5","1.7","23.8","1.7","50.5","1.3","49.4","1.7","51.6","2.0","15.0","0.9","12.9","1.2","17.2","1.3","487590","1025","231120","733","256470","758","2.6","0.2","2.7","0.2","2.6","0.2","5.7","0.2","5.9","0.3","5.5","0.3","27.1","0.5","26.4","0.7","27.6","0.6","17.5","0.4","17.8","0.6","17.2","0.6","11.4","0.3","11.0","0.4","11.8","0.4","19.3","0.4","20.4","0.5","18.4","0.5","16.4","0.4","15.8","0.5","17.0","0.5","91.7","0.2","91.4","0.4","91.9","0.3","35.7","0.5","36.2","0.7","35.3","0.6","93145","833","45966","590","47179","446","93.3","0.6","92.9","0.9","93.6","0.9","44.0","1.3","40.1","1.8","47.7","1.7","87578","687","42972","411","44606","494","93.4","0.7","92.9","0.9","93.8","0.8","39.1","1.1","36.9","1.3","41.3","1.6","200146","935","97018","599","103128","607","93.2","0.3","92.4","0.6","94.0","0.4","35.3","0.7","35.4","0.9","35.3","0.9","106721","746","45164","445","61557","514","86.0","0.6","86.1","0.9","85.8","0.9","26.5","0.8","33.2","1.3","21.5","0.9","29.1","1.8","27.2","2.1","30.9","2.6","12.8","0.5","11.7","0.9","13.8","0.7","8.2","0.5","6.4","0.7","9.7","0.7","3.6","0.3","3.3","0.3","3.9","0.5","41845","390","47719","880","36649","591","18991","1520","22092","1516","15098","1158","30551","693","35849","1326","25630","825","39119","751","44254","903","34387","859","52475","1043","61961","1519","44606","1241","64580","1117","80495","1812","56174","989","5.1","(X)","(X)","(X)","(X)","(X)",
"5001400US3621","Congressional District 21 (114th Congress), New York","76008","742","41822","601","34186","446","14.3","0.9","16.9","1.1","11.1","1.4","32.4","1.2","37.2","1.6","26.7","1.6","45.5","1.5","40.1","1.7","52.1","2.0","7.7","0.6","5.8","0.8","10.1","1.1","489316","924","246468","681","242848","661","3.7","0.2","4.5","0.3","2.9","0.2","8.2","0.3","9.2","0.4","7.2","0.3","36.0","0.4","37.4","0.5","34.5","0.6","19.1","0.4","19.0","0.5","19.2","0.5","11.2","0.2","9.7","0.3","12.7","0.4","12.1","0.3","11.8","0.4","12.5","0.4","9.7","0.3","8.5","0.3","11.0","0.4","88.1","0.3","86.3","0.4","89.9","0.4","21.9","0.4","20.3","0.5","23.4","0.5","89501","865","48973","622","40528","419","89.6","0.7","87.2","0.8","92.5","0.9","23.2","0.9","18.6","1.1","28.7","1.5","88444","664","46536","522","41908","359","90.4","0.7","87.1","0.9","94.0","0.7","24.6","1.0","19.8","1.3","30.0","1.3","203339","739","102708","582","100631","512","90.2","0.4","88.4","0.6","92.0","0.5","21.4","0.5","19.9","0.7","22.8","0.6","108032","598","48251","311","59781","430","80.9","0.7","80.0","0.9","81.7","0.9","19.4","0.6","23.2","0.8","16.3","0.7","27.8","1.4","25.2","1.7","30.8","1.9","12.6","0.6","11.1","0.7","14.2","0.8","9.4","0.5","7.0","0.6","11.5","0.7","4.2","0.4","3.7","0.5","4.7","0.5","34020","421","40735","461","27952","507","20530","881","25860","1494","14882","1325","28763","625","35033","730","22335","522","33363","570","41606","910","27302","498","44694","1401","55218","2208","36401","1293","58397","1273","67990","3840","53980","1074","4.3","(X)","(X)","(X)","(X)","(X)",
"5001400US3622","Congressional District 22 (114th Congress), New York","82830","544","42311","382","40519","355","10.6","0.8","12.2","1.1","9.0","1.1","27.0","1.2","30.2","1.8","23.7","1.5","53.2","1.6","50.3","2.1","56.4","2.2","9.1","0.8","7.3","1.0","11.0","1.2","479603","751","232875","525","246728","491","3.7","0.2","4.0","0.2","3.4","0.2","7.8","0.3","8.2","0.4","7.4","0.3","34.3","0.4","35.6","0.6","33.1","0.5","18.9","0.3","18.8","0.5","18.9","0.5","12.0","0.3","10.8","0.4","13.1","0.4","13.4","0.3","13.7","0.4","13.2","0.4","9.9","0.3","8.9","0.3","10.9","0.3","88.5","0.3","87.8","0.4","89.2","0.4","23.4","0.4","22.6","0.6","24.1","0.5","79867","581","41128","387","38739","296","90.6","0.6","89.8","0.8","91.4","1.0","27.1","1.2","22.2","1.5","32.3","1.7","80862","490","40199","344","40663","299","90.7","0.7","89.4","1.0","92.0","0.8","25.3","1.0","21.7","1.4","28.8","1.2","202151","539","100582","367","101569","331","90.9","0.4","89.5","0.5","92.3","0.5","24.3","0.5","23.5","0.8","25.2","0.7","116723","393","50966","285","65757","242","81.5","0.7","81.5","1.0","81.4","0.9","17.9","0.6","22.1","1.1","14.6","0.7","28.3","1.2","24.9","1.6","31.8","1.7","14.1","0.6","12.8","0.7","15.5","0.8","9.8","0.5","8.2","0.7","11.2","0.7","4.1","0.4","3.8","0.5","4.3","0.5","33772","353","39116","603","29268","473","20177","858","23363","1535","15552","809","27763","630","33203","643","22425","574","32873","689","38922","1033","29152","666","45036","1216","55437","2280","37950","1533","57483","975","71349","2147","52617","840","4.6","(X)","(X)","(X)","(X)","(X)",
"5001400US3623","Congressional District 23 (114th Congress), New York","91266","575","46943","461","44323","379","11.1","0.7","13.4","1.0","8.6","0.8","25.0","1.0","27.7","1.4","22.1","1.5","54.2","1.3","50.6","1.8","58.0","2.0","9.8","0.8","8.3","1.2","11.4","1.1","474446","657","231571","550","242875","424","3.5","0.2","4.0","0.2","3.0","0.2","7.6","0.3","8.9","0.4","6.4","0.3","34.6","0.4","35.9","0.5","33.3","0.5","17.9","0.3","17.5","0.4","18.3","0.5","11.9","0.3","10.3","0.3","13.5","0.4","12.6","0.3","12.1","0.4","13.1","0.4","11.9","0.3","11.2","0.4","12.5","0.4","88.9","0.3","87.1","0.4","90.7","0.3","24.5","0.4","23.3","0.5","25.6","0.5","80889","623","41607","424","39282","321","89.8","0.6","86.9","1.0","93.0","0.7","29.2","1.0","25.2","1.4","33.5","1.3","79097","589","39706","388","39391","344","90.5","0.7","88.0","1.1","93.0","0.7","26.6","0.9","22.6","1.1","30.7","1.2","200975","640","99832","446","101143","442","91.5","0.4","89.9","0.5","93.0","0.5","23.8","0.5","22.4","0.7","25.1","0.7","113485","423","50426","240","63059","314","82.6","0.6","80.8","0.9","84.1","0.8","20.8","0.7","24.1","1.0","18.3","0.8","27.7","1.2","25.0","1.4","31.0","1.8","13.7","0.6","11.8","0.7","15.6","0.9","10.4","0.5","7.6","0.7","12.7","0.6","5.3","0.4","4.4","0.6","6.1","0.5","33204","412","39130","575","27354","400","20704","821","24677","1446","14084","1395","27492","551","34687","688","21202","426","32227","426","39099","1118","27165","515","41677","783","50879","1622","35150","1636","53953","1134","63507","2108","50509","903","4.1","(X)","(X)","(X)","(X)","(X)",
"5001400US3624","Congressional District 24 (114th Congress), New York","77257","403","38670","283","38587","290","12.0","0.7","13.3","1.0","10.8","1.1","23.9","1.1","26.9","1.5","20.9","1.3","52.8","1.3","49.6","2.0","56.0","1.8","11.3","0.8","10.2","1.0","12.3","1.1","480927","499","231034","380","249893","360","3.1","0.2","3.4","0.2","2.8","0.2","7.6","0.3","8.1","0.3","7.2","0.4","30.2","0.4","31.1","0.6","29.3","0.5","18.0","0.4","17.8","0.5","18.3","0.5","12.1","0.3","10.5","0.4","13.6","0.4","16.3","0.3","17.5","0.5","15.3","0.4","12.6","0.3","11.6","0.3","13.6","0.3","89.2","0.3","88.5","0.4","90.0","0.4","28.9","0.4","29.1","0.6","28.8","0.5","86816","581","43432","395","43384","318","89.7","0.8","88.4","1.1","90.9","0.9","34.9","1.2","31.4","1.6","38.4","1.3","84363","453","41810","354","42553","240","90.8","0.7","88.7","1.0","92.8","0.8","32.6","1.1","28.9","1.6","36.2","1.2","204056","483","100227","352","103829","265","91.7","0.4","90.8","0.6","92.6","0.4","28.7","0.5","29.1","0.7","28.4","0.7","105692","289","45565","212","60127","198","82.9","0.6","83.1","0.8","82.8","0.8","21.5","0.7","27.0","1.0","17.3","0.9","28.8","1.5","24.6","1.8","33.2","2.1","13.2","0.6","11.8","0.8","14.7","0.8","9.2","0.5","7.3","0.6","10.7","0.7","4.1","0.4","3.8","0.4","4.3","0.5","37471","395","43793","526","32048","338","21332","778","25446","1437","16585","1114","29812","695","35056","931","23136","623","35461","501","42580","782","30913","475","49576","1295","60988","1398","40219","886","60243","737","69529","2902","55115","921","5.1","(X)","(X)","(X)","(X)","(X)",
"5001400US3625","Congressional District 25 (114th Congress), New York","81487","289","41416","211","40071","212","12.0","0.9","13.0","1.3","11.1","1.0","22.9","1.3","24.6","1.9","21.2","1.7","52.4","1.7","52.7","2.3","52.1","2.1","12.6","0.9","9.8","1.1","15.6","1.4","481990","392","225907","399","256083","267","3.4","0.3","3.1","0.2","3.7","0.5","6.9","0.2","7.1","0.4","6.7","0.3","24.8","0.4","24.6","0.6","25.0","0.5","17.4","0.4","18.0","0.5","16.9","0.5","11.7","0.4","10.1","0.5","13.0","0.5","19.9","0.5","21.7","0.6","18.3","0.5","15.8","0.4","15.4","0.5","16.2","0.5","89.7","0.4","89.8","0.4","89.6","0.5","35.8","0.5","37.1","0.7","34.5","0.6","94837","331","46407","264","48430","171","91.4","0.9","91.1","1.0","91.6","1.5","42.7","1.3","40.3","1.7","45.0","1.6","85258","275","40995","204","44263","154","91.8","0.8","91.3","1.0","92.4","0.9","41.2","1.1","39.0","1.7","43.3","1.3","195886","279","93941","201","101945","181","91.6","0.5","91.0","0.6","92.2","0.6","34.7","0.7","35.9","1.0","33.6","0.8","106009","193","44564","120","61445","158","82.9","0.6","84.8","0.8","81.5","0.9","27.1","0.7","34.9","1.1","21.5","0.9","32.7","1.9","28.9","1.9","36.0","3.2","14.0","0.8","12.3","1.2","15.4","1.1","10.3","0.6","8.0","0.8","12.3","0.8","4.3","0.4","4.0","0.5","4.6","0.5","37944","472","43422","650","32311","384","19886","1076","21616","951","16683","1320","27910","779","32268","727","23749","783","33710","604","40495","785","28916","721","47489","1052","54583","1598","40545","1146","60305","1202","76207","1876","53680","971","4.9","(X)","(X)","(X)","(X)","(X)",
"5001400US3626","Congressional District 26 (114th Congress), New York","81171","1053","40497","795","40674","665","11.6","0.9","12.9","1.4","10.3","1.0","25.9","1.2","29.5","1.6","22.2","1.4","47.9","1.3","46.2","1.9","49.6","1.8","14.6","1.0","11.4","1.2","17.9","1.4","486058","1227","225917","1061","260141","888","3.7","0.2","3.5","0.3","3.9","0.2","7.8","0.2","7.7","0.3","7.9","0.3","28.8","0.4","29.5","0.6","28.2","0.5","19.6","0.4","20.1","0.5","19.2","0.6","11.0","0.2","9.3","0.4","12.5","0.4","16.0","0.3","17.2","0.5","14.9","0.5","13.1","0.4","12.7","0.4","13.4","0.5","88.5","0.3","88.9","0.4","88.1","0.4","29.1","0.5","30.0","0.6","28.3","0.6","98638","1132","48714","788","49924","673","91.7","0.6","91.7","0.9","91.6","0.8","40.6","1.3","37.7","1.7","43.3","1.7","81417","1038","39874","635","41543","686","90.8","0.7","90.6","1.0","91.1","1.1","32.8","1.2","30.9","1.6","34.7","1.4","192065","1111","90968","738","101097","720","91.3","0.5","91.0","0.7","91.7","0.6","27.2","0.6","27.6","0.8","26.8","0.9","113938","932","46361","592","67577","629","79.2","0.8","80.3","1.2","78.4","1.0","19.7","0.7","25.6","1.3","15.7","0.8","32.8","1.4","28.9","1.8","36.0","2.0","15.0","0.7","13.4","1.1","16.5","0.9","13.4","0.7","10.7","0.8","15.6","0.9","5.9","0.4","5.4","0.6","6.4","0.6","35019","373","40755","516","31046","378","16860","929","20836","1336","13241","1330","27720","747","32391","1045","23610","895","33203","611","40178","887","29839","699","43464","1069","49943","1595","37682","1477","55853","1763","64689","3644","51819","1027","4.9","(X)","(X)","(X)","(X)","(X)",
"5001400US3627","Congressional District 27 (114th Congress), New York","63819","1175","33167","890","30652","718","10.3","0.8","12.7","1.2","7.6","0.8","29.8","1.3","34.2","1.9","25.1","1.6","48.8","1.6","44.1","1.9","53.8","2.1","11.1","0.9","9.0","1.1","13.4","1.3","501871","1412","246525","1166","255346","1048","2.4","0.2","2.7","0.2","2.0","0.2","5.8","0.2","6.6","0.3","5.0","0.3","32.5","0.4","34.0","0.6","31.1","0.5","18.1","0.4","18.7","0.5","17.5","0.5","13.0","0.3","11.0","0.4","14.9","0.4","16.1","0.4","16.1","0.5","16.0","0.4","12.2","0.2","10.9","0.4","13.4","0.3","91.9","0.3","90.7","0.4","93.0","0.3","28.3","0.4","27.0","0.6","29.5","0.5","75199","1144","39987","825","35212","690","92.4","0.7","90.2","1.1","94.9","0.7","31.8","1.2","24.8","1.6","39.7","1.5","87663","1211","43905","810","43758","759","94.3","0.5","92.4","0.8","96.3","0.5","33.9","1.1","28.0","1.4","39.7","1.5","223482","1311","111992","843","111490","832","94.4","0.3","93.0","0.4","95.8","0.4","28.5","0.6","28.0","0.8","29.0","0.8","115527","1036","50641","592","64886","717","84.7","0.7","84.6","0.9","84.8","0.8","21.3","0.8","25.7","1.2","17.8","1.0","20.2","1.3","18.0","1.8","22.8","1.9","9.2","0.4","7.9","0.6","10.7","0.6","6.9","0.4","5.1","0.6","8.4","0.6","2.5","0.3","2.3","0.4","2.7","0.4","39077","491","46749","626","31468","393","19032","2278","25144","1658","12028","1036","31392","496","39250","849","23380","896","35904","506","44873","851","29979","642","52350","1141","64913","1788","40670","1652","61558","1307","79381","3335","53443","934","3.8","(X)","(X)","(X)","(X)","(X)",
"5001400US3701","Congressional District 1 (114th Congress), North Carolina","81949","1595","40557","1318","41392","964","20.6","1.1","26.2","1.7","15.2","1.4","27.5","1.2","29.4","1.7","25.7","1.7","43.8","1.5","37.7","2.0","49.7","2.3","8.1","1.0","6.7","1.6","9.4","1.2","476941","2607","217008","1727","259933","1645","8.0","0.3","9.5","0.5","6.8","0.3","13.0","0.4","14.4","0.6","11.8","0.4","31.1","0.5","33.7","0.7","29.0","0.7","21.5","0.4","19.8","0.7","22.9","0.6","7.6","0.3","5.7","0.4","9.1","0.4","11.9","0.4","10.7","0.5","13.0","0.4","6.9","0.2","6.2","0.3","7.4","0.3","79.0","0.4","76.2","0.7","81.4","0.5","18.8","0.4","16.9","0.6","20.4","0.5","96266","1781","45957","1103","50309","1143","82.9","0.8","78.4","1.5","87.1","1.1","24.6","1.1","20.1","1.4","28.7","1.5","86195","1695","41110","1237","45085","984","81.5","1.2","77.5","1.8","85.1","1.3","19.9","1.0","16.0","1.2","23.4","1.3","189472","1600","88533","1131","100939","1021","82.4","0.6","79.1","0.9","85.3","0.7","17.8","0.6","15.5","0.7","19.7","0.8","105008","1190","41408","718","63600","848","67.2","0.9","66.1","1.4","68.0","1.1","14.5","0.7","17.1","1.0","12.8","0.7","38.3","1.5","32.5","1.9","44.3","1.7","21.1","0.9","17.4","1.0","24.7","1.2","16.6","0.7","11.0","1.0","20.2","1.0","6.1","0.6","5.5","0.8","6.5","0.8","27478","368","30581","398","25373","372","16278","569","18500","1086","12974","788","24155","518","27618","762","20734","596","28154","711","33931","1004","25074","581","39553","946","43741","2307","37438","949","50277","1340","56477","4197","46973","1288","5.8","(X)","(X)","(X)","(X)","(X)",
"5001400US3702","Congressional District 2 (114th Congress), North Carolina","67614","1043","36390","933","31224","668","15.7","0.9","17.9","1.5","13.2","1.3","35.0","1.4","39.7","2.1","29.4","1.8","42.0","1.4","37.8","1.9","46.9","2.1","7.3","0.8","4.7","0.9","10.4","1.3","494692","2240","235798","1574","258894","1161","5.0","0.2","5.7","0.4","4.4","0.3","8.1","0.3","8.7","0.4","7.5","0.3","26.2","0.5","26.4","0.6","25.9","0.6","22.3","0.4","21.9","0.6","22.7","0.5","10.0","0.3","8.5","0.4","11.3","0.5","18.5","0.4","18.0","0.5","18.9","0.5","10.0","0.3","10.7","0.4","9.3","0.3","86.9","0.4","85.6","0.5","88.1","0.4","28.5","0.4","28.7","0.5","28.2","0.5","104419","1562","52343","1158","52076","730","88.9","0.9","86.4","1.2","91.5","1.0","28.6","1.0","24.0","1.2","33.2","1.5","105967","1413","51010","966","54957","794","89.5","0.7","87.7","1.0","91.2","0.9","34.6","1.1","32.3","1.5","36.7","1.4","188891","1523","91299","979","97592","874","88.7","0.5","87.1","0.7","90.3","0.6","28.8","0.6","29.9","0.8","27.8","0.9","95415","779","41146","538","54269","577","78.3","0.9","78.6","1.1","78.1","1.1","20.8","0.7","27.7","1.2","15.5","0.8","29.0","1.6","26.3","1.8","31.9","1.9","14.5","0.8","11.9","0.9","16.9","1.1","10.3","0.5","7.2","0.6","12.8","0.8","3.8","0.4","2.8","0.5","4.7","0.5","34631","420","41641","582","28400","635","17855","884","19987","1046","14170","722","26987","471","31026","647","22192","507","33231","616","41573","798","26115","656","47928","1349","64356","1784","37330","1177","71397","3321","94695","4905","53175","1518","5.1","(X)","(X)","(X)","(X)","(X)",
"5001400US3703","Congressional District 3 (114th Congress), North Carolina","111594","1526","65323","1122","46271","991","10.3","0.8","11.2","1.1","9.0","1.1","33.5","1.5","39.6","1.7","24.8","1.9","50.4","1.5","45.0","1.8","58.1","2.2","5.8","0.7","4.3","0.7","8.1","1.2","474439","1847","231522","1143","242917","1202","4.3","0.2","4.9","0.4","3.7","0.3","8.5","0.3","9.5","0.5","7.4","0.4","28.6","0.5","30.7","0.7","26.6","0.6","26.3","0.5","26.3","0.7","26.3","0.7","10.3","0.3","8.3","0.4","12.3","0.4","14.8","0.4","13.2","0.4","16.2","0.5","7.3","0.3","7.1","0.4","7.4","0.4","87.2","0.4","85.6","0.6","88.8","0.5","22.0","0.5","20.3","0.5","23.7","0.7","103577","1218","53731","897","49846","850","89.5","0.8","86.7","1.2","92.5","0.9","23.5","1.1","17.9","1.2","29.4","1.7","86122","1062","44234","739","41888","652","89.4","1.0","87.1","1.3","91.8","1.0","22.8","1.2","19.2","1.3","26.6","1.7","182001","1327","87562","785","94439","899","88.7","0.6","86.3","0.8","90.9","0.8","21.9","0.8","20.1","1.0","23.5","1.0","102739","872","45995","567","56744","521","80.6","1.0","81.4","1.2","79.9","1.2","20.1","0.9","24.4","1.2","16.7","1.0","27.7","1.6","24.0","1.9","32.0","2.2","14.4","0.8","11.4","0.8","17.7","1.1","11.1","0.7","8.0","0.7","13.7","1.0","4.3","0.5","3.7","0.7","4.8","0.7","31378","342","36730","627","25840","403","17431","1046","21250","946","12631","1085","27011","518","32228","640","20174","736","30786","490","38532","998","24698","664","40292","849","48856","2433","34491","909","55010","1606","68042","3855","50127","1682","4.6","(X)","(X)","(X)","(X)","(X)",
"5001400US3704","Congressional District 4 (114th Congress), North Carolina","107136","1917","51930","1347","55206","1482","11.1","0.9","14.3","1.4","8.1","1.1","21.0","1.1","23.0","1.6","19.2","1.4","53.8","1.6","51.8","2.1","55.6","2.3","14.1","0.9","11.0","1.2","17.1","1.5","481470","3207","227017","2164","254453","1974","5.0","0.3","5.8","0.5","4.3","0.3","6.3","0.3","6.9","0.5","5.7","0.4","19.0","0.4","20.0","0.6","18.2","0.5","20.5","0.5","19.8","0.6","21.1","0.7","7.8","0.3","6.7","0.4","8.8","0.4","24.0","0.5","23.4","0.7","24.6","0.6","17.3","0.4","17.4","0.5","17.2","0.5","88.7","0.5","87.3","0.6","89.9","0.5","41.3","0.5","40.8","0.7","41.8","0.7","131600","1838","64113","1442","67487","1268","90.0","0.8","89.2","1.2","90.7","1.0","45.8","1.1","42.2","1.6","49.2","1.6","107124","1946","53093","1233","54031","1135","87.5","1.0","84.7","1.3","90.3","1.1","43.1","1.2","40.6","1.4","45.7","1.7","167382","1999","78664","1319","88718","1108","90.5","0.6","88.8","1.0","92.0","0.6","39.7","0.8","39.3","1.1","40.0","1.1","75364","1050","31147","622","44217","760","84.2","0.8","84.1","1.4","84.2","1.0","34.7","1.3","42.2","1.9","29.4","1.5","33.8","2.1","28.6","2.7","39.5","2.7","17.4","1.0","15.5","1.3","19.3","1.4","12.2","0.7","8.9","0.9","14.8","1.0","5.4","0.4","4.9","0.6","5.8","0.5","34744","481","38683","1008","31795","504","16667","694","18876","973","13244","769","24557","721","27287","832","20310","1088","30641","533","34405","1294","27254","782","44555","1041","50666","1168","39163","1386","60645","1353","77985","4028","51017","996","4.8","(X)","(X)","(X)","(X)","(X)",
"5001400US3705","Congressional District 5 (114th Congress), North Carolina","76652","1122","38343","723","38309","718","14.0","1.2","16.6","1.6","11.5","1.5","29.2","1.5","30.2","1.8","28.2","2.0","47.7","1.5","45.4","2.1","49.9","2.0","9.1","0.8","7.8","1.0","10.3","1.3","503426","1674","239090","1095","264336","1149","5.9","0.3","6.6","0.4","5.2","0.3","9.7","0.3","10.6","0.4","8.8","0.4","29.0","0.6","30.1","0.7","28.0","0.7","20.6","0.5","19.5","0.6","21.6","0.6","8.7","0.3","7.5","0.4","9.8","0.3","17.0","0.4","16.3","0.5","17.7","0.5","9.1","0.3","9.3","0.3","8.8","0.4","84.5","0.4","82.7","0.6","86.0","0.5","26.1","0.5","25.6","0.5","26.5","0.7","85654","1108","42205","745","43449","682","84.6","1.0","82.3","1.4","86.8","1.3","28.3","1.3","24.5","1.5","32.1","1.6","96755","1268","47911","835","48844","695","86.1","1.0","83.1","1.3","89.1","1.2","29.3","1.1","26.1","1.3","32.4","1.6","204157","1227","98233","870","105924","721","87.6","0.5","85.4","0.7","89.6","0.5","27.1","0.8","26.3","0.8","27.8","0.9","116860","977","50741","508","66119","688","77.5","0.8","77.5","1.1","77.5","0.9","20.2","0.8","25.0","1.1","16.5","0.9","30.2","1.5","25.7","1.6","35.1","1.9","14.2","0.8","13.3","1.0","15.2","1.0","11.6","0.6","9.5","0.9","13.2","0.7","4.5","0.4","4.0","0.6","4.9","0.6","31406","294","34619","506","28044","615","18190","567","20663","887","14979","753","25774","453","28688","851","22123","613","31122","426","36560","1038","26817","800","42684","884","51690","1788","38097","955","55284","1813","70277","4493","47096","1085","4.5","(X)","(X)","(X)","(X)","(X)",
"5001400US3706","Congressional District 6 (114th Congress), North Carolina","66739","1146","33364","789","33375","870","15.5","1.4","18.4","1.8","12.6","1.7","27.8","1.5","30.5","2.3","25.1","1.7","48.4","1.6","44.2","2.2","52.6","2.0","8.3","0.8","6.9","1.2","9.7","1.0","520430","1953","247319","1248","273111","1225","5.1","0.2","5.8","0.3","4.4","0.3","8.8","0.3","10.1","0.4","7.7","0.4","28.2","0.4","29.1","0.6","27.3","0.6","20.9","0.3","19.8","0.5","21.9","0.5","8.5","0.3","7.2","0.4","9.7","0.4","18.7","0.4","18.1","0.5","19.3","0.5","9.8","0.3","9.8","0.4","9.8","0.4","86.1","0.4","84.0","0.5","88.0","0.5","28.5","0.4","27.9","0.5","29.1","0.6","82372","1249","40869","732","41503","778","87.0","1.0","84.1","1.4","89.8","1.1","31.5","1.1","26.1","1.4","36.8","1.5","99115","1181","48169","706","50946","795","88.7","0.8","86.2","1.1","91.1","0.9","32.0","1.1","28.4","1.4","35.4","1.3","219296","1504","106751","865","112545","1042","89.0","0.5","86.6","0.8","91.4","0.6","29.8","0.7","28.9","0.9","30.6","0.9","119647","766","51530","395","68117","598","77.9","0.8","76.6","1.1","78.8","0.9","21.2","0.8","26.7","1.2","17.1","0.8","28.1","1.5","23.9","1.5","33.1","2.2","13.2","0.7","11.3","0.8","14.9","0.9","9.7","0.5","7.7","0.7","11.2","0.8","3.3","0.4","3.3","0.5","3.3","0.5","34353","426","39506","894","30409","380","18686","795","21534","813","14376","1017","27636","675","32068","689","23375","814","32507","569","40060","1123","28008","830","45816","769","57024","2485","39840","725","59427","1949","77602","3636","51444","1572","5.0","(X)","(X)","(X)","(X)","(X)",
"5001400US3707","Congressional District 7 (114th Congress), North Carolina","61533","1144","32162","840","29371","778","20.0","1.4","24.3","1.7","15.3","1.6","32.8","1.9","37.8","2.9","27.3","2.2","40.3","1.8","32.3","2.5","49.0","2.5","7.0","1.1","5.6","1.4","8.4","1.5","516844","1746","247398","1047","269446","1143","6.3","0.3","7.4","0.4","5.2","0.3","9.9","0.4","11.2","0.6","8.6","0.5","28.1","0.6","29.2","0.8","27.0","0.6","23.0","0.5","22.2","0.6","23.7","0.7","9.8","0.4","7.8","0.4","11.6","0.5","15.7","0.4","15.0","0.6","16.5","0.5","7.2","0.3","7.1","0.4","7.3","0.3","83.8","0.5","81.3","0.7","86.2","0.6","23.0","0.5","22.1","0.6","23.8","0.6","87838","1029","43757","756","44081","769","81.7","1.2","78.5","1.6","85.0","1.5","21.7","1.4","17.2","1.4","26.1","1.9","100575","885","49677","575","50898","549","86.0","0.9","82.4","1.4","89.6","1.0","26.1","1.2","22.0","1.5","30.2","1.5","209079","1047","100744","712","108335","685","86.6","0.6","83.7","0.8","89.3","0.7","22.5","0.7","21.4","0.8","23.5","0.8","119352","671","53220","411","66132","516","78.8","0.8","78.2","1.3","79.2","1.0","22.1","0.8","27.4","1.2","17.7","0.9","32.8","1.5","28.6","1.8","37.9","2.2","15.7","0.8","13.8","1.2","17.5","0.9","12.5","0.7","8.3","0.8","15.7","1.0","4.0","0.5","3.5","0.6","4.5","0.6","31101","341","35501","578","26286","478","17320","739","19376","958","13773","1891","26059","554","31071","711","20872","628","30886","567","38007","1307","25165","694","43366","959","54128","2434","37892","902","55557","2342","70077","4679","50882","1518","5.3","(X)","(X)","(X)","(X)","(X)",
"5001400US3708","Congressional District 8 (114th Congress), North Carolina","67186","1030","34845","755","32341","641","21.3","1.2","24.5","1.9","17.9","1.5","35.2","1.5","38.8","2.2","31.4","1.9","39.5","1.5","33.5","2.1","45.9","2.0","4.0","0.6","3.3","0.9","4.7","0.7","488175","2300","233849","1488","254326","1361","6.8","0.3","7.7","0.4","6.0","0.3","12.5","0.4","14.2","0.5","10.9","0.4","32.8","0.5","34.6","0.7","31.1","0.7","22.0","0.4","20.5","0.5","23.5","0.5","8.9","0.3","7.3","0.4","10.5","0.5","11.8","0.3","11.1","0.5","12.6","0.4","5.2","0.3","4.7","0.3","5.6","0.3","80.7","0.4","78.1","0.6","83.1","0.5","17.0","0.5","15.7","0.6","18.1","0.5","88648","1352","43569","845","45079","768","81.0","1.0","76.1","1.5","85.7","1.1","17.9","1.2","13.0","1.3","22.5","1.6","100151","1217","50042","756","50109","815","83.7","0.9","79.6","1.3","87.8","1.0","19.9","1.0","16.6","1.2","23.1","1.3","197446","1343","96160","806","101286","955","84.2","0.6","81.6","0.9","86.6","0.7","17.4","0.6","16.8","0.8","18.1","0.8","101930","1011","44078","627","57852","718","70.9","0.9","70.6","1.3","71.1","1.1","12.6","0.7","15.1","1.0","10.7","0.8","31.1","1.3","26.1","1.8","37.0","1.5","16.5","0.7","13.2","0.9","19.8","1.1","11.9","0.6","9.1","0.8","13.9","0.9","4.5","0.5","4.4","0.9","4.6","0.6","30770","341","35047","639","26450","447","19078","679","21697","645","14405","789","26490","517","31369","743","20888","659","31175","533","38787","1130","26274","574","43652","1084","52173","1344","38410","1254","51263","1149","59638","4062","47140","2185","5.2","(X)","(X)","(X)","(X)","(X)",
"5001400US3709","Congressional District 9 (114th Congress), North Carolina","54636","1608","27545","952","27091","1140","14.4","1.3","16.7","1.9","12.0","1.7","28.9","1.7","32.0","2.6","25.7","2.2","42.7","2.1","41.2","2.6","44.2","2.6","14.1","1.2","10.1","1.5","18.1","1.7","516121","2523","243659","1855","272462","1474","2.4","0.2","2.5","0.3","2.2","0.2","4.1","0.2","4.6","0.4","3.6","0.3","17.5","0.4","17.2","0.6","17.8","0.5","20.4","0.4","19.4","0.5","21.3","0.6","8.0","0.3","6.8","0.4","9.2","0.4","32.3","0.5","33.3","0.7","31.3","0.6","15.3","0.4","16.2","0.5","14.5","0.5","93.5","0.3","92.9","0.5","94.1","0.4","47.6","0.6","49.6","0.8","45.8","0.7","100619","1871","48002","1199","52617","1126","93.6","0.9","91.6","1.3","95.5","0.8","50.2","1.4","45.6","1.8","54.3","1.7","125341","1475","60048","993","65293","926","95.2","0.5","94.2","0.8","96.2","0.5","55.2","1.1","53.3","1.7","56.8","1.4","204857","1509","99091","982","105766","916","94.7","0.5","93.9","0.6","95.6","0.5","47.9","0.9","51.5","1.1","44.5","1.0","85304","922","36518","537","48786","690","88.1","0.7","89.8","1.1","86.8","0.9","32.5","0.9","43.1","1.6","24.6","1.2","21.7","2.0","20.5","2.7","22.9","2.5","10.7","1.0","9.9","1.2","11.4","1.1","7.2","0.5","5.6","0.7","8.5","0.7","3.2","0.3","2.6","0.3","3.8","0.4","44504","601","54860","942","35675","572","21332","878","25161","2151","16896","2238","29725","1196","35377","1362","23833","1186","36743","891","44854","1351","30416","620","56205","1090","76027","1482","42442","1014","74971","2216","102696","2042","53876","1499","3.6","(X)","(X)","(X)","(X)","(X)",
"5001400US3710","Congressional District 10 (114th Congress), North Carolina","62256","860","31780","625","30476","554","17.9","1.4","20.5","1.7","15.2","1.6","32.0","1.5","34.8","2.0","29.0","2.1","43.3","1.3","39.5","1.9","47.2","2.1","6.8","0.6","5.2","0.9","8.6","1.2","511575","1409","242821","1008","268754","844","5.7","0.2","6.1","0.3","5.3","0.3","10.4","0.4","11.5","0.6","9.5","0.4","29.0","0.5","29.7","0.7","28.3","0.6","22.3","0.4","21.9","0.6","22.7","0.5","9.6","0.3","8.1","0.4","10.9","0.4","15.3","0.4","15.2","0.5","15.4","0.4","7.8","0.3","7.5","0.3","8.0","0.3","83.9","0.4","82.4","0.6","85.2","0.5","23.1","0.5","22.7","0.6","23.4","0.6","86098","869","42173","583","43925","600","86.6","1.0","84.4","1.5","88.7","1.1","24.8","1.1","20.7","1.4","28.7","1.4","99330","822","48618","462","50712","608","86.9","0.9","84.3","1.3","89.4","1.0","25.9","1.0","23.9","1.4","27.8","1.2","209857","1021","101787","664","108070","627","86.6","0.6","84.4","0.8","88.7","0.6","23.1","0.7","22.8","0.8","23.4","0.9","116290","702","50243","486","66047","485","74.5","0.9","75.0","1.2","74.2","1.1","19.4","0.8","23.4","1.1","16.3","1.0","29.4","1.2","26.9","1.5","32.2","1.7","14.8","0.7","12.6","1.0","17.0","0.9","12.0","0.7","9.0","0.8","14.3","0.9","4.6","0.5","4.4","0.6","4.8","0.6","30776","295","35238","551","26190","400","19091","808","21829","887","15102","874","25872","476","30408","638","21890","546","30706","457","37154","737","25624","617","40720","787","50336","1464","34761","920","52118","1548","64751","4720","47631","1514","4.9","(X)","(X)","(X)","(X)","(X)",
"5001400US3711","Congressional District 11 (114th Congress), North Carolina","63091","995","33586","662","29505","576","19.3","1.6","22.5","2.1","15.7","1.8","29.6","1.7","31.4","2.3","27.5","2.5","45.1","1.8","42.1","2.4","48.4","2.5","6.1","0.8","4.0","0.8","8.5","1.1","526771","1434","252411","925","274360","976","5.9","0.2","6.9","0.4","5.0","0.3","10.1","0.3","11.7","0.5","8.7","0.3","30.1","0.5","31.3","0.7","29.0","0.6","22.4","0.5","21.1","0.7","23.6","0.6","9.2","0.3","7.6","0.4","10.7","0.4","14.3","0.3","13.5","0.5","15.0","0.5","8.1","0.3","8.0","0.4","8.1","0.4","84.0","0.4","81.5","0.6","86.3","0.4","22.3","0.5","21.6","0.7","23.1","0.5","77437","825","39052","591","38385","587","85.4","1.0","83.0","1.5","88.0","1.2","20.6","1.3","15.9","1.4","25.3","1.7","90885","965","46260","613","44625","626","86.3","1.0","83.0","1.4","89.8","1.2","23.3","1.1","19.4","1.4","27.4","1.7","210208","873","101575","617","108633","664","86.4","0.6","83.2","0.9","89.4","0.7","22.2","0.8","21.1","1.0","23.3","0.9","148241","708","65524","482","82717","489","78.4","0.8","76.8","1.2","79.6","0.8","22.9","0.7","27.2","1.2","19.4","0.7","29.7","1.3","25.8","1.6","34.5","1.8","15.9","0.8","14.7","0.9","17.1","1.0","12.7","0.6","10.8","0.9","14.2","0.8","5.0","0.5","4.3","0.6","5.7","0.8","28530","409","31755","374","25169","386","18204","768","20569","805","14745","1189","25316","505","29535","880","20466","688","28283","713","32978","1058","25235","487","39548","1110","45854","1523","34555","1122","48308","1690","55926","1842","43517","2005","5.3","(X)","(X)","(X)","(X)","(X)",
"5001400US3712","Congressional District 12 (114th Congress), North Carolina","95937","2211","46480","1289","49457","1469","17.3","0.9","20.5","1.5","14.2","1.2","25.8","1.3","26.8","1.7","24.8","1.7","47.0","1.6","44.2","1.8","49.7","2.4","9.9","0.8","8.5","1.2","11.2","1.1","470571","2753","220349","1917","250222","1810","7.6","0.3","8.8","0.4","6.6","0.3","11.3","0.4","12.0","0.6","10.8","0.5","27.6","0.5","29.8","0.7","25.6","0.6","23.0","0.5","20.8","0.7","25.0","0.7","7.0","0.2","6.0","0.4","7.8","0.3","16.5","0.4","16.1","0.5","16.9","0.5","6.9","0.3","6.6","0.4","7.2","0.3","81.0","0.4","79.2","0.6","82.7","0.5","23.5","0.5","22.7","0.6","24.2","0.6","128745","2098","63455","1426","65290","1172","82.7","0.8","80.6","1.2","84.8","0.9","31.5","1.1","28.9","1.4","34.1","1.4","105411","1647","50737","1083","54674","1073","81.8","1.0","79.2","1.2","84.1","1.2","25.0","1.0","22.8","1.3","27.0","1.4","168154","1876","79279","1209","88875","1129","82.8","0.7","80.6","1.0","84.7","0.8","19.8","0.8","19.3","0.8","20.3","1.0","68261","1253","26878","643","41383","889","72.4","1.2","71.6","1.7","72.9","1.4","15.1","0.7","17.9","1.2","13.3","0.9","35.3","1.4","29.1","2.0","41.8","1.6","21.8","0.7","17.6","1.1","26.1","1.1","18.2","0.8","13.6","1.2","21.4","1.0","6.7","0.5","5.7","0.6","7.4","0.8","27519","432","30217","484","25815","348","17479","490","19403","787","14886","738","22993","679","25731","734","20533","530","27225","381","31078","716","25182","505","40997","822","46904","1491","37071","901","53242","1394","63628","4060","47126","1771","5.8","(X)","(X)","(X)","(X)","(X)",
"5001400US3713","Congressional District 13 (114th Congress), North Carolina","54811","1629","28705","1143","26106","1141","19.1","1.4","24.3","2.3","13.4","1.6","28.5","1.5","29.8","2.2","27.1","2.2","40.3","1.9","37.3","2.5","43.6","2.5","12.1","1.1","8.6","1.2","15.9","1.9","513592","3094","244987","1910","268605","1970","3.8","0.2","4.5","0.3","3.2","0.2","5.9","0.3","6.8","0.4","5.1","0.3","22.3","0.5","22.6","0.6","22.1","0.7","20.1","0.4","19.4","0.6","20.8","0.6","9.2","0.3","8.3","0.4","10.1","0.4","25.5","0.5","24.5","0.6","26.4","0.6","13.1","0.3","13.9","0.5","12.3","0.5","90.2","0.3","88.6","0.5","91.7","0.4","38.6","0.5","38.5","0.6","38.7","0.6","92970","1813","45294","1216","47676","1160","90.2","0.9","87.5","1.2","92.8","1.0","40.3","1.4","34.6","1.9","45.7","1.8","113577","1819","55471","1171","58106","1021","92.0","0.7","90.4","1.0","93.5","0.8","44.6","1.0","41.8","1.3","47.3","1.5","215364","2064","103728","1171","111636","1249","92.1","0.5","89.8","0.7","94.2","0.6","39.0","0.8","39.5","1.0","38.6","1.0","91681","1228","40494","705","51187","896","83.6","0.9","84.5","1.5","82.9","1.1","28.4","0.9","35.6","1.4","22.7","1.2","26.7","2.0","22.4","2.0","31.9","2.7","10.8","0.8","8.9","1.0","12.6","1.0","7.1","0.5","5.3","0.6","8.6","0.8","2.7","0.3","2.2","0.3","3.2","0.4","40380","375","48632","943","33470","528","19667","1046","21849","1215","14216","1407","29385","992","33747","1126","24362","1124","35553","652","43551","1197","29956","791","52594","1111","70543","1957","42171","1055","70296","1933","92581","2872","53902","1790","4.3","(X)","(X)","(X)","(X)","(X)",
"5001400US3800","Congressional District (at Large) (114th Congress), North Dakota","88097","469","47363","329","40734","333","8.9","0.6","9.4","0.9","8.3","1.0","25.7","1.2","28.8","1.7","22.0","1.5","55.3","1.4","53.9","1.9","57.0","1.9","10.1","0.8","7.8","0.9","12.7","1.2","458527","525","230222","466","228305","426","4.1","0.1","4.3","0.2","4.0","0.2","4.5","0.2","5.0","0.3","4.1","0.2","27.4","0.4","29.1","0.7","25.7","0.5","23.6","0.4","23.2","0.6","24.0","0.4","13.0","0.3","12.9","0.4","13.0","0.5","19.6","0.4","17.8","0.5","21.4","0.5","7.7","0.2","7.7","0.3","7.7","0.3","91.3","0.3","90.8","0.3","91.9","0.3","27.3","0.5","25.5","0.6","29.1","0.5","98724","560","52991","419","45733","395","95.4","0.5","94.8","0.7","96.1","0.6","33.9","1.2","27.8","1.5","41.1","1.6","77987","508","40802","357","37185","281","95.3","0.5","94.7","0.7","96.1","0.6","34.4","1.2","30.2","1.5","38.9","1.6","180914","484","91848","326","89066","347","94.6","0.3","93.6","0.4","95.7","0.4","26.5","0.7","24.8","0.7","28.2","0.9","100902","217","44581","133","56321","157","78.3","0.6","76.5","0.9","79.8","0.8","16.9","0.6","20.0","1.0","14.4","0.8","21.4","1.2","16.8","1.4","26.9","1.8","10.4","0.6","8.5","0.8","12.5","0.8","7.6","0.4","5.8","0.6","9.4","0.6","3.5","0.3","3.7","0.5","3.3","0.5","36781","279","45344","505","29231","421","24534","1552","30861","1114","15309","1765","30747","411","39091","836","22095","508","35270","380","45744","848","26807","472","42840","712","52718","1046","36912","631","58915","2012","70588","3240","51314","1071","4.4","(X)","(X)","(X)","(X)","(X)",
"5001400US3901","Congressional District 1 (114th Congress), Ohio","73636","1118","37895","725","35741","799","14.3","1.1","15.9","1.6","12.5","1.5","31.4","1.3","33.4","1.9","29.4","2.0","43.8","1.4","42.3","1.9","45.4","2.1","10.4","0.8","8.4","1.0","12.7","1.2","470979","1712","224585","1298","246394","970","3.0","0.2","3.0","0.2","2.9","0.2","8.1","0.3","8.2","0.4","8.0","0.4","29.5","0.4","29.6","0.6","29.4","0.6","19.8","0.4","19.2","0.6","20.3","0.5","8.2","0.3","6.8","0.3","9.4","0.4","19.8","0.4","20.6","0.6","19.2","0.5","11.7","0.3","12.5","0.4","10.9","0.5","88.9","0.4","88.7","0.5","89.1","0.5","31.5","0.5","33.0","0.6","30.1","0.6","94605","1211","46609","873","47996","705","89.9","0.8","88.6","1.1","91.2","0.9","34.4","1.3","33.1","1.6","35.7","1.8","90862","934","44570","555","46292","675","91.9","0.6","91.0","0.8","92.7","0.8","37.4","1.0","36.3","1.4","38.4","1.4","193537","1160","94209","773","99328","736","90.9","0.4","90.6","0.6","91.3","0.6","30.8","0.6","32.3","0.9","29.3","0.8","91975","738","39197","478","52778","510","80.8","0.9","81.9","1.2","80.0","1.2","24.2","1.0","31.0","1.5","19.2","1.1","32.4","1.6","27.3","1.8","36.9","2.1","14.7","0.7","13.4","1.0","15.9","0.9","12.1","0.5","9.4","0.9","14.2","0.8","4.1","0.5","3.8","0.5","4.4","0.7","37367","482","45252","814","30828","475","19388","925","22705","1853","15773","1329","29642","861","35104","1107","24328","813","33212","773","41043","966","28187","1038","52782","1118","65321","1889","41810","1333","68668","2310","83248","2059","54943","1617","5.1","(X)","(X)","(X)","(X)","(X)",
"5001400US3902","Congressional District 2 (114th Congress), Ohio","58377","1124","29520","674","28857","840","13.5","1.0","15.1","1.5","11.9","1.2","35.0","1.3","39.0","1.8","30.9","1.6","39.2","1.5","37.5","2.0","41.0","2.1","12.3","1.0","8.4","1.2","16.3","1.7","496080","1822","235681","1448","260399","1063","3.5","0.2","3.8","0.3","3.2","0.2","8.7","0.3","9.2","0.4","8.4","0.4","32.2","0.4","32.8","0.6","31.6","0.6","18.4","0.4","17.6","0.5","19.1","0.5","7.9","0.3","6.6","0.3","9.1","0.4","18.2","0.4","18.8","0.6","17.6","0.5","11.1","0.3","11.2","0.4","11.0","0.4","87.8","0.4","87.1","0.5","88.5","0.4","29.3","0.5","30.1","0.6","28.6","0.6","94706","1307","47121","969","47585","762","91.6","0.9","90.5","1.3","92.7","0.9","36.8","1.1","33.5","1.4","40.0","1.6","92175","1053","45342","632","46833","759","91.0","0.7","90.2","1.0","91.9","1.0","33.3","1.1","31.9","1.4","34.6","1.3","203855","1217","98472","849","105383","789","89.3","0.5","88.3","0.7","90.2","0.6","28.1","0.6","28.5","0.8","27.7","0.8","105344","807","44746","514","60598","608","78.6","0.9","77.5","1.4","79.5","1.0","21.5","0.7","28.0","1.1","16.7","0.9","28.7","1.6","25.0","1.8","32.5","1.9","13.8","0.7","11.9","1.0","15.7","0.8","11.3","0.7","8.7","0.9","13.4","0.9","3.8","0.4","3.6","0.5","4.1","0.5","36569","400","42539","701","31135","419","20236","933","23168","1774","14786","1109","28506","754","33427","811","23163","666","33760","834","39971","1232","29414","1099","50381","784","61314","1332","41503","1060","64815","1522","81943","3640","55887","1535","4.7","(X)","(X)","(X)","(X)","(X)",
"5001400US3903","Congressional District 3 (114th Congress), Ohio","91644","1486","44914","1074","46730","1010","15.2","1.1","17.2","1.3","13.3","1.5","25.0","1.1","26.5","1.5","23.6","1.5","49.1","1.4","46.2","2.0","51.8","1.8","10.7","0.7","10.0","1.1","11.3","1.0","461039","2145","218037","1630","243002","1376","4.4","0.3","4.5","0.3","4.4","0.3","9.6","0.3","10.0","0.5","9.2","0.4","30.3","0.5","31.3","0.7","29.4","0.8","22.8","0.5","21.9","0.7","23.5","0.6","6.9","0.3","6.1","0.4","7.7","0.4","17.4","0.5","17.7","0.5","17.2","0.6","8.5","0.3","8.4","0.4","8.6","0.4","86.0","0.4","85.5","0.5","86.4","0.5","26.0","0.5","26.2","0.6","25.8","0.6","126252","1907","61525","1143","64727","1184","88.3","0.7","87.7","1.0","88.8","1.0","33.1","1.1","31.2","1.5","34.9","1.4","97913","1069","48452","713","49461","756","87.6","0.8","85.6","1.2","89.5","0.8","28.1","1.2","27.1","1.5","29.0","1.5","167412","1364","79478","905","87934","773","86.6","0.5","86.3","0.8","86.8","0.8","23.1","0.8","23.2","1.0","22.9","0.8","69462","843","28582","585","40880","588","77.9","1.0","78.4","1.7","77.6","1.3","17.1","0.9","21.7","1.4","13.9","1.0","37.3","1.5","32.5","2.1","41.8","2.2","18.8","0.8","16.4","1.1","21.2","1.1","15.6","0.9","12.3","1.0","18.3","1.2","6.3","0.5","6.2","0.7","6.4","0.7","32456","362","35396","555","29837","635","18208","740","20830","880","15576","779","26688","608","30397","650","23490","1074","31868","594","35549","768","28776","1005","43563","954","49532","2044","39975","991","57101","1881","66050","2013","51724","1395","5.0","(X)","(X)","(X)","(X)","(X)",
"5001400US3904","Congressional District 4 (114th Congress), Ohio","65563","790","34447","552","31116","532","16.3","0.9","18.2","1.5","14.2","1.1","35.4","1.2","38.5","1.8","32.0","1.7","42.5","1.3","38.6","1.6","46.8","2.2","5.8","0.8","4.7","0.9","7.0","1.1","483755","1155","237309","949","246446","765","2.7","0.1","2.8","0.2","2.6","0.2","8.5","0.3","9.0","0.3","8.0","0.4","42.0","0.4","44.0","0.6","40.1","0.5","21.4","0.4","21.2","0.5","21.6","0.5","9.0","0.3","7.6","0.3","10.3","0.4","10.3","0.3","9.7","0.4","10.8","0.4","6.0","0.2","5.6","0.3","6.5","0.3","88.8","0.3","88.2","0.4","89.4","0.4","16.3","0.4","15.3","0.4","17.3","0.5","82913","951","42786","665","40127","578","90.8","0.7","89.1","1.0","92.6","0.9","17.7","0.9","14.1","1.0","21.6","1.3","89131","694","45254","519","43877","445","92.1","0.6","91.3","0.9","93.0","0.7","20.1","0.9","17.0","1.1","23.3","1.2","203195","940","101758","608","101437","593","90.9","0.4","90.4","0.5","91.5","0.5","16.4","0.6","15.5","0.6","17.4","0.7","108516","535","47511","400","61005","381","80.5","0.7","79.7","1.0","81.2","0.8","12.0","0.6","14.7","0.9","10.0","0.7","25.7","1.4","23.9","1.8","27.5","1.7","11.1","0.5","9.4","0.6","12.9","0.7","10.3","0.5","7.1","0.6","13.0","0.8","2.7","0.3","2.3","0.4","3.0","0.5","32544","354","40290","382","26032","331","18045","889","21571","1019","14145","1447","29240","655","36239","573","21701","516","32590","557","42151","611","25989","556","45781","1372","57175","1511","36553","1376","60443","1202","70478","2500","54381","1615","4.1","(X)","(X)","(X)","(X)","(X)",
"5001400US3905","Congressional District 5 (114th Congress), Ohio","72983","849","36292","650","36691","611","11.3","0.8","13.2","1.1","9.5","1.1","29.4","1.4","32.1","1.8","26.7","1.8","49.9","1.3","47.0","1.6","52.8","2.0","9.4","0.7","7.7","0.9","11.0","1.2","483078","1410","232284","934","250794","839","2.2","0.2","2.3","0.2","2.1","0.2","6.0","0.2","6.4","0.3","5.7","0.3","37.0","0.4","37.9","0.6","36.2","0.6","20.7","0.3","21.2","0.4","20.2","0.5","9.7","0.3","7.9","0.3","11.3","0.4","15.0","0.3","14.8","0.5","15.1","0.4","9.4","0.2","9.5","0.3","9.4","0.3","91.8","0.3","91.3","0.4","92.2","0.3","24.4","0.4","24.3","0.5","24.5","0.5","83774","1108","41864","736","41910","673","94.4","0.6","94.1","0.8","94.6","0.7","30.2","1.1","26.4","1.3","34.0","1.4","86897","948","43556","622","43341","571","94.9","0.5","93.5","0.8","96.3","0.6","29.8","0.9","26.8","1.3","32.9","1.2","200991","1012","98829","592","102162","658","93.4","0.3","92.5","0.5","94.2","0.5","23.7","0.6","23.8","0.8","23.5","0.8","111416","589","48035","471","63381","449","84.5","0.5","84.3","0.8","84.6","0.8","17.1","0.6","21.3","1.0","13.9","0.7","22.6","1.6","20.5","2.3","24.9","1.7","10.2","0.5","8.6","0.6","11.7","0.8","8.8","0.5","6.4","0.6","10.9","0.7","3.7","0.5","3.5","0.7","3.9","0.5","35103","366","42828","556","27654","491","20765","1062","25384","2152","15805","1279","29172","575","36507","564","21040","372","33627","600","42484","782","27264","560","46737","1062","60458","1273","37493","1052","59977","1264","74630","3507","53424","1104","3.5","(X)","(X)","(X)","(X)","(X)",
"5001400US3906","Congressional District 6 (114th Congress), Ohio","59455","683","30951","505","28504","400","16.3","0.9","19.0","1.3","13.4","1.1","37.6","1.4","41.4","1.9","33.5","1.9","40.3","1.6","35.4","2.0","45.6","2.2","5.7","0.7","4.1","0.7","7.4","1.1","502195","1184","244772","832","257423","865","3.6","0.2","3.9","0.2","3.3","0.2","9.7","0.3","10.0","0.4","9.4","0.4","44.6","0.4","46.9","0.6","42.3","0.6","18.3","0.4","18.4","0.5","18.2","0.4","8.9","0.3","6.8","0.3","10.9","0.4","9.6","0.3","9.1","0.4","10.0","0.5","5.4","0.2","4.9","0.3","5.9","0.3","86.8","0.4","86.1","0.4","87.4","0.5","15.0","0.4","14.0","0.5","15.9","0.5","79746","913","41564","637","38182","504","88.9","0.9","86.6","1.2","91.3","1.2","17.3","0.9","13.7","1.0","21.3","1.4","86736","713","44035","516","42701","427","91.0","0.6","89.7","0.9","92.4","0.8","17.9","0.9","14.6","1.1","21.4","1.3","210119","876","104197","554","105922","561","89.0","0.5","88.3","0.6","89.7","0.6","15.4","0.5","14.4","0.6","16.5","0.7","125594","787","54976","471","70618","580","78.7","0.8","78.8","1.1","78.7","1.0","10.7","0.5","13.0","0.9","8.9","0.6","28.6","1.2","27.0","1.6","30.2","1.6","13.2","0.5","10.6","0.6","15.8","0.7","11.7","0.6","8.6","0.7","14.2","0.8","4.2","0.5","4.2","0.6","4.3","0.7","30283","315","37321","652","23348","476","17054","759","19893","1410","13999","955","26582","338","34475","803","18859","440","30449","547","40559","951","24184","712","43018","1144","53429","2109","36138","1585","54452","1060","60557","2650","52433","1157","4.4","(X)","(X)","(X)","(X)","(X)",
"5001400US3907","Congressional District 7 (114th Congress), Ohio","61072","1013","30602","794","30470","699","19.8","1.2","22.0","1.7","17.5","1.4","34.4","1.5","39.6","1.9","29.3","2.1","39.8","1.5","33.2","1.9","46.4","2.3","6.0","0.8","5.2","1.0","6.8","1.1","488140","1430","234688","1053","253452","1096","5.1","0.2","5.4","0.3","4.9","0.3","8.0","0.3","8.5","0.4","7.5","0.3","40.9","0.5","41.1","0.6","40.6","0.6","19.5","0.4","19.7","0.5","19.4","0.5","7.7","0.2","6.4","0.3","9.0","0.4","12.3","0.3","12.6","0.4","12.1","0.4","6.4","0.2","6.3","0.3","6.5","0.3","86.9","0.3","86.1","0.5","87.7","0.4","18.8","0.4","18.9","0.5","18.6","0.5","81845","1400","40736","892","41109","814","86.1","0.9","84.6","1.2","87.6","1.1","23.5","1.0","19.9","1.3","27.1","1.2","86797","1145","42861","711","43936","708","90.5","0.7","88.4","1.1","92.5","0.7","23.4","1.0","21.1","1.2","25.8","1.3","204029","1248","100241","821","103788","848","89.7","0.5","88.9","0.6","90.5","0.5","17.8","0.6","18.5","0.7","17.3","0.8","115469","1112","50850","714","64619","717","79.8","0.7","79.8","1.0","79.8","0.9","13.5","0.6","17.3","0.9","10.5","0.7","22.4","1.3","19.9","1.6","25.0","1.7","11.1","0.4","9.2","0.5","12.9","0.6","9.9","0.6","7.5","0.8","11.9","0.8","3.6","0.5","3.7","0.6","3.6","0.6","32232","292","40420","390","25088","390","23081","1092","29674","1745","13379","1439","27440","525","35696","668","20594","504","32361","670","42065","829","25359","786","45402","1327","58184","2943","35951","1381","60798","1432","70438","2440","54434","1607","4.5","(X)","(X)","(X)","(X)","(X)",
"5001400US3908","Congressional District 8 (114th Congress), Ohio","72884","274","36613","214","36271","169","13.0","0.9","13.9","1.3","12.2","1.2","34.9","1.4","38.3","2.2","31.5","2.1","45.3","1.4","42.0","2.0","48.7","2.0","6.7","0.8","5.8","1.3","7.7","0.8","474794","300","227861","237","246933","263","3.0","0.1","3.1","0.2","2.9","0.2","8.4","0.3","8.5","0.3","8.3","0.3","37.6","0.5","38.6","0.6","36.7","0.6","20.5","0.4","20.3","0.5","20.7","0.5","8.1","0.3","6.6","0.3","9.4","0.4","14.5","0.4","14.5","0.5","14.5","0.5","8.0","0.3","8.4","0.4","7.6","0.3","88.6","0.3","88.4","0.4","88.8","0.4","22.5","0.4","22.9","0.6","22.1","0.5","83515","322","41307","201","42208","241","90.9","0.7","89.9","0.9","91.9","1.0","26.3","1.1","22.7","1.3","29.8","1.5","89517","307","44382","199","45135","202","91.9","0.6","90.7","0.9","93.1","0.7","25.8","1.0","23.4","1.3","28.2","1.3","197388","357","96608","244","100780","236","90.8","0.4","90.4","0.7","91.3","0.5","22.3","0.6","23.4","0.7","21.3","0.8","104374","246","45564","143","58810","176","79.8","0.8","80.7","1.0","79.1","1.1","16.7","0.6","21.4","1.0","13.1","0.7","23.9","1.3","21.2","1.8","26.5","1.8","11.5","0.5","9.9","0.7","13.1","0.7","9.7","0.7","7.0","0.7","11.8","0.9","2.4","0.3","1.9","0.4","2.8","0.5","35300","430","42367","485","28062","578","21093","934","25241","2019","15923","1145","29938","509","36642","747","22488","635","33692","756","41541","720","27398","657","50924","1124","66470","1638","39533","1767","65587","1056","81767","2703","56243","1338","5.2","(X)","(X)","(X)","(X)","(X)",
"5001400US3909","Congressional District 9 (114th Congress), Ohio","73322","1405","36359","981","36963","890","18.4","1.1","21.0","1.5","15.9","1.5","30.4","1.2","33.1","1.7","27.7","1.6","43.5","1.4","40.3","1.9","46.6","2.1","7.7","0.7","5.6","1.0","9.8","1.0","479743","2365","227865","1742","251878","1515","3.8","0.2","3.9","0.3","3.6","0.2","10.2","0.3","10.8","0.5","9.7","0.4","34.4","0.5","35.4","0.7","33.5","0.7","22.8","0.4","22.5","0.6","23.1","0.5","8.0","0.3","6.8","0.3","9.1","0.3","13.5","0.3","13.6","0.5","13.3","0.4","7.3","0.2","6.9","0.3","7.6","0.3","86.0","0.4","85.3","0.5","86.7","0.5","20.8","0.4","20.5","0.5","20.9","0.5","94388","1488","46589","1012","47799","979","87.4","0.9","85.4","1.3","89.3","1.0","24.8","1.1","22.9","1.5","26.7","1.3","89188","1193","44491","870","44697","753","88.9","0.7","87.4","1.1","90.4","0.8","24.0","0.8","21.5","1.2","26.4","1.2","196095","1586","95395","1010","100700","1018","88.1","0.5","87.5","0.8","88.7","0.6","19.8","0.6","19.5","0.7","20.1","0.7","100072","957","41390","692","58682","788","77.9","0.8","77.6","1.1","78.2","1.1","15.9","0.7","19.2","1.0","13.6","0.8","34.4","1.5","30.0","1.8","38.7","1.8","16.5","0.7","15.0","0.9","17.8","1.0","14.7","0.7","11.3","0.8","17.4","0.9","6.2","0.5","5.8","0.7","6.5","0.7","31529","356","36890","678","26690","409","17939","836","21177","863","13858","973","26465","500","31837","727","21465","652","31257","428","37553","1109","26316","515","44257","982","52173","2009","38769","1094","56122","2081","66694","5087","51773","1541","4.5","(X)","(X)","(X)","(X)","(X)",
"5001400US3910","Congressional District 10 (114th Congress), Ohio","75148","193","37354","166","37794","88","13.0","0.9","15.3","1.4","10.8","1.1","24.3","1.4","26.1","2.0","22.5","1.8","53.7","1.4","50.7","1.9","56.7","1.8","9.0","0.7","8.0","1.0","10.0","0.9","485609","255","229037","183","256572","224","3.0","0.1","3.0","0.2","2.9","0.2","7.8","0.3","8.0","0.4","7.7","0.4","29.1","0.5","28.8","0.7","29.5","0.6","23.9","0.5","23.2","0.7","24.4","0.6","9.2","0.3","8.0","0.4","10.3","0.4","15.7","0.4","16.3","0.6","15.1","0.5","11.4","0.3","12.7","0.5","10.2","0.4","89.2","0.3","89.0","0.5","89.5","0.4","27.1","0.4","29.0","0.7","25.3","0.5","92291","259","45875","169","46416","198","91.1","0.7","90.6","0.9","91.5","1.2","29.5","1.2","28.3","1.5","30.7","1.7","84558","275","41212","188","43346","174","91.2","0.7","89.2","1.1","93.2","0.9","30.5","1.1","29.2","1.5","31.6","1.5","196193","299","94248","204","101945","187","91.3","0.5","90.9","0.6","91.6","0.6","27.2","0.6","29.1","0.9","25.4","0.8","112567","148","47702","119","64865","105","82.7","0.7","83.4","1.0","82.1","0.8","22.2","0.9","29.3","1.3","17.0","0.9","30.5","1.6","27.2","2.0","33.6","2.1","15.8","0.7","14.4","0.8","17.0","1.0","12.2","0.6","9.6","0.8","14.3","0.8","4.3","0.4","4.0","0.5","4.5","0.5","33776","405","40855","525","28408","533","17394","890","19772","1674","15366","1186","25902","534","30774","771","21630","664","31328","481","37619","1056","26422","606","47661","1321","58063","2090","39203","1808","68768","2138","83653","3026","58137","1724","4.7","(X)","(X)","(X)","(X)","(X)",
"5001400US3911","Congressional District 11 (114th Congress), Ohio","74870","1411","36822","905","38048","944","20.5","1.1","22.7","1.4","18.4","1.3","28.8","1.1","31.2","1.6","26.5","1.3","40.9","1.3","37.8","1.9","43.9","1.8","9.7","0.7","8.3","1.2","11.1","1.0","470529","1719","212379","1376","258150","1147","3.7","0.2","3.9","0.2","3.5","0.2","11.5","0.3","11.9","0.5","11.3","0.4","29.0","0.4","30.6","0.7","27.7","0.5","22.8","0.4","21.8","0.6","23.5","0.5","6.9","0.2","5.7","0.3","7.9","0.3","14.5","0.3","14.2","0.5","14.7","0.4","11.6","0.3","11.8","0.4","11.4","0.3","84.7","0.4","84.2","0.5","85.2","0.4","26.1","0.4","26.1","0.6","26.1","0.5","91857","1371","43155","923","48702","833","87.8","0.8","87.1","1.2","88.4","1.0","32.2","1.0","30.7","1.5","33.4","1.2","81126","1140","37366","760","43760","729","88.4","0.8","87.1","1.2","89.5","0.9","30.0","1.0","28.6","1.2","31.2","1.5","192700","1453","90664","1009","102036","825","86.9","0.5","85.8","0.8","87.9","0.6","24.9","0.6","23.6","0.8","26.1","0.8","104846","996","41194","576","63652","828","75.2","0.8","74.7","1.1","75.5","0.9","19.9","0.6","24.5","1.0","17.0","0.7","42.5","1.5","38.0","1.7","46.4","1.8","23.6","0.8","21.8","1.0","25.3","1.0","20.2","0.7","16.8","1.0","22.6","0.9","7.0","0.5","6.8","0.7","7.3","0.7","31638","349","35577","598","29031","732","14418","655","15850","1049","13131","962","24264","673","27435","1097","21720","608","28376","744","31870","895","26574","486","44641","971","52735","1613","40439","1167","61975","1297","77493","4025","53781","1397","5.1","(X)","(X)","(X)","(X)","(X)",
"5001400US3912","Congressional District 12 (114th Congress), Ohio","64039","1345","33117","1163","30922","954","11.5","0.9","14.1","1.3","8.8","1.1","28.7","1.2","30.2","1.9","27.2","2.0","48.3","1.6","46.9","2.4","49.7","2.4","11.4","0.9","8.8","1.2","14.3","1.6","494420","1863","239837","1385","254583","1180","1.9","0.1","2.1","0.2","1.7","0.2","5.8","0.2","6.2","0.4","5.4","0.3","27.7","0.4","27.4","0.6","28.0","0.6","19.0","0.4","19.0","0.5","19.0","0.5","7.3","0.3","6.1","0.4","8.4","0.3","24.0","0.4","24.6","0.7","23.4","0.4","14.3","0.3","14.6","0.4","14.0","0.4","92.3","0.3","91.7","0.4","92.8","0.3","38.3","0.6","39.2","0.7","37.4","0.6","93545","1589","46992","1027","46553","945","93.0","0.7","91.2","1.0","94.8","0.7","43.3","1.3","38.6","1.7","48.2","1.7","102960","1167","51741","749","51219","723","95.0","0.5","94.3","0.7","95.6","0.6","46.2","1.1","44.0","1.4","48.4","1.4","202828","1123","99696","768","103132","709","93.8","0.4","93.0","0.5","94.6","0.5","37.6","0.7","39.0","1.0","36.3","0.8","95087","860","41408","516","53679","537","85.4","0.7","86.0","1.0","85.1","0.9","26.1","0.8","34.3","1.3","19.8","0.8","23.9","1.5","21.4","2.2","26.4","2.2","11.8","0.7","10.8","0.9","12.7","0.8","8.2","0.6","6.4","0.7","9.7","0.7","2.2","0.3","2.0","0.3","2.4","0.4","42248","390","50875","644","34645","560","20150","1027","22865","1322","16046","1611","29075","885","35293","1285","22060","560","36232","776","42921","1312","30452","773","56661","857","71642","1986","45669","1343","72762","1499","86952","4224","60326","1453","3.3","(X)","(X)","(X)","(X)","(X)",
"5001400US3913","Congressional District 13 (114th Congress), Ohio","77440","1277","38879","795","38561","752","13.1","0.8","15.2","1.0","11.0","1.1","30.0","1.0","32.9","1.6","27.1","1.8","48.9","1.1","46.3","1.6","51.4","1.9","8.0","0.7","5.6","0.8","10.5","1.2","490133","1520","232633","1105","257500","1059","2.8","0.2","2.9","0.2","2.6","0.2","8.3","0.2","8.4","0.3","8.3","0.3","40.1","0.5","40.4","0.6","39.9","0.6","20.6","0.5","21.3","0.6","19.9","0.6","7.3","0.3","6.1","0.3","8.4","0.4","13.9","0.3","14.1","0.4","13.8","0.4","7.0","0.2","6.7","0.3","7.2","0.3","88.9","0.3","88.7","0.4","89.1","0.4","20.9","0.4","20.8","0.5","20.9","0.5","87560","1261","44266","896","43294","691","91.0","0.6","89.9","1.0","92.2","0.8","27.0","1.0","23.1","1.3","31.1","1.4","83851","1014","41782","641","42069","663","92.0","0.6","90.7","1.0","93.4","0.6","23.8","1.2","21.1","1.3","26.6","1.7","201395","1339","97291","775","104104","841","91.7","0.4","91.2","0.5","92.1","0.6","20.4","0.5","20.5","0.6","20.3","0.8","117327","887","49294","634","68033","675","80.4","0.7","81.0","1.0","80.0","0.9","15.0","0.7","19.3","1.0","11.9","0.7","29.3","1.6","25.9","2.2","32.4","2.0","14.1","0.6","11.9","0.8","16.0","0.8","13.7","0.6","10.4","0.8","16.5","1.0","5.8","0.6","5.2","0.7","6.3","0.7","30778","225","36791","495","25577","339","16389","1025","20121","1685","13279","1256","26303","404","32466","776","20957","489","30060","590","36862","917","24796","715","42207","877","50445","1075","36302","1131","54754","1446","60475","2535","51554","1240","3.9","(X)","(X)","(X)","(X)","(X)",
"5001400US3914","Congressional District 14 (114th Congress), Ohio","53708","854","28372","676","25336","517","16.2","1.1","17.9","1.6","14.3","1.4","30.7","1.3","35.6","2.0","25.2","1.6","40.5","1.5","35.7","2.2","45.9","1.9","12.6","0.9","10.8","1.2","14.6","1.3","502684","1255","240234","1086","262450","835","2.9","0.1","3.1","0.2","2.8","0.2","5.7","0.2","6.1","0.3","5.3","0.3","31.2","0.5","30.9","0.6","31.6","0.6","19.9","0.4","19.8","0.6","20.0","0.5","7.8","0.2","6.4","0.3","9.0","0.4","20.3","0.3","20.8","0.5","19.8","0.4","12.2","0.3","13.0","0.4","11.4","0.4","91.4","0.3","90.8","0.4","91.9","0.3","32.4","0.5","33.7","0.6","31.3","0.6","73942","1204","36801","701","37141","716","91.7","0.7","90.2","0.9","93.2","0.8","37.2","1.5","34.0","1.8","40.3","1.9","88018","841","43431","544","44587","629","93.5","0.6","92.8","0.9","94.1","0.8","39.7","1.3","37.1","1.4","42.2","1.8","218409","1167","106921","801","111488","711","94.0","0.3","93.1","0.5","94.8","0.3","33.3","0.7","34.7","0.9","32.0","0.9","122315","880","53081","622","69234","674","85.1","0.6","85.0","0.7","85.1","0.8","22.8","0.6","28.8","1.0","18.2","0.8","18.8","1.4","15.9","1.8","21.9","1.7","10.1","0.6","8.4","0.8","11.6","0.8","6.9","0.4","5.3","0.6","8.3","0.5","2.6","0.3","2.0","0.3","3.1","0.4","40105","365","49267","822","31760","409","23697","1651","28391","1774","15722","1109","30223","504","37511","1062","23291","874","36549","603","45116","1267","30529","662","52081","659","67853","2087","40356","910","73647","1347","88522","2790","60847","1453","3.7","(X)","(X)","(X)","(X)","(X)",
"5001400US3915","Congressional District 15 (114th Congress), Ohio","75291","1201","39657","820","35634","690","12.2","0.8","15.1","1.1","8.9","1.2","27.4","1.2","30.8","1.5","23.7","1.8","48.7","1.3","44.9","1.5","52.8","2.0","11.7","0.7","9.1","1.0","14.6","1.1","492537","1716","244319","1314","248218","1273","2.5","0.2","2.8","0.2","2.2","0.2","7.4","0.2","8.1","0.4","6.7","0.3","33.4","0.4","33.6","0.6","33.2","0.5","19.8","0.4","20.2","0.5","19.5","0.5","8.0","0.3","6.8","0.3","9.2","0.4","18.0","0.4","17.9","0.5","18.1","0.6","10.8","0.3","10.6","0.4","11.1","0.4","90.1","0.3","89.1","0.4","91.1","0.3","28.8","0.5","28.5","0.6","29.2","0.6","100827","1681","52503","1178","48324","1018","92.8","0.5","90.6","0.9","95.3","0.7","37.5","1.0","32.6","1.4","42.9","1.3","97649","1144","50424","735","47225","730","93.0","0.5","91.6","0.8","94.6","0.7","31.9","1.2","29.1","1.4","35.0","1.7","197975","1515","99671","852","98304","917","91.2","0.5","89.9","0.6","92.5","0.5","27.5","0.8","27.4","0.9","27.5","1.0","96086","735","41721","482","54365","543","81.9","0.7","82.1","1.0","81.7","1.0","19.3","0.9","25.0","1.2","15.0","0.9","26.8","1.8","26.0","2.0","27.6","2.2","11.6","0.7","9.9","0.8","13.3","0.9","9.7","0.6","7.5","0.7","11.6","0.8","4.2","0.4","4.0","0.5","4.5","0.6","37905","592","44333","655","31756","486","19837","1374","22575","1893","15695","1388","30084","607","36757","895","22612","643","35554","732","43037","1188","30293","749","50865","739","59390","2274","41893","890","63023","1496","72742","2391","56324","1569","3.4","(X)","(X)","(X)","(X)","(X)",
"5001400US3916","Congressional District 16 (114th Congress), Ohio","56176","1310","28645","930","27531","801","13.2","0.9","14.7","1.4","11.5","1.3","32.2","1.3","34.4","1.8","30.0","1.9","43.6","1.4","41.8","1.9","45.4","1.9","11.0","0.9","9.0","1.2","13.0","1.2","505396","1769","241747","1392","263649","1177","2.5","0.2","2.7","0.3","2.4","0.2","5.0","0.2","5.2","0.2","4.9","0.2","31.9","0.4","31.2","0.5","32.5","0.5","20.8","0.4","21.1","0.5","20.5","0.5","8.1","0.2","7.1","0.3","9.1","0.3","20.4","0.4","21.0","0.5","19.8","0.5","11.2","0.3","11.8","0.4","10.6","0.4","92.4","0.2","92.2","0.4","92.7","0.3","31.6","0.5","32.8","0.6","30.5","0.6","78611","1621","39162","1021","39449","971","94.5","0.6","93.6","0.8","95.4","0.7","39.5","1.4","35.4","1.8","43.6","1.9","89228","1382","44131","896","45097","806","94.9","0.5","93.7","0.7","96.0","0.5","38.5","1.3","35.6","1.5","41.4","1.6","213408","1382","104156","904","109252","884","94.4","0.4","93.8","0.5","95.0","0.4","31.9","0.7","33.7","0.8","30.3","0.9","124149","1178","54298","745","69851","896","85.9","0.6","86.7","0.8","85.4","0.7","21.0","0.7","27.1","1.1","16.3","0.8","17.8","1.5","15.9","1.5","19.7","2.1","7.6","0.4","6.1","0.6","8.9","0.6","6.3","0.5","4.6","0.6","7.9","0.6","2.7","0.2","2.7","0.4","2.8","0.4","39468","459","47888","653","31211","389","23170","1337","29941","2247","15782","1094","30737","482","38537","943","22409","654","36029","580","45079","963","29630","934","51780","867","63293","2032","40403","1084","66094","1189","80396","2982","55799","2014","4.0","(X)","(X)","(X)","(X)","(X)",
"5001400US4001","Congressional District 1 (114th Congress), Oklahoma","70543","259","35212","155","35331","189","18.6","0.7","21.2","1.2","16.0","1.0","32.2","0.9","34.6","1.4","29.8","1.2","40.5","1.1","37.5","1.4","43.5","1.7","8.7","0.6","6.7","0.8","10.8","0.9","500290","505","238554","309","261736","304","3.7","0.1","4.2","0.2","3.3","0.2","7.5","0.2","7.8","0.3","7.2","0.3","27.6","0.3","27.4","0.5","27.8","0.4","24.0","0.3","22.9","0.5","25.0","0.4","8.4","0.2","7.9","0.4","8.8","0.4","19.7","0.3","20.1","0.5","19.4","0.4","9.1","0.2","9.7","0.3","8.5","0.3","88.8","0.3","88.0","0.4","89.5","0.3","28.8","0.3","29.7","0.6","27.9","0.4","107508","374","53178","238","54330","187","88.2","0.5","86.5","0.8","89.8","0.5","29.1","0.9","26.0","1.1","32.1","1.1","99131","319","49370","179","49761","218","89.0","0.6","87.4","0.8","90.6","0.6","31.0","0.8","29.1","1.1","32.9","1.0","194078","386","93536","214","100542","249","90.8","0.3","89.7","0.6","91.8","0.4","29.8","0.5","30.9","0.8","28.8","0.7","99573","260","42470","143","57103","179","85.1","0.6","86.5","0.9","84.1","0.8","24.1","0.7","32.7","1.1","17.8","0.9","25.3","1.1","20.8","1.3","30.1","1.5","13.9","0.6","12.4","0.9","15.3","0.7","10.8","0.4","8.0","0.6","13.0","0.6","3.9","0.3","3.6","0.4","4.2","0.4","34563","292","41613","372","28142","541","21300","438","25485","647","15600","510","26913","402","32390","716","21626","408","32738","470","40817","591","26863","433","46682","893","61879","1294","37313","601","58476","2119","81437","2221","46058","1080","4.9","(X)","(X)","(X)","(X)","(X)",
"5001400US4002","Congressional District 2 (114th Congress), Oklahoma","68307","271","35297","238","33010","237","20.6","0.9","23.0","1.4","18.0","1.1","38.0","1.1","41.6","1.5","34.1","1.6","38.0","1.2","32.9","1.6","43.4","1.6","3.5","0.5","2.5","0.5","4.5","0.7","501828","521","245239","351","256589","332","5.1","0.2","5.6","0.2","4.6","0.2","11.2","0.2","12.2","0.3","10.2","0.3","37.0","0.3","38.5","0.5","35.5","0.5","22.9","0.3","22.2","0.4","23.6","0.5","7.7","0.2","6.5","0.3","8.8","0.3","10.8","0.2","9.9","0.3","11.7","0.3","5.3","0.2","5.1","0.2","5.6","0.2","83.8","0.3","82.2","0.4","85.2","0.3","16.2","0.3","15.0","0.4","17.3","0.4","87364","502","44380","364","42984","295","85.8","0.7","83.4","0.9","88.3","0.8","14.5","0.8","11.8","1.0","17.2","1.0","87956","465","44508","336","43448","248","87.6","0.7","84.9","1.0","90.3","0.7","18.3","0.7","14.7","0.9","22.0","0.9","199687","421","98454","348","101233","262","85.9","0.4","84.1","0.6","87.7","0.5","17.0","0.5","15.1","0.6","18.8","0.6","126821","247","57897","187","68924","171","76.2","0.5","75.9","0.8","76.5","0.7","14.7","0.5","17.6","0.8","12.2","0.6","30.3","0.9","27.6","1.2","33.3","1.3","17.7","0.5","15.2","0.7","20.3","0.7","14.1","0.5","10.8","0.6","16.9","0.7","5.0","0.4","4.0","0.6","5.8","0.6","29353","410","34891","491","23633","401","18082","627","22056","907","13747","637","25807","294","31903","417","19316","411","28834","606","36922","890","22899","596","39217","728","47345","1384","35679","495","48108","1477","58067","4463","44247","1005","5.3","(X)","(X)","(X)","(X)","(X)",
"5001400US4003","Congressional District 3 (114th Congress), Oklahoma","82567","848","43629","663","38938","442","16.4","1.0","18.2","1.2","14.3","1.2","30.8","1.0","33.5","1.4","27.8","1.6","45.9","1.3","42.6","1.6","49.5","2.0","7.0","0.7","5.7","0.8","8.4","1.1","494211","983","245741","838","248470","522","4.4","0.2","4.7","0.2","4.1","0.2","8.9","0.2","9.5","0.3","8.2","0.3","34.8","0.5","35.7","0.6","34.0","0.5","23.7","0.4","23.3","0.4","24.0","0.5","6.9","0.3","6.0","0.3","7.7","0.3","14.7","0.3","14.3","0.4","15.1","0.4","6.7","0.2","6.5","0.3","6.9","0.3","86.8","0.3","85.8","0.4","87.7","0.4","21.5","0.4","20.8","0.4","22.1","0.4","98983","992","52249","710","46734","501","87.8","0.6","85.9","0.8","89.9","0.9","23.0","0.9","19.7","1.1","26.7","1.4","89495","723","46294","495","43201","480","88.3","0.8","86.5","1.2","90.2","0.8","23.4","0.9","19.9","1.3","27.1","1.2","194611","645","97574","522","97037","378","88.0","0.4","86.8","0.6","89.3","0.5","22.1","0.6","20.9","0.8","23.2","0.7","111122","368","49624","257","61498","248","82.4","0.5","83.1","0.7","81.9","0.7","17.4","0.6","22.8","0.9","13.1","0.7","23.9","1.0","20.2","1.3","27.8","1.5","12.5","0.5","9.8","0.7","15.2","0.7","10.2","0.5","7.9","0.7","12.2","0.7","4.1","0.5","4.1","0.7","4.1","0.5","32388","306","39952","477","25714","403","21334","820","26239","923","15479","683","28574","730","36401","594","20806","452","31921","410","40613","820","25266","637","41589","752","51772","1211","35279","624","49244","1574","63617","3200","42965","1659","5.6","(X)","(X)","(X)","(X)","(X)",
"5001400US4004","Congressional District 4 (114th Congress), Oklahoma","89844","658","47594","472","42250","404","13.1","0.8","14.7","1.0","11.4","1.0","32.7","1.4","35.0","1.5","30.2","2.0","46.5","1.9","43.5","2.0","50.0","2.5","7.6","0.7","6.9","1.0","8.4","1.1","492660","865","239801","600","252859","609","3.4","0.2","3.5","0.2","3.3","0.2","8.1","0.3","8.1","0.3","8.1","0.3","32.9","0.4","33.1","0.6","32.7","0.5","25.4","0.3","26.0","0.5","24.8","0.6","6.7","0.2","6.1","0.3","7.2","0.3","15.4","0.3","15.0","0.4","15.8","0.5","8.2","0.2","8.2","0.3","8.1","0.3","88.5","0.3","88.4","0.4","88.6","0.4","23.5","0.5","23.1","0.5","23.9","0.6","108630","787","55934","519","52696","505","91.1","0.7","90.9","0.9","91.3","1.0","25.3","1.0","22.4","1.1","28.4","1.3","94515","709","47082","443","47433","454","90.5","0.6","88.9","0.9","92.0","0.8","26.0","1.0","22.7","1.2","29.2","1.4","189671","787","92738","427","96933","502","89.9","0.4","89.2","0.6","90.5","0.6","23.5","0.7","23.4","0.8","23.7","0.9","99844","458","44047","288","55797","374","81.2","0.6","82.9","1.0","79.9","1.0","19.4","0.6","24.1","0.9","15.7","0.8","24.8","1.2","21.0","1.6","28.2","1.6","13.5","0.6","11.4","0.8","15.4","0.7","9.1","0.5","6.8","0.6","11.2","0.7","3.9","0.4","3.6","0.5","4.2","0.5","33790","377","41252","403","26947","399","20151","948","26335","959","13842","664","27910","740","34980","887","21754","563","33453","573","41494","716","26198","573","42794","884","53064","988","36578","675","53485","1534","69333","3876","44660","1290","5.0","(X)","(X)","(X)","(X)","(X)",
"5001400US4005","Congressional District 5 (114th Congress), Oklahoma","77242","531","38422","375","38820","334","18.4","1.1","21.3","1.5","15.5","1.2","29.1","1.3","32.7","1.9","25.6","1.7","43.5","1.4","39.3","2.0","47.7","2.0","9.0","0.7","6.7","0.8","11.2","1.0","500034","796","239382","498","260652","593","5.8","0.2","6.5","0.3","5.2","0.3","8.5","0.3","8.7","0.4","8.3","0.3","26.3","0.4","26.3","0.6","26.2","0.5","24.1","0.4","23.2","0.6","25.0","0.5","6.1","0.2","5.6","0.3","6.6","0.3","19.0","0.3","19.0","0.5","19.0","0.5","10.1","0.3","10.7","0.4","9.6","0.4","85.7","0.3","84.8","0.5","86.5","0.4","29.2","0.4","29.7","0.5","28.6","0.6","117909","624","58577","409","59332","422","85.5","0.8","84.0","1.0","86.9","0.9","31.0","0.9","28.0","1.3","34.1","1.3","95861","624","47831","378","48030","369","84.9","0.7","83.7","0.9","86.0","0.9","29.6","1.1","27.3","1.4","32.0","1.4","189556","596","91821","327","97735","401","87.0","0.5","85.7","0.7","88.2","0.5","29.6","0.6","30.7","0.7","28.6","0.8","96708","417","41153","248","55555","340","84.4","0.6","85.4","0.9","83.6","0.7","25.6","0.9","33.0","1.4","20.0","0.9","30.7","1.2","27.0","1.6","34.5","1.6","17.9","0.7","15.9","1.0","19.8","0.9","12.6","0.5","9.3","0.7","15.3","0.8","4.6","0.4","4.3","0.5","5.0","0.5","31974","276","36992","463","27164","403","19053","558","22059","598","14753","772","25271","422","28941","1150","20506","526","30569","449","37007","883","25357","583","44998","935","56168","1443","37567","912","58054","1729","75830","2763","49550","1668","5.5","(X)","(X)","(X)","(X)","(X)",
"5001400US4101","Congressional District 1 (114th Congress), Oregon","65668","463","33173","364","32495","261","14.2","1.0","16.8","1.6","11.5","1.3","31.3","1.5","34.2","1.8","28.3","2.1","44.7","1.6","41.7","2.0","47.6","2.4","9.9","0.9","7.3","0.9","12.6","1.5","534170","1027","259594","788","274576","682","4.1","0.2","4.1","0.3","4.2","0.3","5.3","0.2","5.4","0.3","5.2","0.4","20.9","0.4","20.7","0.5","21.1","0.5","24.0","0.5","22.9","0.6","25.1","0.6","8.1","0.3","8.2","0.4","8.0","0.4","23.7","0.4","23.8","0.5","23.7","0.6","13.8","0.4","14.8","0.4","12.9","0.5","90.6","0.3","90.5","0.4","90.7","0.4","37.5","0.5","38.6","0.6","36.5","0.7","116016","944","58061","607","57955","626","90.3","0.7","88.8","1.1","91.8","0.8","38.9","1.2","34.5","1.5","43.4","1.6","115411","680","58391","464","57020","446","89.9","0.7","89.9","0.9","89.9","0.9","42.4","1.2","41.8","1.4","43.0","1.5","206293","666","101024","473","105269","445","91.9","0.4","91.8","0.5","91.9","0.7","36.6","0.8","38.4","0.9","34.8","1.1","96450","481","42118","301","54332","342","89.0","0.7","90.1","0.9","88.1","0.9","32.1","1.1","40.4","1.7","25.6","1.2","26.1","2.2","21.7","2.2","30.2","2.8","12.7","0.8","12.2","1.1","13.2","1.1","9.8","0.5","8.6","0.8","10.9","0.8","4.7","0.3","4.5","0.5","4.9","0.5","38241","524","46969","864","30755","445","19916","808","22314","1110","15912","1376","28188","976","32278","902","23523","1008","34580","815","43108","908","27236","616","52346","1000","67584","2162","40220","1224","68760","2233","87117","2525","53278","2233","4.3","(X)","(X)","(X)","(X)","(X)",
"5001400US4102","Congressional District 2 (114th Congress), Oregon","63719","553","33105","355","30614","374","18.2","1.2","19.0","1.7","17.4","1.8","34.9","1.8","37.2","2.2","32.5","2.6","42.0","1.6","40.2","2.0","44.0","2.5","4.8","0.7","3.6","0.9","6.1","1.0","537489","822","264124","569","273365","626","4.2","0.2","4.7","0.3","3.7","0.2","7.7","0.3","8.2","0.4","7.1","0.4","28.3","0.5","28.4","0.6","28.2","0.7","28.2","0.5","27.5","0.6","28.9","0.6","8.6","0.3","7.9","0.3","9.3","0.4","14.7","0.3","14.7","0.5","14.6","0.4","8.3","0.3","8.6","0.4","8.1","0.4","88.1","0.3","87.1","0.5","89.1","0.4","23.0","0.4","23.3","0.5","22.7","0.5","90851","655","46526","429","44325","442","86.4","1.0","84.0","1.3","88.9","1.3","18.6","1.1","15.5","1.4","21.9","1.4","90613","561","46336","422","44277","353","87.5","0.8","85.8","1.3","89.2","0.9","24.5","1.1","21.7","1.4","27.5","1.5","216831","635","106401","486","110430","468","90.1","0.4","89.2","0.6","91.0","0.6","23.9","0.6","24.3","0.8","23.4","0.9","139194","486","64861","329","74333","299","86.5","0.6","86.7","0.8","86.4","0.8","23.5","0.8","28.4","1.1","19.2","1.0","25.8","1.5","22.1","1.8","29.8","2.2","16.1","0.8","15.6","1.0","16.5","1.0","14.3","0.7","12.8","0.9","15.6","0.9","6.3","0.6","5.7","0.7","7.0","0.8","27597","534","33070","769","22594","481","19091","722","22857","1161","14550","804","24015","701","28519","1188","19550","787","26766","544","33917","1254","21999","525","39584","1619","49878","2028","32350","1524","52006","1283","64228","2767","44437","2498","5.4","(X)","(X)","(X)","(X)","(X)",
"5001400US4103","Congressional District 3 (114th Congress), Oregon","71642","673","35461","499","36181","416","13.5","1.1","16.3","1.6","10.6","1.1","24.9","1.4","26.8","2.1","23.0","1.8","51.0","1.5","48.8","2.0","53.1","2.1","10.7","0.9","8.1","1.0","13.2","1.3","554158","1516","272229","1014","281929","950","4.3","0.2","4.2","0.3","4.4","0.3","6.0","0.2","6.6","0.4","5.5","0.3","20.9","0.4","21.7","0.6","20.0","0.5","24.7","0.3","24.9","0.5","24.6","0.5","7.9","0.3","7.7","0.4","8.0","0.3","22.6","0.4","22.1","0.5","23.1","0.6","13.6","0.3","12.9","0.4","14.4","0.4","89.7","0.3","89.3","0.4","90.1","0.4","36.3","0.5","35.0","0.5","37.5","0.6","138890","1154","68749","638","70141","789","91.2","0.6","90.1","0.9","92.3","0.7","40.8","1.1","35.3","1.6","46.2","1.4","120188","951","61667","595","58521","610","89.8","0.6","89.3","0.8","90.3","0.9","43.7","0.9","40.8","1.2","46.7","1.5","204635","976","102234","658","102401","577","90.1","0.5","89.6","0.7","90.6","0.6","32.4","0.6","31.8","0.8","33.0","0.9","90445","859","39579","572","50866","507","86.5","0.6","87.3","1.0","85.8","0.9","28.4","1.0","33.9","1.5","24.1","1.1","34.0","1.7","30.4","2.2","37.7","2.1","17.5","0.9","17.2","1.1","17.7","1.2","14.2","0.6","12.8","0.8","15.6","0.9","7.6","0.5","7.6","0.7","7.7","0.6","33976","419","37955","804","30600","430","18837","1151","22363","1262","15041","1112","26889","533","29707","1148","23621","1233","31109","516","35045","874","27136","650","41787","816","48948","1836","36062","1062","58898","1750","69359","2908","51694","1403","5.0","(X)","(X)","(X)","(X)","(X)",
"5001400US4104","Congressional District 4 (114th Congress), Oregon","91188","561","46761","367","44427","344","11.1","0.8","12.2","1.2","9.9","1.0","24.3","1.1","25.8","1.7","22.7","1.7","57.7","1.5","56.3","1.7","59.2","1.9","6.9","0.7","5.7","0.8","8.1","1.1","528876","908","256282","638","272594","625","2.7","0.2","3.1","0.2","2.3","0.2","7.0","0.3","7.7","0.4","6.3","0.3","27.4","0.4","27.9","0.6","26.9","0.5","29.1","0.5","27.7","0.6","30.4","0.6","8.6","0.3","8.1","0.4","9.1","0.4","15.3","0.3","15.4","0.5","15.3","0.4","9.9","0.3","10.1","0.4","9.8","0.4","90.4","0.3","89.2","0.4","91.4","0.3","25.2","0.4","25.4","0.6","25.0","0.5","90958","622","46051","387","44907","378","91.3","0.7","91.0","1.0","91.5","1.0","25.8","1.2","22.9","1.6","28.9","1.4","84207","470","42394","361","41813","302","90.5","0.6","88.7","1.0","92.3","0.8","26.7","1.2","23.9","1.4","29.4","1.3","215827","653","104323","449","111504","413","91.9","0.4","90.3","0.6","93.4","0.4","24.8","0.5","24.7","0.8","24.8","0.6","137884","497","63514","363","74370","310","87.2","0.7","86.5","1.0","87.8","0.8","24.7","0.8","29.4","1.1","20.6","1.0","26.0","1.7","23.7","1.7","28.8","2.2","17.2","0.9","16.2","1.0","18.1","1.3","15.5","0.7","14.8","1.0","16.1","0.8","7.6","0.6","6.7","0.7","8.4","0.8","28824","477","34828","619","23865","521","19877","1016","24756","1786","13561","1321","25081","583","31217","814","19880","771","27338","477","33729","978","23567","694","35608","1278","42333","1681","30016","1468","49461","2055","60034","3549","41964","1734","4.7","(X)","(X)","(X)","(X)","(X)",
"5001400US4105","Congressional District 5 (114th Congress), Oregon","70661","668","36177","499","34484","413","15.2","1.1","17.9","1.7","12.4","1.3","34.5","1.5","35.6","2.0","33.4","2.3","43.9","1.6","41.4","2.0","46.5","2.5","6.3","0.7","5.1","1.0","7.6","1.1","522683","1277","252075","872","270608","753","5.0","0.3","5.6","0.4","4.4","0.3","6.4","0.3","7.1","0.4","5.7","0.3","25.4","0.5","25.5","0.7","25.2","0.6","27.3","0.4","25.8","0.5","28.7","0.6","7.9","0.3","7.2","0.4","8.6","0.3","17.9","0.4","17.9","0.6","18.0","0.5","10.1","0.3","10.9","0.4","9.4","0.4","88.6","0.3","87.3","0.5","89.9","0.4","28.0","0.5","28.8","0.6","27.3","0.6","95654","980","48420","578","47234","575","85.8","0.9","83.3","1.2","88.4","1.3","22.8","1.0","19.7","1.2","26.0","1.5","97353","768","48840","475","48513","501","85.7","0.9","83.6","1.3","87.9","1.0","29.4","1.0","27.6","1.3","31.1","1.5","211376","894","102561","642","108815","489","90.9","0.4","89.6","0.5","92.1","0.5","29.8","0.8","30.5","1.0","29.2","1.0","118300","738","52254","440","66046","480","89.3","0.5","89.9","0.8","88.8","0.8","28.0","0.9","35.0","1.3","22.4","1.1","25.4","1.6","21.5","1.9","29.8","2.1","14.2","0.9","12.3","1.1","16.0","1.2","11.0","0.7","9.5","0.8","12.2","0.8","4.4","0.4","3.8","0.5","5.0","0.5","33399","468","40118","592","27408","453","19610","627","22869","1129","14073","1245","27963","1014","33045","1327","23158","903","32629","657","39442","1268","27296","706","47545","1231","60657","1864","35969","1052","60063","2143","73191","4223","50346","1351","5.2","(X)","(X)","(X)","(X)","(X)",
"5001400US4201","Congressional District 1 (114th Congress), Pennsylvania","77543","2342","38407","1490","39136","1556","19.8","1.0","22.7","1.6","17.0","1.4","33.2","1.4","35.5","1.9","30.8","1.8","35.8","1.5","33.1","1.9","38.4","2.0","11.2","0.8","8.7","1.0","13.7","1.3","461977","3197","215362","2296","246615","2045","7.1","0.3","7.2","0.5","7.1","0.4","12.3","0.4","12.6","0.6","12.0","0.5","34.6","0.5","35.9","0.8","33.5","0.6","16.2","0.4","15.4","0.6","16.9","0.6","5.7","0.3","4.9","0.4","6.3","0.4","14.3","0.4","14.3","0.6","14.2","0.6","9.9","0.3","9.8","0.4","10.1","0.4","80.6","0.4","80.3","0.7","80.9","0.5","24.2","0.5","24.1","0.6","24.3","0.7","123051","2455","59462","1689","63589","1470","87.1","0.9","86.5","1.1","87.8","1.3","35.5","1.1","32.4","1.3","38.4","1.7","93055","1891","44931","1311","48124","1037","83.2","0.9","81.7","1.3","84.6","1.3","25.2","1.3","24.0","1.5","26.3","1.7","167496","1779","79589","1173","87907","1162","80.3","0.9","79.4","1.2","81.1","0.9","19.6","0.7","19.7","1.0","19.6","0.7","78375","1200","31380","885","46995","917","68.0","1.1","68.6","1.7","67.6","1.3","15.0","0.8","19.7","1.4","11.9","0.9","36.7","1.6","33.4","1.9","39.5","2.0","21.7","0.9","19.5","1.3","23.8","1.3","16.8","1.0","13.7","1.2","19.1","1.2","6.6","0.6","6.4","0.8","6.9","0.8","33825","543","37033","806","31235","516","18957","957","21216","1031","16657","1049","27537","788","31309","911","24734","925","32616","864","37526","1402","29881","908","46151","1083","51164","1531","42270","1189","61155","1101","66553","2307","58206","2563","9.5","(X)","(X)","(X)","(X)","(X)",
"5001400US4202","Congressional District 2 (114th Congress), Pennsylvania","107574","2512","49552","1563","58022","1631","10.2","0.9","10.6","1.2","9.7","1.2","26.9","1.3","29.7","1.7","24.4","1.6","48.6","1.5","46.7","2.0","50.2","2.1","14.4","0.9","12.9","1.3","15.7","1.2","458953","3216","203287","2186","255666","2010","3.8","0.2","4.1","0.4","3.6","0.3","11.4","0.4","12.1","0.6","10.9","0.4","29.9","0.5","30.9","0.9","29.0","0.6","17.7","0.4","16.2","0.7","19.0","0.5","4.7","0.2","3.6","0.3","5.6","0.3","16.4","0.4","16.7","0.6","16.2","0.5","16.0","0.4","16.3","0.6","15.8","0.5","84.7","0.4","83.8","0.7","85.5","0.5","32.4","0.5","33.0","0.7","32.0","0.5","118107","2463","54477","1552","63630","1504","91.1","0.6","90.0","1.0","92.1","0.8","46.2","1.3","44.1","1.7","47.9","1.5","77796","1574","36804","1129","40992","877","87.9","1.0","87.0","1.5","88.8","1.3","33.5","1.2","32.9","1.6","34.0","1.6","168989","1614","75828","1155","93161","1099","84.6","0.7","82.9","1.1","85.9","0.8","27.3","0.8","27.2","1.1","27.5","0.9","94061","1184","36178","740","57883","962","74.4","1.0","73.0","1.7","75.3","1.1","23.6","0.7","28.6","1.4","20.4","0.9","42.0","1.7","36.3","2.4","47.1","2.2","27.6","1.0","23.4","1.4","31.1","1.3","21.3","1.1","19.1","1.6","22.6","1.4","8.6","0.5","8.2","0.9","9.0","0.7","35645","527","39954","904","32675","648","18775","1550","21693","1982","16073","1467","25877","585","28380","1631","23756","806","31567","587","34835","1281","29564","1139","45834","1045","51511","1397","41577","958","64373","2052","79023","4372","55414","1462","8.5","(X)","(X)","(X)","(X)","(X)",
"5001400US4203","Congressional District 3 (114th Congress), Pennsylvania","66396","728","33691","581","32705","428","13.9","0.9","15.4","1.2","12.2","1.3","34.9","1.2","37.6","1.6","32.1","1.7","42.5","1.3","39.2","1.8","45.8","1.7","8.8","0.6","7.8","0.8","9.9","0.9","484494","880","233755","668","250739","631","3.1","0.1","3.2","0.2","3.0","0.2","7.1","0.2","7.7","0.3","6.5","0.3","42.0","0.4","42.2","0.6","41.8","0.5","16.0","0.3","16.3","0.4","15.7","0.4","8.3","0.2","7.3","0.3","9.3","0.3","15.3","0.4","15.3","0.5","15.4","0.4","8.2","0.2","8.0","0.3","8.4","0.3","89.8","0.3","89.1","0.4","90.5","0.3","23.5","0.4","23.3","0.5","23.8","0.5","77049","618","38942","407","38107","454","91.8","0.6","90.8","0.9","92.7","0.7","30.8","1.1","26.4","1.3","35.4","1.4","84284","619","41982","397","42302","363","92.9","0.6","91.3","0.8","94.5","0.5","29.8","1.0","26.4","1.4","33.2","1.3","203365","675","101092","430","102273","427","92.3","0.4","91.5","0.5","93.1","0.4","22.9","0.5","22.8","0.8","23.0","0.7","119796","518","51739","332","68057","384","82.2","0.6","81.3","0.8","82.8","0.8","15.4","0.6","19.3","0.9","12.5","0.7","26.2","1.4","23.3","1.8","29.2","1.6","12.2","0.5","10.5","0.6","13.7","0.6","9.5","0.5","6.8","0.6","11.8","0.7","3.4","0.3","2.8","0.4","4.0","0.4","32915","410","40852","400","26009","354","19379","1286","23363","1997","13626","1369","26707","352","34647","686","20063","469","32014","525","41073","657","25657","557","46240","904","56834","1694","38015","1181","58658","1879","76315","2475","50515","1282","5.2","(X)","(X)","(X)","(X)","(X)",
"5001400US4204","Congressional District 4 (114th Congress), Pennsylvania","62847","767","31997","517","30850","523","14.1","0.8","15.4","1.3","12.8","1.1","36.7","1.1","41.8","1.7","31.4","1.6","40.4","1.3","35.5","1.5","45.5","1.8","8.8","0.7","7.3","1.0","10.3","1.1","489255","1004","236173","851","253082","816","3.7","0.2","3.9","0.2","3.6","0.2","7.8","0.3","8.3","0.4","7.2","0.3","39.3","0.5","39.1","0.6","39.5","0.7","16.3","0.4","16.2","0.5","16.4","0.4","7.9","0.3","7.1","0.3","8.7","0.3","15.9","0.3","16.0","0.4","15.8","0.5","9.1","0.3","9.4","0.4","8.8","0.3","88.5","0.3","87.8","0.4","89.2","0.4","24.9","0.4","25.3","0.5","24.6","0.5","85155","693","42564","459","42591","535","90.6","0.7","89.4","1.0","91.9","0.9","29.9","1.0","25.9","1.5","33.8","1.6","93143","628","46592","486","46551","363","91.8","0.6","90.3","0.8","93.4","0.7","30.1","1.1","27.7","1.2","32.5","1.4","202243","711","99285","519","102958","509","91.3","0.4","90.2","0.6","92.3","0.6","24.5","0.6","24.9","0.7","24.2","0.8","108714","502","47732","331","60982","399","78.8","0.7","78.8","1.1","78.9","0.9","17.4","0.6","23.5","0.9","12.7","0.7","22.3","1.4","18.3","1.8","26.4","1.8","9.2","0.6","7.7","0.6","10.6","0.8","7.1","0.6","5.7","0.6","8.3","0.8","2.4","0.3","2.1","0.3","2.7","0.4","37167","431","44212","603","30417","401","21006","1012","26110","1186","15080","1282","31075","491","38047","916","23921","823","37182","595","45375","1081","30828","777","51101","942","62505","1892","41964","1051","66143","1860","77400","2401","57085","1757","4.3","(X)","(X)","(X)","(X)","(X)",
"5001400US4205","Congressional District 5 (114th Congress), Pennsylvania","97975","817","51641","630","46334","513","9.4","0.6","10.5","0.9","8.1","0.8","30.1","0.9","31.9","1.4","28.2","1.7","51.8","1.2","49.4","1.7","54.5","1.9","8.7","0.7","8.2","0.9","9.2","1.0","472764","930","237067","761","235697","667","3.0","0.1","3.2","0.2","2.7","0.2","7.1","0.2","7.5","0.3","6.6","0.3","44.7","0.4","45.4","0.5","44.0","0.5","14.7","0.3","14.3","0.4","15.0","0.4","8.5","0.2","7.8","0.3","9.3","0.3","13.4","0.3","13.1","0.4","13.7","0.4","8.7","0.3","8.6","0.3","8.8","0.3","90.0","0.2","89.2","0.3","90.8","0.3","22.1","0.4","21.7","0.5","22.5","0.4","80229","735","43955","612","36274","458","92.5","0.5","91.0","0.8","94.4","0.6","30.3","1.0","25.4","1.2","36.3","1.5","81343","782","42901","623","38442","381","93.0","0.5","91.7","0.8","94.6","0.6","26.3","0.9","22.5","1.1","30.4","1.3","194539","712","98546","494","95993","428","92.6","0.3","91.9","0.4","93.3","0.3","21.1","0.5","20.9","0.6","21.3","0.7","116653","488","51665","316","64988","392","81.8","0.5","80.6","0.8","82.7","0.7","15.2","0.4","19.3","0.7","12.0","0.6","22.7","1.1","19.2","1.2","26.5","1.8","11.1","0.4","9.3","0.5","12.9","0.6","9.6","0.5","7.6","0.8","11.4","0.7","4.7","0.5","4.2","0.6","5.1","0.6","31605","237","38288","479","25345","288","19285","1348","23636","1718","13153","1228","27335","328","34236","608","20524","316","31046","426","38328","975","25514","461","41447","800","50430","1063","32900","1380","56280","1644","65445","2017","51634","989","5.4","(X)","(X)","(X)","(X)","(X)",
"5001400US4206","Congressional District 6 (114th Congress), Pennsylvania","62664","1201","31622","878","31042","868","12.1","0.9","15.0","1.5","9.1","1.1","30.4","1.3","32.9","2.0","27.8","1.5","43.2","1.6","40.7","2.4","45.7","2.0","14.3","0.9","11.3","1.2","17.4","1.5","487728","1555","233150","1251","254578","1139","2.5","0.2","2.6","0.2","2.4","0.2","5.3","0.2","5.3","0.3","5.2","0.3","29.0","0.4","28.7","0.6","29.3","0.5","15.0","0.3","15.1","0.4","14.9","0.5","6.9","0.2","6.2","0.3","7.5","0.3","25.2","0.4","25.4","0.6","25.1","0.5","16.1","0.3","16.7","0.4","15.6","0.4","92.2","0.3","92.1","0.4","92.4","0.4","41.4","0.5","42.1","0.6","40.7","0.6","81610","1428","40433","975","41177","872","94.2","0.6","92.9","0.9","95.5","0.7","49.2","1.3","42.6","1.6","55.6","1.6","93579","1407","46092","909","47487","867","95.5","0.6","94.5","0.8","96.4","0.6","51.4","1.2","48.8","1.5","54.0","1.3","205610","1500","100060","911","105550","958","94.5","0.3","94.2","0.5","94.8","0.4","41.5","0.7","42.6","0.9","40.4","0.9","106929","1143","46565","688","60364","836","83.5","0.8","84.4","0.8","82.8","1.0","26.5","0.8","34.0","1.2","20.7","1.1","15.9","1.6","13.2","1.8","18.5","2.2","7.7","0.4","7.0","0.7","8.3","0.5","5.7","0.5","4.4","0.6","6.9","0.8","2.0","0.2","1.9","0.3","2.1","0.3","46067","538","54821","623","37241","555","23492","1918","30356","1855","17718","1451","32485","666","40143","739","26038","652","40684","703","48872","1757","33065","1047","59574","1253","75591","1411","46894","1200","80113","1799","103119","2279","62239","1524","3.9","(X)","(X)","(X)","(X)","(X)",
"5001400US4207","Congressional District 7 (114th Congress), Pennsylvania","62434","1209","32870","913","29564","799","13.8","0.9","15.0","1.2","12.4","1.3","30.0","1.2","32.9","1.7","26.8","1.8","42.2","1.4","40.5","1.8","44.1","1.9","14.0","0.9","11.6","1.0","16.7","1.3","487666","1861","233556","1303","254110","1219","2.9","0.2","3.1","0.3","2.7","0.2","4.7","0.2","5.3","0.3","4.2","0.2","28.9","0.4","27.6","0.6","30.1","0.5","15.7","0.3","16.4","0.4","15.1","0.5","6.8","0.2","6.0","0.2","7.5","0.4","24.0","0.4","23.9","0.5","24.1","0.5","17.0","0.4","17.8","0.5","16.3","0.4","92.4","0.3","91.7","0.4","93.1","0.3","41.0","0.4","41.7","0.5","40.4","0.5","78088","1467","39718","945","38370","812","92.5","0.7","90.7","1.0","94.4","0.7","45.9","1.3","39.4","1.6","52.5","1.6","86129","1105","42861","721","43268","738","94.1","0.5","92.3","0.8","95.9","0.6","50.9","1.1","46.7","1.5","55.0","1.4","209257","1414","102884","854","106373","853","95.0","0.3","94.0","0.5","95.8","0.3","41.9","0.7","42.7","0.8","41.2","0.9","114192","1175","48093","690","66099","835","86.4","0.6","86.9","1.0","86.1","0.7","28.5","0.8","37.0","1.3","22.3","0.9","13.0","1.3","13.5","1.9","12.4","1.6","6.9","0.5","5.5","0.6","8.0","0.7","5.3","0.4","4.2","0.6","6.2","0.6","2.6","0.3","2.4","0.4","2.7","0.3","47895","648","56873","732","38655","692","25568","2033","32197","1587","15411","1035","34131","833","42272","709","26348","715","41452","665","50542","874","34124","930","60596","1011","77473","2324","46730","1371","82282","1409","103612","1645","65779","1455","5.6","(X)","(X)","(X)","(X)","(X)",
"5001400US4208","Congressional District 8 (114th Congress), Pennsylvania","54949","506","28341","350","26608","365","11.5","0.9","12.7","1.3","10.3","1.2","30.9","1.6","32.5","2.0","29.3","2.4","40.8","1.5","41.0","2.0","40.6","2.7","16.7","1.1","13.8","1.4","19.9","1.8","495929","620","238448","470","257481","515","1.9","0.2","1.9","0.2","1.9","0.2","4.7","0.2","4.9","0.3","4.5","0.3","31.3","0.4","31.0","0.6","31.7","0.5","18.2","0.4","18.5","0.5","17.9","0.5","7.4","0.2","6.1","0.3","8.6","0.4","22.4","0.3","23.0","0.5","21.8","0.5","14.0","0.4","14.6","0.5","13.6","0.4","93.4","0.3","93.1","0.3","93.6","0.3","36.4","0.4","37.5","0.6","35.4","0.5","76827","581","38443","340","38384","372","95.0","0.7","94.1","0.8","95.9","0.9","40.6","1.5","36.3","1.7","45.0","1.8","89083","586","43741","390","45342","335","96.1","0.5","94.6","0.7","97.5","0.5","44.6","1.0","41.4","1.3","47.6","1.4","219822","590","108455","421","111367","344","95.7","0.3","95.1","0.4","96.3","0.4","37.5","0.6","37.9","0.9","37.2","0.8","110197","490","47809","250","62388","375","85.4","0.6","86.5","1.0","84.5","0.8","24.6","0.7","34.0","1.1","17.4","0.7","12.8","1.4","10.0","1.7","15.7","1.8","7.4","0.5","5.8","0.7","8.9","0.7","4.4","0.4","3.3","0.5","5.3","0.5","2.5","0.2","2.0","0.3","2.9","0.4","45594","511","53869","661","37189","497","23586","1853","30950","2327","15859","1136","34673","545","42607","809","25967","671","41899","511","49063","1320","35362","808","57321","1626","73458","2174","45865","1430","81902","1628","100770","2728","67770","2376","4.0","(X)","(X)","(X)","(X)","(X)",
"5001400US4209","Congressional District 9 (114th Congress), Pennsylvania","69089","718","35355","471","33734","544","12.9","0.8","14.8","1.1","10.8","1.1","37.3","1.1","42.9","1.8","31.5","1.6","42.3","1.3","37.0","1.9","47.9","1.8","7.5","0.7","5.2","0.7","9.8","1.1","488104","948","236400","704","251704","705","4.1","0.2","4.0","0.3","4.1","0.2","8.5","0.3","9.0","0.3","8.0","0.3","47.3","0.5","48.2","0.6","46.4","0.6","14.8","0.3","14.8","0.4","14.7","0.4","8.1","0.2","7.0","0.3","9.2","0.3","11.3","0.3","11.1","0.4","11.4","0.4","6.0","0.2","5.8","0.3","6.2","0.3","87.4","0.3","87.0","0.4","87.8","0.4","17.3","0.3","16.9","0.4","17.6","0.5","76209","665","39254","437","36955","430","90.4","0.8","89.6","1.1","91.2","1.1","24.4","1.1","20.4","1.1","28.7","1.5","84580","581","42591","365","41989","336","92.0","0.5","91.0","0.8","93.1","0.7","19.4","0.8","16.4","0.9","22.5","1.3","200020","907","99578","597","100442","522","90.2","0.5","88.9","0.6","91.4","0.6","16.6","0.5","16.3","0.6","17.0","0.7","127295","609","54977","398","72318","419","78.2","0.7","78.4","1.0","78.1","0.8","12.6","0.6","16.0","0.9","9.9","0.6","24.5","1.1","21.5","1.4","27.4","1.4","12.0","0.4","10.0","0.5","14.0","0.5","8.5","0.5","6.6","0.6","10.2","0.7","4.2","0.5","4.0","0.7","4.3","0.6","31798","275","39161","560","25212","361","20553","902","26661","1149","12150","833","27477","453","35645","514","20452","409","32878","644","41587","724","26851","581","42106","876","50600","1198","35985","1310","55352","1452","65033","3328","51926","2229","4.3","(X)","(X)","(X)","(X)","(X)",
"5001400US4210","Congressional District 10 (114th Congress), Pennsylvania","65739","821","34685","648","31054","546","14.3","0.8","16.1","1.3","12.2","1.0","34.7","1.3","37.7","1.7","31.4","1.6","43.9","1.3","40.0","2.0","48.3","1.9","7.1","0.6","6.2","0.9","8.2","1.0","492963","1333","242423","914","250540","887","3.8","0.2","4.1","0.3","3.5","0.2","8.5","0.2","9.3","0.4","7.8","0.3","42.9","0.4","43.9","0.6","42.0","0.5","16.4","0.3","16.2","0.4","16.6","0.4","8.2","0.2","7.3","0.3","9.1","0.3","12.6","0.3","12.2","0.4","13.0","0.4","7.5","0.2","7.0","0.3","8.0","0.3","87.7","0.3","86.6","0.4","88.7","0.4","20.1","0.3","19.2","0.4","21.0","0.4","75580","1017","39214","614","36366","682","89.1","0.8","86.6","1.0","91.8","0.9","26.3","1.1","20.8","1.3","32.1","1.6","84422","869","42997","578","41425","586","91.0","0.6","89.0","0.9","93.0","0.7","22.2","0.9","18.7","1.2","25.7","1.2","208904","1238","104477","833","104427","709","90.4","0.4","89.1","0.5","91.6","0.4","20.2","0.4","19.2","0.6","21.1","0.6","124057","833","55735","557","68322","494","80.0","0.6","80.0","1.0","80.1","0.8","14.9","0.5","18.5","0.8","11.9","0.6","21.5","1.2","19.6","1.5","23.6","1.7","10.8","0.4","9.0","0.5","12.7","0.7","8.6","0.6","6.5","0.7","10.3","0.8","3.8","0.4","3.0","0.5","4.5","0.5","32225","259","39362","616","25682","382","22953","908","27814","1299","14528","728","27622","498","34948","611","20571","421","33012","765","41326","691","27034","629","42250","990","51939","1326","34071","1356","60366","1777","70517","2717","53926","1475","4.9","(X)","(X)","(X)","(X)","(X)",
"5001400US4211","Congressional District 11 (114th Congress), Pennsylvania","68016","1018","34401","617","33615","736","13.0","0.9","14.8","1.3","11.1","1.1","31.9","1.3","35.7","1.7","27.9","1.8","46.1","1.3","42.0","1.9","50.4","1.7","9.0","0.8","7.5","0.9","10.6","1.2","494153","1312","239751","1152","254402","968","3.2","0.1","3.1","0.2","3.3","0.2","7.9","0.2","8.3","0.3","7.6","0.3","40.9","0.4","41.5","0.6","40.4","0.6","17.1","0.4","17.0","0.5","17.2","0.5","8.2","0.2","7.4","0.3","9.0","0.3","14.2","0.3","14.3","0.5","14.0","0.5","8.4","0.2","8.4","0.3","8.5","0.3","88.9","0.3","88.6","0.3","89.1","0.3","22.6","0.4","22.7","0.6","22.5","0.5","82455","1012","43086","729","39369","694","90.8","0.7","89.0","1.0","92.8","0.8","28.7","1.1","24.0","1.3","33.9","1.4","85930","838","43525","669","42405","514","92.4","0.6","91.3","0.8","93.6","0.8","26.4","1.0","23.2","1.3","29.7","1.1","206337","1060","102294","860","104043","696","91.3","0.4","90.6","0.6","91.9","0.4","22.9","0.6","23.7","0.8","22.1","0.8","119431","773","50846","540","68585","676","80.8","0.6","82.0","0.8","80.0","0.7","15.2","0.6","19.4","0.9","12.1","0.7","20.9","1.1","17.3","1.5","24.3","1.6","9.9","0.4","8.2","0.6","11.5","0.6","7.9","0.5","6.0","0.6","9.6","0.7","3.6","0.4","3.5","0.6","3.7","0.5","34963","315","41231","407","29118","393","22637","988","27061","1628","16748","1094","29986","432","35894","549","23370","626","34387","586","41878","728","29045","714","46682","879","53376","1346","40646","1032","61833","1228","73990","3732","54926","1138","5.0","(X)","(X)","(X)","(X)","(X)",
"5001400US4212","Congressional District 12 (114th Congress), Pennsylvania","51198","932","26910","708","24288","676","13.0","0.8","14.3","1.2","11.4","1.1","31.7","1.4","35.6","2.0","27.3","1.5","40.8","1.3","38.9","1.8","43.0","1.7","14.6","1.0","11.2","1.3","18.3","1.4","510753","1263","243892","1174","266861","1079","2.4","0.1","2.3","0.2","2.5","0.2","5.4","0.2","5.5","0.3","5.4","0.2","36.3","0.4","36.3","0.5","36.2","0.5","15.8","0.3","15.9","0.4","15.7","0.4","9.4","0.3","8.4","0.3","10.3","0.4","18.8","0.4","19.3","0.5","18.3","0.4","11.9","0.3","12.2","0.3","11.6","0.3","92.1","0.2","92.2","0.3","92.1","0.3","30.7","0.4","31.5","0.6","29.9","0.5","76447","1167","39032","836","37415","663","94.9","0.5","94.1","0.7","95.8","0.6","40.6","1.2","34.6","1.6","46.9","1.4","82486","1089","41442","683","41044","668","96.0","0.4","95.2","0.6","96.7","0.5","39.1","1.2","36.2","1.6","42.0","1.5","217254","1207","106118","844","111136","766","95.1","0.3","94.7","0.4","95.5","0.4","31.7","0.6","32.4","0.8","31.0","0.8","134566","958","57300","621","77266","749","83.5","0.5","84.2","0.8","83.0","0.7","18.3","0.7","24.4","1.1","13.7","0.8","21.0","1.4","18.4","1.9","23.2","1.9","9.8","0.4","8.4","0.6","11.1","0.5","7.7","0.6","5.6","0.6","9.4","0.8","2.9","0.3","2.6","0.4","3.2","0.4","38355","428","46790","554","30502","348","18676","1358","24014","2424","12640","1289","28119","624","35701","747","20983","454","34759","627","43417","950","28275","737","51283","742","62350","1403","42252","1067","69881","1956","92011","2668","54884","1657","4.7","(X)","(X)","(X)","(X)","(X)",
"5001400US4213","Congressional District 13 (114th Congress), Pennsylvania","61392","1908","31505","1309","29887","1158","14.8","1.2","17.7","1.8","11.7","1.4","31.5","1.7","34.2","2.5","28.7","1.9","40.3","1.6","37.6","2.2","43.1","2.1","13.5","1.1","10.5","1.2","16.5","1.6","493196","2590","231547","2023","261649","1853","4.7","0.3","4.7","0.4","4.7","0.3","7.8","0.4","8.3","0.5","7.3","0.5","32.0","0.5","31.9","0.7","32.0","0.7","17.2","0.4","17.7","0.6","16.7","0.5","6.3","0.3","5.4","0.3","7.1","0.3","19.6","0.4","19.8","0.5","19.3","0.5","12.5","0.3","12.3","0.4","12.7","0.5","87.5","0.5","87.1","0.6","87.9","0.6","32.1","0.5","32.1","0.6","32.0","0.7","105101","1944","53355","1532","51746","1235","91.0","0.9","89.2","1.3","92.8","1.1","39.1","1.4","34.5","1.6","43.9","1.7","93192","1812","45166","1245","48026","1036","90.6","1.0","90.3","1.3","91.0","1.2","35.9","1.0","33.5","1.3","38.2","1.6","189388","1927","89565","1327","99823","1124","88.7","0.6","87.8","0.9","89.5","0.7","31.3","0.7","31.1","0.8","31.5","0.9","105515","1190","43461","784","62054","939","79.3","0.9","79.6","1.2","79.0","1.1","23.0","0.8","30.0","1.2","18.2","0.9","26.5","1.7","22.9","2.2","30.0","2.2","13.4","0.8","12.1","1.0","14.6","1.0","8.9","0.7","7.4","0.8","10.1","1.0","4.6","0.4","3.6","0.5","5.5","0.6","39947","443","44441","794","34787","609","20571","1067","23909","1380","15734","1636","30664","459","36196","1069","25217","726","37412","747","42490","1140","33157","862","52673","909","59182","2829","47972","1724","69163","2012","84989","2852","59184","2026","5.9","(X)","(X)","(X)","(X)","(X)",
"5001400US4214","Congressional District 14 (114th Congress), Pennsylvania","85193","921","41772","833","43421","713","9.5","0.8","10.4","1.0","8.7","1.2","24.8","1.0","27.9","1.7","21.8","1.2","47.2","1.3","44.8","1.7","49.5","2.0","18.5","1.0","16.9","1.4","20.1","1.6","493038","1478","230906","1169","262132","1146","2.4","0.1","2.3","0.2","2.4","0.2","6.0","0.2","5.9","0.4","6.2","0.3","34.1","0.5","33.8","0.6","34.3","0.6","18.1","0.3","17.9","0.5","18.3","0.4","9.5","0.3","8.9","0.4","10.0","0.3","17.4","0.3","18.3","0.5","16.5","0.4","12.6","0.3","12.8","0.4","12.4","0.4","91.6","0.3","91.7","0.4","91.4","0.3","29.9","0.4","31.1","0.6","28.9","0.5","111567","1382","56354","939","55213","760","95.2","0.4","94.9","0.6","95.5","0.6","45.3","1.0","43.5","1.4","47.1","1.4","77411","772","38355","682","39056","537","94.3","0.5","93.4","0.8","95.2","0.6","35.1","1.1","33.2","1.4","36.9","1.5","189521","1000","90568","727","98953","741","93.5","0.4","93.1","0.6","94.0","0.5","26.0","0.6","26.1","0.9","25.9","0.7","114539","1006","45629","589","68910","793","82.9","0.6","83.8","0.8","82.3","0.8","18.0","0.6","23.9","1.1","14.1","0.7","30.8","1.5","27.4","2.6","33.6","1.6","15.9","0.6","14.1","0.9","17.5","0.7","13.9","0.7","10.9","0.9","16.4","0.9","6.4","0.4","5.8","0.5","6.9","0.5","33238","364","37902","715","30174","356","16283","1180","20227","1858","13286","1070","25775","489","30192","715","21894","577","31179","422","35675","830","27854","795","42317","682","47253","1365","37882","997","53937","936","61425","2118","50412","844","5.3","(X)","(X)","(X)","(X)","(X)",
"5001400US4215","Congressional District 15 (114th Congress), Pennsylvania","70811","1230","35283","868","35528","920","11.7","1.0","14.3","1.9","9.0","0.9","31.5","1.3","34.4","1.8","28.6","2.1","46.7","1.5","42.6","2.0","50.8","2.3","10.2","0.9","8.7","1.1","11.6","1.2","486459","1420","233434","1250","253025","981","4.2","0.2","4.3","0.4","4.1","0.2","7.7","0.3","7.9","0.4","7.6","0.3","35.8","0.4","35.9","0.6","35.8","0.6","16.4","0.4","16.1","0.6","16.7","0.5","8.3","0.2","7.6","0.4","8.9","0.3","16.7","0.3","17.0","0.4","16.4","0.5","10.8","0.3","11.2","0.4","10.5","0.4","88.1","0.3","87.9","0.5","88.3","0.3","27.5","0.4","28.2","0.6","26.9","0.5","85030","961","42376","703","42654","498","90.8","0.7","89.6","1.0","92.1","1.0","35.0","1.2","30.9","1.6","39.0","1.4","87483","892","43454","575","44029","599","91.7","0.7","89.8","1.0","93.5","0.8","32.7","1.1","31.4","1.4","33.9","1.4","200965","1137","98852","870","102113","707","91.0","0.5","89.9","0.7","92.0","0.5","27.5","0.7","27.7","0.9","27.4","0.9","112981","858","48752","515","64229","618","78.1","0.6","80.5","0.9","76.2","0.8","17.9","0.6","24.1","1.0","13.1","0.7","21.7","1.5","19.6","2.2","23.8","1.8","9.5","0.6","8.0","0.9","10.8","0.7","7.5","0.6","6.0","0.7","8.7","0.7","3.5","0.4","3.0","0.4","3.9","0.6","37701","469","45256","638","30772","423","22076","1306","27849","1514","15311","1072","31322","559","38659","850","24698","876","35873","604","44109","1372","30348","558","48869","1138","60116","1612","39637","1369","69165","2263","86956","3546","57144","1164","4.8","(X)","(X)","(X)","(X)","(X)",
"5001400US4216","Congressional District 16 (114th Congress), Pennsylvania","69889","1000","35146","695","34743","665","17.3","1.0","19.7","1.5","14.8","1.4","36.4","1.3","38.6","2.0","34.2","1.8","39.0","1.5","35.8","2.2","42.2","2.2","7.3","0.8","5.9","0.9","8.7","1.2","464891","1413","222361","950","242530","882","7.1","0.2","7.6","0.3","6.7","0.3","9.4","0.3","9.6","0.5","9.2","0.3","37.5","0.5","37.9","0.7","37.2","0.7","15.2","0.3","14.5","0.5","15.8","0.5","6.3","0.2","5.9","0.3","6.7","0.3","15.9","0.3","15.9","0.4","16.0","0.5","8.6","0.3","8.7","0.4","8.4","0.4","83.5","0.3","82.8","0.5","84.1","0.4","24.5","0.4","24.6","0.5","24.4","0.6","89026","1037","44072","607","44954","611","83.8","0.9","82.5","1.2","85.1","1.1","25.4","1.1","22.1","1.3","28.6","1.5","87787","903","43065","589","44722","528","85.3","0.9","83.6","1.3","87.0","0.9","29.7","1.2","27.4","1.3","31.9","1.4","184655","972","90612","705","94043","543","86.3","0.5","85.6","0.8","87.0","0.7","24.1","0.6","24.5","0.9","23.8","0.8","103423","721","44612","431","58811","564","76.6","0.8","76.6","1.3","76.6","0.9","19.9","0.9","24.4","1.2","16.4","1.0","24.5","1.2","21.0","1.4","28.0","1.5","11.0","0.5","9.3","0.6","12.5","0.7","8.7","0.7","6.7","0.8","10.3","0.9","2.8","0.4","2.2","0.4","3.4","0.5","35024","413","42972","612","27234","429","22241","689","29257","1295","14782","913","30213","490","38273","900","22752","624","34652","827","43450","1040","28137","999","49283","1294","61379","1242","39258","1499","64762","1763","77586","4868","57336","2064","4.9","(X)","(X)","(X)","(X)","(X)",
"5001400US4217","Congressional District 17 (114th Congress), Pennsylvania","65787","1346","33802","877","31985","837","13.0","1.0","14.9","1.4","11.0","1.4","31.3","1.3","34.6","1.9","27.7","1.9","47.0","1.5","42.9","2.2","51.2","2.0","8.7","0.7","7.5","1.1","10.0","0.9","490480","1772","236245","1304","254235","1214","3.3","0.2","3.2","0.3","3.4","0.2","8.3","0.3","8.4","0.4","8.1","0.4","41.0","0.5","41.5","0.7","40.6","0.6","18.1","0.3","18.2","0.5","18.0","0.5","8.8","0.3","7.9","0.4","9.7","0.3","13.1","0.3","13.6","0.5","12.7","0.4","7.3","0.3","7.0","0.3","7.5","0.3","88.4","0.3","88.3","0.4","88.5","0.4","20.4","0.4","20.6","0.5","20.2","0.5","80185","1141","40859","770","39326","762","91.5","0.7","90.3","0.9","92.8","0.9","27.5","1.1","22.2","1.3","33.0","1.5","87727","1006","44439","611","43288","666","92.0","0.7","89.9","1.0","94.2","0.8","25.1","1.0","22.0","1.2","28.4","1.4","200555","1458","99845","996","100710","845","91.1","0.5","90.4","0.6","91.8","0.6","20.2","0.7","21.3","0.9","19.2","0.8","122013","1165","51102","683","70911","795","79.4","0.7","81.3","0.9","78.0","0.9","12.6","0.7","16.8","1.0","9.6","0.7","22.7","1.4","19.1","2.0","26.1","1.8","11.6","0.6","10.0","0.7","13.0","0.8","9.3","0.6","6.6","0.8","11.5","0.8","4.2","0.4","3.7","0.6","4.6","0.6","33617","449","40571","521","27426","472","21143","1000","25283","1436","14989","1180","28301","754","35165","832","22103","634","33532","682","41622","937","27456","763","45209","1149","53794","1534","37778","1435","61340","1930","72491","4588","53980","1692","4.1","(X)","(X)","(X)","(X)","(X)",
"5001400US4218","Congressional District 18 (114th Congress), Pennsylvania","54273","938","27958","820","26315","625","11.4","0.9","13.2","1.3","9.5","1.1","29.2","1.1","34.0","1.6","24.2","1.6","45.0","1.4","41.3","2.1","49.0","1.8","14.4","1.0","11.5","1.3","17.4","1.4","511937","1618","245272","1277","266665","1186","2.1","0.1","2.1","0.2","2.1","0.2","4.6","0.2","4.8","0.3","4.5","0.2","34.0","0.4","33.1","0.5","34.9","0.6","16.0","0.3","16.2","0.4","15.9","0.4","9.2","0.2","8.3","0.3","10.1","0.4","21.6","0.4","22.5","0.5","20.7","0.5","12.4","0.3","13.1","0.4","11.8","0.4","93.3","0.2","93.1","0.3","93.4","0.3","34.0","0.5","35.6","0.5","32.5","0.6","78187","1203","40152","894","38035","800","95.5","0.5","94.6","0.7","96.5","0.6","45.7","1.4","41.1","1.7","50.6","1.8","88288","1023","44533","649","43755","643","96.2","0.4","95.3","0.7","97.0","0.5","44.4","1.2","41.4","1.5","47.4","1.5","216641","1175","106440","933","110201","797","95.3","0.3","94.8","0.4","95.9","0.4","33.2","0.7","35.2","0.8","31.3","0.9","128821","1038","54147","708","74674","884","86.4","0.6","86.9","0.8","86.1","0.7","21.0","0.7","27.5","1.1","16.3","0.8","20.3","1.4","18.3","2.2","22.2","1.9","9.1","0.5","7.4","0.6","10.5","0.6","6.7","0.5","4.8","0.6","8.3","0.7","2.7","0.3","2.4","0.3","3.0","0.4","40498","367","50633","507","31236","423","21146","1603","27037","1142","13714","1291","29134","633","37095","970","21993","494","36212","718","45726","955","28380","1170","53053","957","66113","1505","41041","856","67257","1416","90110","3771","53670","1148","4.0","(X)","(X)","(X)","(X)","(X)",
"5001400US4401","Congressional District 1 (114th Congress), Rhode Island","58683","1019","29362","674","29321","728","11.7","1.1","13.4","1.7","10.1","1.2","26.9","1.2","28.5","1.8","25.4","1.8","48.4","1.7","47.3","2.4","49.5","2.1","12.9","1.0","10.8","1.4","15.0","1.5","357309","1382","167505","1087","189804","845","7.7","0.3","7.6","0.5","7.7","0.4","8.7","0.4","9.0","0.6","8.5","0.4","26.5","0.6","27.1","0.8","26.0","0.7","18.2","0.4","17.1","0.6","19.3","0.7","7.6","0.3","6.9","0.4","8.1","0.4","18.3","0.5","18.9","0.7","17.9","0.6","13.0","0.4","13.4","0.6","12.5","0.5","83.6","0.5","83.4","0.7","83.8","0.5","31.3","0.6","32.3","0.8","30.4","0.7","70746","1090","35258","783","35488","716","88.5","1.0","87.2","1.4","89.8","1.3","36.3","1.4","34.0","1.8","38.6","1.7","66091","817","31726","554","34365","536","88.2","1.0","87.1","1.3","89.3","1.2","35.4","1.5","32.9","1.8","37.7","2.1","140998","983","67294","681","73704","679","85.5","0.7","84.3","1.1","86.5","0.6","31.3","0.8","31.4","1.1","31.2","1.1","79474","698","33227","503","46247","542","71.9","1.0","73.8","1.6","70.6","1.2","23.4","0.9","31.7","1.5","17.4","0.9","26.0","1.6","23.9","1.9","27.9","2.2","15.3","0.9","12.2","1.1","18.3","1.3","11.0","0.9","7.5","0.9","13.7","1.3","4.2","0.5","3.9","0.7","4.5","0.6","38044","719","43342","748","33191","675","21356","931","26131","1277","16705","1109","29723","706","34400","1247","24936","919","35486","717","41741","932","31037","686","51214","1117","60600","2164","43854","1601","66198","2198","80000","3434","58355","3329","5.4","(X)","(X)","(X)","(X)","(X)",
"5001400US4402","Congressional District 2 (114th Congress), Rhode Island","60982","1034","30290","694","30692","703","9.9","0.9","11.7","1.3","8.2","1.1","27.7","1.2","31.2","2.0","24.1","2.0","50.5","1.5","46.0","2.4","55.0","2.5","11.9","1.0","11.0","1.4","12.7","1.6","358852","1459","171276","1092","187576","856","5.0","0.3","5.1","0.4","4.9","0.3","7.8","0.4","8.4","0.5","7.3","0.4","28.2","0.6","28.8","0.8","27.7","0.8","18.5","0.4","18.0","0.6","18.9","0.6","9.0","0.3","7.8","0.4","10.1","0.5","19.3","0.4","19.7","0.6","18.8","0.6","12.2","0.4","12.2","0.5","12.2","0.5","87.2","0.4","86.5","0.5","87.9","0.4","31.5","0.6","31.9","0.7","31.1","0.7","61431","1152","31247","809","30184","743","89.4","1.1","87.0","1.8","91.9","1.2","35.7","1.4","31.3","1.8","40.2","2.1","64525","851","32210","578","32315","548","90.0","0.9","88.5","1.4","91.6","1.1","34.7","1.4","31.1","1.7","38.3","2.0","153698","1066","74525","733","79173","692","90.3","0.5","89.0","0.8","91.6","0.6","32.3","0.9","32.5","1.1","32.1","1.2","79198","684","33294","482","45904","547","77.2","0.8","78.6","1.2","76.2","1.1","24.0","0.9","31.9","1.4","18.3","1.1","22.4","1.8","17.1","1.9","27.8","2.6","11.1","0.7","9.3","0.9","12.9","1.0","8.6","0.7","6.1","0.8","10.6","1.0","3.6","0.4","3.5","0.6","3.7","0.5","40842","400","47504","1078","34481","706","24338","2119","28180","2379","18179","1127","31794","775","39367","1408","25478","856","37778","876","44996","1254","32359","831","54154","1349","63653","1725","45584","1761","71674","1500","80321","2921","65083","2456","5.0","(X)","(X)","(X)","(X)","(X)",
"5001400US4501","Congressional District 1 (114th Congress), South Carolina","64789","1194","33543","926","31246","695","13.6","1.2","15.9","1.7","11.2","1.3","31.7","1.9","35.8","2.7","27.3","2.6","43.3","1.7","38.7","2.1","48.3","2.9","11.3","1.1","9.6","1.5","13.2","1.7","476308","1627","225067","1051","251241","1136","2.7","0.3","2.8","0.3","2.7","0.3","5.7","0.3","6.4","0.4","5.0","0.3","23.5","0.6","23.7","0.7","23.3","0.7","22.5","0.4","22.2","0.7","22.8","0.6","8.8","0.4","7.5","0.5","10.0","0.5","23.1","0.4","23.8","0.6","22.5","0.6","13.8","0.4","13.7","0.5","13.9","0.5","91.6","0.4","90.8","0.5","92.3","0.4","36.9","0.5","37.5","0.7","36.4","0.7","102086","1128","49751","722","52335","664","92.7","0.8","91.8","1.0","93.5","1.0","38.6","1.4","33.8","1.8","43.1","1.7","89757","893","43652","646","46105","500","93.0","0.7","91.4","1.1","94.4","1.1","38.7","1.4","35.4","1.8","41.9","1.7","179329","1058","83824","737","95505","674","92.2","0.5","90.1","0.8","94.2","0.6","35.1","0.9","35.2","1.2","35.1","1.0","105136","702","47840","442","57296","488","88.4","0.7","90.5","1.0","86.5","0.9","36.7","1.0","47.3","1.4","27.9","1.2","26.7","2.2","23.5","2.6","30.0","3.0","11.7","0.8","9.7","1.0","13.6","1.2","9.0","0.7","6.3","0.8","11.1","0.9","4.2","0.4","3.7","0.5","4.7","0.5","36378","499","43441","992","30609","448","19612","1315","21912","1368","15843","1039","27265","780","33255","1519","21850","848","33217","755","41505","769","27426","691","45476","1045","56291","2354","37237","1052","56184","1221","74567","4383","49657","1079","7.7","(X)","(X)","(X)","(X)","(X)",
"5001400US4502","Congressional District 2 (114th Congress), South Carolina","66203","1255","35486","987","30717","738","14.4","1.1","15.7","1.6","12.9","1.6","32.7","1.7","36.8","1.9","28.0","2.1","44.2","1.6","41.7","2.1","47.2","2.2","8.6","0.9","5.9","0.9","11.9","1.4","448095","1777","212124","1187","235971","1125","3.7","0.3","4.0","0.4","3.4","0.3","7.5","0.3","7.8","0.5","7.2","0.4","26.5","0.5","27.1","0.8","25.9","0.6","21.9","0.4","21.1","0.8","22.6","0.6","8.8","0.3","7.8","0.4","9.8","0.5","19.7","0.4","20.4","0.7","19.1","0.5","11.9","0.3","11.8","0.5","12.0","0.4","88.8","0.4","88.2","0.6","89.4","0.5","31.6","0.4","32.2","0.6","31.1","0.6","87017","1095","42609","743","44408","619","89.8","0.8","88.3","1.2","91.3","1.1","31.7","1.3","27.1","1.6","36.2","1.8","88456","930","42925","653","45531","619","91.6","0.7","90.2","1.1","93.0","0.8","35.3","1.2","32.5","1.7","37.9","1.8","182608","998","87304","666","95304","676","90.7","0.6","89.5","0.9","91.9","0.7","32.1","0.7","33.1","1.0","31.2","1.0","90014","614","39286","351","50728","435","81.3","1.0","83.3","1.2","79.8","1.2","27.0","1.0","35.5","1.3","20.3","1.1","29.2","1.8","25.2","2.5","33.1","1.9","14.5","1.0","11.2","1.1","17.6","1.4","9.2","0.7","6.0","0.7","11.8","1.1","3.0","0.3","2.7","0.4","3.4","0.4","36403","403","42017","518","31374","363","19178","1122","21232","948","15186","1531","28532","936","33737","1148","22293","735","32767","680","40446","834","28157","877","48245","1260","56972","1813","40142","1038","57367","1551","72716","3845","51243","935","5.3","(X)","(X)","(X)","(X)","(X)",
"5001400US4503","Congressional District 3 (114th Congress), South Carolina","70782","713","36207","546","34575","526","17.2","1.1","20.5","1.6","13.8","1.5","27.7","1.6","28.8","2.4","26.5","1.9","49.0","1.8","45.2","2.5","53.0","2.6","6.1","0.8","5.6","0.9","6.8","1.1","446219","1495","214396","1019","231823","742","6.7","0.3","7.1","0.4","6.3","0.4","11.8","0.3","13.0","0.5","10.6","0.4","32.6","0.6","32.7","0.7","32.5","0.7","20.2","0.4","19.4","0.6","20.8","0.6","9.1","0.3","7.7","0.4","10.4","0.4","12.6","0.4","13.0","0.5","12.2","0.5","7.1","0.3","7.1","0.4","7.1","0.3","81.5","0.5","79.9","0.7","83.1","0.6","19.7","0.5","20.0","0.6","19.3","0.5","76691","911","38638","662","38053","530","82.8","1.2","78.9","1.6","86.7","1.4","20.3","1.1","17.0","1.4","23.7","1.5","83135","837","41373","542","41762","462","85.9","0.9","83.7","1.4","88.1","1.3","20.0","1.1","18.2","1.3","21.7","1.4","179610","798","87235","484","92375","509","84.3","0.7","81.8","1.0","86.6","0.8","20.3","0.7","20.9","0.9","19.7","0.9","106783","486","47150","286","59633","334","72.7","1.0","73.7","1.2","71.8","1.2","17.9","0.7","22.5","1.2","14.3","0.7","29.6","1.5","27.1","1.9","32.4","1.8","14.5","0.9","12.1","1.1","16.7","1.0","11.4","0.9","8.3","0.9","13.9","1.2","4.2","0.5","3.8","0.7","4.5","0.7","30767","371","36110","614","25925","434","19101","872","21608","799","14752","1113","26521","463","31883","674","21439","657","31066","552","39330","1397","25950","600","43165","1510","56034","3411","35376","1410","53773","1244","63061","3070","50192","2233","5.2","(X)","(X)","(X)","(X)","(X)",
"5001400US4504","Congressional District 4 (114th Congress), South Carolina","66095","751","32414","524","33681","489","15.4","1.4","17.8","1.9","13.0","1.6","29.8","1.2","32.7","1.9","27.0","1.9","43.8","1.7","40.3","2.4","47.2","2.3","11.0","1.2","9.1","1.6","12.7","1.5","451650","1452","213863","1062","237787","675","5.7","0.3","6.2","0.4","5.3","0.3","9.2","0.3","9.5","0.5","8.9","0.4","27.2","0.5","27.1","0.7","27.3","0.6","20.0","0.5","19.2","0.7","20.8","0.6","9.0","0.3","7.9","0.4","10.0","0.5","18.5","0.5","19.5","0.6","17.6","0.5","10.4","0.4","10.6","0.5","10.2","0.5","85.1","0.5","84.3","0.6","85.9","0.6","28.9","0.5","30.1","0.7","27.8","0.6","87724","843","43191","601","44533","455","85.8","1.0","83.1","1.6","88.5","1.1","31.4","1.4","28.1","1.8","34.7","1.9","89545","729","43902","489","45643","441","87.9","0.9","85.9","1.3","89.9","1.0","32.0","1.2","29.8","1.3","34.1","1.6","179741","789","86433","461","93308","506","87.8","0.6","86.6","0.9","89.0","0.7","29.3","0.7","30.7","1.1","27.9","0.9","94640","499","40337","360","54303","291","76.8","1.0","79.2","1.5","75.0","1.3","22.9","0.8","31.4","1.4","16.7","0.9","32.1","1.9","27.8","2.2","36.2","2.3","16.3","1.0","14.7","1.2","17.6","1.3","10.0","0.6","7.3","0.7","12.2","0.9","3.6","0.3","2.9","0.4","4.2","0.6","33770","453","40620","529","27936","671","18725","1048","21105","945","15253","1042","25989","548","30906","732","21353","689","32802","667","40887","754","26908","666","46833","1235","61885","2092","36347","857","55946","1787","72466","4396","47014","1546","5.5","(X)","(X)","(X)","(X)","(X)",
"5001400US4505","Congressional District 5 (114th Congress), South Carolina","61276","525","31357","358","29919","408","20.4","1.4","23.5","1.8","17.1","1.8","31.2","1.5","35.1","2.5","27.1","1.6","42.4","1.6","36.5","2.4","48.6","2.0","6.0","0.8","4.9","1.1","7.3","1.2","450151","936","213763","745","236388","711","5.7","0.3","6.2","0.4","5.3","0.3","10.9","0.3","11.8","0.5","10.1","0.4","32.5","0.5","33.5","0.7","31.7","0.6","20.7","0.4","19.5","0.6","21.8","0.6","9.0","0.3","8.4","0.4","9.5","0.4","14.1","0.4","14.2","0.6","14.1","0.5","7.0","0.3","6.5","0.3","7.5","0.4","83.4","0.4","82.0","0.6","84.6","0.5","21.2","0.5","20.6","0.7","21.6","0.6","80389","548","39490","397","40899","408","86.3","1.1","83.9","1.5","88.7","1.3","22.2","1.1","18.1","1.6","26.1","1.6","88260","560","43345","462","44915","376","88.4","0.9","86.0","1.3","90.8","1.1","26.0","1.1","23.2","1.4","28.7","1.6","185382","697","89303","488","96079","485","85.2","0.6","83.2","0.9","87.0","0.7","20.4","0.7","20.1","1.0","20.7","0.9","96120","501","41625","325","54495","353","72.8","1.0","73.3","1.3","72.4","1.2","17.3","0.8","21.5","1.3","14.1","0.9","30.3","1.5","26.0","1.9","34.8","2.0","16.1","0.8","13.6","1.1","18.3","0.9","11.1","0.7","7.9","0.9","13.7","0.9","3.9","0.4","3.4","0.6","4.3","0.7","31937","345","38779","733","26268","456","19328","992","23685","1627","14680","922","26283","597","31847","885","21047","609","32253","545","41101","741","25911","635","45626","1313","56543","2685","38116","1128","54879","1817","69792","4304","48274","1519","5.9","(X)","(X)","(X)","(X)","(X)",
"5001400US4506","Congressional District 6 (114th Congress), South Carolina","94341","1943","48967","1392","45374","1167","15.3","1.0","18.2","1.3","12.3","1.4","27.6","1.1","29.4","1.8","25.8","1.7","50.0","1.6","47.2","2.3","53.0","2.3","7.1","0.8","5.3","0.9","9.0","1.1","424752","2658","202460","1824","222292","1631","6.5","0.3","7.4","0.4","5.7","0.3","13.3","0.4","15.1","0.6","11.6","0.5","33.4","0.6","35.7","0.8","31.4","0.7","20.6","0.4","18.7","0.7","22.4","0.5","7.8","0.3","7.0","0.5","8.6","0.4","11.6","0.4","10.5","0.5","12.5","0.5","6.7","0.3","5.6","0.3","7.7","0.4","80.2","0.5","77.5","0.7","82.6","0.5","18.3","0.4","16.2","0.5","20.2","0.5","92782","1624","47486","1075","45296","926","82.6","0.9","79.6","1.3","85.9","1.3","22.7","1.0","19.0","1.3","26.5","1.5","74351","1372","37259","961","37092","855","84.7","0.9","80.9","1.6","88.6","1.1","18.5","1.1","14.2","1.3","22.8","1.6","169149","1364","79951","996","89198","880","83.0","0.7","80.0","1.0","85.8","0.8","17.6","0.6","14.8","0.8","20.1","0.9","88470","931","37764","593","50706","620","68.4","1.1","66.6","1.4","69.8","1.5","14.8","0.8","17.5","1.2","12.8","0.9","35.0","1.4","28.3","1.7","42.0","1.8","21.4","0.8","18.0","1.0","24.6","1.1","16.3","0.8","11.9","1.0","19.5","1.1","7.4","0.6","7.3","0.9","7.5","0.8","26372","340","30483","562","23225","461","16772","603","19816","962","13444","871","22489","589","26700","730","18958","764","27149","506","33696","974","23418","738","35050","1034","41260","2560","31540","861","46553","1410","52101","2428","43454","1746","7.9","(X)","(X)","(X)","(X)","(X)",
"5001400US4507","Congressional District 7 (114th Congress), South Carolina","60664","512","30147","345","30517","283","20.2","1.4","24.7","1.9","15.7","1.8","32.8","1.6","33.8","2.4","31.8","2.0","40.8","1.9","36.5","2.6","45.1","2.5","6.2","0.7","4.9","0.9","7.4","1.1","465920","721","219508","493","246412","477","5.7","0.2","6.4","0.3","5.0","0.3","10.5","0.3","11.3","0.5","9.7","0.4","34.5","0.6","34.8","0.8","34.3","0.7","20.9","0.4","20.2","0.6","21.5","0.6","8.5","0.3","7.5","0.4","9.4","0.5","13.0","0.4","12.9","0.5","13.2","0.5","6.9","0.3","6.9","0.4","6.9","0.4","83.9","0.4","82.3","0.5","85.3","0.5","19.9","0.4","19.8","0.5","20.1","0.5","80066","504","39930","392","40136","293","85.1","1.0","82.6","1.7","87.7","1.2","19.7","1.1","16.4","1.4","22.9","1.5","82757","509","40331","319","42426","278","86.8","0.9","83.4","1.4","90.1","1.0","20.7","1.2","17.7","1.5","23.6","1.5","188809","523","88412","313","100397","350","85.8","0.6","83.7","0.9","87.6","0.7","20.4","0.7","19.8","0.9","21.0","0.8","114288","364","50835","232","63453","252","77.6","0.8","78.5","1.2","76.9","1.1","18.8","0.7","24.2","1.1","14.4","0.9","34.1","1.3","28.1","1.8","40.3","1.7","18.6","0.8","15.4","1.0","21.5","1.1","12.7","0.7","9.1","0.9","15.6","0.9","5.1","0.6","4.5","0.9","5.6","0.8","27224","418","32040","481","23264","564","16752","487","19490","1186","13654","1197","23249","692","28359","1311","19232","629","27719","867","34004","1291","23473","774","37902","1506","45626","1472","32720","1596","51061","1277","61274","3854","46292","1696","5.8","(X)","(X)","(X)","(X)","(X)",
"5001400US4600","Congressional District (at Large) (114th Congress), South Dakota","84094","578","43808","452","40286","360","16.2","0.9","18.0","1.3","14.2","1.2","28.6","1.1","31.6","1.4","25.4","1.5","47.5","1.3","44.2","1.8","51.1","1.9","7.7","0.7","6.2","1.0","9.3","0.9","544604","549","269606","438","274998","455","4.1","0.2","4.6","0.3","3.7","0.2","5.2","0.2","5.7","0.3","4.7","0.2","31.5","0.4","33.6","0.5","29.5","0.4","22.0","0.3","20.6","0.5","23.3","0.5","10.5","0.2","9.8","0.3","11.2","0.3","18.7","0.4","17.5","0.5","19.8","0.4","8.0","0.3","8.2","0.3","7.9","0.3","90.7","0.3","89.7","0.4","91.7","0.3","26.7","0.4","25.7","0.5","27.7","0.5","109504","622","56705","431","52799","368","91.9","0.5","90.6","0.7","93.3","0.7","29.5","1.1","24.8","1.4","34.6","1.3","94677","488","48653","345","46024","330","93.3","0.5","92.7","0.7","94.1","0.7","31.7","1.0","27.9","1.2","35.8","1.3","218079","513","109703","397","108376","346","93.4","0.4","92.3","0.6","94.5","0.5","26.8","0.5","25.9","0.7","27.6","0.7","122344","282","54545","234","67799","193","82.7","0.6","80.9","1.0","84.2","0.7","20.1","0.7","24.1","1.1","16.8","0.8","26.5","1.5","20.7","1.6","33.6","2.1","11.9","0.5","10.3","0.6","13.7","0.7","9.6","0.5","7.7","0.6","11.2","0.7","4.5","0.5","4.1","0.6","4.9","0.5","32396","239","38431","421","26957","283","21077","913","25945","826","14462","1853","27304","348","32848","686","21774","437","31525","312","38575","652","26193","404","40007","588","48830","1340","34770","692","51044","1379","61463","2093","44243","1458","4.0","(X)","(X)","(X)","(X)","(X)",
"5001400US4701","Congressional District 1 (114th Congress), Tennessee","61714","527","31249","386","30465","309","12.7","1.1","14.6","1.6","10.7","1.4","40.0","1.7","44.1","2.5","35.8","2.1","39.7","1.7","36.1","2.3","43.4","2.4","7.6","1.0","5.2","1.0","10.1","1.5","500686","675","240406","575","260280","453","7.8","0.3","8.4","0.4","7.1","0.3","10.0","0.3","10.5","0.5","9.4","0.4","37.7","0.5","37.7","0.7","37.8","0.6","19.8","0.4","19.5","0.6","20.0","0.5","6.2","0.2","5.4","0.4","6.9","0.3","11.6","0.4","11.4","0.5","11.8","0.5","7.0","0.2","7.0","0.3","7.0","0.3","82.3","0.4","81.1","0.6","83.4","0.5","18.6","0.4","18.4","0.5","18.8","0.5","79265","733","39601","547","39664","406","88.2","1.0","86.2","1.3","90.3","1.3","22.2","1.0","17.9","1.3","26.4","1.6","92297","602","46376","378","45921","423","87.6","1.0","85.6","1.3","89.6","1.2","20.9","1.1","18.2","1.4","23.6","1.5","202557","721","98098","480","104459","421","84.8","0.6","82.2","0.8","87.2","0.8","18.6","0.5","18.5","0.8","18.6","0.7","126567","345","56331","223","70236","273","70.7","0.9","71.8","1.1","69.9","1.1","14.7","0.6","18.7","1.0","11.5","0.7","29.5","1.3","27.3","1.4","31.7","1.7","16.4","0.7","13.7","0.9","18.9","1.1","12.5","0.7","10.1","0.9","14.5","0.9","4.7","0.5","4.7","0.7","4.7","0.7","27880","461","32903","550","23566","442","17192","685","20272","800","13816","857","24041","582","29602","764","19474","687","28341","786","36071","1178","23537","774","39888","1131","49613","2437","34981","1034","51155","823","62960","3504","45915","1266","4.5","(X)","(X)","(X)","(X)","(X)",
"5001400US4702","Congressional District 2 (114th Congress), Tennessee","76226","348","38432","253","37794","243","11.3","1.0","11.8","1.4","10.7","1.4","30.9","1.7","33.3","2.5","28.4","1.8","48.2","1.8","47.3","2.7","49.1","2.1","9.7","1.0","7.6","1.1","11.8","1.4","486947","608","231640","411","255307","418","5.0","0.2","5.2","0.3","4.8","0.3","7.7","0.3","8.1","0.4","7.3","0.4","30.6","0.5","31.1","0.7","30.2","0.7","20.3","0.4","19.2","0.5","21.3","0.6","8.0","0.3","7.2","0.4","8.7","0.4","17.8","0.4","18.0","0.6","17.6","0.5","10.7","0.3","11.3","0.4","10.2","0.4","87.3","0.4","86.7","0.5","87.9","0.4","28.5","0.5","29.3","0.6","27.7","0.6","89343","481","44166","304","45177","329","91.3","0.8","90.3","1.1","92.4","1.0","32.9","1.4","28.7","1.7","37.1","1.7","91487","501","45250","347","46237","286","90.6","0.7","89.6","0.9","91.6","0.9","33.7","1.2","31.8","1.4","35.5","1.5","194658","561","93813","364","100845","334","89.0","0.6","87.5","0.8","90.3","0.7","27.9","0.7","29.1","1.0","26.7","0.8","111459","351","48411","194","63048","242","78.6","0.7","79.4","1.1","78.1","0.9","21.6","0.9","27.8","1.2","16.9","1.1","30.3","1.4","27.0","1.8","33.7","1.9","14.4","0.7","12.4","0.8","16.3","0.9","10.2","0.6","7.9","0.8","12.0","0.9","3.6","0.3","3.5","0.5","3.7","0.4","32928","507","38873","923","28084","575","18430","999","20444","1098","15286","1306","25971","408","31022","617","21099","444","31697","398","36728","860","27413","609","44444","1112","55236","2263","37065","1122","57249","2095","78195","3777","46881","1461","4.2","(X)","(X)","(X)","(X)","(X)",
"5001400US4703","Congressional District 3 (114th Congress), Tennessee","63925","552","32055","361","31870","349","15.7","1.1","18.2","1.9","13.2","1.4","36.3","1.6","41.0","2.1","31.6","2.2","41.8","1.7","37.0","2.1","46.6","2.0","6.2","0.7","3.7","0.8","8.6","1.1","496476","932","237711","664","258765","621","6.6","0.3","7.2","0.4","6.1","0.3","9.8","0.3","10.0","0.4","9.7","0.3","34.1","0.5","34.8","0.7","33.5","0.6","21.4","0.4","20.5","0.6","22.2","0.6","6.8","0.2","5.7","0.3","7.9","0.3","13.2","0.3","13.9","0.5","12.7","0.4","7.9","0.2","8.0","0.3","7.9","0.4","83.5","0.4","82.8","0.6","84.2","0.5","21.2","0.4","21.8","0.5","20.6","0.5","85563","570","42649","401","42914","349","88.0","0.8","85.9","1.3","90.0","1.1","23.8","1.2","20.8","1.5","26.8","1.6","91407","614","45619","396","45788","398","87.9","0.9","86.2","1.3","89.5","1.1","22.5","0.8","20.2","1.1","24.8","1.2","202156","657","98160","428","103996","459","85.7","0.6","84.4","0.9","86.9","0.7","21.4","0.6","22.3","0.8","20.6","0.7","117350","501","51283","333","66067","316","73.2","0.8","74.0","1.2","72.5","1.1","17.8","0.7","23.1","1.0","13.6","0.7","29.7","1.4","26.8","1.9","32.7","1.5","15.4","0.7","13.1","0.9","17.6","0.9","11.2","0.6","8.2","0.8","13.6","0.9","4.2","0.4","3.5","0.6","4.8","0.6","31475","384","37278","638","25974","462","18601","1407","21271","706","15132","827","25800","480","31643","591","20452","543","31455","581","38378","1476","25930","655","43641","1018","55573","2788","36937","1187","55990","1696","72607","4113","47487","1833","4.8","(X)","(X)","(X)","(X)","(X)",
"5001400US4704","Congressional District 4 (114th Congress), Tennessee","74991","698","37617","460","37374","450","11.6","0.9","13.4","1.3","9.8","1.3","35.4","1.7","37.7","2.1","33.1","2.1","46.2","1.7","43.2","2.4","49.2","2.0","6.8","0.8","5.7","1.1","7.9","1.2","474979","1163","228736","760","246243","706","6.4","0.3","6.9","0.4","6.0","0.4","9.4","0.3","9.8","0.4","9.0","0.4","35.4","0.5","36.0","0.7","35.0","0.8","21.6","0.5","21.9","0.6","21.3","0.6","6.7","0.3","5.4","0.3","7.9","0.4","13.9","0.4","13.8","0.6","14.0","0.5","6.5","0.3","6.2","0.3","6.9","0.3","84.2","0.4","83.3","0.4","85.0","0.5","20.4","0.5","20.0","0.6","20.9","0.6","93236","729","46371","457","46865","464","89.8","0.7","89.1","1.2","90.4","1.0","23.1","1.4","19.5","1.7","26.6","1.8","97901","590","49145","346","48756","409","88.2","0.6","86.6","0.9","89.8","1.0","24.0","1.0","20.7","1.2","27.3","1.4","187513","823","90877","556","96636","483","85.1","0.7","83.0","0.8","87.1","0.9","20.0","0.6","20.2","0.9","19.9","0.9","96329","575","42343","383","53986","374","72.9","0.9","73.6","1.2","72.3","1.3","15.0","0.7","19.3","1.1","11.7","1.0","28.9","1.7","24.5","2.0","33.5","2.1","14.3","0.7","12.4","1.0","16.0","0.8","9.7","0.6","8.4","0.8","10.9","0.8","4.4","0.6","3.5","0.7","5.2","0.8","32276","353","37493","665","26956","422","19863","987","22790","1248","13838","637","26955","418","32679","856","21372","596","32968","810","39952","1124","27467","1008","43025","1057","53594","2074","36964","1083","52288","1086","64615","4426","47950","1504","4.7","(X)","(X)","(X)","(X)","(X)",
"5001400US4705","Congressional District 5 (114th Congress), Tennessee","77124","409","37441","225","39683","262","12.3","0.9","14.1","1.5","10.6","1.2","28.6","1.6","32.8","2.4","24.6","1.6","43.7","1.7","41.7","2.4","45.5","2.2","15.4","1.1","11.4","1.5","19.2","1.4","490070","491","232943","331","257127","291","4.9","0.2","5.3","0.3","4.6","0.3","9.0","0.3","9.3","0.4","8.7","0.4","26.0","0.4","26.7","0.7","25.4","0.6","20.0","0.5","19.3","0.6","20.5","0.6","6.0","0.2","5.2","0.3","6.6","0.3","21.6","0.4","22.0","0.6","21.2","0.6","12.6","0.3","12.1","0.4","13.0","0.4","86.1","0.3","85.4","0.5","86.8","0.5","34.2","0.5","34.1","0.7","34.2","0.6","130093","354","63075","229","67018","236","88.4","0.7","86.8","1.1","90.0","0.7","43.0","1.0","39.3","1.6","46.5","1.2","99678","328","50358","188","49320","213","86.1","0.9","85.2","1.1","87.0","1.2","35.9","1.1","33.6","1.5","38.2","1.5","180118","386","86429","219","93689","250","87.2","0.5","86.0","0.8","88.4","0.6","30.9","0.9","31.2","1.1","30.6","1.1","80181","232","33081","145","47100","167","80.0","0.9","81.8","1.2","78.7","1.2","25.1","0.9","32.7","1.5","19.7","1.0","31.0","1.3","26.8","2.1","35.0","1.6","16.8","0.8","14.7","1.0","18.8","1.2","11.9","0.8","9.3","1.2","13.9","1.0","5.2","0.4","4.8","0.5","5.5","0.5","33184","439","35731","544","30948","443","18659","593","20986","700","15097","806","25382","489","27980","1139","22139","692","31714","534","34532","884","29214","1033","42080","736","46952","1673","39008","1053","55988","1404","71031","3464","49817","1255","6.0","(X)","(X)","(X)","(X)","(X)",
"5001400US4706","Congressional District 6 (114th Congress), Tennessee","61397","526","31539","363","29858","321","13.5","1.1","15.4","1.7","11.5","1.4","41.8","1.7","46.1","2.3","37.3","2.3","38.6","1.6","34.0","1.9","43.5","2.3","6.0","0.9","4.5","0.9","7.6","1.3","490929","619","235602","424","255327","472","6.4","0.3","6.7","0.4","6.2","0.3","9.6","0.3","10.4","0.4","8.8","0.4","37.9","0.5","38.3","0.7","37.5","0.7","20.1","0.4","19.7","0.6","20.5","0.5","6.3","0.2","5.1","0.3","7.5","0.4","12.9","0.4","13.1","0.5","12.7","0.4","6.8","0.3","6.7","0.3","6.8","0.4","84.0","0.4","83.0","0.5","85.0","0.5","19.7","0.4","19.9","0.5","19.5","0.5","82646","644","40973","406","41673","408","90.1","0.7","87.2","1.3","92.9","1.0","22.2","1.2","17.6","1.5","26.7","1.6","94063","552","46234","372","47829","331","89.1","0.7","86.3","1.2","91.8","0.9","23.0","1.0","20.2","1.4","25.7","1.2","199827","632","96944","463","102883","361","85.7","0.6","84.1","0.8","87.3","0.8","19.5","0.6","20.2","0.8","18.8","0.8","114393","359","51451","265","62942","252","72.4","0.8","74.5","1.1","70.7","1.1","15.5","0.7","20.7","1.1","11.2","0.8","27.8","1.3","25.5","1.7","30.3","1.7","13.8","0.6","11.5","0.8","16.0","0.9","9.3","0.6","7.0","0.8","11.2","0.8","3.5","0.5","3.1","0.6","3.9","0.6","31970","320","37075","448","27029","433","19860","923","22441","1285","15894","1015","26751","442","31769","554","21737","679","33025","600","40047","919","28254","867","45323","882","56663","2373","38318","1162","52960","1239","72898","3506","46759","1247","5.0","(X)","(X)","(X)","(X)","(X)",
"5001400US4707","Congressional District 7 (114th Congress), Tennessee","64268","540","33316","435","30952","323","14.3","1.1","15.9","1.5","12.7","1.4","38.4","1.6","43.5","2.1","32.9","2.2","40.0","1.5","35.1","2.0","45.3","2.3","7.3","0.8","5.5","1.1","9.1","1.3","475426","825","231226","657","244200","538","5.3","0.2","5.6","0.3","4.9","0.3","8.4","0.3","9.3","0.4","7.6","0.4","33.1","0.6","33.5","0.7","32.8","0.7","20.7","0.4","20.5","0.6","21.0","0.6","6.4","0.2","5.0","0.3","7.6","0.4","17.2","0.4","17.0","0.5","17.3","0.5","8.9","0.3","9.0","0.4","8.8","0.4","86.3","0.3","85.0","0.5","87.5","0.4","26.1","0.5","26.0","0.6","26.1","0.6","91070","699","46491","577","44579","394","90.6","0.8","88.1","1.3","93.2","0.9","25.8","1.2","21.2","1.5","30.6","1.6","97890","575","48441","385","49449","354","91.3","0.7","89.7","0.9","92.9","0.8","34.4","1.2","31.1","1.3","37.6","1.7","190942","741","93736","511","97206","388","88.2","0.4","86.0","0.6","90.4","0.6","26.4","0.8","27.5","0.9","25.4","1.0","95524","403","42558","241","52966","302","73.2","0.9","74.3","1.3","72.2","1.2","17.0","0.8","22.0","1.2","12.9","0.9","29.4","1.1","26.0","1.6","32.9","1.7","15.4","0.8","12.6","0.9","18.1","1.1","10.9","0.7","8.0","0.9","13.3","1.0","3.1","0.4","2.6","0.4","3.5","0.5","34098","519","41567","576","26354","482","18585","1172","22052","1436","13789","1473","25942","485","32076","625","19189","583","32509","742","41683","1159","25633","634","50017","1234","64692","1885","38239","1095","65789","1517","94560","4049","48769","1472","6.2","(X)","(X)","(X)","(X)","(X)",
"5001400US4708","Congressional District 8 (114th Congress), Tennessee","61362","953","31459","789","29903","566","13.2","1.0","15.1","1.4","11.3","1.4","34.9","1.5","38.9","1.7","30.7","2.4","44.7","1.6","41.3","1.7","48.2","2.4","7.2","0.9","4.8","1.0","9.8","1.2","474868","1641","224607","1105","250261","1017","4.6","0.2","4.7","0.3","4.5","0.2","8.1","0.2","9.0","0.4","7.3","0.4","32.1","0.5","32.9","0.6","31.4","0.6","21.2","0.4","20.1","0.6","22.2","0.6","5.7","0.3","4.7","0.3","6.7","0.4","17.8","0.4","17.6","0.5","17.9","0.5","10.5","0.3","10.9","0.4","10.0","0.4","87.3","0.3","86.3","0.5","88.2","0.4","28.2","0.5","28.6","0.6","27.9","0.5","78713","1021","38177","671","40536","687","91.1","0.7","88.2","1.2","93.9","0.9","29.4","1.4","25.0","1.5","33.6","1.8","91606","1073","44747","692","46859","683","91.5","0.6","89.8","1.0","93.2","0.7","33.4","1.2","30.4","1.5","36.2","1.6","199120","1148","95856","728","103264","794","89.2","0.5","87.7","0.7","90.7","0.5","29.4","0.7","29.9","0.9","29.0","0.9","105429","802","45827","503","59602","631","77.0","0.8","78.5","1.2","75.9","1.0","20.7","0.8","27.1","1.3","15.9","0.8","27.2","1.2","24.6","1.6","29.7","1.6","14.3","0.8","11.6","1.0","16.8","1.0","9.1","0.5","6.5","0.6","11.0","0.8","3.2","0.5","2.9","0.5","3.5","0.7","35724","455","43612","883","29053","732","20074","925","24112","1441","14580","1121","26667","532","32798","841","20807","610","33871","663","43254","1473","27288","642","50257","1158","67224","2441","39701","1237","63126","2058","83229","2713","52217","1218","4.4","(X)","(X)","(X)","(X)","(X)",
"5001400US4709","Congressional District 9 (114th Congress), Tennessee","81641","877","40106","725","41535","509","19.2","1.2","24.1","1.7","14.5","1.6","33.2","1.3","35.7","2.0","30.9","1.7","39.5","1.3","34.2","2.0","44.7","2.1","8.0","0.7","6.1","0.9","9.9","1.3","445862","1534","204773","1053","241089","941","5.6","0.3","6.2","0.4","5.0","0.3","10.9","0.4","12.3","0.5","9.8","0.5","30.2","0.6","32.7","0.8","28.1","0.6","24.4","0.5","22.5","0.8","26.1","0.7","6.0","0.2","5.2","0.4","6.7","0.3","14.6","0.4","14.1","0.6","15.1","0.6","8.2","0.3","7.0","0.4","9.1","0.4","83.5","0.4","81.5","0.6","85.2","0.5","22.8","0.5","21.2","0.7","24.2","0.7","110058","950","53594","570","56464","669","84.8","0.9","81.4","1.3","88.0","1.1","24.8","1.1","21.0","1.2","28.4","1.5","91042","962","43373","609","47669","616","86.0","0.9","83.1","1.3","88.6","1.1","25.0","1.2","21.2","1.7","28.5","1.4","173776","1126","80151","678","93625","740","86.2","0.6","83.9","0.9","88.1","0.8","22.1","0.8","20.9","1.1","23.1","1.0","70986","793","27655","482","43331","599","71.8","1.1","72.3","1.5","71.5","1.3","18.5","0.8","22.1","1.5","16.3","1.0","37.7","1.5","32.5","1.8","43.0","2.1","24.1","0.8","20.2","1.2","27.8","1.2","15.4","0.8","11.2","1.0","18.3","1.1","6.4","0.7","6.1","0.9","6.6","0.8","30040","416","32029","397","27258","378","17806","807","19136","780","14924","1270","24173","758","27896","1039","21244","448","29423","888","34230","1660","26559","502","42417","871","46787","2395","40042","1383","54137","1541","63164","3246","50665","1562","6.6","(X)","(X)","(X)","(X)","(X)",
"5001400US4801","Congressional District 1 (114th Congress), Texas","76592","453","38123","359","38469","254","15.6","0.9","18.0","1.4","13.2","1.1","29.5","1.3","33.3","1.8","25.7","1.7","49.0","1.5","44.6","1.9","53.3","2.0","6.0","0.7","4.1","0.8","7.8","1.2","455055","787","218569","519","236486","513","7.1","0.3","7.8","0.4","6.4","0.3","10.1","0.3","10.5","0.5","9.8","0.4","30.3","0.4","32.0","0.7","28.8","0.6","25.2","0.4","23.8","0.6","26.4","0.6","7.5","0.3","6.6","0.4","8.3","0.4","13.6","0.4","13.2","0.6","13.9","0.5","6.3","0.3","6.2","0.3","6.4","0.3","82.8","0.4","81.7","0.6","83.8","0.5","19.8","0.5","19.3","0.6","20.3","0.6","89213","535","44621","361","44592","326","84.0","1.0","82.0","1.4","86.0","1.2","18.6","0.9","15.0","1.1","22.2","1.3","83752","492","41605","319","42147","342","82.1","0.8","79.7","1.2","84.4","1.2","19.4","1.2","16.5","1.4","22.4","1.5","176674","700","86235","430","90439","478","83.7","0.6","82.4","0.8","85.0","0.7","20.7","0.7","19.9","0.8","21.4","0.9","105416","512","46108","295","59308","339","80.8","0.9","81.7","1.2","80.0","1.1","19.8","0.9","24.9","1.3","15.8","1.0","28.1","1.5","23.4","1.8","33.0","1.8","15.2","0.9","13.1","1.1","17.2","1.2","11.4","0.6","8.6","0.8","13.6","0.9","4.5","0.5","4.0","0.6","4.9","0.7","31159","419","38720","755","24488","613","20478","696","25680","927","12613","824","26073","578","32729","1183","19178","817","31155","613","41965","952","24979","789","45859","1351","57601","3265","39033","1301","55633","1921","72223","7629","49237","1766","4.7","(X)","(X)","(X)","(X)","(X)",
"5001400US4802","Congressional District 2 (114th Congress), Texas","64852","2244","34706","1454","30146","1305","17.2","1.3","20.4","2.0","13.6","1.6","27.5","1.8","28.4","2.3","26.6","2.5","41.9","1.6","40.7","2.5","43.3","2.4","13.3","1.2","10.5","1.5","16.6","2.0","481434","3927","239184","2644","242250","2449","6.6","0.4","6.7","0.5","6.5","0.5","6.1","0.3","6.4","0.5","5.8","0.4","20.0","0.6","19.1","0.7","21.0","0.8","21.6","0.5","20.8","0.7","22.5","0.7","6.5","0.4","6.1","0.4","6.9","0.5","25.0","0.6","25.5","0.7","24.5","0.7","14.2","0.4","15.5","0.5","12.9","0.6","87.3","0.4","86.9","0.6","87.7","0.5","39.2","0.6","40.9","0.7","37.4","0.8","120612","2547","61912","1869","58700","1595","88.9","0.9","87.4","1.3","90.5","1.1","41.3","1.3","37.1","1.7","45.8","1.7","106157","2584","52827","1703","53330","1423","85.5","0.8","84.5","1.3","86.6","1.1","40.2","1.4","40.2","1.8","40.3","1.8","186832","2598","92983","1480","93849","1767","88.3","0.7","87.9","1.0","88.7","0.8","38.9","1.0","42.1","1.2","35.7","1.3","67833","1372","31462","1005","36371","929","84.6","1.1","86.9","1.4","82.6","1.6","34.3","1.4","46.0","2.0","24.1","1.5","24.6","1.8","20.1","2.1","29.2","2.5","11.7","0.9","10.8","1.1","12.6","1.3","7.0","0.6","5.6","0.7","8.2","0.8","3.3","0.4","3.1","0.6","3.5","0.5","45550","586","52561","829","37758","987","19847","881","23995","1963","14144","834","30956","714","36172","1158","25263","1076","41661","862","50035","1603","34620","1968","60439","1632","79598","2700","49131","1090","81466","1865","105148","3168","60166","1538","5.6","(X)","(X)","(X)","(X)","(X)",
"5001400US4803","Congressional District 3 (114th Congress), Texas","57373","792","29601","523","27772","509","13.4","1.2","15.1","1.8","11.5","1.6","29.0","1.7","32.1","2.4","25.7","2.3","43.6","1.7","41.9","2.4","45.3","2.9","14.1","1.2","10.9","1.5","17.5","1.8","483376","1436","231746","885","251630","785","3.1","0.2","3.3","0.3","3.0","0.2","3.1","0.2","3.2","0.3","3.1","0.3","14.4","0.4","12.5","0.6","16.1","0.6","20.5","0.4","19.8","0.6","21.1","0.6","7.3","0.3","6.3","0.4","8.2","0.4","33.3","0.6","33.7","0.7","32.9","0.8","18.3","0.4","21.2","0.6","15.6","0.5","93.7","0.3","93.6","0.4","93.9","0.3","51.6","0.6","54.9","0.7","48.5","0.7","100488","980","48286","628","52202","465","93.5","0.7","92.8","1.0","94.2","0.8","49.7","1.2","45.4","1.5","53.6","1.5","125251","802","60575","456","64676","601","94.3","0.6","93.5","0.8","95.1","0.7","56.4","1.2","56.6","1.5","56.3","1.6","191493","996","93598","633","97895","551","94.8","0.4","94.6","0.5","95.1","0.5","53.3","1.0","58.8","1.0","48.1","1.3","66144","639","29287","384","36857","394","89.6","0.8","91.7","0.9","88.0","1.1","40.2","1.2","54.6","1.6","28.7","1.4","21.7","2.8","20.5","3.1","22.9","3.0","10.6","1.0","9.3","1.4","11.5","1.2","5.9","0.6","4.7","0.8","6.8","0.8","3.2","0.3","3.3","0.4","3.2","0.4","51317","453","64621","1333","41740","703","18779","861","20887","1232","16043","542","30246","1059","34345","2362","26334","1218","41919","795","50368","1305","34885","1193","62421","1179","82957","1671","49653","1004","83457","2126","103440","1350","62076","1790","3.9","(X)","(X)","(X)","(X)","(X)",
"5001400US4804","Congressional District 4 (114th Congress), Texas","61533","772","31626","530","29907","522","18.6","1.3","21.8","1.8","15.2","1.7","33.3","1.4","36.4","2.0","30.1","2.1","43.3","1.4","37.7","2.1","49.2","2.2","4.8","0.7","4.0","1.1","5.5","1.0","472667","1186","228712","703","243955","749","5.7","0.2","6.6","0.3","4.9","0.3","9.4","0.3","9.8","0.4","9.0","0.4","32.8","0.6","33.3","0.8","32.3","0.6","25.3","0.5","24.4","0.7","26.3","0.7","7.1","0.2","6.5","0.3","7.8","0.3","13.1","0.3","12.7","0.4","13.5","0.5","6.5","0.3","6.7","0.4","6.3","0.3","84.9","0.3","83.6","0.5","86.2","0.5","19.6","0.4","19.4","0.6","19.8","0.5","83131","896","41875","519","41256","554","86.6","0.8","85.1","1.2","88.1","1.0","18.0","1.1","15.5","1.3","20.6","1.4","89913","999","44526","663","45387","572","85.1","0.9","82.5","1.4","87.6","1.0","21.3","1.2","19.1","1.5","23.6","1.3","189932","1138","93455","849","96477","509","87.0","0.5","85.2","0.8","88.8","0.7","20.7","0.7","20.2","0.9","21.1","0.9","109691","561","48856","313","60835","372","79.9","0.9","80.1","1.1","79.7","1.2","17.7","0.7","21.6","1.2","14.6","0.8","27.4","1.5","24.7","1.8","30.3","1.9","14.3","0.6","11.8","0.9","16.6","0.8","10.4","0.5","7.9","0.8","12.5","0.8","4.1","0.5","4.0","0.7","4.3","0.7","33125","502","40410","525","26713","482","20990","662","25709","926","13984","871","27503","683","34332","1235","21697","656","33092","776","42525","1204","26270","584","48526","1187","61333","1746","41518","1279","59506","2760","71480","1547","51658","1747","5.0","(X)","(X)","(X)","(X)","(X)",
"5001400US4805","Congressional District 5 (114th Congress), Texas","62924","1419","32781","951","30143","1056","20.7","1.2","24.4","1.8","16.6","1.7","36.6","1.5","38.0","2.2","35.0","2.1","38.9","1.6","34.7","2.1","43.6","2.3","3.8","0.6","3.0","0.8","4.8","0.8","461229","2546","229018","1794","232211","1619","8.7","0.3","9.6","0.4","7.8","0.4","11.6","0.4","12.3","0.5","11.0","0.5","30.9","0.5","31.1","0.8","30.6","0.7","23.6","0.4","22.7","0.6","24.5","0.6","6.2","0.2","5.8","0.3","6.7","0.3","12.7","0.3","12.4","0.4","13.1","0.5","6.3","0.3","6.1","0.3","6.5","0.3","79.7","0.5","78.1","0.6","81.3","0.6","19.0","0.5","18.4","0.5","19.6","0.6","99080","1859","51342","1267","47738","1079","79.6","1.3","77.0","1.6","82.4","1.4","16.7","1.0","14.1","1.0","19.6","1.5","96935","1578","50656","959","46279","1020","77.1","1.1","74.5","1.5","79.8","1.4","18.2","0.9","16.2","1.3","20.4","1.2","176195","1724","88257","1062","87938","1148","82.0","0.7","80.8","0.9","83.2","0.9","20.4","0.7","19.5","1.0","21.2","0.9","89019","949","38763","545","50256","740","78.1","0.9","78.2","1.4","78.1","1.2","19.8","0.9","24.7","1.1","15.9","1.1","27.6","1.6","22.6","1.7","33.0","2.1","14.8","0.8","11.7","1.0","17.7","1.1","11.0","0.7","8.2","0.9","13.4","0.9","3.9","0.4","3.8","0.7","4.0","0.6","31686","382","35105","578","27352","610","20684","464","23659","961","14696","662","27281","629","31982","738","21967","690","33109","821","38714","1039","28522","1005","49514","901","54542","1475","45251","1383","58809","3019","71963","6493","53578","1335","6.5","(X)","(X)","(X)","(X)","(X)",
"5001400US4806","Congressional District 6 (114th Congress), Texas","71591","1921","36178","1313","35413","1174","15.0","1.1","18.1","1.7","11.9","1.3","30.4","1.5","33.0","2.2","27.8","1.9","47.1","1.7","43.0","2.6","51.3","2.2","7.4","0.9","5.9","1.2","9.0","1.3","454089","2753","215651","1707","238438","1736","5.2","0.2","5.5","0.4","4.9","0.3","7.4","0.3","7.7","0.5","7.1","0.3","25.0","0.5","24.4","0.8","25.5","0.7","25.9","0.5","25.5","0.8","26.2","0.7","7.7","0.3","7.6","0.4","7.7","0.5","20.0","0.5","19.8","0.6","20.2","0.6","8.9","0.4","9.5","0.5","8.4","0.4","87.5","0.4","86.8","0.6","88.0","0.4","28.9","0.5","29.3","0.7","28.6","0.6","98389","2081","46977","1389","51412","1241","89.0","0.9","87.5","1.3","90.3","1.1","27.9","1.3","24.3","1.5","31.2","1.8","101611","1700","49040","1156","52571","1082","87.2","0.9","85.5","1.1","88.8","1.2","29.7","1.1","27.3","1.6","31.9","1.4","183123","1885","88528","1261","94595","1199","88.6","0.6","88.0","0.9","89.2","0.6","30.5","0.8","31.7","1.2","29.4","0.9","70966","885","31106","619","39860","673","82.8","1.0","84.6","1.3","81.3","1.3","25.3","1.0","32.9","1.5","19.4","1.2","22.7","1.7","18.5","1.9","26.9","2.0","12.3","0.8","10.6","1.1","13.9","1.0","8.1","0.7","6.5","0.8","9.5","0.9","4.0","0.5","3.6","0.6","4.4","0.6","39321","637","45432","739","32820","723","22631","930","26924","1067","16715","948","31472","683","38286","1260","25025","1219","36995","904","45077","1290","30778","789","51897","654","61283","1140","46702","1063","62923","2094","73469","3464","55267","1775","5.1","(X)","(X)","(X)","(X)","(X)",
"5001400US4807","Congressional District 7 (114th Congress), Texas","60650","2504","30552","1712","30098","1621","16.0","1.4","17.9","2.2","14.1","1.8","26.0","2.2","27.1","3.0","25.0","2.4","41.5","2.2","40.4","2.9","42.7","2.7","16.4","1.3","14.7","2.0","18.3","1.7","480027","3477","233471","2560","246556","2143","6.3","0.3","7.0","0.5","5.7","0.3","4.5","0.3","4.5","0.4","4.6","0.3","16.1","0.6","15.0","0.7","17.2","0.7","19.3","0.4","18.0","0.7","20.6","0.7","5.9","0.3","6.0","0.5","5.8","0.4","28.7","0.6","28.6","0.8","28.8","0.8","19.1","0.5","20.9","0.6","17.3","0.6","89.1","0.4","88.5","0.7","89.7","0.4","47.8","0.7","49.5","0.9","46.1","0.8","120798","3028","61247","2027","59551","1880","88.5","1.0","86.7","1.4","90.3","1.1","45.0","1.7","40.0","2.0","50.3","2.1","111014","2528","54095","1517","56919","1591","86.8","1.1","84.6","1.4","88.8","1.2","46.6","1.4","46.0","1.8","47.2","1.9","178526","2192","87667","1431","90859","1505","91.1","0.6","91.1","0.8","91.1","0.8","50.5","1.0","53.8","1.3","47.2","1.2","69689","1213","30462","892","39227","974","89.2","0.9","92.0","1.1","87.0","1.3","47.4","1.4","62.4","1.8","35.7","1.7","29.1","2.3","24.3","2.6","34.3","2.8","14.5","1.3","12.6","1.5","16.0","1.5","9.4","0.8","8.2","1.0","10.5","1.2","3.9","0.4","3.9","0.5","4.0","0.5","45983","763","53418","1002","37672","952","19507","641","22916","955","14259","836","29004","1568","32947","1799","23121","1858","38588","877","44135","1281","31619","974","59945","1675","77236","4121","48381","1568","85292","2660","110926","3487","62381","1798","4.6","(X)","(X)","(X)","(X)","(X)",
"5001400US4808","Congressional District 8 (114th Congress), Texas","68008","841","35795","691","32213","656","20.0","1.2","23.4","1.9","16.2","1.8","31.7","1.8","35.1","2.4","27.9","2.5","42.8","1.8","37.8","2.4","48.4","3.0","5.5","0.8","3.7","0.9","7.5","1.3","480572","1524","243814","985","236758","945","5.7","0.3","6.4","0.4","4.9","0.3","8.8","0.3","9.4","0.4","8.1","0.4","27.9","0.6","27.8","0.8","28.0","0.7","24.0","0.5","22.5","0.7","25.5","0.7","6.3","0.3","5.7","0.5","6.8","0.5","18.8","0.5","18.6","0.6","19.0","0.8","8.7","0.4","9.5","0.5","7.7","0.4","85.6","0.4","84.1","0.6","87.1","0.5","27.4","0.6","28.1","0.7","26.8","0.8","95271","1183","50180","737","45091","780","84.7","1.0","81.5","1.4","88.2","1.2","25.0","1.5","21.1","1.6","29.4","2.2","104033","1264","54621","811","49412","739","84.9","0.9","83.6","1.3","86.3","1.2","30.4","1.3","27.1","1.5","34.0","1.8","192767","937","98056","642","94711","602","87.3","0.7","85.2","0.8","89.4","0.8","28.7","0.9","30.7","1.1","26.6","1.2","88501","638","40957","432","47544","360","83.6","1.0","85.3","1.2","82.1","1.3","23.9","1.0","31.8","1.6","17.1","1.2","27.2","2.0","21.7","2.2","33.1","2.6","12.6","0.9","10.7","1.2","14.4","1.2","7.5","0.6","5.2","0.7","9.4","0.9","3.1","0.4","2.6","0.6","3.6","0.5","40755","571","50496","660","31652","657","20693","643","25155","1283","14317","946","31397","845","39114","1947","23925","1134","39314","1270","50990","1531","31282","1031","57780","1938","79283","4433","47284","1270","73690","4394","102067","5060","53656","2002","5.0","(X)","(X)","(X)","(X)","(X)",
"5001400US4809","Congressional District 9 (114th Congress), Texas","83189","2413","41839","1626","41350","1833","22.0","1.4","26.3","2.1","17.7","1.7","29.2","1.3","29.9","1.8","28.5","1.8","40.5","1.6","37.2","2.3","43.9","2.3","8.3","0.9","6.6","1.3","10.0","1.2","447750","4324","212844","2856","234906","2385","13.7","0.5","14.4","0.6","13.0","0.6","10.7","0.4","11.2","0.6","10.1","0.5","24.5","0.6","25.1","0.8","24.0","0.9","21.7","0.6","20.5","0.8","22.8","0.8","5.2","0.3","4.8","0.5","5.5","0.3","16.5","0.5","16.0","0.7","16.9","0.6","7.8","0.4","8.1","0.5","7.6","0.5","75.7","0.6","74.4","0.8","76.8","0.7","24.3","0.6","24.1","0.8","24.5","0.7","119606","3148","59887","2069","59719","1738","79.9","1.2","78.0","1.8","81.7","1.4","26.3","1.2","23.3","1.5","29.3","1.6","103753","2706","51830","1742","51923","1477","72.0","1.3","70.0","1.7","74.0","1.5","22.0","1.3","20.8","1.5","23.2","1.7","165239","2615","76608","1868","88631","1502","76.2","1.0","74.5","1.3","77.6","1.2","24.0","0.8","24.3","1.1","23.8","1.2","59152","1312","24519","900","34633","852","72.3","1.5","74.8","2.2","70.5","2.0","25.0","1.3","31.9","1.9","20.1","1.5","28.7","1.4","24.4","1.7","33.1","1.8","19.6","1.2","16.5","1.7","22.7","1.5","14.3","1.2","11.7","1.5","16.4","1.4","8.0","0.8","7.8","1.0","8.1","1.1","28899","613","31153","508","26201","647","19637","509","22252","539","15174","592","24418","650","27083","644","20969","762","31199","642","34267","1411","28540","1216","46180","1437","50084","2035","43114","1916","54971","1989","59870","4608","52563","2027","6.5","(X)","(X)","(X)","(X)","(X)",
"5001400US4810","Congressional District 10 (114th Congress), Texas","67144","2126","34569","1605","32575","1186","15.3","1.3","18.0","1.8","12.5","1.4","29.1","1.6","31.0","2.3","27.0","2.8","45.4","1.9","42.6","2.3","48.3","3.0","10.2","0.9","8.4","1.2","12.2","1.3","479556","4082","235956","2470","243600","2556","6.2","0.3","6.7","0.4","5.8","0.4","6.6","0.3","6.7","0.5","6.5","0.4","23.0","0.5","22.8","0.7","23.2","0.6","21.4","0.5","20.8","0.6","22.0","0.7","6.7","0.3","6.4","0.4","7.0","0.4","23.9","0.5","23.9","0.6","24.0","0.7","12.2","0.4","12.9","0.5","11.5","0.5","87.2","0.5","86.7","0.7","87.7","0.6","36.1","0.5","36.7","0.6","35.5","0.7","106546","2518","53260","1519","53286","1646","88.3","0.9","86.8","1.4","89.7","1.2","38.5","1.4","34.2","1.7","42.8","1.9","108324","2039","55478","1450","52846","1329","87.5","1.0","86.2","1.4","88.9","1.2","40.3","1.4","39.4","1.6","41.3","1.9","185337","2604","92153","1721","93184","1504","88.4","0.7","87.9","0.9","88.9","0.9","35.8","0.8","37.0","0.9","34.5","1.1","79349","1401","35065","805","44284","969","82.5","1.0","83.9","1.4","81.4","1.3","27.9","1.2","35.7","1.6","21.8","1.2","27.1","1.8","23.2","2.2","31.1","2.4","12.1","1.0","11.1","1.2","13.0","1.3","7.6","0.6","5.2","0.7","9.7","0.9","3.5","0.4","3.0","0.5","4.1","0.5","41117","487","48003","976","33655","814","21211","828","25761","998","15259","692","30337","670","33830","1290","24648","1472","38859","1099","46614","1340","31028","838","54507","1024","71465","1548","46326","1050","67349","2162","87043","4099","54633","1993","6.8","(X)","(X)","(X)","(X)","(X)",
"5001400US4811","Congressional District 11 (114th Congress), Texas","74610","769","39570","580","35040","532","20.5","1.2","22.5","1.6","18.2","1.5","34.9","1.5","36.4","2.0","33.2","1.9","39.4","1.7","36.8","2.4","42.4","1.9","5.2","0.6","4.3","0.7","6.2","0.9","465223","699","227512","593","237711","558","8.7","0.3","9.2","0.4","8.2","0.3","10.7","0.4","11.2","0.5","10.2","0.4","30.4","0.5","30.7","0.7","30.1","0.6","24.9","0.5","23.9","0.6","26.0","0.7","6.0","0.2","5.3","0.3","6.7","0.3","13.6","0.4","13.9","0.5","13.4","0.5","5.6","0.3","5.9","0.4","5.4","0.3","80.6","0.4","79.6","0.5","81.6","0.5","19.3","0.4","19.7","0.5","18.8","0.5","95785","710","49825","544","45960","484","84.2","1.0","81.8","1.3","86.9","1.2","18.6","1.1","16.0","1.4","21.5","1.5","81653","583","41355","428","40298","403","81.0","1.0","80.9","1.4","81.0","1.5","18.6","1.0","17.3","1.3","19.9","1.3","180036","752","88204","450","91832","512","81.1","0.7","79.0","0.9","83.2","0.9","19.6","0.6","19.6","0.9","19.5","0.8","107749","476","48128","290","59621","358","76.3","0.7","77.2","0.9","75.6","1.0","19.8","0.8","25.9","1.0","15.0","1.0","21.8","1.2","17.7","1.3","25.9","1.8","12.1","0.7","9.5","0.9","14.6","1.0","8.8","0.6","6.2","0.8","11.0","0.9","4.1","0.5","3.4","0.6","4.9","0.7","33220","463","42972","772","24637","480","22333","693","31510","1009","14960","704","30046","659","39063","1381","20414","735","33472","745","45733","1525","25666","539","45919","1190","57423","2633","38726","1039","55301","1506","72856","3582","48044","1948","5.7","(X)","(X)","(X)","(X)","(X)",
"5001400US4812","Congressional District 12 (114th Congress), Texas","69750","1803","34610","1213","35140","1184","15.2","1.1","19.0","1.6","11.4","1.3","31.4","1.4","33.1","2.2","29.8","2.0","43.1","1.7","39.1","2.4","47.0","2.3","10.3","1.1","8.8","1.3","11.8","1.5","473569","2942","227571","1836","245998","1952","4.6","0.3","4.9","0.4","4.4","0.3","7.5","0.4","7.7","0.5","7.4","0.5","25.9","0.5","25.6","0.7","26.2","0.6","25.9","0.5","25.6","0.7","26.1","0.6","7.1","0.3","6.6","0.4","7.5","0.4","19.5","0.4","19.4","0.6","19.6","0.6","9.5","0.3","10.2","0.4","8.8","0.4","87.8","0.5","87.5","0.5","88.2","0.6","29.0","0.5","29.7","0.6","28.4","0.7","109484","2507","53770","1665","55714","1230","89.5","1.0","88.3","1.3","90.7","1.2","29.6","1.2","25.7","1.5","33.4","1.5","97635","1987","48301","1297","49334","1153","88.1","0.8","87.5","1.1","88.6","1.2","31.1","1.3","29.7","1.6","32.4","1.6","183295","1914","89310","1233","93985","1328","88.4","0.8","87.8","0.9","89.0","1.0","28.8","0.8","30.1","1.1","27.6","1.0","83155","1091","36190","660","46965","802","84.1","1.0","85.3","1.4","83.2","1.2","26.2","1.0","34.5","1.4","19.9","1.3","22.5","1.6","18.5","2.1","26.3","1.9","12.1","0.9","10.7","1.3","13.3","1.0","7.9","0.6","5.8","0.7","9.7","0.8","3.4","0.4","3.0","0.5","3.8","0.5","40333","449","47427","977","32024","519","22855","1159","26893","1443","16764","1003","30782","540","37096","1211","24705","860","38107","1045","46588","1310","30505","806","53358","790","65891","1856","47142","1046","65532","1773","82405","2710","54997","1937","5.2","(X)","(X)","(X)","(X)","(X)",
"5001400US4813","Congressional District 13 (114th Congress), Texas","70296","626","37991","429","32305","365","17.2","1.0","19.7","1.4","14.2","1.2","34.3","1.3","38.8","1.9","29.0","2.1","43.4","1.3","37.6","1.8","50.2","2.0","5.1","0.8","3.8","1.2","6.6","1.0","454073","797","227291","646","226782","554","7.2","0.2","8.0","0.3","6.3","0.3","10.0","0.4","10.4","0.5","9.6","0.4","30.1","0.4","31.1","0.7","29.1","0.5","26.0","0.5","25.5","0.6","26.4","0.5","7.0","0.3","6.1","0.3","7.9","0.4","13.8","0.3","12.8","0.5","14.8","0.5","5.9","0.2","6.1","0.3","5.8","0.3","82.8","0.4","81.6","0.6","84.1","0.5","19.7","0.4","18.9","0.5","20.6","0.5","94857","667","50239","562","44618","419","83.8","0.9","80.9","1.3","87.1","1.1","18.7","0.9","14.5","1.0","23.5","1.2","84736","579","44242","374","40494","356","82.8","0.9","81.1","1.4","84.6","1.1","20.4","0.8","17.3","1.0","23.8","1.2","176343","697","89380","466","86963","408","84.3","0.6","83.6","0.8","85.0","0.8","20.6","0.7","20.0","0.8","21.2","0.8","98137","402","43430","308","54707","257","79.3","0.7","78.7","1.1","79.7","0.9","18.5","0.7","23.3","1.0","14.8","0.9","26.3","1.3","22.5","1.7","30.3","1.7","13.2","0.7","11.0","0.9","15.2","0.8","9.3","0.5","6.6","0.7","11.6","0.7","3.6","0.4","3.2","0.6","4.0","0.5","32454","393","40136","462","25855","347","21007","574","25862","736","14739","661","27522","638","35420","826","20523","495","33039","629","42596","925","26364","458","46262","686","57838","3005","40725","643","56095","1689","67229","3197","50175","1662","4.9","(X)","(X)","(X)","(X)","(X)",
"5001400US4814","Congressional District 14 (114th Congress), Texas","67182","753","35255","580","31927","460","17.7","1.4","20.4","1.9","14.7","1.8","34.6","1.6","37.0","2.0","31.9","2.3","40.9","1.9","37.1","2.3","45.1","2.5","6.8","0.7","5.4","0.9","8.4","1.2","468934","1550","235941","1055","232993","934","6.4","0.3","7.0","0.4","5.8","0.3","8.9","0.3","9.7","0.4","8.0","0.5","29.6","0.6","30.5","0.8","28.6","0.8","25.2","0.5","24.2","0.7","26.2","0.7","7.8","0.3","7.0","0.4","8.5","0.4","15.0","0.4","14.2","0.6","15.9","0.5","7.1","0.3","7.3","0.4","7.0","0.4","84.7","0.4","83.3","0.6","86.2","0.5","22.1","0.5","21.5","0.7","22.8","0.6","97227","1079","50944","760","46283","521","85.6","1.0","82.3","1.4","89.1","1.2","21.4","1.1","17.0","1.3","26.2","1.4","91986","811","47828","548","44158","558","82.8","1.2","80.3","1.5","85.5","1.5","22.7","1.0","19.3","1.2","26.4","1.3","192861","974","98364","664","94497","556","87.2","0.5","85.9","0.8","88.6","0.7","23.3","0.8","23.1","1.0","23.4","1.0","86860","575","38805","396","48055","412","80.2","1.0","81.7","1.4","79.1","1.1","19.9","0.8","25.9","1.3","15.1","1.0","27.9","1.4","25.8","1.7","30.1","2.0","15.0","0.7","11.3","0.8","18.6","0.9","9.8","0.6","7.1","0.8","12.1","0.7","4.1","0.5","3.5","0.7","4.6","0.7","37105","651","46430","1077","28589","1026","19455","985","24967","1235","13304","855","27966","1257","35699","1171","20962","680","37629","1021","50117","1437","29287","1251","55002","1354","72712","4775","46446","1081","66425","2534","90957","5732","54951","1876","5.6","(X)","(X)","(X)","(X)","(X)",
"5001400US4815","Congressional District 15 (114th Congress), Texas","80029","1209","40769","989","39260","900","22.8","1.5","24.1","1.9","21.5","1.9","29.8","1.5","32.0","2.1","27.5","2.0","42.6","1.7","40.5","2.6","44.8","2.1","4.8","0.7","3.5","0.8","6.2","1.2","415141","2293","199569","1584","215572","1398","18.9","0.5","17.5","0.7","20.3","0.6","12.7","0.5","13.3","0.7","12.2","0.6","25.5","0.6","26.7","0.9","24.5","0.7","19.2","0.5","19.6","0.6","18.8","0.7","5.3","0.3","5.2","0.4","5.4","0.3","13.1","0.5","12.5","0.6","13.6","0.6","5.2","0.3","5.3","0.4","5.1","0.4","68.3","0.6","69.2","0.8","67.5","0.7","18.3","0.5","17.8","0.7","18.7","0.7","99407","1424","50508","1053","48899","818","77.7","1.3","76.7","1.7","78.7","1.5","18.3","1.1","14.7","1.3","21.9","1.5","96894","1331","47661","895","49233","785","73.6","1.3","73.8","1.7","73.4","1.5","21.8","1.2","19.5","1.3","24.1","1.6","144765","1470","68018","913","76747","907","67.3","1.0","68.4","1.4","66.4","1.2","18.7","0.8","19.1","1.1","18.2","1.0","74075","1148","33382","616","40693","795","51.0","1.2","53.1","1.7","49.2","1.6","12.9","1.0","17.2","1.5","9.4","1.1","40.9","1.4","36.5","1.8","44.5","1.7","20.4","1.2","18.2","1.6","22.6","1.6","13.9","0.9","11.3","1.3","16.3","1.3","5.4","0.8","4.6","0.9","6.0","1.1","25808","541","30393","700","21544","506","14110","481","17041","833","11474","432","22811","808","27433","1273","18224","837","28718","1077","34145","1995","24225","964","46187","890","51597","922","43039","1074","56472","1767","61538","2059","53481","1683","5.5","(X)","(X)","(X)","(X)","(X)",
"5001400US4816","Congressional District 16 (114th Congress), Texas","83246","764","44023","624","39223","475","15.0","1.0","15.3","1.2","14.6","1.6","30.3","1.5","34.7","2.3","25.3","1.6","48.8","1.4","44.8","2.0","53.2","1.7","6.0","0.8","5.2","1.3","6.9","0.9","432472","1203","203492","806","228980","833","14.2","0.4","11.4","0.5","16.7","0.5","8.8","0.3","8.7","0.4","8.9","0.4","23.8","0.5","24.8","0.7","22.9","0.7","23.2","0.5","24.8","0.7","21.9","0.7","7.4","0.3","7.3","0.5","7.4","0.5","15.3","0.4","15.0","0.6","15.7","0.5","7.3","0.3","8.1","0.4","6.5","0.4","77.0","0.5","79.8","0.6","74.4","0.6","22.6","0.5","23.0","0.7","22.2","0.6","101231","973","51470","662","49761","571","88.6","0.7","88.9","0.9","88.3","1.2","24.6","1.0","20.9","1.4","28.4","1.4","92837","763","44754","514","48083","522","84.4","0.9","85.4","1.3","83.5","1.3","25.9","1.3","24.5","1.6","27.2","1.7","158593","788","74053","447","84540","539","76.7","0.8","78.8","1.1","74.8","1.1","23.4","0.7","25.0","1.1","22.0","1.0","79811","558","33215","358","46596","408","54.1","1.3","60.6","1.7","49.5","1.6","14.6","0.8","19.8","1.4","10.8","0.9","33.7","1.3","29.3","1.9","36.7","1.5","18.0","1.0","15.1","1.4","20.8","1.3","12.3","0.7","8.8","0.9","15.6","1.0","5.7","0.6","5.1","0.7","6.3","0.8","27865","618","34061","873","22284","376","15498","495","19100","847","12450","460","22250","505","26539","666","17432","704","29225","1028","36690","1062","22856","764","45878","1011","51972","1475","40879","1240","59961","1692","69723","3724","52679","1631","4.5","(X)","(X)","(X)","(X)","(X)",
"5001400US4817","Congressional District 17 (114th Congress), Texas","118275","1124","60286","733","57989","757","9.8","0.7","10.8","1.0","8.7","1.0","20.3","1.1","21.7","1.5","18.9","1.5","59.8","1.3","58.9","1.7","60.7","2.0","10.1","0.8","8.6","0.9","11.6","1.2","433522","2206","210196","1556","223326","1492","6.5","0.3","7.0","0.4","6.0","0.3","8.7","0.3","8.9","0.5","8.6","0.4","26.2","0.6","26.5","0.8","26.0","0.7","22.7","0.5","21.7","0.7","23.7","0.6","7.2","0.3","6.6","0.5","7.8","0.4","18.1","0.5","17.8","0.7","18.5","0.6","10.4","0.3","11.4","0.5","9.5","0.4","84.7","0.4","84.1","0.6","85.4","0.5","28.5","0.6","29.2","0.8","28.0","0.7","106964","1824","54093","1225","52871","1090","87.2","0.7","86.3","1.2","88.1","1.0","33.6","1.3","31.0","1.6","36.2","1.7","86476","1145","43054","711","43422","880","84.7","0.9","83.3","1.2","86.0","1.2","30.3","1.3","29.1","1.7","31.5","1.7","160349","1378","78162","883","82187","760","85.9","0.6","84.4","0.9","87.2","0.8","26.9","0.8","27.7","1.0","26.2","1.0","79733","678","34887","475","44846","488","79.3","0.8","80.7","1.2","78.2","1.0","23.1","1.1","29.7","1.6","18.0","1.2","28.2","1.2","23.4","1.4","32.8","1.8","14.8","0.9","12.4","1.1","17.1","1.0","11.3","0.7","9.8","0.9","12.5","0.9","5.6","0.6","5.8","0.8","5.4","0.7","33141","557","39435","854","27369","541","20240","653","25065","933","14364","690","26348","746","32390","1134","21368","611","32171","610","39417","1294","26921","631","45910","1059","54200","1304","40745","871","56349","1784","67500","3312","49401","3301","5.9","(X)","(X)","(X)","(X)","(X)",
"5001400US4818","Congressional District 18 (114th Congress), Texas","77921","1955","40155","1623","37766","1443","21.8","1.3","26.5","1.8","16.8","1.7","31.4","1.5","32.8","1.9","29.8","1.9","40.8","1.6","35.6","2.2","46.3","2.2","6.1","0.7","5.2","1.0","7.0","0.9","447168","4044","218066","2760","229102","2519","12.5","0.4","13.4","0.6","11.6","0.5","12.8","0.4","14.0","0.6","11.7","0.5","28.2","0.5","28.7","0.7","27.7","0.7","21.4","0.5","19.7","0.7","23.0","0.7","5.2","0.3","4.6","0.3","5.7","0.4","12.8","0.4","12.6","0.6","13.0","0.5","7.1","0.3","7.0","0.3","7.3","0.4","74.7","0.5","72.6","0.7","76.7","0.6","19.9","0.5","19.6","0.6","20.3","0.6","126214","2639","63261","1838","62953","1675","80.1","1.1","76.8","1.5","83.5","1.2","24.0","1.1","22.3","1.3","25.8","1.5","98779","2115","50783","1327","47996","1310","73.3","1.2","71.1","1.5","75.7","1.6","19.3","0.9","18.6","1.3","20.1","1.4","160325","2271","78134","1458","82191","1461","74.2","0.8","72.1","1.2","76.1","1.0","18.4","0.7","17.8","1.1","18.9","0.8","61850","1339","25888","893","35962","918","67.2","1.2","67.0","1.9","67.4","1.5","16.5","1.0","20.3","1.5","13.8","1.2","31.8","1.1","26.3","1.4","37.7","1.5","21.7","1.0","17.9","1.2","25.2","1.3","15.8","0.9","13.3","1.2","17.8","1.3","5.3","0.5","5.2","0.8","5.4","0.7","30300","320","32414","472","26362","447","19095","497","22439","846","14149","584","25458","601","30037","1120","20678","686","30929","540","34925","1512","27426","745","52373","1241","61632","1810","47330","1676","70111","3102","88522","5795","57239","4998","6.3","(X)","(X)","(X)","(X)","(X)",
"5001400US4819","Congressional District 19 (114th Congress), Texas","97006","472","51515","400","45491","289","13.1","0.8","14.7","1.1","11.4","1.1","26.5","1.0","28.2","1.5","24.6","1.5","52.5","1.2","50.5","1.6","54.7","2.1","7.9","0.6","6.6","1.0","9.4","1.0","434563","772","217432","769","217131","370","9.4","0.3","9.9","0.4","8.9","0.4","10.4","0.3","11.5","0.5","9.4","0.4","28.6","0.5","29.2","0.6","28.1","0.7","24.0","0.5","23.4","0.6","24.6","0.6","6.1","0.3","5.4","0.3","6.8","0.4","14.2","0.4","13.1","0.5","15.3","0.5","7.2","0.3","7.4","0.3","6.9","0.3","80.1","0.4","78.6","0.6","81.7","0.5","21.4","0.5","20.6","0.6","22.2","0.6","98468","636","52799","490","45669","326","84.2","0.8","80.9","1.3","88.0","1.0","22.1","1.1","18.8","1.3","25.9","1.5","81216","532","42531","424","38685","321","81.8","1.0","79.1","1.2","84.9","1.3","21.3","1.2","17.9","1.3","25.0","1.5","163001","679","82128","548","80873","336","80.4","0.6","79.1","0.9","81.6","0.8","21.7","0.6","21.2","0.9","22.3","0.8","91878","387","39974","206","51904","287","73.9","0.8","73.8","1.2","74.0","1.0","20.1","0.7","24.5","1.1","16.6","1.0","25.7","1.1","21.3","1.3","30.1","1.7","13.8","0.8","11.1","1.0","16.3","1.1","10.4","0.6","7.6","0.7","12.9","0.8","4.7","0.5","4.3","0.8","5.2","0.7","30612","385","36964","642","24634","526","19367","712","24910","990","13318","820","26538","439","32538","991","20389","588","30597","584","38199","1190","24700","726","42954","1166","52735","1662","37812","1041","53964","2059","65666","3038","45796","1868","6.1","(X)","(X)","(X)","(X)","(X)",
"5001400US4820","Congressional District 20 (114th Congress), Texas","88976","1887","46654","1379","42322","1190","15.2","1.1","16.3","1.5","13.9","1.3","30.9","1.4","35.1","2.0","26.2","1.7","46.7","1.5","43.3","2.2","50.4","1.8","7.3","0.8","5.3","0.9","9.5","1.3","448062","2862","213929","1838","234133","2265","9.6","0.3","9.1","0.5","10.1","0.4","9.8","0.4","10.0","0.5","9.5","0.5","26.0","0.5","25.9","0.7","26.1","0.7","24.3","0.6","23.7","0.8","24.8","0.6","7.0","0.3","7.1","0.4","7.0","0.4","15.2","0.4","15.8","0.6","14.7","0.6","8.0","0.3","8.3","0.4","7.8","0.4","80.6","0.5","80.9","0.6","80.4","0.6","23.2","0.5","24.1","0.7","22.4","0.6","115571","2086","58671","1299","56900","1430","87.7","0.9","86.5","1.3","89.0","1.1","27.9","1.2","25.7","1.5","30.2","1.7","96053","1607","46818","1243","49235","957","83.7","1.0","83.7","1.4","83.6","1.1","24.8","1.0","24.3","1.4","25.4","1.3","162188","1846","77355","1145","84833","1262","79.8","0.8","78.7","1.1","80.9","1.0","21.6","0.7","23.1","1.0","20.3","0.8","74250","1197","31085","695","43165","882","67.3","0.9","71.5","1.4","64.3","1.5","17.4","0.8","23.7","1.3","12.8","1.0","28.4","1.5","25.0","1.9","31.5","1.5","16.0","1.0","12.8","1.2","18.9","1.3","10.8","0.6","7.5","0.8","13.7","0.9","6.3","0.7","6.9","0.9","5.6","0.8","31207","406","34280","717","27515","550","18660","748","21906","693","14565","734","25630","480","28680","1174","22016","699","31555","568","36262","873","27379","653","48425","1206","52213","1871","44829","1576","60519","2307","69921","2718","53856","1834","6.0","(X)","(X)","(X)","(X)","(X)",
"5001400US4821","Congressional District 21 (114th Congress), Texas","81958","2305","41447","1582","40511","1611","9.1","0.8","9.4","1.3","8.8","1.1","23.0","1.1","25.7","1.7","20.1","1.7","56.0","1.4","54.4","2.1","57.7","1.9","11.9","1.0","10.5","1.3","13.3","1.2","497318","3395","240109","2089","257209","2051","3.3","0.2","3.2","0.3","3.3","0.3","4.0","0.2","4.0","0.3","4.0","0.3","18.6","0.4","17.5","0.6","19.6","0.6","23.0","0.5","23.1","0.7","22.8","0.7","6.8","0.3","6.7","0.4","6.8","0.4","28.1","0.5","28.0","0.9","28.2","0.6","16.3","0.4","17.5","0.6","15.2","0.6","92.7","0.3","92.8","0.5","92.6","0.4","44.4","0.7","45.4","1.0","43.4","0.7","111442","2238","56526","1535","54916","1311","94.5","0.6","94.2","0.9","94.7","0.7","46.3","1.5","42.2","2.1","50.6","1.8","91982","1954","45899","1413","46083","1106","93.5","0.6","93.5","0.9","93.6","1.0","47.4","1.6","45.2","2.1","49.5","1.8","190020","1911","91015","1296","99005","1137","93.1","0.6","92.7","0.8","93.4","0.6","44.3","0.9","45.2","1.1","43.5","1.2","103874","1179","46669","836","57205","701","89.5","0.7","90.6","0.9","88.6","1.0","39.7","1.1","50.0","1.3","31.3","1.4","27.0","1.9","21.8","2.4","31.8","2.6","12.1","1.1","10.0","1.1","13.8","1.7","8.4","0.6","7.5","0.9","9.2","0.8","4.3","0.4","4.0","0.5","4.7","0.5","40412","520","47234","1021","34095","659","17362","1013","22641","1827","12965","1197","27075","624","31259","973","23026","1109","34225","790","40601","1168","28423","1265","50338","744","60318","1731","42903","1190","67083","1678","84194","3657","55037","1750","4.9","(X)","(X)","(X)","(X)","(X)",
"5001400US4822","Congressional District 22 (114th Congress), Texas","61447","1707","31584","1028","29863","1206","15.2","1.4","16.2","2.0","14.2","1.9","26.1","1.8","29.0","2.5","23.1","2.4","48.3","2.2","47.1","2.9","49.6","2.8","10.4","1.1","7.8","1.5","13.1","2.0","477527","2913","230321","1777","247206","1739","5.1","0.3","4.9","0.4","5.2","0.4","5.7","0.3","6.0","0.5","5.5","0.4","18.1","0.5","17.6","0.6","18.6","0.6","22.0","0.5","21.7","0.7","22.2","0.7","7.2","0.3","6.6","0.4","7.7","0.5","26.7","0.6","26.7","0.7","26.8","0.9","15.2","0.5","16.5","0.7","14.0","0.6","89.2","0.4","89.1","0.5","89.3","0.6","41.9","0.6","43.2","0.7","40.7","0.9","98575","2140","47539","1275","51036","1281","90.8","0.9","89.3","1.2","92.2","1.2","41.5","1.5","36.8","1.8","46.0","2.2","118994","1942","57980","1104","61014","1305","91.0","0.9","90.1","1.0","91.8","1.2","47.5","1.4","46.3","1.9","48.7","1.7","192441","1693","94930","1069","97511","1026","90.2","0.6","90.1","0.7","90.2","0.8","42.7","0.9","45.4","1.2","40.0","1.2","67517","1017","29872","663","37645","774","81.0","1.4","83.6","1.9","78.9","1.7","30.4","1.5","40.4","2.5","22.5","1.7","19.8","2.2","16.7","2.3","22.7","2.6","8.8","0.8","7.4","1.0","10.1","1.2","6.8","0.7","5.0","0.9","8.4","0.9","2.4","0.3","2.2","0.4","2.6","0.4","50598","567","61266","903","40702","757","22326","1483","28190","2180","15818","1305","33258","1412","41142","1599","26804","1096","42441","1058","52852","1506","34550","1274","65648","1755","86299","2068","50998","853","82376","2432","102513","2664","65659","2545","5.5","(X)","(X)","(X)","(X)","(X)",
"5001400US4823","Congressional District 23 (114th Congress), Texas","72535","1689","39489","1186","33046","1046","21.7","1.4","24.2","1.8","18.8","1.9","34.2","1.5","38.2","2.2","29.4","1.9","39.5","1.7","33.6","2.1","46.6","2.3","4.5","0.6","3.9","0.7","5.2","0.9","439821","2633","216972","1889","222849","1634","15.2","0.4","14.5","0.6","15.8","0.5","10.9","0.4","11.5","0.6","10.3","0.5","25.9","0.5","26.7","0.7","25.2","0.6","20.7","0.5","20.5","0.6","20.9","0.7","6.5","0.3","6.2","0.5","6.8","0.4","13.6","0.4","13.0","0.5","14.1","0.6","7.2","0.3","7.5","0.4","6.9","0.4","73.9","0.5","74.0","0.7","73.8","0.6","20.8","0.5","20.5","0.6","21.0","0.6","97403","2023","50012","1283","47391","1282","84.4","0.9","81.7","1.3","87.2","1.3","19.4","1.1","15.6","1.4","23.5","1.5","94543","1763","47867","1180","46676","1010","79.5","1.0","78.9","1.3","80.0","1.4","23.8","1.1","21.4","1.3","26.2","1.5","165782","1582","80938","985","84844","1049","72.7","0.9","72.5","1.1","72.9","1.0","21.4","0.7","21.8","0.9","21.0","0.9","82093","1111","38155","749","43938","796","57.4","1.1","60.5","1.5","54.7","1.2","17.6","0.9","23.2","1.4","12.8","1.0","30.8","1.5","26.4","1.6","34.8","1.9","16.1","0.9","13.5","1.1","18.7","1.2","10.6","0.8","7.3","0.9","13.6","1.0","3.8","0.6","3.1","0.7","4.4","0.8","30135","475","36703","740","22751","665","16808","479","21423","768","11915","596","25257","585","31041","820","18612","701","31753","775","39890","1295","25133","734","49019","1210","61925","2429","41515","1359","66472","2879","86784","6045","55658","1831","5.3","(X)","(X)","(X)","(X)","(X)",
"5001400US4824","Congressional District 24 (114th Congress), Texas","59345","1745","30060","1380","29285","1311","17.8","1.5","20.3","2.0","15.3","1.6","26.8","1.4","29.2","2.4","24.5","1.9","41.4","1.8","38.7","2.3","44.2","2.2","13.9","1.1","11.8","1.5","16.1","1.7","496678","2813","238992","2448","257686","1985","5.1","0.3","5.2","0.4","4.9","0.3","5.3","0.2","5.1","0.3","5.5","0.3","17.8","0.4","17.2","0.6","18.3","0.5","22.1","0.5","20.8","0.6","23.2","0.6","6.9","0.3","6.5","0.4","7.2","0.4","28.6","0.5","29.3","0.7","28.0","0.6","14.3","0.4","15.8","0.6","12.8","0.4","89.6","0.4","89.6","0.5","89.6","0.4","42.9","0.6","45.1","0.7","40.8","0.7","126875","2801","61415","2050","65460","1639","89.4","0.9","87.8","1.1","90.9","1.1","44.0","1.4","41.0","1.8","46.9","1.6","111289","2169","55343","1424","55946","1276","88.4","0.8","88.4","1.1","88.4","1.0","45.7","1.2","46.2","1.7","45.3","1.4","189993","2281","92695","1619","97298","1424","91.0","0.6","91.0","0.7","91.1","0.7","44.1","0.9","47.2","1.0","41.1","1.1","68521","1231","29539","843","38982","944","88.0","0.9","91.5","1.0","85.3","1.3","32.9","1.1","45.5","1.6","23.3","1.3","21.7","2.0","17.9","2.0","25.2","2.5","11.5","1.0","10.0","1.4","12.9","1.2","7.6","0.6","6.2","0.8","8.7","0.8","3.5","0.3","3.0","0.4","4.0","0.5","42622","539","49896","938","36796","678","20504","614","23519","984","16326","873","28852","958","32334","886","25170","779","37660","858","43380","1146","33222","843","56423","955","69654","1772","49433","1109","76965","1721","94890","3764","60861","1730","4.2","(X)","(X)","(X)","(X)","(X)",
"5001400US4825","Congressional District 25 (114th Congress), Texas","75489","2388","38756","1526","36733","1507","13.5","1.1","14.9","1.6","12.0","1.6","29.3","1.3","33.2","2.1","25.0","1.8","48.7","1.7","44.6","2.2","52.9","2.3","8.6","0.9","7.3","1.4","10.0","1.1","468519","2487","227931","1702","240588","1415","4.8","0.3","4.7","0.3","4.8","0.3","6.6","0.2","6.6","0.4","6.6","0.3","23.1","0.5","22.6","0.7","23.5","0.6","23.8","0.5","23.7","0.7","23.9","0.6","7.0","0.3","6.5","0.4","7.4","0.4","22.1","0.5","21.8","0.6","22.5","0.7","12.7","0.4","14.1","0.4","11.4","0.4","88.6","0.3","88.7","0.4","88.6","0.4","34.8","0.5","35.8","0.7","33.9","0.7","98625","1734","49301","1166","49324","1011","89.5","0.9","88.7","1.2","90.2","1.0","33.5","1.1","29.4","1.4","37.7","1.6","100437","1338","49316","939","51121","851","89.4","0.7","89.6","1.0","89.3","0.8","39.0","1.1","37.3","1.4","40.8","1.6","181919","1608","89478","890","92441","1131","89.9","0.5","89.1","0.6","90.7","0.6","35.4","0.8","37.0","1.0","33.9","1.0","87538","844","39836","570","47702","564","84.2","0.7","86.5","0.8","82.2","1.1","30.2","1.0","39.4","1.4","22.6","1.2","26.4","1.8","21.2","2.0","31.2","2.1","12.4","0.9","10.6","1.1","14.0","1.2","8.7","0.6","7.1","0.8","10.2","0.8","4.3","0.5","3.6","0.5","5.0","0.7","39394","577","46599","784","31098","610","20993","778","26680","1426","13729","880","28701","969","34523","1206","22446","911","36160","700","42751","1208","28099","1020","50762","797","66769","1816","41501","962","69515","3732","90949","4597","53983","1759","4.8","(X)","(X)","(X)","(X)","(X)",
"5001400US4826","Congressional District 26 (114th Congress), Texas","70984","1140","35209","710","35775","836","12.0","0.9","15.5","1.4","8.4","1.2","24.2","1.4","27.0","2.0","21.5","1.8","53.5","1.6","49.5","2.3","57.5","2.2","10.3","0.9","7.9","1.1","12.6","1.3","465214","2077","226100","1400","239114","1389","3.4","0.3","3.5","0.3","3.3","0.3","4.2","0.3","4.4","0.4","4.1","0.3","19.4","0.4","18.9","0.6","20.0","0.6","24.8","0.5","24.7","0.8","24.9","0.6","7.9","0.3","7.6","0.4","8.2","0.4","27.9","0.5","28.2","0.7","27.6","0.6","12.3","0.4","12.7","0.5","11.9","0.5","92.4","0.3","92.1","0.5","92.6","0.4","40.2","0.6","40.9","0.8","39.5","0.7","104940","1687","51384","1234","53556","1050","92.4","0.9","91.7","1.2","93.1","1.0","39.7","1.3","35.5","1.8","43.6","1.8","121038","1582","59466","966","61572","988","93.1","0.6","92.5","0.9","93.6","0.7","46.4","1.1","44.7","1.4","48.0","1.5","179952","1518","88750","909","91202","931","93.4","0.4","93.2","0.6","93.7","0.6","39.4","0.9","42.0","1.2","36.8","1.3","59284","796","26500","555","32784","565","87.6","0.9","88.6","1.2","86.7","1.3","31.0","1.4","39.3","1.9","24.3","1.7","19.3","2.5","15.5","2.8","23.1","3.1","7.6","0.6","6.0","0.8","9.1","0.9","5.1","0.5","4.5","0.7","5.6","0.6","3.0","0.3","2.7","0.4","3.4","0.4","47179","692","56095","1037","38273","826","21879","1216","25909","1441","16217","806","33557","958","39564","1380","27278","1211","42061","821","51849","1112","34817","1013","58888","1828","76784","1684","48438","893","72732","1913","95791","3727","57020","2819","4.3","(X)","(X)","(X)","(X)","(X)",
"5001400US4827","Congressional District 27 (114th Congress), Texas","67406","636","34483","455","32923","414","19.1","1.4","21.6","2.0","16.4","1.5","36.3","1.7","39.6","2.2","32.8","2.2","38.7","1.6","33.6","2.1","44.1","2.3","5.9","1.0","5.2","1.2","6.7","1.3","462837","1237","224365","733","238472","789","9.4","0.3","9.1","0.4","9.6","0.4","10.7","0.4","10.8","0.5","10.6","0.5","30.1","0.5","30.9","0.7","29.4","0.6","24.3","0.5","24.5","0.6","24.2","0.6","7.2","0.3","6.8","0.4","7.6","0.4","12.2","0.4","11.8","0.4","12.5","0.5","6.1","0.2","6.2","0.3","6.1","0.3","80.0","0.4","80.1","0.6","79.8","0.6","18.3","0.4","17.9","0.6","18.6","0.5","93254","724","46963","517","46291","507","84.7","1.1","82.7","1.5","86.8","1.3","17.3","0.9","14.6","1.2","20.0","1.2","84303","678","41497","497","42806","420","82.3","1.0","82.0","1.4","82.5","1.4","18.4","1.1","17.3","1.3","19.6","1.5","185271","768","91531","527","93740","451","81.7","0.7","81.0","0.9","82.4","0.9","18.9","0.7","18.0","0.9","19.9","0.9","100009","604","44374","388","55635","392","70.3","0.8","73.8","1.2","67.6","1.2","17.9","0.8","22.0","1.1","14.6","0.9","27.9","1.3","23.1","1.6","32.5","1.8","13.1","0.7","10.3","1.0","15.8","1.1","9.7","0.6","7.0","0.8","12.2","0.8","3.9","0.5","3.2","0.6","4.6","0.6","31495","408","40861","632","24205","583","19153","656","24038","1353","13639","606","26839","588","36300","1338","19697","579","33010","845","43071","1367","25870","618","47800","1137","59604","3430","41223","1082","56773","2096","65986","2969","52082","1494","4.6","(X)","(X)","(X)","(X)","(X)",
"5001400US4828","Congressional District 28 (114th Congress), Texas","73860","1332","37857","900","36003","873","22.1","1.3","22.8","1.8","21.4","1.4","32.1","1.2","34.1","1.7","30.1","1.7","41.6","1.5","39.6","1.8","43.7","2.0","4.2","0.5","3.6","0.7","4.8","0.8","417932","2301","198334","1665","219598","1476","17.6","0.5","16.6","0.6","18.6","0.6","12.4","0.4","12.8","0.6","12.0","0.5","26.1","0.5","27.3","0.8","25.0","0.6","20.3","0.4","20.3","0.6","20.2","0.7","6.4","0.3","6.4","0.5","6.5","0.4","11.9","0.4","11.0","0.5","12.7","0.5","5.3","0.3","5.5","0.4","5.0","0.3","70.0","0.6","70.6","0.8","69.4","0.7","17.2","0.4","16.5","0.5","17.7","0.5","94548","1599","46600","994","47948","969","79.8","1.1","79.3","1.5","80.2","1.1","17.4","1.0","14.0","1.1","20.7","1.3","96388","1452","46731","933","49657","822","73.3","1.0","73.4","1.5","73.2","1.5","19.3","1.1","17.6","1.4","20.9","1.3","153184","1532","72371","941","80813","1055","69.0","1.0","69.1","1.3","68.9","1.1","17.7","0.7","17.7","0.9","17.8","0.9","73812","1209","32632","630","41180","854","55.3","1.0","57.6","1.7","53.4","1.4","12.9","0.8","15.9","1.1","10.5","1.0","39.1","1.3","35.4","1.7","42.2","1.4","17.8","1.0","14.7","1.1","20.9","1.3","11.5","0.8","9.2","1.0","13.6","1.0","4.9","0.6","3.7","0.9","5.8","0.8","26915","427","32686","818","21624","503","15619","441","19292","1019","12019","483","24031","756","29848","1167","18169","711","30627","726","38026","1682","24634","665","46453","1084","52038","1265","41910","1125","57756","3379","68069","6133","53020","1374","5.0","(X)","(X)","(X)","(X)","(X)",
"5001400US4829","Congressional District 29 (114th Congress), Texas","84495","2256","44318","1629","40177","1203","27.5","1.4","31.1","2.1","23.5","1.8","35.2","1.4","36.3","2.0","34.0","2.0","34.8","1.7","30.8","2.2","39.3","2.1","2.5","0.6","1.9","0.7","3.3","0.8","410043","3449","205224","2321","204819","2216","24.7","0.5","25.6","0.8","23.8","0.7","17.3","0.6","18.2","0.8","16.3","0.7","28.7","0.6","29.1","0.8","28.3","0.8","16.6","0.4","15.7","0.6","17.6","0.6","3.9","0.2","3.5","0.3","4.4","0.3","6.3","0.3","5.7","0.4","6.9","0.5","2.5","0.2","2.1","0.2","2.8","0.3","58.0","0.7","56.1","1.0","59.9","0.8","8.8","0.4","7.8","0.4","9.7","0.5","113561","2224","60058","1584","53503","1470","68.1","1.5","64.8","2.0","71.8","1.8","10.6","0.9","8.4","0.9","13.1","1.3","98597","2032","49023","1480","49574","1242","56.1","1.4","54.2","1.9","57.9","1.7","8.1","0.7","6.4","0.9","9.8","1.1","146641","2129","73919","1323","72722","1473","55.1","1.0","52.8","1.2","57.4","1.2","8.1","0.5","7.9","0.7","8.3","0.7","51244","1119","22224","655","29020","990","47.7","1.6","47.8","2.0","47.6","2.0","7.8","0.9","9.2","1.3","6.8","1.2","29.4","1.1","24.1","1.2","35.3","1.4","18.8","1.2","15.1","1.4","22.7","1.5","14.0","1.0","9.7","1.1","17.8","1.7","6.5","1.0","7.6","1.6","5.7","1.3","25992","278","29889","543","20682","447","20490","449","24682","624","13966","554","25787","543","30015","1102","20805","580","31407","649","36433","1396","26681","1015","46649","1314","50673","2260","44056","4243","54389","3500","63656","4902","52174","1520","7.5","(X)","(X)","(X)","(X)","(X)",
"5001400US4830","Congressional District 30 (114th Congress), Texas","73864","2152","36719","1360","37145","1284","24.3","1.5","29.0","2.1","19.7","1.8","31.5","1.3","32.7","2.0","30.4","1.8","37.0","1.7","33.4","2.0","40.7","2.5","7.1","0.9","4.9","0.9","9.3","1.4","444131","3122","208798","2332","235333","2004","11.4","0.3","12.6","0.6","10.3","0.4","13.1","0.4","13.5","0.6","12.8","0.5","27.8","0.5","28.8","0.8","26.8","0.6","22.6","0.5","21.2","0.7","23.9","0.6","5.7","0.3","5.4","0.4","6.0","0.4","13.0","0.4","12.7","0.5","13.3","0.5","6.4","0.3","5.8","0.4","6.9","0.4","75.5","0.5","73.9","0.8","76.9","0.6","19.4","0.5","18.5","0.7","20.2","0.6","106055","2279","51010","1553","55045","1419","78.1","1.1","75.6","1.6","80.3","1.2","22.2","0.9","19.5","1.3","24.6","1.2","101629","1635","48785","1233","52844","1005","74.0","1.1","70.9","1.4","76.9","1.5","19.3","1.0","17.6","1.3","20.9","1.5","170409","2026","82079","1396","88330","1324","77.0","0.7","75.3","1.0","78.5","0.9","18.6","0.7","17.7","0.8","19.4","0.9","66038","1076","26924","603","39114","890","69.8","1.2","71.6","1.9","68.6","1.4","17.0","1.0","20.3","1.6","14.8","1.1","30.7","1.4","25.8","1.5","35.6","1.7","21.7","0.9","17.9","1.1","25.3","1.3","14.6","0.9","12.7","1.1","16.0","1.3","6.2","0.7","5.2","0.8","7.0","1.0","31575","357","33497","865","29657","698","21373","365","24689","878","15649","619","26649","562","30287","953","23140","1146","33034","737","36548","1297","31118","563","50283","809","53321","1471","47123","1817","58134","1921","63912","3297","55275","1633","7.0","(X)","(X)","(X)","(X)","(X)",
"5001400US4831","Congressional District 31 (114th Congress), Texas","69505","1135","36027","876","33478","490","12.5","1.3","14.9","2.1","10.0","1.4","36.9","1.7","39.4","2.2","34.1","2.2","44.1","1.8","41.1","2.3","47.3","2.3","6.5","0.9","4.6","1.1","8.6","1.3","466702","1194","225798","807","240904","687","3.9","0.2","4.0","0.3","3.8","0.3","5.0","0.2","5.0","0.3","4.9","0.4","23.9","0.5","23.5","0.7","24.2","0.7","25.8","0.5","25.9","0.7","25.7","0.7","8.8","0.3","8.5","0.4","9.1","0.5","21.9","0.5","21.7","0.7","22.1","0.6","10.7","0.4","11.3","0.5","10.2","0.4","91.1","0.3","90.9","0.5","91.3","0.4","32.6","0.5","33.0","0.7","32.3","0.7","112577","891","56100","669","56477","516","92.0","0.6","90.8","1.1","93.3","0.7","29.7","1.1","25.5","1.7","34.0","1.4","110621","623","55282","461","55339","398","93.4","0.6","92.7","0.9","94.2","0.7","38.5","1.3","37.3","1.7","39.7","1.7","169073","536","81338","316","87735","399","91.6","0.6","91.4","0.7","91.9","0.8","32.3","0.8","33.4","1.1","31.3","1.0","74431","251","33078","145","41353","171","85.1","0.9","87.2","1.2","83.5","1.1","29.1","1.2","37.4","1.6","22.5","1.6","21.0","1.9","19.0","2.6","22.9","2.2","11.6","0.8","10.7","1.3","12.4","1.0","7.4","0.6","5.6","0.7","9.0","0.7","3.2","0.4","3.1","0.7","3.4","0.5","39893","518","46447","821","32735","545","21714","949","25090","1314","15843","812","30030","912","34144","1203","24230","1205","37072","800","42988","1119","31614","699","52173","821","68199","2144","44263","981","65114","2048","86492","2638","49342","1856","4.4","(X)","(X)","(X)","(X)","(X)",
"5001400US4832","Congressional District 32 (114th Congress), Texas","70711","1877","36223","1388","34488","1216","16.2","1.2","18.5","1.5","13.9","1.6","25.3","1.5","29.1","2.1","21.3","1.9","43.5","1.6","40.1","2.3","47.1","2.1","14.9","1.1","12.3","1.3","17.7","1.7","474447","3004","231123","2222","243324","1955","7.2","0.3","7.3","0.5","7.1","0.4","6.9","0.3","7.2","0.5","6.6","0.4","18.2","0.5","17.7","0.7","18.7","0.6","19.9","0.5","18.5","0.7","21.1","0.6","6.1","0.2","5.6","0.4","6.6","0.4","26.5","0.5","26.9","0.7","26.2","0.6","15.2","0.4","16.9","0.5","13.6","0.5","85.9","0.4","85.6","0.6","86.2","0.5","41.7","0.6","43.7","0.8","39.8","0.7","111076","2331","56179","1659","54897","1302","85.7","1.0","83.9","1.4","87.5","1.3","43.7","1.2","40.4","1.6","47.0","1.5","104964","1919","52287","1257","52677","1188","83.7","0.9","82.8","1.3","84.5","1.2","40.4","1.3","40.4","1.6","40.5","1.6","181117","1861","88567","1286","92550","1283","86.9","0.6","87.1","0.9","86.7","0.8","42.1","0.9","44.4","1.1","39.9","1.1","77290","1222","34090","741","43200","864","86.9","0.9","88.6","1.1","85.6","1.1","39.6","1.0","52.5","1.6","29.4","1.4","27.1","1.7","22.8","1.9","31.3","2.3","11.5","0.8","9.3","1.0","13.4","1.0","8.2","0.6","6.8","0.8","9.3","0.9","3.6","0.3","3.5","0.5","3.8","0.4","41209","564","45999","1054","36326","822","19689","781","23160","948","14687","726","28563","1556","31239","936","25483","842","37645","1010","42105","1273","34115","1152","55630","1117","68961","2765","48110","1123","79152","2281","96961","4215","61708","1655","4.9","(X)","(X)","(X)","(X)","(X)",
"5001400US4833","Congressional District 33 (114th Congress), Texas","77937","2325","40402","1587","37535","1409","29.7","1.5","34.6","2.2","24.4","1.6","34.9","1.5","34.9","2.0","35.0","2.2","32.9","1.4","28.8","2.0","37.3","2.1","2.5","0.4","1.7","0.4","3.3","0.6","408854","3380","204945","2418","203909","2096","23.7","0.5","25.1","0.7","22.3","0.6","18.4","0.5","18.9","0.6","18.0","0.6","28.8","0.5","29.4","0.8","28.1","0.7","16.4","0.4","14.6","0.5","18.3","0.7","3.8","0.2","3.4","0.3","4.1","0.3","6.3","0.3","6.2","0.4","6.4","0.4","2.6","0.2","2.3","0.2","2.8","0.2","57.9","0.6","56.0","0.8","59.8","0.7","8.9","0.4","8.6","0.5","9.2","0.4","112384","2461","59360","1542","53024","1392","62.5","1.1","58.6","1.5","66.9","1.5","9.3","0.6","7.8","0.8","10.9","0.9","99405","1911","50117","1280","49288","1321","54.3","1.3","51.9","2.0","56.7","1.6","7.5","0.7","6.9","1.0","8.1","0.9","143129","1884","72801","1387","70328","1206","57.5","0.7","56.6","1.1","58.4","1.0","9.3","0.5","9.2","0.7","9.3","0.7","53936","1324","22667","770","31269","921","55.8","1.5","56.3","2.1","55.5","1.8","9.8","0.9","12.3","1.4","7.9","1.0","29.9","0.9","24.6","1.1","35.8","1.3","21.4","1.1","18.4","1.3","24.5","1.5","16.9","1.0","12.7","1.3","20.2","1.6","10.3","1.2","10.5","1.8","10.0","1.4","23771","392","26040","300","20203","426","20242","293","22642","508","15030","388","23728","684","26492","564","20055","697","28911","973","32153","855","25918","888","39950","1472","42270","2704","38168","2653","50354","2033","51983","2588","48072","4177","8.0","(X)","(X)","(X)","(X)","(X)",
"5001400US4834","Congressional District 34 (114th Congress), Texas","76208","987","40144","699","36064","666","23.7","1.2","23.6","1.7","23.9","1.5","32.0","1.5","34.2","2.0","29.6","2.2","40.4","1.6","39.7","1.8","41.3","2.7","3.8","0.6","2.5","0.7","5.3","1.0","419198","1771","201037","1184","218161","1089","21.0","0.4","19.0","0.6","22.8","0.5","13.8","0.5","15.1","0.7","12.7","0.6","26.4","0.5","27.7","0.7","25.2","0.6","19.0","0.4","19.3","0.7","18.8","0.6","5.3","0.2","5.1","0.3","5.5","0.4","10.1","0.3","9.4","0.5","10.7","0.5","4.3","0.2","4.4","0.3","4.2","0.3","65.2","0.6","65.9","0.8","64.5","0.7","14.4","0.5","13.8","0.6","14.9","0.6","90225","1099","45440","792","44785","660","76.4","1.5","75.4","2.0","77.4","1.7","15.6","1.2","13.1","1.3","18.1","1.7","88725","1040","43239","764","45486","622","71.4","1.2","71.1","1.7","71.6","1.5","15.3","1.0","12.8","1.2","17.7","1.5","152001","1208","73299","811","78702","628","63.4","1.0","63.2","1.4","63.7","1.4","14.6","0.6","14.0","0.9","15.2","0.8","88247","943","39059","501","49188","650","50.5","1.0","54.2","1.6","47.6","1.2","11.8","0.7","15.3","1.0","9.0","0.9","40.2","1.4","35.8","1.7","43.9","1.5","22.7","1.1","19.6","1.5","25.6","1.3","15.5","1.1","12.4","1.3","18.3","1.4","7.1","0.9","7.3","1.4","6.9","1.0","24292","482","29587","937","20059","437","15002","455","18768","732","11304","494","23135","742","28612","1624","17830","893","26892","663","34370","849","21876","637","43952","845","47534","2169","42691","931","55031","1869","61035","3713","51995","2422","6.3","(X)","(X)","(X)","(X)","(X)",
"5001400US4835","Congressional District 35 (114th Congress), Texas","93888","2329","47612","1517","46276","1449","20.2","1.1","23.7","1.7","16.6","1.5","29.6","1.1","31.1","1.7","28.0","1.6","43.9","1.5","40.5","2.1","47.5","2.1","6.3","0.7","4.7","0.8","8.0","1.0","442633","3380","219078","2561","223555","2120","13.6","0.4","14.0","0.6","13.2","0.5","12.0","0.4","12.2","0.5","11.9","0.6","28.1","0.7","29.0","0.8","27.3","0.9","22.4","0.5","21.9","0.7","22.9","0.7","6.4","0.3","6.4","0.4","6.4","0.4","12.5","0.4","11.8","0.6","13.2","0.5","4.9","0.2","4.6","0.4","5.2","0.3","74.3","0.6","73.7","0.7","74.9","0.7","17.4","0.5","16.4","0.7","18.4","0.6","124313","2481","64796","2009","59517","1317","80.3","0.9","78.0","1.3","82.8","1.3","21.1","1.0","18.1","1.5","24.3","1.3","101678","1856","50546","1399","51132","1224","74.7","1.1","73.5","1.5","75.8","1.5","18.5","0.9","16.4","1.3","20.5","1.3","154165","2012","77662","1474","76503","1234","73.7","1.0","72.9","1.3","74.5","1.2","15.6","0.7","15.1","0.8","16.0","0.9","62477","1449","26074","774","36403","1142","63.7","1.3","66.2","1.9","61.9","1.5","12.9","0.9","16.2","1.6","10.5","1.0","34.6","1.5","29.3","1.8","39.9","1.8","18.5","0.8","15.8","1.2","21.2","1.2","12.7","0.7","11.0","1.0","14.2","1.0","7.4","0.8","6.8","1.1","7.9","1.0","26989","324","29707","741","24248","567","17719","532","20967","521","13777","545","24607","621","27230","632","20957","818","30110","644","35552","1212","26153","877","43168","951","46406","2262","41325","971","51763","1066","54473","4071","50649","1008","7.5","(X)","(X)","(X)","(X)","(X)",
"5001400US4836","Congressional District 36 (114th Congress), Texas","64436","1582","33240","1127","31196","961","19.4","1.4","21.0","1.7","17.7","1.8","36.1","1.6","39.5","2.0","32.6","2.5","39.5","1.7","36.0","2.2","43.3","2.5","4.9","0.7","3.5","0.8","6.5","1.0","466394","2355","230266","1684","236128","1475","6.6","0.3","6.8","0.5","6.4","0.3","10.3","0.4","10.9","0.6","9.7","0.4","32.2","0.4","32.7","0.8","31.6","0.6","25.6","0.6","25.4","0.7","25.8","0.7","7.1","0.3","6.3","0.4","8.0","0.5","12.4","0.4","12.2","0.4","12.5","0.5","5.9","0.3","5.6","0.3","6.1","0.4","83.1","0.5","82.3","0.7","83.9","0.5","18.2","0.5","17.8","0.5","18.6","0.6","92554","2079","46853","1481","45701","1251","85.3","1.0","83.9","1.2","86.8","1.3","16.9","1.0","14.3","1.2","19.6","1.4","93140","1511","47178","1105","45962","1036","83.2","1.1","80.9","1.5","85.6","1.4","18.5","1.0","16.8","1.3","20.3","1.4","190512","1510","94736","1041","95776","983","83.8","0.6","83.0","0.9","84.7","0.7","19.4","0.7","19.0","0.8","19.8","0.9","90188","838","41499","568","48689","766","79.1","1.0","80.3","1.4","78.1","1.2","16.7","0.9","20.4","1.3","13.6","1.0","24.3","1.3","19.5","1.6","29.2","1.8","13.3","0.8","10.9","1.0","15.7","1.0","9.0","0.7","6.6","0.8","11.2","0.9","3.5","0.5","3.1","0.6","3.9","0.7","38122","797","47861","1265","27363","960","22599","790","30076","1873","13507","767","31352","672","41082","908","20858","730","39283","1078","52083","1037","28338","1356","55081","1636","74445","2560","46877","1230","62484","1986","83139","3872","54451","1853","5.6","(X)","(X)","(X)","(X)","(X)",
"5001400US4901","Congressional District 1 (114th Congress), Utah","77460","670","39209","502","38251","343","12.3","0.9","14.3","1.3","10.3","1.0","32.6","1.1","36.1","1.7","29.0","1.5","50.3","1.3","47.0","1.8","53.6","1.8","4.8","0.5","2.6","0.5","7.1","0.8","405598","863","201706","597","203892","616","2.7","0.2","2.7","0.3","2.8","0.2","5.6","0.3","5.9","0.3","5.3","0.3","26.2","0.4","25.4","0.6","26.9","0.6","27.9","0.5","26.8","0.6","29.1","0.7","9.3","0.3","8.1","0.4","10.4","0.4","19.5","0.4","19.9","0.5","19.0","0.6","8.9","0.3","11.3","0.4","6.5","0.3","91.7","0.3","91.4","0.4","91.9","0.4","28.3","0.5","31.2","0.6","25.5","0.7","106071","817","54060","495","52011","490","92.3","0.6","91.7","0.9","93.0","0.7","26.9","1.0","26.7","1.4","27.2","1.3","88934","620","45101","413","43833","417","91.3","0.6","90.1","0.9","92.5","0.9","31.1","1.1","32.1","1.3","30.1","1.5","145367","694","72434","466","72933","424","92.7","0.5","92.6","0.6","92.9","0.6","28.8","0.9","32.8","1.1","24.9","1.2","65226","506","30111","318","35115","317","88.8","0.6","90.0","0.8","87.7","0.9","25.8","1.1","34.0","1.3","18.7","1.3","22.1","2.0","19.3","2.4","25.0","2.4","9.9","0.7","9.0","0.9","10.7","0.9","8.2","0.5","7.1","0.6","9.3","0.7","3.7","0.4","3.2","0.4","4.2","0.5","36079","436","47674","683","24407","637","21754","793","26757","969","16225","709","30861","688","39875","1167","21978","769","32691","790","44696","1036","22104","541","46718","1089","60710","1382","31818","1030","67859","1725","81528","1919","50027","1880","3.7","(X)","(X)","(X)","(X)","(X)",
"5001400US4902","Congressional District 2 (114th Congress), Utah","77681","1356","39336","887","38345","885","14.7","1.0","16.9","1.6","12.5","1.2","29.5","1.4","32.8","2.1","26.2","1.6","48.9","1.5","45.4","2.2","52.4","1.9","6.9","0.6","4.9","0.6","8.9","0.9","426150","1782","212505","1351","213645","1281","3.7","0.3","3.7","0.3","3.7","0.3","6.6","0.3","7.0","0.4","6.3","0.4","24.1","0.5","23.4","0.7","24.8","0.6","26.4","0.5","25.9","0.6","26.9","0.6","9.0","0.3","7.9","0.4","10.0","0.5","19.2","0.4","19.0","0.5","19.3","0.6","11.1","0.3","13.1","0.4","9.0","0.4","89.7","0.4","89.3","0.5","90.0","0.5","30.2","0.6","32.1","0.7","28.3","0.7","111301","1491","56483","1027","54818","963","89.4","0.8","89.2","1.1","89.7","1.1","30.9","1.2","29.3","1.5","32.6","1.6","87194","1097","45621","837","41573","720","88.6","0.8","87.8","1.0","89.5","1.2","31.2","1.1","32.2","1.4","30.1","1.5","145119","1344","72158","906","72961","757","90.0","0.6","89.5","0.7","90.6","0.8","29.6","0.9","31.4","1.2","27.8","1.0","82536","770","38243","584","44293","527","90.4","0.7","90.8","0.9","90.1","0.8","29.4","1.0","37.5","1.3","22.3","1.3","26.0","1.9","22.7","2.2","29.4","2.6","13.1","1.0","12.0","1.2","14.0","1.2","10.8","0.7","9.7","0.8","11.8","0.9","6.1","0.4","6.2","0.5","6.1","0.6","32485","459","40589","561","24540","603","20959","807","25277","1148","16132","730","27107","771","33639","1714","21320","622","30191","547","38695","817","21619","570","41778","1065","51498","904","32370","1329","60516","1429","72814","2595","51086","1262","4.2","(X)","(X)","(X)","(X)","(X)",
"5001400US4903","Congressional District 3 (114th Congress), Utah","103266","1091","51241","837","52025","632","9.6","0.6","11.1","0.9","8.1","0.8","21.7","1.1","24.9","1.4","18.5","1.4","61.5","1.1","60.5","1.5","62.4","1.6","7.2","0.6","3.5","0.6","10.9","0.9","383420","1440","188822","1082","194598","919","2.0","0.2","2.0","0.2","2.0","0.2","4.4","0.2","4.4","0.3","4.3","0.3","18.1","0.4","16.6","0.5","19.6","0.6","27.8","0.5","26.3","0.7","29.3","0.6","10.1","0.3","8.7","0.4","11.5","0.4","24.9","0.4","25.0","0.7","24.9","0.6","12.7","0.3","17.0","0.5","8.4","0.4","93.7","0.3","93.6","0.4","93.7","0.3","37.6","0.4","42.0","0.7","33.3","0.5","102315","1420","52115","915","50200","792","93.9","0.5","93.8","0.6","94.0","0.8","35.8","1.1","34.6","1.5","37.1","1.2","83715","883","41504","541","42211","630","93.6","0.6","92.7","0.9","94.5","0.7","40.7","1.0","43.9","1.5","37.6","1.3","134263","1181","66326","723","67937","624","94.6","0.4","94.2","0.6","95.0","0.5","38.2","0.7","44.5","1.2","32.1","0.8","63127","690","28877","424","34250","497","91.3","0.6","93.1","0.7","89.8","0.8","35.1","1.0","47.2","1.5","24.8","1.3","24.5","2.6","21.5","3.1","27.5","2.9","11.2","0.9","9.8","1.2","12.3","1.0","8.5","0.6","8.0","0.7","9.0","0.7","4.7","0.4","4.4","0.5","5.1","0.6","36407","471","49683","787","24004","777","21673","1103","27792","2267","14825","1660","27805","1214","35790","1154","19306","1030","30936","614","41520","843","21353","695","44063","1059","60552","1161","29968","1666","68662","2433","85024","2744","50120","2275","4.0","(X)","(X)","(X)","(X)","(X)",
"5001400US4904","Congressional District 4 (114th Congress), Utah","68031","1501","34418","1085","33613","907","17.2","1.0","18.8","1.7","15.5","1.3","33.7","1.5","37.9","2.3","29.5","1.8","44.1","1.3","40.4","2.0","47.9","1.7","4.9","0.6","2.8","0.6","7.1","1.0","427560","1931","212596","1545","214964","1432","3.4","0.2","3.6","0.3","3.3","0.3","7.2","0.3","8.0","0.4","6.3","0.4","24.3","0.4","23.7","0.6","24.9","0.6","28.3","0.5","27.4","0.6","29.2","0.7","9.8","0.3","8.5","0.4","11.0","0.5","18.8","0.4","19.0","0.6","18.6","0.6","8.3","0.3","9.8","0.4","6.8","0.4","89.4","0.3","88.4","0.5","90.4","0.4","27.0","0.5","28.8","0.7","25.3","0.6","123078","1695","62839","1181","60239","1070","90.4","0.7","88.5","1.0","92.4","0.9","27.2","1.0","25.5","1.2","29.0","1.3","100746","1189","51880","832","48866","765","88.4","0.8","87.6","1.2","89.2","0.9","29.3","1.0","30.7","1.4","27.8","1.3","142954","1395","70939","1014","72015","814","89.8","0.6","89.3","0.7","90.3","0.7","26.4","0.9","28.8","1.3","23.9","0.9","60782","915","26938","605","33844","608","88.0","0.9","87.4","1.3","88.6","1.0","24.6","1.0","32.8","1.7","18.0","1.2","23.5","1.7","19.6","1.9","28.0","2.4","11.2","0.9","9.6","1.0","12.7","1.2","7.5","0.5","6.3","0.6","8.5","0.7","3.6","0.4","3.1","0.5","4.2","0.6","35693","446","44126","739","26616","469","22276","730","26138","782","16924","984","29667","1028","36186","1230","22735","1042","34436","766","44301","1204","25944","640","45768","1469","59209","2025","34502","1373","62947","1841","74089","2244","50882","2001","3.9","(X)","(X)","(X)","(X)","(X)",
"5001400US5000","Congressional District (at Large) (114th Congress), Vermont","66352","296","34292","196","32060","195","9.4","0.6","10.6","1.0","8.2","1.0","29.2","1.1","31.7","1.6","26.4","1.5","49.9","1.2","47.5","1.8","52.6","1.6","11.5","1.0","10.2","1.4","12.8","1.3","434995","304","209965","244","225030","228","2.9","0.2","3.4","0.2","2.5","0.2","5.5","0.2","6.6","0.2","4.4","0.2","30.6","0.4","33.6","0.6","27.7","0.4","17.5","0.3","16.3","0.4","18.5","0.5","8.4","0.2","7.3","0.3","9.4","0.3","21.2","0.4","19.7","0.5","22.7","0.4","14.0","0.3","13.1","0.4","14.8","0.4","91.6","0.2","90.1","0.3","93.1","0.3","35.2","0.5","32.8","0.6","37.5","0.6","70790","363","35203","244","35587","210","93.7","0.5","91.8","0.8","95.5","0.7","37.7","1.2","31.8","1.5","43.5","1.6","74775","314","37078","199","37697","233","94.2","0.5","92.0","0.9","96.3","0.7","38.9","1.1","34.4","1.3","43.3","1.3","190952","383","93299","270","97653","225","93.5","0.3","91.9","0.4","95.1","0.3","35.3","0.7","32.0","0.8","38.4","0.8","98478","203","44385","169","54093","122","84.6","0.7","83.2","0.9","85.8","0.8","30.5","0.9","33.9","1.2","27.7","1.0","24.1","1.8","20.3","1.9","29.3","2.3","11.3","0.5","9.5","0.7","13.2","0.8","9.2","0.4","7.7","0.7","10.4","0.6","4.3","0.3","3.9","0.4","4.6","0.4","35155","297","40397","374","30637","355","22157","742","25126","1447","18261","1329","29129","583","33620","741","23574","627","33239","502","39976","878","28911","982","41481","597","50719","859","35703","816","54834","902","64926","1485","48953","1666","3.7","(X)","(X)","(X)","(X)","(X)",
"5001400US5101","Congressional District 1 (114th Congress), Virginia","71559","1117","37003","797","34556","882","10.0","0.8","10.4","1.3","9.5","1.1","32.9","1.7","38.1","2.1","27.3","2.1","46.4","1.8","41.9","2.4","51.2","2.2","10.8","1.0","9.7","1.3","12.0","1.3","494273","1903","240377","1232","253896","1245","3.4","0.2","3.7","0.3","3.1","0.2","5.7","0.3","6.3","0.4","5.2","0.3","26.1","0.5","26.0","0.7","26.1","0.6","21.9","0.5","20.7","0.6","23.1","0.6","7.7","0.2","6.7","0.3","8.6","0.4","20.8","0.4","20.3","0.6","21.3","0.6","14.4","0.4","16.2","0.5","12.7","0.4","90.9","0.3","90.0","0.5","91.7","0.4","35.2","0.5","36.5","0.7","34.0","0.7","91762","1700","46653","1186","45109","906","93.8","0.6","92.5","1.0","95.0","0.8","33.6","1.3","28.9","1.7","38.6","1.5","100279","1271","48870","975","51409","668","92.6","0.7","91.2","1.2","94.0","0.9","37.6","1.2","35.6","1.5","39.6","1.9","205263","1278","100815","866","104448","807","92.0","0.5","90.7","0.7","93.2","0.5","36.3","0.8","38.5","1.0","34.2","0.9","96969","691","44039","414","52930","488","84.0","0.7","84.4","1.0","83.7","1.0","31.8","1.1","41.0","1.5","24.2","1.2","18.2","1.7","17.6","2.2","18.9","2.3","8.6","0.6","6.3","0.7","10.6","0.9","5.1","0.4","3.6","0.6","6.2","0.6","2.4","0.2","1.8","0.3","2.9","0.4","45104","465","54996","1003","35124","671","23277","1627","26914","1420","18069","1261","31903","661","39030","2012","25592","558","41502","723","52191","1092","32340","873","60973","1216","80270","1558","46338","1432","80571","1508","104581","2863","60303","1793","5.3","(X)","(X)","(X)","(X)","(X)",
"5001400US5102","Congressional District 2 (114th Congress), Virginia","88391","1701","49108","1394","39283","655","8.9","1.0","9.1","1.2","8.5","1.7","32.5","1.3","37.7","1.7","26.0","1.7","50.4","1.3","47.9","1.7","53.6","1.8","8.2","0.7","5.3","0.7","11.9","1.2","480409","1596","232071","1221","248338","901","2.7","0.2","2.7","0.3","2.7","0.2","5.7","0.2","5.9","0.3","5.5","0.3","24.4","0.5","24.5","0.5","24.2","0.6","26.7","0.4","27.5","0.6","26.0","0.6","9.4","0.3","8.7","0.4","10.0","0.4","19.7","0.4","18.6","0.5","20.8","0.5","11.4","0.3","11.9","0.4","10.9","0.4","91.6","0.3","91.4","0.4","91.8","0.3","31.2","0.5","30.6","0.6","31.7","0.6","115233","1090","60291","875","54942","680","94.4","0.6","93.3","0.9","95.6","0.5","29.2","1.0","23.6","1.2","35.3","1.6","91127","867","46322","574","44805","507","93.7","0.6","92.0","0.8","95.5","0.7","34.4","1.1","30.7","1.4","38.2","1.6","185075","928","87800","585","97275","577","92.1","0.4","91.6","0.7","92.6","0.5","32.9","0.7","33.6","0.9","32.2","0.9","88974","525","37658","280","51316","429","84.7","0.8","86.9","1.1","83.1","1.0","26.8","0.8","34.5","1.3","21.2","0.9","20.7","1.6","18.8","2.1","22.5","2.0","9.4","0.7","7.8","0.9","10.8","0.8","7.6","0.5","5.5","0.6","9.4","0.8","3.1","0.3","2.2","0.4","3.8","0.5","38910","439","45731","587","31802","401","21678","783","25603","1768","17216","1319","29952","692","35548","898","23574","868","36579","622","43448","832","30226","609","48895","1067","61570","1118","40801","766","64368","1692","84711","3843","53829","1295","5.0","(X)","(X)","(X)","(X)","(X)",
"5001400US5103","Congressional District 3 (114th Congress), Virginia","101883","2084","50900","1560","50983","929","11.8","0.8","12.5","1.1","11.1","1.1","31.9","1.7","35.8","2.3","28.1","1.8","47.0","1.7","44.6","2.2","49.5","2.1","9.2","0.7","7.1","1.0","11.3","1.1","475484","2201","221732","1619","253752","1445","5.5","0.2","6.0","0.3","5.0","0.3","11.3","0.3","11.1","0.4","11.4","0.4","29.4","0.5","31.9","0.6","27.3","0.6","24.5","0.4","23.8","0.6","25.2","0.6","7.1","0.3","6.0","0.4","8.0","0.4","14.1","0.3","13.6","0.5","14.6","0.4","8.1","0.3","7.6","0.4","8.5","0.4","83.2","0.4","82.9","0.5","83.5","0.5","22.2","0.4","21.2","0.6","23.1","0.5","124853","1348","61974","1006","62879","954","88.6","0.7","88.3","1.0","88.9","0.9","26.6","1.0","23.9","1.4","29.2","1.2","85241","1329","40852","876","44389","758","87.5","0.8","86.3","1.4","88.7","1.0","25.3","1.1","22.1","1.3","28.2","1.5","181904","1445","85235","978","96669","878","83.2","0.6","82.0","0.9","84.2","0.8","20.5","0.7","19.5","0.8","21.3","0.9","83486","814","33671","478","49815","660","71.0","1.0","71.0","1.3","71.0","1.3","16.4","0.7","19.4","1.2","14.3","0.8","31.3","1.5","23.6","1.9","38.0","1.9","18.2","0.8","14.6","1.1","21.9","1.1","13.2","0.7","9.0","0.9","16.4","0.9","6.2","0.5","5.6","0.8","6.6","0.7","31397","260","35469","549","27456","438","18704","724","23891","1406","14549","637","26235","465","30520","567","22069","688","30792","408","36195","929","26759","581","42723","861","47864","1632","39444","1213","54644","1444","65853","3104","50044","1229","7.5","(X)","(X)","(X)","(X)","(X)",
"5001400US5104","Congressional District 4 (114th Congress), Virginia","67627","905","34883","654","32744","576","15.0","1.2","18.3","1.6","11.5","1.6","35.4","1.5","40.3","2.0","30.2","1.9","42.2","1.7","36.3","2.1","48.4","2.3","7.4","0.7","5.2","0.8","9.9","1.2","495088","1323","241474","1001","253614","900","4.4","0.2","4.8","0.3","4.0","0.3","8.9","0.3","9.9","0.5","7.9","0.4","30.1","0.5","32.3","0.7","28.0","0.6","23.5","0.4","22.6","0.6","24.4","0.6","8.3","0.3","7.1","0.4","9.3","0.4","16.0","0.4","14.9","0.5","16.9","0.6","8.9","0.3","8.4","0.4","9.4","0.3","86.7","0.4","85.3","0.5","88.1","0.5","24.9","0.5","23.3","0.6","26.3","0.6","93182","908","48144","711","45038","593","89.2","0.8","86.2","1.2","92.3","0.9","25.6","1.0","20.2","1.3","31.4","1.3","100345","847","50340","612","50005","552","90.8","0.8","88.0","1.3","93.6","0.7","28.9","1.2","24.7","1.5","33.1","1.5","209329","882","102720","702","106609","547","88.5","0.6","86.9","0.7","90.0","0.6","25.5","0.7","24.3","0.8","26.7","1.0","92232","526","40270","337","51962","391","75.8","1.0","76.6","1.3","75.2","1.3","18.2","0.8","23.0","1.1","14.5","1.0","22.0","1.3","18.6","1.6","25.3","1.6","10.3","0.6","8.5","0.8","12.2","0.9","6.7","0.5","4.1","0.5","8.7","0.6","2.7","0.4","1.9","0.4","3.4","0.5","38833","514","45546","729","32345","587","19969","865","22340","1281","16190","1120","31286","649","37398","1005","24433","1082","38235","678","47223","1188","31295","807","52028","789","66389","1724","42773","788","65860","1587","87268","2959","54155","1196","5.9","(X)","(X)","(X)","(X)","(X)",
"5001400US5105","Congressional District 5 (114th Congress), Virginia","73857","706","36733","483","37124","514","10.6","0.9","13.4","1.3","7.9","1.1","32.5","1.4","35.5","1.9","29.5","1.6","47.0","1.6","43.2","2.0","50.9","2.1","9.8","0.9","7.9","1.0","11.7","1.3","504581","946","241591","649","262990","688","6.6","0.2","7.7","0.3","5.7","0.3","10.1","0.3","11.5","0.5","8.8","0.4","30.7","0.5","31.8","0.7","29.8","0.6","19.8","0.4","18.8","0.6","20.8","0.5","7.1","0.2","5.7","0.3","8.4","0.3","14.8","0.4","13.6","0.5","15.9","0.5","10.8","0.3","10.9","0.4","10.6","0.3","83.2","0.4","80.8","0.5","85.5","0.5","25.6","0.5","24.5","0.6","26.6","0.6","83128","772","42096","512","41032","558","89.0","0.9","86.6","1.3","91.5","1.0","31.4","1.2","25.3","1.3","37.7","1.7","86086","776","42503","469","43583","503","88.7","0.8","85.5","1.3","91.7","1.0","28.7","1.1","25.1","1.3","32.3","1.5","209013","864","101218","537","107795","472","85.3","0.6","81.5","0.8","88.9","0.6","25.0","0.6","23.3","0.7","26.6","0.8","126354","525","55774","316","70580","337","72.3","0.7","71.5","1.0","73.0","1.1","20.5","0.6","25.6","1.0","16.4","0.9","24.8","1.3","21.8","1.4","28.2","1.7","13.9","0.7","12.0","1.0","15.7","0.9","10.0","0.6","7.5","0.8","12.0","0.8","4.6","0.4","4.2","0.6","5.0","0.5","33418","448","38828","666","28740","590","21082","629","25645","889","15659","833","27264","494","32096","572","21983","569","32854","650","40643","832","27583","725","44024","1115","54397","2364","38644","1033","56718","1851","73796","3869","50146","1496","5.5","(X)","(X)","(X)","(X)","(X)",
"5001400US5106","Congressional District 6 (114th Congress), Virginia","92019","1532","44406","1355","47613","437","8.8","0.7","10.3","1.1","7.4","0.8","30.4","1.4","34.5","1.6","26.6","1.7","52.5","1.5","48.1","2.1","56.6","2.0","8.3","0.7","7.2","1.1","9.4","1.1","491855","1446","234158","991","257697","813","5.8","0.2","6.4","0.3","5.2","0.3","8.8","0.3","9.8","0.4","7.9","0.4","33.3","0.4","34.3","0.6","32.3","0.6","19.2","0.4","18.2","0.5","20.1","0.6","7.0","0.3","5.8","0.3","8.1","0.4","16.4","0.4","15.6","0.5","17.1","0.5","9.5","0.3","9.8","0.4","9.2","0.4","85.4","0.4","83.8","0.5","86.8","0.5","25.9","0.5","25.5","0.6","26.3","0.6","85634","968","42700","667","42934","517","90.2","0.8","88.3","1.1","92.0","1.0","29.7","1.3","25.3","1.4","34.1","1.9","87482","791","43188","530","44294","540","88.9","0.8","86.9","1.0","90.9","1.0","28.4","1.1","25.0","1.4","31.7","1.5","198762","797","96210","538","102552","574","87.1","0.6","84.6","0.8","89.4","0.7","26.5","0.7","25.8","0.9","27.1","0.8","119977","642","52060","401","67917","448","76.5","0.8","75.8","1.1","77.0","1.0","20.5","0.9","25.4","1.3","16.7","1.0","23.7","1.3","20.1","1.6","27.7","1.7","12.0","0.7","10.2","0.8","13.6","1.0","9.3","0.6","7.2","0.8","10.9","0.8","4.5","0.5","3.6","0.6","5.3","0.6","32477","399","38732","615","27246","422","20066","810","23118","1236","16024","765","27823","613","33114","811","22132","464","31971","519","40512","905","26969","516","42399","696","51947","1580","36362","1271","54081","1415","70590","3729","46317","1262","5.1","(X)","(X)","(X)","(X)","(X)",
"5001400US5107","Congressional District 7 (114th Congress), Virginia","60551","1395","31622","956","28929","873","13.8","1.2","15.9","1.7","11.5","1.7","33.5","1.6","38.9","2.1","27.7","1.9","41.0","1.7","36.5","2.5","45.9","2.2","11.7","0.9","8.8","1.1","14.9","1.3","507700","1978","240127","1425","267573","1228","3.6","0.2","4.1","0.3","3.1","0.2","5.9","0.2","6.4","0.3","5.4","0.2","24.3","0.4","25.0","0.5","23.6","0.6","20.2","0.4","18.8","0.5","21.4","0.5","6.8","0.2","5.7","0.3","7.7","0.3","24.5","0.5","24.3","0.6","24.7","0.6","14.8","0.3","15.5","0.5","14.2","0.4","90.6","0.3","89.5","0.4","91.6","0.3","39.3","0.5","39.9","0.6","38.8","0.6","91045","1188","44447","788","46598","818","91.4","0.7","89.6","1.1","93.1","0.8","41.2","1.3","37.2","1.7","44.9","1.6","101966","1226","49936","741","52030","764","92.7","0.7","90.3","1.0","95.0","0.7","45.7","1.2","43.1","1.5","48.2","1.4","212683","1458","101593","988","111090","845","92.0","0.4","90.7","0.6","93.1","0.5","39.8","0.8","39.9","0.9","39.7","1.0","102006","754","44151","484","57855","502","84.8","0.7","85.5","1.0","84.2","0.9","30.3","0.8","38.7","1.3","23.8","1.0","18.3","1.7","16.4","2.0","20.4","2.3","8.2","0.7","6.7","0.7","9.5","0.9","5.7","0.5","4.6","0.7","6.5","0.6","2.7","0.3","2.4","0.4","3.0","0.4","43340","413","51746","546","36458","645","21692","971","25617","1000","17792","1135","32009","613","38189","1356","26217","745","38440","799","46814","1228","32290","961","54256","1133","71643","1463","44136","911","71632","1615","93547","2428","54553","1328","5.4","(X)","(X)","(X)","(X)","(X)",
"5001400US5108","Congressional District 8 (114th Congress), Virginia","57776","1300","29438","947","28338","773","15.2","1.5","17.3","2.3","13.0","1.8","23.6","1.3","25.8","2.0","21.2","1.8","32.0","1.6","32.5","2.4","31.5","2.2","29.2","1.3","24.3","1.8","34.3","1.6","544139","2070","265634","1402","278505","1335","5.5","0.3","5.6","0.4","5.5","0.4","4.3","0.2","4.5","0.3","4.1","0.3","12.8","0.4","11.8","0.6","13.7","0.4","12.6","0.4","12.6","0.6","12.6","0.4","4.8","0.2","4.5","0.3","5.0","0.3","29.8","0.5","29.2","0.7","30.3","0.6","30.3","0.5","31.9","0.7","28.7","0.5","90.2","0.3","90.0","0.5","90.4","0.4","60.0","0.5","61.1","0.8","59.0","0.5","160813","1745","79727","1052","81086","1074","91.7","0.7","90.3","1.0","93.0","0.8","65.4","0.9","61.2","1.3","69.5","1.0","122329","1097","62253","757","60076","709","89.2","0.7","89.0","1.0","89.4","0.9","63.5","1.0","62.6","1.5","64.4","1.2","186982","1440","91206","929","95776","899","90.5","0.5","90.0","0.7","91.0","0.6","57.1","0.8","59.1","1.1","55.2","1.0","74015","962","32448","533","41567","672","87.8","0.8","91.0","0.9","85.3","1.2","50.0","1.0","63.2","1.5","39.6","1.3","18.9","1.8","14.5","2.3","23.2","2.3","13.2","1.0","11.2","1.5","14.8","1.4","6.7","0.7","6.1","0.9","7.3","0.9","3.2","0.3","2.7","0.3","3.8","0.4","58857","1118","66687","828","51883","600","21821","590","25530","958","17641","649","29206","1620","32325","1308","25143","1072","41793","805","45888","965","36693","1405","68183","1458","78274","1924","58740","2471","95592","1372","110278","1954","80403","1509","5.5","(X)","(X)","(X)","(X)","(X)",
"5001400US5109","Congressional District 9 (114th Congress), Virginia","85563","719","44832","651","40731","440","8.7","0.8","10.1","1.0","7.1","1.0","26.3","1.5","28.7","1.9","23.7","1.9","56.5","1.4","54.4","2.1","58.7","2.0","8.5","0.7","6.7","1.0","10.5","1.2","498568","1023","242840","818","255728","875","8.6","0.3","9.8","0.4","7.5","0.3","10.6","0.3","11.5","0.4","9.8","0.4","33.3","0.5","34.7","0.7","32.0","0.6","20.1","0.4","19.1","0.5","21.2","0.6","8.6","0.3","6.6","0.3","10.4","0.4","11.4","0.3","10.9","0.4","12.0","0.4","7.3","0.3","7.5","0.3","7.2","0.3","80.8","0.4","78.7","0.6","82.7","0.4","18.7","0.3","18.3","0.4","19.1","0.5","80527","838","42695","678","37832","432","89.9","1.0","87.9","1.3","92.1","1.2","24.6","1.0","21.4","1.4","28.1","1.4","88575","842","44914","567","43661","494","88.7","0.9","86.0","1.4","91.5","1.0","21.5","1.1","18.8","1.2","24.3","1.6","202528","806","99804","546","102724","535","83.2","0.6","79.7","0.8","86.6","0.7","18.5","0.5","17.7","0.6","19.3","0.7","126938","606","55427","351","71511","450","65.5","0.9","64.0","1.3","66.7","1.2","13.5","0.6","16.7","0.9","10.9","0.8","26.5","1.0","23.0","1.3","30.4","1.6","15.0","0.7","12.2","0.9","17.8","0.8","12.2","0.7","10.0","0.9","13.7","0.7","5.0","0.7","5.2","0.7","4.8","0.9","30623","353","36262","632","25168","391","20358","855","24442","1636","15915","1101","26432","522","32048","764","20576","570","28673","752","37325","1068","23735","528","40575","653","48491","2063","36480","780","51659","1607","63771","3605","44774","1040","4.8","(X)","(X)","(X)","(X)","(X)",
"5001400US5110","Congressional District 10 (114th Congress), Virginia","56223","992","28883","666","27340","682","15.2","1.2","16.9","1.8","13.5","1.5","27.1","1.3","29.5","2.0","24.5","1.9","40.4","1.4","38.8","2.2","42.1","2.0","17.3","1.2","14.8","1.4","19.9","1.6","498583","1723","242666","1176","255917","924","4.0","0.2","4.0","0.3","4.0","0.3","3.7","0.2","3.9","0.3","3.6","0.3","16.5","0.4","16.1","0.6","16.8","0.6","16.1","0.3","15.1","0.5","17.1","0.5","6.2","0.3","5.1","0.4","7.1","0.4","30.1","0.5","29.3","0.6","30.8","0.6","23.4","0.3","26.4","0.5","20.6","0.5","92.3","0.3","92.2","0.4","92.4","0.4","53.5","0.5","55.8","0.6","51.4","0.6","91608","1244","44718","786","46890","752","92.0","0.7","90.5","1.1","93.3","0.9","49.8","1.3","43.8","1.8","55.6","1.6","119456","1159","58216","782","61240","631","93.3","0.6","92.7","0.8","93.9","0.6","60.3","0.9","58.8","1.4","61.6","1.1","211915","1203","105247","906","106668","677","93.8","0.4","93.7","0.5","93.9","0.6","55.5","0.7","59.4","0.9","51.7","1.0","75604","812","34485","561","41119","520","86.8","0.9","88.7","1.0","85.3","1.1","41.8","1.1","55.1","1.4","30.6","1.4","15.5","1.7","13.7","2.1","17.2","2.0","7.1","0.8","6.1","1.0","7.9","1.1","4.5","0.5","3.8","0.6","5.2","0.7","1.9","0.2","1.6","0.3","2.1","0.3","60231","732","79785","1465","45317","827","25734","891","29561","1250","19736","1335","32467","1046","37869","1446","27034","871","46089","1267","56232","1934","38024","1756","76777","937","101454","1283","54059","1543","103918","1372","130283","1898","70024","1890","5.4","(X)","(X)","(X)","(X)","(X)",
"5001400US5111","Congressional District 11 (114th Congress), Virginia","66273","1410","33954","1117","32319","857","13.5","1.1","14.7","1.4","12.2","1.7","24.9","1.3","27.0","1.8","22.6","2.0","43.2","1.7","42.6","2.2","44.0","2.5","18.4","1.1","15.7","1.5","21.3","1.5","510445","2424","247072","1721","263373","1607","4.3","0.3","3.9","0.4","4.7","0.3","4.2","0.3","4.4","0.4","4.0","0.3","15.9","0.4","15.1","0.6","16.7","0.5","16.6","0.4","16.0","0.5","17.1","0.6","5.7","0.2","5.0","0.3","6.3","0.4","29.0","0.5","28.0","0.6","30.0","0.6","24.3","0.5","27.6","0.6","21.2","0.5","91.5","0.4","91.7","0.5","91.3","0.4","53.3","0.6","55.6","0.7","51.2","0.7","120092","2222","60199","1450","59893","1201","92.6","0.7","91.7","1.0","93.6","0.9","53.5","1.2","50.0","1.4","57.0","1.6","115844","1628","56776","980","59068","1037","91.0","0.8","90.6","1.1","91.5","0.9","56.7","1.4","55.9","1.8","57.5","1.6","200016","1894","96938","1296","103078","1170","92.6","0.5","92.4","0.7","92.9","0.6","53.8","0.7","56.8","1.0","50.9","1.0","74493","945","33159","560","41334","697","87.3","0.8","91.5","0.9","84.0","1.2","46.8","1.2","61.9","1.5","34.6","1.5","15.2","1.8","11.4","1.8","18.7","2.4","7.7","0.8","7.5","1.1","7.8","1.0","4.9","0.6","4.1","0.8","5.7","0.8","2.3","0.3","2.0","0.3","2.7","0.4","55750","855","67364","1638","46755","921","25667","770","30223","1169","18244","1388","31084","726","35948","1036","26189","923","44907","1297","52162","1396","39010","1432","69812","1648","83431","2088","56528","1353","96887","1716","115318","2278","73612","2506","5.4","(X)","(X)","(X)","(X)","(X)",
"5001400US5301","Congressional District 1 (114th Congress), Washington","52845","1477","27806","1068","25039","985","17.3","1.1","21.6","2.0","12.6","1.5","28.4","1.6","30.1","2.3","26.5","2.3","42.4","1.8","37.7","2.4","47.6","2.7","11.9","1.1","10.6","1.4","13.3","1.5","474891","2126","234866","1638","240025","1534","2.6","0.2","2.5","0.3","2.7","0.3","4.6","0.3","5.3","0.4","4.0","0.3","19.6","0.5","19.7","0.5","19.6","0.6","23.9","0.4","22.4","0.5","25.5","0.5","9.2","0.3","8.4","0.4","10.1","0.3","25.9","0.5","26.6","0.7","25.1","0.5","14.1","0.4","15.1","0.5","13.1","0.4","92.8","0.3","92.2","0.4","93.3","0.4","40.0","0.5","41.8","0.7","38.2","0.6","93204","1823","47528","1220","45676","1078","92.3","0.9","91.6","1.0","93.0","1.1","40.8","1.1","38.2","1.4","43.4","1.5","103186","1728","52635","1154","50551","998","92.7","0.6","91.2","0.9","94.3","0.8","45.9","1.0","45.3","1.3","46.5","1.3","198424","1980","97816","1189","100608","1266","94.1","0.4","93.7","0.5","94.5","0.5","39.0","0.8","41.4","1.0","36.7","1.0","80077","1268","36887","739","43190","869","90.1","0.7","90.4","1.1","89.9","0.9","33.7","1.1","42.2","1.6","26.5","1.3","20.3","1.9","16.9","2.1","24.2","2.9","9.6","0.8","8.8","1.1","10.4","1.0","7.5","0.5","6.0","0.6","8.8","0.7","3.2","0.3","2.7","0.4","3.7","0.4","48617","786","63102","1275","35114","734","24954","1326","29993","4324","19660","1766","36074","1101","44693","1399","26899","905","40960","734","54100","1538","31060","911","66224","1225","88435","2515","44914","1538","83621","2048","106941","2617","60151","2284","4.1","(X)","(X)","(X)","(X)","(X)",
"5001400US5302","Congressional District 2 (114th Congress), Washington","74592","1244","38187","874","36405","823","13.9","1.0","16.2","1.4","11.5","1.3","30.0","1.3","33.3","2.0","26.6","1.8","48.9","1.6","44.7","1.9","53.3","2.2","7.2","0.8","5.9","1.0","8.6","1.1","463758","1663","228008","1253","235750","1147","3.1","0.2","2.7","0.2","3.4","0.3","5.6","0.3","6.2","0.4","5.0","0.3","24.1","0.5","24.6","0.7","23.6","0.6","27.4","0.5","26.8","0.6","27.9","0.7","10.9","0.3","10.0","0.4","11.7","0.5","19.7","0.4","19.9","0.7","19.5","0.5","9.3","0.3","9.8","0.4","8.9","0.4","91.3","0.3","91.1","0.4","91.6","0.4","29.0","0.5","29.7","0.7","28.4","0.6","98272","1289","51686","816","46586","807","90.7","0.9","89.5","1.2","92.0","1.0","25.4","1.3","22.2","1.5","29.0","1.6","86522","1442","43853","896","42669","834","91.0","0.8","90.0","1.0","92.2","1.1","29.9","1.1","28.7","1.4","31.1","1.5","184052","1507","90501","1040","93551","903","93.0","0.4","92.9","0.6","93.1","0.5","30.2","0.7","30.9","1.0","29.5","0.9","94912","953","41968","560","52944","747","89.1","0.7","90.3","0.8","88.1","0.9","29.8","1.0","37.6","1.5","23.6","1.1","25.4","1.8","23.3","2.3","27.5","2.3","12.0","1.0","10.5","1.2","13.4","1.2","9.4","0.5","7.2","0.7","11.4","0.8","4.3","0.4","3.5","0.5","5.0","0.6","38281","506","45435","898","31572","394","22564","1444","26407","1927","16934","890","32245","674","38008","1400","25657","1040","37230","712","44373","1235","31147","598","49008","1802","60430","2092","37776","1374","61792","1402","73980","2149","52746","1988","4.8","(X)","(X)","(X)","(X)","(X)",
"5001400US5303","Congressional District 3 (114th Congress), Washington","56047","401","28744","203","27303","297","19.2","1.2","22.5","1.6","15.8","1.6","34.5","1.4","37.2","2.1","31.6","2.2","41.3","1.4","36.4","2.0","46.6","2.1","4.9","0.7","3.9","0.8","6.0","1.1","460581","621","224787","430","235794","379","3.3","0.2","3.5","0.3","3.1","0.2","6.8","0.3","7.7","0.3","6.0","0.3","27.8","0.5","28.1","0.6","27.5","0.6","29.1","0.4","27.2","0.5","30.8","0.6","10.4","0.3","9.8","0.4","11.0","0.4","14.7","0.4","15.2","0.5","14.2","0.4","7.9","0.3","8.4","0.3","7.4","0.3","89.9","0.3","88.8","0.4","90.9","0.4","22.6","0.4","23.7","0.6","21.6","0.5","82995","516","41527","364","41468","290","88.1","0.8","85.3","1.2","90.8","1.1","18.7","1.1","16.8","1.4","20.6","1.3","88531","428","44064","288","44467","226","90.0","0.6","88.3","1.1","91.7","0.9","25.1","1.0","23.8","1.2","26.4","1.2","188683","476","92661","324","96022","279","92.1","0.4","90.9","0.6","93.1","0.5","23.9","0.6","25.0","0.9","22.8","0.7","100372","334","46535","223","53837","225","87.1","0.7","88.0","0.9","86.3","0.9","21.2","0.8","27.0","1.2","16.1","1.0","24.6","1.6","21.3","2.1","28.4","2.4","12.6","0.8","11.2","0.9","13.9","1.1","10.2","0.5","7.6","0.6","12.3","0.7","4.3","0.3","3.8","0.5","4.9","0.6","35521","514","43895","680","27659","691","21589","934","25798","1458","15563","1168","30203","664","37475","1306","21743","731","34690","650","44280","1077","27051","639","49692","1487","61728","2675","39721","1745","61949","1504","72944","2629","52462","1899","4.7","(X)","(X)","(X)","(X)","(X)",
"5001400US5304","Congressional District 4 (114th Congress), Washington","66196","376","34626","326","31570","211","28.3","1.6","33.8","2.2","22.4","1.7","37.3","1.6","37.3","2.2","37.4","2.1","30.6","1.3","27.0","2.0","34.6","2.0","3.7","0.7","1.9","0.5","5.7","1.1","422262","513","210283","383","211979","344","12.9","0.4","14.1","0.5","11.8","0.5","9.2","0.4","9.8","0.5","8.6","0.5","26.5","0.5","26.2","0.6","26.8","0.6","22.8","0.5","21.6","0.6","24.0","0.6","9.0","0.3","8.1","0.4","10.0","0.5","12.5","0.4","12.7","0.5","12.2","0.5","7.0","0.3","7.5","0.3","6.6","0.4","77.9","0.5","76.1","0.6","79.6","0.6","19.5","0.5","20.2","0.6","18.8","0.6","91847","445","47091","363","44756","227","76.3","1.3","72.9","1.7","79.9","1.5","16.7","0.8","14.4","1.1","19.0","1.2","83931","394","42488","275","41443","245","72.6","1.1","70.3","1.5","75.0","1.4","19.0","1.2","17.3","1.4","20.6","1.5","163076","544","81911","405","81165","326","81.0","0.7","79.9","0.9","82.2","0.7","21.0","0.7","22.2","0.9","19.8","0.8","83408","325","38793","202","44615","213","78.5","0.8","78.2","1.1","78.9","1.1","20.2","1.0","26.2","1.3","15.0","1.1","28.3","1.5","23.6","1.8","33.8","1.8","14.4","0.8","12.6","1.2","16.1","1.1","10.4","0.7","8.9","0.9","11.6","0.8","3.6","0.5","2.9","0.5","4.2","0.8","30623","416","36791","601","23600","480","19488","525","22479","717","15045","567","27471","777","34391","980","21331","622","32784","696","42454","993","25975","837","52077","1577","65833","2201","39523","2136","63255","1875","74013","3938","54354","1704","5.3","(X)","(X)","(X)","(X)","(X)",
"5001400US5305","Congressional District 5 (114th Congress), Washington","83898","349","42748","226","41150","232","11.2","0.8","12.9","1.3","9.5","0.9","26.2","1.3","28.8","1.7","23.4","1.7","55.0","1.3","52.9","1.7","57.2","2.0","7.6","0.8","5.4","0.9","9.9","1.3","446894","439","219434","323","227460","292","2.4","0.1","2.5","0.2","2.3","0.2","5.5","0.3","5.8","0.4","5.2","0.3","25.9","0.4","26.8","0.5","25.1","0.7","27.0","0.4","25.9","0.6","28.1","0.6","11.4","0.3","10.8","0.4","12.0","0.4","17.4","0.4","17.6","0.6","17.2","0.4","10.3","0.3","10.6","0.4","10.0","0.4","92.1","0.3","91.7","0.4","92.5","0.3","27.7","0.5","28.2","0.6","27.2","0.6","88225","337","45673","249","42552","222","93.2","0.6","92.1","0.9","94.4","0.8","26.2","1.1","23.4","1.4","29.3","1.5","77829","349","39532","226","38297","206","93.1","0.7","92.3","1.0","94.0","0.9","30.2","1.1","28.0","1.5","32.5","1.4","181118","491","89189","296","91929","315","93.2","0.4","92.4","0.6","94.0","0.5","28.8","0.7","29.3","1.0","28.3","0.8","99722","195","45040","129","54682","150","88.2","0.6","89.2","0.8","87.3","0.9","25.1","0.8","31.2","1.1","20.0","1.0","27.5","1.8","23.7","2.4","31.3","2.5","15.2","0.8","14.0","1.1","16.5","1.0","13.0","0.7","11.5","0.9","14.3","0.9","5.4","0.5","5.7","0.6","5.2","0.5","33324","408","39508","704","27593","637","19295","1070","22113","1393","15612","1635","26673","522","31618","677","21363","654","31207","477","37551","856","26231","679","43268","833","51344","1229","36403","1285","60126","1663","71090","1897","51211","1140","5.2","(X)","(X)","(X)","(X)","(X)",
"5001400US5306","Congressional District 6 (114th Congress), Washington","62489","982","34231","690","28258","640","17.2","1.2","20.1","1.7","13.7","1.6","35.2","1.5","38.7","2.4","30.9","2.0","40.7","1.6","35.9","2.5","46.5","2.4","7.0","0.8","5.3","0.9","9.0","1.4","477285","1524","234850","1119","242435","1094","2.6","0.2","2.5","0.2","2.6","0.2","5.8","0.2","6.2","0.4","5.4","0.3","25.7","0.5","26.1","0.7","25.2","0.7","28.2","0.5","27.8","0.7","28.6","0.6","9.9","0.3","9.2","0.5","10.7","0.4","17.6","0.3","17.3","0.5","17.8","0.5","10.3","0.4","10.8","0.4","9.8","0.4","91.6","0.3","91.2","0.4","92.0","0.4","27.8","0.5","28.1","0.6","27.6","0.6","85822","1087","45346","768","40476","676","89.9","0.7","88.2","1.1","91.8","1.0","22.7","1.1","19.1","1.3","26.8","1.5","79331","988","40615","700","38716","619","92.1","0.7","91.7","1.0","92.5","0.9","26.9","1.2","24.5","1.5","29.4","1.5","197634","1191","95915","820","101719","711","93.1","0.4","92.8","0.6","93.4","0.5","29.2","0.6","29.0","0.9","29.4","0.8","114498","844","52974","516","61524","613","90.1","0.6","90.6","0.8","89.6","0.8","30.0","0.9","36.9","1.4","24.1","0.9","27.7","2.0","24.4","2.4","31.2","3.0","13.9","0.9","12.3","1.1","15.4","1.3","10.7","0.7","9.1","0.9","12.1","0.7","4.6","0.4","3.8","0.5","5.4","0.6","36850","491","45061","943","29701","673","20605","924","24622","2287","16737","1106","30169","566","34668","1211","24193","1151","34929","791","44021","1116","27425","812","49533","1578","61818","1891","38742","1837","62401","1841","80556","2072","52460","1691","4.9","(X)","(X)","(X)","(X)","(X)",
"5001400US5307","Congressional District 7 (114th Congress), Washington","74217","1972","37208","1468","37009","1333","7.4","0.7","8.5","1.0","6.4","0.9","17.0","1.2","19.5","1.7","14.5","1.5","51.2","1.7","52.2","2.2","50.2","2.3","24.3","1.7","19.7","2.2","29.0","2.1","512556","2666","253533","2091","259023","1936","2.3","0.2","2.2","0.2","2.5","0.3","3.2","0.2","3.6","0.3","2.8","0.3","12.3","0.3","12.5","0.5","12.2","0.4","18.5","0.4","18.9","0.6","18.0","0.6","7.6","0.3","7.4","0.4","7.9","0.4","33.5","0.5","33.3","0.7","33.8","0.6","22.5","0.4","22.2","0.6","22.8","0.5","94.5","0.3","94.3","0.3","94.7","0.4","56.0","0.5","55.5","0.7","56.6","0.7","138754","2192","70545","1560","68209","1352","96.3","0.5","95.9","0.6","96.6","0.6","62.8","1.1","59.5","1.4","66.4","1.5","105972","1763","55010","1139","50962","1130","95.1","0.6","94.3","0.8","95.9","0.7","60.8","1.1","57.5","1.5","64.4","1.5","181226","1829","90762","1225","90464","1287","94.4","0.4","93.9","0.7","94.9","0.5","53.1","0.7","51.9","1.0","54.4","1.0","86604","1311","37216","829","49388","1021","91.2","0.7","92.2","0.9","90.5","1.1","45.4","1.1","53.8","1.7","39.1","1.5","28.6","2.4","25.4","3.2","31.9","3.4","15.2","1.2","14.4","1.6","16.1","1.7","11.4","0.7","10.5","0.8","12.3","1.0","5.2","0.3","4.9","0.4","5.4","0.5","47442","698","54005","880","41217","650","22566","1535","26193","1567","19744","2016","30809","930","34204","1423","26585","1204","35914","714","40368","1285","31245","928","54463","912","65664","1654","46052","1079","70101","1461","88035","4015","58355","1757","5.0","(X)","(X)","(X)","(X)","(X)",
"5001400US5308","Congressional District 8 (114th Congress), Washington","58932","1587","31095","1259","27837","952","17.3","1.2","19.0","1.7","15.5","1.8","32.9","1.5","37.1","2.2","28.2","2.1","42.6","1.8","38.7","2.2","46.8","2.4","7.2","0.9","5.2","1.0","9.5","1.3","455194","2358","222845","1550","232349","1567","3.5","0.2","3.9","0.4","3.2","0.3","5.4","0.3","5.9","0.4","4.9","0.4","25.5","0.5","25.5","0.6","25.6","0.6","24.3","0.5","23.2","0.7","25.4","0.7","9.5","0.3","9.0","0.4","10.0","0.4","21.0","0.4","21.3","0.5","20.6","0.5","10.7","0.3","11.1","0.5","10.2","0.5","91.1","0.4","90.2","0.5","91.9","0.4","31.6","0.5","32.5","0.6","30.8","0.5","84605","1714","41286","1002","43319","1186","89.3","0.9","87.7","1.4","90.8","1.0","29.5","1.2","25.3","1.5","33.4","1.4","97208","1823","48824","1053","48384","1238","91.2","0.7","89.7","1.1","92.8","0.7","37.0","1.1","35.8","1.4","38.2","1.4","196286","1855","97014","1129","99272","1156","92.9","0.5","92.1","0.7","93.6","0.6","32.0","0.8","33.4","0.9","30.6","1.0","77095","1211","35721","761","41374","850","88.3","0.9","88.9","1.2","87.8","1.1","26.4","1.0","33.6","1.5","20.1","1.0","23.2","1.8","19.9","2.1","27.0","2.6","10.9","0.7","9.2","0.9","12.5","1.1","7.5","0.6","6.3","0.7","8.7","0.7","3.0","0.3","2.3","0.4","3.8","0.5","45369","655","55472","919","35191","619","22235","1081","26031","1509","17273","1154","35302","930","42781","1178","27198","902","43035","847","52665","1164","33889","980","62876","1792","83484","2094","44940","1791","75620","1640","100967","2574","61777","1469","4.8","(X)","(X)","(X)","(X)","(X)",
"5001400US5309","Congressional District 9 (114th Congress), Washington","62550","1659","31638","1196","30912","1231","16.6","1.2","18.6","1.8","14.5","1.6","26.3","1.2","28.9","1.8","23.6","1.7","41.6","1.8","39.2","2.4","44.0","2.3","15.6","1.3","13.3","1.4","17.9","1.9","477736","2295","236876","1702","240860","1743","5.9","0.3","5.5","0.4","6.2","0.3","6.0","0.3","6.2","0.4","5.7","0.3","20.6","0.5","20.4","0.7","20.7","0.6","20.4","0.5","19.9","0.6","20.9","0.6","8.4","0.3","7.6","0.4","9.1","0.4","24.7","0.5","25.1","0.6","24.3","0.5","14.1","0.4","15.2","0.5","13.0","0.5","88.2","0.4","88.2","0.5","88.1","0.4","38.8","0.6","40.3","0.8","37.4","0.6","112587","1973","58949","1497","53638","1270","89.2","0.7","88.0","1.0","90.5","0.9","40.9","1.3","40.1","1.7","41.7","1.5","100564","1685","51265","1178","49299","1052","88.3","0.8","87.8","1.1","88.9","1.1","42.0","1.1","39.9","1.7","44.1","1.3","179616","1862","89888","1217","89728","1070","89.2","0.6","89.3","0.8","89.1","0.7","38.8","0.8","40.3","1.0","37.2","1.0","84969","1317","36774","776","48195","832","84.4","0.7","86.6","1.0","82.6","1.1","32.6","1.1","41.3","1.5","26.0","1.3","27.9","1.9","23.6","2.4","32.0","2.3","14.8","1.1","13.3","1.2","16.3","1.6","11.0","0.7","10.5","1.1","11.4","1.0","4.8","0.4","4.3","0.4","5.3","0.6","41140","543","47692","1251","34860","732","21860","519","25323","1126","17429","1023","29365","1108","32450","1221","25044","1129","37022","735","42066","971","32755","893","56030","1639","68887","2583","45552","1980","77497","2666","97337","3160","61178","1698","6.4","(X)","(X)","(X)","(X)","(X)",
"5001400US5310","Congressional District 10 (114th Congress), Washington","71358","1074","37507","747","33851","725","16.2","1.0","17.5","1.4","14.8","1.4","34.7","1.3","39.5","2.0","29.3","1.5","42.6","1.3","38.2","2.0","47.4","1.8","6.5","0.8","4.8","1.0","8.5","1.1","454647","1973","219800","1359","234847","1337","3.0","0.2","2.6","0.2","3.3","0.3","6.0","0.3","6.4","0.4","5.6","0.3","27.1","0.5","28.0","0.7","26.3","0.6","27.8","0.5","27.3","0.7","28.2","0.6","10.5","0.3","10.1","0.5","11.0","0.5","16.4","0.4","16.1","0.6","16.8","0.5","9.2","0.3","9.5","0.4","8.8","0.4","91.0","0.3","91.0","0.5","91.1","0.4","25.6","0.5","25.6","0.7","25.6","0.6","102236","1241","51457","735","50779","772","90.8","0.7","89.0","1.2","92.7","0.7","21.7","1.1","17.4","1.3","26.0","1.6","89430","1216","44505","795","44925","749","92.4","0.8","91.2","1.1","93.5","0.8","27.1","1.1","24.2","1.5","30.0","1.4","176147","1486","86070","901","90077","934","92.4","0.4","92.8","0.6","92.0","0.7","27.1","0.7","28.2","0.9","26.1","1.1","86834","824","37768","554","49066","638","87.2","0.6","89.2","1.0","85.6","0.8","25.6","1.1","32.4","1.5","20.3","1.1","24.1","1.7","23.5","2.3","24.6","2.3","11.9","0.7","10.7","1.0","13.1","1.0","9.8","0.6","8.0","0.8","11.5","0.7","4.3","0.5","3.4","0.6","5.1","0.8","39583","572","46493","935","32164","426","22588","1631","27333","2256","17663","1123","32054","565","38403","1654","25579","879","38761","668","46144","1218","31287","632","50736","1022","61697","1752","41049","1446","65176","1450","75043","2104","57911","2925","4.6","(X)","(X)","(X)","(X)","(X)",
"5001400US5401","Congressional District 1 (114th Congress), West Virginia","69542","349","35924","259","33618","215","10.9","0.8","11.2","1.0","10.5","1.4","32.3","1.8","36.6","2.1","27.6","2.4","47.2","1.8","45.5","2.0","49.0","2.3","9.6","0.8","6.6","1.0","12.9","1.1","427104","379","208585","370","218519","322","4.1","0.2","4.3","0.2","3.9","0.3","8.5","0.3","8.9","0.4","8.0","0.3","41.2","0.5","42.6","0.7","39.8","0.6","19.0","0.3","18.8","0.4","19.2","0.5","6.8","0.2","5.3","0.3","8.2","0.4","12.7","0.3","12.3","0.4","13.0","0.5","7.8","0.3","7.8","0.3","7.9","0.3","87.5","0.3","86.8","0.4","88.1","0.4","20.5","0.4","20.1","0.5","20.9","0.5","74487","469","38711","360","35776","240","92.5","0.7","91.9","0.9","93.2","0.9","27.9","1.1","24.2","1.2","31.9","1.6","75030","351","38635","275","36395","205","92.0","0.7","90.4","1.2","93.6","0.8","24.8","1.0","21.3","1.1","28.5","1.4","173881","408","86063","303","87818","281","88.9","0.5","87.5","0.6","90.3","0.6","20.0","0.6","19.4","0.8","20.5","0.8","103706","296","45176","136","58530","257","78.2","0.7","78.0","1.1","78.3","1.0","13.0","0.6","16.8","0.9","10.1","0.7","29.6","1.4","26.4","1.8","32.8","1.8","13.6","0.6","11.4","0.7","15.8","0.8","11.9","0.7","8.6","0.9","14.7","0.9","5.3","0.5","5.1","0.7","5.5","0.7","31336","373","38046","888","24757","481","19345","1198","22468","1906","13831","1960","26418","426","33818","908","19029","574","28927","911","38554","1511","23598","694","41629","984","50708","1220","36393","859","52827","1131","62901","3106","48685","1925","4.3","(X)","(X)","(X)","(X)","(X)",
"5001400US5402","Congressional District 2 (114th Congress), West Virginia","49910","435","25548","294","24362","283","18.5","1.4","18.9","1.7","18.0","2.0","36.8","1.6","42.7","2.3","30.5","2.2","37.7","1.6","33.8","2.1","41.8","2.4","7.1","0.9","4.6","0.9","9.6","1.5","438312","451","212617","416","225695","307","5.0","0.2","5.7","0.3","4.4","0.3","9.6","0.4","10.2","0.4","9.0","0.4","40.5","0.5","41.1","0.8","39.9","0.7","18.2","0.4","17.5","0.5","18.9","0.6","6.3","0.3","4.9","0.4","7.6","0.4","12.6","0.4","13.0","0.5","12.2","0.5","7.8","0.2","7.6","0.4","8.0","0.3","85.4","0.4","84.1","0.5","86.6","0.5","20.4","0.4","20.6","0.5","20.3","0.5","73348","510","36466","384","36882","320","89.5","0.9","89.0","1.1","90.0","1.1","23.9","1.2","21.5","1.4","26.3","1.6","80757","357","40044","262","40713","252","90.1","0.9","89.1","1.2","91.0","1.0","23.8","1.1","22.1","1.3","25.5","1.5","182569","392","90326","316","92243","274","86.9","0.5","84.6","0.9","89.1","0.7","20.5","0.7","20.3","0.9","20.6","0.9","101638","235","45781","145","55857","162","76.0","0.9","74.8","1.2","77.0","1.2","15.2","0.7","19.2","1.0","11.9","0.9","27.9","1.5","24.3","1.7","31.9","1.9","13.3","0.6","12.1","0.8","14.6","0.8","10.1","0.7","7.3","0.9","12.4","0.9","3.4","0.5","3.1","0.7","3.7","0.6","33135","553","41155","645","26301","378","19904","976","25322","1606","14509","992","27477","646","35180","1067","21364","405","32322","792","42870","1746","26329","613","44885","1023","54096","2450","39906","1492","57760","1572","72295","4058","51521","1057","4.2","(X)","(X)","(X)","(X)","(X)",
"5001400US5403","Congressional District 3 (114th Congress), West Virginia","52088","352","26334","240","25754","235","16.0","0.9","18.0","1.1","13.9","1.5","37.6","1.7","41.9","2.2","33.3","2.2","39.8","1.6","34.0","2.1","45.7","2.2","6.6","0.8","6.2","1.0","7.0","1.1","433198","317","208986","370","224212","342","7.5","0.2","8.4","0.3","6.8","0.3","12.0","0.4","12.6","0.5","11.5","0.5","41.1","0.5","43.2","0.7","39.2","0.7","18.0","0.4","16.7","0.6","19.2","0.5","6.0","0.3","4.6","0.3","7.4","0.4","9.5","0.3","9.1","0.4","9.8","0.4","5.8","0.3","5.4","0.4","6.2","0.3","80.4","0.5","79.1","0.6","81.8","0.6","15.3","0.4","14.6","0.5","16.0","0.5","71732","451","36304","307","35428","313","89.1","0.9","87.4","1.2","90.8","1.2","19.8","1.1","16.8","1.3","22.9","1.5","77588","402","38932","285","38656","289","87.1","1.0","85.1","1.5","89.1","1.0","17.5","1.0","14.8","1.3","20.1","1.4","177597","489","86817","364","90780","326","82.2","0.7","80.2","0.8","84.1","0.8","15.2","0.6","14.5","0.7","15.9","0.8","106281","279","46933","194","59348","210","66.8","0.9","65.5","1.3","67.9","1.3","10.9","0.6","12.7","0.9","9.5","0.7","31.1","1.4","28.6","1.6","33.7","1.8","17.0","0.8","14.1","1.0","19.9","0.9","14.0","0.8","11.3","1.1","16.0","1.1","5.4","0.7","5.4","0.9","5.4","0.9","30288","402","38036","955","23623","500","19565","1447","26814","1732","12131","905","26556","462","35251","1034","19023","860","28163","970","37264","1434","23441","762","39537","1225","47915","2918","34154","1564","51099","1284","64442","4089","46604","1104","4.0","(X)","(X)","(X)","(X)","(X)",
"5001400US5501","Congressional District 1 (114th Congress), Wisconsin","59021","806","31370","602","27651","513","15.2","0.9","17.2","1.4","12.9","1.6","36.5","1.3","38.5","1.7","34.3","1.9","39.9","1.5","37.5","1.6","42.5","2.3","8.4","0.8","6.8","0.9","10.3","1.4","483504","1120","235751","885","247753","896","2.8","0.2","3.1","0.2","2.6","0.2","6.3","0.3","7.1","0.4","5.6","0.3","32.1","0.5","32.8","0.7","31.5","0.7","22.6","0.4","22.6","0.5","22.5","0.5","9.6","0.3","8.5","0.4","10.6","0.4","17.7","0.4","17.2","0.5","18.1","0.5","8.8","0.3","8.7","0.4","9.0","0.4","90.8","0.3","89.8","0.4","91.8","0.4","26.5","0.5","25.8","0.6","27.1","0.6","86294","1094","43176","779","43118","602","91.3","0.8","90.3","1.2","92.3","0.9","29.1","1.2","23.7","1.5","34.5","1.6","92361","887","46411","641","45950","573","91.6","0.7","89.9","0.9","93.4","0.8","31.0","1.1","28.1","1.4","33.9","1.5","207057","1161","102511","645","104546","777","93.0","0.4","91.8","0.6","94.1","0.4","26.7","0.6","26.8","0.9","26.7","0.8","97792","750","43653","539","54139","553","85.1","0.6","84.5","0.9","85.6","0.9","19.5","0.8","23.4","1.2","16.3","1.0","23.3","1.5","19.8","1.9","27.3","2.0","10.8","0.6","9.4","0.7","12.1","0.8","7.6","0.4","5.3","0.6","9.6","0.6","3.1","0.4","3.0","0.5","3.2","0.5","38773","627","46543","875","31642","445","23290","1721","27169","1472","18149","1465","31059","569","37537","1186","24349","754","36612","533","46767","1148","29290","755","52201","1009","65574","1445","42650","1302","66820","1222","75180","4236","61426","1167","4.5","(X)","(X)","(X)","(X)","(X)",
"5001400US5502","Congressional District 2 (114th Congress), Wisconsin","84760","414","43041","282","41719","255","8.9","0.7","10.6","1.1","7.1","0.8","26.1","1.1","28.2","1.6","23.9","1.5","48.2","1.4","44.7","2.0","51.8","2.0","16.8","1.0","16.4","1.4","17.2","1.4","480656","626","234375","432","246281","447","2.5","0.2","2.8","0.2","2.3","0.2","4.5","0.2","4.9","0.3","4.0","0.3","25.2","0.4","26.5","0.6","24.0","0.4","19.3","0.4","18.7","0.5","19.9","0.5","9.6","0.3","8.5","0.3","10.7","0.4","23.6","0.4","23.1","0.6","24.0","0.5","15.3","0.4","15.5","0.5","15.1","0.4","93.0","0.3","92.3","0.4","93.6","0.3","38.9","0.5","38.7","0.6","39.1","0.6","105364","495","53365","339","51999","302","94.3","0.5","93.3","0.7","95.3","0.7","47.0","1.0","43.4","1.4","50.7","1.2","93249","493","46924","331","46325","318","93.5","0.6","92.6","0.7","94.4","0.7","44.4","1.0","41.6","1.2","47.2","1.5","192041","583","94534","377","97507","312","94.3","0.3","93.3","0.5","95.3","0.4","36.1","0.6","35.9","0.8","36.3","0.8","90002","365","39552","235","50450","249","88.1","0.6","88.2","0.8","88.0","0.8","29.5","0.9","35.2","1.2","25.0","1.1","24.2","2.0","19.2","2.2","29.9","2.7","11.0","0.7","9.5","0.8","12.6","1.0","8.1","0.6","6.9","0.7","9.1","0.8","3.8","0.3","3.2","0.4","4.3","0.4","38095","491","43623","614","33139","544","20352","1267","24694","1461","15635","1244","28933","685","32914","808","24416","767","34217","587","39587","884","30768","537","48414","1045","58110","1512","40259","885","60392","823","72162","2098","53088","1292","3.5","(X)","(X)","(X)","(X)","(X)",
"5001400US5503","Congressional District 3 (114th Congress), Wisconsin","92565","548","46163","369","46402","374","8.7","0.6","10.5","0.9","6.9","0.7","29.1","1.2","33.1","1.8","25.2","1.4","55.5","1.4","51.0","2.0","60.0","1.6","6.7","0.6","5.4","0.7","7.9","0.8","468588","668","234100","523","234488","449","3.4","0.1","3.6","0.2","3.2","0.2","5.4","0.2","6.1","0.2","4.8","0.3","35.2","0.3","37.3","0.5","33.0","0.4","21.2","0.4","20.6","0.5","21.8","0.4","11.5","0.3","10.5","0.3","12.5","0.4","15.3","0.3","14.2","0.4","16.5","0.4","8.0","0.2","7.7","0.3","8.3","0.3","91.2","0.3","90.3","0.3","92.1","0.3","23.3","0.4","21.9","0.4","24.8","0.4","84847","663","44840","488","40007","389","92.8","0.6","91.5","0.8","94.3","0.6","25.4","1.1","19.6","1.3","31.9","1.3","80215","473","41556","357","38659","291","94.1","0.4","92.7","0.7","95.7","0.5","28.8","0.8","24.7","1.1","33.1","1.0","193921","507","98308","383","95613","294","93.4","0.3","92.5","0.4","94.4","0.5","23.4","0.5","22.1","0.7","24.8","0.6","109605","436","49396","267","60209","284","83.8","0.7","82.8","0.8","84.6","0.9","17.6","0.6","21.1","0.8","14.8","0.7","24.1","1.2","20.7","1.3","28.2","1.9","10.5","0.4","9.2","0.5","12.0","0.7","8.6","0.4","7.3","0.6","9.9","0.5","3.7","0.3","3.3","0.4","4.0","0.5","32800","336","38458","599","27839","404","20899","572","24870","1392","14858","1379","27896","565","33652","643","22353","445","31905","339","38931","919","26984","400","42142","668","50510","1048","36537","792","55391","998","65529","1695","51108","930","3.8","(X)","(X)","(X)","(X)","(X)",
"5001400US5504","Congressional District 4 (114th Congress), Wisconsin","86921","874","42705","664","44216","522","16.2","0.8","19.8","1.2","12.8","1.0","26.9","1.0","29.3","1.5","24.6","1.4","47.2","1.3","42.3","1.6","52.0","1.7","9.7","0.7","8.6","0.9","10.7","0.9","442966","1097","207443","910","235523","931","5.9","0.2","6.3","0.3","5.5","0.3","10.4","0.3","10.7","0.4","10.1","0.4","28.8","0.5","30.0","0.5","27.7","0.6","21.6","0.4","20.4","0.5","22.7","0.5","6.8","0.3","6.6","0.4","7.0","0.3","16.9","0.3","16.5","0.4","17.2","0.4","9.7","0.2","9.6","0.3","9.8","0.3","83.7","0.4","83.0","0.5","84.4","0.5","26.6","0.4","26.1","0.5","27.0","0.5","114407","997","54928","679","59479","554","87.2","0.6","85.7","0.9","88.6","0.9","32.2","1.0","30.0","1.3","34.2","1.3","89215","749","42949","528","46266","442","84.3","0.8","83.3","1.2","85.2","0.9","26.7","0.9","26.1","1.2","27.3","1.2","165014","754","79385","472","85629","569","84.3","0.6","83.5","0.7","85.0","0.7","25.2","0.6","24.1","0.7","26.2","0.7","74330","732","30181","424","44149","629","76.5","0.9","76.4","1.3","76.6","1.2","20.8","0.7","24.1","1.1","18.6","0.8","36.1","1.3","29.8","1.7","42.1","1.5","21.4","0.8","19.3","1.0","23.5","1.0","17.6","0.7","13.5","1.0","20.9","0.9","6.1","0.5","5.8","0.7","6.5","0.7","31533","344","35095","640","28488","648","18972","709","21662","586","15197","610","25543","530","27941","1229","22638","870","29154","768","34146","1229","25947","523","44310","874","50555","1463","40664","657","59516","1373","66344","1868","54550","1382","5.9","(X)","(X)","(X)","(X)","(X)",
"5001400US5505","Congressional District 5 (114th Congress), Wisconsin","58184","865","29331","571","28853","612","9.6","0.7","10.3","1.1","8.9","1.1","30.5","1.5","34.8","2.1","26.2","1.7","47.5","1.5","45.2","1.8","49.8","2.1","12.4","0.9","9.7","1.4","15.1","1.2","496903","1048","239463","804","257440","929","2.2","0.2","2.2","0.2","2.3","0.2","4.3","0.2","4.7","0.3","4.0","0.2","28.1","0.4","27.8","0.5","28.4","0.5","21.3","0.4","21.9","0.6","20.8","0.5","9.5","0.3","9.2","0.3","9.9","0.3","23.4","0.5","22.6","0.6","24.1","0.6","11.1","0.2","11.7","0.3","10.6","0.3","93.5","0.3","93.1","0.3","93.7","0.3","34.5","0.5","34.3","0.6","34.7","0.6","87900","1194","44736","727","43164","728","95.6","0.5","94.7","0.7","96.6","0.5","41.2","1.2","34.5","1.4","48.1","1.7","89058","857","45009","512","44049","523","95.2","0.6","94.8","0.7","95.6","0.8","42.7","1.2","39.4","1.5","46.2","1.4","210154","1040","103681","714","106473","643","95.3","0.3","94.6","0.4","96.0","0.3","34.2","0.7","34.4","0.8","34.0","0.9","109791","911","46037","523","63754","720","86.8","0.6","86.9","1.0","86.8","0.8","23.1","0.8","28.8","1.2","18.9","0.8","17.6","1.7","14.4","1.9","20.9","2.3","8.2","0.5","7.0","0.6","9.2","0.6","6.5","0.5","5.0","0.5","7.9","0.6","2.6","0.3","2.2","0.3","2.9","0.4","41479","317","49565","624","33500","447","22471","1096","26206","1593","15852","1551","31854","435","39300","1171","25263","516","37397","683","45379","899","30269","675","53246","807","67146","1293","43289","882","68194","1941","83656","2634","56633","1377","3.8","(X)","(X)","(X)","(X)","(X)",
"5001400US5506","Congressional District 6 (114th Congress), Wisconsin","63918","508","33288","351","30630","361","12.3","0.9","14.3","1.1","10.1","1.3","34.3","1.6","37.1","2.0","31.3","2.1","45.2","1.5","42.3","1.9","48.4","2.1","8.2","0.7","6.3","0.9","10.3","1.1","491259","634","244388","496","246871","442","2.8","0.1","2.9","0.2","2.8","0.1","6.1","0.2","7.3","0.3","5.0","0.2","35.7","0.4","36.6","0.5","34.8","0.5","21.1","0.4","20.9","0.5","21.3","0.5","9.7","0.2","9.0","0.3","10.4","0.3","16.6","0.3","15.2","0.3","18.1","0.4","7.9","0.2","8.2","0.3","7.5","0.3","91.0","0.2","89.9","0.4","92.1","0.2","24.5","0.3","23.4","0.4","25.6","0.4","83265","561","44255","436","39010","377","92.2","0.6","90.0","0.9","94.7","0.7","25.8","1.0","19.8","1.1","32.5","1.4","86872","445","45042","359","41830","269","92.8","0.5","91.1","0.9","94.6","0.6","29.0","1.0","25.5","1.2","32.8","1.2","208042","508","105480","363","102562","326","93.2","0.3","92.2","0.5","94.2","0.4","25.1","0.5","24.4","0.6","25.8","0.6","113080","330","49611","208","63469","238","84.8","0.5","83.8","0.9","85.5","0.7","19.0","0.6","22.5","0.9","16.3","0.8","18.7","1.3","16.6","1.6","21.1","1.8","8.4","0.4","6.6","0.5","10.2","0.6","7.1","0.4","5.0","0.5","9.0","0.6","3.0","0.3","2.6","0.4","3.5","0.5","35798","258","43449","395","28202","495","21707","961","26686","1317","15963","1294","30681","311","37281","583","23724","590","34828","478","44456","677","26925","440","46787","761","60415","866","37505","1113","63792","2118","77483","3260","54487","1233","4.1","(X)","(X)","(X)","(X)","(X)",
"5001400US5507","Congressional District 7 (114th Congress), Wisconsin","51521","412","27137","305","24384","248","15.7","0.8","18.1","1.4","13.1","0.9","38.5","1.2","41.5","1.7","35.2","1.7","39.2","1.3","36.7","1.5","42.0","1.8","6.5","0.6","3.7","0.7","9.7","0.8","498795","610","248455","423","250340","403","3.2","0.1","3.4","0.2","3.0","0.1","6.1","0.2","6.9","0.2","5.2","0.2","37.4","0.3","39.0","0.5","35.8","0.5","21.2","0.3","20.7","0.4","21.7","0.4","11.0","0.2","9.9","0.3","12.2","0.3","14.2","0.3","13.2","0.4","15.1","0.4","6.9","0.2","6.8","0.3","6.9","0.2","90.7","0.2","89.6","0.3","91.8","0.2","21.1","0.3","20.1","0.4","22.1","0.4","77717","487","39775","327","37942","315","92.5","0.5","90.8","0.8","94.2","0.6","22.8","0.9","17.3","1.2","28.5","1.2","83306","489","42594","348","40712","259","93.5","0.5","92.1","0.6","94.9","0.6","25.2","0.8","21.3","0.9","29.3","1.0","213317","413","108172","272","105145","254","93.4","0.3","92.1","0.3","94.9","0.3","20.9","0.5","19.9","0.6","21.9","0.6","124455","380","57914","236","66541","248","83.1","0.5","82.5","0.7","83.6","0.6","17.6","0.5","21.3","0.7","14.3","0.6","22.1","1.1","19.2","1.3","25.8","1.6","10.9","0.3","9.5","0.5","12.5","0.5","9.0","0.4","7.7","0.6","10.2","0.5","4.1","0.4","3.8","0.6","4.4","0.4","32078","262","38325","542","26557","233","20691","613","23912","1073","14339","1256","28047","508","33814","637","21936","370","31678","361","39468","789","26199","357","43390","756","52570","1079","36844","901","58111","1183","66300","1862","52831","1138","3.8","(X)","(X)","(X)","(X)","(X)",
"5001400US5508","Congressional District 8 (114th Congress), Wisconsin","60146","318","30944","223","29202","194","15.5","1.1","17.5","1.5","13.4","1.3","34.6","1.4","37.8","2.0","31.3","1.8","42.0","1.1","38.2","1.7","46.2","1.7","7.8","0.7","6.5","0.9","9.2","0.9","488324","410","240413","313","247911","298","3.2","0.2","3.3","0.2","3.1","0.2","5.4","0.2","6.1","0.3","4.7","0.2","36.3","0.4","37.1","0.5","35.4","0.5","20.3","0.3","19.8","0.4","20.7","0.5","11.0","0.3","10.7","0.3","11.2","0.4","17.0","0.4","15.9","0.4","18.1","0.5","6.9","0.2","7.0","0.3","6.8","0.3","91.4","0.2","90.7","0.3","92.2","0.3","24.0","0.5","23.0","0.5","24.9","0.5","88204","336","44814","230","43390","220","92.4","0.7","91.4","0.9","93.4","0.8","27.0","1.1","21.3","1.1","32.8","1.4","89487","335","45313","193","44174","249","93.3","0.6","92.4","0.7","94.3","0.7","30.0","1.0","26.2","1.1","33.8","1.4","205689","382","103293","227","102396","276","94.0","0.3","93.1","0.4","94.8","0.4","23.6","0.6","23.8","0.8","23.5","0.7","104944","228","46993","168","57951","132","84.1","0.6","82.9","0.8","85.1","0.8","16.9","0.7","19.7","0.9","14.7","0.8","19.4","1.4","14.8","1.5","24.7","2.1","9.2","0.5","7.9","0.6","10.6","0.6","8.2","0.5","6.6","0.6","9.7","0.7","3.0","0.3","2.4","0.4","3.6","0.5","35771","295","43396","387","28690","419","22796","1090","26573","875","15595","1472","30405","286","37790","720","22814","516","35249","561","44390","660","27957","639","46751","821","58654","1922","38230","1145","60314","1024","68742","4426","54365","1137","3.9","(X)","(X)","(X)","(X)","(X)",
"5001400US5600","Congressional District (at Large) (114th Congress), Wyoming","57289","524","30332","439","26957","258","13.7","1.2","15.3","1.8","11.9","1.2","30.9","1.6","33.6","2.3","27.7","1.9","48.7","1.5","45.8","2.1","51.9","2.2","6.8","1.0","5.3","1.2","8.5","1.3","381098","602","192440","584","188658","401","2.1","0.2","2.4","0.3","1.8","0.2","5.6","0.3","5.8","0.4","5.4","0.4","29.4","0.5","32.0","0.8","26.7","0.6","27.4","0.5","26.2","0.7","28.6","0.6","10.4","0.4","9.2","0.5","11.6","0.5","16.8","0.4","16.1","0.6","17.5","0.5","8.3","0.3","8.2","0.4","8.4","0.4","92.3","0.3","91.8","0.4","92.8","0.4","25.1","0.5","24.4","0.6","25.9","0.7","80624","708","42441","576","38183","379","92.8","0.7","92.1","1.1","93.6","0.9","26.3","1.1","22.5","1.5","30.6","1.6","68930","599","35712","471","33218","353","94.3","0.8","93.8","1.1","95.0","0.8","26.0","1.2","22.1","1.4","30.1","1.8","156321","610","79112","396","77209","439","93.6","0.4","93.0","0.6","94.2","0.6","25.4","0.7","24.9","1.0","25.9","0.9","75223","327","35175","216","40048","249","87.2","0.8","86.9","1.2","87.4","1.0","22.5","1.1","27.6","1.7","18.0","1.2","19.9","1.7","14.9","1.9","25.6","2.8","10.2","0.7","7.9","0.7","12.9","1.1","7.4","0.5","5.5","0.6","9.0","0.8","4.1","0.5","4.3","0.8","4.0","0.6","37006","497","48196","1053","27160","398","23347","2033","31675","2018","13404","1324","31870","639","43740","1249","22029","735","34571","833","46866","1377","25957","536","46095","1153","54710","1769","38312","1555","59420","1370","66667","1786","54635","1472","4.9","(X)","(X)","(X)","(X)","(X)",
"5001400US7298","Resident Commissioner District (at Large) (114th Congress), Puerto Rico","371200","178","187587","*****","183613","176","13.9","0.5","17.0","0.5","10.7","0.6","28.8","0.6","32.4","0.7","25.1","0.8","50.8","0.6","46.4","0.8","55.3","0.9","6.5","0.3","4.2","0.4","8.9","0.5","2431475","174","1125525","*****","1305950","175","18.2","0.2","19.1","0.2","17.4","0.2","9.8","0.1","11.1","0.2","8.8","0.2","26.8","0.2","29.6","0.3","24.3","0.3","12.5","0.2","12.9","0.2","12.1","0.2","9.1","0.1","8.0","0.2","10.1","0.2","17.0","0.2","13.7","0.2","19.9","0.2","6.6","0.1","5.6","0.1","7.4","0.2","71.9","0.2","69.8","0.3","73.8","0.3","23.6","0.2","19.3","0.2","27.3","0.2","468088","176","226717","*****","241371","175","85.6","0.4","82.0","0.6","89.0","0.5","28.6","0.4","21.3","0.6","35.5","0.6","466706","120","223409","*****","243297","119","83.6","0.4","79.1","0.7","87.9","0.5","30.3","0.5","22.9","0.6","37.0","0.7","914551","120","422306","*****","492245","117","74.6","0.3","70.9","0.5","77.7","0.4","24.4","0.3","19.8","0.4","28.2","0.4","582130","*****","253093","*****","329037","*****","47.4","0.5","48.6","0.7","46.5","0.6","13.1","0.3","13.7","0.4","12.7","0.4","61.8","0.5","60.2","0.7","63.4","0.6","46.1","0.5","40.0","0.6","52.4","0.7","33.7","0.5","25.4","0.6","40.3","0.7","13.6","0.4","10.9","0.5","15.3","0.4","18262","149","17936","211","18595","188","10891","180","11493","228","9596","294","14902","157","15509","148","13564","263","17373","143","19169","317","16265","168","26135","234","30771","440","24189","307","36955","559","45994","1547","33458","676","4.7","(X)","(X)","(X)","(X)","(X)",
