,district,incumbent,party,dem_24,rep_24,tot_24,dem_pct_24,rep_pct_24,dem_20,rep_20,tot_20,dem_pct_20,rep_pct_20,2p_tot_24,dem_2p_24,rep_2p_24,2p_tot_20,dem_2p_20,rep_2p_20,dem_16,rep_16,tot_16,2p_tot_16,dem_2p_16,rep_2p_16,lean_16,lean_20,lean_24
2,AK-AL,Nick Begich,(R),140026,184458,338177,41.41,54.54,153778,189951,357569,43.01,53.12,324484,43.153437457625024,56.84656254237497,343729,44.73815127615069,55.26184872384932,116454,163387,309407,279841,41.61434528893193,58.38565471106807,-9.498943641780947,-7.5316836480557825,-6.096508673942708
3,AL-01,Barry Moore,(R),73003,257060,332700,21.94,77.26,79112,243258,325715,24.29,74.68,330063,22.117898704186775,77.88210129581323,322370,24.540745106554578,75.45925489344542,64080,220085,293420,284165,22.550278887266202,77.4497211127338,-28.563010043446674,-27.729089817651893,-27.132047427380957
4,AL-02,Shomari Figures,(D),155603,131721,290033,53.65,45.42,174051,135333,312225,55.75,43.34,287324,54.155935459620494,45.844064540379506,309384,56.257272515708635,43.742727484291365,163388,131758,303364,295146,55.358365012570054,44.64163498742995,4.245076081857178,3.9874375915021645,4.905989328052762
5,AL-03,Mike Rogers,(R),82654,229676,314869,26.25,72.94,93357,225360,322031,28.99,69.98,312330,26.463676239874488,73.53632376012551,318717,29.291503120323043,70.70849687967696,79538,200498,289677,280036,28.402776785841823,71.59722321415818,-22.710512144871053,-22.978331803883428,-22.786269891693244
6,AL-04,Robert Aderholt,(R),53098,267953,323449,16.42,82.84,60121,262473,325713,18.46,80.58,321051,16.538805361142,83.461194638858,322594,18.636738439028626,81.36326156097138,51956,236405,297488,288361,18.017693099968444,81.98230690003156,-33.09559583074443,-33.633096485177845,-32.71114077042573
7,AL-05,Dale Strong,(R),122344,224704,351650,34.79,63.9,122867,216418,344866,35.63,62.75,347048,35.25276042507088,64.74723957492911,339285,36.21350781791119,63.78649218208881,92178,189897,298086,282075,32.67854294070726,67.32145705929274,-18.434745990005617,-16.056327106295278,-13.99718570649685
8,AL-06,Gary Palmer,(R),105388,239984,349125,30.19,68.74,107324,241583,353116,30.39,68.41,345372,30.514343953765792,69.4856560462342,348907,30.760059270808554,69.23994072919145,80052,225254,319686,305306,26.22025115785474,73.77974884214525,-24.893037772858136,-21.509775653397917,-18.73560217780194
9,AL-07,Terri Sewell,(D),180321,111517,294526,61.22,37.86,212792,116745,332305,64.04,35.13,291838,61.788046793083836,38.211953206916164,329537,64.5730221492579,35.426977850742105,198415,114732,322103,313147,63.36161611000585,36.63838388999416,12.248327179292971,12.303187225051424,12.538100661516104
10,AR-01,Rick Crawford,(R),72183,196035,273446,26.4,71.69,80516,197832,286792,28.07,68.98,268218,26.91206406728855,73.08793593271146,278348,28.926379927285268,71.07362007271473,82710,178526,274701,261236,31.66102681100614,68.33897318899386,-19.452262119706738,-23.343454996921203,-22.33788206427918
11,AR-02,French Hill,(R),131089,180710,319500,41.03,56.56,140254,183964,333041,42.11,55.24,311799,42.04279038739701,57.95720961260299,324218,43.259165129634994,56.740834870365,120843,166843,306119,287686,42.005172305916865,57.99482769408313,-9.108116624796011,-9.010669794571477,-7.20715574417072
12,AR-03,Steve Womack,(R),112073,189161,309672,36.19,61.08,110479,180794,300274,36.79,60.21,301234,37.20463161528912,62.79536838471089,291273,37.92970855520422,62.07029144479578,82476,156678,259373,239154,34.486565142126,65.513434857874,-16.62672378858688,-14.340126369002249,-12.045314516278616
13,AR-04,Bruce Westerman,(R),81560,193335,280058,29.12,69.03,92683,198057,298962,31.0,66.25,274895,29.66951017661289,70.33048982338711,290740,31.878310517988577,68.12168948201142,94416,182697,290299,277113,34.07129943380498,65.92870056619502,-17.041989496907895,-20.391524406217894,-19.580435954954844
14,AZ-01,David Schweikert,(R),216232,230237,450734,47.97,51.08,231887,225013,462784,50.11,48.62,446469,48.43158203593082,51.56841796406917,456900,50.75224337929525,49.24775662070475,165645,181468,371758,347113,47.72077104574014,52.27922895425985,-3.392517884972733,-1.5175915449112196,-0.8183640956369089
15,AZ-02,Eli Crane,(R),174969,237306,416477,42.01,56.98,183714,215659,405633,45.29,53.17,412275,42.43987629616154,57.560123703838464,399373,46.00060594982635,53.99939405017364,130295,162484,317058,292779,44.50285027273131,55.49714972726869,-6.610438657981568,-6.26922897438012,-6.810069835406189
16,AZ-03,Yassamin Ansari,(D),147522,62762,213222,69.19,29.44,170840,54754,229285,74.51,23.88,210284,70.15369690513782,29.846303094862186,225594,75.72896442281267,24.271035577187337,121424,36498,170143,157922,76.88859057002824,23.111409429971758,25.775301639315366,23.459129498606195,20.90375077357009
17,AZ-04,Greg Stanton,(D),182893,159723,347506,52.63,45.96,201238,162975,371497,54.17,43.87,342616,53.38133654003315,46.61866345996684,364213,55.252832820355124,44.747167179644876,136013,128842,292378,264855,51.35375960431179,48.6462403956882,0.24047067359891372,2.982997896148653,4.131390408465421
18,AZ-05,Andy Biggs,(R),175673,264571,445025,39.47,59.45,171278,239646,417419,41.03,57.41,440244,39.90355348397706,60.09644651602293,410924,41.68118678879793,58.31881321120207,103832,166365,293915,270197,38.428257900716886,61.571742099283114,-12.68503102999599,-10.58864813540854,-9.346392647590669
19,AZ-06,Juan Ciscomani,(R),216024,219323,440175,49.08,49.83,214896,214580,436079,49.28,49.21,435347,49.621106841209425,50.378893158790575,429476,50.03678901731412,49.96321098268588,155070,173737,354405,328807,47.16140471461982,52.83859528538017,-3.951884216093056,-2.2330459068923503,0.3711607096416927
20,AZ-07,Adelita Grijalva,(D),170352,108028,281685,60.48,38.35,194860,97580,296840,65.64,32.87,278380,61.194051296788565,38.80594870321144,292440,66.6324716181097,33.3675283818903,149723,70427,236125,220150,68.00953895071542,31.99046104928458,16.896250020002547,14.362636693903234,11.944105165220833
21,AZ-08,Abe Hamadeh,(R),162183,226186,392023,41.37,57.7,171266,225761,402630,42.54,56.07,388369,41.76002719063571,58.239972809364296,397027,43.137116619272746,56.86288338072726,116708,176019,313776,292727,39.869229691828906,60.1307703081711,-11.24405923888397,-9.132718304933725,-7.4899189409320215
22,AZ-09,Paul Gosar,(R),137012,262106,402472,34.04,65.12,132165,225719,363126,36.4,62.16,399118,34.3286947719722,65.6713052280278,357884,36.929563769266025,63.07043623073398,82457,156561,255099,239018,34.4982386263796,65.5017613736204,-16.615050304333273,-15.340271154940446,-14.92125135959553
23,CA-01,VACANT (LaMalfa),(R),118090,199649,326893,36.12,61.07,136550,203077,348189,39.22,58.32,317739,37.165724069125915,62.834275930874085,339627,40.20587291351983,59.79412708648017,106000,170897,297539,276897,38.28138260797336,61.718617392026644,-12.831906322739513,-12.063962010686637,-12.084222062441818
24,CA-02,Jared Huffman,(D),276863,100474,390600,70.88,25.72,310592,101570,422441,73.52,24.04,377337,73.37287358515067,26.62712641484933,412162,75.35677718955168,24.643222810448318,251091,85392,364279,336483,74.62219488057346,25.37780511942654,23.508905949860583,23.086942265345208,24.12292745358294
25,CA-03,Kevin Kiley,(R),201922,218497,434048,46.52,50.34,211790,219762,442451,47.87,49.67,420419,48.028752268570166,51.971247731429834,431552,49.07635696277622,50.92364303722378,148225,175609,349009,323834,45.77190782931996,54.22809217068004,-5.341381101392919,-3.193477961430254,-1.2211938629975663
26,CA-04,Mike Thompson,(D),225203,115410,351669,64.04,32.82,250308,113844,373278,67.06,30.5,340613,66.11697146027898,33.88302853972103,364152,68.73723060699928,31.262769393000724,199588,91994,313567,291582,68.4500414977605,31.549958502239505,17.33675256704762,16.467395682792805,16.867025328711243
27,CA-05,Tom McClintock,(R),151686,219092,380505,39.86,57.58,171424,220770,401076,42.74,55.04,370778,40.91019424021922,59.08980575978079,392194,43.70898075952208,56.29101924047792,126636,175706,321883,302342,41.88501762904261,58.11498237095739,-9.228271301670269,-8.560854164684393,-8.339751891348513
28,CA-06,Ami Bera,(D),166463,124666,301412,55.23,41.36,192873,131468,333336,57.86,39.44,291129,57.17843292835821,42.82156707164178,324341,59.466117450461084,40.533882549538916,139951,97012,255192,236963,59.060275232842265,40.93972476715774,7.946986302129389,7.196282526254613,7.92848679679048
29,CA-07,Doris Matsui,(D),195104,103118,309198,63.1,33.35,228897,102737,339420,67.44,30.27,298222,65.42240344441389,34.577596555586105,331634,69.0209688994494,30.979031100550607,173116,72303,261124,245419,70.538955826566,29.461044173434004,19.42566689585312,16.75113397524293,16.172457312846156
30,CA-08,John Garamendi,(D),200015,75771,285116,70.15,26.58,244070,70550,321343,75.95,21.95,275786,72.52543638908429,27.47456361091571,314620,77.57612357764923,22.423876422350773,192312,49541,255375,241853,79.51606967868912,20.48393032131088,28.402780747976244,25.306288653442756,23.27549025751656
31,CA-09,Josh Harder,(D),122904,127491,258203,47.6,49.38,157640,121642,285397,55.24,42.62,250395,49.084047205415445,50.91595279458455,279282,56.44474044156086,43.55525955843914,118734,89925,220655,208659,56.90336865411988,43.09663134588012,5.790079723407004,4.174905517354389,-0.16589892615228763
32,CA-10,Mark DeSaulnier,(D),247321,119198,379290,65.21,31.43,280973,119815,409383,68.63,29.27,366519,67.47835719294225,32.52164280705775,400788,70.10514286854895,29.89485713145104,211297,93720,324554,305017,69.27384375297115,30.72615624702885,18.16055482225827,17.835307944342482,18.228411061374523
33,CA-11,Nancy Pelosi,(D),295463,50870,361182,81.8,14.08,339795,46210,393814,86.28,11.73,346333,85.31182416922441,14.688175830775583,386005,88.02865247859484,11.971347521405164,312188,32219,363048,344407,90.64507980383674,9.35492019616326,39.53179087312386,35.758817554388365,36.061878037656676
34,CA-12,Lateefah Simon,(D),269148,33869,318386,84.54,10.64,328830,31734,368206,89.31,8.62,303017,88.82273931825607,11.177260681743928,360564,91.19878856458216,8.801211435417846,285851,21158,326129,307009,93.10834535795367,6.8916546420463245,41.99505642724079,38.92895364037569,39.57279318668834
35,CA-13,Adam Gray,(D),100559,112433,218799,45.96,51.39,125261,100222,230706,54.29,43.44,212992,47.21257136418269,52.787428635817314,225483,55.55230327785243,44.44769672214757,95740,73456,179395,169196,56.58526206293293,43.41473793706707,5.47197313222005,3.2824683536459602,-2.037374767385039
36,CA-14,VACANT (Swalwell),(D),191274,88263,290778,65.78,30.35,239561,87626,334248,71.67,26.22,279537,68.42528895995879,31.57471104004121,327187,73.21837359063778,26.78162640936223,191587,63695,271329,255282,75.04916131963867,24.950838680361326,23.935872388925794,20.94853866643131,19.17534282839106
37,CA-15,Kevin Mullin,(D),220603,74250,305590,72.19,24.3,272883,71552,351079,77.73,20.38,294853,74.81796013606781,25.1820398639322,344435,79.22626910737876,20.773730892621252,222841,51514,288191,274355,81.22359716425798,18.77640283574201,30.110308233545105,26.956434183172284,25.56801400450008
38,CA-16,Sam Liccardo,(D),249344,82398,344065,72.47,23.95,288193,85593,382082,75.43,22.4,331742,75.16202350018992,24.837976499810093,373786,77.10106852584099,22.89893147415901,244067,64281,327900,308348,79.15309974444459,20.84690025555541,28.039810813731712,24.831233601634516,25.912077368622185
39,CA-17,Ro Khanna,(D),176438,76249,264323,66.75,28.85,219542,76381,301898,72.72,25.3,252687,69.82472386786816,30.175276132131845,295923,74.18889373249122,25.811106267508777,180644,49348,243900,229992,78.54360151657448,21.45639848342551,27.430312585861607,21.919058808284753,20.574777736300426
40,CA-18,Zoe Lofgren,(D),149269,79571,236237,63.19,33.68,190117,72029,267951,70.95,26.88,228840,65.22854396084601,34.77145603915399,262146,72.52332669581072,27.47667330418927,149674,47503,209358,197177,75.90844773984796,24.091552260152046,24.79515880913508,20.253491771604253,15.978597829278279
41,CA-19,Jimmy Panetta,(D),246403,116909,376513,65.44,31.05,283245,119900,412573,68.65,29.06,363312,67.82132161888404,32.17867838111596,403145,70.25883987151025,29.741160128489753,228207,92925,343781,321132,71.06330107245618,28.936698927543812,19.950012141743308,17.989004947303776,18.57137548731631
42,CA-20,Vince Fong,(R),110642,210246,328446,33.69,64.01,127496,214492,349862,36.44,61.31,320888,34.47994315773728,65.52005684226272,341988,37.28084026340105,62.71915973659894,86186,169533,270759,255719,33.703400998752535,66.29659900124746,-17.40988793196034,-14.988994660805417,-14.77000297383045
43,CA-21,Jim Costa,(D),101220,93644,200112,50.58,46.8,133827,87856,226362,59.12,38.81,194864,51.94391986205764,48.05608013794236,221683,60.36863449159385,39.63136550840615,100670,63046,172953,163716,61.49063011556598,38.50936988443402,10.377341184853101,8.098799567387381,2.6939737304899083
44,CA-22,David Valadao,(R),79359,89469,173377,45.77,51.6,103963,79681,188155,55.25,42.35,168828,47.005828417087216,52.994171582912784,183644,56.6111607240095,43.388839275990506,80935,57626,146731,138561,58.411096917603075,41.588903082396925,7.297807986890199,4.34132579980303,-2.2441177144805167
45,CA-23,Jay Obernolte,(R),110434,156700,274456,40.24,57.09,130953,160218,298346,43.89,53.7,267134,41.34030112228319,58.65969887771681,291171,44.97460255313888,55.02539744686112,94354,129659,237660,224013,42.11987697142577,57.88012302857424,-8.993411959287108,-7.295232371067591,-7.909645009284539
46,CA-24,Salud Carbajal,(D),214713,126508,352206,60.96,35.92,240344,130117,379418,63.35,34.29,341221,62.92490790426146,37.07509209573854,370461,64.87700459697511,35.12299540302488,192277,110464,325104,302741,63.51204494931311,36.48795505068689,12.398756018600231,12.607169672768642,13.674961772693727
47,CA-25,Raul Ruiz,(D),125529,119328,250727,50.07,47.59,150324,109749,265268,56.67,41.37,244857,51.26624928019211,48.73375071980789,260073,57.80069442041273,42.19930557958727,115402,79731,204939,195133,59.14017618752339,40.85982381247662,8.026887256810511,5.530859496206261,2.016303148624381
48,CA-26,Julia Brownley,(D),190849,145316,345925,55.17,42.01,222994,147422,378303,58.95,38.97,336165,56.772418306486394,43.2275816935136,370416,60.200963241328665,39.79903675867133,172791,119201,310253,291992,59.17662127729527,40.82337872270473,8.063332346582392,7.9311283171221945,7.522472174918661
49,CA-27,George Whitesides,(D),157170,145061,311417,50.47,46.58,188108,145890,341467,55.09,42.72,302231,52.00326902270118,47.996730977298824,333998,56.32009772513607,43.67990227486392,137453,111663,264932,249116,55.17630340885371,44.823696591146295,4.063014478140836,4.050262800929602,2.7533228911334504
50,CA-28,Judy Chu,(D),204263,115237,330517,61.8,34.87,242549,117111,366847,66.12,31.92,319500,63.932081377151796,36.0679186228482,359660,67.43841405772119,32.56158594227882,187981,87369,291791,275350,68.26983838750681,31.73016161249319,17.156549456793933,15.168579133514719,14.682135245584064
51,CA-29,Luz Rivas,(D),154257,72714,234315,65.83,31.03,204924,63885,274903,74.54,23.24,226971,67.96330808781738,32.03669191218261,268809,76.23405466334833,23.765945336651676,167514,35752,215103,203266,82.41122470063857,17.58877529936143,31.297935769925694,23.96421973914186,18.71336195624965
52,CA-30,Laura Friedman,(D),233138,94036,338818,68.81,27.75,273895,98576,379374,72.2,25.98,327174,71.25810730681533,28.741892693184667,372471,73.53458390049158,26.465416099508417,227402,64161,308087,291563,77.9941213391274,22.005878660872607,26.880832408414527,21.264748976285112,22.0081611752476
53,CA-31,Gil Cisneros,(D),151581,106588,266185,56.95,40.04,198028,102679,307073,64.49,33.44,258169,58.71386572361516,41.28613427638485,300707,65.8541370836063,34.145862916393696,156396,67936,238158,224332,69.71631332132732,30.283686678672684,18.603024390614443,13.584302159399833,9.463919592047425
54,CA-32,Brad Sherman,(D),224304,114803,349320,64.21,32.86,271209,112044,390332,69.48,28.7,339107,66.1454939001554,33.85450609984459,383253,70.76500379644777,29.23499620355222,222716,79312,318390,302028,73.740183029388,26.259816970612,22.62689409867513,18.4951688722413,16.89554776858767
55,CA-33,Pete Aguilar,(D),129054,107755,243888,52.92,44.18,168266,99017,273478,61.53,36.21,236809,54.49708414798424,45.50291585201576,267283,62.95424699662904,37.045753003370955,129374,67186,207883,196560,65.81908831908831,34.18091168091168,14.705799388375432,10.684412072422568,5.247138016416507
56,CA-34,Jimmy Gomez,(D),156740,48092,214539,73.06,22.42,205043,42309,253290,80.95,16.7,204832,76.52124668020622,23.478753319793782,247352,82.89522623629483,17.104773763705165,166571,20440,198317,187011,89.07016164824529,10.92983835175471,37.95687271753241,30.62539131208836,27.271300548638486
57,CA-35,Norma Torres,(D),131010,105937,244123,53.67,43.39,173588,97138,276741,62.73,35.1,236947,55.29084563214558,44.70915436785442,270726,64.11944179724149,35.880558202758515,129417,60059,200403,189476,68.30258185733285,31.697418142667143,17.189292926619977,11.849606873035022,6.040899500577851
58,CA-36,Ted Lieu,(D),261912,111106,385620,67.92,28.81,299046,113323,421108,71.01,26.91,373018,70.21430601204231,29.785693987957686,412369,72.51903028598173,27.480969714018272,248098,88950,358360,337048,73.60910018751038,26.390899812489614,22.495811256797502,20.249195361775257,20.964359880474582
59,CA-37,Sydney Kamlager-Dove,(D),184950,42949,235124,78.66,18.27,239814,34760,279846,85.69,12.42,227899,81.15437101523042,18.84562898476957,274574,87.34038911186055,12.659610888139444,204880,16919,231849,221799,92.37192232607,7.628077673929999,41.25863339535713,35.070554187654075,31.904424883662692
60,CA-38,Linda Sanchez,(D),166559,119143,294877,56.48,40.4,217122,114836,338870,64.07,33.89,285702,58.298156820743294,41.701843179256706,331958,65.40646708318522,34.59353291681478,172158,77300,264220,249458,69.01281979331189,30.987180206688098,17.899530862599015,13.136632158978749,9.048210689175562
61,CA-39,Mark Takano,(D),125934,103033,236224,53.31,43.62,165291,95616,266730,61.97,35.85,228967,55.00093899994323,44.99906100005678,260907,63.35245892214467,36.64754107785533,126358,67163,205670,193521,65.29420579678691,34.70579420321309,14.180916866074035,11.0826239979382,5.750992868375498
62,CA-40,Young Kim,(R),184651,193734,391393,47.18,49.5,212169,204203,424992,49.92,48.05,378385,48.79976743264135,51.20023256735864,416372,50.95659650504837,49.04340349495163,153235,167909,340682,321144,47.71535510549785,52.28464489450215,-3.397933825215027,-1.313238419158104,-0.4501786989263792
63,CA-41,Ken Calvert,(R),165922,187430,362808,45.73,51.66,178995,182973,368474,48.58,49.66,353352,46.95657587901017,53.04342412098983,361968,49.45050391194802,50.54949608805198,120855,137273,271090,258128,46.81979483047171,53.18020516952829,-4.293494100241169,-2.819331012258452,-2.2933702525575654
64,CA-42,Robert Garcia,(D),159940,79492,248059,64.48,32.05,207750,74998,289669,71.72,25.89,239432,66.79975943065254,33.20024056934746,282748,73.4753207803415,26.52467921965849,169862,50761,234937,220623,76.99197273176414,23.00802726823586,25.87868380105126,21.205485856135034,17.54981329908481
65,CA-43,Maxine Waters,(D),162845,53435,223449,72.88,23.91,218764,46043,270782,80.79,17.0,216280,75.29360088773812,24.70639911226188,264807,82.61261975703059,17.387380242969407,185173,25041,220096,210214,88.08785333041567,11.912146669584327,36.97456439970279,30.342784832824115,26.04365475617039
66,CA-44,Nanette Barragan,(D),164053,79136,251106,65.33,31.51,213507,72413,292791,72.92,24.73,243189,67.4590544802602,32.540945519739786,285920,74.67368494683828,25.326315053161725,177642,44780,235011,222422,79.86709947756967,20.132900522430337,28.75381054685679,22.403850022631808,18.209108348692475
67,CA-45,Derek Tran,(D),159879,154900,324363,49.29,47.76,186196,164111,357137,52.14,45.95,314779,50.79087232629876,49.20912767370123,350307,53.15223503955102,46.84776496044898,147167,110889,273405,258056,57.02909446011718,42.970905539882814,5.915805529404302,0.8824001153445522,1.5409261947310284
68,CA-46,Lou Correa,(D),125174,86462,218362,57.32,39.6,162579,85483,253538,64.12,33.72,211636,59.145892003250864,40.854107996749136,248062,65.53966347122898,34.46033652877104,129505,52908,193744,182413,70.99548826015689,29.004511739843103,19.882199329444013,13.269828547022506,9.895945871683132
69,CA-47,Dave Min,(D),182428,167325,362462,50.33,46.16,212948,169641,390918,54.47,43.4,349753,52.159095132850894,47.840904867149106,382589,55.65972884740545,44.34027115259455,154198,131616,304040,285814,53.95047128552135,46.04952871447865,2.8371823548084762,3.3898939231989758,2.9091490012831613
70,CA-48,Darrell Issa,(R),152884,209800,371854,41.11,56.42,167285,215540,391616,42.72,55.04,362684,42.153500016543326,57.84649998345668,382825,43.69751191797819,56.30248808202181,114587,175666,307909,290253,39.47831719224263,60.52168280775737,-11.634971738470249,-8.572323006228281,-7.096446115024406
71,CA-49,Mike Levin,(D),202287,172361,385546,52.47,44.71,221230,174975,405298,54.58,43.17,374648,53.99388225747902,46.00611774252098,396205,55.83725596597721,44.16274403402279,160308,142290,322391,302598,52.97721729819761,47.02278270180239,1.863928367484732,3.5674210417707357,4.74393612591129
72,CA-50,Scott Peters,(D),234873,124867,372180,63.11,33.55,262795,129606,401947,65.38,32.24,359740,65.28965363873908,34.71034636126091,392401,66.9710321839139,33.028967816086094,197412,108457,326413,305869,64.54135593996122,35.45864406003877,13.428067009248345,14.701197259707435,16.03970750717135
73,CA-51,Sara Jacobs,(D),204059,124434,338858,60.22,36.72,231182,130132,370060,62.47,35.17,328493,62.119740755510776,37.88025924448923,361314,63.983681783711674,36.016318216288326,174545,105799,299006,280344,62.261007904574384,37.73899209542562,11.147718973861508,11.713846859505203,12.869794623943044
74,CA-52,Juan Vargas,(D),159494,102478,269073,59.28,38.09,205523,93111,304934,67.4,30.53,261972,60.88207900080924,39.11792099919075,298634,68.82103176463498,31.17896823536503,170895,58244,241869,229139,74.58136764147525,25.41863235852474,23.468078710762377,16.55119684042851,11.63213286924151
75,CO-01,Diana DeGette,(D),280661,75479,365908,76.7,20.63,315904,72379,397310,79.51,18.22,356140,78.80636828213625,21.193631717863763,388283,81.35921479951479,18.64078520048521,246634,63455,334973,310089,79.53652016034106,20.463479839658937,28.42323122962818,29.089379875308317,29.556422150568515
76,CO-02,Joe Neguse,(D),295692,123973,431634,68.51,28.72,306400,128491,446260,68.66,28.79,419665,70.4590566285013,29.540943371498695,434891,70.4544357091777,29.545564290822295,242986,121475,399225,364461,66.66995920002414,33.330040799975855,15.556670269311262,18.18460078497123,21.20911049693357
77,CO-03,Jeff Hurd,(R),178501,218065,406672,43.89,53.62,184181,218187,412128,44.69,52.94,396566,45.01167523186557,54.98832476813443,402368,45.77426634324797,54.22573365675203,139358,189660,357266,329018,42.355737376070614,57.644262623929386,-8.757551554642262,-6.495568580958498,-4.238270899702165
78,CO-04,Lauren Boebert,(R),182901,267114,461367,39.64,57.9,174553,256585,442183,39.48,58.03,450015,40.64331188960368,59.35668811039632,431138,40.48657274468964,59.51342725531037,117337,217525,365046,334862,35.04040470402733,64.95959529597268,-16.072884226685545,-11.783262179516832,-8.606634241964052
79,CO-05,Jeff Crank,(R),165522,199615,375301,44.1,53.19,160880,198614,373408,43.08,53.19,365137,45.33147832183537,54.66852167816464,359494,44.75179001596688,55.24820998403312,107229,175679,314303,282908,37.902427644322536,62.097572355677464,-13.21086128639034,-7.518044908239588,-3.9184678097323626
80,CO-06,Jason Crow,(D),210533,139305,360149,58.46,38.68,232517,141195,383771,60.59,36.79,349838,60.18014052218456,39.81985947781544,373712,62.2182322216038,37.781767778396194,173994,130081,332723,304075,57.22075145934391,42.77924854065609,6.107462528631032,9.948397297397328,10.930194390616826
81,CO-07,Brittany Pettersen,(D),249924,183164,445524,56.1,41.11,256166,190987,459940,55.7,41.52,433088,57.70744052017142,42.292559479828576,447153,57.28822125760087,42.71177874239913,185568,173918,394772,359486,51.620369082523375,48.37963091747662,0.5070801518104986,5.018386333394396,8.457494388603685
82,CO-08,Gabe Evans,(R),164425,170726,344318,47.75,49.58,173751,158170,341951,50.81,46.26,335151,49.05997595113844,50.94002404886155,331921,52.347094639989635,47.65290536001036,125764,130691,281939,256455,49.039402624242065,50.960597375757935,-2.0738863064708113,0.07725971578316404,-0.1899701804292917
83,CT-01,John Larson,(D),208405,129726,343851,60.61,37.73,227830,126759,359895,63.3,35.22,338131,61.63439613640867,38.36560386359133,354589,64.25185214431356,35.74814785568644,194466,118324,327259,312790,62.1714249176764,37.8285750823236,11.05813598696352,11.982017220107089,12.384450004840936
84,CT-02,Joe Courtney,(D),205994,175984,388477,53.03,45.3,214158,169366,391348,54.72,43.28,381978,53.92823670473169,46.07176329526831,383524,55.83953025104035,44.16046974895965,172514,160603,353384,333117,51.78781028887748,48.21218971112252,0.6745213581646041,3.5696953268338802,4.678290573163956
85,CT-03,Rosa DeLauro,(D),191831,143737,342110,56.07,42.01,213122,142174,359820,59.23,39.51,335568,57.16605874219234,42.83394125780766,355296,59.98435107628569,40.01564892371431,179608,134228,326342,313836,57.22989077097592,42.77010922902408,6.116601840263044,7.71451615207922,7.916112610624609
86,CT-04,Jim Himes,(D),206080,127034,338387,60.9,37.54,230411,120230,355456,64.82,33.82,333114,61.864706977190984,38.13529302280901,350641,65.71136860777833,34.288631392221674,190493,113120,316448,303613,62.742043324890574,37.25795667510943,11.628754394177697,13.441533683571855,12.614760845623252
87,CT-05,Jahana Hayes,(D),179743,160437,345604,52.01,46.42,195160,156762,357217,54.63,43.88,340180,52.83761538009289,47.16238461990711,351922,55.45547024624775,44.54452975375226,160336,146834,321222,307170,52.19780577530357,47.80219422469642,1.084516844590695,3.1856353220412785,3.5876692485251596
88,DE-AL,Sarah McBride,(D),289758,214351,511697,56.63,41.89,296268,200603,504010,58.78,39.8,504109,57.47923564149817,42.520764358501836,496871,59.626744164984466,40.37325583501553,235603,185127,441590,420730,55.998621443681216,44.001378556318784,4.88533251296834,7.356909240777995,8.229289509930439
89,FL-01,Jimmy Patronis,(R),130210,287054,421568,30.89,68.09,139194,275547,421983,32.99,65.3,417264,31.205663560719355,68.79433643928064,414741,33.56166860763706,66.43833139236295,103970,243249,367242,347219,29.9436378769595,70.0563621230405,-21.169651053753377,-18.70816631656941,-18.044282570848377
90,FL-02,Neal Dunn,(R),166158,239978,410127,40.51,58.51,180607,225757,410746,43.97,54.96,406136,40.91191128095023,59.08808871904978,406364,44.44463584372632,55.55536415627369,159976,204914,381032,364890,43.84225382992135,56.157746170078646,-7.271035100791529,-7.825199080480154,-8.338034850617504
91,FL-03,Kat Cammack,(R),155748,240137,399639,38.97,60.09,166687,222032,392680,42.45,56.54,395885,39.341728027078574,60.658271972921426,388719,42.881104345298276,57.11889565470173,141371,192669,348275,334040,42.321578254101304,57.6784217458987,-8.791710676611572,-9.388730578908195,-9.908218104489158
92,FL-04,Aaron Bean,(R),173072,220106,397132,43.58,55.42,184152,210911,400004,46.04,52.73,393178,44.01873960394529,55.98126039605471,395063,46.61332496336028,53.38667503663973,149004,185561,347759,334565,44.53663712582009,55.4633628741799,-6.576651804892784,-5.6565099608461935,-5.23120652762244
93,FL-05,John Rutherford,(R),168926,262439,436333,38.71,60.15,176903,244278,426534,41.47,57.27,431365,39.16080349587936,60.83919650412064,421181,42.001657244747506,57.998342755252494,131386,209914,358884,341300,38.495751538236156,61.504248461763844,-12.61753739247672,-10.268177679458965,-10.089142635688376
94,FL-06,Randy Fine,(R),152754,285616,441578,34.59,64.68,160980,262018,426794,37.72,61.39,438370,34.84590642607843,65.15409357392157,422998,38.056917526796816,61.943082473203184,133086,218572,365067,351658,37.845292869776884,62.154707130223116,-13.267996060935992,-14.212917397409655,-14.404039705489303
95,FL-07,Cory Mills,(R),184389,237638,426813,43.2,55.68,202049,226044,432716,46.69,52.24,422027,43.691280415708,56.308719584292,428093,47.19745475866225,52.802545241337754,163729,192372,374512,356101,45.97824774431973,54.02175225568027,-5.1350411863931456,-5.072380165544217,-5.558665715859732
96,FL-08,Mike Haridopolos,(R),177212,280406,461931,38.36,60.7,186758,267849,459670,40.63,58.27,457618,38.724875332701075,61.27512466729893,454607,41.08119760584417,58.91880239415583,149043,231383,399442,380426,39.17792159316135,60.822078406838656,-11.935367337551526,-11.188637318362304,-10.525070798866658
97,FL-09,Darren Soto,(D),170042,158367,332322,51.17,47.65,198451,139043,340752,58.24,40.8,328409,51.77750914256308,48.22249085743692,337494,58.801341653481245,41.198658346518755,171065,97224,280154,268289,63.76146618012666,36.238533819873346,12.648177249413784,6.531506729274774,2.527563010995351
98,FL-10,Maxwell Frost,(D),182937,114483,301485,60.68,37.97,218958,112414,335201,65.32,33.54,297420,61.50796852935243,38.49203147064757,331372,66.0761923155849,33.923807684415095,191868,94641,301864,286509,66.9675298158173,33.03247018418269,15.854240885104424,13.806357391378434,12.2580223977847
99,FL-11,Daniel Webster,(R),189155,263412,456757,41.41,57.67,188273,234657,426492,44.14,55.02,452567,41.79602136258278,58.20397863741722,422930,44.51635022344123,55.483649776558764,136944,187297,336343,324241,42.2352509398873,57.7647490601127,-8.878037990825575,-7.753484700765242,-7.453924768984955
100,FL-12,Gus Bilirakis,(R),143215,296459,443210,32.31,66.89,150490,273483,428151,35.15,63.88,439674,32.57299726615629,67.42700273384371,423973,35.495184834883354,64.50481516511665,121582,223710,360696,345292,35.211357343929194,64.7886426560708,-15.901931586783682,-16.774650089323117,-16.67694886541144
101,FL-13,Anna Paulina Luna,(R),182362,231968,418303,43.6,55.45,207951,238399,450980,46.11,52.86,414330,44.01370887939565,55.98629112060435,446350,46.58922370337179,53.41077629662821,176056,207561,403093,383617,45.89369084268945,54.10630915731055,-5.2195980880234245,-5.6806112208346775,-5.2362372521720815
102,FL-14,Kathy Castor,(D),190430,163008,357518,53.26,45.59,231590,156409,392644,58.98,39.83,353438,53.879322540304095,46.120677459695905,387999,59.68829816571692,40.31170183428308,198789,125050,340859,323839,61.38513273571127,38.61486726428874,10.27184380499839,7.418463241510452,4.629376408736363
103,FL-15,Laurel Lee,(R),155662,195534,356338,43.68,54.87,176040,187647,367849,47.86,51.01,351196,44.32339776079454,55.67660223920545,363687,48.40425970683582,51.59574029316417,144035,156076,314947,300111,47.99390892036613,52.00609107963386,-3.1193800103467453,-3.8655752173706475,-4.92654837077319
104,FL-16,Vern Buchanan,(R),177608,243281,424610,41.83,57.3,184319,220728,409050,45.06,53.96,420889,42.19829931407093,57.80170068592907,405047,45.50558330267845,54.49441669732155,136445,178008,329225,314453,43.39122221762871,56.60877778237129,-7.722066713084168,-6.764251621528018,-7.0516468174968026
105,FL-17,Greg Steube,(R),176069,287945,467186,37.69,61.63,187427,259237,450114,41.64,57.59,464014,37.944760287405124,62.055239712594876,446664,41.961519173248796,58.038480826751204,151876,214866,380937,366742,41.41221894410785,58.58778105589215,-9.701069986605027,-10.308315750957675,-11.305185844162608
106,FL-18,Scott Franklin,(R),124323,229013,356098,34.91,64.31,133424,213235,349949,38.13,60.93,353336,35.185489166119496,64.8145108338805,346659,38.48854349663502,61.51145650336498,111665,175415,298794,287080,38.89682318517487,61.10317681482513,-12.21646574553801,-13.781291427571453,-14.064456965448237
107,FL-19,Byron Donalds,(R),150278,275172,428204,35.09,64.26,169589,260674,433251,39.14,60.17,425450,35.32212950993066,64.67787049006934,430263,39.41519489242626,60.584805107573736,134048,218191,363814,352239,38.0559790369607,61.94402096303931,-13.057309893752176,-12.854640031780214,-13.92781662163707
108,FL-20,VACANT (Cherfilus-McCormick),(D),207864,89156,299724,69.35,29.75,252405,78222,332578,75.89,23.52,297020,69.9831661167598,30.016833883240185,330627,76.3413151376022,23.65868486239781,228981,60010,295755,288991,79.2346474457682,20.765352554231793,28.121358515055327,24.071480213395724,20.733219985192072
109,FL-21,Brian Mast,(R),188603,264124,455972,41.36,57.93,199069,240849,442839,44.95,54.39,452727,41.6593222847323,58.340677715267695,439918,45.25138775862774,54.74861224137225,162089,200663,375659,362752,44.683144407198306,55.316855592801694,-6.430144523514571,-7.018447165578728,-7.590623846835435
110,FL-22,Lois Frankel,(D),197003,176046,376334,52.35,46.78,229942,160705,393104,58.49,40.88,373049,52.808880334754946,47.19111966524505,390647,58.86183690134572,41.13816309865428,197951,129990,337434,327941,60.36177239198515,39.63822760801486,9.248483461272272,6.5920019771392475,3.5589342031872135
111,FL-23,Jared Moskowitz,(D),195684,188302,387455,50.5,48.6,232548,177952,412845,56.33,43.1,383986,50.9612329616184,49.03876703838161,410500,56.64993909866018,43.35006090133983,199270,148433,358007,347703,57.3104057198241,42.689594280175896,6.19711678911122,4.380104174453706,1.7112868300506676
112,FL-24,Frederica Wilson,(D),191104,102190,295841,64.6,34.54,245449,83302,330498,74.27,25.2,293294,65.15782798147933,34.84217201852067,328751,74.66106566976222,25.338934330237777,236598,50237,293373,286835,82.48574964700961,17.514250352990395,31.372460716296736,22.391230745555752,15.907881849911597
113,FL-25,Debbie Wasserman Schultz,(D),184023,165217,352829,52.16,46.83,229439,152844,384550,59.66,39.75,349240,52.69241782155538,47.307582178444626,382283,60.018101772770436,39.981898227229564,209145,114367,333718,323512,64.64829743564381,35.35170256435619,13.535008504930936,7.748266848563965,3.4424716899876486
114,FL-26,Mario Diaz-Balart,(R),101483,211711,315221,32.19,67.16,126831,184088,312563,40.58,58.9,313194,32.40260030524212,67.59739969475788,310919,40.79229638587542,59.207703614124576,130371,120448,258392,250819,51.97811967992856,48.021880320071446,0.8648307492156846,-11.477538538331054,-16.847345826325615
115,FL-27,Maria Elvira Salazar,(R),142906,192461,338014,42.28,56.94,178067,179207,359223,49.57,49.89,335367,42.61182525412458,57.38817474587541,357274,49.8404585836081,50.1595414163919,175743,122321,308545,298064,58.96149820172849,41.03850179827151,7.848209271015612,-2.429376340598374,-6.63812087744315
116,FL-28,Carlos Gimenez,(R),123817,208901,335003,36.96,62.36,159454,181199,342665,46.53,52.88,332718,37.21379666865033,62.786203331349675,340653,46.808335755152605,53.191664244847395,158889,114744,283595,273633,58.0664612820822,41.9335387179178,6.953172351369325,-5.461499169053866,-12.0361494629174
117,GA-01,Buddy Carter,(R),152070,209540,363589,41.82,57.63,144314,189725,338574,42.62,56.04,361610,42.05359365061807,57.94640634938193,334039,43.202739799843734,56.79726020015627,110607,155973,274027,266580,41.49110961062345,58.508890389376546,-9.62217932008943,-9.067095124362737,-7.196352480949663
118,GA-02,Sanford Bishop,(D),169577,145474,316317,53.61,45.99,173621,140787,317280,54.72,44.37,315051,53.82525368908526,46.17474631091474,314408,55.22155924785629,44.77844075214371,150531,124987,280721,275518,54.63563179175226,45.36436820824773,3.522342861039384,2.9517243236498203,4.575307557517526
119,GA-03,Brian Jack,(R),145886,270196,418554,34.85,64.55,132438,248375,385533,34.35,64.42,416082,35.0618387721651,64.9381612278349,380813,34.777699290727995,65.222300709272,97676,210579,317474,308255,31.686752850724236,68.31324714927575,-19.42653607998864,-17.492135633478476,-14.188107359402629
120,GA-04,Hank Johnson,(D),234429,71937,309663,75.7,23.23,248593,65346,317482,78.3,20.58,306366,76.51926127572904,23.48073872427097,313939,79.18512832110697,20.81487167889303,201353,55295,264373,256648,78.45492659206383,21.54507340793616,27.34163766135095,26.915293396900502,27.269315144161304
121,GA-05,Nikema Williams,(D),299983,48165,351733,85.29,13.69,298038,45300,347583,85.75,13.03,348148,86.16536645334743,13.834633546652572,343338,86.80600457857854,13.193995421421455,245682,36974,292351,282656,86.91908185214537,13.080918147854636,35.80579292143249,34.53616965437207,36.9154203217797
122,GA-06,Lucy McBath,(D),280411,92612,376079,74.56,24.63,272649,90780,367715,74.15,24.69,373023,75.17257648992152,24.827423510078468,363429,75.02125587116053,24.97874412883947,208026,81373,299005,289399,71.88207284752194,28.117927152478067,20.768783916809063,22.751420946954063,25.922630358353793
123,GA-07,Rich McCormick,(R),166264,261716,432786,38.42,60.47,160882,240034,406792,39.55,59.01,427980,38.84854432450114,61.15145567549886,400916,40.12860549342007,59.87139450657993,103939,199602,317129,303541,34.24216168491242,65.75783831508758,-16.87112724580046,-12.141229430786403,-10.401401807066591
124,GA-08,Austin Scott,(R),119340,225184,345955,34.5,65.09,117889,209159,330441,35.68,63.3,344524,34.639096260347614,65.36090373965239,327048,36.04639074386634,63.95360925613366,93873,179794,279771,273667,34.301907062232566,65.69809293776743,-16.81138186848031,-16.22344418034013,-14.610849871220118
125,GA-09,Andrew Clyde,(R),130776,267538,401323,32.59,66.66,121352,239320,365489,33.2,65.48,398314,32.83238851760169,67.1676114823983,360672,33.64608286753615,66.35391713246385,79279,194713,283542,273992,28.934786417121668,71.06521358287833,-22.17850251359121,-18.62375205667032,-16.41755761396604
126,GA-10,Mike Collins,(R),162887,249036,414479,39.3,60.08,146057,226098,376859,38.76,60.0,411923,39.54306994268346,60.45693005731654,372155,39.246281791189155,60.753718208810845,105431,187360,301949,292791,36.008962024105934,63.99103797589407,-15.104326906606943,-13.023553133017316,-9.706876188884273
127,GA-11,Barry Loudermilk,(R),159023,257070,420016,37.86,61.2,149016,234589,390136,38.2,60.13,416093,38.21813873340816,61.78186126659184,383605,38.84620899101941,61.1537910089806,101813,200830,316537,302643,33.641286928823725,66.35871307117627,-17.47200200188915,-13.423625933187061,-11.031807398159572
128,GA-12,Rick Allen,(R),149015,198465,349195,42.67,56.84,151146,185743,340948,44.33,54.48,347480,42.88448256014735,57.11551743985266,336889,44.86522266978144,55.134777330218554,121481,159486,287771,280967,43.23675022333583,56.76324977666416,-7.876538707377044,-7.404612254425032,-6.365463571420385
129,GA-13,VACANT (Scott),(D),257537,103350,364212,70.71,28.38,248807,104096,356696,69.75,29.18,360887,71.36222695746868,28.637773042531318,352903,70.50294273497249,29.4970572650275,183801,98554,290158,282355,65.09571284376051,34.90428715623949,13.982423913047633,18.233107810766022,22.112280825900946
130,GA-14,Clay Fuller,(R),120819,262833,386145,31.29,68.07,108830,242501,356187,30.55,68.08,383652,31.491820712520724,68.50817928747928,351331,30.976486561106192,69.0235134388938,74471,203584,287565,278055,26.782830734926545,73.21716926507345,-24.33045819578633,-21.29334836310028,-17.75812541904701
131,HI-01,Ed Case,(D),153039,91498,248840,61.5,36.77,178660,96350,279670,63.88,34.45,244537,62.58316737344452,37.41683262655549,275010,64.96491036689575,35.03508963310425,131565,63534,208431,195099,67.43499454123292,32.56500545876709,16.32170561052005,12.69507544268928,13.333221241876785
132,HI-02,Jill Tokuda,(D),160005,102163,267861,59.73,38.14,187470,100514,294799,63.59,34.1,262168,61.03147600012206,38.96852399987794,287984,65.09736652036224,34.90263347963776,135326,65313,220506,200639,67.44750522081948,32.55249477918052,16.334216290106603,12.827531596155772,11.78152986855433
133,IA-01,Mariannette Miller-Meeks,(R),190502,226309,422996,45.04,53.5,203400,215742,426927,47.64,50.53,416811,45.70464790996399,54.29535209003601,419142,48.527706600627,51.472293399373,177850,189883,396628,367733,48.36389445603196,51.63610554396805,-2.749394474680919,-3.742128323579472,-3.545298221603744
134,IA-02,Ashley Hinson,(R),186017,227941,419694,44.32,54.31,203246,222312,433378,46.9,51.3,413958,44.93620125713237,55.06379874286763,425558,47.75988231921383,52.24011768078617,180282,198955,408684,379237,47.53808304569438,52.46191695430562,-3.575205885018498,-4.509952604992641,-4.313744874435365
135,IA-03,Zach Nunn,(R),199043,217645,422161,47.15,51.55,205591,207043,420101,48.94,49.28,416688,47.767874284836616,52.23212571516338,412634,49.82405715476669,50.1759428452333,165874,177109,370226,342983,48.36216372240024,51.63783627759977,-2.7511252083126365,-2.445777769439779,-1.4820718467311167
136,IA-04,Randy Feenstra,(R),131716,255124,391998,33.6,65.08,146824,252575,406128,36.15,62.19,386840,34.04921931547927,65.95078068452072,399399,36.761233753714954,63.23876624628504,129663,235036,390493,364699,35.553428992127756,64.44657100787225,-15.55985993858512,-15.508601170491517,-15.200726816088462
137,ID-01,Russ Fulcher,(R),126556,343893,482249,26.24,71.31,132085,302868,447457,29.52,67.69,470449,26.90110936573359,73.09889063426641,434953,30.367648918388884,69.63235108161112,86263,221000,344543,307263,28.074646150040845,71.92535384995915,-23.03864278067203,-21.902186005817587,-22.348836765834143
138,ID-02,Mike Simpson,(R),148416,261353,422563,35.12,61.85,154936,251251,419904,36.9,59.84,409769,36.21943094768028,63.78056905231973,406187,38.144007563019,61.855992436981,103499,188058,345881,291557,35.498718946895465,64.50128105310455,-15.614569983817411,-14.125827361187469,-13.030515183887452
139,IL-01,Jonathan Jackson,(D),214180,109215,327524,65.39,33.35,260631,103984,369753,70.49,28.12,323395,66.22860588444472,33.77139411555528,364615,71.48115135142548,28.518848648574526,258515,86153,359512,344668,75.00406187983799,24.995938120162013,23.890772949125115,19.21131642721901,16.978659752876986
140,IL-02,Robin Kelly,(D),196188,97557,297831,65.87,32.76,231924,98000,334668,69.3,29.28,293745,66.78854108155032,33.21145891844968,329924,70.29618942544343,29.703810574556567,228009,88360,330104,316369,72.07058845841406,27.929411541585935,20.95729952770119,18.02635450123696,17.53859494998259
141,IL-03,Delia Ramirez,(D),172024,88947,264637,65.0,33.61,207342,84147,297395,69.72,28.29,260971,65.91690264435512,34.08309735564488,291489,71.13201527330362,28.867984726696378,184409,65684,267054,250093,73.73617014470616,26.263829855293828,22.62288121399329,18.86218034909715,16.666956512787387
142,IL-04,Chuy Garcia,(D),133997,74150,211284,63.42,35.09,175301,62731,242543,72.28,25.86,208147,64.37613801784316,35.62386198215684,238032,73.64598037238692,26.354019627613095,164935,49530,227807,214465,76.90532254680251,23.09467745319749,25.792033616089633,21.376145448180445,15.126191886275429
143,IL-05,Mike Quigley,(D),254128,115335,373934,67.96,30.84,275679,117237,400256,68.88,29.29,369463,68.78307164722854,31.216928352771454,392916,70.16232477170693,29.83767522829307,235988,98390,360070,334378,70.5752172690787,29.424782730921294,19.46192833836583,17.892489847500464,19.533125515660807
144,IL-06,Sean Casten,(D),190484,170365,366334,52.0,46.51,216368,173185,396914,54.51,43.63,360849,52.78773115624541,47.21226884375459,389553,55.54263476343399,44.45736523656601,180640,151235,356452,331875,54.430131826742,45.569868173258,3.3168428960291223,3.272799839227517,3.5377850246776745
145,IL-07,Danny Davis,(D),227588,46357,277166,82.11,16.73,274896,41082,321060,85.62,12.8,273945,83.07799010750333,16.92200989249667,315978,86.99846191823481,13.001538081765185,272562,31019,317580,303581,89.78229862870207,10.217701371297942,38.66900969798919,34.72862699402834,33.82804397593559
146,IL-08,Raja Krishnamoorthi,(D),162610,141333,307970,52.8,45.89,189430,138017,333628,56.78,41.37,303943,53.500162859483524,46.499837140516476,327447,57.85058345320005,42.14941654679994,158507,113058,290368,271565,58.367978200430834,41.632021799569166,7.254689269717957,5.580748528993581,4.250216727915792
147,IL-09,Jan Schakowsky,(D),234534,107886,346306,67.72,31.15,267524,108596,382482,69.94,28.39,342420,68.49307867531103,31.50692132468898,376120,71.12729979793683,28.87270020206317,233480,88297,342357,321777,72.55956765088865,27.440432349111344,21.446278720175776,18.857464873730358,19.243132543743293
148,IL-10,Brad Schneider,(D),198884,126235,329534,60.35,38.31,220357,128416,355522,61.98,36.12,325119,61.17267831163359,38.82732168836641,348773,63.180636115754375,36.819363884245625,186067,112732,322655,298799,62.271627415085064,37.72837258491494,11.158338484372187,10.910801191547904,11.922732180065857
149,IL-11,Bill Foster,(D),198860,157499,361856,54.96,43.53,215328,157129,380478,56.59,41.3,356359,55.80327703243078,44.196722967569215,372457,57.812848194556686,42.187151805443314,171819,136492,332333,308311,55.72911767663171,44.27088232336829,4.615828745918833,5.543013270350215,6.553330900863045
150,IL-12,Mike Bost,(R),102645,264477,372700,27.54,70.96,106204,270198,383257,27.71,70.5,367122,27.95937045450831,72.04062954549168,376402,28.21557802562154,71.78442197437846,95310,251552,366997,346862,27.477786554883497,72.5222134451165,-23.63550237582938,-24.05425689858493,-21.290575677059422
151,IL-13,Nikki Budzinski,(D),180464,145725,331866,54.38,43.91,195393,155142,358904,54.44,43.23,326189,55.32498030283056,44.67501969716943,350535,55.741366767940434,44.258633232059566,176530,147579,348727,324109,54.46624438074845,45.53375561925155,3.352955450035573,3.4715318437339633,6.075034171262828
152,IL-14,Lauren Underwood,(D),173949,156554,335428,51.86,46.67,191028,151016,348998,54.74,43.27,330503,52.63159487205865,47.36840512794135,342044,55.848955105191145,44.151044894808855,157151,130645,310095,287796,54.60499798468359,45.39500201531641,3.491709053970716,3.579120180984674,3.381648740490917
153,IL-15,Mary Miller,(R),111678,263292,381405,29.28,69.03,117057,270236,395434,29.6,68.34,374970,29.783182654612368,70.21681734538762,387293,30.224403746001087,69.77559625399891,102580,244940,370924,347520,29.517725598526706,70.4822744014733,-21.59556333218617,-22.045431178205384,-19.466763476955364
154,IL-16,Darin LaHood,(R),147743,236254,390305,37.85,60.53,152633,238789,400519,38.11,59.62,383997,38.47504016958466,61.52495983041534,391422,38.99448676875597,61.005513231244024,125721,213029,367027,338750,37.11321033210332,62.88678966789668,-14.000078598609555,-13.275348155450502,-10.774905961983073
155,IL-17,Eric Sorensen,(D),162905,147899,316290,51.5,46.76,174821,148985,331627,52.72,44.93,310804,52.41406159508887,47.58593840491113,323806,53.98942576728041,46.01057423271959,158506,137320,319863,295826,53.58082115838364,46.41917884161636,2.467532227670766,1.719590843073938,3.164115463521135
156,IN-01,Frank Mrvan,(D),161625,160330,327083,49.41,49.02,181832,153364,340700,53.37,45.01,321955,50.20111506266404,49.79888493733596,335196,54.24647072160765,45.75352927839234,165956,128967,313114,294923,56.27095886044832,43.729041139551676,5.157669929735441,1.9766357974011797,0.951168931096305
157,IN-02,Rudy Yakym,(R),107778,187182,299603,35.97,62.48,117687,187968,311424,37.79,60.36,294960,36.53986981285598,63.46013018714402,305655,38.50321440840163,61.49678559159837,99794,172718,290652,272512,36.62003875058713,63.37996124941287,-14.493250180125749,-13.766620515804838,-12.71007631871175
158,IN-03,Marlin Stutzman,(R),107772,207946,321172,33.56,64.75,111650,209890,328584,33.98,63.88,315718,34.13552600738634,65.86447399261365,321540,34.723518069291536,65.27648193070846,87898,187915,293561,275813,31.868693643881908,68.13130635611809,-19.244595286830968,-17.546316854914934,-15.114420124181393
159,IN-04,Jim Baird,(R),114999,213001,333994,34.43,63.77,118417,219029,345309,34.29,63.43,328000,35.06067073170732,64.93932926829268,337446,35.09213325984009,64.9078667401599,89720,192817,303286,282537,31.755132956037617,68.24486704396239,-19.35815597467526,-17.17770166436638,-14.189275399860414
160,IN-05,Victoria Spartz,(R),150105,212150,369170,40.66,57.47,151397,210212,369022,41.03,56.96,362255,41.43628107272501,58.56371892727499,361609,41.867597321969306,58.132402678030694,113722,189864,325741,303586,37.459566646683314,62.54043335331669,-13.653722284029563,-10.402237602237165,-7.813665058842723
161,IN-06,Jefferson Shreve,(R),107012,212902,325612,32.86,65.39,109391,215307,331748,32.97,64.9,319914,33.45023975193333,66.54976024806668,324698,33.69007508515605,66.30992491484395,83828,194382,297501,278210,30.131195859243014,69.86880414075698,-20.982093071469862,-18.579759839050418,-15.7997063796344
162,IN-07,Andre Carson,(D),189586,77134,271247,69.89,28.44,213498,84813,303734,70.29,27.92,266720,71.08053389322136,28.919466106778646,298311,71.56893309331537,28.43106690668463,187181,84036,289346,271217,69.01521659777964,30.984783402220362,17.901927667066765,19.299098169108895,21.830587761653625
163,IN-08,Mark Messmer,(R),103784,223051,332397,31.22,67.1,112346,225275,343948,32.66,65.5,326835,31.75424908593021,68.24575091406979,337621,33.27577372260612,66.72422627739388,96921,206009,320574,302930,31.994520186181624,68.00547981381837,-19.118768744531252,-18.994061201600353,-17.495697045637524
164,IN-09,Erin Houchin,(R),121011,226651,353491,34.23,64.12,126197,223661,356696,35.38,62.7,347662,34.8070827412832,65.1929172587168,349858,36.07092020191049,63.929079798089504,108135,200532,326753,308667,35.03289953250591,64.9671004674941,-16.080389398206968,-16.19891472229598,-14.44286339028453
165,KS-01,Tracey Mann,(R),103889,200988,310550,33.45,64.72,110422,206364,323819,34.1,63.73,304877,34.07570922043972,65.92429077956028,316786,34.85696968931708,65.14303031068293,85010,182300,287317,267310,31.802027608394745,68.19797239160525,-19.31126132231813,-17.412865234889388,-15.174236911128013
166,KS-02,Derek Schmidt,(R),120738,181316,307903,39.21,58.89,130954,183352,321754,40.7,56.99,302054,39.9723228296927,60.02767717030729,314306,41.664492564570835,58.335507435429165,105015,158407,284752,263422,39.86569079272043,60.13430920727958,-11.247598137992448,-10.605342359635635,-9.277623301875032
167,KS-03,Sharice Davids,(D),203405,187105,397590,51.16,47.06,205621,187731,401921,51.16,46.71,390510,52.08701441704437,47.91298558295562,393352,52.27404462161118,47.725955378388825,146168,164241,340884,310409,47.08884085190829,52.91115914809171,-4.024448078804589,0.004209697404711221,2.83706828547664
168,KS-04,Ron Estes,(R),116821,189393,311548,37.5,60.79,123326,193958,324810,37.97,59.71,306214,38.15011723827128,61.84988276172872,317284,38.869277996999536,61.13072200300047,90812,166070,280732,256882,35.35164005263117,64.64835994736883,-15.761648878081708,-13.400556927206935,-11.099828893296454
169,KY-01,James Comer,(R),88125,250232,342750,25.71,73.01,98100,248460,351824,27.88,70.62,338357,26.044976164228906,73.9550238357711,346560,28.306786703601105,71.6932132963989,84440,228580,325717,313020,26.97591208229506,73.02408791770493,-24.137376848417816,-23.963048220605366,-23.204969967338826
170,KY-02,Brett Guthrie,(R),100536,245734,351285,28.62,69.95,108502,237998,352498,30.78,67.52,346270,29.033990816414935,70.96600918358507,346500,31.313708513708516,68.68629148629148,86587,210823,312050,297410,29.113681449850375,70.88631855014962,-21.9996074808625,-20.956126410497955,-20.215955315152797
171,KY-03,Morgan McGarvey,(D),194712,131797,332190,58.61,39.68,220429,138649,365965,60.23,37.89,326509,59.63449705827405,40.36550294172596,359078,61.387497980940076,38.612502019059924,185507,133555,336720,319062,58.14136437432224,41.85863562567777,7.02807544360936,9.117663056733605,10.384550926706318
172,KY-04,Thomas Massie,(R),117644,250916,374804,31.39,66.95,122980,244777,374537,32.84,65.35,368560,31.919904493162576,68.08009550683742,367757,33.44055993495705,66.55944006504295,94420,214576,327274,308996,30.557029864464262,69.44297013553573,-20.556259066248614,-18.82927498924942,-17.330041638405156
173,KY-05,Hal Rogers,(R),55275,257630,316756,17.45,81.33,64435,258817,327397,19.68,79.05,312905,17.665106022594717,82.33489397740529,323252,19.93336468142502,80.06663531857498,55923,237010,302043,292933,19.090713576141987,80.90928642385802,-32.02257535457089,-32.33647024278145,-31.584840108973015
174,KY-06,Andy Barr,(R),147751,201185,355524,41.56,56.59,158028,197944,363215,43.51,54.5,348936,42.34329504550978,57.65670495449022,355972,44.39337925454811,55.606620745451885,121970,178413,319571,300383,40.604827836462114,59.39517216353788,-10.508461094250762,-7.8764556696583625,-6.9066510860579555
175,LA-01,Steve Scalise,(R),111933,252925,371800,30.11,68.03,116933,265707,389944,29.99,68.14,364858,30.678510543828008,69.32148945617199,382640,30.559533765419193,69.44046623458081,94156,244244,355056,338400,27.823877068557916,72.17612293144208,-23.28941186215496,-21.710301158787278,-18.571435587739725
176,LA-02,Troy Carter,(D),207309,106781,320338,64.72,33.33,235018,109269,350031,67.14,31.22,314090,66.00305644878857,33.99694355121143,344287,68.26223470534757,31.737765294652426,215052,100617,326406,315669,68.12578998888075,31.874210011119242,17.012501058167878,15.992399781141096,16.753110317220838
177,LA-03,Clay Higgins,(R),90504,240932,335959,26.94,71.71,99593,249903,355491,28.02,70.3,331436,27.306629334170097,72.6933706658299,349496,28.4961773525305,71.50382264746949,92366,237126,341005,329492,28.032850569968314,71.96714943003168,-23.080438360744562,-23.773657571675972,-21.943316797397635
178,LA-04,Mike Johnson,(R),78541,254091,336699,23.33,75.47,87192,261304,353970,24.63,73.82,332632,23.611979605089108,76.3880203949109,348496,25.019512419080854,74.98048758091915,79696,247373,337511,327069,24.36672384114667,75.63327615885333,-26.746565089566207,-27.250322505125617,-25.637966526478625
179,LA-05,Julia Letlow,(R),104074,225375,334450,31.12,67.39,114890,234776,355457,32.32,66.05,329449,31.59032202252853,68.40967797747147,349666,32.85706931757735,67.14293068242266,103611,218436,332865,322047,32.17263318708139,67.82736681291861,-18.94065574363149,-19.412765606629122,-17.659624109039203
180,LA-06,Cleo Fields,(D),174508,128401,307729,56.71,41.73,202408,134818,343169,58.98,39.29,302909,57.61070156383601,42.389298436164,337226,60.02146928172798,39.97853071827202,195273,130842,336189,326115,59.8785704429419,40.12142955705809,8.765281512229024,7.75163435752151,8.360755432268277
181,MA-01,Richard Neal,(D),211784,160045,379806,55.76,42.14,235190,150037,393141,59.82,38.16,371829,56.95736481016811,43.042635189831884,385227,61.052314609308276,38.947685390691724,201248,137157,366617,338405,59.46957048506967,40.53042951493033,8.35628155435679,8.782479685101805,7.707418678600376
182,MA-02,Jim McGovern,(D),231966,141308,382912,60.58,36.9,254528,132546,395665,64.33,33.5,373274,62.14362639776678,37.85637360223321,387074,65.75693536636406,34.243064633635946,209107,123066,363362,332173,62.951233242918605,37.0487667570814,11.837944312205728,13.48710044215759,12.893680266199048
183,MA-03,Lori Trahan,(D),208626,140854,357054,58.43,39.45,233536,131375,372676,62.66,35.25,349480,59.69611994963946,40.30388005036053,364911,63.99807076245989,36.00192923754012,195231,121845,344439,317076,61.572304431745074,38.427695568254926,10.459015501032198,11.728235838253418,10.446173818071728
184,MA-04,Jake Auchincloss,(D),237730,158054,403966,58.85,39.13,263669,145121,416487,63.31,34.84,395784,60.065591332646086,39.93440866735391,408790,64.4998654565914,35.5001345434086,217826,132524,378162,350350,62.17382617382617,37.82617382617383,11.060537243113295,12.230030532384923,10.815645201078354
185,MA-05,Katherine Clark,(D),265591,97371,372437,71.31,26.14,298842,94405,399703,74.77,23.62,362962,73.17322474529014,26.82677525470986,393247,75.9934595813827,24.006540418617305,255386,92837,372341,348223,73.33978513768476,26.66021486231524,22.22649620697188,23.723624657176224,23.92327861372241
186,MA-06,Seth Moulton,(D),255729,166654,430682,59.38,38.7,283226,158963,450070,62.93,35.32,422383,60.544340089444894,39.45565991055511,442189,64.05089226552447,35.949107734475525,227630,152986,410546,380616,59.8056834184585,40.1943165815415,8.692394487745624,11.781057341317997,11.294393957877162
187,MA-07,Ayanna Pressley,(D),222693,47009,278443,79.98,16.88,269381,41245,314904,85.54,13.1,269702,82.57002172768463,17.42997827231537,310626,86.7219743356963,13.278025664303698,247479,34540,297480,282019,87.75259822919732,12.247401770802677,36.63930929848444,34.45213941148983,33.3200755961169
188,MA-08,Stephen Lynch,(D),242623,139502,390362,62.15,35.74,277534,130407,414844,66.9,31.44,382125,63.4930978083088,36.506902191691196,407941,68.03287730333552,31.967122696664468,228502,124147,377770,352649,64.7958735172934,35.2041264827066,13.682584586580525,15.763042379129054,14.243151676741064
189,MA-09,Bill Keating,(D),249776,200506,457746,54.57,43.8,266296,183101,457586,58.2,40.01,450282,55.47101594112134,44.528984058878656,449397,59.25629232059849,40.74370767940151,212641,171656,414034,384297,55.33246421387624,44.66753578612375,4.219175283163366,6.986457396392019,6.221069809553605
190,MD-01,Andy Harris,(R),171555,243356,424523,40.41,57.32,171268,230930,410539,41.72,56.25,414911,41.34742149521223,58.652578504787776,402198,42.58300637994222,57.41699362005779,133884,220643,376493,354527,37.76411951699024,62.23588048300975,-13.349169413722635,-9.686828544264252,-7.902524636355501
191,MD-02,Johnny Olszewski,(D),227194,154843,392005,57.96,39.5,232384,150927,391029,59.43,38.6,382037,59.46910901300135,40.53089098699864,383311,60.62544513462959,39.37455486537041,193450,152487,369798,345937,55.9205866964216,44.0794133035784,4.807297765708725,8.355610210423116,10.219162881433618
192,MD-03,Sarah Elfreth,(D),249542,151360,413154,60.4,36.64,255249,149743,413425,61.74,36.22,400902,62.24513721557887,37.75486278442113,404992,63.02568939633375,36.97431060366625,197828,147068,371892,344896,57.35874002597885,42.64125997402115,6.24545109526597,10.755854472127282,12.99519108401114
193,MD-04,Glenn Ivey,(D),240880,33369,281855,85.46,11.84,271589,26247,302947,89.65,8.66,274249,87.83259009148621,12.167409908513797,297836,91.18743200956231,8.81256799043769,270118,22449,302958,292567,92.32688580735353,7.673114192646471,41.21359687664066,38.917597085355844,38.58264395991848
194,MD-05,Steny Hoyer,(D),280941,138217,428752,65.53,32.24,280898,128846,416761,67.4,30.92,419158,67.02508362001917,32.97491637998082,409744,68.55451208559491,31.445487914405092,205347,122588,346917,327935,62.61820177779133,37.381798222208666,11.504912847078451,16.284677161388437,17.775137488451442
195,MD-06,April McClain Delaney,(D),200040,177658,387773,51.59,45.81,200375,163848,371676,53.91,44.08,377698,52.96294923457366,47.03705076542634,364223,55.014373062656674,44.98562693734333,160786,156713,339332,317499,50.64141934305305,49.35858065694695,-0.4718695876598247,2.744538138450203,3.7130031030059243
196,MD-07,Kweisi Mfume,(D),236171,58128,302076,78.18,19.24,251751,54327,310936,80.97,17.47,294299,80.24865867705972,19.751341322940274,306078,82.25060278752476,17.74939721247525,240979,54435,310142,295414,81.5733174460249,18.4266825539751,30.460028515312025,29.980767863318285,30.99871254549199
197,MD-08,Jamie Raskin,(D),296254,78619,385512,76.85,20.39,321508,71547,399296,80.52,17.92,374873,79.0278307586836,20.972169241316394,393055,81.79720395364515,18.202796046354834,275536,66786,363914,342322,80.49029860774358,19.509701392256414,29.377009677030706,29.52736902943868,29.777884627115874
198,ME-01,Chellie Pingree,(D),258863,165214,433356,59.73,38.12,258001,159932,430096,59.99,37.19,424077,61.04150897124815,38.95849102875185,417933,61.73262221456549,38.26737778543451,205601,150452,382326,356053,57.7444930951291,42.255506904870906,6.631204164416225,9.462787290359017,11.791562839680417
199,ME-02,Jared Golden,(D),176789,212763,397438,44.48,53.53,177070,200803,389278,45.49,51.58,389552,45.3826446790159,54.6173553209841,377873,46.85965919766694,53.140340802333064,152134,185141,365609,337275,45.10681194870654,54.89318805129345,-6.006476982006333,-5.410175726539528,-3.8673014525518354
200,MI-01,Jack Bergman,(R),187850,290869,485753,38.67,59.88,182977,274971,465104,39.34,59.12,478719,39.24013878705462,60.759861212945374,457948,39.955846515324886,60.044153484675114,142954,236371,401079,379325,37.686416661174455,62.31358333882554,-13.426872269538421,-12.313988408881585,-10.009807344513113
201,MI-02,John Moolenaar,(R),151066,283908,441509,34.22,64.3,145196,262155,414538,35.03,63.24,434974,34.72989190158493,65.27010809841508,407351,35.643953249163495,64.3560467508365,114523,212052,347334,326575,35.06790170711169,64.93209829288831,-16.04538722360119,-16.625881675042976,-14.520054229982804
202,MI-03,Hillary Scholten,(D),226857,193356,427349,53.08,45.25,222098,186701,416906,53.27,44.78,420213,53.986192716550896,46.01380728344911,408799,54.329389259758464,45.670610740241536,166808,166206,355420,333014,50.09038659035356,49.90961340964644,-1.022902340359316,2.0595543355519936,4.736246584983164
203,MI-04,Bill Huizenga,(R),201773,225809,434160,46.47,52.01,196696,213155,417516,47.11,51.05,427582,47.18931105612491,52.81068894387509,409851,47.99207516878085,52.00792483121916,152485,186625,360411,339110,44.966235144938224,55.03376485506178,-6.147053785774652,-4.27775975542562,-2.060635075442825
204,MI-05,Tim Walberg,(R),151092,265192,422272,35.78,62.8,150368,248430,405836,37.05,61.21,416284,36.29541370794938,63.70458629205062,398798,37.705304439841726,62.294695560158274,120334,208566,347875,328900,36.58680449984798,63.41319550015202,-14.526484430864897,-14.564530484364745,-12.954532423618353
205,MI-06,Debbie Dingell,(D),280089,171949,464014,60.36,37.06,286146,164381,456503,62.68,36.01,452038,61.96138377747003,38.03861622252997,450527,63.513618495672844,36.486381504327156,227231,145719,391114,372950,60.928006435178986,39.07199356482102,9.81471750446611,11.243783571466373,12.7114376459023
206,MI-07,Tom Barrett,(R),224740,230678,462734,48.57,49.85,219465,217141,444296,49.4,48.87,455418,49.34807144205982,50.651928557940174,436606,50.266143845938906,49.7338561540611,174627,189235,386370,363862,47.99264556342789,52.00735443657211,-3.120643367284984,-2.0036910782675648,0.09812531049208673
207,MI-08,Kristen McDonald Rivet,(D),209502,218093,433716,48.3,50.28,215710,207003,429213,50.26,48.23,427595,48.995427916603326,51.004572083396674,422713,51.02989498785227,48.97010501214773,183253,179216,381587,362469,50.55687520863853,49.44312479136147,-0.5564137220743461,-1.2399399363541974,-0.2545182149644063
208,MI-09,Lisa McClain,(R),161552,319082,487198,33.16,65.49,160590,297475,464737,34.56,64.01,480634,33.61227045943483,66.38772954056516,458065,35.058343248228965,64.94165675177103,120932,249882,390276,370814,32.61257665568182,67.38742334431818,-18.500712275031056,-17.211491675977506,-15.6376756721329
209,MI-10,John James,(R),199324,227882,436216,45.69,52.24,209969,214177,429829,48.85,49.83,427206,46.657584397222884,53.342415602777116,424146,49.50394439650498,50.49605560349503,166889,186837,370004,353726,47.18030339867581,52.81969660132418,-3.9329855320370655,-2.765890527701494,-2.5923617343448484
210,MI-11,Haley Stevens,(D),262389,188361,460276,57.01,40.92,273915,182229,462280,59.25,39.42,450750,58.2116472545757,41.7883527454243,456144,60.05011575292013,39.94988424707987,218132,162525,399697,380657,57.30408215269915,42.695917847300855,6.190793221986276,7.780280828713657,8.96170112300797
211,MI-12,Rashida Tlaib,(D),249017,106983,374126,66.56,28.6,285642,97508,387609,73.69,25.16,356000,69.94859550561797,30.051404494382023,383150,74.55095915437818,25.449040845621816,250125,85669,348166,335794,74.48763229837341,25.512367701626594,23.374343367660536,22.281124230171706,20.69864937405024
212,MI-13,Shri Thanedar,(D),231273,94471,333169,69.42,28.36,252697,83907,340610,74.19,24.63,325744,70.99839137482195,29.001608625178054,336604,75.07248874047843,24.927511259521573,230545,70638,310993,301183,76.54648502737538,23.453514972624617,25.433196096662506,22.802653816271963,21.748445243254217
213,MN-01,Brad Finstad,(R),167186,213794,388291,43.06,55.06,172285,208058,388718,44.32,53.52,380980,43.883143472098276,56.116856527901724,380343,45.29727114735909,54.7027288526409,137508,186985,357115,324493,42.37626081302216,57.62373918697784,-8.73702811769072,-6.97256377684738,-5.366802659469457
214,MN-02,Angie Craig,(D),220555,195780,424818,51.92,46.09,221003,190819,420650,52.54,45.36,416335,52.97536839324102,47.02463160675898,411822,53.66469008455109,46.33530991544891,165768,169685,368772,335453,49.416162621887416,50.583837378112584,-1.6971263088254602,1.394855160344619,3.7254222616732875
215,MN-03,Kelly Morrison,(D),251783,161925,422632,59.57,38.31,258543,167402,434448,59.51,38.53,413708,60.860075222137354,39.139924777862646,425945,60.69868175468663,39.30131824531336,197818,155180,387267,352998,56.03941098816424,43.96058901183576,4.926122057451366,8.428846830480161,11.610129090569622
216,MN-04,Betty McCollum,(D),251495,117085,376783,66.75,31.07,268967,119722,396499,67.84,30.19,368580,68.23349069401486,31.76650930598513,388689,69.19851089174122,30.80148910825879,221276,108507,361958,329783,67.09745499313185,32.90254500686815,15.984166062418971,16.92867596753475,18.98354456244713
217,MN-05,Ilhan Omar,(D),292800,65271,367777,79.61,17.75,319407,69135,396493,80.56,17.44,358071,81.77149224595122,18.228507754048778,388542,82.20655682011211,17.793443179887888,266202,65575,363290,331777,80.23521823393423,19.764781766065763,29.121929303221357,29.93672189590564,32.52154611438349
218,MN-06,Tom Emmer,(R),168603,253253,430366,39.18,58.85,165862,238872,413782,40.08,57.73,421856,39.96695554881286,60.03304445118714,404734,40.98049583183029,59.01950416816971,122297,207900,361787,330197,37.03758665281635,62.962413347183656,-14.075702277896525,-11.289339092376181,-9.28299058275487
219,MN-07,Michelle Fischbach,(R),123652,269504,399799,30.93,67.41,128550,260007,395801,32.48,65.69,393156,31.451128814007674,68.54887118599234,388557,33.08394907310897,66.91605092689103,106539,230288,364232,336827,31.63018404106559,68.36981595893441,-19.483104889647286,-19.185885851097503,-17.798817317560058
220,MN-08,Pete Stauber,(R),180905,242420,430450,42.03,56.32,182461,230050,420814,43.36,54.67,423325,42.73430579342113,57.265694206578864,412511,44.23179018256483,55.768209817435164,150308,198831,380392,349139,43.05104843629615,56.94895156370385,-8.062240494416727,-8.038044741641642,-6.5156403381466035
221,MO-01,Wesley Bell,(D),244275,64567,314220,77.74,20.55,278269,71037,355000,78.39,20.01,308842,79.09384086361311,20.90615913638689,349306,79.66338969270497,20.336610307295036,262735,73222,350919,335957,78.20494884762039,21.795051152379617,27.09165991690751,27.393554768498497,29.843894732045378
222,MO-02,Ann Wagner,(R),196255,230556,433971,45.22,53.13,198823,232845,438960,45.29,53.04,426811,45.98171087436828,54.018289125631725,431668,46.05923997145955,53.94076002854046,158720,225231,403950,383951,41.338608311998144,58.66139168800185,-9.774680618714733,-6.2105949527469235,-3.26823525719945
223,MO-03,Bob Onder,(R),146055,254638,406388,35.94,62.66,142584,247108,397210,35.9,62.21,400693,36.450599336649255,63.54940066335074,389692,36.588895845950134,63.411104154049866,117882,231516,368332,349398,33.73860182370821,66.26139817629179,-17.374687107004668,-15.680939078256337,-12.799346794918478
224,MO-04,Mark Alford,(R),106163,265110,375940,28.24,70.52,109920,257315,374598,29.34,68.69,371273,28.5943227759627,71.4056772240373,367235,29.931787547483218,70.06821245251678,89546,229813,336769,319359,28.039291205195404,71.96070879480459,-23.073997725517472,-22.338047376723253,-20.655623355605034
225,MO-05,Emanuel Cleaver,(D),205020,126971,337623,60.72,37.61,217895,125686,350584,62.15,35.85,331991,61.75468612100931,38.24531387899069,343581,63.41881535940579,36.58118464059421,183997,118741,320101,302738,60.777636107789576,39.222363892210424,9.6643471770767,11.14898043519932,12.504739989441575
226,MO-06,Sam Graves,(R),114818,263613,382953,29.98,68.84,115548,255727,377863,30.58,67.68,378431,30.340537640943793,69.6594623590562,371275,31.121944650191907,68.8780553498081,98150,231163,347070,329313,29.80447173357869,70.1955282664213,-21.308817197134186,-21.147890274014564,-18.90940849062394
227,MO-07,Eric Burlison,(R),105495,265470,375382,28.1,70.72,103423,254241,364374,28.38,69.77,370965,28.437992802555495,71.5620071974445,357664,28.916245414690884,71.08375458530912,82189,232326,330930,314515,26.131980986598414,73.8680190134016,-24.981307944114462,-23.353589509515587,-20.811953329012237
228,MO-08,Jason Smith,(R),82518,281060,367119,22.48,76.56,86552,274779,366570,23.61,74.96,363578,22.69609272288202,77.30390727711797,361331,23.953660217363026,76.04633978263698,77849,252499,343378,330348,23.56575490089239,76.43424509910761,-27.547534029820486,-28.316174706843444,-26.55385340868571
229,MS-01,Trent Kelly,(R),99872,219885,324057,30.82,67.85,111535,217291,333728,33.42,65.11,319757,31.23371810468575,68.76628189531425,328826,33.9191548113592,66.08084518864081,96616,198299,301502,294915,32.76062594306835,67.23937405693165,-18.35266298764453,-18.35068011284727,-18.016228026881983
230,MS-02,Bennie Thompson,(D),170917,112590,286455,59.67,39.3,208159,121206,333247,62.46,36.37,283507,60.28669486114981,39.71330513885019,329365,63.20009715664992,36.79990284335008,201803,117922,324055,319725,63.11767925561029,36.88232074438971,12.004390324897415,10.930262232443447,11.03674872958208
231,MS-03,Michael Guest,(R),113023,207443,323626,34.92,64.1,128386,212321,345011,37.21,61.54,320466,35.26832799735386,64.73167200264615,340707,37.68223136008359,62.3177686399164,111864,199550,317517,311414,35.92131374954241,64.0786862504576,-15.191975181170463,-14.58760356412288,-13.981618134213875
232,MS-04,Mike Ezell,(R),82856,207826,293870,28.19,70.72,91318,205946,301772,30.26,68.25,290682,28.504000935730456,71.49599906426954,297264,30.719495128908985,69.28050487109103,74848,184943,266283,259791,28.81085180010085,71.18914819989915,-22.302437130612027,-21.550339795297486,-20.745945195837276
233,MT-01,Ryan Zinke,(R),137405,174604,322059,42.66,54.21,143417,165189,316603,45.3,52.18,312009,44.03879375274431,55.96120624725569,308606,46.47252483749506,53.52747516250494,101342,131086,252193,232428,43.60145937666719,56.39854062333281,-7.51182955404569,-5.797310086711413,-5.211152378823421
234,MT-02,Troy Downing,(R),94501,177475,280904,33.64,63.18,101369,178413,287037,35.32,62.16,271976,34.74608053651792,65.25391946348206,279782,36.231423036506996,63.768576963493004,76367,148154,242333,224521,34.01329942410732,65.98670057589267,-17.099989506605553,-16.038411887699475,-14.50386559504981
235,NC-01,Don Davis,(D),182919,194701,380609,48.06,51.16,195535,189037,387749,50.43,48.75,377620,48.439966103490285,51.560033896509715,384572,50.844835297421554,49.15516470257845,184676,167460,360481,352136,52.44451007565259,47.55548992434741,1.331221144939711,-1.424999626784917,-0.8099800280774474
236,NC-02,Deborah Ross,(D),271376,132352,410662,66.08,32.23,274375,129374,410264,66.88,31.53,403728,67.21753259620338,32.782467403796616,403749,67.95682466086603,32.04317533913397,221522,116605,356956,338127,65.51443688318295,34.485563116817055,14.401147952470076,15.686989736659562,17.96758646463565
237,NC-03,Greg Murphy,(R),147424,230887,381786,38.61,60.48,148669,211944,365705,40.65,57.95,378311,38.96899640771746,61.03100359228254,360613,41.22674446012762,58.77325553987238,126032,184255,321351,310287,40.617879576005436,59.38212042399456,-10.49540935470744,-11.043090464078851,-10.28094972385027
238,NC-04,Valerie Foushee,(D),312671,115458,435313,71.83,26.52,303300,109913,418781,72.42,26.25,428129,73.03195999336648,26.968040006633515,413213,73.40040124584657,26.599598754153426,246910,92998,357301,339908,72.64024383068359,27.3597561693164,21.52695489997071,21.130566321640096,23.782013861798752
239,NC-05,Virginia Foxx,(R),165367,237737,407131,40.62,58.39,167159,228749,400206,41.77,57.16,403104,41.02340835119473,58.976591648805275,395908,42.22167776352082,57.778322236479184,148539,199157,361478,347696,42.72094013160922,57.27905986839078,-8.392348799103658,-10.048157160685648,-8.226537780373
240,NC-06,Addison McDowell,(R),159318,226306,390326,40.82,57.98,157028,218931,380748,41.24,57.5,385624,41.31433728191191,58.68566271808808,375959,41.76732037270022,58.23267962729979,125701,189948,328056,315649,39.82303127841368,60.17696872158632,-11.290257652299196,-10.502514551506252,-7.9356088496558215
241,NC-07,David Rouzer,(R),188984,250257,443261,42.63,56.46,182079,227837,415038,43.87,54.9,439241,43.02512743573573,56.97487256426427,409916,44.41861259379971,55.5813874062003,145404,188896,347162,334300,43.49506431349088,56.50493568650913,-7.618224617221998,-7.851222330406763,-6.224818695831999
242,NC-08,Mark Harris,(R),162688,241935,408938,39.78,59.16,160797,231207,396368,40.57,58.33,404623,40.20730408306004,59.79269591693996,392004,41.019224293629655,58.980775706370345,125654,194792,333489,320446,39.21222296424359,60.78777703575642,-11.90106596646929,-11.250610630576816,-9.042642048507695
243,NC-09,Richard Hudson,(R),158667,219161,381829,41.55,57.4,157590,209219,371496,42.42,56.32,377828,41.99450543633611,58.00549456366389,366809,42.96241368123464,57.03758631876536,126298,178638,316101,304936,41.417871291025,58.582128708975,-9.695417639687875,-9.307421242971827,-7.25544069523162
244,NC-10,Pat Harrigan,(R),168721,242317,415176,40.64,58.36,164107,227817,396712,41.37,57.43,411038,41.04754304954773,58.95245695045227,391924,41.8721486818873,58.1278513181127,134426,192722,340665,327148,41.09027106997444,58.90972893002555,-10.023017860738435,-10.397686242319168,-8.202403082020005
245,NC-11,Chuck Edwards,(R),196320,238092,439574,44.66,54.16,189675,237262,432661,43.84,54.84,434412,45.19212176459214,54.807878235407856,426937,44.42692950013702,55.57307049986298,148019,207561,373237,355580,41.62748186062208,58.37251813937792,-9.485807070090793,-7.84290542406945,-4.057824366975595
246,NC-12,Alma Adams,(D),254841,91752,352991,72.19,25.99,262552,85335,352999,74.38,24.17,346593,73.52745150652206,26.472548493477944,347887,75.47048323162406,24.529516768375938,213377,73884,301193,287261,74.27983610723349,25.720163892766507,23.166547176520616,23.200648307417588,24.277505374954323
247,NC-13,Brad Knott,(R),175125,245091,424917,41.21,57.68,158090,225142,388665,40.68,57.93,420216,41.67499571648866,58.32500428351134,383232,41.25177438209753,58.74822561790247,119692,182050,314339,301742,39.6670002850117,60.3329997149883,-11.446288645701173,-11.018060542108941,-7.574950415079073
248,NC-14,Tim Moore,(R),170950,232364,407378,41.96,57.04,163279,227014,394744,41.36,57.51,403314,42.386329262063796,57.6136707379362,390293,41.83498038653012,58.16501961346988,123066,193665,329755,316731,38.8550536575201,61.1449463424799,-12.258235273192774,-10.434854537676351,-6.863616869503936
249,ND-AL,Julie Fedorchak,(R),112327,246505,365059,30.77,67.52,114902,235595,359890,31.93,65.46,358832,31.303506933606812,68.69649306639319,350497,32.78259157710337,67.21740842289663,93758,216794,337963,310552,30.190757103480255,69.80924289651973,-20.92253182723262,-19.487243347103103,-17.94643919796092
250,NE-01,Mike Flood,(R),136153,177666,318304,42.77,55.82,136956,171957,316440,43.28,54.34,313819,43.38583705894162,56.614162941058375,308913,44.33481271425935,55.66518728574065,101993,151680,271143,253673,40.2064863032329,59.7935136967671,-10.906802627479976,-7.935022209947121,-5.864109072626114
251,NE-02,Don Bacon,(R),163541,148905,316690,51.64,47.02,163239,143429,312940,52.16,45.83,312446,52.34216472606467,47.65783527393533,306668,53.22987726140321,46.77012273859679,122402,127556,265036,249958,48.969026796501815,51.030973203498185,-2.1442621342110613,0.9600423371967395,3.0922185944969343
252,NE-03,Adrian Smith,(R),70301,238245,312165,22.52,76.32,74388,241459,322332,23.08,74.91,308546,22.78460910204637,77.21539089795363,315847,23.551909627129593,76.44809037287041,60099,216725,291997,276824,21.710184088084848,78.28981591191516,-29.40310484262803,-28.717925297076878,-26.46533702952136
253,NH-01,Chris Pappas,(D),208186,199942,411957,50.54,48.53,210310,186410,403198,52.16,46.23,408128,51.00997726203544,48.99002273796456,396720,53.01220004033071,46.98779995966929,170707,176898,372167,347605,49.109477711770545,50.890522288229455,-2.0038112189423316,0.7423651161242404,1.7600311304677092
254,NH-02,Maggie Goodlander,(D),210302,195581,410159,51.27,47.68,214627,179250,400635,53.57,44.74,405883,51.813453630726094,48.186546369273906,393877,54.49086897686334,45.50913102313666,177819,168892,372129,346711,51.28738344038695,48.712616559613046,0.17409450967407025,2.2210340526568686,2.563507499158362
255,NJ-01,Donald Norcross,(D),220600,150098,376377,58.61,39.88,247693,149375,402495,61.54,37.11,370698,59.50935802189383,40.49064197810617,397068,62.380499058095836,37.61950094190416,203453,124314,339091,327767,62.072447805910905,37.927552194089095,10.959158875198028,10.110664133889365,10.2594118903261
256,NJ-02,Jeff Van Drew,(R),166360,214917,386844,43.0,55.56,192481,212664,410535,46.89,51.8,381277,43.63231980948235,56.36768019051765,405145,47.50916338594824,52.49083661405176,153433,177679,342600,331112,46.33870110415811,53.66129889584189,-4.7745878265547645,-4.760671538258229,-5.6176263220853855
257,NJ-03,Herb Conaway,(D),212712,179400,398668,53.36,45.0,248284,186603,440666,56.34,42.35,392112,54.247765944424046,45.752234055575954,434887,57.09161230388584,42.90838769611416,195590,160578,369116,356168,54.91509624671503,45.08490375328497,3.8018073160021544,4.821777379679368,4.997819812856314
258,NJ-04,Chris Smith,(R),142650,268072,416430,34.26,64.37,163106,259059,427724,38.13,60.57,410722,34.73152156446453,65.26847843553547,422165,38.635604562197244,61.364395437802756,120268,217894,348975,338162,35.565202476919346,64.43479752308066,-15.54808645379353,-13.634230362009227,-14.518424567103203
259,NJ-05,Josh Gottheimer,(D),200624,194528,402838,49.8,48.29,240209,186611,432269,55.57,43.17,395152,50.77134874681135,49.22865125318865,426820,56.27875919591396,43.72124080408603,190410,162315,364588,352725,53.9825643206464,46.0174356793536,2.86927538993352,4.008924271707492,1.5214026152436162
260,NJ-06,Frank Pallone,(D),167151,146484,321741,51.95,45.53,197825,133268,335439,58.98,39.73,313635,53.29475345544981,46.70524654455019,331093,59.749073523149086,40.250926476850914,168248,113095,290786,281343,59.8017366701855,40.1982633298145,8.688447739472622,7.479238598942615,4.044807323882075
261,NJ-07,Tom Kean,(R),216349,221591,446499,48.45,49.63,235951,218151,461600,51.12,47.26,437940,49.40151618943234,50.598483810567664,454102,51.959912090235235,48.040087909764765,175248,197287,388097,372535,47.042022897177446,52.957977102822554,-4.07126603353543,-0.30992283397123543,0.15157005786461042
262,NJ-08,Rob Menendez,(D),135328,81523,222455,60.83,36.65,173894,64633,241039,72.14,26.81,216851,62.40598383221659,37.59401616778341,238527,72.90327719713072,27.096722802869277,163542,46366,216168,209908,77.91127541589648,22.08872458410351,26.797986485183607,20.63344227292425,13.15603770064886
263,NJ-09,Nellie Pou,(D),137598,140858,286539,48.02,49.16,185603,126054,315019,58.92,40.01,278456,49.414629241244576,50.585370758755424,311657,59.553611823254414,40.44638817674559,165009,99667,271851,264676,62.34377125239916,37.65622874760084,11.230482321686281,7.283776899047943,0.16468310967684374
264,NJ-10,LaMonica McIver,(D),196329,62565,263460,74.52,23.75,234076,53928,290354,80.62,18.57,258894,75.8337389047255,24.166261095274514,288004,81.27526006583243,18.72473993416758,217131,43223,265683,260354,83.39837298447499,16.60162701552502,32.28508405376211,29.005425141625956,26.58379277315776
265,NJ-11,Analilia Mejia,(D),219563,183688,411672,53.33,44.62,252859,178835,437161,57.84,40.91,403251,54.44822207508475,45.55177792491525,431694,58.573665605729985,41.426334394270015,198538,158881,369254,357419,55.547690525685546,44.45230947431446,4.43440159497267,6.303830681523515,5.198275943517018
266,NJ-12,Bonnie Watson Coleman,(D),205449,124491,339201,60.57,36.7,236355,114094,355052,66.57,32.13,329940,62.26859428987088,37.73140571012911,350449,67.44347965039135,32.55652034960865,197408,100634,307837,298042,66.23496017339838,33.765039826601615,15.121671242685501,15.173644726184882,13.01864815830315
267,NM-01,Melanie Stansbury,(D),194851,150029,353920,55.06,42.39,201158,149225,359557,55.95,41.5,344880,56.49820227325446,43.50179772674554,350383,57.41089036853957,42.58910963146043,146886,122247,309924,269133,54.57747656363211,45.42252343636789,3.4641876329192343,5.141055444333098,7.248256141686731
268,NM-02,Gabe Vasquez,(D),130539,135451,271659,48.05,49.86,137449,121889,264675,51.93,46.05,265990,49.0766570171811,50.923342982818895,259338,52.9999460163956,47.0000539836044,107186,93613,225412,200799,53.37974790711109,46.62025209288891,2.266458976398212,0.7301110921891265,-0.17328911438663397
269,NM-03,Teresa Leger Fernandez,(D),153411,137911,297824,51.51,46.31,163007,130780,299733,54.38,43.63,291322,52.66028655576991,47.3397134442301,293787,55.48475596265321,44.51524403734678,131162,103807,262983,234969,55.82098063999932,44.17901936000068,4.707691709286443,3.2149210384467395,3.4103404242021753
270,NV-01,Dina Titus,(D),168452,160877,335276,50.24,47.98,172621,144973,324286,53.23,44.71,329329,51.150065739731396,48.849934260268604,317594,54.35272706663225,45.64727293336776,136880,110379,262978,247259,55.35895558907866,44.641044410921346,4.245666658365785,2.082892142425777,1.9001196081636635
271,NV-02,Mark Amodei,(R),176315,235008,421161,41.86,55.8,173063,217348,401970,43.05,54.07,411323,42.86533940479866,57.13466059520134,390411,44.328412877710925,55.67158712228908,130913,175329,333869,306242,42.74821872897904,57.25178127102096,-8.365070201733836,-7.941422046495546,-6.384606726769071
272,NV-03,Susie Lee,(D),187997,190836,385188,48.81,49.54,190167,166069,363064,52.38,45.74,378833,49.62529663466488,50.374703365335115,356236,53.382308357381056,46.61769164261894,139341,120686,275714,260027,53.58712749060675,46.41287250939325,2.4738385598938706,1.1124734331745856,0.37535050309714535
273,NV-04,Steven Horsford,(D),172433,164484,343215,50.24,47.92,167635,141501,316056,53.04,44.77,336917,51.17966739582746,48.82033260417254,309136,54.226942187257386,45.773057812742614,132126,105664,252824,237790,55.564153244459405,44.4358467555406,4.4508643137465285,1.957107263050915,1.929721264259726
274,NY-01,Nick LaLota,(R),190070,233206,429463,44.26,54.3,207858,215362,428299,48.53,50.28,423276,44.90450675209556,55.095493247904436,423220,49.11346344690705,50.88653655309295,162092,199071,376120,361163,44.88056639245991,55.11943360754008,-6.232722538252965,-3.156371477299423,-4.345439379472175
275,NY-02,Andrew Garbarino,(R),153928,204363,362137,42.51,56.43,176297,185233,365862,48.19,50.63,358291,42.96172664119389,57.038273358806116,361530,48.76414128841313,51.23585871158687,144020,168577,324813,312597,46.07209922040199,53.92790077959801,-5.0411897103108885,-3.5056936357933424,-6.288219490373841
276,NY-03,Tom Suozzi,(D),178099,194286,378302,47.08,51.36,216926,172453,393286,55.16,43.85,372385,47.82657733259932,52.17342266740067,389379,55.71075995366982,44.28924004633018,180142,151638,344063,331780,54.29561757791308,45.70438242208692,3.182328647200201,3.440925029463351,-1.4233687989684114
277,NY-04,Laura Gillen,(D),194428,189465,388579,50.04,48.76,223909,166538,394485,56.76,42.22,383893,50.646404076135795,49.353595923864205,390447,57.34683580614014,42.65316419385986,191158,148717,352242,339875,56.243618977565276,43.756381022434724,5.1303300468524,5.077000881933671,1.3964579445680627
278,NY-05,Gregory Meeks,(D),170189,68170,242000,70.33,28.17,216607,49624,267734,80.9,18.53,238359,71.40028276675099,28.599717233249006,266231,81.36054779496001,18.639452205039984,200133,34377,239268,234510,85.34092362799028,14.659076372009721,34.2276346972774,29.090712870753542,22.15033663518326
279,NY-06,Grace Meng,(D),109480,96065,209347,52.3,45.89,149718,81324,232973,64.26,34.91,205545,53.263275681724195,46.736724318275805,231042,64.80120497571869,35.198795024281296,135722,56383,198512,192105,70.64990499986986,29.35009500013014,19.536616069156985,12.53137005151222,4.013329550156463
280,NY-07,Nydia Velazquez,(D),168187,60343,235013,71.56,25.68,199115,48083,249547,79.79,19.27,228530,73.59515162123135,26.40484837876865,247198,80.54879084782239,19.451209152177608,180356,26490,214366,206846,87.19337091362657,12.806629086373436,36.08008198291369,28.278955923615918,24.34520548966362
281,NY-08,Hakeem Jeffries,(D),170067,64988,238931,71.18,27.2,203603,57647,262973,77.42,21.92,235055,72.35200272276701,27.64799727723299,261250,77.93416267942584,22.065837320574165,189197,42518,237262,231715,81.6507347387955,18.349265261204497,30.53744580808263,25.664327755219368,23.10205659119928
282,NY-09,Yvette Clarke,(D),173762,71900,250858,69.27,28.66,204222,63657,269726,75.71,23.6,245662,70.73214416556081,29.26785583443919,267879,76.23665908861837,23.76334091138163,186510,44411,237301,230921,80.76788165649724,19.23211834350276,29.65459272578436,23.966824164411896,21.48219803399308
283,NY-10,Dan Goldman,(D),218940,51536,276966,79.05,18.61,242638,40374,285858,84.88,14.12,270476,80.94618376491815,19.053816235081854,283012,85.73417381595127,14.265826184048732,224497,29053,263811,253550,88.54151055018734,11.45848944981266,37.42822161947446,33.464338891744795,31.696237633350414
284,NY-11,Nicole Malliotakis,(R),100628,167092,272725,36.9,61.27,134698,157208,294600,45.72,53.36,267720,37.587031226654716,62.41296877334529,291906,46.144306728878476,53.85569327112153,110014,129447,247539,239461,45.942345517641705,54.057654482358295,-5.170943413071171,-6.125528195327995,-11.662914904913016
285,NY-12,Jerry Nadler,(D),273954,58314,339053,80.8,17.2,291127,47209,341717,85.2,13.82,332268,82.44970927082957,17.550290729170428,338336,86.04671096188405,13.953289038115956,271195,41591,326197,312786,86.70304936921728,13.296950630782709,35.589760438504406,33.776876037677575,33.19976313926184
286,NY-13,Adriano Espaillat,(D),188808,46800,239540,78.82,19.54,242303,30463,274962,88.12,11.08,235608,80.13649791178568,19.86350208821432,272766,88.8318192150048,11.168180784995197,243798,13951,265125,257749,94.58736988310334,5.412630116896671,43.47408095239046,36.56198429079833,30.88655178021795
287,NY-14,Alexandria Ocasio-Cortez,(D),131879,67385,203123,64.93,33.17,178061,50782,230638,77.2,22.02,199264,66.18305363738558,33.816946362614416,228843,77.8092403962542,22.1907596037458,168835,32688,207289,201523,83.77951896309602,16.220481036903976,32.66623003238315,25.539405472047726,16.93310750581785
288,NY-15,Ritchie Torres,(D),137445,47283,186840,73.56,25.31,184830,31368,217537,84.96,14.42,184728,74.40398856697415,25.596011433025858,216198,85.49107762328975,14.508922376710236,187336,16789,208285,204125,91.77513778322106,8.224862216778934,40.66184885250818,33.221242699083284,25.154042435406417
289,NY-16,George Latimer,(D),216167,108141,326298,66.25,33.14,240156,91069,334406,71.82,27.23,324308,66.65484662728024,33.34515337271976,331225,72.5053966337082,27.4946033662918,215230,80794,306815,296024,72.70694268032322,27.293057319676784,21.593653749610347,20.23556170950173,17.404900495712504
290,NY-17,Mike Lawler,(R),194302,192139,389343,49.91,49.35,210419,171537,386305,54.47,44.4,386441,50.27986160888725,49.72013839111275,381956,55.08985328152981,44.91014671847019,179410,151619,345213,331029,54.197668482217566,45.80233151778243,3.0843795515046892,2.8200183573233417,1.0299154773195198
291,NY-18,Pat Ryan,(D),190672,178297,371412,51.34,48.01,196151,163003,364815,53.77,44.68,368969,51.676970151963985,48.323029848036015,359154,54.614733512643596,45.3852664873564,154068,149466,319816,303534,50.758069936152125,49.241930063847875,-0.3552189945607509,2.3448985884371254,2.427024020396253
292,NY-19,Josh Riley,(D),194147,187279,384909,50.44,48.66,196149,179038,382878,51.23,46.76,381426,50.900305694944755,49.099694305055245,375187,52.28032954233489,47.71967045766511,157236,163835,344146,321071,48.972345680550404,51.02765431944959,-2.140943250162472,0.01049461812841912,1.6503595633770232
293,NY-20,Paul Tonko,(D),211181,158272,373934,56.48,42.33,224446,151042,383264,58.56,39.41,369453,57.160450720389335,42.839549279610665,375488,59.77448014317368,40.22551985682632,180371,139718,343529,320089,56.35026508252392,43.64973491747608,5.236976151811042,7.504645218967212,7.910504588821603
294,NY-21,Elise Stefanik,(R),140758,214512,357087,39.42,60.07,146580,202300,355821,41.19,56.85,355270,39.62000731837757,60.37999268162243,348880,42.014446227929376,57.98555377207063,116528,174775,313631,291303,40.002334339158885,59.997665660841115,-11.110954591553991,-10.255388696277095,-9.629938813190165
295,NY-22,John Mannion,(D),194091,166358,362520,53.54,45.89,202853,160638,371578,54.59,43.23,360449,53.84700748233453,46.15299251766547,363491,55.80688380179977,44.19311619820023,164220,145355,330885,309575,53.04691916336913,46.95308083663087,1.933630232656256,3.5370488775933,4.597061350766801
296,NY-23,Nick Langworthy,(R),154446,237489,395169,39.08,60.1,160038,232952,401042,39.91,58.09,391935,39.40602395805427,60.59397604194573,392990,40.72317361764931,59.2768263823507,123200,213225,357094,336425,36.62034628817716,63.37965371182285,-14.492942642535716,-11.546661306557162,-9.843922173513462
297,NY-24,Claudia Tenney,(R),143256,229987,375663,38.13,61.22,146388,222914,377792,38.75,59.0,373243,38.381429792387266,61.618570207612734,369302,39.639102956387994,60.360897043612006,116712,198947,338733,315659,36.97407645592237,63.025923544077635,-14.139212474790504,-12.630731967818477,-10.868516339180466
298,NY-25,Joe Morelle,(D),220540,151196,375956,58.66,40.22,231293,150712,390473,59.23,38.6,371736,59.327049303807,40.672950696193,382005,60.547113257679875,39.452886742320125,192574,141224,357079,333798,57.691777661939255,42.308222338060745,6.578488731226379,8.277278333473404,10.07710317223927
299,NY-26,Tim Kennedy,(D),200098,134624,339786,58.89,39.62,218507,129475,354198,61.69,36.55,334722,59.780355040899614,40.219644959100386,347982,62.79261571000799,37.207384289992014,181577,124893,321436,306470,59.24788723202924,40.752112767970765,8.134598301316366,10.522780785801523,10.530408909331882
300,OH-01,Greg Landsman,(D),211031,185646,400601,52.68,46.34,220131,185305,411737,53.46,45.01,396677,53.19970656226602,46.80029343773398,405436,54.29488254619718,45.70511745380282,188237,173374,379013,361611,52.055108943035464,47.94489105696453,0.9418200123225873,2.0250476219907085,3.9497604306982907
301,OH-02,David Taylor,(R),97847,278070,378772,25.83,73.41,100787,272326,378189,26.65,72.01,375917,26.028884035571682,73.97111596442831,373113,27.01246003221544,72.98753996778456,91114,241519,346509,332633,27.391750066890534,72.60824993310946,-23.721538863822342,-25.25737489199103,-23.22106209599605
302,OH-03,Joyce Beatty,(D),249335,105193,358198,69.61,29.37,271653,104526,381877,71.14,27.37,354528,70.32871874717935,29.671281252820652,376179,72.21375993875256,27.786240061247437,239177,101909,357640,341086,70.12219792075899,29.87780207924101,19.008908990046116,19.94392501454609,21.07877261561162
303,OH-04,Jim Jordan,(R),126919,276526,407004,31.18,67.94,125753,268732,400793,31.38,67.05,403445,31.458810990345647,68.54118900965435,394485,31.877764680532845,68.12223531946715,103475,237194,357430,340669,30.374058103320234,69.62594189667976,-20.739230827392642,-20.392070243673626,-17.791135141222085
304,OH-05,Bob Latta,(R),138272,254181,396079,34.91,64.17,142103,248389,396658,35.83,62.62,392453,35.2327539858276,64.7672460141724,390492,36.39075832539463,63.609241674605364,127150,218029,364284,345179,36.83596047268229,63.164039527317705,-14.277328458030588,-15.879076598811842,-14.017192145740133
305,OH-06,Michael Rulli,(R),125146,253662,381790,32.78,66.44,139489,254100,399031,34.96,63.68,378808,33.036789085763765,66.96321091423624,393589,35.44026890995429,64.5597310900457,134076,226601,376032,360677,37.173426639347674,62.826573360652326,-13.939862291365202,-16.82956601425218,-16.213157045803968
306,OH-07,Max Miller,(R),185110,229613,418212,44.26,54.9,192588,232245,429982,44.79,54.01,414723,44.63461153589263,55.36538846410737,424833,45.33263658896555,54.66736341103445,163047,207461,387125,370508,44.00633724507973,55.99366275492027,-7.106951685633149,-6.937198335240922,-4.615334595675101
307,OH-08,Warren Davidson,(R),147411,240026,390902,37.71,61.4,153374,241662,400865,38.26,60.29,387437,38.04773421227193,61.95226578772807,395036,38.82532224911147,61.17467775088853,130603,227466,373812,358069,36.47425496203246,63.52574503796754,-14.639033968680415,-13.444512675094998,-11.202211919295799
308,OH-09,Marcy Kaptur,(D),174641,200020,378201,46.18,52.89,186080,197465,390202,47.69,50.61,374661,46.613071550014546,53.38692844998545,383545,48.515819525740135,51.484180474259865,174123,177612,372338,351735,49.504030022602244,50.495969977397756,-1.6092589081106325,-3.7540153984663363,-2.6368745815531867
309,OH-10,Mike Turner,(R),176357,198058,378164,46.64,52.37,185657,199447,391739,47.39,50.91,374415,47.10201247279089,52.89798752720911,385104,48.20957455648344,51.790425443516554,166482,189189,373039,355671,46.80786457147195,53.192135428528054,-4.305424359240924,-4.060260367723032,-2.147933658776843
310,OH-11,Shontel Brown,(D),247406,70879,320576,77.18,22.11,280537,74103,358397,78.28,20.68,318285,77.73096438726299,22.269035612737014,354640,79.10472591924204,20.895274080757954,282881,65718,358591,348599,81.14796657477503,18.852033425224974,30.03467764406215,26.834890995035572,28.481018255695254
311,OH-12,Troy Balderson,(R),129821,257804,390981,33.2,65.94,131512,251592,389032,33.8,64.67,387625,33.491389874234116,66.50861012576587,383104,34.32801536919479,65.67198463080521,115600,218596,350749,334196,34.590479838178794,65.4095201618212,-16.522809092534082,-17.941819555011683,-15.758556257333616
312,OH-13,Emilia Sykes,(D),195964,195781,395335,49.57,49.52,205953,194497,406190,50.7,47.88,391745,50.02335703072151,49.97664296927849,400450,51.430390810338366,48.569609189661634,182322,174471,373038,356793,51.100217773330755,48.899782226669245,-0.013071157382121612,-0.8394441138681046,0.7734108991537809
313,OH-14,Dave Joyce,(R),164380,237003,404819,40.61,58.55,172806,234505,412862,41.86,56.8,401383,40.9534036070287,59.04659639297131,407311,42.426057729842796,57.5739422701572,154456,205894,377111,360350,42.86277230470376,57.13722769529625,-8.250516626009116,-9.843777194363675,-8.296542524539035
314,OH-15,Mike Carey,(R),164058,197654,365382,44.9,54.1,170743,195940,372828,45.8,52.55,361712,45.35597381342062,54.644026186579374,366683,46.56419850388483,53.435801496115175,141421,175972,333462,317393,44.55706332527812,55.44293667472188,-6.556225605434754,-5.705636420321639,-3.8939723181471138
315,OK-01,Kevin Hern,(R),120251,188080,314998,38.18,59.71,121877,190291,320384,38.04,59.39,308331,39.0006194641473,60.9993805358527,312168,39.04211834653136,60.95788165346865,97934,179882,295222,277816,35.251389408817346,64.74861059118265,-15.86189952189553,-13.22771657767511,-10.249326667420434
316,OK-02,Josh Brecheen,(R),69690,250807,325621,21.4,77.02,71996,243602,321500,22.39,75.77,320497,21.744353301278952,78.25564669872105,315598,22.812565352125173,77.18743464787482,68868,219041,301291,287909,23.920058073905295,76.0799419260947,-27.19323085680758,-29.457269572081298,-27.50559283028878
317,OK-03,Frank Lucas,(R),71499,195379,272017,26.28,71.83,72507,194433,273182,26.54,71.17,266878,26.79089321712543,73.20910678287457,266940,27.16228365924927,72.83771634075073,65688,185731,266306,251419,26.126903694629284,73.87309630537071,-24.986385236083592,-25.107551264957202,-22.459052914442303
318,OK-04,Tom Cole,(R),100216,202952,309092,32.42,65.66,101711,199240,308407,32.98,64.6,303168,33.05625923580325,66.94374076419675,300951,33.79653166130034,66.20346833869965,84987,187332,289633,272319,31.208619303096736,68.79138069690326,-19.90466962761614,-18.47330326290613,-16.19368689576448
319,OK-05,Stephanie Bice,(R),137942,198995,344446,40.05,57.77,135799,192715,337226,40.27,57.15,336937,40.939997685027166,59.06000231497283,328514,41.33735548561096,58.66264451438904,102898,177150,300540,280048,36.742986916528594,63.257013083471406,-14.370302014184283,-10.932479438595507,-8.309948446540567
320,OR-01,Suzanne Bonamici,(D),245504,107459,365289,67.21,29.42,268141,113977,392100,68.39,29.07,352963,69.55516583891229,30.44483416108771,382118,70.17230279651835,29.827697203481645,202099,93579,333070,295678,68.35104404115287,31.648955958847125,17.23775511044,17.90246787231188,20.305219707344556
321,OR-02,Cliff Bentz,(R),128285,227462,365481,35.1,62.24,139315,232311,380527,36.61,61.05,355747,36.06073979541641,63.93926020458359,371626,37.487958323691025,62.51204167630898,101332,191223,323892,292555,34.63690588094546,65.36309411905454,-16.476383049767414,-14.781876600515446,-13.189206336151322
322,OR-03,Maxine Dexter,(D),248772,88286,349066,71.27,25.29,280510,97552,386700,72.54,25.23,337058,73.80688190163117,26.193118098368828,378062,74.19682485941459,25.803175140585406,219816,77122,329908,296938,74.02757477992039,25.972425220079614,22.91428584920751,21.92698993520812,24.55693577006344
323,OR-04,Val Hoyle,(D),211870,164979,388781,54.5,42.43,224343,172448,407431,55.06,42.33,376849,56.221457400709575,43.77854259929043,396791,56.539336829716405,43.460663170283595,171251,143081,353364,314332,54.480930990163266,45.519069009836734,3.3676420594503895,4.269501905509934,6.971511269141843
324,OR-05,Janelle Bynum,(D),217317,182131,411960,52.75,44.21,225723,188094,424112,53.22,44.35,399448,54.404327972602196,45.59567202739781,413817,54.546574935297485,45.453425064702515,161179,151130,351454,312309,51.608823312808795,48.39117668719121,0.4955343820959186,2.2767400110910145,5.154381841034464
325,OR-06,Andrea Salinas,(D),188852,149163,348891,54.13,42.75,202351,154067,366361,55.23,42.05,338015,55.87089330355162,44.12910669644838,356418,56.77350751084401,43.226492489155994,146059,125501,308344,271560,53.78516718220651,46.214832817793486,2.671878251493631,4.503672586637542,6.620947171983886
326,PA-01,Brian Fitzpatrick,(R),235106,233595,473307,49.67,49.35,241484,219852,466243,51.79,47.15,468701,50.16119018308047,49.83880981691953,461336,52.34449511852532,47.65550488147468,195159,192317,402738,387476,50.36673239116746,49.63326760883255,-0.7465565395454163,0.07466019431885229,0.9112440515127389
327,PA-02,Brendan Boyle,(D),198759,93169,295441,67.28,31.54,221374,88089,311819,70.99,28.25,291928,68.08493875202105,31.915061247978954,309463,71.53488462271741,28.465115377282586,218914,72232,297780,291146,75.19045427380078,24.809545726199225,24.077165343087906,19.265049698510943,18.834992620453313
328,PA-03,Dwight Evans,(D),346947,42317,394010,88.06,10.74,357581,36721,396651,90.15,9.26,389264,89.12897159768178,10.87102840231822,394302,90.68708756232532,9.312912437674676,340416,30380,378614,370796,91.80681560750385,8.193184392496143,40.693526676790974,38.417252638118846,39.87902546611405
329,PA-04,Madeleine Dean,(D),268429,194501,467793,57.38,41.58,269159,182686,456857,58.92,39.99,462930,57.98479251722723,42.01520748277277,451845,59.56887870840665,40.43112129159336,215499,160945,391456,376444,57.24596487126903,42.75403512873097,6.132675940556155,7.29904378420018,8.734846385659495
330,PA-05,Mary Gay Scanlon,(D),267143,147243,418792,63.79,35.16,276153,140480,420263,65.71,33.43,414386,64.46718759803662,35.53281240196339,416633,66.28207559170781,33.71792440829219,238669,128728,378873,367397,64.96215265775169,35.0378473422483,13.848863727038811,14.012240667501338,15.217241466468884
331,PA-06,Chrissy Houlahan,(D),234605,186113,425061,55.19,43.79,235154,174191,414329,56.76,42.04,420718,55.76300514834165,44.23699485165836,409345,57.446408286408776,42.553591713591224,188382,156447,359608,344829,54.63055601472034,45.36944398527966,3.5172670840074645,5.176573362202305,6.513059016773916
332,PA-07,Ryan Mackenzie,(R),196712,209881,410973,47.86,51.07,197117,194660,396503,49.71,49.09,406593,48.380567299486216,51.61943270051378,391777,50.31357124078239,49.68642875921761,158280,167931,339007,326211,48.52074270947332,51.47925729052668,-2.5925462212395587,-1.9562636834240834,-0.8693788320815159
333,PA-08,Rob Bresnahan,(R),177063,210245,390434,45.35,53.85,183189,194267,381336,48.04,50.94,387308,45.71632912307518,54.28367087692483,377456,48.532544190581156,51.46745580941885,147574,174440,332114,322014,45.82844224164167,54.17155775835833,-5.284846689071209,-3.737290733625315,-3.5336170084925556
334,PA-09,Dan Meuser,(R),121820,272975,398386,30.58,68.52,119969,261281,386871,31.01,67.54,394795,30.856520472650363,69.14347952734964,381250,31.46727868852459,68.53272131147541,95521,229294,338111,324815,29.407816757231036,70.59218324276895,-21.70547217348184,-20.80255623568188,-18.39342565891737
335,PA-10,Scott Perry,(R),192758,214297,411782,46.81,52.04,188632,205148,399568,47.21,51.34,407055,47.35428873248087,52.64571126751913,393780,47.90288993854436,52.09711006145563,149131,183631,347683,332762,44.81611482080285,55.18388517919715,-6.297174109910024,-4.3669449856621085,-1.8956573990868648
336,PA-11,Lloyd Smucker,(R),160194,248332,412566,38.83,60.19,153327,237723,397039,38.62,59.87,408526,39.21268168978229,60.78731831021771,391050,39.2090525508247,60.79094744917529,119074,206105,341583,325179,36.61798578629001,63.382014213709994,-14.495303144422863,-13.06078237338177,-10.037264441785439
337,PA-12,Summer Lee,(D),253699,171382,429050,59.13,39.94,255322,169617,429696,59.42,39.47,425081,59.68250756914565,40.31749243085436,424939,60.08438858283189,39.915611417168115,225154,156162,394333,381316,59.04656505365629,40.95343494634371,7.933276122943411,7.814553658625421,10.432561437577917
338,PA-13,John Joyce,(R),110815,298877,413001,26.83,72.37,107198,288121,400132,26.79,72.01,409692,27.048368042334243,72.95163195766577,395319,27.11683475876444,72.88316524123556,87050,247592,346434,334642,26.01287345880075,73.98712654119926,-25.100415471912125,-25.15300016544203,-22.20157808923349
339,PA-14,Guy Reschenthaler,(R),138813,279274,421084,32.97,66.32,138892,268695,412038,33.71,65.21,418087,33.20194122275986,66.79805877724014,407587,34.07665111988361,65.9233488801164,117354,233777,362759,351131,33.42171440288667,66.57828559711334,-17.691574527826205,-18.193183804322864,-16.048004908807876
340,PA-15,Glenn Thompson,(R),121693,272691,397753,30.6,68.56,119459,263001,387754,30.81,67.83,394384,30.85647490770417,69.14352509229583,382460,31.234377451236732,68.76562254876328,102937,228664,345283,331601,31.04242749569513,68.95757250430488,-20.070861435017747,-21.03545747296974,-18.393471223863564
341,PA-16,Mike Kelly,(R),159531,254619,417676,38.19,60.96,158730,242664,406695,39.03,59.67,414150,38.520101412531695,61.479898587468305,401394,39.544686766618334,60.455313233381666,132836,212600,360283,345436,38.454590720133396,61.545409279866604,-12.65869821057948,-12.725148157588137,-10.729844719036038
342,PA-17,Chris Deluzio,(D),238954,213797,457096,52.28,46.77,237707,211205,454479,52.3,46.47,452751,52.77823792769094,47.22176207230906,448912,52.951803471504434,47.04819652849556,194206,190058,399032,384264,50.53973310016031,49.460266899839695,-0.5735558305525643,0.6819685472979629,3.528291796123206
343,RI-01,Gabe Amo,(D),140825,88794,234822,59.97,37.81,152956,83225,239685,63.82,34.72,229619,61.32985510780903,38.670144892190976,236181,64.7621950961339,35.237804903866106,129139,75151,218335,204290,63.21356894610602,36.78643105389398,12.100280015393146,12.492360171927423,12.079908976241299
344,RI-02,Seth Magaziner,(D),144331,125612,275837,52.32,45.54,154530,116697,275313,56.13,42.39,269943,53.46721344876511,46.53278655123489,271227,56.97441626386753,43.02558373613247,123386,105392,245809,228778,53.9326333825805,46.06736661741951,2.8193444518676216,4.704581339661061,4.217267317197376
345,SC-01,Nancy Mace,(R),171105,223189,400369,42.74,55.75,171781,204848,383006,44.85,53.48,394294,43.395283722298586,56.60471627770141,376629,45.61013623486242,54.389863765137584,118151,161864,296870,280015,42.19452529328786,57.80547470671215,-8.918763637425016,-6.659698689344047,-5.854662409269146
346,SC-02,Joe Wilson,(R),154783,205695,365954,42.3,56.21,161002,199780,366492,43.93,54.51,360478,42.938265303291736,57.06173469670826,360782,44.62584053528169,55.37415946471831,121650,175272,312682,296922,40.970355851031584,59.029644148968416,-10.142933079681292,-7.6439943889247814,-6.311680828275996
347,SC-03,Sheri Biggs,(R),99185,252655,356369,27.83,70.9,106461,236981,348346,30.56,68.03,351840,28.19037062301046,71.80962937698953,343442,30.99824715672515,69.00175284327484,86418,198613,296781,285031,30.31880742796398,69.68119257203603,-20.794481502748898,-21.27158776748132,-21.059575508557273
348,SC-04,William Timmons,(R),132540,216077,354343,37.4,60.98,138171,202545,347082,39.81,58.36,348617,38.01880000114739,61.98119999885261,340716,40.55312929243124,59.44687070756876,102317,171333,289240,273650,37.38973140873378,62.61026859126622,-13.723557521979096,-11.716705631775234,-11.231146130420342
349,SC-05,Ralph Norman,(R),141510,226473,373054,37.93,60.71,147073,213484,365450,40.24,58.42,367983,38.45558082846218,61.54441917153781,360557,40.79049914437939,59.20950085562061,114383,175665,302020,290048,39.43588647396293,60.56411352603707,-11.677402456749945,-11.479335779827082,-10.79436530310555
350,SC-06,Jim Clyburn,(D),189648,118611,313271,60.54,37.86,219768,111769,336352,65.34,33.23,308259,61.52229131996146,38.47770868003854,331537,66.28762400576707,33.71237599423292,195181,98548,305478,293729,66.44934616602379,33.55065383397622,15.33605723531091,14.0177890815606,12.272345188393729
351,SC-07,Russell Fry,(R),139681,241046,384780,36.3,62.65,147285,215696,366601,40.18,58.84,380727,36.687968019079285,63.312031980920715,362981,40.57650400434182,59.42349599565817,117273,174094,299956,291367,40.249238932343054,59.750761067656946,-10.864049998369822,-11.69333091986465,-12.561978112488447
352,SD-AL,Dusty Johnson,(R),146859,272081,428922,34.24,63.43,150471,261043,422609,35.61,61.77,418940,35.054900463073466,64.94509953692653,411514,36.5652201383185,63.4347798616815,117466,227731,370111,345197,34.02868506968485,65.97131493031515,-17.08460386102803,-15.70461478588797,-14.195045668494267
353,TN-01,Diana Harshbarger,(R),71649,273159,348378,20.57,78.41,74136,256544,336324,22.04,76.28,344808,20.7793902693673,79.2206097306327,330680,22.41925728801258,77.58074271198741,55039,214656,280824,269695,20.40786814735164,79.59213185264836,-30.705420783361237,-29.85057763619389,-28.47055586220043
354,TN-02,Tim Burchett,(R),118773,242945,366766,32.38,66.24,122695,226798,356264,34.44,63.66,361718,32.835800264294285,67.16419973570572,349493,35.106568658027484,64.89343134197252,85250,186902,288684,272152,31.32440694905788,68.67559305094211,-19.788881981654995,-17.163266266178987,-16.414145867273447
355,TN-03,Chuck Fleischmann,(R),113479,243103,361316,31.41,67.28,115371,226469,348163,33.14,65.05,356582,31.824096561239774,68.17590343876023,341840,33.75,66.25,86551,188419,289486,274970,31.47652471178674,68.52347528821326,-19.636764218926135,-18.51983492420647,-17.42584957032796
356,TN-04,Scott DesJarlais,(R),93024,239837,336886,27.61,71.19,98034,220498,324523,30.21,67.95,332861,27.946800616473546,72.05319938352646,318532,30.776813632539273,69.22318636746073,70072,175876,257047,245948,28.49057524354742,71.50942475645259,-22.622713687165458,-21.493021291667198,-21.303145515094187
357,TN-05,Andy Ogles,(R),150373,216675,373015,40.31,58.09,157606,198784,364675,43.22,54.51,367048,40.968211242126365,59.03178875787363,356390,44.22290187715704,55.77709812284295,111405,160782,289102,272187,40.92958150095339,59.0704184990466,-10.183707429759487,-8.046933047049428,-8.281734889441367
358,TN-06,John Rose,(R),114012,240346,358805,31.78,66.99,120181,221681,348370,34.5,63.63,354358,32.17424186839298,67.82575813160702,341862,35.15482855655206,64.84517144344795,88343,176471,276975,264814,33.360396353667106,66.6396036463329,-17.75289257704577,-17.11500636765441,-17.07570426317475
359,TN-07,Matt Van Epps,(R),127803,202510,335187,38.13,60.42,135634,185342,328513,41.29,56.42,330313,38.69148353228604,61.30851646771396,320976,42.25674193709187,57.74325806290813,99393,143635,256478,243028,40.89775663709531,59.10224336290468,-10.215532293617564,-10.013092987114604,-10.55846259928169
360,TN-08,David Kustoff,(R),100535,243791,348278,28.87,70.0,110189,244389,359751,30.63,67.93,344326,29.197620859301942,70.80237914069805,354578,31.076096091692097,68.9239039083079,90202,212328,313143,302530,29.81588602783195,70.18411397216805,-21.297402902880926,-21.193738832514374,-20.05232527226579
361,TN-09,Steve Cohen,(D),166617,64499,235311,70.81,27.41,209865,71971,286406,73.28,25.13,231116,72.09236919988231,27.907630800117687,281836,74.46351779048808,25.536482209511913,184440,63856,256288,248296,74.28230821277829,25.717691787221703,23.169019282065413,22.193682866281613,22.84242306831458
362,TX-01,Nathaniel Moran,(R),78564,246363,327192,24.01,75.3,86340,235935,325932,26.49,72.39,324927,24.178969430056597,75.8210305699434,322275,26.79078426809402,73.20921573190599,70217,206443,285120,276660,25.380250126509075,74.61974987349093,-25.7330388042038,-25.479050656112452,-25.070976701511135
363,TX-02,Dan Crenshaw,(R),124591,203572,332111,37.51,61.3,121722,194830,321027,37.92,60.69,328163,37.966193629385394,62.033806370614606,316552,38.45245015037024,61.54754984962976,79470,158846,250892,238316,33.3464811426845,66.6535188573155,-17.766807788028373,-13.817384773836231,-11.283752502182338
364,TX-03,Keith Self,(R),153496,232845,395370,38.82,58.89,152283,204522,362332,42.03,56.45,386341,39.73070422243562,60.26929577756438,356805,42.67961491571026,57.32038508428974,92142,162737,271386,254879,36.15127177994264,63.84872822005736,-14.962017150770237,-9.59022000849621,-9.519241909132113
365,TX-04,Pat Fallon,(R),120188,239000,364577,32.97,65.56,125331,214733,344380,36.39,62.35,359188,33.46102876488079,66.53897123511922,340064,36.85512138891503,63.14487861108498,80813,171752,265077,252565,31.99691168610061,68.0030883138994,-19.116377244612266,-15.41471353529144,-15.788917366686945
366,TX-05,Lance Gooden,(R),111027,194767,309229,35.9,62.98,113821,180707,298176,38.17,60.6,305794,36.307775822939625,63.692224177060375,294528,38.64522218600609,61.35477781399391,81981,151952,242004,233933,35.04464953640573,64.95535046359427,-16.068639394307148,-13.624612738200383,-12.942170308628107
367,TX-06,Jake Ellzey,(R),104150,188598,295945,35.19,63.73,105417,172963,281938,37.39,61.35,292748,35.57667345293563,64.42332654706438,278380,37.86802212802644,62.13197787197357,73210,143626,225569,216836,33.76284380822373,66.23715619177626,-17.35044512248915,-14.401812796180032,-13.673272678632102
368,TX-07,Lizzie Fletcher,(D),148939,96446,252742,58.93,38.16,179327,96257,279261,64.21,34.47,245385,60.69604906575382,39.30395093424618,275584,65.07162970274037,34.92837029725963,134817,70334,215753,205151,65.71598481118785,34.28401518881215,14.602695880474975,12.801794778533896,11.446102934186086
369,TX-08,Morgan Luttrell,(R),113192,231430,348986,32.43,66.31,111737,196658,312347,35.77,62.96,344622,32.84526234541033,67.15473765458967,308395,36.231780670892846,63.768219329107154,72919,145669,227586,218588,33.35910479989753,66.64089520010248,-17.754184130815347,-16.038054253313625,-16.4046837861574
370,TX-09,Al Green,(D),169156,64549,237177,71.32,27.22,195428,58355,256506,76.19,22.75,233705,72.38013735264542,27.61986264735457,253783,77.00594602475344,22.99405397524657,160330,41371,208499,201701,79.48894650993303,20.51105349006698,28.375657579220153,24.73611110054697,23.130191221077688
371,TX-10,Michael McCaul,(R),131834,220457,356885,36.94,61.77,135094,198897,339628,39.78,58.56,352291,37.42190405091246,62.57809594908754,333991,40.448395316041456,59.551604683958544,89425,158809,263492,248234,36.0244769048559,63.97552309514409,-15.088812025856974,-11.821439608165015,-11.828042080655273
372,TX-11,August Pfluger,(R),71353,192220,265865,26.84,72.3,77977,186084,267919,29.1,69.46,263573,27.071437514464687,72.92856248553532,264061,29.529919223209788,70.47008077679021,58976,151599,219524,210575,28.007123352724683,71.99287664727532,-23.106165577988193,-22.739915700996683,-22.178508617103045
373,TX-12,Craig Goldman,(R),131637,209675,345291,38.12,60.72,130235,189089,324606,40.12,58.25,341312,38.56793783986499,61.432062160135004,319324,40.784594956846334,59.21540504315366,86176,150134,249192,236310,36.46735220684694,63.53264779315306,-14.645936723865937,-11.485239967360137,-10.682008291702743
374,TX-13,Ronny Jackson,(R),77626,222446,303031,25.62,73.41,79206,215372,299331,26.46,71.95,300072,25.869124743394917,74.13087525660508,294578,26.887954972876454,73.11204502712356,56458,187566,255383,244024,23.136248893551453,76.86375110644855,-27.977040037161423,-25.381879951330017,-23.380821388172816
375,TX-14,Randy Weber,(R),101583,208090,312766,32.48,66.53,110036,199675,314088,35.03,63.57,309673,32.80331188059663,67.19668811940338,309711,35.528605700152724,64.47139429984728,89704,164955,264518,254659,35.22514421245666,64.77485578754334,-15.888144718256214,-16.741229224053747,-16.4466342509711
376,TX-15,Monica De La Cruz,(R),93470,134492,229772,40.68,58.53,109177,115722,227089,48.08,50.96,227962,41.00244777638378,58.99755222361621,224899,48.54490237840097,51.45509762159903,98423,74664,179879,173087,56.86331151386297,43.13668848613703,5.750022583150091,-3.724932545805501,-8.24749835518395
377,TX-16,Veronica Escobar,(D),132189,95314,230335,57.39,41.38,163505,76976,244212,66.95,31.52,227503,58.104288734654055,41.89571126534595,240481,67.99081840145375,32.00918159854625,134086,51345,196868,185431,72.31045510189774,27.68954489810226,21.19716617118487,15.72098347724728,8.854342603086323
378,TX-17,Pete Sessions,(R),105287,193584,302001,34.86,64.1,114751,182847,302045,37.99,60.54,298871,35.22824228513305,64.77175771486695,297598,38.55906289692807,61.440937103071924,82072,150765,243987,232837,35.248693291873714,64.7513067081263,-15.864595638839162,-13.710772027278402,-14.021703846434683
379,TX-18,Christian Menefee,(D),154657,65672,223517,69.19,29.38,177368,60370,240982,73.6,25.05,220329,70.19366492835714,29.80633507164286,237738,74.60649959198781,25.39350040801218,143856,43009,194728,186865,76.98391887191288,23.01608112808712,25.8706299412,22.336664667781342,20.943718796789405
380,TX-19,Jodey Arrington,(R),66869,212716,282163,23.7,75.39,73174,202461,279621,26.17,72.41,279585,23.917234472521773,76.08276552747823,275635,26.547426850726502,73.45257314927349,55576,170518,237096,226094,24.58092651728927,75.41907348271073,-26.532362413423606,-25.72240807347997,-25.33271165904596
381,TX-20,Joaquin Castro,(D),147731,95409,245945,60.07,38.79,172367,85595,262144,65.75,32.65,243140,60.75964464917332,39.24035535082668,257962,66.81875625092067,33.18124374907932,128309,63311,203649,191620,66.960129422816,33.03987057718401,15.84684049210312,14.5489213267142,11.509698517605585
382,TX-21,Chip Roy,(R),163520,266269,434621,37.62,61.26,164213,246263,416581,39.42,59.12,429789,38.046576343275426,61.95342365672458,410476,40.005505803018934,59.994494196981066,107571,197602,323150,305173,35.24918652698633,64.75081347301366,-15.864102403726548,-12.264329121187536,-11.203369788292306
383,TX-22,Troy Nehls,(R),136411,204248,347223,39.29,58.82,138254,191937,334585,41.32,57.37,340659,40.043269075527135,59.95673092447286,330191,41.870917135839555,58.129082864160445,90105,152025,253071,242130,37.21348036178912,62.78651963821088,-13.89980856892376,-10.398917788366916,-9.206677056040597
384,TX-23,VACANT (Gonzales),(R),127486,174904,305276,41.76,57.29,134552,155681,294019,45.76,52.95,302390,42.15946294520322,57.84053705479678,290233,46.359993522445755,53.64000647755424,104396,113506,229264,217902,47.90961074244385,52.09038925755615,-3.2036781882690235,-5.9098414017607155,-7.090483186364516
385,TX-24,Beth Van Duyne,(R),157912,217060,380887,41.46,56.99,168124,216345,390681,43.03,55.38,374972,42.11301110482916,57.886988895170845,384469,43.72888321295085,56.271116787049145,114421,191663,323088,306084,37.382221873734004,62.61777812626599,-13.731067056978873,-8.540951711255623,-7.13693502673857
386,TX-25,Roger Williams,(R),106983,231289,342104,31.27,67.61,112309,215979,332712,33.76,64.91,338272,31.626324378015326,68.37367562198467,328288,34.21051028365338,65.78948971634662,81368,182900,275901,264268,30.78995565108148,69.21004434891852,-20.323333279631395,-18.059324640553093,-17.623621753552406
387,TX-26,Brandon Gill,(R),149357,242431,397123,37.61,61.05,144823,211963,361989,40.01,58.56,391788,38.12189245204039,61.878107547959615,356786,40.59099852572691,59.40900147427309,82916,162028,258292,244944,33.85100267816317,66.14899732183683,-17.262286252549707,-11.678836398479561,-11.12805367952734
388,TX-27,Michael Cloud,(R),99368,184228,286037,34.74,64.41,109720,174253,287748,38.13,60.56,283596,35.0385760024824,64.9614239975176,283973,38.637476098079745,61.362523901920255,90067,142437,242061,232504,38.737828166397136,61.262171833602864,-12.37546076431574,-13.632358826126726,-14.211370129085331
389,TX-28,Henry Cuellar,(D),114961,133211,250380,45.91,53.2,131726,114184,249012,52.9,45.85,248172,46.32311461405799,53.67688538594201,245910,53.56675206376317,46.43324793623683,111658,74375,194341,186033,60.02053399128112,39.97946600871888,8.907245060568243,1.2969171395566974,-2.92683151750974
390,TX-29,Sylvia Garcia,(D),92821,61054,155692,59.62,39.21,118450,54253,174765,67.78,31.04,153875,60.32233956133225,39.67766043866775,172703,68.58595392089309,31.414046079106907,105469,33970,144641,139439,75.63809264266095,24.361907357339053,24.524803711948074,16.31611899668662,11.072393429764517
391,TX-30,Jasmine Crockett,(D),185466,65876,254608,72.84,25.87,217199,58708,279332,77.76,21.02,251342,73.79029370340014,26.20970629659985,275907,78.72181568427042,21.278184315729575,175732,46836,229166,222568,78.9565436181302,21.04345638186981,27.84325468741732,26.451980760063954,24.540347571832406
392,TX-31,John Carter,(R),142633,230668,378316,37.7,60.97,133165,202406,341869,38.95,59.21,373301,38.20857699282884,61.791423007171154,335571,39.68310730069046,60.316892699309534,78251,151813,245933,230064,34.01270950691981,65.98729049308018,-17.100579423793064,-12.586727623516012,-11.041369138738894
393,TX-32,Julie Johnson,(D),145115,88312,239154,60.68,36.93,172823,86040,263239,65.65,32.69,233427,62.16718717200666,37.83281282799334,258863,66.76234147019852,33.23765852980148,127410,72553,210872,199963,63.71678760570706,36.283212394292946,12.603498674994185,14.49250654599205,12.917241040438931
394,TX-33,Marc Veasey,(D),113651,55269,172887,65.74,31.97,139290,45685,187606,74.25,24.35,168920,67.28096140184702,32.71903859815297,184975,75.30206784700636,24.697932152993648,109941,33341,148764,143282,76.73050348264262,23.26949651735738,25.61721455192974,23.032232922799885,18.03101527027929
395,TX-34,Vicente Gonzalez,(D),96992,106061,204684,47.39,51.82,116856,85153,203935,57.3,41.75,203053,47.766839199617834,52.23316080038216,202009,57.84692761213609,42.15307238786391,109913,49810,166368,159723,68.81476055420947,31.185239445790526,17.701471623496595,5.577092687929621,-1.483106931949898
396,TX-35,Greg Casar,(D),176223,86466,266780,66.06,32.41,187900,69342,262092,71.69,26.46,262689,67.08427075362881,32.915729246371185,257242,73.04405967921257,26.95594032078743,124558,47337,183164,171895,72.46167718665464,27.538322813345356,21.348388255941764,20.774224755006095,17.834324622061082
397,TX-36,Brian Babin,(R),94164,205607,302998,31.08,67.86,102316,198540,304672,33.58,65.17,299771,31.411977809728093,68.5880221902719,300856,34.00829632781131,65.99170367218868,79809,163619,252166,243428,32.78546428512743,67.21453571487257,-18.327824645585444,-18.261538596395162,-17.83796832183964
398,TX-37,Lloyd Doggett,(D),259547,85851,352071,73.72,24.38,289226,86849,383154,75.49,22.67,345398,75.14432625550815,24.85567374449186,376075,76.90646812470916,23.093531875290832,217142,74823,315810,291965,74.37261315568648,25.62738684431353,23.259324224973604,24.636633200502693,25.894380123940415
399,TX-38,Wesley Hunt,(R),134998,207050,348158,38.77,59.47,143907,208722,357580,40.24,58.37,342048,39.46756010852278,60.53243989147722,352629,40.80974622053206,59.19025377946794,98178,174813,287154,272991,35.96382298317527,64.03617701682474,-15.149465947537607,-11.460088703674408,-9.78238602304495
400,UT-01,Blake Moore,(R),144821,220212,376167,38.5,58.54,142221,216685,374776,37.95,57.82,365033,39.67339939128791,60.32660060871209,358906,39.62625311362864,60.37374688637136,84469,129303,295960,213772,39.51359392249687,60.48640607750313,-11.59969500821601,-12.643581810577828,-9.576546740279824
401,UT-02,Celeste Maloy,(R),140188,214061,363526,38.56,58.88,143194,205210,362061,39.55,56.68,354249,39.57329449059842,60.42670550940158,348404,41.09998737098311,58.900012629016885,83932,128156,273738,212088,39.574139036626306,60.42586096337369,-11.53914989408657,-11.169847553223363,-9.676651640969311
402,UT-03,Mike Kennedy,(R),146138,218601,375190,38.95,58.26,149658,224849,391105,38.27,57.49,364739,40.06645848127017,59.933541518729825,374507,39.961335836179295,60.0386641638207,81056,143316,309301,224372,36.12571978678266,63.87428021321734,-14.987569143930216,-12.308499088027176,-9.183487650297565
403,UT-04,Burgess Owens,(R),131419,230945,373068,35.23,61.9,125210,218396,359735,34.81,60.71,362364,36.26712366570631,63.7328763342937,343606,36.43999231678143,63.560007683218565,61219,114456,252376,175675,34.84787249181728,65.15212750818272,-16.2654164388956,-15.829842607425043,-12.982822465861425
404,VA-01,Rob Wittman,(R),227038,250959,484061,46.9,51.84,215574,244413,466892,46.17,52.35,477997,47.49778764301868,52.50221235698132,459987,46.86523749584227,53.13476250415773,164366,220149,410156,384515,42.746316788681845,57.253683211318155,-8.366972142031031,-5.404597428364198,-1.7521584885490498
405,VA-02,Jen Kiggans,(R),203279,204307,412555,49.27,49.52,201896,194173,402884,50.11,48.2,407586,49.87389164495345,50.12610835504654,396069,50.97495638386241,49.025043616137594,159063,178908,359148,337971,47.06409721544156,52.935902784558444,-4.049191715271313,-1.2948785403440581,0.6239455133857206
406,VA-03,Bobby Scott,(D),213026,102168,319745,66.62,31.95,230576,101134,337411,68.34,29.97,315194,67.58567739233615,32.414322607663856,331710,69.51132012902836,30.48867987097163,202649,97251,316813,299900,67.57219073024342,32.42780926975659,16.458901799530544,17.241485204821892,18.33573126076842
407,VA-04,Jennifer McClellan,(D),251005,125941,382432,65.63,32.93,260886,122375,388140,67.21,31.53,376946,66.58911356003247,33.41088643996753,383261,68.07006191603111,31.92993808396889,226456,114324,357428,340780,66.45225658782793,33.547743412172075,15.338967657115056,15.800226991824637,17.33916742846474
408,VA-05,John McGuire,(R),191726,246040,442168,43.36,55.64,194989,230682,431686,45.17,53.44,437766,43.796457468145086,56.20354253185492,425671,45.80744283730863,54.19255716269138,163720,207979,391600,371699,44.046392376627324,55.95360762337267,-7.066896554085552,-6.462392086897843,-5.453488663422647
409,VA-06,Ben Cline,(R),154344,252669,411692,37.49,61.37,133543,208274,347395,38.44,59.95,407013,37.92114748177577,62.07885251822424,341817,39.06856592855241,60.93143407144759,119913,209513,349889,329426,36.40058768888916,63.59941231111084,-14.712701241823716,-13.201268995654061,-11.328798649791963
410,VA-07,Eugene Vindman,(D),203204,191696,402228,50.52,47.66,204951,178472,389585,52.61,45.81,394900,51.45707774120031,48.5429222587997,383423,53.452974912824736,46.54702508717526,158995,151848,329818,310843,51.14961572240648,48.85038427759351,0.036326791693603866,1.1831399886182652,2.207131609632576
411,VA-08,Don Beyer,(D),285003,92724,386512,73.74,23.99,305118,84142,394439,77.35,21.33,377727,75.45211223979223,24.547887760207768,389260,78.3841134460258,21.615886553974207,264655,75619,366045,340274,77.77702674903166,22.222973250968337,26.663737818318786,26.114278521819323,26.202166108224496
412,VA-09,Morgan Griffith,(R),112209,291608,407182,27.56,71.62,114163,282093,401051,28.47,70.34,403817,27.787091677665877,72.21290832233413,396256,28.81041548897682,71.18958451102317,99310,250107,365400,349417,28.421628026112067,71.57837197388794,-22.69166090460081,-23.459419435229652,-21.462854453901855
413,VA-10,Suhas Subramanyam,(D),221123,186190,417946,52.91,44.55,238976,164941,410021,58.28,40.23,407313,54.28822551698571,45.71177448301429,403917,59.164630357226855,40.835369642773145,174827,148538,345987,323365,54.064911168493815,45.93508883150619,2.9516222377809385,6.894795433020384,5.0382793854179795
414,VA-11,James Walkinshaw,(D),273439,130784,416054,65.72,31.43,295688,121172,422707,69.95,28.67,404223,67.64558177045839,32.354418229541615,416860,70.93220745574054,29.06779254425946,247519,115207,390468,362726,68.2385602355497,31.7614397644503,17.125271304836822,18.662372531534068,18.39563563889066
415,VT-AL,Becca Balint,(D),235791,119395,366389,64.36,32.59,242820,112704,365486,66.44,30.84,355186,66.38521788584009,33.6147821141599,355524,68.29918655280656,31.700813447193436,178573,95362,315067,273935,65.188092065636,34.81190793436399,14.074803134923123,16.02935162860009,17.13527175427236
416,WA-01,Suzan DelBene,(D),232691,126084,371555,62.63,33.93,250877,130740,392183,63.97,33.34,358775,64.85708313009546,35.14291686990453,381617,65.74051994539028,34.259480054609725,185952,104596,315830,290548,64.00044054682876,35.99955945317125,12.88715161611588,13.470685021183805,15.607136998527729
417,WA-02,Rick Larsen,(D),254400,154441,422346,60.23,36.57,263073,162798,437403,60.14,37.22,408841,62.22467903170181,37.77532096829819,425871,61.77293123974161,38.22706876025839,190735,128467,346835,319202,59.753698285098466,40.246301714901534,8.64040935438559,9.503096315535139,12.974732900134079
418,WA-03,Marie Gluesenkamp Perez,(D),197986,211907,421693,46.95,50.25,196218,213902,420817,46.63,50.83,409893,48.3018739036773,51.698126096322696,410120,47.84404564517702,52.155954354822974,132417,156118,312295,288535,45.89287261510736,54.10712738489265,-5.220416315605519,-4.425789279029452,-0.9480722278904352
419,WA-04,Dan Newhouse,(R),119032,183219,310462,38.34,59.01,130107,184863,323034,40.28,57.23,302251,39.38183827348793,60.61816172651208,314970,41.30774359462806,58.69225640537194,89994,144696,252486,234690,38.34590310622523,61.65409689377477,-12.767385824487647,-10.962091329578413,-9.868107858079803
420,WA-05,Michael Baumgartner,(R),173909,217375,402950,43.16,53.95,180838,222224,415270,43.55,53.51,391284,44.44572228867012,55.55427771132988,403062,44.86605038430812,55.13394961569188,126563,172318,327079,298881,42.34561581365159,57.654384186348416,-8.767673117061285,-7.4037845398983535,-4.804223842897613
421,WA-06,Emily Randall,(D),251826,168264,433649,58.07,38.8,253641,177178,444191,57.1,39.89,420090,59.94572591587517,40.05427408412483,430819,58.87414436224958,41.125855637750426,179622,138177,347922,317799,56.520630964855144,43.479369035144856,5.4073420341422676,6.60430943804311,10.69577978430744
422,WA-07,Pramila Jayapal,(D),373392,47188,434984,85.84,10.85,395386,51351,455644,86.78,11.27,420580,88.78025583717724,11.219744162822769,446737,88.50531744628272,11.494682553717288,331302,43799,397414,375101,88.32341156115287,11.676588438847137,37.21012263043999,36.235482522076246,39.530309705609504
423,WA-08,Kim Schrier,(D),218294,193710,425522,51.3,45.52,226804,197508,435843,52.04,45.32,412004,52.983466179939995,47.01653382006,424312,53.45217670016403,46.54782329983597,160749,149805,336893,310554,51.76201240363994,48.23798759636006,0.6487234729270668,1.1823417759575605,3.733520048372263
424,WA-09,Adam Smith,(D),219426,88121,318654,68.86,27.65,255762,94177,357484,71.55,26.34,307547,71.34714368860693,28.652856311393055,349939,73.08759526660361,26.912404733396393,194307,70572,282807,264879,73.35689125978277,26.64310874021723,22.243602329069894,20.817760342397143,22.097197557039202
425,WA-10,Marilyn Strickland,(D),204893,140614,357020,57.39,39.39,216906,149910,378511,57.31,39.61,345507,59.3021270191342,40.6978729808658,366816,59.132098926982465,40.867901073017535,151077,113199,289653,264276,57.16637152068292,42.83362847931708,6.053082589970046,6.862264002775994,10.052180887566465
426,WI-01,Bryan Steil,(R),189560,207736,403219,47.01,51.52,190050,197950,393706,48.27,50.28,397296,47.71253674841932,52.28746325158069,388000,48.9819587628866,51.0180412371134,159094,168403,349322,327497,48.57876560701319,51.421234392986804,-2.5345233236996876,-3.287876161319872,-1.5374093831484146
427,WI-02,Mark Pocan,(D),324784,136735,468398,69.34,29.19,310866,125928,442951,70.18,28.43,461519,70.37283405450263,29.627165945497367,436794,71.16993365293479,28.83006634706521,260100,110866,396685,370966,70.11424227557242,29.885757724427574,19.000953344859546,18.900098728728317,21.1228879229349
428,WI-03,Derrick Van Orden,(R),191708,222857,421044,45.53,52.93,185088,203589,395551,46.79,51.47,414565,46.243170552265624,53.75682944773437,388677,47.6200032417663,52.3799967582337,161639,177898,364731,339537,47.605710128793035,52.394289871206965,-3.5075788019198413,-4.649831682440173,-3.006775579302108
429,WI-04,Gwen Moore,(D),258176,80483,344679,74.9,23.35,260145,78292,342657,75.92,22.85,338659,76.23479665386125,23.76520334613874,338437,76.8665955554505,23.1334044445495,242162,74928,336288,317090,76.37011574001072,23.62988425998928,25.25682680929784,24.59676063124403,26.98485052229352
430,WI-05,Scott Fitzgerald,(R),183713,290101,480204,38.26,60.41,175986,282390,464784,37.86,60.76,473814,38.77323169007247,61.22676830992753,458376,38.39337138070056,61.60662861929944,137813,249369,413939,387182,35.59385508623851,64.4061449137615,-15.519433844474364,-13.876463543505913,-10.476714441495261
431,WI-06,Glenn Grothman,(R),175452,245778,426849,41.1,57.58,171949,237088,415757,41.36,57.03,421230,41.652303966953916,58.347696033046084,409037,42.03751738840252,57.96248261159749,143139,206859,376041,349998,40.89709084051909,59.10290915948091,-10.216198090193785,-10.23231753580395,-7.597642164613816
432,WI-07,Tom Tiffany,(R),167604,266844,441048,38.0,60.5,165850,250173,422463,39.26,59.22,434448,38.57861009833168,61.42138990166832,416023,39.86558435471116,60.13441564528884,138573,214567,375094,353140,39.24024466217364,60.75975533782636,-11.873044268539239,-12.40425056949531,-10.671336033236052
433,WI-08,Tony Wied,(R),177232,247092,429772,41.24,57.49,170932,234773,412078,41.48,56.97,424324,41.768082880063346,58.23191711993665,405705,42.1320910513797,57.867908948620304,140016,202394,364050,342410,40.89132910837884,59.10867089162115,-10.221959822334036,-10.137743872826768,-7.481863251504386
434,WV-01,Carol Miller,(R),98066,259831,364662,26.89,71.25,112947,273523,392576,28.77,69.67,357897,27.400620849015215,72.59937915098477,386470,29.225295624498663,70.77470437550133,92958,247279,355774,340237,27.321543512316417,72.67845648768359,-23.79174541839646,-23.044539299707807,-21.849325282552517
435,WV-02,Riley Moore,(R),116243,273725,397728,29.23,68.82,123037,271859,402076,30.6,67.61,389968,29.808343248676817,70.19165675132318,394896,31.156810907175558,68.84318909282445,95834,242092,357275,337926,28.35946331445346,71.64053668554654,-22.753825616259416,-21.113024017030913,-19.441602882890916
436,WY-AL,Harriet Hageman,(R),69527,192633,266353,26.1,72.32,73491,193559,275026,26.72,70.38,262160,26.520826975892586,73.47917302410741,267050,27.519565624414906,72.4804343755851,55973,174419,248945,230392,24.294680370846212,75.70531962915379,-26.818608559866664,-24.750269299791565,-22.729119155675146
