,district,incumbent,party,dem_16,rep_16,tot_16,dem_pct_16,rep_pct_16,dem_12,rep_12,tot_12,dem_pct_12,rep_pct_12,dem_08,rep_08,tot_08,dem_pct_08,rep_pct_08,2p_tot_16,dem_2p_16,rep_2p_16,2p_tot_12,dem_2p_12,rep_2p_12,2p_tot_08,dem_2p_08,rep_2p_08,lean_08,lean_12
1,AK-AL,"Young, Don",(R),116454,163387,"309,407",37.6%,52.8%,122640,164676,297625,41.2,55.3,123594,193841,324467,38.1,59.7,279841,41.61434528893193,58.38565471106807,287316,42.684709518439625,57.315290481560375,317435,38.9352150834029,61.064784916597105,-14.75363242874068,-9.279152733570136
2,AL-01,"Byrne, Bradley",(R),103364,192634,"303,478",34.1%,63.5%,111735,184786,298837,37.4,61.8,115975,183753,301556,38.5,60.9,295998,34.92050621963662,65.07949378036338,296521,37.681985424303846,62.318014575696154,299728,38.69341536326269,61.306584636737306,-14.995432148880894,-14.281876827705915
3,AL-02,"Roby, Martha",(R),94299,185505,"285,664",33.0%,64.9%,105572,182287,289864,36.4,62.9,101076,186164,288807,35.0,64.5,279804,33.70180554959901,66.298194450401,287859,36.67489986416961,63.32510013583039,287240,35.18869238267651,64.8113076173235,-18.500155129467075,-15.28896238784015
4,AL-03,"Rogers, Mike",(R),93300,188477,"288,776",32.3%,65.3%,103089,174465,280128,36.8,62.3,103221,176434,281951,36.6,62.6,281777,33.11129013368728,66.88870986631272,277554,37.14196156423615,62.85803843576385,279655,36.91012139958163,63.08987860041837,-16.778726112561955,-14.821900687773613
5,AL-04,"Aderholt, Rob",(R),50722,233661,"290,726",17.4%,80.4%,65818,205423,274505,24.0,74.8,71095,204123,278483,25.5,73.3,284383,17.835805937767024,82.16419406223298,271241,24.265505583595402,75.7344944164046,275218,25.832249344156267,74.16775065584373,-27.856598167987315,-27.69835666841436
6,AL-05,"Brooks, Mo",(R),97159,200571,"309,937",31.3%,64.7%,103598,189860,297263,34.9,63.9,107005,184225,294444,36.3,62.6,297730,32.63325832129782,67.36674167870218,293458,35.30249643901342,64.69750356098658,291230,36.742437248909795,63.257562751090205,-16.946410263233787,-16.661365812996344
7,AL-06,"Palmer, Gary",(R),86116,233493,"329,849",26.1%,70.8%,77517,233566,314343,24.7,74.3,78559,232644,313838,25.0,74.1,319609,26.94417241066428,73.05582758933572,311083,24.918430129579566,75.08156987042044,311203,25.24365125014862,74.75634874985138,-28.445196261994962,-27.045432122430196
8,AL-07,"Sewell, Terri",(D),204586,83915,"293,231",69.8%,28.6%,228276,85488,315244,72.4,27.1,225642,88803,315625,71.5,28.1,288501,70.9134457072939,29.08655429270609,313764,72.75404444104487,27.24595555895514,314445,71.75881314697324,28.24118685302676,18.069965634829657,20.790182189035107
9,AR-01,"Crawford, Rick",(R),78688,169438,"260,717",30.2%,65.0%,92086,154549,253460,36.3,61.0,102670,151918,262118,39.2,58.0,248126,31.712920048684946,68.28707995131505,246635,37.33695541995256,62.66304458004743,254588,40.32790233632378,59.67209766367622,-13.3609451758198,-14.626906832057202
10,AR-02,"Hill, French",(R),127883,160782,"306,974",41.7%,52.4%,125527,160140,292515,42.9,54.7,129888,157732,293250,44.3,53.8,288665,44.30152599033482,55.698474009665176,285667,43.94172235504976,56.05827764495024,287620,45.15958556428621,54.84041443571379,-8.529261947857371,-8.022139896959999
11,AR-03,"Womack, Steve",(R),89081,180921,"292,163",30.5%,61.9%,81413,168703,257668,31.6,65.5,85866,161902,253566,33.9,63.9,270002,32.99271857245502,67.00728142754498,250116,32.55009675510563,67.44990324489437,247768,34.65580704530044,65.34419295469955,-19.03304046684314,-19.413765496904134
12,AR-04,"Westerman, Bruce",(R),84842,173731,"270,781",31.3%,64.2%,95383,164352,265825,35.9,61.8,103886,166465,277684,37.4,59.9,258573,32.81162379676146,67.18837620323855,259735,36.72319864477256,63.27680135522744,270351,38.42634205162918,61.57365794837082,-15.262505460514404,-15.240663607237202
13,AZ-01,"O'Halleran, Tom",(D),132874,135928,"284,973",46.6%,47.7%,124550,131115,260056,47.9,50.4,123079,131208,257294,47.8,51.0,268802,49.43192386961407,50.56807613038593,255665,48.71609332524984,51.283906674750156,254287,48.401609205346716,51.598390794653284,-5.287238306796866,-3.2477689267599246
14,AZ-02,"McSally, Martha",(R),156676,141196,"315,839",49.6%,44.7%,144966,149651,299691,48.4,49.9,150877,153747,308531,48.9,49.8,297872,52.59843154106461,47.40156845893539,294617,49.20489992091427,50.79510007908573,304624,49.52892746467777,50.471072535322236,-4.1599200474658105,-2.758962331095489
15,AZ-03,"Grijalva, Raul",(D),130466,67952,"208,934",62.4%,32.5%,108902,65482,177248,61.4,36.9,102818,71980,176761,58.2,40.7,198418,65.7531070769789,34.2468929230211,174384,62.44953665473897,37.55046334526103,174798,58.82103914232428,41.17896085767572,5.132191630180699,10.48567440272921
16,AZ-04,"Gosar, Paul",(R),82192,202043,"298,483",27.5%,67.7%,80035,173394,258046,31.0,67.2,86346,161163,251086,34.4,64.2,284235,28.916917339525394,71.0830826604746,253429,31.58083723646465,68.41916276353534,247509,34.88600414530381,65.1139958546962,-18.802843366839774,-20.383025015545112
17,AZ-05,"Biggs, Andy",(R),121280,191432,"332,093",36.5%,57.6%,101511,187304,293748,34.6,63.8,104014,179566,286711,36.3,62.6,312712,38.78328941645988,61.21671058354012,288815,35.14741270363381,64.85258729636618,283580,36.678891318146555,63.321108681853445,-17.009956193997027,-16.81644954837595
18,AZ-06,"Schweikert, David",(R),143571,177332,"338,331",42.4%,52.4%,121661,186537,313417,38.8,59.5,130426,182747,316599,41.2,57.7,320903,44.73968769378909,55.26031230621091,308198,39.47494792308841,60.5250520769116,313173,41.646629818023904,58.353370181976096,-12.042217694119678,-12.488914328921354
19,AZ-07,"Gallego, Ruben",(D),117958,37232,"164,399",71.8%,22.6%,101028,37353,140907,71.7,26.5,85991,45289,132868,64.7,34.1,155190,76.0087634512533,23.9912365487467,138381,73.0071324820604,26.9928675179396,131280,65.5019804996953,34.49801950030469,11.813132987551725,21.043270230050638
20,AZ-08,"Lesko, Debbie",(R),120992,190163,"327,325",37.0%,58.1%,107335,179555,291126,36.9,61.7,110610,174516,288189,38.4,60.6,311155,38.88480017997461,61.11519982002539,286890,37.41329429398027,62.58670570601973,285126,38.79337556027861,61.20662443972139,-14.89547195186497,-14.55056795802949
21,AZ-09,"Sinema, Kyrsten",(D),155158,109123,"283,863",54.7%,38.4%,135244,123263,264563,51.1,46.6,140546,129894,274042,51.3,47.4,264281,58.70947968261056,41.29052031738944,258507,52.317345371692056,47.68265462830794,270440,51.96938322733323,48.03061677266677,-1.7194642848103499,0.35348311968229496
22,CA-01,"LaMalfa, Doug",(R),114727,176358,"313,968",36.5%,56.2%,122379,171902,303928,40.3,56.6,139534,177208,316755,,,291085,39.41357335486198,60.58642664513801,294281,41.58576326708146,58.41423673291853,316742,44.05288847074275,55.947111529257256,-9.635959041400831,-10.3780989849283
23,CA-02,"Huffman, Jared",(D),238157,80545,"344,971",69.0%,23.3%,230212,89908,333442,69.0,27.0,255491,91129,346621,,,318702,74.72717460197927,25.27282539802072,320120,71.91428214419592,28.08571785580407,346620,73.70924932202412,26.290750677975883,20.02040180988054,19.95041989218616
24,CA-03,"Garamendi, John",(D),138882,105860,"262,086",53.0%,40.4%,131237,104145,241687,54.3,43.1,139674,109154,248827,,,244742,56.746287927695285,43.253712072304715,235382,55.75490054464658,44.245099455353426,248828,56.13275033356375,43.86724966643625,2.443902821420167,3.79103829263682
25,CA-04,"McClintock, Tom",(R),138790,190924,"353,388",39.3%,54.0%,133473,195386,337634,39.5,57.9,149990,187497,337472,,,329714,42.094057273879784,57.905942726120216,328859,40.586695209801164,59.413304790198836,337487,44.443193367448224,55.55680663255177,-9.245654144695358,-11.377167042208598
26,CA-05,"Thompson, Mike",(D),210950,74088,"305,052",69.2%,24.3%,199924,78703,286658,69.7,27.5,215830,81919,297741,,,285038,74.00767616949318,25.99232383050681,278627,71.75327588496448,28.246724115035516,297749,72.48722917625247,27.512770823747516,18.798381664108888,19.78941363295472
27,CA-06,"Matsui, Doris",(D),168687,59549,"243,910",69.2%,24.4%,156141,63862,225831,69.1,28.3,162932,70736,233674,,,228236,73.9090239927093,26.0909760072907,220003,70.97221401526342,29.02778598473657,233668,69.72799013985654,30.272009860143452,16.039142627712963,19.008351763253657
28,CA-07,"Bera, Ami",(D),159066,124249,"304,118",52.3%,40.9%,145147,133888,285997,50.8,46.8,152694,136709,289398,,,283315,56.144574060674515,43.855425939325485,279035,52.01748884548534,47.98251115451467,289403,52.76171981631151,47.23828018368849,-0.9271276958320698,0.05362659347557752
29,CA-08,"Cook, Paul",(R),92234,127464,"232,835",39.6%,54.7%,88579,118278,212633,41.7,55.6,93613,121523,215140,,,219698,41.982175531866474,58.017824468133526,206857,42.821369351774415,57.17863064822558,215136,43.51340547374684,56.486594526253164,-10.175442038396739,-9.142492900235347
30,CA-09,"McNerney, Jerry",(D),134719,90484,"238,191",56.6%,38.0%,127418,88403,220312,57.8,40.1,125120,90654,215779,,,225203,59.82113915001133,40.17886084998868,215821,59.03874043767752,40.96125956232248,215774,57.9865970876936,42.0134029123064,4.2977495755500215,7.074878185667757
31,CA-10,"Denham, Jeff",(R),116335,109145,"239,680",48.5%,45.5%,108923,101160,215113,50.6,47.0,111168,105006,216167,,,225480,51.594376441369526,48.40562355863048,210083,51.84760309020721,48.15239690979279,216174,51.42524077826196,48.57475922173805,-2.2636067338816233,-0.11625916180255302
32,CA-11,"DeSaulnier, Mark",(D),223559,70869,"312,568",71.5%,22.7%,203699,90226,301134,67.6,30.0,216315,89194,305517,,,294428,75.92993872865353,24.070061271346475,293925,69.30305350004254,30.696946499957473,305509,70.80478807498307,29.195211925016938,17.115940562839484,17.339191248032776
33,CA-12,"Pelosi, Nancy",(D),309221,31158,"358,774",86.2%,8.7%,269461,40003,320387,84.1,12.5,288042,43931,331972,,,340379,90.84608627441764,9.153913725582367,309464,87.07345604012097,12.926543959879016,331973,86.76669488181268,13.233305118187321,33.0778473696691,35.10959378811121
34,CA-13,"Lee, Barbara",(D),291926,22743,"334,194",87.4%,6.8%,268093,27474,306314,87.5,9.0,281159,32201,313363,,,314669,92.77240528936755,7.2275947106324425,295567,90.70464564717983,9.295354352820173,313360,89.7239596630074,10.276040336992596,36.035112150863824,38.74078339517007
35,CA-14,"Speier, Jackie",(D),229008,54229,"297,743",76.9%,18.2%,200343,63589,269882,74.2,23.6,199481,66655,266142,,,283237,80.85384324788075,19.14615675211925,263932,75.90705181637695,24.092948183623054,266136,74.95453452370216,25.045465476297835,21.265687011558583,23.943189564367188
36,CA-15,"Swalwell, Eric",(D),198964,68808,"284,536",69.9%,24.2%,177243,77748,260611,68.0,29.8,182271,82329,264599,,,267772,74.30351194299628,25.69648805700372,254991,69.50951210042707,30.490487899572926,264600,68.88548752834467,31.11451247165533,15.196640016201087,17.545649848417312
37,CA-16,"Costa, Jim",(D),98504,61813,"169,964",58.0%,36.4%,88973,59808,151953,58.6,39.4,87994,60031,148029,,,160317,61.443265530168354,38.556734469831646,148781,59.80131871677163,40.198681283228375,148025,59.44536395879074,40.55463604120926,5.7565164466471614,7.837456464761871
38,CA-17,"Khanna, Ro",(D),183801,50926,"248,695",73.9%,20.5%,163862,58193,227806,71.9,25.5,166561,67187,233751,,,234727,78.3041575958454,21.695842404154615,222055,73.7934295557407,26.206570444259302,233748,71.2566524633366,28.743347536663418,17.56780495119301,21.82956730373094
39,CA-18,"Eshoo, Anna",(D),246015,67808,"335,138",73.4%,20.2%,218082,92457,319615,68.2,28.9,231574,90993,322558,,,313823,78.39291575187288,21.60708424812713,310539,70.22692801870296,29.773071981297033,322567,71.79097675831689,28.209023241683123,18.102129246173305,18.263065766693202
40,CA-19,"Lofgren, Zoe",(D),187828,55371,"257,624",72.9%,21.5%,165530,61643,232442,71.2,26.5,159022,68388,227412,,,243199,77.23222546145337,22.76777453854662,227173,72.86517323801685,27.13482676198316,227410,69.92744382393035,30.072556176069654,16.238596311786765,20.90131098600709
41,CA-20,"Panetta, Jimmy",(D),180486,59573,"256,538",70.4%,23.2%,168956,62427,238341,70.9,26.2,175228,63497,238720,,,240059,75.18401726242298,24.815982737577013,231383,73.02005765332802,26.97994234667197,238725,73.40161273431774,26.598387265682273,19.712765222174156,21.056195401318263
42,CA-21,"Valadao, David",(R),73773,52972,"133,544",55.2%,39.7%,65146,51917,119232,54.6,43.5,66497,57458,123957,,,126745,58.20584638447276,41.79415361552724,117063,55.65037629310713,44.34962370689287,123955,53.64608123915937,46.35391876084063,-0.04276627298420976,3.686514041097368
43,CA-22,"Nunes, Devin",(R),102292,125089,"240,137",42.6%,52.1%,92005,125213,221278,41.6,56.6,95906,122884,218799,,,227381,44.98704817025169,55.01295182974831,217218,42.3560662560193,57.6439337439807,218790,43.834727364139134,56.16527263586087,-9.854120148004448,-9.607795995990465
44,CA-23,"McCarthy, Kevin",(R),88314,142351,"244,864",36.1%,58.1%,82119,139816,227297,36.1,61.5,85838,143457,229286,,,230665,38.28669282292502,61.71330717707498,221935,37.00137427625206,62.99862572374795,229295,37.435617872173395,62.564382127826605,-16.253229639970186,-14.962487975757703
45,CA-24,"Carbajal, Salud",(D),176979,113887,"312,160",56.7%,36.5%,158119,126049,292406,54.1,43.1,175517,127931,303447,,,290866,60.84554399620444,39.15445600379556,284168,55.6427887728386,44.3572112271614,303448,57.84088212807467,42.15911787192534,4.152034615931086,3.6789265208288384
46,CA-25,"Knight, Steve",(R),137491,119249,"273,218",50.3%,43.6%,120701,125258,252249,47.8,49.7,122912,119189,242096,,,256740,53.55262132897094,46.44737867102906,245959,49.073626092153575,50.92637390784643,242101,50.76889397400258,49.23110602599741,-2.9199535381410016,-2.8902361598561868
47,CA-26,"Brownley, Julia",(D),169083,105259,"292,232",57.9%,36.0%,147753,119677,273647,54.0,43.7,160847,117779,278630,,,274342,61.63219630971562,38.36780369028439,267430,55.24922409602513,44.75077590397487,278626,57.72863982542907,42.27136017457093,4.0397923132854885,3.2853618440153696
48,CA-27,"Chu, Judy",(D),174544,74984,"264,466",66.0%,28.4%,161528,90278,257970,62.6,35.0,165358,96636,261989,,,249528,69.94966496745856,30.050335032541437,251806,64.14779631938873,35.85220368061127,261994,63.11518584395063,36.88481415604937,9.426338331807045,12.18393406737897
49,CA-28,"Schiff, Adam",(D),208645,64607,"289,254",72.1%,22.3%,187441,70757,266628,70.3,26.5,191735,74156,265890,,,273252,76.35625722776047,23.643742772239545,258198,72.59583730315494,27.40416269684506,265891,72.11037605635391,27.88962394364608,18.421528544210332,20.631975051145176
50,CA-29,"Cardenas, Tony",(D),152517,32963,"196,196",77.7%,16.8%,129323,34454,167889,77.0,20.5,109870,34755,144624,,,185480,82.22827259003667,17.77172740996334,163777,78.96285803256868,21.037141967431324,144625,75.96888504753674,24.031114952463266,22.280037535393163,26.998995780558914
51,CA-30,"Sherman, Brad",(D),209149,77701,"302,805",69.1%,25.7%,186301,91680,285226,65.3,32.1,181666,88041,269706,,,286850,72.91232351403173,27.087676485968277,277981,67.01932865915296,32.98067134084703,269707,67.35679830334401,32.643201696656,13.667950791200425,15.0554664071432
52,CA-31,"Aguilar, Pete",(D),131960,83701,"228,825",57.7%,36.6%,118043,83822,206242,57.2,40.6,121021,87728,208740,,,215661,61.18862473975359,38.81137526024641,201865,58.47620934783148,41.52379065216853,208749,57.9744094582489,42.02559054175109,4.285561946105318,6.512347095821717
53,CA-32,"Napolitano, Grace",(D),146459,60921,"220,046",66.6%,27.7%,133061,66269,204169,65.2,32.5,133497,74167,207672,,,207380,70.62349310444594,29.376506895554055,199330,66.75412632318266,33.24587367681734,207664,64.28509515370983,35.71490484629016,10.59624764156625,14.7902640711729
54,CA-33,"Lieu, Ted",(D),239982,93706,"353,897",67.8%,26.5%,210010,127421,346504,60.6,36.8,229560,120682,350244,,,333688,71.91807916376975,28.08192083623025,337431,62.23790937999176,37.76209062000824,350242,65.54325295081686,34.456747049183136,11.854405438673282,10.274047127982001
55,CA-34,"Gomez, Jimmy",(D),154259,19784,"184,601",83.6%,10.7%,127510,21739,153699,83.0,14.1,108250,27673,135925,,,174043,88.63269421924467,11.36730578075533,149249,85.43440827074218,14.565591729257818,135923,79.64067891379678,20.35932108620322,25.951831401653195,33.47054601873242
56,CA-35,"Torres, Norma",(D),127757,50822,"188,611",67.7%,26.9%,108983,49433,161732,67.4,30.6,106540,53842,160388,,,178579,71.54088666640534,28.459113333594654,158416,68.79544995455005,31.204550045449952,160382,66.42890099886522,33.57109900113479,12.740053486721635,16.83158770254029
57,CA-36,"Ruiz, Raul",(D),123795,103051,"237,370",52.2%,43.4%,107914,101156,212939,50.7,47.5,106662,99221,205882,,,226846,54.57226488454723,45.42773511545277,209070,51.61620509877075,48.38379490122925,205883,51.80709432056071,48.19290567943929,-1.8817531915828738,-0.3476571532390125
58,CA-37,"Bass, Karen",(D),236621,26608,"276,134",85.7%,9.6%,222329,33307,261858,84.9,12.7,220920,34900,255818,,,263229,89.89169126502019,10.108308734979808,255636,86.97092741241453,13.029072587585471,255820,86.35759518411383,13.64240481588617,32.66874767197025,35.007065160404764
59,CA-38,"Sanchez, Linda",(D),166224,68033,"248,224",67.0%,27.4%,149141,75780,229875,64.9,33.0,149451,84931,234381,,,234257,70.95796497009694,29.042035029903058,224921,66.30817042428231,33.6918295757177,234382,63.76385558617983,36.23614441382018,10.075008074036248,14.344308172272548
60,CA-39,"Royce, Ed",(R),140230,116782,"272,471",51.5%,42.9%,124108,133742,263530,47.1,50.8,130038,136203,266240,,,257012,54.561654708729556,45.43834529127045,257850,48.1318596082994,51.8681403917006,266241,48.842214384711596,51.15778561528841,-4.846633127431986,-3.8320026437103607
61,CA-40,"Roybal-Allard, Lucille",(D),135472,21077,"164,714",82.2%,12.8%,115637,23446,141918,81.5,16.5,104532,26940,131473,,,156549,86.53648378462974,13.463516215370266,139083,83.14244012568035,16.857559874319648,131472,79.50894487039065,20.491055129609347,25.820097358247068,31.17857787367059
62,CA-41,"Takano, Mark",(D),126197,68526,"206,961",61.0%,33.1%,114040,67314,185429,61.5,36.3,106168,69033,175184,,,194723,64.8084715210838,35.191528478916204,181354,62.882539122379434,37.117460877620566,175201,60.597827637970106,39.402172362029894,6.908980125826524,10.918676870369673
63,CA-42,"Calvert, Ken",(R),111103,143175,"268,305",41.4%,53.4%,96212,131438,232520,41.4,56.5,95868,116396,212287,,,254278,43.69351654488395,56.30648345511605,227650,42.263123215462336,57.73687678453767,212264,45.164512116986394,54.8354878830136,-8.524335395157188,-9.700739036547425
64,CA-43,"Waters, Maxine",(D),183434,39039,"234,060",78.4%,16.7%,173342,44485,222219,78.0,20.0,167919,49935,217853,,,222473,82.45225263290376,17.547747367096232,217827,79.57783011288775,20.422169887112247,217854,77.07868572530226,22.921314274697732,23.389838213158683,27.61396786087799
65,CA-44,"Barragan, Nanette",(D),164251,24261,"197,802",83.0%,12.3%,155459,24995,183586,84.7,13.6,139744,27930,167671,,,188512,87.13026226447123,12.869737735528771,180454,86.14882463120796,13.851175368792045,167674,83.3426768610518,16.657323138948197,29.653829348908218,34.1849623791982
66,CA-45,"Walters, Mimi",(R),162449,144713,"325,967",49.8%,44.4%,133114,169489,309399,43.0,54.8,147400,161933,309327,,,307162,52.88707587527103,47.11292412472897,302603,43.989649805190304,56.010350194809696,309333,47.65091341693256,52.34908658306744,-6.037934095211021,-7.9742124468194575
67,CA-46,"Correa, Lou",(D),119762,50403,"180,750",66.3%,27.9%,95479,56252,155493,61.4,36.2,91533,61164,152692,,,170165,70.37992536655598,29.62007463344401,151731,62.9264949153436,37.0735050846564,152697,59.94420322599658,40.05579677400342,6.255355713853,10.962632663333842
68,CA-47,"Lowenthal, Alan",(D),161743,80162,"258,320",62.6%,31.0%,147456,92010,245624,60.0,37.5,145900,99061,244971,,,241905,66.86219797027759,33.137802029722415,239466,61.57700884467941,38.42299115532059,244961,59.56050146758055,40.43949853241945,5.871653955436969,9.61314659266965
69,CA-48,"Rohrabacher, Dana",(R),152035,146595,"317,328",47.9%,46.2%,133103,169249,309496,43.0,54.7,147986,163308,311299,,,298630,50.91082610588353,49.08917389411647,302352,44.02253003122188,55.97746996877812,311294,47.538982441036445,52.461017558963555,-6.149865071107136,-7.941332220787878
70,CA-49,"Issa, Darrell",(R),159081,135576,"314,011",50.7%,43.2%,134447,153856,294468,45.7,52.2,146748,142719,289469,,,294657,53.988535823007766,46.011464176992234,288303,46.63392333759968,53.36607666240032,289467,50.695934251572716,49.304065748427284,-2.992913260570866,-5.329938914410079
71,CA-50,"Hunter, Duncan",(R),115864,159822,"292,878",39.6%,54.6%,102649,165104,273289,37.6,60.4,108562,160217,268770,,,275686,42.02752406723591,57.97247593276409,267753,38.337198836240866,61.66280116375914,268779,40.390804341112954,59.60919565888704,-13.298043171030628,-13.626663415768896
72,CA-51,"Vargas, Juan",(D),147603,46825,"205,437",71.8%,22.8%,115610,48108,166684,69.4,28.9,110682,54253,164941,,,194428,75.9165346555023,24.083465344497707,163718,70.61532635385235,29.384673646147647,164935,67.10643586867555,32.89356413132446,13.417588356531965,18.651464101842592
73,CA-52,"Peters, Scott",(D),191325,117057,"329,258",58.1%,35.6%,163911,143726,314748,52.1,45.7,183064,143490,326552,,,308382,62.041558845847035,37.958441154152965,307637,53.28065219723245,46.719347802767544,326554,56.059334750148516,43.94066524985148,2.3704872380049338,1.3167899452226877
74,CA-53,"Davis, Susan",(D),200237,91822,"310,373",64.5%,29.6%,174616,103513,284333,61.4,36.4,180202,108290,288489,,,292059,68.56046209841162,31.439537901588377,278129,62.78237796130573,37.21762203869427,288492,62.46343052840287,37.53656947159713,8.774583016259285,10.818515709295966
75,CO-01,"DeGette, Diana",(D),277790,93486,"402,453",69.0%,23.2%,254400,106334,368798,69.0,28.8,238267,92818,336293,70.9,27.6,371276,74.8203492819358,25.179650718064188,360734,70.52287835357909,29.477121646420905,331085,71.96550734705589,28.03449265294411,18.27665983491231,18.559016101569327
76,CO-02,"Polis, Jared",(D),264966,164769,"471,464",56.2%,34.9%,255209,174095,440652,57.9,39.5,255063,154884,416822,61.2,37.2,429735,61.65799853398024,38.34200146601975,429304,59.44715166874756,40.55284833125244,409947,62.21853068811334,37.78146931188665,8.529683175969758,7.483289416737797
77,CO-03,"Tipton, Scott",(R),151057,195966,"377,176",40.0%,52.0%,163886,185459,358045,45.8,51.8,166259,171205,343167,48.4,49.9,347023,43.529391423623224,56.470608576376776,349345,46.912364567977214,53.087635432022786,337464,49.267181091909066,50.732818908090934,-4.421666420234516,-5.051497684032547
78,CO-04,"Buck, Ken",(R),137784,230945,"402,201",34.3%,57.4%,140404,209415,357971,39.2,58.5,138609,186271,330465,41.9,56.4,368729,37.36728057733457,62.63271942266543,349819,40.13618471266569,59.86381528733431,324880,42.664676188131004,57.335323811868996,-11.024171324012578,-11.827677539344073
79,CO-05,"Lamborn, Doug",(R),123537,212558,"371,829",33.2%,57.2%,129903,200491,339143,38.3,59.1,127252,188389,320557,39.7,58.8,336095,36.75657180261533,63.24342819738467,330394,39.317602619902296,60.6823973800977,315641,40.31542163407162,59.684578365928374,-13.373425878071963,-12.646259632107466
80,CO-06,"Coffman, Mike",(R),191099,157115,"380,526",50.2%,41.3%,183024,165070,354989,51.6,46.5,175007,146589,326232,53.6,44.9,348214,54.87975785005772,45.12024214994227,348094,52.578901101426624,47.42109889857337,321596,54.41827634672073,45.58172365327927,0.7294288345771491,0.6150388494168624
81,CO-07,"Perlmutter, Ed",(D),192637,147645,"374,571",51.4%,39.4%,196276,144379,349920,56.1,41.3,187678,133184,327142,57.4,40.7,340282,56.61098735754463,43.38901264245538,340655,57.61723738092792,42.38276261907208,320862,58.49181267959435,41.50818732040566,4.802965167450765,5.653375128918157
82,CT-01,"Larson, John",(D),195305,119395,"328,774",59.4%,36.3%,200960,112982,317496,63.3,35.6,220181,110296,334807,65.8,32.9,314700,62.06069272322847,37.93930727677153,313942,64.01182384007237,35.98817615992763,330477,66.62521143680196,33.374788563198045,12.93636392465838,12.047961588062606
83,CT-02,"Courtney, Joe",(D),165799,155975,"340,758",48.7%,45.8%,177544,135235,317687,55.9,42.6,199414,136155,340366,58.6,40.0,321774,51.526537259070025,48.47346274092997,312779,56.76340163502025,43.23659836497974,335569,59.425632284269405,40.574367715730595,5.736784772125823,4.79953938301049
84,CT-03,"DeLauro, Rosa",(D),179832,129968,"321,837",55.9%,40.4%,191296,110912,305600,62.6,36.3,203090,117258,324233,62.6,36.2,309800,58.04777275661718,41.95222724338283,302208,63.29944938585346,36.70055061414655,320348,63.39668110929364,36.603318890706355,9.707833597150056,11.335587133843696
85,CT-04,"Himes, Jim",(D),195494,119976,"328,198",59.6%,36.6%,170884,136600,310284,55.1,44.0,192941,128653,323755,59.6,39.7,315470,61.969125431895264,38.030874568104736,307484,55.57492422369944,44.42507577630055,321594,59.995211353445654,40.00478864655435,6.306363841302073,3.6110619716896792
86,CT-05,"Esty, Elizabeth",(D),161142,147901,"322,737",49.9%,45.8%,164621,139347,307553,53.5,45.3,182147,137066,323202,56.4,42.4,309043,52.142258520658935,47.857741479341065,303968,54.15734551005369,45.84265448994631,319213,57.06127256722001,42.93872743277999,3.3724250550764268,2.1934832580439263
87,DE-AL,"Blunt Rochester, Lisa",(D),235603,185127,"441,590",53.4%,41.9%,242584,165484,413890,58.6,40.0,255459,152374,412412,61.9,36.9,420730,55.998621443681216,44.001378556318784,408068,59.44695491927816,40.55304508072184,407833,62.63813864988855,37.36186135011144,8.949291137744972,7.4830926672684015
88,FL-01,"Gaetz, Matt",(R),107063,256609,"380,100",28.2%,67.5%,106528,242747,349275,,,114948,240089,358489,,,363672,29.43943993488638,70.56056006511362,349275,30.49974948106793,69.50025051893208,355037,32.376343874018765,67.62365612598124,-21.312503638124817,-21.46411277094183
89,FL-02,"Dunn, Neal",(R),108636,234991,"354,948",30.6%,66.2%,110727,214342,325069,,,119522,214752,337842,,,343627,31.614512247291394,68.38548775270861,325069,34.06261439878918,65.93738560121082,334274,35.75569742187547,64.24430257812453,-17.933150090268114,-17.901247853220582
90,FL-03,"Yoho, Ted",(R),141362,197478,"351,688",40.2%,56.2%,137649,186258,323907,,,147210,182117,332479,,,338840,41.71939558493684,58.28060441506315,323907,42.496457316451945,57.50354268354806,329327,44.70025233278778,55.29974766721223,-8.988595179355805,-9.467404935557816
91,FL-04,"Rutherford, John",(R),143675,261826,"421,618",34.1%,62.1%,123377,248340,371717,,,124889,232404,359883,,,405501,35.43147859068165,64.56852140931835,371717,33.19111044154558,66.80888955845442,357293,34.95422524370754,65.04577475629245,-18.73462226843604,-18.77275181046418
92,FL-05,"Lawson, Al",(D),191194,111892,"312,071",61.3%,35.9%,199964,110989,310953,,,204539,115468,321904,,,303086,63.08242545020225,36.91757454979775,310953,64.30682450402473,35.693175495975275,320007,63.91703931476499,36.08296068523501,10.22819180262141,12.34296225201497
93,FL-06,,(R),151453,215941,"379,804",39.9%,56.9%,158711,178245,336956,,,174083,169142,346168,,,367394,41.223591022172386,58.77640897782762,336956,47.1014019634611,52.89859803653889,343225,50.719790225071016,49.280209774928984,-2.969057287072566,-4.862460288548661
94,FL-07,"Murphy, Stephanie",(D),186658,160178,"363,186",51.4%,44.1%,164738,164364,329102,,,169434,159082,330985,,,346836,53.81736613269672,46.18263386730328,329102,50.05682128944826,49.94317871055174,328516,51.575570139658346,48.424429860341654,-2.1132773724852356,-1.9070409625615028
95,FL-08,"Posey, Bill",(R),151412,234648,"401,911",37.7%,58.4%,153020,205877,358897,,,160138,200862,364396,,,386060,39.21981039216702,60.78018960783298,358897,42.636188098535236,57.363811901464764,361000,44.3595567867036,55.6404432132964,-9.329290725439982,-9.327674153474526
96,FL-09,"Soto, Darren",(D),195368,149352,"356,530",54.8%,41.9%,153222,115093,268315,,,148946,121203,272007,,,344720,56.674402413553025,43.325597586446975,268315,57.10526806179305,42.89473193820696,270149,55.134758966348194,44.8652410336518,1.4459114542046123,5.141405809783286
97,FL-10,"Demings, Val",(D),194934,110062,"315,611",61.8%,34.9%,165230,103617,268847,,,163284,103019,267783,,,304996,63.91362509672258,36.08637490327742,268847,61.4587479123814,38.54125208761861,266303,61.31511849284461,38.68488150715538,7.62627098070103,9.494885660371637
98,FL-11,"Webster, Dan",(R),133448,266256,"410,998",32.5%,64.8%,146428,217453,363881,,,154893,203598,362118,,,399704,33.386706162560294,66.6132938374397,363881,40.240628117434,59.759371882566,358491,43.206942433701265,56.793057566298735,-10.481905078442317,-11.723234134575762
99,FL-12,"Bilirakis, Gus",(R),147759,218487,"380,357",38.8%,57.4%,156978,182945,339923,,,164289,177266,345163,,,366246,40.344194885404896,59.655805114595104,339923,46.180458515605004,53.819541484394996,341555,48.10030595365314,51.89969404634686,-5.588541558490441,-5.7834037364047575
100,FL-13,"Crist, Charlie",(D),178892,167348,"360,760",49.6%,46.4%,182971,147065,330036,,,188696,146603,338995,,,346240,51.667051756007396,48.332948243992604,330036,55.43970960743676,44.56029039256323,335299,56.276934914807384,43.72306508519262,2.5880874026638025,3.4758473554269997
101,FL-14,"Castor, Kathy",(D),188870,128797,"330,433",57.2%,39.0%,178047,127006,305053,,,171187,121046,294474,,,317667,59.45534159985142,40.54465840014858,305053,58.36592329857435,41.634076701425656,292233,58.57894214547981,41.42105785452019,4.890094633336226,6.40206104656459
102,FL-15,"Ross, Dennis",(R),144225,177635,"334,518",43.1%,53.1%,143468,163966,307434,,,136157,151614,290138,,,321860,44.80985521655378,55.190144783446215,307434,46.66627633898658,53.33372366101342,287771,47.31435759683915,52.68564240316085,-6.37448991530443,-5.297585913023184
103,FL-16,"Buchanan, Vern",(R),170442,213271,"396,807",43.0%,53.7%,155827,185382,341209,,,160570,172499,335797,,,383713,44.41913617729918,55.58086382270082,341209,45.66907672423646,54.33092327576353,333069,48.20922991932603,51.79077008067397,-5.479617592817554,-6.2947855277733
104,FL-17,"Rooney, Tom",(R),123919,220156,"353,861",35.0%,62.2%,127960,178932,306892,,,138899,173402,315335,,,344075,36.01511298408777,63.98488701591223,306892,41.69544986509912,58.30455013490088,312301,44.47600231827628,55.52399768172373,-9.212845193867302,-10.26841238691064
105,FL-18,"Mast, Brian",(R),168558,203771,"382,474",44.1%,53.3%,163274,175617,338891,,,172152,161158,335738,,,372329,45.27125203784825,54.72874796215176,338891,48.17891298382075,51.82108701617925,333310,51.649215445081154,48.350784554918846,-2.0396320670624277,-3.78494926818901
106,FL-19,"Rooney, Francis",(R),143001,227097,"381,158",37.5%,59.6%,124513,197050,321563,,,135312,181609,319110,,,370098,38.638684888867274,61.36131511113273,321563,38.721183718276045,61.278816281723955,316921,42.69581378324567,57.30418621675434,-10.993033728897913,-13.242678533733717
107,FL-20,"Hastings, Alcee",(D),231596,52251,"288,811",80.2%,18.1%,219688,45988,265676,,,205255,47247,253426,,,283847,81.59184349314947,18.40815650685052,265676,82.69019407097366,17.309805929026332,252502,81.28846504186106,18.711534958138945,27.599617529717477,30.7263318189639
108,FL-21,"Frankel, Lois",(D),206239,137490,"351,661",58.6%,39.1%,191934,123286,315220,,,199404,112829,313891,,,343729,60.000465482982236,39.999534517017764,315220,60.88890298838906,39.11109701161094,312233,63.863845269398176,36.136154730601824,10.174997757254594,8.925040736379302
109,FL-22,"Deutch, Ted",(D),202355,146228,"356,482",56.8%,41.0%,182553,139743,322296,,,185583,130719,318023,,,348583,58.05073684029342,41.94926315970658,322296,56.64141038051977,43.358589619480234,316302,58.672724168674236,41.327275831325764,4.983876656530654,4.677548128510011
110,FL-23,"Wasserman Schultz, Debbie",(D),209079,120967,"337,782",61.9%,35.8%,186021,114317,300338,,,184843,111431,297812,,,330046,63.34844233834072,36.65155766165928,300338,61.93721740172739,38.06278259827261,296274,62.389207287848414,37.61079271215159,8.700359775704833,9.973355149717626
111,FL-24,"Wilson, Frederica",(D),219783,40817,"265,174",82.9%,15.4%,215022,34507,249529,,,209842,38472,249040,,,260600,84.33729854182656,15.662701458173444,249529,86.17114643989275,13.828853560107243,248314,84.50671327432204,15.49328672567797,30.817865762178457,34.20728418788299
112,FL-25,"Diaz-Balart, Mario",(R),126668,131319,"264,353",47.9%,49.7%,98116,117181,215297,,,87744,129129,217863,,,257987,49.098597991371655,50.90140200862834,215297,45.57239534224815,54.42760465775185,216873,40.4587016364416,59.54129836355839,-13.230145875701979,-6.391466909761611
113,FL-26,"Curbelo, Carlos",(R),164252,117205,"289,225",56.8%,40.5%,136601,108130,244731,,,126494,117305,244959,,,281457,58.35775979989839,41.64224020010162,244731,55.816794766498724,44.18320523350127,243799,51.88454423521015,48.11545576478985,-1.8043032769334317,3.8529325144889626
114,FL-27,"Ros-Lehtinen, Ileana",(R),174132,115814,"297,564",58.5%,38.9%,144535,126283,270818,,,133902,131999,267089,,,289946,60.05670021314313,39.94329978685686,270818,53.36979078200119,46.630209217998804,265901,50.35783994795055,49.64216005204945,-3.3310075641930297,1.405928529991428
115,GA-01,"Carter, Buddy",(R),110190,151996,"269,568",40.9%,56.4%,111949,145460,260148,43.0,55.9,116029,143603,261140,44.4,55.0,262186,42.02741565148406,57.972584348515944,257409,43.49070933805733,56.50929066194267,259632,44.68979170518272,55.31020829481727,-8.999055806960861,-8.473152913952433
116,GA-02,"Bishop, Sanford",(D),136455,107361,"248,103",55.0%,43.3%,153998,107242,262837,58.6,40.8,155809,112005,269039,57.9,41.6,243816,55.966384486662065,44.03361551333793,261240,58.94885928647986,41.051140713520134,267814,58.17806388015563,41.82193611984437,4.489216368012045,6.984997034470098
117,GA-03,"Ferguson, Drew",(R),102155,200624,"311,865",32.8%,64.3%,97746,195071,296218,33.0,65.9,100498,193264,296017,34.0,65.3,302779,33.73912986039323,66.26087013960678,292817,33.38125860178883,66.61874139821117,293762,34.21068756340166,65.78931243659834,-19.47815994874192,-18.582603650220932
118,GA-04,"Johnson, Hank",(D),224907,66433,"298,663",75.3%,22.2%,218499,75951,296933,73.6,25.6,225977,81136,308702,73.2,26.3,291340,77.19743255303082,22.802567446969178,294450,74.20580743759551,25.794192562404483,307113,73.58105974022591,26.418940259774086,19.89221222808233,22.24194518558575
119,GA-05,"Lewis, John",(D),259805,36385,"305,754",85.0%,11.9%,241217,45887,290359,83.1,15.8,262388,46724,311008,84.4,15.0,296190,87.71565549140755,12.284344508592456,287104,84.01728990191708,15.982710098082926,309112,84.8844431791713,15.115556820828695,31.195595667027717,32.05342764990732
120,GA-06,"Handel, Karen",(R),155077,160022,"331,246",46.8%,48.3%,115017,186807,307096,37.5,60.8,120560,177477,300950,40.1,59.0,315099,49.21532597691519,50.78467402308481,301824,38.10730756997455,61.89269243002544,298037,40.451353355455865,59.548646644544135,-13.237494156687717,-13.85655468203521
121,GA-07,"Woodall, Rob",(R),132012,150845,"294,972",44.8%,51.1%,101065,158854,263742,38.3,60.2,99165,152310,253576,39.1,60.1,282857,46.6709326620872,53.3290673379128,259919,38.88326747948399,61.116732520516,251475,39.43334327467939,60.56665672532061,-14.255504237464194,-13.080594772525771
122,GA-08,"Scott, Austin",(R),91360,168193,"265,514",34.4%,63.3%,99677,163908,265963,37.5,61.6,100004,162850,264482,37.8,61.6,259553,35.19897670225349,64.80102329774651,263585,37.81588481893886,62.18411518106114,262854,38.04545489130848,61.95454510869152,-15.643392620835101,-14.1479774330709
123,GA-09,"Collins, Doug",(R),57468,231194,"297,215",19.3%,77.8%,54388,207498,265551,20.5,78.1,64381,198004,265060,24.3,74.7,288662,19.908404985761894,80.09159501423811,261886,20.767815003474794,79.2321849965252,262385,24.53684471292185,75.46315528707814,-29.15200279922173,-31.196047248534967
124,GA-10,"Hice, Jodi",(R),112691,193030,"315,073",35.8%,61.3%,107039,184160,294851,36.3,62.5,113346,176532,292252,38.8,60.4,305721,36.86073249793112,63.139267502068876,291199,36.75802458112837,63.24197541887163,289878,39.101277088982265,60.898722911017735,-14.587570423161317,-15.205837670881394
125,GA-11,"Loudermilk, Barry",(R),116457,198813,"329,615",35.3%,60.3%,94447,201014,300276,31.5,66.9,102718,190544,296160,34.7,64.3,315270,36.938814349605096,63.061185650394904,295461,31.965978589390815,68.03402141060918,293262,35.02601769066568,64.9739823093343,-18.6628298214779,-19.997883662618946
126,GA-12,"Allen, Rick",(R),108937,152204,"267,674",40.7%,56.9%,117085,148688,268283,43.6,55.4,116658,147742,265819,43.9,55.6,261141,41.715778066255396,58.284221933744604,265773,44.05451268563774,55.94548731436225,264400,44.12178517397882,55.87821482602118,-9.56706233816476,-7.909349566372022
127,GA-13,"Scott, David",(D),213936,80157,"301,238",71.0%,26.6%,202794,87785,292880,69.2,30.0,199839,96244,297602,67.1,32.3,294093,72.74433597535473,27.255664024645267,290579,69.78962691729271,30.210373082707285,296083,67.49424992316344,32.50575007683656,13.805402411019855,17.825764665282946
128,GA-14,"Graves, Tom",(R),56513,191849,"255,872",22.1%,75.0%,58906,170364,232702,25.3,73.2,66752,170324,239806,27.8,71.0,248362,22.754286082411962,77.24571391758803,229270,25.692851223448336,74.30714877655167,237076,28.15637179638597,71.84362820361403,-25.532475715757613,-26.271011028561425
129,HI-01,"Hanabusa, Colleen",(D),132009,63916,"209,300",63.1%,30.5%,151023,62875,216671,69.7,29.0,156408,63007,222577,70.3,28.3,195925,67.3773127472247,32.62268725277529,213898,70.60514824823046,29.394851751769536,219415,71.28409634710479,28.715903652895197,17.59524883496121,18.641285996220702
130,HI-02,"Gabbard, Tulsi",(D),134882,64931,"219,637",61.4%,29.6%,155635,58140,218026,71.4,26.7,169463,57559,230991,73.4,24.9,199813,67.50411634878611,32.49588365121389,213775,72.80318091451292,27.19681908548708,227022,74.64606954392086,25.353930456079148,20.957222031777277,20.83931866250316
131,IA-01,"Blum, Rod",(R),176535,190410,"390,934",45.2%,48.7%,225585,170753,401501,56.2,42.5,227310,156980,388667,58.5,40.4,366945,48.10938969055308,51.89061030944691,396338,56.917328139113586,43.08267186088642,384290,59.150641442660486,40.849358557339514,5.4617939305169045,4.953465887103825
132,IA-02,"Loebsack, David",(D),170796,186384,"379,959",45.0%,49.1%,219946,168534,394310,55.8,42.7,219565,159959,384369,57.1,41.6,357180,47.81790693767849,52.18209306232152,388480,56.617071663920925,43.38292833607908,379524,57.85273131606961,42.14726868393039,4.163883803926026,4.653209411911163
133,IA-03,"Young, David",(R),181524,195740,"403,191",45.0%,48.5%,203622,186645,395798,51.4,47.2,197112,173967,375933,52.4,46.3,377264,48.11590822341915,51.88409177658085,390267,52.175049389264274,47.824950610735726,371079,53.118608166994086,46.88139183300591,-0.5702393451494956,0.21118713725451244
134,IA-04,"King, Steve",(R),127401,231229,"379,900",33.5%,60.9%,173391,204685,383129,45.3,53.4,184953,191473,381114,48.5,50.2,358630,35.524356579204195,64.4756434207958,378076,45.86141410721653,54.13858589278347,376426,49.13395992837902,50.86604007162098,-4.554887583764561,-6.102448144793229
135,ID-01,"Labrador, Raul",(R),91284,229034,"359,661",25.4%,63.7%,105645,213080,328258,32.2,64.9,115925,206273,329856,35.1,62.5,320318,28.497930181881753,71.50206981811824,318725,33.14612910816535,66.85387089183466,322198,35.97942879844071,64.02057120155928,-17.709418713702874,-18.817733143844414
136,ID-02,"Simpson, Mike",(R),98481,180021,"330,594",29.8%,54.5%,107142,207831,324016,33.1,64.1,120515,196739,325176,37.1,60.5,278502,35.360966887131866,64.63903311286813,314973,34.01624901182006,65.98375098817993,317254,37.986912694560196,62.013087305439804,-15.701934817583385,-17.947613240189703
137,IL-01,"Rush, Bobby",(D),245908,69956,"326,175",75.4%,21.4%,262668,67367,332726,78.9,20.2,288077,66262,356028,80.9,18.6,315864,77.85249347820582,22.147506521794188,330035,79.58792249306892,20.412077506931084,354339,81.29982869511964,18.700171304880357,27.61098118297606,27.624060241059155
138,IL-02,"Kelly, Robin",(D),236726,58024,"303,622",78.0%,19.1%,251147,57674,311173,80.7,18.5,269943,60734,332652,81.1,18.3,294750,80.31416454622561,19.685835453774388,308821,81.32445656221566,18.67554343778435,330677,81.63343685832399,18.366563141676014,27.944589346180408,29.360594310205897
139,IL-03,"Lipinski, Dan",(D),157383,113779,"284,970",55.2%,39.9%,143676,109396,256893,55.9,42.6,159475,110701,273174,58.4,40.5,271162,58.04021212411769,41.95978787588231,253072,56.77277612695202,43.22722387304799,270176,59.02633838682932,40.97366161317068,5.3374908746857415,4.808913874942256
140,IL-04,"Gutierrez, Luis",(D),172374,27807,"209,931",82.1%,13.2%,137065,28899,169434,80.9,17.1,144949,32767,180051,80.5,18.2,200181,86.1090712904821,13.890928709517885,165964,82.5871875828493,17.412812417150707,177716,81.56215534898377,18.437844651016228,27.873307836840183,30.623325330839535
141,IL-05,"Quigley, Mike",(D),229937,78069,"326,036",70.5%,23.9%,188324,90747,285239,66.0,31.8,214869,88466,307613,69.9,28.8,308006,74.65341584254853,25.34658415745148,279071,67.48246861909693,32.51753138090307,303335,70.83554485964363,29.16445514035637,17.14669734750005,15.518606367087173
142,IL-06,"Roskam, Peter",(R),177578,152909,"353,766",50.2%,43.2%,151937,179606,336936,45.1,53.3,179195,165272,349055,51.3,47.3,330487,53.73221942164139,46.267780578358604,331543,45.82723809581261,54.1727619041874,344467,52.02094830564321,47.97905169435679,-1.6678992065003726,-6.136624156197151
143,IL-07,"Davis, Danny",(D),271100,28580,"310,159",87.4%,9.2%,264185,35713,302887,87.2,11.8,284117,31528,317655,89.4,9.9,299680,90.46316070475173,9.536839295248264,299898,88.09161781672435,11.908382183275647,315645,90.01156362369117,9.988436376308828,36.32271611154759,36.12775556471459
144,IL-08,"Krishnamoorthi, Raja",(D),148233,92926,"255,064",58.1%,36.4%,133206,95031,232123,57.4,40.9,150851,91057,245234,61.5,37.1,241159,61.46691601806277,38.533083981937224,228237,58.36301738981848,41.63698261018152,241908,62.358830629826215,37.641169370173785,8.669983117682634,6.3991551378087195
145,IL-09,"Schakowsky, Jan",(D),238096,84456,"339,587",70.1%,24.9%,200656,102689,308492,65.0,33.3,222256,98111,324117,68.6,30.3,322552,73.81631488876212,26.183685111237875,303345,66.14778552473256,33.85221447526743,320367,69.3754350479294,30.624564952070592,15.686587535785819,14.183923272722794
146,IL-10,"Schneider, Brad",(D),178857,94108,"288,303",62.0%,32.6%,157397,112555,273616,57.5,41.1,180786,103178,287009,63.0,35.9,272965,65.52378510065392,34.47621489934607,269952,58.305550616405874,41.69444938359412,283964,63.665112479046634,36.334887520953366,9.976264966903052,6.341688364396113
147,IL-11,"Foster, Bill",(D),164632,99104,"279,620",58.9%,35.4%,152265,107028,263345,57.8,40.6,168654,102909,273024,61.8,37.7,263736,62.42302908969576,37.57697091030424,259293,58.72314331663407,41.27685668336592,271563,62.10492592879,37.89507407121,8.416078416646421,6.759281064624311
148,IL-12,"Bost, Mike",(R),126817,173693,"315,846",40.2%,55.0%,154346,149339,310294,49.7,48.1,179180,142724,327336,54.7,43.6,300510,42.20059232637849,57.7994076736215,303685,50.824373940102404,49.175626059897596,321904,55.66255778120185,44.33744221879815,1.973710269058266,-1.1394883119073569
149,IL-13,"Davis, Rodney",(R),141541,159013,"319,979",44.2%,49.7%,146442,147377,301088,48.6,48.9,175215,139650,320653,54.6,43.6,300554,47.09336758120005,52.90663241879995,293819,49.84088843812007,50.15911156187993,314865,55.64765852031823,44.35234147968177,1.9588110081746493,-2.1229738138896934
150,IL-14,"Hultgren, Randy",(R),153989,167348,"343,417",44.8%,48.7%,139858,171582,316591,44.2,54.2,163089,155194,326086,50.0,47.6,321337,47.92134114652219,52.07865885347781,311440,44.90688415104033,55.09311584895967,318283,51.24024845813317,48.759751541866834,-2.4485990540104083,-7.056978100969431
151,IL-15,"Shimkus, John",(R),78574,226605,"320,442",24.5%,70.7%,105065,197243,308463,34.1,63.9,139536,180694,325930,42.8,55.4,305179,25.74685676275235,74.25314323724764,302308,34.75429032642206,65.24570967357795,320230,43.573681416481904,56.426318583518096,-10.115166095661678,-17.209571925587703
152,IL-16,"Kinzinger, Adam",(R),119542,173093,"311,988",38.3%,55.5%,137165,160606,303685,45.2,52.9,161286,155210,322096,50.1,48.2,292635,40.85020588788081,59.14979411211919,297771,46.063921604185765,53.936078395814235,316496,50.95988574895102,49.04011425104899,-2.728961763192565,-5.899940647823996
153,IL-17,"Bustos, Cheri",(D),133999,136017,"287,103",46.7%,47.4%,169702,119753,294701,57.6,40.6,185705,119094,309647,60.0,38.5,270016,49.626318440388715,50.373681559611285,289455,58.62811145083001,41.371888549169995,304799,60.92703716219542,39.07296283780459,7.238189650051837,6.664249198820251
154,IL-18,"LaHood, Darin",(R),115442,210529,"347,134",33.3%,60.6%,125036,202785,334302,37.4,60.7,152164,187626,345204,44.1,54.4,325971,35.414806838645156,64.58519316135485,327821,38.14154675874944,61.85845324125056,339790,44.78177697989935,55.21822302010065,-8.907070532244234,-13.82231549326032
155,IN-01,"Visclosky, Pete",(D),162358,124638,"300,283",54.1%,41.5%,182021,111217,297470,61.2,37.4,194518,109940,307118,63.3,35.8,286996,56.57152016055973,43.42847983944027,293238,62.07278729223361,37.92721270776639,304458,63.889928988563284,36.110071011436716,10.201081476419702,10.108925040223852
156,IN-02,"Walorski, Jackie",(R),99496,163539,"275,940",36.1%,59.3%,116324,154841,276012,42.1,56.1,145652,144955,293830,49.6,49.3,263035,37.82614480962609,62.17385519037391,271165,42.89786661257906,57.10213338742094,290607,50.119921405884924,49.880078594115076,-3.568926106258658,-9.065995639430703
157,IN-03,"Banks, Jim",(R),87699,189587,"291,189",30.1%,65.1%,102534,179628,287231,35.7,62.5,126595,164895,294424,43.0,56.0,277286,31.62763356245898,68.37236643754102,282162,36.33869904522934,63.66130095477066,291490,43.430306356993384,56.56969364300662,-10.258541155150198,-15.625163206780421
158,IN-04,"Rokita, Todd",(R),91269,194408,"302,381",30.2%,64.3%,103103,170245,279662,36.9,60.9,134036,162956,300714,44.6,54.2,285677,31.948319255662867,68.05168074433713,273348,37.718585831979745,62.281414168020255,296992,45.13118198469993,54.86881801530008,-8.557665527443653,-14.245276420030017
159,IN-05,"Brooks, Susan",(R),150095,193022,"363,624",41.3%,53.1%,139300,196744,342165,40.7,57.5,159614,180400,342865,46.6,52.6,343117,43.744553607078636,56.25544639292136,336044,41.452904976729236,58.54709502327077,340014,46.94336115571712,53.05663884428288,-6.745486356426461,-10.510957275280525
160,IN-06,"Messer, Luke",(R),82498,204129,"301,524",27.4%,67.7%,106371,172456,285361,37.3,60.4,133163,167842,305271,43.6,55.0,286627,28.782354767694603,71.2176452323054,278827,38.14946185269002,61.85053814730998,301005,44.23946446072324,55.76053553927676,-9.449383051420341,-13.814400399319744
161,IN-07,"Carson, Andre",(D),156039,95662,"264,389",59.0%,36.2%,164902,92674,262188,62.9,35.3,185588,91870,279737,66.3,32.8,251701,61.99379422409923,38.00620577590077,257576,64.0207162157965,35.979283784203496,277458,66.88868225100735,33.11131774899264,13.199834738863771,12.056853963786736
162,IN-08,"Bucshon, Larry",(R),92891,194319,"300,787",30.9%,64.6%,116465,171648,294054,39.6,58.4,149097,156720,309712,48.1,50.6,287210,32.34253681974862,67.65746318025138,288113,40.423375550565225,59.57662444943477,305817,48.75366640834224,51.24633359165776,-4.935181103801341,-11.540486701444536
163,IN-09,"Hollingsworth, Trey",(R),110858,198117,"324,509",34.2%,61.1%,123436,173433,303390,40.7,57.2,145776,166069,315274,46.2,52.7,308975,35.8792782587588,64.1207217412412,296869,41.57928244444519,58.4207175555548,311845,46.746300245314174,53.253699754685826,-6.942547266829408,-10.38457980756457
164,KS-01,"Marshall, Roger",(R),64389,183448,"264,764",24.3%,69.3%,72699,184288,263027,27.6,70.1,87634,189890,282699,31.0,67.2,247837,25.98038226737735,74.01961773262265,256987,28.28897959818979,71.71102040181022,277524,31.577088828353585,68.42291117164642,-22.111758683789997,-23.67488265381997
165,KS-02,"Jenkins, Lynn",(R),110596,165000,"295,657",37.4%,55.8%,124370,163082,294487,42.2,55.4,145750,170059,322079,45.3,52.8,275596,40.129755148841056,59.87024485115894,287452,43.26635403476058,56.73364596523941,315809,46.151312977147576,53.84868702285242,-7.537534534996006,-8.69750821724918
166,KS-03,"Yoder, Kevin",(R),161479,157304,"341,967",47.2%,46.0%,146406,177886,330486,44.3,53.8,168907,172831,346297,48.8,49.9,318783,50.65483416618829,49.34516583381171,324292,45.14634958617542,54.853650413824575,341738,49.425875963457386,50.574124036542614,-4.262971548686195,-6.817512665834343
167,KS-04,"Estes, Ron",(R),90541,165266,"274,547",33.0%,60.2%,96433,164553,267116,36.1,61.6,112474,166876,284727,39.5,58.6,255807,35.39426208039655,64.60573791960346,260986,36.94949154360771,63.05050845639229,279350,40.26275281904421,59.73724718095579,-13.426094693099373,-15.014370708402055
168,KY-01,"Comer, James",(R),74179,224657,"310,299",23.9%,72.4%,95273,197074,296791,32.1,66.4,111030,185529,301253,36.9,61.6,298836,24.822645196696516,75.17735480330349,292347,32.58901237228362,67.41098762771638,296559,37.43943026514117,62.56056973485883,-16.249417247002413,-19.374849879726142
169,KY-02,"Guthrie, Brett",(R),89563,219152,"324,512",27.6%,67.5%,103432,186207,294280,35.1,63.3,111139,183813,299109,37.2,61.5,308715,29.011547867774485,70.9884521322255,289639,35.71066051187858,64.28933948812143,294952,37.68036833111829,62.31963166888171,-16.008479181025294,-16.253201740131182
170,KY-03,"Yarmuth, John",(D),186549,135714,"340,043",54.9%,39.9%,183015,140539,328389,55.7,42.8,193236,147121,343778,56.2,42.8,322263,57.88719151748727,42.11280848251273,323554,56.563973865258966,43.436026134741034,340357,56.77450441742054,43.22549558257947,3.085656905276956,4.600111613249204
171,KY-04,"Massie, Thomas",(R),98664,219749,"337,149",29.3%,65.2%,108328,197131,311035,34.8,63.4,115487,191855,312017,37.0,61.5,318413,30.98617204699557,69.01382795300444,305459,35.46400662609385,64.53599337390615,307342,37.57605533900345,62.42394466099655,-16.11279217314013,-16.499855625915913
172,KY-05,"Rogers, Hal",(R),48628,221558,"278,383",17.5%,79.6%,60785,196167,261483,23.2,75.0,82637,174307,261555,31.6,66.6,270186,17.997971767597136,82.00202823240286,256952,23.656169245617857,76.34383075438214,256944,32.16148265769973,67.83851734230026,-21.527364854443853,-28.307693006391904
173,KY-06,"Barr, Andy",(R),131271,182141,"333,012",39.4%,54.7%,128537,170076,304861,42.2,55.8,138456,165837,308776,44.8,53.7,313412,41.88448432095772,58.11551567904228,298613,43.04467655460412,56.95532344539588,304293,45.50088237323895,54.49911762676105,-8.18796513890463,-8.919185697405638
174,LA-01,"Scalise, Steve",(R),95169,244907,"356,482",26.7%,68.7%,89418,235877,332923,26.9,70.9,81515,233789,321682,25.3,72.7,340076,27.98462696573707,72.01537303426294,325295,27.48827986904195,72.51172013095805,315304,25.852827747190016,74.14717225281,-27.836019764953566,-24.47558238296781
175,LA-02,"Richmond, Cedric",(D),247490,73779,"331,702",74.6%,22.2%,248982,74893,328306,75.8,22.8,235554,81703,321114,73.4,25.4,321269,77.03513255247161,22.964867447528395,323875,76.87595522964106,23.124044770358935,317257,74.24706153055725,25.752938469442753,20.558214018413665,24.912092977631303
176,LA-03,"Higgins, Clay",(R),100241,231017,"343,025",29.2%,67.3%,107611,220490,333573,32.3,66.1,111831,210951,328353,34.1,64.2,331258,30.26070313773554,69.73929686226445,328101,32.79813228243742,67.20186771756258,322782,34.64598397680168,65.35401602319833,-19.0428635353419,-19.16572996957234
177,LA-04,"Johnson, Mike",(R),116599,192977,"318,462",36.6%,60.6%,128612,191416,324250,39.7,59.0,126899,187020,317749,39.9,58.9,309576,37.664095407912754,62.335904592087246,320028,40.187733573312336,59.812266426687664,313919,40.42412214615872,59.57587785384128,-13.264725365984859,-11.776128678697425
178,LA-05,"Abraham, Ralph",(R),110259,205258,"323,409",34.1%,63.5%,124102,201058,329531,37.7,61.0,124119,209705,338332,36.7,62.0,315517,34.9455021441,65.0544978559,325160,38.166441136671175,61.83355886332882,333824,37.18096961273007,62.81903038726993,-16.507877899413515,-13.797421115338587
179,LA-06,"Graves, Garret",(R),110395,230700,"355,951",31.0%,64.8%,110416,228528,345482,32.0,66.1,103071,225094,333531,30.9,67.5,341095,32.3648836834313,67.6351163165687,338944,32.57647280966767,67.42352719033232,328165,31.408285466152698,68.59171453384731,-22.280562045990884,-19.38738944234209
180,MA-01,"Neal, Richard",(D),194036,123953,"339,326",57.2%,36.5%,213423,114339,333678,64.0,34.3,213130,112067,332362,64.1,33.7,317989,61.019720807952474,38.980279192047526,327762,65.11523605543047,34.884763944569535,325197,65.53873498218003,34.46126501781997,11.84988747003645,13.15137380342071
181,MA-02,"McGovern, Jim",(D),197492,129437,"351,423",56.2%,36.8%,199549,133195,339921,58.7,39.2,200553,124192,333290,60.2,37.3,326929,60.40822319219158,39.59177680780842,332744,59.97072824754165,40.02927175245834,324745,61.757070932577875,38.24292906742213,8.068223420434293,8.00686599553189
182,MA-03,"Tsongas, Niki",(D),202952,123347,"348,563",58.2%,35.4%,189461,137869,332925,56.9,41.4,188491,126175,320411,58.8,39.4,326299,62.19816793799552,37.80183206200448,327330,57.88073198301409,42.11926801698592,314666,59.90192775832153,40.09807224167848,6.213080246177945,5.916869731004326
183,MA-04,"Kennedy, Joe",(D),225976,133705,"381,767",59.2%,35.0%,211895,152845,370160,57.2,41.3,219573,137933,362027,60.7,38.1,359681,62.82678262126717,37.17321737873282,364740,58.09480725996601,41.905192740033996,357506,61.417990187577274,38.58200981242273,7.7291426754336925,6.1309450079562495
184,MA-05,"Clark, Katherine",(D),258908,95922,"373,498",69.3%,25.7%,235984,119934,362013,65.2,33.1,230731,111908,348496,66.2,32.1,354830,72.96677282078741,27.03322717921258,355918,66.30291246860232,33.69708753139768,342639,67.33938635123263,32.66061364876736,13.650538839089052,14.339050216592554
185,MA-06,"Moulton, Seth",(D),224858,153244,"401,046",56.1%,38.2%,212003,169966,387259,54.7,43.9,212823,154833,373809,56.9,41.4,378102,59.47019587307128,40.52980412692872,381969,55.50267168278054,44.497328317219456,367656,57.88644820157973,42.11355179842026,4.19760068943615,3.538809430770776
186,MA-07,"Capuano, Mike",(D),254037,36018,"301,939",84.1%,11.9%,233382,44275,283031,82.5,15.6,214011,43558,261402,81.9,16.7,290055,87.58235507059005,12.417644929409938,277657,84.05406670820472,15.945933291795273,257569,83.08880338860655,16.911196611393454,29.39995587646297,32.090204456194954
187,MA-08,"Lynch, Stephen",(D),231356,131624,"382,917",60.4%,34.4%,213364,150825,369239,57.8,40.8,205644,144128,355472,57.9,40.5,362980,63.73794699432476,36.26205300567524,364189,58.586063829495124,41.413936170504876,349772,58.793728485985156,41.206271514014844,5.104880973841574,6.622201577485363
188,MA-09,"Keating, Bill",(D),205581,163643,"391,289",52.5%,41.8%,212701,165212,382989,55.5,43.1,219141,154059,379234,57.8,40.6,369224,55.67920828548524,44.32079171451477,377913,56.283059857692116,43.716940142307884,373200,58.71945337620579,41.28054662379421,5.03060586406221,4.319197605682355
189,MD-01,"Harris, Andy",(R),122338,226963,"366,231",33.4%,62.0%,134072,214704,355614,37.7,60.4,134591,208958,350766,38.4,59.6,349301,35.02366154119227,64.97633845880773,348776,38.44071839805491,61.559281601945095,343549,39.17665311207426,60.823346887925744,-14.512194400069319,-13.52314385395485
190,MD-02,"Ruppersberger, Dutch",(D),189471,112551,"315,467",60.1%,35.7%,195114,108261,309437,63.1,35.0,185327,114710,306022,60.6,37.5,302022,62.73417168285754,37.26582831714246,303375,64.31446229913473,35.68553770086527,300037,61.768048607338436,38.23195139266157,8.079201095194854,12.35060004712497
191,MD-03,"Sarbanes, John",(D),215542,110772,"343,410",62.8%,32.3%,203772,124541,335690,60.7,37.1,196967,124481,327633,60.1,38.0,326314,66.05355577756394,33.94644422243606,328313,62.06638177592724,37.93361822407276,321448,61.27491849381549,38.725081506184516,7.586070981671909,10.10251952391748
192,MD-04,"Brown, Anthony",(D),250929,64074,"325,081",77.2%,19.7%,255707,68196,327230,78.1,20.8,247508,69754,320353,77.3,21.8,315003,79.65924134055867,20.340758659441338,323903,78.94554851298074,21.054451487019264,317262,78.01375519286898,21.986244807131015,24.324907680725403,26.981686260970974
193,MD-05,"Hoyer, Steny",(D),233109,116816,"363,617",64.1%,32.1%,234908,115052,355303,66.1,32.4,221879,114618,340744,65.1,33.6,349925,66.61684646710009,33.383153532899904,349960,67.12424277060235,32.87575722939764,336497,65.93788354725302,34.06211645274698,12.249036035109441,15.16038051859259
194,MD-06,"Delaney, John",(D),186289,135683,"337,138",55.3%,40.2%,178613,138675,323675,55.2,42.8,176020,131361,312668,56.3,42.0,321972,57.85875790441405,42.14124209558595,317288,56.29365119386803,43.70634880613197,307381,57.264437294432646,42.73556270556736,3.5755897822890645,4.3297889418582685
195,MD-07,"Cummings, Elijah",(D),243433,64926,"321,292",75.8%,20.2%,256965,75289,337313,76.2,22.3,251740,74017,330338,76.2,22.4,308359,78.94467163273976,21.05532836726024,332254,77.33992668259825,22.660073317401746,325757,77.27846216658429,22.721537833415706,23.58961465444071,25.376064430588485
196,MD-08,"Raskin, Jamie",(D),236817,111385,"364,411",65.0%,30.6%,218691,127151,352756,62.0,36.0,215436,121963,343072,62.8,35.6,348202,68.0113841965296,31.9886158034704,345842,63.234367138751225,36.765632861248775,337399,63.85199719027027,36.14800280972973,10.163149678126686,11.270504886741463
197,ME-01,"Pingree, Chellie",(D),212773,154425,"393,343",54.1%,39.3%,223103,142993,374522,59.6,38.2,226309,139825,372846,60.7,37.5,367198,57.94503238035066,42.05496761964935,366096,60.941119269262714,39.05888073073729,366134,61.81043006112517,38.18956993887484,8.121582548981586,8.977257017252953
198,ME-02,"Poliquin, Bruce",(R),144962,181168,"352,341",41.1%,51.4%,178203,149283,336531,53.0,44.4,195614,155448,358317,54.6,43.4,326130,44.449146046055255,55.550853953944745,327486,54.41545592788699,45.58454407211301,351062,55.720641937891315,44.279358062108685,2.0317944257477336,2.451593675877227
199,MI-01,"Bergman, Jack",(R),133237,210822,"364,131",36.6%,57.9%,160199,189406,353694,45.3,53.6,183104,178360,368276,49.7,48.4,344059,38.725044251131344,61.274955748868656,349605,45.82285722458203,54.17714277541798,361464,50.65622025983224,49.34377974016776,-3.032627252311343,-6.141005027427731
200,MI-02,"Huizenga, Bill",(R),132462,193198,"346,505",38.2%,55.8%,142080,184755,329985,43.1,56.0,168237,176331,350282,48.0,50.3,325660,40.674937050912,59.325062949088,326835,43.471476433062556,56.52852356693745,344568,48.82548582572961,51.17451417427039,-4.863361686413974,-8.492385818947206
201,MI-03,"Amash, Justin",(R),147330,180344,"349,490",42.2%,51.6%,153069,177742,334438,45.8,53.1,174381,170654,351117,49.7,48.6,327674,44.96237113716682,55.037628862833174,330811,46.27083138106048,53.72916861893952,345035,50.54009013578332,49.45990986421667,-3.1487573763602583,-5.693030870949279
202,MI-04,"Moolenaar, John",(R),113817,195302,"328,240",34.7%,59.5%,146088,171864,321415,45.5,53.5,170685,167074,343947,49.6,48.6,309119,36.81980078869303,63.18019921130698,317952,45.94655797101449,54.05344202898551,337759,50.534552743228154,49.46544725677184,-3.1542947689154275,-6.017304280995269
203,MI-05,"Kildee, Dan",(D),162962,148972,"327,573",49.7%,45.5%,205800,129903,338966,60.7,38.3,230768,129429,366156,63.0,35.3,311934,52.24246154635276,47.75753845364725,335703,61.30418852378442,38.69581147621559,360197,64.06716324677885,35.93283675322115,10.378315734635265,9.340326271774657
204,MI-06,"Upton, Fred",(R),142305,170314,"331,986",42.9%,51.3%,158950,163309,325500,48.8,50.2,184125,156672,346680,53.1,45.2,312619,45.52026588275185,54.47973411724815,322259,49.3236806419681,50.6763193580319,340797,54.027764328911346,45.972235671088654,0.33891681676776386,-2.640181610041658
205,MI-07,"Walberg, Tim",(R),131566,189655,"340,358",38.7%,55.7%,159012,169268,331820,47.9,51.0,177650,165756,349608,50.8,47.4,321221,40.958094271545136,59.04190572845487,328280,48.4379188497624,51.5620811502376,343406,51.731769392497505,48.26823060750249,-1.9570781196460771,-3.525943402247364
206,MI-08,"Bishop, Mike",(R),164436,189891,"374,968",43.9%,50.6%,172131,183512,358795,48.0,51.1,195947,174675,376482,52.0,46.4,354327,46.407979070180936,53.592020929819064,355643,48.399940389660415,51.60005961033958,370622,52.869770278073084,47.13022972192692,-0.8190772340704982,-3.5639218623493463
207,MI-09,"Levin, Sander",(D),183085,155597,"355,751",51.5%,43.7%,199625,146185,349021,57.2,41.9,214229,147770,368821,58.1,40.1,338682,54.05808398438653,45.941916015613465,345810,57.72678638558746,42.27321361441254,361999,59.17944524708631,40.82055475291369,5.490597734942732,5.762924133577698
208,MI-10,"Mitchell, Paul",(R),113065,228171,"357,785",31.6%,63.8%,148429,187653,339318,43.7,55.3,170032,177205,354087,48.0,50.0,341236,33.13396007455251,66.8660399254475,336082,44.1645193732482,55.83548062675181,347237,48.96713195886383,51.03286804113617,-4.721715553279751,-7.799342878761564
209,MI-11,"Trott, Dave",(R),177143,194245,"390,926",45.3%,49.7%,178768,199308,380884,46.9,52.3,193613,186390,386552,50.1,48.2,371388,47.69755619459971,52.30244380540028,378076,47.283614934563424,52.716385065436576,380003,50.950387233785,49.049612766215006,-2.7384602783585805,-4.680247317446337
210,MI-12,"Dingell, Debbie",(D),205939,116741,"338,523",60.8%,34.5%,217492,107675,328498,66.2,32.8,234529,110055,350474,66.9,31.4,322680,63.82143299863642,36.17856700136358,325167,66.88624614428893,33.11375385571107,344584,68.06148863557216,31.93851136442783,14.37264112342858,14.922383892279171
211,MI-13,,(D),209105,48111,"265,343",78.8%,18.1%,249656,41881,293164,85.2,14.3,281005,46980,331253,84.8,14.2,257216,81.29548706145808,18.704512938541924,291537,85.63441347067439,14.365586529325608,327985,85.67617421528423,14.323825784715766,31.987326703140653,33.67055121866463
212,MI-14,"Lawrence, Brenda",(D),252387,58179,"318,751",79.2%,18.3%,273270,62794,337491,81.0,18.6,294273,61286,357861,82.2,17.1,310566,81.2667838720272,18.7332161279728,336064,81.31486859645781,18.685131403542183,355559,82.76347947879255,17.236520521207453,29.074631966648965,29.351006344448052
213,MN-01,"Walz, Tim",(D),130831,181647,"340,831",38.4%,53.3%,170377,165720,343764,49.6,48.2,176959,162554,348046,50.8,46.7,312478,41.868867568276805,58.131132431723195,336097,50.69280594590252,49.30719405409747,339513,52.12142097651636,47.87857902348364,-1.5674265356272201,-1.2710563061072406
214,MN-02,"Lewis, Jason",(R),171287,175807,"377,887",45.3%,46.5%,184802,184576,376586,49.1,49.0,185192,174635,367039,50.5,47.6,347094,49.34887955424179,50.65112044575821,369378,50.030591968119374,49.96940803188062,359827,51.466954953352584,48.533045046647416,-2.221892558790998,-1.933270283890387
215,MN-03,"Paulsen, Erik",(R),201833,164259,"397,008",50.8%,41.4%,199093,195802,401332,49.6,48.8,199740,185406,391314,51.0,47.4,366092,55.131770156135616,44.868229843864384,394895,50.41669304498664,49.583306955013356,385146,51.860852767521926,48.139147232478074,-1.8279947446216553,-1.5471692070231242
216,MN-04,"McCollum, Betty",(D),223803,111163,"363,650",61.5%,30.6%,231511,131521,370514,62.5,35.5,229802,130366,367119,62.6,35.5,334966,66.81364675817845,33.18635324182156,363032,63.77151325502985,36.22848674497014,360168,63.80411363585882,36.19588636414118,10.115266123715237,11.80765100302009
217,MN-05,"Ellison, Keith",(D),273402,68535,"370,869",73.7%,18.5%,274635,89643,373638,73.5,24.0,269829,90035,367392,73.4,24.5,341937,79.95683415365988,20.043165846340116,364278,75.39159652792648,24.608403472073526,359864,74.98082608985617,25.019173910143834,21.291978577712584,23.42773427591672
218,MN-06,"Emmer, Tom",(R),123329,218546,"370,947",33.2%,58.9%,151238,205652,364072,41.5,56.5,153766,194584,356012,43.2,54.7,341875,36.07429616087751,63.925703839122484,356890,42.37664266300541,57.623357336994594,348350,44.14123726137505,55.85876273862495,-9.547610250768528,-9.587219589004349
219,MN-07,"Peterson, Collin",(D),104566,208215,"337,005",31.0%,61.8%,147750,180334,334777,44.1,53.9,162296,173440,344442,47.1,50.4,312781,33.43105879193429,66.56894120806571,328084,45.03419855890564,54.96580144109436,335736,48.340362665904166,51.65963733409584,-5.3484848462394154,-6.929663693104118
220,MN-08,"Nolan, Rick",(D),138665,194779,"359,353",38.6%,54.2%,186761,166977,361237,51.7,46.2,195770,164390,369006,53.1,44.5,333444,41.585693549741485,58.414306450258515,353738,52.79641994922796,47.20358005077204,360160,54.35639715681919,45.64360284318081,0.66754964467561,0.8325576972181992
221,MO-01,"Clay, Lacy",(D),246107,60136,"319,606",77.0%,18.8%,280194,66286,350829,79.9,18.9,309062,71725,384801,80.3,18.6,306243,80.36330626332683,19.636693736673163,346480,80.86873701223736,19.131262987762643,380787,81.16401032598277,18.835989674017235,27.47516281383919,28.9048747602276
222,MO-02,"Wagner, Ann",(R),177647,220842,"420,072",42.3%,52.6%,170727,235428,411992,41.4,57.1,199128,225911,429449,46.4,52.6,398489,44.58015152237578,55.41984847762422,406155,42.03493740074602,57.96506259925398,425039,46.849347942188835,53.150652057811165,-6.8394995699547465,-9.928924851263744
223,MO-03,"Luetkemeyer, Blaine",(R),106365,254183,"378,846",28.1%,67.1%,127443,219156,353496,36.1,62.0,158404,206620,370056,42.8,55.8,360548,29.500926367640368,70.49907363235963,346599,36.76958098551929,63.23041901448071,365024,43.39550276146226,56.604497238537746,-10.293344750681321,-15.19428126649047
224,MO-04,"Hartzler, Vicki",(R),99844,222162,"340,290",29.3%,65.3%,119908,201672,329292,36.4,61.2,146703,197817,350083,41.9,56.5,322006,31.00687564827985,68.99312435172016,321580,37.287144722930535,62.712855277069465,344520,42.58185301288749,57.41814698711251,-11.10699449925609,-14.676717529079227
225,MO-05,"Cleaver, Emanuel",(D),177772,133458,"328,803",54.1%,40.6%,199298,133185,338346,58.9,39.4,229496,136071,370231,62.0,36.8,311230,57.11917231629342,42.880827683706585,332483,59.94231284005498,40.05768715994502,365567,62.77809539701341,37.22190460298659,9.089247884869827,7.97845058804522
226,MO-06,"Graves, Sam",(R),112056,223375,"354,014",31.7%,63.1%,129610,205283,341953,37.9,60.0,154736,198560,359371,43.1,55.3,335431,33.40657243963736,66.59342756036264,334893,38.70191374558441,61.29808625441559,353296,43.79783524296907,56.202164757030936,-9.89101226917451,-13.261948506425348
227,MO-07,"Long, Billy",(R),84419,240690,"342,069",24.7%,70.4%,98916,220216,325978,30.3,67.6,121064,216172,342504,35.3,63.1,325109,25.966368202664334,74.03363179733566,319132,30.995324818570374,69.00467518142963,337236,35.898895728807126,64.10110427119288,-17.789951783336456,-20.968537433439387
228,MO-08,"Smith, Jason",(R),66858,239666,"317,749",21.0%,75.4%,97700,201214,305437,32.0,65.9,123319,192937,321648,38.3,60.0,306524,21.81166890683927,78.18833109316074,298914,32.684986317134694,67.31501368286531,316256,38.99341040169989,61.00658959830011,-14.695437110443692,-19.278875934875067
229,MS-01,"Kelly, Trent",(R),100770,203144,"310,622",32.4%,65.4%,118438,197984,319986,37.0,61.9,118704,202760,324760,36.6,62.4,303914,33.15740637153932,66.84259362846068,316422,37.430393588309286,62.569606411690714,321464,36.92606326058283,63.07393673941717,-16.762784251560753,-14.533468663700475
230,MS-02,"Thompson, Bennie",(D),185208,102392,"291,427",63.6%,35.1%,219416,109228,330543,66.4,33.0,215143,118035,335114,64.2,35.2,287600,64.39777468706536,35.602225312934635,328644,66.76403646498947,33.23596353501053,333178,64.57299101381244,35.427008986187566,10.88414350166886,14.800174212979712
231,MS-03,"Harper, Gregg",(R),119108,198527,"323,853",36.8%,61.3%,132968,204180,340146,39.1,60.0,131202,207867,341622,38.4,60.8,317635,37.49838651282132,62.50161348717867,337148,39.43905940417858,60.56094059582142,339069,38.69477893880007,61.30522106119993,-14.994068573343512,-12.524802847831182
232,MS-04,"Palazzo, Steven",(R),80045,196652,"283,455",28.2%,69.4%,92127,199354,294909,31.2,67.6,89613,195935,288369,31.1,67.9,276697,28.928756003859817,71.07124399614018,291481,31.60651980746601,68.393480192534,285548,31.38281479821256,68.61718520178745,-22.30603271393102,-20.35734244454375
233,MT-AL,"Gianforte, Greg",(R),177709,279240,"494,526",35.9%,56.5%,201839,267928,483932,41.7,55.4,232159,243882,491767,47.2,49.6,456949,38.89033568297556,61.10966431702444,469767,42.96576813611854,57.03423186388146,476041,48.76869849445741,51.23130150554259,-4.920149017686171,-8.99809411589122
234,NC-01,"Butterfield, G.K.",(D),239585,108100,"354,704",67.5%,30.5%,244167,111993,358529,68.1,31.2,231077,110445,342771,67.4,32.2,347685,68.90863856651855,31.091361433481456,356160,68.55542452830188,31.444575471698112,341522,67.66094131563999,32.33905868436001,13.972093803496406,16.591562276292123
235,NC-02,"Holding, George",(R),173131,211450,"397,167",43.6%,53.2%,158037,205651,367350,43.0,56.0,152326,184727,339148,44.9,54.5,384581,45.01808461676474,54.98191538323526,363688,43.454004531356546,56.545995468643454,337053,45.193485890942966,54.806514109057034,-8.495361621200615,-8.509857720653216
236,NC-03,"Jones, Walter",(R),121094,198864,"328,451",36.9%,60.5%,129535,186723,319093,40.6,58.5,131905,176453,309920,42.6,56.9,319958,37.846842398064744,62.15315760193525,316258,40.95864768638264,59.04135231361737,308358,42.7765778737701,57.223422126229906,-10.91226963837348,-11.00521456562712
237,NC-04,"Price, David",(D),281517,116383,"412,533",68.2%,28.2%,253331,134265,392923,64.5,34.2,239012,120780,362150,66.0,33.4,397900,70.75069112842422,29.249308871575774,387596,65.35954963415516,34.64045036584485,359792,66.43060434917952,33.569395650820475,12.741756837035936,13.395687382145397
238,NC-05,"Foxx, Virginia",(R),142367,205348,"358,023",39.8%,57.4%,146282,195415,345768,42.3,56.5,151995,184844,339462,44.8,54.5,347715,40.94358885869174,59.05641114130825,341697,42.81044317041121,57.18955682958878,336839,45.12393161124454,54.87606838875546,-8.564915900899045,-9.15341908159855
239,NC-06,"Walker, Mark",(R),148725,201387,"358,853",41.4%,56.1%,149442,193609,346117,43.2,55.9,149396,177614,329330,45.4,53.9,350112,42.47926377844804,57.52073622155196,343051,43.56261896919117,56.43738103080883,327010,45.685453044249414,54.314546955750586,-8.003394467894168,-8.40124328281859
240,NC-07,"Rouzer, David",(R),142809,206150,"357,908",39.9%,57.6%,145865,188514,337348,43.2,55.9,144777,177102,323557,44.7,54.7,348959,40.924291965531765,59.075708034468235,334379,43.622655728978195,56.3773442710218,321879,44.978703177280906,55.0212968227191,-8.710144334862676,-8.341206523031566
241,NC-08,"Hudson, Richard",(R),136233,185873,"331,234",41.1%,56.1%,141264,174101,318307,44.4,54.7,141129,167955,310845,45.4,54.0,322106,42.29446207149199,57.70553792850801,315365,44.793810346741076,55.20618965325892,309084,45.660402997243466,54.339597002756534,-8.028444514900116,-7.170051905268686
242,NC-09,"Pittenger, Robert",(R),147072,186974,"343,888",42.8%,54.4%,146474,185251,334522,43.8,55.4,142113,169781,313481,45.3,54.2,334046,44.02746927069924,55.97253072930075,331725,44.15524907679554,55.844750923204465,311894,45.56451871469153,54.43548128530848,-8.124328797452051,-7.808613175214219
243,NC-10,"McHenry, Patrick",(R),129233,216790,"355,111",36.4%,61.0%,137613,199068,340408,40.4,58.5,138138,190381,330688,41.8,57.6,346023,37.348095357823034,62.65190464217697,336681,40.87340835984211,59.1265916401579,328519,42.04870951147422,57.95129048852578,-11.64013800066936,-11.090453892167652
244,NC-11,"Meadows, Mark",(R),123806,230001,"364,055",34.0%,63.2%,132399,202151,339041,39.1,59.6,140918,193562,337287,41.8,57.4,353807,34.99252417278347,65.00747582721654,334550,39.5752503362726,60.4247496637274,334480,42.13047117914375,57.86952882085625,-11.558376332999835,-12.388611915737158
245,NC-12,"Adams, Alma",(D),243736,101161,"356,321",68.4%,28.4%,231080,106731,340787,67.8,31.3,206698,94989,303082,68.2,31.3,344897,70.669214287164,29.330785712836004,337811,68.40511410226429,31.594885897735715,301687,68.51405595865914,31.485944041340858,14.82520844651556,16.44125185025453
246,NC-13,"Budd, Ted",(R),160004,194170,"363,851",44.0%,53.4%,162903,186922,353107,46.1,52.9,164582,175774,342427,48.1,51.3,354174,45.17666457729816,54.82333542270184,349825,46.56699778460659,53.43300221539341,340356,48.35583918015255,51.64416081984745,-5.3330083319910315,-5.396864467403169
247,ND-AL,"Cramer, Kevin",(R),93758,216794,"337,963",27.7%,64.1%,124827,188163,320767,38.9,58.7,141403,168887,316615,44.7,53.3,310552,30.190757103480255,69.80924289651973,312990,39.88210485958018,60.11789514041982,310290,45.57123980792162,54.42876019207837,-8.11760770422196,-12.08175739242958
248,NE-01,"Fortenberry, Jeff",(R),100030,158629,"276,046",36.2%,57.5%,107994,152122,264718,40.8,57.5,117514,144470,267008,44.0,54.1,258659,38.672537974708014,61.32746202529199,260116,41.517630595580435,58.482369404419565,261984,44.855411017466714,55.144588982533286,-8.833436494676867,-10.446231656429326
249,NE-02,"Bacon, Don",(R),131102,137506,"285,211",46.0%,48.2%,121971,140880,266720,45.7,52.8,133016,129890,267039,49.8,48.6,268608,48.80792828210627,51.19207171789374,262851,46.40309528972688,53.59690471027312,262906,50.594509064076135,49.405490935923865,-3.0943384480674467,-5.560766962282884
250,NE-03,"Smith, Adrian",(R),53362,199826,"266,918",20.0%,74.9%,72116,182062,259224,27.8,70.2,82789,178619,266981,31.0,66.9,253188,21.07603835884797,78.92396164115203,254178,28.372243073751463,71.62775692624854,261408,31.67041559554413,68.32958440445587,-22.01843191659945,-23.5916191782583
251,NH-01,"Shea-Porter, Carol",(D),173344,179259,"371,973",46.6%,48.2%,179148,173419,356812,50.2,48.6,186598,163977,353603,52.8,46.4,352603,49.16123799287016,50.83876200712984,352567,50.81246968661276,49.18753031338724,350575,53.226271126007276,46.773728873992724,-0.4625763861363055,-1.1513925653970034
252,NH-02,"Kuster, Annie",(D),175182,166531,"360,294",48.6%,46.2%,190413,156499,351587,54.2,44.5,198228,152557,354008,56.0,43.1,341713,51.26582834132737,48.73417165867263,346912,54.887983119638406,45.11201688036159,350785,56.50982795729578,43.49017204270422,2.8209804451521947,2.9241208676286448
253,NJ-01,"Norcross, Donald",(D),199386,118880,"329,188",60.6%,36.1%,212236,110377,326134,65.1,33.8,219874,116242,340075,64.7,34.2,318266,62.64759666442535,37.35240333557465,322613,65.78656160787074,34.21343839212927,336116,65.4161063442383,34.5838936557617,11.72725883209472,13.822699355860976
254,NJ-02,"LoBiondo, Frank",(R),147656,162486,"321,004",46.0%,50.6%,166906,141479,311778,53.5,45.4,174840,149736,328805,53.2,45.5,310142,47.609159675245536,52.390840324754464,308385,54.122606482157046,45.877393517842954,324576,53.867199053534456,46.132800946465544,0.1783515413908745,2.158744230147285
255,NJ-03,"MacArthur, Tom",(R),165090,187703,"365,240",45.2%,51.4%,179028,163203,345812,51.8,47.2,188210,175525,367978,51.1,47.7,352793,46.79514616219709,53.2048538378029,342231,52.31203485365148,47.68796514634852,363735,51.74371451743715,48.25628548256285,-1.9451329947064337,0.34817260164172126
256,NJ-04,"Smith, Chris",(R),146191,198859,"356,583",41.0%,55.8%,148622,180439,332612,44.7,54.2,160660,190307,355041,45.3,53.6,345050,42.368062599623244,57.631937400376756,329061,45.16548603450424,54.83451396549576,350967,45.77638353463431,54.22361646536569,-7.912463977509269,-6.7983762175055205
257,NJ-05,"Gottheimer, Josh",(D),173963,178058,"364,545",47.7%,48.8%,162305,172486,338580,47.9,50.9,176486,183854,363746,48.5,50.5,352021,49.41835856383568,50.58164143616432,334791,48.47949915021611,51.52050084978389,360340,48.977632236221346,51.022367763778654,-4.711215275922235,-3.4843631017936545
258,NJ-06,"Pallone, Frank",(D),162857,117679,"289,648",56.2%,40.6%,163391,99466,265918,61.4,37.4,170603,118187,292048,58.4,40.5,280536,58.05208600678701,41.94791399321299,262857,62.159653347637686,37.840346652362314,288790,59.07510647875619,40.92489352124381,5.386258966612608,10.195791095627925
259,NJ-07,"Lance, Leonard",(R),180530,176386,"371,592",48.6%,47.5%,157635,178521,340175,46.3,52.5,172330,188352,364851,47.2,51.6,356916,50.580528751863184,49.419471248136816,336156,46.89340663263485,53.10659336736515,360682,47.77892991610338,52.22107008389661,-5.909917596040202,-5.070455619374911
260,NJ-08,"Sires, Albio",(D),173834,49336,"229,736",75.7%,21.5%,162232,43032,207307,78.3,20.8,159013,56502,217359,73.2,26.0,223170,77.89308598826007,22.106914011739928,205264,79.03577831475563,20.964221685244368,215515,73.78279934111315,26.217200658886853,20.093951828969566,27.07191606274587
261,NJ-09,"Pascrell, Bill",(D),177954,91696,"276,738",64.3%,33.1%,173082,77951,253218,68.4,30.8,170663,93912,266738,64.0,35.2,269650,65.99443723345077,34.00556276654923,251033,68.94790724725435,31.05209275274565,264575,64.50458282150619,35.49541717849381,10.815735309362609,16.984044995244588
262,NJ-10,"Payne, Donald",(D),233822,35111,"274,410",85.2%,12.8%,239483,31379,272407,87.9,11.5,242306,41562,285386,84.9,14.6,268933,86.94433185960816,13.055668140391843,270862,88.41513390582658,11.584866094173417,283868,85.35868784082743,14.641312159172573,31.669840328683847,36.45127165381682
263,NJ-11,"Frelinghuysen, Rodney",(R),182334,185696,"380,595",47.9%,48.8%,163493,183775,350909,46.6,52.4,176436,195675,375701,47.0,52.1,368030,49.5432437573024,50.45675624269761,347268,47.07977700220003,52.92022299779997,372111,47.41488426840378,52.58511573159622,-6.2739632437398,-4.884085249809729
264,NJ-12,"Watson Coleman, Bonnie",(D),204661,100043,"314,766",65.0%,31.8%,198197,96642,298083,66.5,32.4,204001,103354,310510,65.7,33.3,304704,67.16715238395295,32.83284761604705,294839,67.22211105043769,32.7778889495623,307355,66.37308649607132,33.62691350392868,12.684238983927742,15.258248798427928
265,NM-01,"Lujan Grisham, Michelle",(D),147250,100132,"285,170",51.6%,35.1%,155915,111749,282195,55.3,39.6,178068,116302,298305,59.7,39.0,247382,59.52332829389365,40.476671706106345,267664,58.250268993962585,41.74973100603742,294370,60.491218534497406,39.5087814655026,6.8023710223538245,6.286406741952824
266,NM-02,"Pearce, Steve",(R),93363,117212,"234,096",39.9%,50.1%,103438,119168,230391,44.9,51.7,118400,122705,244530,48.4,50.2,210575,44.337172028968304,55.6628279710317,222606,46.46685174703287,53.53314825296712,241105,49.10723543684286,50.89276456315714,-4.581612075300718,-5.497010504976892
267,NM-03,"Lujan, Ben",(D),144621,102323,"279,053",51.8%,36.7%,155982,104871,271171,57.5,38.7,175953,107825,287324,61.2,37.5,246944,58.56428987948685,41.43571012051315,260853,59.79689710296604,40.20310289703396,283778,62.00374940974987,37.99625059025013,8.31490189760629,7.833034850956281
268,NV-01,"Titus, Dina",(D),121321,64233,"196,840",61.6%,32.6%,123205,60813,187686,65.6,32.4,122041,62527,189190,64.5,33.0,185554,65.38312297228839,34.61687702771161,184018,66.95268941081851,33.04731058918149,184568,66.12251311169867,33.87748688830133,12.433665599555084,14.988827158808746
269,NV-02,"Amodei, Mark",(R),129318,169631,"326,011",39.7%,52.0%,131542,155187,293476,44.8,52.9,141357,137916,285982,49.4,48.2,298949,43.25754560142365,56.74245439857635,286729,45.8767686561178,54.1232313438822,279273,50.61606385150015,49.383936148499856,-3.072783660643431,-6.0870935958919645
270,NV-03,"Rosen, Jacky",(D),151552,154815,"325,602",46.5%,47.5%,140501,138238,283656,49.5,48.7,140378,116908,262257,53.5,44.6,306367,49.46746875479408,50.53253124520592,278739,50.40593530148275,49.59406469851725,257286,54.56107211430081,45.43892788569918,0.8722246021572317,-1.557926950527012
271,NV-04,"Kihuen, Ruben",(D),137070,123380,"276,932",49.5%,44.6%,136124,109330,250100,54.4,43.7,129961,95477,230420,56.4,41.4,260450,52.628143597619506,47.371856402380494,245454,55.45804916603518,44.54195083396482,225438,57.64822257117256,42.35177742882744,3.9593750590289787,3.49418691402542
272,NY-01,"Zeldin, Lee",(R),141900,183233,"336,437",42.2%,54.5%,146708,145115,295673,49.6,49.1,168611,156394,328315,51.4,47.6,325133,43.64367812556708,56.35632187443292,291823,50.272939418757254,49.72706058124274,325005,51.879509546006986,48.120490453993014,-1.8093379661365958,-1.6909228332525075
273,NY-02,"King, Peter",(R),137680,165908,"313,286",43.9%,53.0%,140817,128791,272663,51.6,47.2,156151,145890,304670,51.3,47.9,303588,45.35093613713322,54.649063862866775,269608,52.23027506602178,47.76972493397822,302041,51.6986104535477,48.3013895464523,-1.9902370585958806,0.2664128140120212
274,NY-03,"Suozzi, Tom",(D),178288,156942,"345,275",51.6%,45.5%,155451,147617,306221,50.8,48.2,182847,155946,341582,53.5,45.7,335230,53.18378426751782,46.81621573248218,303068,51.29244921931711,48.70755078068289,338793,53.970123349655985,46.029876650344015,0.28127583751240337,-0.671413032692648
275,NY-04,"Rice, Kathleen",(D),179845,147469,"336,811",53.4%,43.8%,173508,131750,308119,56.3,42.8,185400,147199,334969,55.3,43.9,327314,54.94570962439737,45.05429037560263,305258,56.839787982624536,43.160212017375464,332599,55.7428013914654,44.2571986085346,2.053953879321817,4.8759257306147745
276,NY-05,"Meeks, Gregory",(D),211667,31322,"246,961",85.7%,12.7%,192374,19325,212347,90.6,9.1,206652,32558,240009,86.1,13.6,242989,87.10970455452716,12.890295445472841,211699,90.87147317653839,9.128526823461613,239210,86.38936499310229,13.610635006897706,32.70051748095871,38.907610924528626
277,NY-06,"Meng, Grace",(D),134970,66487,"207,285",65.1%,32.1%,125496,57455,185058,67.8,31.0,126794,71419,199891,63.4,35.7,201457,66.9969273840075,33.003072615992494,182951,68.59541625899831,31.40458374100169,198213,63.96855907533815,36.03144092466186,10.279711563194567,16.63155400698855
278,NY-07,"Velazquez, Nydia",(D),177664,21198,"204,473",86.9%,10.4%,159552,18671,180591,88.3,10.3,158908,28083,188388,84.4,14.9,198862,89.34034657199464,10.65965342800535,178223,89.52379883628937,10.476201163710632,186991,84.98163013193148,15.018369868068518,31.2927826197879,37.55993658427961
279,NY-08,"Jeffries, Hakeem",(D),215689,34356,"254,930",84.6%,13.5%,210018,23869,235295,89.3,10.1,208300,32971,242177,86.0,13.6,250045,86.26007318682638,13.739926813173629,233887,89.7946444223065,10.205355577693503,241271,86.33445378847851,13.665546211521484,32.64560627633493,37.83078217029674
280,NY-09,"Clarke, Yvette",(D),211812,36600,"253,789",83.5%,14.4%,204281,33156,239547,85.3,13.8,208748,38289,248224,84.1,15.4,248412,85.26641225061591,14.733587749384089,237437,86.03587477941517,13.964125220584828,247037,84.50070232394337,15.499297676056623,30.81185481179979,34.072012527405406
281,NY-10,"Nadler, Jerrold",(D),205114,49179,"261,945",78.3%,18.8%,173650,58992,235821,73.6,25.0,195974,60682,259039,75.7,23.4,254293,80.6604979295537,19.339502070446297,232642,74.64258388425134,25.35741611574866,256656,76.35667975811981,23.64332024188018,22.66783224597623,22.678721632241576
282,NY-11,"Donovan, Dan",(R),108807,133232,"248,457",43.8%,53.6%,110407,101262,213991,51.6,47.3,112035,118106,231976,48.3,50.9,242039,44.95432554257785,55.04567445742216,211669,52.16021240710732,47.83978759289268,230141,48.681025979725476,51.31897402027453,-5.007821532418106,0.19635015509756215
283,NY-12,"Maloney, Carolyn",(D),255601,41384,"306,910",83.3%,13.5%,205919,57575,267692,76.9,21.5,243155,57238,303389,80.1,18.9,296985,86.06528949273532,13.934710507264677,263494,78.14940757664311,21.850592423356886,300393,80.94562789412537,19.054372105874638,27.256780381981784,26.185545324633352
284,NY-13,"Espaillat, Adriano",(D),232925,13727,"252,393",92.3%,5.4%,219361,10558,231787,94.6,4.6,225863,14845,242035,93.3,6.1,246652,94.43466908843229,5.565330911567715,229919,95.40794801647536,4.592051983524632,240708,93.83277664223873,6.167223357761271,40.143929130095145,43.4440857644656
285,NY-14,"Crowley, Joe",(D),151407,38560,"194,923",77.7%,19.8%,136783,30978,169552,80.7,18.3,135243,41288,177831,76.1,23.2,189967,79.70173767022693,20.298262329773063,167761,81.534444835212,18.465555164788004,176531,76.6114733389603,23.388526661039705,22.922625826816713,29.57058258320224
286,NY-15,"Serrano, Jose",(D),179454,9371,"191,383",93.8%,4.9%,171366,5315,177129,96.7,3.0,170498,9382,180295,94.6,5.2,188825,95.03720376009532,4.962796239904674,176681,96.99175349924441,3.008246500755599,179880,94.78430064487436,5.215699355125639,41.09545313273078,45.02789124723465
287,NY-16,"Engel, Eliot",(D),212644,63590,"283,114",75.1%,22.5%,197365,68373,267814,73.7,25.5,205897,74591,282279,72.9,26.4,276234,76.97966217047866,23.02033782952135,265738,74.27052209318953,25.729477906810466,280488,73.4067054562049,26.5932945437951,19.717857944061322,22.306659841179766
288,NY-17,"Lowey, Nita",(D),186437,122339,"318,220",58.6%,38.4%,168020,123190,294401,57.1,41.8,181604,128934,313081,58.0,41.2,308776,60.37936886286499,39.62063113713501,291210,57.69719446447581,42.30280553552419,310538,58.48044361720627,41.51955638279373,4.791596105062688,5.7333322124660455
289,NY-18,"Maloney, Sean",(D),146187,152143,"310,474",47.1%,49.0%,149610,137144,290894,51.4,47.1,162618,146308,312234,52.1,46.9,298330,49.00177655616264,50.99822344383737,286754,52.17364012359026,47.82635987640975,308926,52.63979075895199,47.36020924104802,-1.0490567531915929,0.2097778715804992
290,NY-19,"Faso, John",(R),140518,162265,"319,452",44.0%,50.8%,157967,138981,303112,52.1,45.9,175763,150323,331779,53.0,45.3,302783,46.40881423329579,53.59118576670421,296948,53.196856015194584,46.80314398480542,326086,53.90081144238024,46.09918855761977,0.2119639302366565,1.2329937631848225
291,NY-20,"Tonko, Paul",(D),175384,131557,"325,081",54.0%,40.5%,186460,122230,315032,59.2,38.8,198366,135529,340274,58.3,39.8,306941,57.13931993444994,42.860680065550056,308690,60.4036411934303,39.5963588065697,333895,59.40969466449033,40.59030533550967,5.7208471523467495,8.439778941420542
292,NY-21,"Stefanik, Elise",(R),111760,150481,"279,438",40.0%,53.9%,138889,122471,265850,52.2,46.1,150137,135821,290642,51.7,46.7,262241,42.61728715189464,57.38271284810536,261360,53.14087848178757,46.859121518212426,285958,52.50316480042524,47.49683519957476,-1.1856827117183428,1.1770162297778057
293,NY-22,"Tenney, Claudia",(R),114016,158913,"289,954",39.3%,54.8%,135172,136500,277217,48.8,49.2,148425,148580,302473,49.1,49.1,272929,41.774967115989874,58.22503288401013,271672,49.75558762036574,50.24441237963426,297005,49.973906163195906,50.026093836804094,-3.7149413489476757,-2.2082746316440236
294,NY-23,"Reed, Tom",(R),115013,158156,"290,017",39.7%,54.5%,133949,137312,276891,48.4,49.6,150412,147913,303285,49.6,48.8,273169,42.10324011875433,57.89675988124567,271261,49.38011730399873,50.61988269600127,298325,50.41883851504232,49.58116148495768,-3.2700089971012645,-2.583744948011031
295,NY-24,"Katko, John",(R),151021,139763,"308,574",48.9%,45.3%,171502,123534,300621,57.0,41.1,181776,135928,323571,56.2,42.0,290784,51.93580114449213,48.06419885550787,295036,58.12917745631042,41.870822543689584,317704,57.21552136579962,42.78447863420039,3.5266738536560354,6.165315204300661
296,NY-25,"Slaughter, Louise",(D),182896,128955,"329,443",55.5%,39.1%,187753,125897,319454,58.8,39.4,201012,136481,342056,58.8,39.9,311851,58.648521248929775,41.351478751070225,313650,59.8606727243743,40.139327275625696,337493,59.56034643681498,40.43965356318501,5.8714989246714,7.896810472364535
297,NY-26,"Higgins, Brian",(D),175336,115558,"304,440",57.6%,38.0%,193362,103743,302388,63.9,34.3,208504,115099,328709,63.4,35.0,290894,60.27487675923189,39.72512324076811,297105,65.08204170242844,34.917958297571566,323603,64.43203554973223,35.567964450267766,10.743188037588652,13.11817945041868
298,NY-27,"Collins, Chris",(R),122107,206869,"346,771",35.2%,59.7%,140176,180703,326828,42.9,55.3,153862,186554,345902,44.5,53.9,328976,37.1172973104421,62.8827026895579,320879,43.68500275804899,56.31499724195101,340416,45.19822805038541,54.80177194961458,-8.490619461758172,-8.278859493960773
299,OH-01,"Chabot, Steve",(R),160988,185025,"361,297",44.6%,51.2%,168195,190504,363593,46.3,52.4,171529,188091,363285,47.2,51.8,346013,46.526575591090506,53.47342440890949,358699,46.89028963002406,53.109710369975936,359620,47.69729158556254,52.30270841443746,-5.991555926581043,-5.073572621985704
300,OH-02,"Wenstrup, Brad",(R),140773,197877,"354,868",39.7%,55.8%,155027,194409,355117,43.7,54.7,160301,196040,361562,44.3,54.2,338650,41.568876421083715,58.431123578916285,349436,44.36491947023203,55.63508052976797,356341,44.985280952795215,55.014719047204785,-8.703566559348367,-7.59894278177773
301,OH-03,"Beatty, Joyce",(D),210445,89824,"314,155",67.0%,28.6%,217969,90434,312938,69.7,28.9,209277,97330,310574,67.4,31.3,300269,70.0854900106238,29.914509989376192,308403,70.67667953943379,29.323320460566205,306607,68.25578020071296,31.744219799287038,14.56693268856938,18.71281728742403
302,OH-04,"Jordan, Jim",(R),99641,208715,"324,648",30.7%,64.3%,139228,185512,331390,42.0,56.0,150312,187369,344253,43.7,54.4,308356,32.31362451192778,67.68637548807223,324740,42.873683562234405,57.1263164377656,337681,44.51301672288343,55.486983277116565,-9.175830789260154,-9.090178689775357
303,OH-05,"Latta, Bob",(R),124410,214653,"359,624",34.6%,59.7%,159592,195075,362052,44.1,53.9,171746,194685,373037,46.0,52.2,339063,36.692296121959636,63.307703878040364,354667,44.99770206982888,55.00229793017112,366431,46.86994277230911,53.130057227690884,-6.818904739834473,-6.966160182180879
304,OH-06,"Johnson, Bill",(R),85512,221852,"320,064",26.7%,69.3%,136522,176593,319939,42.7,55.2,149059,177089,333655,44.7,53.1,307364,27.821085097799354,72.17891490220066,313115,43.60123277390096,56.39876722609903,326148,45.70287108919877,54.29712891080123,-7.985976422944809,-8.3626294781088
305,OH-07,"Gibbs, Bob",(R),108004,205565,"328,938",32.8%,62.5%,147660,179312,333866,44.2,53.7,159267,173085,339811,46.9,50.9,313569,34.44345582630936,65.55654417369064,326972,45.15983019952779,54.84016980047222,332352,47.92117995378394,52.07882004621606,-5.767667558359641,-6.804032052481972
306,OH-08,"Davidson, Warren",(R),104927,223221,"342,785",30.6%,65.1%,124478,211436,341543,36.4,61.9,133182,210494,349366,38.1,60.3,328148,31.97551104989212,68.02448895010788,335914,37.05650851110701,62.94349148889299,343676,38.752196836555356,61.24780316344464,-14.936650675588226,-14.90735374090275
307,OH-09,"Kaptur, Marcy",(D),177118,110204,"301,655",58.7%,36.5%,217146,99223,321454,67.6,30.9,227380,107587,340297,66.8,31.6,287322,61.644426810338224,38.355573189661776,316369,68.63693977602104,31.363060223978962,334967,67.88131368164625,32.11868631835375,14.192466169502666,16.673077524011276
308,OH-10,"Turner, Michael",(R),153323,178703,"348,181",44.0%,51.3%,172942,179813,358592,48.2,50.1,183239,183226,371572,49.3,49.3,332026,46.17801015583117,53.821989844168826,352755,49.0260945982339,50.973905401766096,366465,50.001773702809274,49.998226297190726,-3.687073809334308,-2.9377676537758646
309,OH-11,"Fudge, Marcia",(D),260298,55018,"323,301",80.5%,17.0%,298788,59753,361124,82.7,16.5,303165,63609,369582,82.0,17.2,315316,82.55147217394614,17.448527826053866,358541,83.33440248116672,16.665597518833273,366774,82.65716762911221,17.342832370887795,28.968320116968627,31.37054022915696
310,OH-12,"Balderson, Troy",(R),162245,205883,"387,279",41.9%,53.2%,167441,207387,381462,43.9,54.4,167870,201574,375123,44.8,53.7,368128,44.07298548331015,55.927014516689844,374828,44.671422625844386,55.32857737415561,369444,45.43855090351989,54.56144909648012,-8.250296608623692,-7.292439626165375
311,OH-13,"Ryan, Tim",(D),163553,142800,"319,877",51.1%,44.6%,212616,119625,337776,62.9,35.4,222155,127685,356854,62.3,35.8,306353,53.387105724442065,46.612894275557935,332241,63.99451000930048,36.00548999069952,349840,63.50188657672079,36.498113423279214,9.813039064577211,12.030647757290716
312,OH-14,"Joyce, David",(R),155602,197884,"369,274",42.1%,53.6%,179769,192270,377833,47.6,50.9,189099,190379,385186,49.1,49.4,353486,44.019282234657105,55.9807177653429,372039,48.31993420044673,51.680065799553276,379478,49.831347271778604,50.168652728221396,-3.8575002403649776,-3.64392805156303
313,OH-15,"Stivers, Steve",(R),141654,196679,"355,390",39.9%,55.3%,161227,180443,347923,46.3,51.9,161592,183103,350655,46.1,52.2,338333,41.86821858937792,58.131781410622075,341670,47.18792987385489,52.8120701261451,344695,46.87970524666734,53.12029475333265,-6.80914226547624,-4.77593237815487
314,OH-16,"Renacci, Jim",(R),145672,207101,"368,837",39.5%,56.1%,169108,199650,374209,45.2,53.4,180871,196473,383030,47.2,51.3,352773,41.293409643028234,58.706590356971766,368758,45.85880170735279,54.14119829264721,377344,47.93265561397558,52.06734438602443,-5.756191898168005,-6.105060544656972
315,OK-01,,(R),101757,191343,"311,506",32.7%,61.4%,98321,188961,287282,34.2,65.8,113915,204018,317933,35.8,64.2,293100,34.71750255885364,65.28249744114638,287282,34.224559840157056,65.77544015984294,317933,35.82987610597201,64.17012389402798,-17.85897140617157,-17.739302411852705
316,OK-02,"Mullin, Markwayne",(R),62022,198155,"271,844",22.8%,72.9%,81179,170983,252162,32.2,67.8,93714,179570,273285,34.3,65.7,260177,23.838386944272553,76.16161305572746,252162,32.19319326464733,67.80680673535267,273284,34.29179900762577,65.70820099237423,-19.397048504517812,-19.770668987362434
317,OK-03,"Lucas, Frank",(R),61179,216078,"293,417",20.9%,73.6%,70346,199390,269736,26.1,73.9,80196,216033,296229,27.1,72.9,277257,22.065808978673214,77.93419102132678,269736,26.079574102085,73.920425897915,296229,27.072298795864008,72.92770120413599,-26.616548716279574,-25.88428814992476
318,OK-04,"Cole, Tom",(R),83648,194160,"295,464",28.3%,65.7%,86285,176067,262386,32.9,67.1,97697,190538,288234,33.9,66.1,277808,30.110004031561367,69.88999596843864,262352,32.88901933280478,67.11098066719522,288235,33.89491213766544,66.10508786233456,-19.79393537447814,-19.074842919204983
319,OK-05,"Russell, Steve",(R),111769,149400,"280,761",39.8%,53.2%,107416,155924,263306,40.8,59.2,116973,170007,286981,40.8,59.2,261169,42.795661047061486,57.204338952938514,263340,40.78985342143237,59.21014657856764,286980,40.75998327409576,59.24001672590424,-12.928864238047822,-11.174008830577392
320,OR-01,"Bonamici, Suzanne",(D),219412,132160,"382,673",57.3%,34.5%,201028,140410,350979,57.3,40.0,210580,133368,353487,59.6,37.7,351572,62.40883801895487,37.59116198104513,341438,58.8768678354489,41.12313216455111,343948,61.22437112586786,38.77562887413213,7.53552361372428,6.913005583439137
321,OR-02,"Walden, Greg",(R),139059,215711,"381,561",36.4%,56.5%,139940,196568,345883,40.5,56.8,153867,191430,355690,43.3,53.8,354770,39.196944499253036,60.803055500746964,336508,41.58593554982348,58.41406445017652,345297,44.56076942458231,55.43923057541769,-9.12807808756127,-10.37792670218628
322,OR-03,"Blumenauer, Earl",(D),282346,89678,"399,204",70.7%,22.5%,267966,91827,372036,72.0,24.7,275349,91804,377498,72.9,24.3,372024,75.89456594198224,24.105434058017764,359793,74.4778247492308,25.52217525076919,367153,74.99571023524253,25.00428976475747,21.306862723098945,22.513962497221044
323,OR-04,"DeFazio, Peter",(D),180872,180318,"392,006",46.1%,46.0%,188563,163931,364440,51.7,45.0,210312,165632,388034,54.2,42.7,361190,50.07669093828733,49.92330906171267,352494,53.49396018088252,46.50603981911749,375944,55.942374396186665,44.057625603813335,2.253526884043083,1.530097928872756
324,OR-05,"Schrader, Kurt",(D),180417,164536,"373,298",48.3%,44.1%,172991,161439,342657,50.5,47.1,187183,156240,353154,53.0,44.2,344953,52.30190779613455,47.69809220386546,334430,51.72711778249559,48.27288221750441,343423,54.50508556503204,45.49491443496795,0.8162380528884583,-0.23674446951417139
325,PA-01,"Brady, Bob",(D),250924,57521,"315,605",79.5%,18.2%,244605,50211,297369,82.3,16.9,245500,64135,311981,78.7,20.6,308445,81.35129439608359,18.64870560391642,294816,82.96869912080756,17.031300879192447,309635,79.28690232047411,20.713097679525895,25.59805480833053,31.004836868797796
326,PA-02,"Evans, Dwight",(D),334322,28067,"369,756",90.4%,7.6%,338543,33525,374459,90.4,9.0,347855,33390,382621,90.9,8.7,362389,92.25500774030117,7.744992259698832,372068,90.9895502972575,9.010449702742509,381245,91.241852352162,8.758147647838005,37.55300484001842,39.02568804524773
327,PA-03,"Kelly, Mike",(R),113563,197960,"324,203",35.0%,61.1%,132484,171121,307771,43.0,55.6,149873,169166,323368,46.3,52.3,311523,36.45413019263425,63.545869807365754,303605,43.63696250061758,56.363037499382415,319039,46.9763884666138,53.02361153338621,-6.7124590455297835,-8.326899751392183
328,PA-04,"Perry, Scott",(R),125762,198571,"338,687",37.1%,58.6%,129239,177711,311373,41.5,57.1,144854,172940,321232,45.1,53.8,324333,38.775579419917186,61.224420580082814,306950,42.10425150676006,57.89574849323994,317794,45.58109970609892,54.41890029390108,-8.107747806044664,-9.859610745249704
329,PA-05,"Thompson, Glenn",(R),105138,195736,"314,143",33.5%,62.3%,119958,165210,290085,41.4,57.0,146536,160134,311074,47.1,51.5,300874,34.94419590925105,65.05580409074895,285168,42.06572967513886,57.93427032486114,306670,47.78295888088173,52.21704111911827,-5.905888631261853,-9.8981325768709
330,PA-06,"Costello, Ryan",(R),177639,175340,"368,554",48.2%,47.6%,165916,174379,344797,48.1,50.6,186460,161570,351615,53.0,46.0,352979,50.325656767116456,49.674343232883544,340295,48.75652007816747,51.243479921832524,348030,53.57584116311812,46.42415883688188,-0.11300634902546136,-3.2073421738422923
331,PA-07,"Meehan, Pat",(R),190599,181455,"386,339",49.3%,47.0%,177252,183955,365247,48.5,50.4,192275,179384,375376,51.2,47.8,372054,51.22885387605025,48.77114612394975,361207,49.07213869055694,50.92786130944306,371659,51.73425102042464,48.26574897957536,-1.9545964917189451,-2.891723561452821
332,PA-08,"Fitzpatrick, Brian",(R),185685,186607,"387,025",48.0%,48.2%,177940,178195,360589,49.3,49.4,198505,170472,373060,53.2,45.7,372292,49.8761724667734,50.1238275332266,356135,49.96419896949191,50.0358010305081,368977,53.79874626331722,46.20125373668277,0.10989875117363823,-1.9996632825178509
333,PA-09,"Schuster, Bill",(R),83263,213381,"305,937",27.2%,69.7%,100907,176724,281321,35.9,62.8,120433,170305,294304,40.9,57.9,296644,28.068324321408827,71.93167567859118,277631,36.34572508113287,63.654274918867124,290738,41.42320577289518,58.57679422710481,-12.265641739248402,-15.618137170876892
334,PA-10,"Marino, Tom",(R),93240,204114,"308,952",30.2%,66.1%,108944,170277,283294,38.5,60.1,126925,169324,299936,42.3,56.5,297354,31.356564902439516,68.64343509756048,279221,39.01712263762396,60.982877362376044,296249,42.8440264777265,57.1559735222735,-10.84482103441708,-12.946739614385798
335,PA-11,"Barletta, Lou",(R),115482,191470,"319,032",36.2%,60.0%,130502,157841,292821,44.6,53.9,145211,159469,308440,47.1,51.7,306952,37.62216893846595,62.37783106153405,288343,45.25929188501195,54.74070811498806,304680,47.66016804516214,52.33983195483787,-6.028679466981444,-6.704570366997814
336,PA-12,"Rothfus, Keith",(R),137482,213005,"363,139",37.9%,58.7%,141918,200396,346617,40.9,57.8,161241,195077,360576,44.7,54.1,350487,39.22599126358467,60.77400873641533,342314,41.458427058198026,58.54157294180197,356318,45.25199400535477,54.74800599464523,-8.436853506788815,-10.505435193811735
337,PA-13,"Boyle, Brendan",(D),217268,105558,"332,645",65.3%,31.7%,210561,104711,318212,66.2,32.9,217661,112243,332609,65.4,33.7,322826,67.30189018232731,32.69810981767268,315272,66.78709178106524,33.212908218934764,329904,65.97707211794946,34.02292788205054,12.28822460580588,14.823229529055482
338,PA-14,"Doyle, Michael",(D),231552,107100,"350,774",66.0%,30.5%,230750,103977,339399,68.0,30.6,245432,116994,366056,67.0,32.0,338652,68.37461464866588,31.625385351334113,334727,68.93677534229387,31.06322465770613,362426,67.71920336841177,32.280796631588245,14.030355856268187,16.97291309028411
339,PA-15,"Dent, Charlie",(R),148080,173597,"334,869",44.2%,51.8%,147234,156165,307543,47.9,50.8,165836,148385,318325,52.1,46.6,321677,46.03375435607768,53.96624564392232,303399,48.52817576854241,51.47182423145759,314221,52.77686723675375,47.22313276324625,-0.9119802753898298,-3.43568648346735
340,PA-16,"Smucker, Lloyd",(R),140186,161763,"317,019",44.2%,51.0%,135331,153189,292597,46.3,52.4,152095,148489,303292,50.1,49.0,301949,46.427045626910505,53.5729543730895,288520,46.90524053791765,53.09475946208235,300584,50.5998323264046,49.400167673595405,-3.0890151857389796,-5.058621714092112
341,PA-17,"Cartwright, Matt",(D),132700,163734,"306,644",43.3%,53.4%,156019,121870,281710,55.4,43.3,174446,128440,306601,56.9,41.9,296434,44.76544525931573,55.234554740684274,277889,56.14435979833675,43.855640201663256,302886,57.59460655163989,42.40539344836011,3.90575903949631,4.18049754632699
342,PA-18,,(R),142705,215102,"370,497",38.5%,58.1%,142178,200985,346855,41.0,57.9,155226,195970,354760,43.8,55.2,357807,39.8832331396535,60.1167668603465,343163,41.43162287309529,58.5683771269047,351196,44.19925056094033,55.80074943905967,-9.489596951203254,-10.532239378914468
343,RI-01,"Cicilline, David",(D),130682,75510,"216,116",60.5%,34.9%,141332,68685,213460,66.2,32.2,150363,71764,225615,66.6,31.8,206192,63.37879258167145,36.62120741832855,210017,67.29550464962361,32.7044953503764,222127,67.69235617462083,32.307643825379174,14.003508662477245,15.331642397613848
344,RI-02,"Langevin, Jim",(D),121843,105033,"238,589",51.1%,44.0%,138345,88519,231208,59.8,38.3,146208,93627,244152,59.9,38.3,226876,53.70466686648213,46.29533313351787,226864,60.98146907398265,39.01853092601735,239835,60.96191131402839,39.03808868597161,7.27306380188481,9.01760682197289
345,SC-01,"Sanford, Mark",(R),134685,178052,"333,021",40.4%,53.5%,119756,173550,297933,40.2,58.3,118886,156066,278253,42.7,56.1,312737,43.06653833732497,56.93346166267502,293306,40.829713677865435,59.17028632213456,274952,43.23881986674037,56.76118013325963,-10.45002764540321,-11.134148574144326
346,SC-02,"Wilson, Joe",(R),120591,175985,"312,625",38.6%,56.3%,113338,170005,287443,39.4,59.1,112547,169885,285473,39.4,59.5,296576,40.6610784419508,59.33892155804921,283343,40.000282343308285,59.99971765669171,282432,39.84923804668026,60.150761953319744,-13.839609465463319,-11.963579908701476
347,SC-03,"Duncan, Jeff",(R),82527,190540,"284,348",29.0%,67.0%,89494,170173,263638,33.9,64.5,93525,169190,266523,35.1,63.5,273067,30.22225314666364,69.77774685333637,259667,34.464910828099065,65.53508917190094,262715,35.59941381344803,64.40058618655196,-18.08943369869555,-17.498951423910697
348,SC-04,"Gowdy, Trey",(R),103975,181634,"301,747",34.5%,60.2%,99387,170679,274554,36.2,62.2,102178,164088,270855,37.7,60.6,285609,36.404665119096386,63.59533488090361,270066,36.80100419897359,63.19899580102641,266266,38.37440754733988,61.62559245266013,-15.314439964803704,-15.162858053036175
349,SC-05,"Norman, Ralph",(R),118791,175391,"306,200",38.8%,57.3%,124832,157710,286200,43.6,55.1,120264,150734,274280,43.8,55.0,294182,40.380104833062525,59.619895166937475,282542,44.18174996991598,55.81825003008403,270998,44.37818729289515,55.621812707104844,-9.310660219248433,-7.7821122820937845
350,SC-06,"Clyburn, Jim",(D),178159,80741,"266,848",66.8%,30.3%,195131,77299,275266,70.9,28.1,191945,79266,273907,70.1,28.9,258900,68.81382773271534,31.186172267284668,272430,71.62610578864296,28.373894211357047,271211,70.7733093421727,29.226690657827298,17.084461830029113,19.6622435366332
351,SC-07,"Rice, Tom",(R),116645,173046,"298,237",39.1%,58.0%,124002,152230,279085,44.4,54.5,123103,145666,271678,45.3,53.6,289691,40.26531718279132,59.734682817208686,276232,44.890526803556426,55.109473196443574,268769,45.80252930955579,54.197470690444206,-7.886318202587795,-7.073335448453335
352,SD-AL,"Noem, Kristi",(R),117466,227731,"370,111",31.7%,61.5%,145039,210610,363809,39.9,57.9,170924,203054,381975,44.7,53.2,345197,34.02868506968485,65.97131493031515,355649,40.78150086180476,59.21849913819525,373978,45.704292765884624,54.295707234115376,-7.984554746258958,-11.182361390205003
353,TN-01,"Roe, Phil",(R),52240,203668,"265,493",19.7%,76.7%,65767,186310,256324,25.7,72.7,77079,188237,269243,28.6,69.9,255908,20.41358613251637,79.58641386748363,252077,26.09004391515291,73.9099560848471,265316,29.051772226326346,70.94822777367365,-24.637075285817236,-25.87381833685685
354,TN-02,"Duncan, John",(R),86214,188956,"290,193",29.7%,65.1%,85525,186368,276952,30.9,67.3,101603,188283,294421,34.5,64.0,275170,31.33117709052586,68.66882290947414,271893,31.455388700702112,68.54461129929788,289886,35.04929524019787,64.95070475980212,-18.63955227194571,-20.50847355130765
355,TN-03,"Fleischmann, Chuck",(R),83524,180932,"276,457",30.2%,65.4%,95226,171838,271565,35.1,63.3,106560,175163,285533,37.3,61.3,264456,31.58332577063859,68.4166742293614,267064,35.65662163376569,64.34337836623432,281723,37.82438778516486,62.17561221483514,-15.864459726978723,-16.307240618244073
356,TN-04,"DesJarlais, Scott",(R),75831,189613,"276,582",27.4%,68.6%,86133,169977,260182,33.1,65.3,97643,170600,272380,35.8,62.6,265444,28.567607480297163,71.43239251970283,256110,33.631252196321896,66.3687478036781,268243,36.40094988499234,63.59905011500766,-17.28789762715124,-18.332610055687866
357,TN-05,"Cooper, Jim",(D),156608,105776,"276,959",56.5%,38.2%,152939,116229,273794,55.9,42.5,170190,122232,296073,57.5,41.3,262384,59.68656625403989,40.31343374596012,269168,56.81916126731261,43.18083873268739,292422,58.200135420727584,41.79986457927242,4.511287908584002,4.8552990153028475
358,TN-06,"Black, Diane",(R),70549,216461,"297,967",23.7%,72.6%,82297,192662,278928,29.5,69.1,97072,188258,289881,33.5,64.9,287010,24.580676631476255,75.41932336852375,274959,29.930644205136037,70.06935579486397,285330,34.02095818876389,65.97904181123612,-19.66788932337969,-22.033218046873724
359,TN-07,"Blackburn, Marsha",(R),82313,196848,"291,561",28.2%,67.5%,92042,183757,279796,32.9,65.7,103884,178286,285870,36.3,62.4,279161,29.485852250135224,70.51414774986478,275799,33.372854868944415,66.62714513105558,282170,36.81610376723252,63.18389623276748,-16.872743744911062,-18.591007383065346
360,TN-08,"Kustoff, David",(R),91025,196702,"296,672",30.7%,66.3%,100213,201645,305053,32.9,66.1,110590,203070,316873,34.9,64.1,287727,31.635890966089384,68.36410903391061,301858,33.19872257816589,66.8012774218341,313660,35.25792259134094,64.74207740865906,-18.43092492080264,-18.76513967384387
361,TN-09,"Cohen, Steve",(D),172391,43970,"222,353",77.5%,19.8%,200568,53544,255982,78.4,20.9,222816,65047,289475,77.0,22.5,216361,79.67748346513466,20.32251653486534,254112,78.9289761994711,21.071023800528902,287863,77.40348707544908,22.596512924550915,23.714639563305496,26.965113947461333
362,TX-01,"Gohmert, Louie",(R),66389,189604,"262,492",25.3%,72.2%,69858,181835,254055,27.5,71.6,78918,178520,258800,30.5,69.0,255993,25.933912255413233,74.06608774458677,251693,27.755241504531313,72.24475849546869,257438,30.65514803564353,69.34485196435647,-23.03369947650005,-24.20862074747845
363,TX-02,"Poe, Ted",(R),119659,145530,"277,873",43.1%,52.4%,88751,157094,249569,35.6,62.9,91087,150665,243439,37.4,61.9,265189,45.122158158897996,54.877841841102004,245845,36.10038845614106,63.89961154385894,241752,37.6778682285979,62.3221317714021,-16.01097928354568,-15.8634737958687
364,TX-03,"Johnson, Sam",(R),129384,174561,"318,536",40.6%,54.8%,93290,175383,272664,34.2,64.3,100440,165158,267545,37.5,61.7,303945,42.5682278043725,57.431772195627495,268673,34.722506541409075,65.27749345859093,265598,37.81654982341735,62.18345017658265,-15.872297688726235,-17.241355710600686
365,TX-04,"Ratcliffe, John",(R),60841,210587,"279,188",21.8%,75.4%,63559,189554,256123,24.8,74.0,75910,180772,258577,29.4,69.9,271428,22.415152452952533,77.58484754704746,253113,25.110918838621487,74.88908116137851,256682,29.5735579432917,70.42644205670831,-24.115289568851882,-26.852943413388275
366,TX-05,"Hensarling, Jeb",(R),79759,145841,"232,735",34.3%,62.7%,73085,137239,212669,34.4,64.5,83216,137698,222316,37.4,61.9,225600,35.354166666666664,64.64583333333334,210324,34.748768566592496,65.25123143340751,220914,37.668957150746444,62.331042849253556,-16.019890361397138,-17.215093685417266
367,TX-06,"Barton, Joe",(R),115272,148945,"274,848",41.9%,54.2%,103444,146985,253795,40.8,57.9,109854,148503,259993,42.3,57.1,264217,43.62777565410249,56.37222434589751,250429,41.306717672474036,58.693282327525964,258357,42.52023363020936,57.47976636979064,-11.16861388193422,-10.657144579535725
368,TX-07,"Culberson, John",(R),124722,121204,"257,308",48.5%,47.1%,92499,143631,239767,38.6,59.9,96866,140692,239081,40.5,58.8,245926,50.715255808657886,49.284744191342114,236130,39.17291322576546,60.82708677423453,237558,40.77572634893373,59.22427365106626,-12.913121163209851,-12.790949026244299
369,TX-08,"Brady, Kevin",(R),70532,214605,"295,099",23.9%,72.7%,55273,195742,254167,21.7,77.0,61357,171408,234270,26.2,73.2,285137,24.736179450579897,75.2638205494201,251015,22.01979961356891,77.9802003864311,232765,26.360062724206816,73.63993727579317,-27.328784787936765,-29.94406263844085
370,TX-09,"Green, Al",(D),151559,34447,"191,042",79.3%,18.0%,145332,39392,186267,78.0,21.1,144707,44520,189937,76.2,23.4,186006,81.4807049234971,18.51929507650291,184724,78.67521274983218,21.324787250167816,189227,76.47270209853774,23.527297901462266,22.783854586394156,26.711350497822423
371,TX-10,"McCaul, Michael",(R),135984,164912,"315,133",43.2%,52.3%,104839,159714,270136,38.8,59.1,112866,148867,264035,42.7,56.4,300896,45.1930235031373,54.8069764968627,264553,39.62873223890865,60.37126776109135,261733,43.1225714755113,56.87742852448869,-10.566276036632281,-12.335130013101114
372,TX-11,"Conaway, Michael",(R),47468,193620,"248,860",19.1%,77.8%,45070,182355,230331,19.6,79.2,56145,184238,242210,23.2,76.1,241088,19.68907618794797,80.31092381205202,227425,19.81752226008574,80.18247773991426,240383,23.35647695552514,76.64352304447486,-30.332370556618443,-32.14633999192402
373,TX-12,"Granger, Kay",(R),92549,177939,"282,691",32.7%,62.9%,79147,166992,249826,31.7,66.8,89718,161030,252637,35.5,63.7,270488,34.215565940078676,65.78443405992132,246139,32.15540812305242,67.84459187694758,250748,35.78014580375516,64.21985419624482,-17.90870170838842,-19.808454128957344
374,TX-13,"Thornberry, Mac",(R),40253,190838,"238,846",16.9%,79.9%,42521,184104,229545,18.5,80.2,54855,189600,246252,22.3,77.0,231091,17.41867922160534,82.58132077839466,226625,18.762713734142306,81.2372862658577,244455,22.439712830582316,77.56028716941769,-31.249134681561266,-33.20114851786745
375,TX-14,"Weber, Randy",(R),101228,153191,"263,381",38.4%,58.2%,97958,147213,248073,39.5,59.3,102902,139304,243755,42.2,57.1,254419,39.78790892189656,60.21209107810345,245171,39.95497020446953,60.04502979553047,242206,42.48532241150095,57.51467758849904,-11.20352510064263,-12.008892047540229
376,TX-15,"Gonzalez, Vicente",(D),104454,73689,"184,358",56.7%,40.0%,86941,62885,151351,57.4,41.5,83924,61282,146097,57.4,41.9,178143,58.63491689260874,41.36508310739126,149826,58.027979122448706,41.972020877551294,145206,57.796509786097,42.203490213903,4.107662273953416,6.064116870438944
377,TX-16,"O'Rourke, Beto",(D),130784,52334,"192,692",67.9%,27.2%,100993,54315,157414,64.2,34.5,109387,58764,169232,64.6,34.7,183118,71.4206140302974,28.5793859697026,155308,65.02755814252968,34.972441857470315,168151,65.052839412195,34.94716058780501,11.363991900051417,13.063695890519924
378,TX-17,"Flores, Bill",(R),96156,139415,"247,625",38.8%,56.3%,84531,135309,224079,37.7,60.4,95884,135738,233690,41.0,58.1,235571,40.81826710418515,59.181732895814854,219840,38.45114628820961,61.5488537117904,231622,41.39675851171305,58.60324148828695,-12.29208900043053,-13.512715963800154
379,TX-18,"Jackson-Lee, Sheila",(D),157117,41011,"205,514",76.5%,20.0%,150129,44991,197206,76.1,22.8,150733,45069,196624,76.7,22.9,198128,79.30075506743115,20.699244932568845,195120,76.94188191881919,23.05811808118081,195802,76.98235973074841,23.01764026925159,23.293512218604832,24.97801966680943
380,TX-19,"Arrington, Jodey",(R),53519,165384,"228,008",23.5%,72.5%,54461,160141,217619,25.0,73.6,66122,168553,236363,28.0,71.3,218903,24.448728432227973,75.55127156777203,214602,25.37767588372895,74.62232411627106,234675,28.175988068605516,71.82401193139448,-25.512859443538066,-26.58618636828081
381,TX-20,"Castro, Joaquin",(D),132363,74386,"216,952",61.0%,34.3%,110663,74540,187835,58.9,39.7,115579,80667,197670,58.5,40.8,206749,64.02110771998896,35.978892280011024,185203,59.75227183144981,40.24772816855018,196246,58.89495836857821,41.105041631421784,5.206110856434627,7.788409579440049
382,TX-21,"Smith, Lamar",(R),152528,188335,"358,985",42.5%,52.5%,119220,188241,314591,37.9,59.8,133581,178531,314971,42.4,56.7,340863,44.74759654171911,55.252403458280895,307461,38.77564959458273,61.22435040541727,312112,42.799059312041834,57.200940687958166,-10.889788200101748,-13.18821265742703
383,TX-22,"Olson, Pete",(R),135525,159717,"306,777",44.2%,52.1%,93582,158452,255043,36.7,62.1,91137,142073,234671,38.8,60.5,295242,45.9030219277745,54.0969780722255,252034,37.130704587476295,62.869295412523705,233210,39.07937052442005,60.92062947557994,-14.609476987723532,-14.833157664533466
384,TX-23,"Hurd, Will",(R),115154,107276,"231,365",49.8%,46.4%,94420,99666,196410,48.1,50.7,96871,95679,193782,50.0,49.4,222430,51.77089421390999,48.22910578609,194086,48.64853724637532,51.35146275362467,192550,50.30952999220981,49.69047000779018,-3.379317519933771,-3.315325005634442
385,TX-24,"Marchant, Kenny",(R),122872,140128,"276,137",44.5%,50.7%,94634,150547,249080,38.0,60.4,105822,152453,260216,40.7,58.6,263000,46.71939163498099,53.28060836501901,245181,38.59760748181955,61.40239251818045,258275,40.972606717645924,59.027393282354076,-12.716240794497658,-13.36625477019021
386,TX-25,"Williams, Roger",(R),125949,172476,"313,111",40.2%,55.1%,102433,162279,270807,37.8,59.9,117402,153998,274061,42.8,56.2,298425,42.204574013571246,57.795425986428754,264712,38.69601680316722,61.30398319683279,271400,43.257921886514374,56.742078113485626,-10.430925625629207,-13.267845448842543
387,TX-26,"Burgess, Michael",(R),109536,194033,"318,854",34.4%,60.9%,80828,177941,263196,30.7,67.6,90791,166877,259505,35.0,64.3,303569,36.082735720709294,63.917264279290706,258769,31.235580768948367,68.76441923105163,257668,35.23565207942003,64.76434792057997,-18.453195432723554,-20.728281483061394
388,TX-27,,(R),85589,140787,"234,367",36.5%,60.1%,83158,131821,217772,38.2,60.5,91083,133839,226488,40.2,59.1,226376,37.80833657278156,62.19166342721844,214979,38.681917768712296,61.318082231287704,224922,40.49537172886601,59.504628271133996,-13.19347578327757,-13.281944483297465
389,TX-28,"Cuellar, Henry",(D),110023,72518,"188,600",58.3%,38.5%,101843,65372,168874,60.3,38.7,92557,65066,158418,58.4,41.1,182541,60.27303455114193,39.72696544885807,167215,60.90542116436922,39.09457883563077,157623,58.72049129885867,41.27950870114133,5.031643786715087,8.941558912359461
390,TX-29,"Green, Gene",(D),95027,34011,"133,642",71.1%,25.4%,75720,37909,114901,65.9,33.0,70286,41843,112823,62.3,37.1,129038,73.64264790216836,26.357352097831647,113629,66.63791813709528,33.362081862904716,112129,62.68315957513222,37.316840424867785,8.99431206298864,14.674055885085522
391,TX-30,"Johnson, E.B.",(D),174528,40333,"220,711",79.1%,18.3%,175637,43333,220565,79.6,19.6,175237,47144,223182,78.5,21.1,214861,81.22832901271055,18.771670987289458,218970,80.21053112298489,19.789468877015114,222381,78.80034715195993,21.199652848040078,25.111499639816344,28.246668870975128
392,TX-31,"Carter, John",(R),117181,153823,"287,510",40.8%,53.5%,92842,144634,242714,38.3,59.6,103359,135601,241425,42.8,56.2,271004,43.239583179584066,56.76041682041594,237476,39.095319105930706,60.904680894069294,238960,43.25368262470706,56.74631737529293,-10.435164887436521,-12.868543146079055
393,TX-32,"Sessions, Pete",(R),134895,129701,"278,080",48.5%,46.6%,106563,146420,256873,41.5,57.0,117231,147226,266302,44.0,55.3,264596,50.981496318916385,49.018503681083615,252983,42.12259321772609,57.87740678227391,264457,44.32894572652643,55.67105427347357,-9.359901785617154,-9.84126903428367
394,TX-33,"Veasey, Marc",(D),94513,30787,"129,653",72.9%,23.7%,86686,32641,120480,72.0,27.1,90180,40290,131182,68.7,30.7,125300,75.4293695131684,24.570630486831604,119327,72.64575494230141,27.354245057698595,130470,69.11933777879973,30.88066222120028,15.43049026665615,20.681892690291647
395,TX-34,"Vela, Filemon",(D),101796,64767,"171,969",59.2%,37.7%,90885,57303,149511,60.8,38.3,90178,58707,149742,60.2,39.2,166563,61.115613911853174,38.884386088146826,148188,61.33087699408859,38.66912300591141,148885,60.5688954562246,39.4311045437754,6.880047944081021,9.36701474207883
396,TX-35,"Doggett, Lloyd",(D),128535,61136,"200,576",64.1%,30.5%,105545,57989,167467,63.0,34.6,111790,62764,176150,63.5,35.6,189671,67.7673445070675,32.2326554929325,163534,64.54009563760441,35.45990436239559,174554,64.04321871741696,35.95678128258304,10.354371205273381,12.576233385594648
397,TX-36,"Babin, Brian",(R),64225,183176,"254,447",25.2%,72.0%,61786,175883,240433,25.7,73.2,70543,165899,238206,29.6,69.6,247401,25.959878901055372,74.04012109894464,237669,25.99665921933445,74.00334078066555,236442,29.835223860397054,70.16477613960295,-23.853623651746528,-25.96720303267531
398,UT-01,"Bishop, Rob",(R),62733,139503,"280,442",22.4%,49.7%,51098,193672,250278,20.4,77.4,69594,160433,237027,29.4,67.7,202236,31.01969975671987,68.98030024328013,244770,20.87592433713282,79.12407566286717,230027,30.25470922978607,69.74529077021393,-23.434138282357512,-31.087937914876942
399,UT-02,"Stewart, Chris",(R),90686,130525,"283,699",32.0%,46.0%,74556,173513,255201,29.2,68.0,94123,143331,244925,38.4,58.5,221211,40.99524888002857,59.00475111997143,248069,30.05454127682217,69.94545872317782,237454,39.63841417706166,60.36158582293834,-14.05043333508192,-21.90932097518759
400,UT-03,"Curtis, John",(R),67461,136782,"289,923",23.3%,47.2%,51791,208121,265856,19.5,78.3,73625,168358,249389,29.5,67.5,204243,33.02977335820567,66.97022664179433,259912,19.92635969097233,80.07364030902767,241983,30.4256910609423,69.5743089390577,-23.263156451201283,-32.03750256103743
401,UT-04,"Love, Mia",(R),89796,108421,"277,311",32.4%,39.1%,74368,165294,246066,30.2,67.2,90328,123909,220996,40.9,56.1,198217,45.30186613660786,54.69813386339214,239662,31.030367767939847,68.96963223206015,214237,42.1626516428068,57.8373483571932,-11.526195869336782,-20.933494484069914
402,VA-01,"Wittman, Rob",(R),162931,211991,"395,289",41.2%,53.6%,162611,207062,374545,43.4,55.3,157072,189997,349739,,,374922,43.45730578627021,56.542694213729796,369673,43.98779461848715,56.01220538151285,347069,45.25670687961183,54.743293120388174,-8.432140632531748,-7.976067633522611
403,VA-02,"Taylor, Scott",(R),145762,156694,"321,068",45.4%,48.8%,154698,161995,320975,48.2,50.5,159752,163616,326303,,,302456,48.19279498505568,51.80720501494432,316693,48.847937908321306,51.152062091678694,323368,49.40253828455506,50.59746171544495,-4.286309227588525,-3.115924343688455
404,VA-03,"Scott, Bobby",(D),205746,103064,"323,422",63.6%,31.9%,227734,105561,336890,67.6,31.3,225682,109976,337819,,,308810,66.62543311421261,33.374566885787374,333295,68.32805772663856,31.671942273361438,335658,67.23569824047095,32.76430175952905,13.546850728327371,16.3641954746288
405,VA-04,"McEachin, Donald",(D),212677,134676,"362,532",58.7%,37.1%,216598,138322,358936,60.3,38.5,209659,133423,345608,,,347353,61.227915118049935,38.772084881950065,354920,61.0272737518314,38.9727262481686,343082,61.11046338776153,38.88953661223847,7.421615875617945,9.06341149982164
406,VA-05,"Garrett, Tom",(R),154665,195190,"365,403",42.3%,53.4%,164555,188485,358689,45.9,52.5,167885,178907,350173,,,349855,44.20831487330466,55.79168512669534,353040,46.61086562429186,53.38913437570814,346792,48.41086299568617,51.58913700431383,-5.277984516457408,-5.3529966277179
407,VA-06,"Goodlatte, Bob",(R),120596,206303,"345,500",34.9%,59.7%,132153,197045,334864,39.5,58.8,137661,186826,327938,,,326899,36.89090514195516,63.109094858044834,329198,40.143925540252376,59.85607445974763,324487,42.42419573049151,57.57580426950849,-11.26465178165207,-11.819936711757386
408,VA-07,"Brat, Dave",(R),172544,198032,"392,168",44.0%,50.5%,166472,206213,377687,44.1,54.6,164568,192766,360240,,,370576,46.56102931652347,53.43897068347654,372685,44.66828554945866,55.33171445054135,357334,46.054391689567744,53.945608310432256,-7.634455822575838,-7.295576702551102
409,VA-08,"Beyer, Don",(D),270415,76854,"367,885",73.5%,20.9%,243746,111518,359743,67.8,31.0,236141,105502,344461,,,347269,77.86902948434788,22.13097051565213,355264,68.60982255449468,31.390177445505312,341643,69.1192267952219,30.880773204778087,15.430379283078324,16.645960302484923
410,VA-09,"Griffith, Morgan",(R),86463,217837,"316,740",27.3%,68.8%,108641,196354,311291,34.9,63.1,123425,179006,306771,,,304300,28.413736444298387,71.5862635557016,304995,35.62058394399909,64.37941605600092,302431,40.81096183922944,59.18903816077056,-12.87788567291414,-16.343278308010674
411,VA-10,"Comstock, Barbara",(R),210692,170580,"403,821",52.2%,42.2%,182432,186650,373913,48.8,49.9,172460,163062,338154,,,381272,55.26028661952622,44.73971338047378,369082,49.428582266271455,50.57141773372855,335522,51.40050428883948,48.599495711160515,-2.2883432233041034,-2.535279985738306
412,VA-11,"Connolly, Gerry",(D),238982,98222,"357,054",66.9%,27.5%,212181,123317,339710,62.5,36.3,205227,121924,329699,,,337204,70.87163853335073,29.128361466649267,335498,63.24359608701096,36.75640391298905,327151,62.731582663662955,37.268417336337045,9.042735151519373,11.279733835001196
413,VT-AL,"Welch, Peter",(D),178573,95362,"315,067",56.7%,30.3%,199239,92698,297247,67.0,31.2,219262,98974,323582,67.8,30.6,273935,65.188092065636,34.81190793436399,291937,68.24725882639062,31.752741173609373,318236,68.8991817393381,31.1008182606619,15.210334227194522,16.28339657438086
414,WA-01,"DelBene, Suzan",(D),188952,132109,"349,064",54.1%,37.8%,183802,147074,339489,54.1,43.3,185907,138307,330145,56.3,41.9,321061,58.85236761861453,41.14763238138547,330876,55.550115451105555,44.449884548894445,324214,57.34083043915439,42.65916956084562,3.651982927010806,3.5862531990957933
415,WA-02,"Larsen, Rick",(D),185821,113670,"326,462",56.9%,34.8%,185771,119266,313668,59.2,38.0,185116,115000,306003,60.5,37.6,299491,62.04560404152378,37.95439595847622,305037,60.90113658343086,39.09886341656914,300116,61.681483159844866,38.31851684015514,7.9926356477012845,8.9372743314211
416,WA-03,"Herrera Beutler, Jaime",(R),134009,157359,"315,150",42.5%,49.9%,145442,150409,303483,47.9,49.6,151296,139890,297159,50.9,47.1,291368,45.9930397298262,54.0069602701738,295851,49.160557172360406,50.839442827639594,291186,51.9585419628691,48.04145803713091,-1.7303055492744832,-2.8033050796493555
417,WA-04,"Newhouse, Dan",(R),85083,140560,"242,668",35.1%,57.9%,90612,142741,238940,37.9,59.7,89933,135281,229537,39.2,58.9,225643,37.70690870091251,62.2930912990875,233353,38.830441434221974,61.169558565778026,225214,39.93224222295239,60.0677577770476,-13.756605289191192,-13.133420817787787
418,WA-05,"McMorris Rodgers, Cathy",(R),125112,166765,"319,635",39.1%,52.2%,137771,168671,315425,43.7,53.5,144112,159511,311361,46.3,51.2,291877,42.86463133443197,57.13536866556803,306442,44.95826290129943,55.04173709870057,303623,47.46412491807274,52.535875081927266,-6.22472259407084,-7.005599350710334
419,WA-06,"Kilmer, Derek",(D),172596,131449,"332,992",51.8%,39.5%,184820,135573,329190,56.1,41.2,186336,133689,326650,57.0,40.9,304045,56.76659704977881,43.23340295022118,320393,57.68540511184701,42.31459488815299,320025,58.22545113662995,41.77454886337005,4.536603624486368,5.72154285983725
420,WA-07,"Jayapal, Pramila",(D),341412,50615,"415,693",82.1%,12.2%,310828,70973,392419,79.2,18.1,302597,67921,376324,80.4,18.0,392027,87.08889948906581,12.911100510934196,381801,81.4109968281906,18.5890031718094,370518,81.6686368813391,18.3313631186609,27.979789369195515,29.447134576180844
421,WA-08,"Reichert, David",(R),153167,143403,"321,002",47.7%,44.7%,155982,151069,313967,49.7,48.1,154691,140555,300545,51.5,46.8,296570,51.646154364905414,48.353845635094586,307051,50.80002996244923,49.19997003755077,295246,52.393935904296754,47.606064095703246,-1.294911607846828,-1.1638322895605313
422,WA-09,"Smith, Adam",(D),205193,67956,"291,192",70.5%,23.3%,195863,84828,286875,68.3,29.6,187240,81733,272928,68.6,29.9,273149,75.1212708082402,24.878729191759806,280691,69.7788671528478,30.221132847152205,268973,69.61293512731761,30.38706487268239,15.924087615174031,17.815004900838034
423,WA-10,"Heck, Denny",(D),151373,117861,"295,356",51.3%,39.9%,164505,120066,292060,56.3,41.1,163623,117330,286226,57.2,41.0,269234,56.22358245986763,43.77641754013237,284571,57.80806898805571,42.19193101194429,280953,58.23856659298886,41.76143340701114,4.5497190808452785,5.8442067360459475
424,WI-01,"Ryan, Paul",(R),150436,187372,"355,961",42.3%,52.6%,179872,195835,379184,47.4,51.6,185716,175988,365858,50.8,48.1,337808,44.532989153602045,55.467010846397955,375707,47.87560519234403,52.12439480765596,361704,51.34474598013845,48.655254019861545,-2.3441015320051335,-4.088257059665729
425,WI-02,"Pocan, Mark",(D),271507,119608,"412,803",65.8%,29.0%,284084,126688,415942,68.3,30.5,274466,112024,391306,70.1,28.6,391115,69.41871316620431,30.581286833795684,410772,69.15855997974546,30.841440020254545,386490,71.01503273047169,28.984967269528315,17.326185218328106,17.1946977277357
426,WI-03,"Kind, Ron",(D),160999,177172,"359,555",44.8%,49.3%,199188,159205,363335,54.8,43.8,216047,142458,363906,59.4,39.1,338171,47.608754151006444,52.39124584899356,358393,55.57809443822842,44.421905561771574,358505,60.26331571386731,39.73668428613269,6.574468201723725,3.6142321862186577
427,WI-04,"Moore, Gwen",(D),228226,67287,"308,575",74.0%,21.8%,268440,84751,356355,75.3,23.8,254531,84194,342054,74.4,24.6,295513,77.23044333075025,22.769556669249745,353191,76.00420169256861,23.99579830743139,338725,75.14384825448373,24.856151745516275,21.455000742340147,24.040339440558853
428,WI-05,"Sensenbrenner, Jim",(R),148900,229325,"399,261",37.3%,57.4%,158226,257017,419191,37.7,61.3,168644,230861,403822,41.8,57.2,378225,39.36810099808315,60.63189900191684,415243,38.10443523430859,61.89556476569141,399505,42.21323888311786,57.78676111688215,-11.475608629025722,-13.859427017701172
429,WI-06,"Grothman, Glenn",(R),141917,203433,"365,442",38.8%,55.7%,174988,202979,382295,45.8,53.1,185438,184985,375245,49.4,49.3,345350,41.0936730852758,58.9063269147242,377967,46.297163508983594,53.70283649101641,370423,50.0611463111092,49.93885368889081,-3.627701201034384,-5.666698743026167
430,WI-07,"Duffy, Sean",(R),137874,213467,"369,841",37.3%,57.7%,178841,190364,373876,47.8,50.9,197706,168540,371936,53.2,45.3,351341,39.242217674566874,60.757782325433126,369205,48.43948483904606,51.56051516095395,366246,53.98174997133075,46.01825002866926,0.29290245918716806,-3.5243774129637018
431,WI-08,"Gallagher, Mike",(R),142677,207620,"369,562",38.6%,56.2%,177346,191127,372886,47.6,51.3,194663,163343,362769,53.7,45.0,350297,40.73029457860044,59.26970542139956,368473,48.129985100672236,51.870014899327764,358006,54.37422836488774,45.62577163511226,0.68538085274416,-3.833877151337525
432,WV-01,"McKinley, David",(R),64384,165934,"243,894",26.4%,68.0%,81017,141736,227948,35.5,62.2,102826,140421,247507,41.5,56.7,230318,27.954393490738894,72.0456065092611,222753,36.37077839580163,63.62922160419837,243247,42.272258239567186,57.727741760432814,-11.416589272576395,-15.593083856208132
433,WV-02,"Mooney, Alex",(R),73487,164674,"250,267",29.4%,65.8%,89079,140783,234596,38.0,60.0,109369,136259,249130,43.9,54.7,238161,30.856017567947735,69.14398243205227,229862,38.753251951170704,61.2467480488293,245628,44.5262755060498,55.47372449395021,-9.162572006093782,-13.210610300839058
434,WV-03,"Jenkins, Evan",(R),50923,158763,"218,890",23.3%,72.5%,68173,135136,207894,32.8,65.0,91662,120786,216725,42.3,55.7,209686,24.28536001449787,75.71463998550213,203309,33.53171773015459,66.4682822698454,212448,43.145616809760504,56.8543831902395,-10.543230702383077,-18.43214452185517
435,WY-AL,"Cheney, Liz",(R),55973,174419,"248,945",22.5%,70.1%,69286,170962,247026,28.0,69.2,82868,164958,253137,32.7,65.2,230392,24.294680370846212,75.70531962915379,240248,28.839365988478573,71.16063401152142,247826,33.43797664490409,66.56202335509592,-20.25087086723949,-23.12449626353119
